t_start,t_end,t_release,label,score,alarm,dominant,domain,csec_corr,csec_unc,decision_ms_after_target,csec_wait_ms,prov_score,prov_alarm,|r_bal|,|r_aux|,|r_cool|,|r_ups|,|r_qp|,|r_pv|,|r_reg|,e_rec,e_fc
2.00,3.27,3.28,0,5.99585,1,e_rec,single-domain,0.0000,0.0000,5.203,0,5.99585,1,-2.44,12.68,-0.5916,0,-0.8876,31.17,50,28.92,37.04
2.40,3.67,3.68,0,2.32029,1,e_rec,single-domain,0.0000,0.0000,4.286,0,2.32029,1,-2.483,13.8,-0.4191,0,-0.876,27.3,48.32,16.39,34.46
2.80,4.07,4.08,0,12.90455,1,e_rec,single-domain,0.0000,0.0000,3.831,0,12.90455,1,-2.167,13.42,-0.3544,0,-0.858,17.78,47.15,50,7.704
3.20,4.47,4.48,0,-0.57507,0,e_rec,single-domain,0.0000,0.0000,3.577,0,-0.57507,0,-0.9902,10.52,0.6235,0,0.1148,8.951,50,10.78,9.11
3.60,4.87,4.88,0,7.57881,1,e_rec,single-domain,0.0000,0.0000,3.558,0,7.57881,1,-0.7319,9.036,0.4308,0,-0.1449,2.722,44.57,37.04,5.038
4.00,5.27,5.28,0,6.11360,1,e_rec,single-domain,0.0000,0.0000,3.662,0,6.11360,1,0.8036,5.769,0.573,0,-0.06899,2.993,47.63,34.08,3.253
4.40,5.67,5.68,0,-2.48982,0,e_rec,single-domain,0.0000,0.0000,3.633,0,-2.48982,0,0.07175,4.152,1.136,0,-0.04566,4.408,41.78,6.723,5.785
4.80,6.07,6.08,0,-0.65102,0,e_rec,single-domain,0.0000,0.0000,3.685,0,-0.65102,0,0.1579,4.02,0.2386,0,0.1101,6.311,37.87,11.49,-0.8325
5.20,6.47,6.48,0,-1.62053,0,e_rec,cross-domain,0.0000,0.0000,3.513,0,-1.62053,0,0.2296,2.765,-0.05782,0,0.1149,5.951,28.71,7.403,-0.7565
5.60,6.87,6.88,0,-3.70959,0,|r_aux|,cross-domain,0.0000,0.0000,3.455,0,-3.70959,0,0.4592,1.819,1.074,0,-0.3272,3.258,18.84,-1.003,-0.03525
6.00,7.27,7.28,0,-2.60070,0,e_rec,cross-domain,0.0000,0.0000,3.659,0,-2.60070,0,0.3301,1.676,0.3578,0,-0.8037,1.464,14.29,1.475,-0.1313
6.40,7.67,7.68,0,-3.10526,0,|r_aux|,cross-domain,0.0000,0.0000,3.636,0,-3.10526,0,0.574,0.723,0.4135,0,-0.3707,1.044,6.111,-0.6733,-0.02809
6.80,8.07,8.08,0,-2.61286,0,|r_aux|,cross-domain,0.0000,0.0000,3.649,0,-2.61286,0,0.531,1.328,2.131,0,-0.1642,2.064,0.621,-0.4345,0.2576
7.20,8.47,8.48,0,-2.75938,0,|r_aux|,cross-domain,0.0000,0.0000,3.418,0,-2.75938,0,1.205,1.179,1.599,0,-0.09938,1.914,1.44,-1.004,-0.4606
7.60,8.87,8.88,0,-2.26364,0,e_rec,cross-domain,0.0000,0.0000,4.336,0,-2.26364,0,1.005,0.8483,1.658,0,0.4715,1.262,1.019,1.699,-0.1487
8.00,9.27,9.28,0,-2.88989,0,|r_bal|,cross-domain,0.0000,0.0000,3.860,0,-2.88989,0,0.8898,0.818,2.672,0,0.6363,1.756,0.8667,-0.1231,-0.06594
8.40,9.67,9.68,0,-3.18314,0,|r_aux|,cross-domain,0.0000,0.0000,3.671,0,-3.18314,0,0.7032,1.159,1.265,0,1.335,1.255,0.02505,-0.3102,0.5501
8.80,10.07,10.08,0,-2.31743,0,e_rec,cross-domain,0.0000,0.0000,3.729,0,-2.31743,0,1.177,1.031,0.6924,0,0.723,1.277,-0.3338,1.404,0.4703
9.20,10.47,10.48,0,-1.93012,0,e_rec,cross-domain,0.0000,0.0000,3.487,0,-1.93012,0,0.6458,1.218,1.985,0,0.4389,0.317,-0.1756,2.684,1.381
9.60,10.87,10.88,0,-2.81986,0,|r_aux|,cross-domain,0.0000,0.0000,3.603,0,-2.81986,0,0.8036,1.389,1.198,0,0.07942,-0.1873,0.6684,-0.6987,-0.06176
10.00,11.27,11.28,0,-1.97373,0,e_rec,cross-domain,0.0000,0.0000,3.682,0,-1.97373,0,0.6314,1.142,1.03,0,-0.5289,-0.7021,0.1367,1.539,0.9148
10.40,11.67,11.68,0,-2.54762,0,|r_aux|,cross-domain,0.0000,0.0000,3.548,0,-2.54762,0,1.033,1.124,2.71,0,-0.286,0.08974,0.2316,-0.3995,0.2406
10.80,12.07,12.08,0,-2.89423,0,|r_aux|,cross-domain,0.0000,0.0000,3.820,0,-2.89423,0,0.8611,1.357,1.121,0,0.08048,0.6188,0.6034,-1.04,0.4274
11.20,12.47,12.48,0,-1.95342,0,e_rec,cross-domain,0.0000,0.0000,3.482,0,-1.95342,0,0.9041,1.14,0.8445,0,0.7194,1.755,0.1277,2.715,0.7136
11.60,12.87,12.88,0,-2.57944,0,|r_aux|,cross-domain,0.0000,0.0000,3.555,0,-2.57944,0,0.8324,1.175,2.328,0,0.1561,1.858,0.3043,-0.04077,0.3022
12.00,13.27,13.28,0,-2.47411,0,|r_aux|,cross-domain,0.0000,0.0000,3.652,0,-2.47411,0,0.9041,1.38,0.8395,0,0.4373,1.406,0.6973,0.6748,0.7834
12.40,13.67,13.68,0,-2.37599,0,|r_bal|,cross-domain,0.0000,0.0000,3.586,0,-2.37599,0,1.55,1.093,0.5781,0,0.02988,0.5731,0.2832,0.2309,0.04548
12.80,14.07,14.08,0,-2.21624,0,e_rec,cross-domain,0.0000,0.0000,3.535,0,-2.21624,0,0.8036,0.9368,1.779,0,0.02982,-0.1077,-0.002462,1.42,1.497
13.20,14.47,14.48,0,-2.89003,0,|r_aux|,cross-domain,0.0000,0.0000,3.660,0,-2.89003,0,1.119,1.249,0.6481,0,0.4346,-0.3328,0.3176,-0.5987,0.1944
13.60,14.87,14.88,0,-2.22581,0,e_rec,cross-domain,0.0000,0.0000,3.565,0,-2.22581,0,0.9472,0.988,0.7735,0,0.4501,-0.7113,-0.1538,1.849,1.047
14.00,15.27,15.28,0,-2.82569,0,|r_aux|,cross-domain,0.0000,0.0000,3.658,0,-2.82569,0,0.8754,1.03,2.118,0,0.5227,-1.125,0.04853,0.05715,0.4077
14.40,15.67,15.68,0,-3.04567,0,|r_aux|,cross-domain,0.0000,0.0000,3.567,0,-3.04567,0,0.818,1.239,0.8168,0,0.4701,-1.423,0.8437,-0.583,0.6878
14.80,16.07,16.08,0,-2.05477,0,e_rec,cross-domain,0.0000,0.0000,3.458,0,-2.05477,0,0.5597,1.074,0.7573,0,0.4724,-1.288,0.3145,2.759,0.5546
15.20,16.47,16.48,0,-2.43268,0,|r_aux|,cross-domain,0.0000,0.0000,3.622,0,-2.43268,0,0.4592,1.283,1.814,0,0.03619,-0.4466,0.1733,0.6908,-0.3447
15.60,16.87,16.88,0,-3.09541,0,|r_aux|,cross-domain,0.0000,0.0000,3.537,0,-3.09541,0,0.6888,1.48,0.8102,0,0.6962,-0.01167,1.245,-0.6709,0.04472
16.00,17.27,17.28,0,-3.07485,0,|r_aux|,cross-domain,0.0000,0.0000,3.665,0,-3.07485,0,0.7032,1.073,0.5833,0,0.9964,0.9585,0.2193,-0.2961,-0.2322
16.40,17.67,17.68,0,-3.22424,0,|r_aux|,cross-domain,0.0000,0.0000,3.521,0,-3.22424,0,0.5884,0.7105,2.012,0,1.037,0.816,0.08654,-0.4069,0.4458
16.80,18.07,18.08,0,-2.41243,0,e_rec,cross-domain,0.0000,0.0000,4.271,0,-2.41243,0,0.8324,1.074,0.7575,0,0.6685,0.8114,0.2455,1.384,0.2911
17.20,18.47,18.48,0,-2.47904,0,|r_bal|,cross-domain,0.0000,0.0000,3.667,0,-2.47904,0,1.607,0.9717,0.24,0,0.7038,-0.04478,0.411,0.9093,-0.2511
17.60,18.87,18.88,0,-2.95311,0,|r_bal|,cross-domain,0.0000,0.0000,3.665,0,-2.95311,0,1.464,1.291,1.295,0,0.7236,-0.2691,0.4965,-0.6496,0.4211
18.00,19.27,19.28,0,-2.68676,0,|r_bal|,cross-domain,0.0000,0.0000,3.673,0,-2.68676,0,1.622,1.425,-0.0008333,0,0.5344,-0.2089,1.722,-0.003335,-0.2374
18.40,19.67,19.68,0,-2.46972,0,|r_aux|,cross-domain,0.0000,0.0000,4.209,0,-2.46972,0,0.5597,0.9637,0.4509,0,0.004932,0.6498,0.354,0.5971,-0.3995
18.80,20.07,20.08,0,-2.11928,0,e_rec,cross-domain,0.0000,0.0000,3.640,0,-2.11928,0,0.6888,0.6494,2.281,0,-0.4191,0.8169,0.1849,1.247,0.1793
19.20,20.47,20.48,0,-2.45576,0,|r_bal|,cross-domain,0.0000,0.0000,3.708,0,-2.45576,0,1.148,1.057,1.047,0,-0.3125,1.034,0.1083,-0.2764,0.3
19.60,20.87,20.88,0,-2.40839,0,|r_qp|,cross-domain,0.0000,0.0000,3.625,0,-2.40839,0,0.9328,0.8562,0.8145,0,-0.5565,0.9523,-0.1879,-0.2267,0.0372
20.00,21.27,21.28,0,-2.27696,0,e_rec,cross-domain,0.0000,0.0000,3.681,0,-2.27696,0,0.5023,1.001,1.877,0,-0.3451,1.066,-0.01752,0.6693,0.4231
20.40,21.67,21.68,0,-2.76872,0,|r_aux|,cross-domain,0.0000,0.0000,3.597,0,-2.76872,0,0.6027,1.224,0.6718,0,-0.1936,0.7621,0.6283,-0.7368,0.4912
20.80,22.07,22.08,0,-2.69054,0,|r_aux|,cross-domain,0.0000,0.0000,3.573,0,-2.69054,0,0.5884,0.9292,0.4888,0,-0.428,-0.2403,-0.02458,-0.6254,-0.3297
21.20,22.47,22.48,0,-2.53091,0,e_rec,cross-domain,0.0000,0.0000,3.614,0,-2.53091,0,0.9185,0.8898,2.099,0,0.3992,-0.9307,0.04928,0.8607,-0.06426
21.60,22.87,22.88,0,-2.88895,0,|r_aux|,cross-domain,0.0000,0.0000,3.591,0,-2.88895,0,1.091,1.184,0.8636,0,0.479,-0.6157,0.4652,-0.4472,-0.3584
22.00,23.27,23.28,0,-2.80115,0,|r_bal|,cross-domain,0.0000,0.0000,3.536,0,-2.80115,0,1.091,0.8648,1.069,0,0.5504,-0.3751,-0.04624,0.00193,-0.3976
22.40,23.67,23.68,0,-2.39042,0,|r_bal|,cross-domain,0.0000,0.0000,3.654,0,-2.39042,0,1.019,0.8783,2.428,0,-0.124,-0.2105,-0.002695,0.4353,-0.6511
22.80,24.07,24.08,0,-1.81946,0,e_rec,cross-domain,0.0000,0.0000,3.579,0,-1.81946,0,0.9615,1.169,1.016,0,-0.2151,-0.2784,0.9939,2.287,0.2156
23.20,24.47,24.48,0,-1.92685,0,e_rec,cross-domain,0.0000,0.0000,3.659,0,-1.92685,0,0.5166,0.991,-0.01361,0,-0.5626,0.07343,1.491,1.981,0.4313
23.60,24.87,24.88,0,-2.62329,0,|r_aux|,cross-domain,0.0000,0.0000,3.667,0,-2.62329,0,0.7175,1.17,0.8554,0,-0.4759,0.381,1.777,-0.4133,0.2135
24.00,25.27,25.28,0,-2.29004,0,e_rec,cross-domain,0.0000,0.0000,3.523,0,-2.29004,0,0.4736,1.349,-0.4648,0,-0.3608,0.1468,3.33,1.234,0.5934
24.40,25.67,25.68,0,-1.96213,0,e_rec,cross-domain,0.0000,0.0000,3.655,0,-1.96213,0,0.8611,1.085,-0.6279,0,-0.0238,-0.2272,2.583,2.505,-0.3075
24.80,26.07,26.08,0,-2.82777,0,|r_bal|,cross-domain,0.0000,0.0000,3.551,0,-2.82777,0,1.162,1.064,0.8152,0,-0.3082,-0.4684,2.271,-0.836,0.6189
25.20,26.47,26.48,0,-2.57706,0,|r_bal|,cross-domain,0.0000,0.0000,3.662,0,-2.57706,0,1.363,1.3,-0.4613,0,-0.1819,-0.2866,3.019,-0.06049,-0.4016
25.60,26.87,26.88,0,-2.24494,0,e_rec,cross-domain,0.0000,0.0000,3.549,0,-2.24494,0,1.148,0.9552,0.1072,0,0.2125,0.835,1.388,1.38,-0.8561
26.00,27.27,27.28,0,-2.52582,0,|r_bal|,cross-domain,0.0000,0.0000,3.527,0,-2.52582,0,0.9615,0.8614,1.933,0,-0.2741,1.02,1.024,-0.1054,-0.8482
26.40,27.67,27.68,0,-2.34692,0,|r_aux|,cross-domain,0.0000,0.0000,3.700,0,-2.34692,0,0.9328,1.187,0.7135,0,-0.1487,1.256,1.21,0.5574,0.7197
26.80,28.07,28.08,0,-2.30678,0,e_rec,cross-domain,0.0000,0.0000,3.604,0,-2.30678,0,0.6314,0.9967,0.04285,0,0.1174,0.9107,1.434,1.443,0.5286
27.20,28.47,28.48,0,-2.58421,0,|r_aux|,cross-domain,0.0000,0.0000,3.582,0,-2.58421,0,0.7175,1.093,0.8586,0,0.261,1.393,2.064,0.618,-0.1948
27.60,28.87,28.88,0,-1.81498,0,e_rec,cross-domain,0.0000,0.0000,3.621,0,-1.81498,0,0.5453,1.297,-0.2134,0,0.2173,2.148,3.605,3.341,1.468
28.00,29.27,29.28,0,-2.15833,0,e_rec,cross-domain,0.0000,0.0000,3.470,0,-2.15833,0,0.8324,1.044,-0.8659,0,0.398,2.029,3.47,2.399,0.5266
28.40,29.67,29.68,0,-2.89330,0,|r_aux|,cross-domain,0.0000,0.0000,3.674,0,-2.89330,0,0.6601,1.05,0.1371,0,0.3606,1.404,3.64,0.1429,-0.17
28.80,30.07,30.08,0,-3.19618,0,|r_aux|,cross-domain,0.0000,0.0000,3.625,0,-3.19618,0,1.048,1.259,-1.168,0,0.4576,0.8098,4.565,-0.7521,0.7839
29.20,30.47,30.48,0,-2.83446,0,|r_aux|,cross-domain,0.0000,0.0000,3.541,0,-2.83446,0,0.7175,0.9142,-0.1543,0,0.3165,1.024,2.522,0.2084,0.6003
29.60,30.87,30.88,0,-2.94738,0,|r_bal|,cross-domain,0.0000,0.0000,3.627,0,-2.94738,0,1.134,0.8161,2.255,0,0.1049,0.8879,1.5,-0.8666,0.5547
30.00,31.27,31.28,0,-2.67927,0,|r_aux|,cross-domain,0.0000,0.0000,3.599,0,-2.67927,0,1.191,1.161,1.272,0,0.004685,1.041,1.078,-0.509,0.1017
30.40,31.67,31.68,0,-2.60573,0,|r_bal|,cross-domain,0.0000,0.0000,3.736,0,-2.60573,0,1.421,0.8491,1.1,0,0.1308,1.001,0.3859,-0.225,-0.7266
30.80,32.07,32.08,0,-2.92012,0,|r_bal|,cross-domain,0.0000,0.0000,3.569,0,-2.92012,0,0.9041,0.735,2.68,0,0.293,1.166,0.6364,-0.588,-0.08094
31.20,32.47,32.48,0,-2.32196,0,e_rec,cross-domain,0.0000,0.0000,3.541,0,-2.32196,0,0.7462,1.093,1.362,0,-0.1859,1.377,0.9776,0.763,1.845
31.60,32.87,32.88,0,-2.13409,0,e_rec,cross-domain,0.0000,0.0000,3.671,0,-2.13409,0,0.0574,0.8996,0.3765,0,-0.6682,0.8108,1.781,1.489,0.5087
32.00,33.27,33.28,0,-2.61091,0,|r_aux|,cross-domain,0.0000,0.0000,3.490,0,-2.61091,0,0.5453,1.116,1.057,0,-0.3197,-0.04863,2.027,0.06317,-0.005744
32.40,33.67,33.68,0,-2.42621,0,e_rec,cross-domain,0.0000,0.0000,3.660,0,-2.42621,0,0.9041,1.268,-0.6126,0,0.4917,-0.4172,3.946,1.961,2.076
32.80,34.07,34.08,0,-2.69850,0,e_rec,cross-domain,0.0000,0.0000,3.571,0,-2.69850,0,0.8036,0.984,-1.222,0,0.9849,0.1455,3.373,1.663,-0.2591
33.20,34.47,34.48,0,-3.33940,0,|r_aux|,cross-domain,0.0000,0.0000,3.532,0,-3.33940,0,0.6314,1.044,-0.1745,0,1.197,0.5531,3.518,-0.1381,-0.8435
33.60,34.87,34.88,0,-3.76910,0,|r_aux|,cross-domain,0.0000,0.0000,3.665,0,-3.76910,0,0.531,1.294,-1.21,0,1.893,0.7202,4.109,-0.5271,0.5443
34.00,35.27,35.28,0,-3.64948,0,|r_bal|,cross-domain,0.0000,0.0000,3.620,0,-3.64948,0,1.033,0.9629,-0.3751,0,1.657,-0.05554,2.021,-0.9557,-0.7789
34.40,35.67,35.68,0,-3.22796,0,|r_aux|,cross-domain,0.0000,0.0000,3.700,0,-3.22796,0,0.3588,0.8095,2.258,0,0.7936,-0.505,1.2,-0.3041,-0.2215
34.80,36.07,36.08,0,-2.93610,0,|r_aux|,cross-domain,0.0000,0.0000,3.574,0,-2.93610,0,0.7319,1.152,1.229,0,-0.1051,-0.6182,0.6236,-1.046,0.1968
35.20,36.47,36.48,0,-2.61985,0,|r_aux|,cross-domain,0.0000,0.0000,3.669,0,-2.61985,0,0.7606,0.8545,1.114,0,0.0551,-0.8638,0.03673,0.2327,-0.5743
35.60,36.87,36.88,0,-2.68875,0,|r_bal|,cross-domain,0.0000,0.0000,3.626,0,-2.68875,0,1.019,0.8139,2.389,0,0.2038,-1.158,0.318,0.1443,-0.3762
36.00,37.27,37.28,0,-2.56299,0,|r_bal|,cross-domain,0.0000,0.0000,3.627,0,-2.56299,0,1.435,1.122,1.186,0,0.07148,-1.27,0.694,0.03811,-0.07997
36.40,37.67,37.68,0,-2.37025,0,|r_bal|,cross-domain,0.0000,0.0000,3.751,0,-2.37025,0,1.134,0.7952,1.04,0,-0.2609,-1.237,0.222,0.5087,-0.7012
36.80,38.07,38.08,0,-2.43900,0,|r_bal|,cross-domain,0.0000,0.0000,3.569,0,-2.43900,0,1.378,0.8115,2.634,0,-0.05845,-1.123,0.1879,0.3827,0.2349
37.20,38.47,38.48,0,-2.90124,0,|r_bal|,cross-domain,0.0000,0.0000,3.531,0,-2.90124,0,1.205,1.157,1.457,0,0.3093,-1.037,0.5461,-0.7018,-0.3403
37.60,38.87,38.88,0,-2.81929,0,|r_bal|,cross-domain,0.0000,0.0000,3.678,0,-2.81929,0,1.536,0.8051,1.389,0,0.3649,-1.143,0.1027,-0.4479,-0.9007
38.00,39.27,39.28,0,-2.50013,0,e_rec,cross-domain,0.0000,0.0000,3.539,0,-2.50013,0,0.7462,0.7035,2.782,0,-0.008005,-0.9614,-0.06469,0.6133,-0.4401
38.40,39.67,39.68,0,-1.89382,0,e_rec,cross-domain,0.0000,0.0000,3.600,0,-1.89382,0,1.162,1.046,1.362,0,-0.3444,-0.9742,0.4793,1.899,1.648
38.80,40.07,40.08,0,-2.42573,0,|r_qp|,cross-domain,0.0000,0.0000,3.685,0,-2.42573,0,0.531,0.8193,0.8638,0,-0.8065,-0.8853,0.2321,-0.02056,-0.2708
39.20,40.47,40.48,0,-2.69159,0,|r_aux|,cross-domain,0.0000,0.0000,3.602,0,-2.69159,0,0.4879,1.054,1.898,0,0.1164,-0.6115,0.07861,0.06528,-0.851
39.60,40.87,40.88,0,-2.93591,0,|r_aux|,cross-domain,0.0000,0.0000,3.604,0,-2.93591,0,0.818,1.234,0.9137,0,0.7861,-0.5698,1.409,0.1839,0.7367
40.00,41.27,41.28,0,-2.53965,0,e_rec,cross-domain,0.0000,0.0000,3.530,0,-2.53965,0,0.7175,0.9554,0.09814,0,1.279,-0.1103,1.099,2.179,-0.3582
40.40,41.67,41.68,0,-3.44989,0,|r_bal|,cross-domain,0.0000,0.0000,3.516,0,-3.44989,0,1.249,1.065,1.096,0,1.414,0.2277,1.31,-0.9455,0.8258
40.80,42.07,42.08,0,-3.41521,0,|r_aux|,cross-domain,0.0000,0.0000,3.683,0,-3.41521,0,1.32,1.305,-0.4943,0,1.307,-0.07152,2.183,-0.953,0.4944
41.20,42.47,42.48,0,-3.16488,0,|r_bal|,cross-domain,0.0000,0.0000,3.465,0,-3.16488,0,1.134,0.9655,0.2255,0,1.08,-0.6566,0.8713,-0.3554,-0.5748
41.60,42.87,42.88,0,-2.19981,0,e_rec,cross-domain,0.0000,0.0000,3.716,0,-2.19981,0,0.8898,0.8132,2.412,0,0.1923,-0.7732,0.8811,1.861,-0.1741
42.00,43.27,43.28,0,-2.78306,0,|r_aux|,cross-domain,0.0000,0.0000,3.609,0,-2.78306,0,0.8036,1.152,1.319,0,0.151,-0.5738,1.105,-0.1268,1.109
42.40,43.67,43.68,0,-2.48499,0,e_rec,cross-domain,0.0000,0.0000,3.699,0,-2.48499,0,0.9615,0.9098,0.9252,0,0.1059,-0.5416,0.6684,0.6829,-0.09301
42.80,44.07,44.08,0,-3.05412,0,|r_aux|,cross-domain,0.0000,0.0000,3.690,0,-3.05412,0,0.8036,0.9879,2.04,0,0.3234,-0.4894,0.4318,-0.9197,-0.4718
43.20,44.47,44.48,0,-2.45296,0,e_rec,cross-domain,0.0000,0.0000,4.754,0,-2.45296,0,0.4305,1.225,0.9789,0,0.2585,-0.6287,0.9617,1.211,0.414
43.60,44.87,44.88,0,-3.15623,0,|r_aux|,cross-domain,0.0000,0.0000,3.765,0,-3.15623,0,0.5884,0.8187,0.8217,0,0.6462,0.8603,0.2469,-0.7884,-0.8118
44.00,45.27,45.28,0,-2.70909,0,|r_bal|,cross-domain,0.0000,0.0000,3.608,0,-2.70909,0,1.306,0.6607,2.28,0,0.5133,1.87,0.2366,-0.001495,-0.2182
44.40,45.67,45.68,0,-2.65992,0,|r_aux|,cross-domain,0.0000,0.0000,3.717,0,-2.65992,0,1.033,1.05,0.7724,0,0.3484,1.898,0.6273,0.03228,0.9525
44.80,46.07,46.08,0,-2.61600,0,|r_bal|,cross-domain,0.0000,0.0000,3.653,0,-2.61600,0,1.105,0.895,-0.3373,0,0.4801,1.284,0.6716,0.4759,0.3271
45.20,46.47,46.48,0,-2.72760,0,|r_aux|,cross-domain,0.0000,0.0000,3.501,0,-2.72760,0,0.1148,1.183,-0.06348,0,0.2582,0.7899,1.062,0.3437,-0.7536
45.60,46.87,46.88,0,-3.10429,0,|r_aux|,cross-domain,0.0000,0.0000,3.642,0,-3.10429,0,0.6601,1.349,-1.14,0,0.3164,0.5527,2.304,-0.95,-0.6592
46.00,47.27,47.28,0,-3.26306,0,|r_aux|,cross-domain,0.0000,0.0000,4.304,0,-3.26306,0,0.4305,0.887,-0.6435,0,0.4468,-0.1023,0.8862,-1.049,-0.741
46.40,47.67,47.68,0,-3.32563,0,|r_bal|,cross-domain,0.0000,0.0000,3.812,0,-3.32563,0,0.6745,0.5418,1.682,0,0.8841,-0.8858,0.3994,-0.6261,-0.2795
46.80,48.07,48.08,0,-2.84691,0,|r_aux|,cross-domain,0.0000,0.0000,4.046,0,-2.84691,0,0.7175,0.9744,0.8383,0,-0.03809,-0.8129,0.06655,-0.5575,1.289
47.20,48.47,48.48,0,-3.03440,0,|r_aux|,cross-domain,0.0000,0.0000,3.596,0,-3.03440,0,0.1435,0.7779,0.6402,0,-0.08221,-0.4597,-0.2559,-0.9344,-0.5527
47.60,48.87,48.88,0,-2.66548,0,|r_aux|,cross-domain,0.0000,0.0000,3.623,0,-2.66548,0,0.0861,1.046,2.406,0,-0.5195,-0.1415,-0.1627,-0.4974,-0.3074
48.00,49.27,49.28,0,-2.45722,0,|r_aux|,cross-domain,0.0000,0.0000,3.682,0,-2.45722,0,0.3014,1.273,1.166,0,-0.1328,-0.02425,0.8853,0.6866,1.126
48.40,49.67,49.68,0,-2.71277,0,|r_aux|,cross-domain,0.0000,0.0000,3.640,0,-2.71277,0,0.8611,0.9534,1.124,0,-0.4342,-0.1256,0.3233,-0.8612,-0.4415
48.80,50.07,50.08,0,-2.80159,0,|r_aux|,cross-domain,0.0000,0.0000,3.721,0,-2.80159,0,0.7462,0.9119,2.04,0,-0.1891,-0.08687,0.5156,-0.7233,-0.5816
49.20,50.47,50.48,0,-2.98725,0,|r_aux|,cross-domain,0.0000,0.0000,4.317,0,-2.98725,0,0.5597,1.217,0.512,0,0.07638,-0.2138,0.6311,-0.9518,0.09896
49.60,50.87,50.88,0,-3.02210,0,|r_bal|,cross-domain,0.0000,0.0000,3.723,0,-3.02210,0,1.048,0.886,0.2322,0,0.7252,-0.4664,0.02928,-0.424,-0.3486
50.00,51.27,51.28,0,-2.95963,0,|r_bal|,cross-domain,0.0000,0.0000,3.670,0,-2.95963,0,1.177,0.8054,1.669,0,0.7492,-0.8231,-0.126,-0.2401,-0.4469
50.40,51.67,51.68,0,-3.03834,0,|r_bal|,cross-domain,0.0000,0.0000,3.561,0,-3.03834,0,1.335,1.133,1.205,0,0.6026,-0.9764,0.3349,-0.8339,0.367
50.80,52.07,52.08,0,-2.70954,0,|r_bal|,cross-domain,0.0000,0.0000,3.691,0,-2.70954,0,0.9472,0.8009,0.9735,0,0.06631,-0.8235,0.05168,-0.1406,-0.8418
51.20,52.47,52.48,0,-2.62064,0,|r_bal|,cross-domain,0.0000,0.0000,3.553,0,-2.62064,0,0.8898,0.8501,2.373,0,-0.2609,-0.6298,0.1833,-0.2812,-0.5077
51.60,52.87,52.88,0,-2.17110,0,e_rec,cross-domain,0.0000,0.0000,3.612,0,-2.17110,0,0.7319,1.139,0.9138,0,-0.2422,0.07933,0.5992,1.128,-0.3613
52.00,53.27,53.28,0,-1.95018,0,e_rec,cross-domain,0.0000,0.0000,3.626,0,-1.95018,0,1.062,0.837,0.5907,0,0.008041,1.411,0.162,1.914,-0.1408
52.40,53.67,53.68,0,-2.43078,0,|r_bal|,cross-domain,0.0000,0.0000,3.579,0,-2.43078,0,0.9472,0.828,1.969,0,0.2493,2.83,0.0988,0.5301,-0.1531
52.80,54.07,54.08,0,-2.31610,0,|r_bal|,cross-domain,0.0000,0.0000,3.666,0,-2.31610,0,1.55,1.155,0.9593,0,0.1396,3.277,0.5249,0.2004,-0.161
53.20,54.47,54.48,0,-2.43946,0,|r_bal|,cross-domain,0.0000,0.0000,3.515,0,-2.43946,0,1.492,0.8357,0.7928,0,0.0006744,2.099,0.01151,-0.06787,-0.09054
53.60,54.87,54.88,0,-2.64782,0,|r_bal|,cross-domain,0.0000,0.0000,3.623,0,-2.64782,0,1.033,0.8309,2.127,0,0.06052,0.8004,0.08984,-0.2077,-0.09361
54.00,55.27,55.28,0,-2.69155,0,|r_aux|,cross-domain,0.0000,0.0000,3.684,0,-2.69155,0,0.6458,1.152,1.062,0,-0.4161,0.07703,0.5363,-0.7394,-0.3116
54.40,55.67,55.68,0,-2.57144,0,|r_aux|,cross-domain,0.0000,0.0000,3.570,0,-2.57144,0,0.2583,0.7563,0.7497,0,-0.2465,0.1516,-0.1799,0.1992,-0.8954
54.80,56.07,56.08,0,-3.06617,0,|r_aux|,cross-domain,0.0000,0.0000,3.581,0,-3.06617,0,0.3444,0.6373,2.226,0,-0.1222,4.458e-05,-0.5802,-1.262,-0.2488
55.20,56.47,56.48,0,-2.67267,0,|r_aux|,cross-domain,0.0000,0.0000,3.787,0,-2.67267,0,0.5597,1.02,0.9969,0,0.5025,0.091,0.02074,0.5624,-0.08589
55.60,56.87,56.88,0,-2.49964,0,e_rec,cross-domain,0.0000,0.0000,3.682,0,-2.49964,0,0.7893,0.8086,0.7559,0,0.8867,1.15,-0.3069,1.401,-0.2885
56.00,57.27,57.28,0,-2.81371,0,|r_aux|,cross-domain,0.0000,0.0000,3.665,0,-2.81371,0,1.091,1.095,2.061,0,0.5915,1.922,-0.1781,-0.4835,-0.3883
56.40,57.67,57.68,0,-3.09677,0,|r_aux|,cross-domain,0.0000,0.0000,3.550,0,-3.09677,0,0.9328,1.315,0.7439,0,0.5635,1.96,0.3941,-1.33,-0.1718
56.80,58.07,58.08,0,-2.75212,0,|r_aux|,cross-domain,0.0000,0.0000,4.461,0,-2.75212,0,0.8467,0.9086,0.6414,0,0.1597,0.369,-0.06617,-0.3279,-0.6951
57.20,58.47,58.48,0,-3.15320,0,|r_bal|,cross-domain,0.0000,0.0000,3.930,0,-3.15320,0,0.8467,0.7235,1.9,0,0.4556,-0.8931,-0.009264,-0.9603,-0.6209
57.60,58.87,58.88,0,-2.76708,0,|r_aux|,cross-domain,0.0000,0.0000,3.711,0,-2.76708,0,1.019,1.08,0.7263,0,0.3384,-1.071,0.1799,-0.09145,0.05098
58.00,59.27,59.28,0,-2.78538,0,|r_bal|,cross-domain,0.0000,0.0000,3.714,0,-2.78538,0,0.8324,0.7467,0.7253,0,0.1836,-0.1296,-0.2309,-0.258,-0.7215
58.40,59.67,59.68,0,-2.73373,0,|r_bal|,cross-domain,0.0000,0.0000,3.783,0,-2.73373,0,1.335,0.7879,2.46,0,0.1611,0.5909,-0.09657,-0.5624,-0.557
58.80,60.07,60.08,0,-2.82378,0,|r_bal|,cross-domain,0.0000,0.0000,3.613,0,-2.82378,0,1.234,1.109,1.313,0,0.2221,0.7749,0.4141,-0.7849,0.09523
59.20,60.47,60.48,0,-2.22930,0,|r_bal|,cross-domain,0.0000,0.0000,4.530,0,-2.22930,0,1.837,0.8693,0.9234,0,0.291,0.4314,-0.2127,0.8718,-0.7708
59.60,60.87,60.88,0,-2.80335,0,|r_bal|,cross-domain,0.0000,0.0000,3.718,0,-2.80335,0,1.579,1.039,1.94,0,0.7758,0.4339,-0.4717,-0.3448,-0.3141
60.00,61.27,61.28,0,-2.52030,0,|r_bal|,cross-domain,0.0000,0.0000,3.631,0,-2.52030,0,1.607,1.296,0.7292,0,0.09563,0.8581,0.1576,-0.3772,0.1951
60.40,61.67,61.68,0,-2.24523,0,e_rec,cross-domain,0.0000,0.0000,3.657,0,-2.24523,0,1.119,0.9198,0.728,0,0.7186,0.8932,-0.1935,1.74,-0.8873
60.80,62.07,62.08,0,-2.92417,0,e_rec,cross-domain,0.0000,0.0000,3.630,0,-2.92417,0,0.818,0.7839,2.147,0,1.272,0.6881,0.03164,0.6065,-0.6563
61.20,62.47,62.48,0,-2.89482,0,|r_aux|,cross-domain,0.0000,0.0000,3.693,0,-2.89482,0,0.9615,1.137,0.7631,0,1.226,0.4307,0.3271,0.4424,-0.537
61.60,62.87,62.88,0,-2.87242,0,|r_bal|,cross-domain,0.0000,0.0000,3.660,0,-2.87242,0,0.9902,0.7322,0.7597,0,0.8269,0.4008,-0.3443,0.1016,-0.8561
62.00,63.27,63.28,0,-2.89998,0,|r_bal|,cross-domain,0.0000,0.0000,3.826,0,-2.89998,0,0.9472,0.549,2.341,0,0.05641,0.641,-0.5502,-0.934,-0.7911
62.40,63.67,63.68,0,-2.78926,0,|r_bal|,cross-domain,0.0000,0.0000,3.674,0,-2.78926,0,1.134,1.002,1.279,0,-0.009325,0.3268,0.1184,-0.8871,-0.7707
62.80,64.07,64.08,0,-2.48893,0,e_rec,cross-domain,0.0000,0.0000,3.638,0,-2.48893,0,0.8467,0.6437,0.9918,0,0.335,0.03658,-0.3651,0.9046,-0.6234
63.20,64.47,64.48,0,-3.23306,0,|r_bal|,cross-domain,0.0000,0.0000,3.715,0,-3.23306,0,1.005,0.6801,2.212,0,1.479,-0.4416,-0.4439,-0.0809,0.01423
63.60,64.87,64.88,0,-3.28947,0,|r_bal|,cross-domain,0.0000,0.0000,3.740,0,-3.28947,0,1.177,1.04,1.043,0,2.196,-0.2532,0.04204,0.4082,-0.01437
64.00,65.27,65.28,0,-3.37879,0,|r_bal|,cross-domain,0.0000,0.0000,3.482,0,-3.37879,0,1.363,0.7804,0.8481,0,1.941,0.5286,-0.5578,-0.3796,-0.1422
64.40,65.67,65.68,0,-2.85352,0,|r_bal|,cross-domain,0.0000,0.0000,3.732,0,-2.85352,0,1.449,1.036,2.084,0,1.584,1.201,-0.3787,0.5453,-0.2019
64.80,66.07,66.08,0,-2.58829,0,|r_aux|,cross-domain,0.0000,0.0000,3.622,0,-2.58829,0,1.263,1.249,1.069,0,0.5601,1.408,0.2321,0.1565,-0.4063
65.20,66.47,66.48,0,-2.77776,0,|r_aux|,cross-domain,0.0000,0.0000,3.628,0,-2.77776,0,0.7462,0.7878,0.803,0,-0.3519,1.412,-0.2261,-1.105,-0.8201
65.60,66.87,66.88,0,-2.57205,0,|r_bal|,cross-domain,0.0000,0.0000,3.635,0,-2.57205,0,1.335,0.571,2.227,0,-0.04353,1.187,-0.3237,-0.2901,-0.7448
66.00,67.27,67.28,0,-2.81898,0,|r_bal|,cross-domain,0.0000,0.0000,3.540,0,-2.81898,0,1.363,1.004,0.9863,0,-0.104,0.5529,-0.06832,-1.264,0.08115
66.40,67.67,67.68,0,-2.77755,0,|r_bal|,cross-domain,0.0000,0.0000,3.764,0,-2.77755,0,1.162,0.7502,0.6284,0,-0.1169,-0.3314,-0.2194,-0.7994,-0.6382
66.80,68.07,68.08,0,-3.25164,0,|r_aux|,cross-domain,0.0000,0.0000,3.587,0,-3.25164,0,0.4736,0.9366,2.198,0,0.4151,-1.07,-0.007876,-1.223,-0.7445
67.20,68.47,68.48,0,-2.65965,0,|r_aux|,cross-domain,0.0000,0.0000,3.679,0,-2.65965,0,0.8467,1.221,0.9339,0,-0.1898,-0.9471,0.4958,-0.3834,-0.1857
67.60,68.87,68.88,0,-2.58482,0,|r_bal|,cross-domain,0.0000,0.0000,3.624,0,-2.58482,0,0.9615,0.8289,0.6481,0,0.09575,-1.127,-0.1597,0.2816,-0.7435
68.00,69.27,69.28,0,-2.34123,0,|r_bal|,cross-domain,0.0000,0.0000,3.629,0,-2.34123,0,1.32,0.6989,1.859,0,-0.2072,-1.149,-0.4695,0.4782,-0.2407
68.40,69.67,69.68,0,-1.91798,0,e_rec,cross-domain,0.0000,0.0000,3.733,0,-1.91798,0,1.019,1.073,0.9465,0,-0.4086,-1.423,0.03217,1.655,-0.6517
68.80,70.07,70.08,0,-2.75613,0,|r_bal|,cross-domain,0.0000,0.0000,3.651,0,-2.75613,0,1.378,0.6569,0.9008,0,0.1681,-1.166,-0.551,-0.4119,-0.8394
69.20,70.47,70.48,0,-2.51749,0,|r_bal|,cross-domain,0.0000,0.0000,3.683,0,-2.51749,0,1.421,0.5321,2.258,0,-0.2032,-0.9568,-0.7256,-0.09778,0.164
69.60,70.87,70.88,0,-2.76006,0,|r_bal|,cross-domain,0.0000,0.0000,3.580,0,-2.76006,0,1.148,0.9843,1.094,0,0.01919,-0.3175,-0.1098,-0.6986,-0.5528
70.00,71.27,71.28,0,-2.81490,0,|r_bal|,cross-domain,0.0000,0.0000,3.644,0,-2.81490,0,0.6314,0.5965,1.337,0,0.112,0.3246,-0.5991,-0.3569,-0.6433
70.40,71.67,71.68,0,-3.01248,0,|r_bal|,cross-domain,0.0000,0.0000,3.697,0,-3.01248,0,0.8754,0.5843,2.683,0,0.4767,0.9907,-0.5356,-0.7642,-0.5132
70.80,72.07,72.08,0,-3.26867,0,|r_aux|,cross-domain,0.0000,0.0000,3.537,0,-3.26867,0,0.818,0.9898,1.321,0,1.348,0.7474,-0.03972,-0.551,-0.7131
71.20,72.47,72.48,0,-2.85473,0,|r_bal|,cross-domain,0.0000,0.0000,3.743,0,-2.85473,0,0.8898,0.5736,0.8919,0,0.5165,-0.01233,-0.5667,-0.05714,-0.7103
71.60,72.87,72.88,0,-3.28300,0,|r_bal|,cross-domain,0.0000,0.0000,3.740,0,-3.28300,0,0.6458,0.5503,2.345,0,0.9163,-1.001,-0.3872,-0.6103,-0.6458
72.00,73.27,73.28,0,-3.27784,0,|r_bal|,cross-domain,0.0000,0.0000,3.575,0,-3.27784,0,1.119,0.9474,1.281,0,1.211,-1.116,0.179,-0.573,0.3508
72.40,73.67,73.68,0,-3.23673,0,|r_bal|,cross-domain,0.0000,0.0000,3.720,0,-3.23673,0,1.292,0.6171,1.27,0,1.393,-1.193,-0.06651,-0.1851,-0.5172
72.80,74.07,74.08,0,-3.02074,0,|r_bal|,cross-domain,0.0000,0.0000,3.558,0,-3.02074,0,1.492,0.9622,2.716,0,0.6035,-0.7432,0.08075,-0.931,-0.5881
73.20,74.47,74.48,0,-2.62373,0,|r_bal|,cross-domain,0.0000,0.0000,3.703,0,-2.62373,0,1.392,1.22,1.38,0,0.2969,-0.4782,0.4594,-0.1008,-0.8134
73.60,74.87,74.88,0,-2.58480,0,|r_aux|,cross-domain,0.0000,0.0000,3.651,0,-2.58480,0,0.7749,0.8078,1.233,0,-0.1876,-0.03188,-0.2847,-0.1398,-0.9022
74.00,75.27,75.28,0,-2.71057,0,|r_aux|,cross-domain,0.0000,0.0000,3.641,0,-2.71057,0,0.574,0.6118,2.328,0,-0.0479,0.4465,-0.6428,-0.2209,-0.2225
74.40,75.67,75.68,0,-3.10673,0,|r_aux|,cross-domain,0.0000,0.0000,3.723,0,-3.10673,0,0.7462,1.032,0.814,0,0.4321,0.5241,-0.07546,-1.142,-0.3506
74.80,76.07,76.08,0,-1.97124,0,e_rec,cross-domain,0.0000,0.0000,3.604,0,-1.97124,0,0.6888,0.7257,0.5329,0,0.5712,0.5672,-0.265,2.901,-0.3475
75.20,76.47,76.48,0,-2.69320,0,|r_bal|,cross-domain,0.0000,0.0000,3.470,0,-2.69320,0,1.177,0.8503,2.255,0,0.1737,-0.0795,-0.1369,-0.2584,-0.3149
75.60,76.87,76.88,0,-2.65142,0,|r_aux|,cross-domain,0.0000,0.0000,3.708,0,-2.65142,0,0.6601,1.14,1.266,0,-0.4392,-0.4676,0.232,-0.6353,-0.3226
76.00,77.27,77.28,0,-2.22580,0,e_rec,cross-domain,0.0000,0.0000,3.683,0,-2.22580,0,0.7606,0.7027,1.216,0,0.0187,0.1152,-0.3664,1.337,-0.7444
76.40,77.67,77.68,0,-2.98578,0,|r_bal|,cross-domain,0.0000,0.0000,4.169,0,-2.98578,0,0.6314,0.5963,1.909,0,0.9276,0.77,-0.5836,0.09379,-0.4144
76.80,78.07,78.08,0,-2.58405,0,e_rec,cross-domain,0.0000,0.0000,3.672,0,-2.58405,0,0.9041,1.009,1.097,0,0.7646,0.9026,-0.08952,0.8051,-0.7537
77.20,78.47,78.48,0,-2.77586,0,e_rec,cross-domain,0.0000,0.0000,3.610,0,-2.77586,0,0.6745,0.6292,0.8887,0,1.399,-0.1506,-0.6189,1.437,-0.8757
77.60,78.87,78.88,0,-3.05680,0,|r_bal|,cross-domain,0.0000,0.0000,3.610,0,-3.05680,0,0.7749,0.5553,2.361,0,0.3472,-0.7719,-0.4871,-0.7474,-0.551
78.00,79.27,79.28,0,-2.83969,0,|r_aux|,cross-domain,0.0000,0.0000,3.547,0,-2.83969,0,0.2727,1.007,1.101,0,0.2265,-0.8794,0.1597,-0.005307,-0.3806
78.40,79.67,79.68,0,-2.78124,0,e_rec,cross-domain,0.0000,0.0000,3.807,0,-2.78124,0,0.6745,0.6163,0.7751,0,0.7022,-0.6611,-0.3391,0.6521,-0.8633
78.80,80.07,80.08,0,-3.15894,0,|r_aux|,cross-domain,0.0000,0.0000,3.610,0,-3.15894,0,0.5453,0.6953,2.204,0,0.3044,-0.4084,-0.3606,-1.118,-0.9106
79.20,80.47,80.48,0,-2.95777,0,|r_aux|,cross-domain,0.0000,0.0000,3.529,0,-2.95777,0,0.7175,1.034,1.147,0,0.3918,-0.3068,0.07561,-0.5369,0.1427
79.60,80.87,80.88,0,-2.93032,0,|r_bal|,cross-domain,0.0000,0.0000,3.723,0,-2.93032,0,0.8754,0.6544,1.101,0,0.09374,0.7149,-0.2743,-0.9468,-0.9478
80.00,81.27,81.28,0,-2.76829,0,|r_bal|,cross-domain,0.0000,0.0000,3.579,0,-2.76829,0,1.55,0.78,2.283,0,0.4433,1.42,-0.2356,-0.5752,-0.5866
80.40,81.67,81.68,0,-2.13724,0,|r_bal|,cross-domain,0.0000,0.0000,3.634,0,-2.13724,0,1.88,1.118,0.904,0,0.4376,1.314,0.09139,1.111,-0.7513
80.80,82.07,82.08,0,-2.87444,0,|r_bal|,cross-domain,0.0000,0.0000,3.659,0,-2.87444,0,2.038,0.6956,0.9503,0,0.6547,0.1585,-0.6039,-0.7965,-0.8402
81.20,82.47,82.48,0,-2.72254,0,|r_bal|,cross-domain,0.0000,0.0000,3.554,0,-2.72254,0,1.249,0.5234,2.092,0,-0.3718,-0.5748,-0.5626,-0.8712,0.2218
81.60,82.87,82.88,0,-2.79419,0,|r_aux|,cross-domain,0.0000,0.0000,3.658,0,-2.79419,0,0.531,0.9873,1.258,0,-0.0679,-0.6076,0.09268,-0.4604,-0.6688
82.00,83.27,83.28,0,-2.72109,0,|r_aux|,cross-domain,0.0000,0.0000,3.660,0,-2.72109,0,0.1435,0.5398,0.9288,0,-0.1757,-0.6716,-0.1586,0.1388,-0.8146
82.40,83.67,83.68,0,-3.43226,0,|r_aux|,cross-domain,0.0000,0.0000,3.700,0,-3.43226,0,0.3444,0.3957,1.84,0,0.4457,-0.7546,0.03788,-1.295,0.135
82.80,84.07,84.08,0,-3.26354,0,|r_aux|,cross-domain,0.0000,0.0000,3.716,0,-3.26354,0,0.6458,0.8323,0.6486,0,0.9193,-0.8104,0.3567,-0.528,0.1459
83.20,84.47,84.48,0,-3.21925,0,|r_bal|,cross-domain,0.0000,0.0000,3.533,0,-3.21925,0,1.263,0.4989,0.5857,0,0.8439,-0.2787,-0.1568,-0.8878,-0.9214
83.60,84.87,84.88,0,-2.79402,0,|r_bal|,cross-domain,0.0000,0.0000,3.701,0,-2.79402,0,1.177,0.9009,2.208,0,0.3299,0.246,-0.3332,-0.4912,-0.2428
84.00,85.27,85.28,0,-2.60265,0,|r_aux|,cross-domain,0.0000,0.0000,3.496,0,-2.60265,0,0.7606,1.178,1.435,0,0.195,0.02528,0.08599,0.1318,-0.7238
84.40,85.67,85.68,0,-1.93372,0,e_rec,cross-domain,0.0000,0.0000,3.616,0,-1.93372,0,0.4879,0.7242,1.127,0,0.3375,-0.1147,-0.4323,2.864,-0.843
84.80,86.07,86.08,0,-3.28289,0,|r_aux|,cross-domain,0.0000,0.0000,3.797,0,-3.28289,0,0.4449,0.4696,2.712,0,0.5014,-0.5049,-0.2019,-0.9905,-0.4984
85.20,86.47,86.48,0,-3.33346,0,|r_aux|,cross-domain,0.0000,0.0000,3.511,0,-3.33346,0,0.6745,0.9598,1.496,0,0.7939,-0.4775,0.4056,-1.085,-0.1159
85.60,86.87,86.88,0,-3.17553,0,|r_aux|,cross-domain,0.0000,0.0000,3.725,0,-3.17553,0,0.6458,0.6224,1.202,0,0.2258,-0.6563,0.0669,-1.142,-0.7469
86.00,87.27,87.28,0,-3.27639,0,|r_aux|,cross-domain,0.0000,0.0000,3.600,0,-3.27639,0,0.2296,0.8048,2.263,0,0.4942,-0.7806,-0.1034,-0.963,0.1321
86.40,87.67,87.68,0,-3.05804,0,|r_aux|,cross-domain,0.0000,0.0000,3.640,0,-3.05804,0,-0.0287,1.108,0.5943,0,-0.02215,-0.7929,0.1623,-0.8908,-0.1275
86.80,88.07,88.08,0,-2.72019,0,|r_qp|,cross-domain,0.0000,0.0000,3.935,0,-2.72019,0,-0.3301,0.647,0.3003,0,-0.5445,0.1623,-0.6157,-0.2914,-0.8452
87.20,88.47,88.48,0,-2.57607,0,|r_qp|,cross-domain,0.0000,0.0000,3.557,0,-2.57607,0,0.244,0.4978,1.571,0,-0.6662,1.427,-0.5581,-0.3102,1.217
87.60,88.87,88.88,0,-2.07393,0,e_rec,cross-domain,0.0000,0.0000,3.803,0,-2.07393,0,0.5023,0.9629,0.8295,0,-0.04637,1.681,0.1207,1.65,-0.4832
88.00,89.27,89.28,0,-3.02202,0,|r_bal|,cross-domain,0.0000,0.0000,3.610,0,-3.02202,0,0.6171,0.529,0.784,0,1.029,0.4437,-0.2987,0.2624,-0.776
88.40,89.67,89.68,0,-3.66869,0,|r_bal|,cross-domain,0.0000,0.0000,3.595,0,-3.66869,0,0.9041,0.3198,2.186,0,1.845,-0.6302,-0.3478,-0.6423,0.3521
88.80,90.07,90.08,0,-3.73316,0,|r_aux|,cross-domain,0.0000,0.0000,3.636,0,-3.73316,0,0.6888,0.8751,1.055,0,1.876,-1.013,0.2881,-0.8912,-0.4377
89.20,90.47,90.48,0,-3.37028,0,|r_bal|,cross-domain,0.0000,0.0000,3.590,0,-3.37028,0,1.105,0.4262,0.642,0,1.61,-0.9307,-0.2147,-0.09512,0.2334
89.60,90.87,90.88,0,-3.45057,0,|r_bal|,cross-domain,0.0000,0.0000,3.630,0,-3.45057,0,1.033,0.4641,2.005,0,0.7931,-0.6397,0.1249,-1.442,-0.711
90.00,91.27,91.28,0,-2.38234,0,e_rec,cross-domain,0.0000,0.0000,3.726,0,-2.38234,0,1.091,0.9429,0.8494,0,1.095,-0.1305,0.5178,2.077,-0.5956
90.40,91.67,91.68,0,-1.73462,0,e_rec,cross-domain,0.0000,0.0000,3.638,0,-1.73462,0,1.335,0.5023,1.022,0,0.941,1.878,-0.0161,3.735,-0.536
90.80,92.07,92.08,0,-2.08892,0,e_rec,cross-domain,0.0000,0.0000,3.718,0,-2.08892,0,1.105,0.779,2.432,0,0.7298,4.391,-0.2418,1.936,0.3896
91.20,92.47,92.48,0,-2.79245,0,|r_bal|,cross-domain,0.0000,0.0000,3.557,0,-2.79245,0,1.263,1.091,1.035,0,1.418,5.671,0.2425,0.1311,-0.9198
91.60,92.87,92.88,0,-2.63531,0,|r_bal|,cross-domain,0.0000,0.0000,3.650,0,-2.63531,0,1.693,0.6274,0.6911,0,0.6063,5.24,0.02639,-0.3168,-0.2099
92.00,93.27,93.28,0,-2.63036,0,|r_bal|,cross-domain,0.0000,0.0000,3.697,0,-2.63036,0,1.363,0.4502,2.002,0,0.992,3.77,0.2694,0.8008,0.8247
92.40,93.67,93.68,0,-2.62727,0,|r_bal|,cross-domain,0.0000,0.0000,3.538,0,-2.62727,0,1.162,0.9439,0.79,0,-0.0006657,2.848,0.5471,-0.5726,-0.8647
92.80,94.07,94.08,0,-2.56208,0,|r_bal|,cross-domain,0.0000,0.0000,3.717,0,-2.56208,0,0.9472,0.5578,0.7965,0,0.3247,2.271,-0.2736,0.383,-0.5694
93.20,94.47,94.48,0,-2.81202,0,|r_bal|,cross-domain,0.0000,0.0000,3.699,0,-2.81202,0,0.8467,0.7399,1.903,0,-0.1764,1.321,-0.479,-1.035,-0.03119
93.60,94.87,94.88,0,-2.66547,0,|r_aux|,cross-domain,0.0000,0.0000,3.643,0,-2.66547,0,0.4305,1.078,0.7221,0,-0.5261,0.9907,0.001461,-0.8622,-0.8875
94.00,95.27,95.28,0,-2.56659,0,e_rec,cross-domain,0.0000,0.0000,3.833,0,-2.56659,0,0.1292,0.5892,0.2286,0,0.002144,1.028,-0.4241,0.5759,-0.9388
94.40,95.67,95.68,0,-3.06707,0,|r_aux|,cross-domain,0.0000,0.0000,3.573,0,-3.06707,0,0.3301,0.3978,1.636,0,0.0947,1.113,-0.1058,-0.8134,0.4488
94.80,96.07,96.08,0,-2.30815,0,e_rec,cross-domain,0.0000,0.0000,3.698,0,-2.30815,0,0.5166,0.8728,0.5117,0,0.6791,1.052,0.3596,2.043,-0.09496
95.20,96.47,96.48,0,-2.70451,0,|r_bal|,cross-domain,0.0000,0.0000,3.502,0,-2.70451,0,0.8324,0.4412,0.7019,0,0.4165,2.259,0.01967,0.2684,-0.3485
95.60,96.87,96.88,0,-2.54998,0,|r_bal|,cross-domain,0.0000,0.0000,3.597,0,-2.54998,0,1.78,0.4456,1.989,0,0.8151,3.399,0.0562,0.4834,-0.7204
96.00,97.27,97.28,0,-1.94002,0,e_rec,cross-domain,0.0000,0.0000,3.751,0,-1.94002,0,1.866,0.9433,0.7484,0,0.3296,4.024,0.3721,1.465,-0.3129
96.40,97.67,97.68,0,-2.47907,0,|r_bal|,cross-domain,0.0000,0.0000,3.615,0,-2.47907,0,2.009,0.4811,0.7051,0,0.8651,3.298,0.04046,0.6661,-0.311
96.80,98.07,98.08,0,-2.71216,0,|r_bal|,cross-domain,0.0000,0.0000,3.704,0,-2.71216,0,1.22,0.432,2.156,0,0.3716,2.099,0.006321,-0.08233,-0.6002
97.20,98.47,98.48,0,-2.97603,0,|r_bal|,cross-domain,0.0000,0.0000,3.634,0,-2.97603,0,1.019,0.8898,1.073,0,0.414,1.436,0.6632,-0.8146,-0.5768
97.60,98.87,98.88,0,-2.91541,0,|r_bal|,cross-domain,0.0000,0.0000,3.647,0,-2.91541,0,1.205,0.4581,0.6503,0,0.3588,0.67,-0.1528,-0.5797,-0.6481
98.00,99.27,99.28,0,-2.79516,0,|r_bal|,cross-domain,0.0000,0.0000,3.655,0,-2.79516,0,1.076,0.7438,1.727,0,-0.2758,0.1203,-0.3145,-1.037,0.4772
98.40,99.67,99.68,0,-2.92028,0,|r_bal|,cross-domain,0.0000,0.0000,4.196,0,-2.92028,0,1.435,1.069,0.5353,0,0.6008,-0.295,0.124,-0.6567,-0.6898
98.80,100.07,100.08,0,-2.89898,0,|r_bal|,cross-domain,0.0000,0.0000,3.654,0,-2.89898,0,1.105,0.6106,0.6976,0,0.2777,-0.928,-0.2373,-0.4787,-0.648
99.20,100.47,100.48,0,-2.89319,0,|r_bal|,cross-domain,0.0000,0.0000,3.645,0,-2.89319,0,0.9185,0.4331,2.004,0,-0.1017,-1.073,0.1059,-0.5974,0.2908
99.60,100.87,100.88,0,-3.01188,0,|r_aux|,cross-domain,0.0000,0.0000,3.577,0,-3.01188,0,0.8324,0.9281,0.9634,0,0.3256,-0.6703,0.5085,-0.7203,-0.8405
100.00,101.27,101.28,0,-3.02801,0,|r_bal|,cross-domain,0.0000,0.0000,3.680,0,-3.02801,0,1.076,0.494,0.629,0,0.3787,-0.2677,0.1919,-0.6786,-0.8408
100.40,101.67,101.68,0,-3.17703,0,|r_bal|,cross-domain,0.0000,0.0000,3.571,0,-3.17703,0,1.076,0.4988,1.853,0,0.6516,-0.2935,0.2238,-0.797,-0.3715
100.80,102.07,102.08,0,-2.65597,0,e_rec,cross-domain,0.0000,0.0000,3.527,0,-2.65597,0,0.8036,0.9352,0.9341,0,0.682,-0.6494,0.7441,0.9502,-0.763
101.20,102.47,102.48,0,-2.82601,0,|r_bal|,cross-domain,0.0000,0.0000,3.617,0,-2.82601,0,0.531,0.4862,1.074,0,-0.00426,-0.4442,0.1271,-0.1224,-0.07418
101.60,102.87,102.88,0,-2.74089,0,|r_qp|,cross-domain,0.0000,0.0000,3.727,0,-2.74089,0,0.4879,0.4982,2.366,0,-0.4004,0.06164,0.1509,-0.4735,-0.8481
102.00,103.27,103.28,0,-2.42867,0,|r_aux|,cross-domain,0.0000,0.0000,3.835,0,-2.42867,0,0.7749,0.9673,1.055,0,-0.4506,0.3238,0.5414,0.04528,-0.7801
102.40,103.67,103.68,-1,5.80478,1,e_rec,single-domain,0.0000,0.0000,3.578,0,5.80478,1,16.37,0.5224,0.9852,0,23.5,0.1768,-0.1003,50,37.53
102.80,104.07,104.08,-1,1.67266,1,e_rec,single-domain,0.0000,0.0000,3.563,0,1.67266,1,50,0.601,2.392,0,50,-0.01974,-0.2528,50,48.95
103.20,104.47,104.48,1,1.93004,1,e_rec,single-domain,0.0000,0.0000,3.622,0,1.93004,1,50,1.021,1.104,0,50,0.002903,0.2872,50,37.38
103.60,104.87,104.88,1,1.84995,1,e_rec,single-domain,0.0000,0.0000,3.504,0,1.84995,1,50,0.5758,0.784,0,50,0.3429,-0.2138,50,39.06
104.00,105.27,105.28,1,1.68948,1,e_rec,single-domain,0.0000,0.0000,3.614,0,1.68948,1,50,0.6207,2.274,0,50,0.5526,-0.4071,50,50
104.40,105.67,105.68,1,1.91807,1,e_rec,single-domain,0.0000,0.0000,3.569,0,1.91807,1,50,0.9777,0.9808,0,50,0.7565,-0.09261,50,40.46
104.80,106.07,106.08,1,1.95325,1,e_rec,single-domain,0.0000,0.0000,3.609,0,1.95325,1,50,0.5432,1.186,0,50,0.7117,-0.6198,50,35.35
105.20,106.47,106.48,1,1.68634,1,e_rec,single-domain,0.0000,0.0000,3.729,0,1.68634,1,50,0.5601,2.33,0,50,0.391,-0.6601,50,50
105.60,106.87,106.88,1,1.90131,1,e_rec,single-domain,0.0000,0.0000,3.568,0,1.90131,1,50,1.013,1.125,0,50,0.09835,-0.1141,50,40.44
106.00,107.27,107.28,1,1.86110,1,e_rec,single-domain,0.0000,0.0000,4.192,0,1.86110,1,50,0.5838,0.7924,0,50,-0.4603,-0.6094,50,38.1
106.40,107.67,107.68,1,1.61353,1,e_rec,single-domain,0.0000,0.0000,3.976,0,1.61353,1,50,0.4241,1.869,0,50,-0.3878,-0.4925,50,50
106.80,108.07,108.08,1,1.77769,1,e_rec,single-domain,0.0000,0.0000,3.652,0,1.77769,1,50,0.9414,0.8317,0,50,-0.1775,0.06593,50,45.09
107.20,108.47,108.48,1,1.82099,1,e_rec,single-domain,0.0000,0.0000,3.701,0,1.82099,1,50,0.4612,0.6311,0,50,-0.02962,-0.4726,50,39.34
107.60,108.87,108.88,1,1.64883,1,e_rec,single-domain,0.0000,0.0000,3.604,0,1.64883,1,50,0.3547,2.015,0,50,-0.227,-0.4838,50,47.65
108.00,109.27,109.28,1,1.79846,1,e_rec,single-domain,0.0000,0.0000,3.521,0,1.79846,1,50,0.8876,1.055,0,50,-0.6974,-0.06433,50,42.71
108.40,109.67,109.68,1,1.83574,1,e_rec,single-domain,0.0000,0.0000,3.733,0,1.83574,1,50,0.4489,1.014,0,50,-0.4696,-0.6195,50,38.05
108.80,110.07,110.08,1,1.60936,1,e_rec,single-domain,0.0000,0.0000,3.649,0,1.60936,1,50,0.3863,2.348,0,50,-0.3081,-0.4503,50,50
109.20,110.47,110.48,1,1.95658,1,e_rec,single-domain,0.0000,0.0000,3.581,0,1.95658,1,50,0.9445,1.118,0,50,0.1509,-0.02273,50,36.44
109.60,110.87,110.88,1,1.90152,1,e_rec,single-domain,0.0000,0.0000,3.530,0,1.90152,1,50,0.3735,1.133,0,50,1.039,-0.3056,50,35.91
110.00,111.27,111.28,1,1.71961,1,e_rec,single-domain,0.0000,0.0000,3.553,0,1.71961,1,50,0.6159,2.122,0,50,1.641,-0.2138,50,50
110.40,111.67,111.68,1,1.89579,1,e_rec,single-domain,0.0000,0.0000,3.651,0,1.89579,1,50,0.9986,0.7676,0,50,1.477,0.3954,50,41.79
110.80,112.07,112.08,1,1.89613,1,e_rec,single-domain,0.0000,0.0000,3.514,0,1.89613,1,50,0.4933,0.5,0,50,0.3893,-0.01212,50,34.91
111.20,112.47,112.48,1,1.56719,1,e_rec,single-domain,0.0000,0.0000,3.639,0,1.56719,1,50,0.3818,1.695,0,50,-0.7058,-0.1081,50,50
111.60,112.87,112.88,1,1.72102,1,e_rec,single-domain,0.0000,0.0000,3.649,0,1.72102,1,50,0.8933,1.028,0,50,-0.6873,0.4002,50,45.46
112.00,113.27,113.28,1,1.84360,1,e_rec,single-domain,0.0000,0.0000,3.593,0,1.84360,1,50,0.4157,0.5923,0,50,-0.196,0.1,50,35.27
112.40,113.67,113.68,1,1.58863,1,e_rec,single-domain,0.0000,0.0000,3.697,0,1.58863,1,50,0.4601,1.85,0,50,-0.01417,0.2772,50,50
112.80,114.07,114.08,1,1.95714,1,e_rec,single-domain,0.0000,0.0000,3.595,0,1.95714,1,50,0.9472,0.9568,0,50,0.6411,0.6717,50,35.13
113.20,114.47,114.48,1,1.91051,1,e_rec,single-domain,0.0000,0.0000,3.688,0,1.91051,1,50,0.4569,0.7418,0,50,1.656,0.2452,50,35.74
113.60,114.87,114.88,1,1.74909,1,e_rec,single-domain,0.0000,0.0000,3.657,0,1.74909,1,50,0.5289,1.831,0,50,2.712,0.06089,50,48.74
114.00,115.27,115.28,1,1.96516,1,e_rec,single-domain,0.0000,0.0000,3.521,0,1.96516,1,50,1.006,0.738,0,50,2.95,0.7667,50,40.08
114.40,115.67,115.68,1,1.88080,1,e_rec,single-domain,0.0000,0.0000,3.767,0,1.88080,1,50,0.5735,0.5285,0,50,1.23,0.02748,50,38.4
114.80,116.07,116.08,1,1.67917,1,e_rec,single-domain,0.0000,0.0000,3.549,0,1.67917,1,50,0.3497,2.114,0,50,-0.06169,-0.1058,50,45.06
115.20,116.47,116.48,1,1.70300,1,e_rec,single-domain,0.0000,0.0000,3.467,0,1.70300,1,50,0.9186,1.034,0,50,-0.5011,0.4671,50,46.93
115.60,116.87,116.88,1,1.74993,1,e_rec,single-domain,0.0000,0.0000,3.713,0,1.74993,1,50,0.3594,0.8059,0,50,-0.4478,0.6537,50,37.42
116.00,117.27,117.28,1,1.56338,1,e_rec,single-domain,0.0000,0.0000,3.549,0,1.56338,1,50,0.6737,1.906,0,50,-0.4976,1.095,50,50
116.40,117.67,117.68,1,1.73857,1,e_rec,single-domain,0.0000,0.0000,3.746,0,1.73857,1,50,1.04,0.7757,0,50,-0.7588,2.446,50,39.02
116.80,118.07,118.08,1,1.76390,1,e_rec,single-domain,0.0000,0.0000,4.250,0,1.76390,1,50,0.5835,0.7806,0,50,-0.5239,1.196,50,37.19
117.20,118.47,118.48,1,1.52660,1,e_rec,single-domain,0.0000,0.0000,3.516,0,1.52660,1,50,0.3174,2.017,0,50,0.00922,0.8382,50,50
117.60,118.87,118.88,1,1.90942,1,e_rec,single-domain,0.0000,0.0000,3.837,0,1.90942,1,50,0.9334,1.08,0,50,0.4435,0.06017,50,39.26
118.00,119.27,119.28,1,1.89115,1,e_rec,single-domain,0.0000,0.0000,3.608,0,1.89115,1,50,0.3905,0.8425,0,50,0.5447,-0.3404,50,35.59
118.40,119.67,119.68,1,1.63355,1,e_rec,single-domain,0.0000,0.0000,3.710,0,1.63355,1,50,0.4802,2.116,0,50,0.1025,-0.2819,50,50
118.80,120.07,120.08,1,1.84805,1,e_rec,single-domain,0.0000,0.0000,3.558,0,1.84805,1,50,0.9275,1.178,0,50,-0.4698,0.383,50,39.48
119.20,120.47,120.48,1,1.89114,1,e_rec,single-domain,0.0000,0.0000,3.623,0,1.89114,1,50,0.4102,1.003,0,50,-0.2893,0.01119,50,32.84
119.60,120.87,120.88,1,1.64287,1,e_rec,single-domain,0.0000,0.0000,3.709,0,1.64287,1,50,0.5171,2.135,0,50,0.05228,0.17,50,48.28
120.00,121.27,121.28,1,1.89495,1,e_rec,single-domain,0.0000,0.0000,3.589,0,1.89495,1,50,0.9932,0.7824,0,50,0.6503,0.5858,50,39.31
120.40,121.67,121.68,1,1.95127,1,e_rec,single-domain,0.0000,0.0000,3.746,0,1.95127,1,50,0.4954,0.6768,0,50,1.333,0.06039,50,33.82
120.80,122.07,122.08,1,1.72775,1,e_rec,single-domain,0.0000,0.0000,3.523,0,1.72775,1,50,0.6085,2.239,0,50,1.91,-0.182,50,50
121.20,122.47,122.48,1,1.98106,1,e_rec,single-domain,0.0000,0.0000,3.604,0,1.98106,1,50,1.027,1.322,0,50,1.904,0.2197,50,39.17
121.60,122.87,122.88,1,1.86954,1,e_rec,single-domain,0.0000,0.0000,3.665,0,1.86954,1,50,0.5383,0.9488,0,50,0.592,-0.1261,50,37.87
122.00,123.27,123.28,1,1.60484,1,e_rec,single-domain,0.0000,0.0000,3.606,0,1.60484,1,50,0.4388,2.06,0,50,-0.2928,-0.2197,50,50
122.40,123.67,123.68,1,1.80568,1,e_rec,single-domain,0.0000,0.0000,3.903,0,1.80568,1,50,0.9041,0.855,0,50,-0.4687,0.1965,50,42.05
122.80,124.07,124.08,1,1.93785,1,e_rec,single-domain,0.0000,0.0000,3.635,0,1.93785,1,50,0.444,0.7055,0,50,1.07,-0.5653,50,35.51
123.20,124.47,124.48,1,1.71856,1,e_rec,single-domain,0.0000,0.0000,3.639,0,1.71856,1,50,0.4947,1.692,0,50,1.857,-0.5065,50,50
123.60,124.87,124.88,1,1.91950,1,e_rec,single-domain,0.0000,0.0000,3.693,0,1.91950,1,50,0.9852,0.8083,0,50,1.841,-0.0256,50,42.58
124.00,125.27,125.28,1,1.80891,1,e_rec,single-domain,0.0000,0.0000,3.763,0,1.80891,1,50,0.5742,0.5803,0,50,0.6406,-0.2722,50,42.08
124.40,125.67,125.68,1,1.55301,1,e_rec,single-domain,0.0000,0.0000,3.642,0,1.55301,1,50,0.3409,1.799,0,50,-0.1491,0.3614,50,50
124.80,126.07,126.08,1,1.61964,1,e_rec,single-domain,0.0000,0.0000,3.673,0,1.61964,1,50,0.9645,0.882,0,50,-0.3292,1.163,50,50
125.20,126.47,126.48,1,1.63609,1,e_rec,single-domain,0.0000,0.0000,3.591,0,1.63609,1,50,0.5436,0.6384,0,50,-0.1594,1.675,50,42.89
125.60,126.87,126.88,1,1.47584,1,e_rec,single-domain,0.0000,0.0000,3.855,0,1.47584,1,50,0.6322,2.042,0,50,-0.2999,2.523,50,50
126.00,127.27,127.28,1,1.61619,1,e_rec,single-domain,0.0000,0.0000,3.628,0,1.61619,1,50,1.221,1.255,0,50,-0.2704,2.789,50,47.88
126.40,127.67,127.68,1,1.70251,1,e_rec,single-domain,0.0000,0.0000,3.636,0,1.70251,1,50,0.6676,0.8423,0,50,-0.1071,1.499,50,41.43
126.80,128.07,128.08,1,1.62041,1,e_rec,single-domain,0.0000,0.0000,3.698,0,1.62041,1,50,0.5808,2.056,0,50,0.2684,0.3732,50,50
127.20,128.47,128.48,1,1.92093,1,e_rec,single-domain,0.0000,0.0000,3.633,0,1.92093,1,50,1.081,0.887,0,50,0.3894,0.3602,50,39.1
127.60,128.87,128.88,1,1.90210,1,e_rec,single-domain,0.0000,0.0000,3.701,0,1.90210,1,50,0.4276,1.037,0,50,0.1051,-0.2642,50,34.25
128.00,129.27,129.28,1,1.64685,1,e_rec,single-domain,0.0000,0.0000,3.612,0,1.64685,1,50,0.589,2.502,0,50,-0.2391,-0.317,50,50
128.40,129.67,129.68,1,1.73203,1,e_rec,single-domain,0.0000,0.0000,4.831,0,1.73203,1,50,0.9983,1.218,0,50,-0.2474,0.1371,50,47.98
128.80,130.07,130.08,1,1.78442,1,e_rec,single-domain,0.0000,0.0000,3.708,0,1.78442,1,50,0.6082,1.015,0,50,0.3272,-0.1039,50,42.69
129.20,130.47,130.48,1,1.61255,1,e_rec,single-domain,0.0000,0.0000,3.785,0,1.61255,1,50,0.4788,2.036,0,50,0.785,0.4952,50,50
129.60,130.87,130.88,1,1.76842,1,e_rec,single-domain,0.0000,0.0000,3.725,0,1.76842,1,50,1.136,0.9625,0,50,0.6275,1.712,50,44.09
130.00,131.27,131.28,1,1.57841,1,e_rec,single-domain,0.0000,0.0000,3.618,0,1.57841,1,50,0.6434,0.795,0,50,-0.3689,1.885,50,46.06
130.40,131.67,131.68,1,2.02887,1,e_rec,single-domain,0.0000,0.0000,3.581,0,2.02887,1,50,0.5766,2.154,0,50,-1.368,3.297,50,14.1
130.80,132.07,132.08,1,1.43381,1,e_rec,single-domain,0.0000,0.0000,3.714,0,1.43381,1,50,1.116,1.399,0,50,-1.452,4.01,50,50
131.20,132.47,132.48,1,1.28414,1,e_rec,single-domain,0.0000,0.0000,3.584,0,1.28414,1,50,0.4592,1.167,0,50,-1.393,4.25,50,50
131.60,132.87,132.88,1,1.25263,1,e_rec,single-domain,0.0000,0.0000,3.687,0,1.25263,1,50,0.5075,2.477,0,50,-1.129,5.233,50,50
132.00,133.27,133.28,1,1.29872,1,e_rec,single-domain,0.0000,0.0000,3.634,0,1.29872,1,50,0.982,1.218,0,50,-0.6983,6.234,50,50
132.40,133.67,133.68,1,1.06792,1,e_rec,single-domain,0.0000,0.0000,3.545,0,1.06792,1,50,0.4234,0.8289,0,50,-0.581,8.145,50,50
132.80,134.07,134.08,1,0.93186,1,e_rec,single-domain,0.0000,0.0000,3.754,0,0.93186,1,50,0.4611,1.979,0,50,-0.5121,10.65,50,50
133.20,134.47,134.48,1,0.89097,1,e_rec,single-domain,0.0000,0.0000,3.557,0,0.89097,1,50,0.9564,1.053,0,50,-0.6302,12.81,50,50
133.60,134.87,134.88,1,0.58726,1,e_rec,single-domain,0.0000,0.0000,3.601,0,0.58726,1,50,0.5406,0.8762,0,50,0.7777,17.25,50,50
134.00,135.27,135.28,1,0.38133,1,e_rec,single-domain,0.0000,0.0000,3.673,0,0.38133,1,50,0.4646,2.129,0,50,2.252,21.45,50,50
134.40,135.67,135.68,1,0.37313,1,e_rec,single-domain,0.0000,0.0000,3.662,0,0.37313,1,50,1.058,1.039,0,50,2.539,23.65,50,50
134.80,136.07,136.08,1,0.20816,1,e_rec,single-domain,0.0000,0.0000,3.695,0,0.20816,1,50,0.4293,1.037,0,50,1.675,23.65,50,50
135.20,136.47,136.48,1,0.24468,1,e_rec,single-domain,0.0000,0.0000,3.584,0,0.24468,1,50,0.6315,2.373,0,50,0.8766,23.35,50,50
135.60,136.87,136.88,1,0.32659,1,e_rec,single-domain,0.0000,0.0000,3.674,0,0.32659,1,50,0.9994,1.198,0,50,0.5937,22.95,50,50
136.00,137.27,137.28,1,0.11157,1,e_rec,single-domain,0.0000,0.0000,3.815,0,0.11157,1,50,0.4636,1.066,0,50,0.3978,24.5,50,50
136.40,137.67,137.68,1,0.04047,1,e_rec,single-domain,0.0000,0.0000,3.642,0,0.04047,1,50,0.5011,2.732,0,50,-0.06478,25.65,50,50
136.80,138.07,138.08,1,0.09219,1,e_rec,single-domain,0.0000,0.0000,3.642,0,0.09219,1,50,0.9604,1.521,0,50,-0.176,26.16,50,50
137.20,138.47,138.48,1,-0.09433,0,e_rec,single-domain,0.0000,0.0000,3.531,0,-0.09433,0,50,0.5088,1.41,0,50,0.9895,28.43,50,50
137.60,138.87,138.88,1,-0.13899,0,e_rec,single-domain,0.0000,0.0000,4.102,0,-0.13899,0,50,0.4379,2.333,0,50,2.869,30.24,50,50
138.00,139.27,139.28,1,-0.04607,0,e_rec,single-domain,0.0000,0.0000,3.801,0,-0.04607,0,50,0.9718,0.9449,0,50,3.721,30.95,50,50
138.40,139.67,139.68,1,-0.27781,0,e_rec,single-domain,0.0000,0.0000,3.647,0,-0.27781,0,50,0.5892,0.8336,0,50,3.261,33.11,50,50
138.80,140.07,140.08,1,-0.43156,0,e_rec,single-domain,0.0000,0.0000,3.841,0,-0.43156,0,50,0.4661,2.414,0,50,1.83,34.42,50,50
139.20,140.47,140.48,1,-0.35176,0,e_rec,single-domain,0.0000,0.0000,3.611,0,-0.35176,0,50,1.086,1.179,0,50,0.9199,34.49,50,50
139.60,140.87,140.88,1,-0.38942,0,e_rec,single-domain,0.0000,0.0000,3.652,0,-0.38942,0,50,0.5747,0.8949,0,50,0.5446,33.1,50,50
140.00,141.27,141.28,1,-0.28835,0,e_rec,single-domain,0.0000,0.0000,3.739,0,-0.28835,0,50,0.6026,1.942,0,50,0.6123,31.71,50,50
140.40,141.67,141.68,1,-0.06180,0,e_rec,single-domain,0.0000,0.0000,3.761,0,-0.06180,0,50,1.156,0.7721,0,50,0.8745,29.93,50,50
140.80,142.07,142.08,1,0.02529,1,e_rec,single-domain,0.0000,0.0000,3.586,0,0.02529,1,50,0.5285,0.637,0,50,1.562,26.84,50,50
141.20,142.47,142.48,1,0.30113,1,e_rec,single-domain,0.0000,0.0000,3.550,0,0.30113,1,50,0.5607,1.924,0,50,1.917,22.83,50,50
141.60,142.87,142.88,1,0.59210,1,e_rec,single-domain,0.0000,0.0000,3.533,0,0.59210,1,50,0.9685,0.9387,0,50,1.56,19.14,50,50
142.00,143.27,143.28,1,0.68853,1,e_rec,single-domain,0.0000,0.0000,3.634,0,0.68853,1,50,0.4076,0.8554,0,50,0.2234,14.79,50,50
142.40,143.67,143.68,1,0.98468,1,e_rec,single-domain,0.0000,0.0000,3.609,0,0.98468,1,50,0.607,2.098,0,50,-0.5828,10.25,50,50
142.80,144.07,144.08,1,1.16209,1,e_rec,single-domain,0.0000,0.0000,3.601,0,1.16209,1,50,1.042,0.7137,0,50,-0.5877,8.679,50,50
143.20,144.47,144.48,1,1.01078,1,e_rec,single-domain,0.0000,0.0000,3.582,0,1.01078,1,50,0.5453,0.5637,0,50,-0.0511,9.805,50,50
143.60,144.87,144.88,1,0.87416,1,e_rec,single-domain,0.0000,0.0000,3.551,0,0.87416,1,50,0.3465,1.898,0,50,0.4491,11.82,50,50
144.00,145.27,145.28,1,0.93267,1,e_rec,single-domain,0.0000,0.0000,3.676,0,0.93267,1,50,0.907,0.8947,0,50,0.7209,12.83,50,50
144.40,145.67,145.68,1,0.81934,1,e_rec,single-domain,0.0000,0.0000,3.744,0,0.81934,1,50,0.5139,0.9204,0,50,1.62,13.95,50,50
144.80,146.07,146.08,1,0.78968,1,e_rec,single-domain,0.0000,0.0000,3.647,0,0.78968,1,50,0.4592,1.804,0,50,2.466,14.89,50,50
145.20,146.47,146.48,1,0.89203,1,e_rec,single-domain,0.0000,0.0000,3.557,0,0.89203,1,50,1.022,0.5844,0,50,2.34,14.91,50,50
145.60,146.87,146.88,1,0.76185,1,e_rec,single-domain,0.0000,0.0000,3.560,0,0.76185,1,50,0.4601,0.4415,0,50,1.074,14.29,50,50
146.00,147.27,147.28,1,0.77276,1,e_rec,single-domain,0.0000,0.0000,3.698,0,0.77276,1,50,0.4414,2.111,0,50,-0.3425,13.29,50,50
146.40,147.67,147.68,1,0.90179,1,e_rec,single-domain,0.0000,0.0000,3.688,0,0.90179,1,50,1.005,1.092,0,50,-0.9476,12.59,50,50
146.80,148.07,148.08,1,1.00676,1,e_rec,single-domain,0.0000,0.0000,3.635,0,1.00676,1,50,0.3985,0.9244,0,50,-1.337,8.569,50,50
147.20,148.47,148.48,1,1.31755,1,e_rec,single-domain,0.0000,0.0000,3.581,0,1.31755,1,50,0.6559,1.976,0,50,-1.17,4.599,50,50
147.60,148.87,148.88,1,1.53896,1,e_rec,single-domain,0.0000,0.0000,3.533,0,1.53896,1,50,0.9982,0.9266,0,50,-0.733,2.328,50,50
148.00,149.27,149.28,1,1.52727,1,e_rec,single-domain,0.0000,0.0000,3.511,0,1.52727,1,50,0.4946,0.8125,0,50,0.2613,1.465,50,50
148.40,149.67,149.68,1,1.61260,1,e_rec,single-domain,0.0000,0.0000,3.758,0,1.61260,1,50,0.5732,2.12,0,50,0.6786,0.7505,50,50
148.80,150.07,150.08,1,1.69521,1,e_rec,single-domain,0.0000,0.0000,3.647,0,1.69521,1,50,1.045,1.121,0,50,0.3257,0.6582,50,50
149.20,150.47,150.48,1,1.54211,1,e_rec,single-domain,0.0000,0.0000,3.526,0,1.54211,1,50,0.5753,0.8756,0,50,-0.6742,0.8872,50,50
149.60,150.87,150.88,1,1.42995,1,e_rec,single-domain,0.0000,0.0000,3.638,0,1.42995,1,50,0.3687,2.48,0,50,-1.181,1.848,50,50
150.00,151.27,151.28,1,1.50750,1,e_rec,single-domain,0.0000,0.0000,3.608,0,1.50750,1,50,0.9275,0.9832,0,50,-0.9536,2.463,50,50
150.40,151.67,151.68,1,-13.36411,0,|r_bal|,single-domain,0.0000,0.0000,3.680,0,-13.36411,0,50,0.3869,0.787,0,50,-0.3238,1.353,-0.8385,-0.6292
150.80,152.07,152.08,-1,-13.25489,0,|r_bal|,single-domain,0.0000,0.0000,3.653,0,-13.25489,0,50,0.447,1.959,0,50,-0.06592,0.7986,-0.6408,0.2745
151.20,152.47,152.48,-1,-13.13391,0,|r_bal|,single-domain,0.0000,0.0000,3.562,0,-13.13391,0,45.25,0.9094,0.6548,0,50,0.2194,0.909,2.436,-0.6362
151.60,152.87,152.88,0,-2.62099,0,|r_bal|,cross-domain,0.0000,0.0000,3.642,0,-2.62099,0,1.464,0.4239,0.5331,0,-0.08931,1.13,0.5604,-0.2736,-0.7291
152.00,153.27,153.28,0,-2.52884,0,|r_bal|,cross-domain,0.0000,0.0000,3.557,0,-2.52884,0,1.263,0.4816,1.979,0,-0.02981,1.738,0.4952,0.06605,-0.7752
152.40,153.67,153.68,0,-2.31151,0,|r_bal|,cross-domain,0.0000,0.0000,3.657,0,-2.31151,0,1.249,0.9888,1.331,0,-0.3895,1.581,0.7088,0.08231,-0.2018
152.80,154.07,154.08,0,-1.95920,0,e_rec,cross-domain,0.0000,0.0000,3.613,0,-1.95920,0,0.9472,0.5554,1.177,0,0.4507,0.2068,0.8228,3.008,0.09552
153.20,154.47,154.48,0,-3.32598,0,|r_aux|,cross-domain,0.0000,0.0000,3.513,0,-3.32598,0,0.287,0.3858,2.314,0,0.2028,-0.6987,2.257,-0.7791,0.5026
153.60,154.87,154.88,0,-3.30405,0,|r_aux|,cross-domain,0.0000,0.0000,3.670,0,-3.30405,0,0.4162,0.9707,0.9408,0,0.3709,-0.775,3.532,-0.7444,-0.7072
154.00,155.27,155.28,0,-2.81293,0,e_rec,cross-domain,0.0000,0.0000,3.595,0,-2.81293,0,0.6888,0.3788,0.7728,0,0.3363,-1.016,2.313,0.809,-0.6713
154.40,155.67,155.68,0,-3.10487,0,|r_bal|,cross-domain,0.0000,0.0000,3.679,0,-3.10487,0,1.134,0.5443,1.941,0,0.6375,-0.8938,1.071,-0.4301,-0.7865
154.80,156.07,156.08,0,-2.38988,0,e_rec,cross-domain,0.0000,0.0000,3.528,0,-2.38988,0,0.9902,0.974,1.117,0,0.3237,-0.6139,0.5963,1.205,-0.01981
155.20,156.47,156.48,0,-2.78111,0,|r_bal|,cross-domain,0.0000,0.0000,3.616,0,-2.78111,0,0.7175,0.4544,0.9387,0,0.2497,0.9014,0.05531,0.03856,-0.5367
155.60,156.87,156.88,0,-3.08270,0,|r_bal|,cross-domain,0.0000,0.0000,3.633,0,-3.08270,0,0.6314,0.4563,2.518,0,0.1049,1.655,0.2342,-1.128,0.02924
156.00,157.27,157.28,0,-2.94802,0,|r_bal|,cross-domain,0.0000,0.0000,3.543,0,-2.94802,0,1.033,0.9609,1.469,0,0.4009,1.516,0.7477,-0.8084,-0.7268
156.40,157.67,157.68,0,-2.91929,0,|r_bal|,cross-domain,0.0000,0.0000,3.728,0,-2.91929,0,1.234,0.4554,1.141,0,0.4369,0.7998,0.2832,-0.4542,-0.748
156.80,158.07,158.08,0,-2.93996,0,|r_bal|,cross-domain,0.0000,0.0000,3.533,0,-2.93996,0,1.234,0.617,2.022,0,0.5407,0.1363,0.2434,-0.3759,0.2376
157.20,158.47,158.48,0,-2.67592,0,|r_bal|,cross-domain,0.0000,0.0000,3.578,0,-2.67592,0,1.249,1.032,0.8875,0,0.6447,0.01777,0.5049,0.3547,-0.7728
157.60,158.87,158.88,0,-2.95635,0,|r_bal|,cross-domain,0.0000,0.0000,3.698,0,-2.95635,0,1.32,0.5467,0.7314,0,-0.02999,-0.2171,0.1555,-1.168,-0.5764
158.00,159.27,159.28,0,-2.90141,0,|r_bal|,cross-domain,0.0000,0.0000,3.580,0,-2.90141,0,1.105,0.4798,2.184,0,0.6973,-0.02179,0.2828,0.1004,-0.6046
158.40,159.67,159.68,0,-2.89963,0,|r_aux|,cross-domain,0.0000,0.0000,3.691,0,-2.89963,0,0.9041,0.9499,1.297,0,0.6017,0.2786,0.9055,-0.09868,-0.5835
158.80,160.07,160.08,0,-3.01609,0,|r_bal|,cross-domain,0.0000,0.0000,3.557,0,-3.01609,0,1.22,0.4903,0.9874,0,0.721,0.7057,0.1534,-0.4201,-0.6926
159.20,160.47,160.48,0,-2.98683,0,|r_bal|,cross-domain,0.0000,0.0000,3.595,0,-2.98683,0,0.9759,0.6506,2.19,0,0.6225,0.7506,0.1694,-0.3779,0.2107
159.60,160.87,160.88,0,-3.08760,0,|r_aux|,cross-domain,0.0000,0.0000,3.645,0,-3.08760,0,1.019,1.051,0.7616,0,0.5373,0.4595,0.2905,-1.075,-0.7906
160.00,161.27,161.28,0,-2.76736,0,|r_bal|,cross-domain,0.0000,0.0000,3.621,0,-2.76736,0,0.8467,0.5927,0.6959,0,0.1387,-0.3336,-0.1058,-0.1079,-0.642
160.40,161.67,161.68,0,-3.14648,0,|r_bal|,cross-domain,0.0000,0.0000,3.695,0,-3.14648,0,0.6171,0.5502,2.13,0,0.04193,-0.848,0.08414,-1.19,-0.4022
160.80,162.07,162.08,-1,1.82882,1,e_rec,single-domain,0.0000,0.0000,3.586,0,1.82882,1,50,1.032,1.047,0,50,-0.9502,0.6586,50,39.68
161.20,162.47,162.48,-1,1.84236,1,e_rec,single-domain,0.0000,0.0000,3.620,0,1.84236,1,50,0.5652,0.8373,0,50,-0.7705,0.002412,50,36.18
161.60,162.87,162.88,1,1.62021,1,e_rec,single-domain,0.0000,0.0000,3.588,0,1.62021,1,50,0.5753,2.046,0,50,-0.566,-0.1913,50,50
162.00,163.27,163.28,1,1.83937,1,e_rec,single-domain,0.0000,0.0000,3.540,0,1.83937,1,50,1.004,1.248,0,50,-0.2851,0.2309,50,41.76
162.40,163.67,163.68,1,1.90523,1,e_rec,single-domain,0.0000,0.0000,3.645,0,1.90523,1,50,0.5379,0.6881,0,50,0.2366,0.01127,50,34.57
162.80,164.07,164.08,1,1.58728,1,e_rec,single-domain,0.0000,0.0000,3.530,0,1.58728,1,50,0.5526,1.732,0,50,0.2987,0.8037,50,50
163.20,164.47,164.48,1,1.79820,1,e_rec,single-domain,0.0000,0.0000,3.497,0,1.79820,1,50,1.009,0.8923,0,50,0.5216,3.054,50,36.22
163.60,164.87,164.88,1,1.70230,1,e_rec,single-domain,0.0000,0.0000,3.821,0,1.70230,1,50,0.545,0.7351,0,50,0.6652,3.006,50,36.65
164.00,165.27,165.28,1,1.47422,1,e_rec,single-domain,0.0000,0.0000,4.692,0,1.47422,1,50,0.4055,2.162,0,50,1.41,3.492,50,48.08
164.40,165.67,165.68,1,1.60616,1,e_rec,single-domain,0.0000,0.0000,3.667,0,1.60616,1,50,0.9283,0.8803,0,50,2.216,4.9,50,43.36
164.80,166.07,166.08,1,1.35975,1,e_rec,single-domain,0.0000,0.0000,3.624,0,1.35975,1,50,0.4906,0.5275,0,50,2.959,9.021,50,39.54
165.20,166.47,166.48,1,1.02195,1,e_rec,single-domain,0.0000,0.0000,3.599,0,1.02195,1,50,0.8479,1.792,0,50,2.373,12.36,50,50
165.60,166.87,166.88,1,1.10816,1,e_rec,single-domain,0.0000,0.0000,3.600,0,1.10816,1,50,1.144,0.5889,0,50,1.584,13.47,50,42.71
166.00,167.27,167.28,1,1.54275,1,e_rec,single-domain,0.0000,0.0000,4.244,0,1.54275,1,50,0.6539,0.5894,0,50,0.7035,7.559,50,31.31
166.40,167.67,167.68,1,1.42566,1,e_rec,single-domain,0.0000,0.0000,3.775,0,1.42566,1,50,0.3879,2.12,0,50,0.4185,2.997,50,50
166.80,168.07,168.08,1,1.84731,1,e_rec,single-domain,0.0000,0.0000,3.614,0,1.84731,1,50,0.9482,1.252,0,50,0.8572,0.8102,50,41.28
167.20,168.47,168.48,1,1.88145,1,e_rec,single-domain,0.0000,0.0000,3.600,0,1.88145,1,50,0.5335,0.9783,0,50,1.258,0.01813,50,38.16
167.60,168.87,168.88,1,1.74839,1,e_rec,single-domain,0.0000,0.0000,3.743,0,1.74839,1,50,0.7954,2.212,0,50,1.464,-0.1849,50,50
168.00,169.27,169.28,1,1.79179,1,e_rec,single-domain,0.0000,0.0000,3.426,0,1.79179,1,50,1.133,1.109,0,50,1.916,0.4275,50,50
168.40,169.67,169.68,1,1.60996,1,e_rec,single-domain,0.0000,0.0000,3.611,0,1.60996,1,50,0.6399,0.8446,0,50,1.062,1.138,50,50
168.80,170.07,170.08,1,1.30694,1,e_rec,single-domain,0.0000,0.0000,3.623,0,1.30694,1,50,0.3355,1.801,0,50,0.3148,4.65,50,50
169.20,170.47,170.48,1,1.16398,1,e_rec,single-domain,0.0000,0.0000,3.522,0,1.16398,1,50,0.888,0.8036,0,50,-0.3882,8.27,50,50
169.60,170.87,170.88,1,1.08395,1,e_rec,single-domain,0.0000,0.0000,3.554,0,1.08395,1,50,0.4864,0.7134,0,50,0.09757,8.53,50,50
170.00,171.27,171.28,1,1.17994,1,e_rec,single-domain,0.0000,0.0000,3.523,0,1.17994,1,50,0.8667,2.012,0,50,0.5841,8.702,50,50
170.40,171.67,171.68,1,1.22150,1,e_rec,single-domain,0.0000,0.0000,3.627,0,1.22150,1,50,1.152,1.036,0,50,0.4854,8.819,50,50
170.80,172.07,172.08,1,0.88411,1,e_rec,single-domain,0.0000,0.0000,3.617,0,0.88411,1,50,0.7093,0.7149,0,50,-0.3808,12.22,50,50
171.20,172.47,172.48,1,0.72167,1,e_rec,single-domain,0.0000,0.0000,3.504,0,0.72167,1,50,0.664,2.417,0,50,-0.9623,14.5,50,50
171.60,172.87,172.88,1,0.73824,1,e_rec,single-domain,0.0000,0.0000,3.730,0,0.73824,1,50,1.074,1.291,0,50,-0.9899,15.47,50,50
172.00,173.27,173.28,1,0.61655,1,e_rec,single-domain,0.0000,0.0000,3.483,0,0.61655,1,50,0.6271,1.304,0,50,-0.1567,16.5,50,50
172.40,173.67,173.68,1,0.61233,1,e_rec,single-domain,0.0000,0.0000,3.582,0,0.61233,1,50,0.5147,2.601,0,50,0.382,16.68,50,50
172.80,174.07,174.08,1,0.78757,1,e_rec,single-domain,0.0000,0.0000,3.650,0,0.78757,1,50,0.9637,1.316,0,50,0.6794,15.4,50,50
173.20,174.47,174.48,1,1.07109,1,e_rec,single-domain,0.0000,0.0000,3.559,0,1.07109,1,50,0.6277,0.8349,0,50,0.7066,9.628,50,50
173.60,174.87,174.88,1,1.50295,1,e_rec,single-domain,0.0000,0.0000,3.571,0,1.50295,1,50,0.9206,1.731,0,50,1.075,3.923,50,50
174.00,175.27,175.28,1,1.77024,1,e_rec,single-domain,0.0000,0.0000,3.516,0,1.77024,1,50,1.22,0.8735,0,50,1.007,0.4497,50,50
174.40,175.67,175.68,1,1.65760,1,e_rec,single-domain,0.0000,0.0000,3.552,0,1.65760,1,50,0.7364,0.9046,0,50,0.1003,0.06302,50,50
174.80,176.07,176.08,1,-12.51647,0,|r_bal|,single-domain,0.0000,0.0000,3.547,0,-12.51647,0,50,0.3465,2.103,0,50,-0.7244,0.2981,2.314,9.195
175.20,176.47,176.48,1,-13.14893,0,|r_bal|,single-domain,0.0000,0.0000,3.479,0,-13.14893,0,50,0.9291,1.044,0,50,-1.202,0.8008,-0.4863,-0.2797
175.60,176.87,176.88,-1,-12.30834,0,|r_bal|,single-domain,0.0000,0.0000,3.562,0,-12.30834,0,50,0.4815,0.7952,0,50,-0.6632,0.2226,2.305,-0.9029
176.00,177.27,177.28,0,-3.09844,0,e_rec,cross-domain,0.0000,0.0000,3.672,0,-3.09844,0,0.1292,0.4714,2.265,0,1.047,-0.3223,0.3151,0.5883,-0.6526
176.40,177.67,177.68,0,-3.01440,0,|r_aux|,cross-domain,0.0000,0.0000,3.610,0,-3.01440,0,0.7606,0.9136,1.52,0,0.85,-0.246,0.5009,-0.04756,-0.5771
176.80,178.07,178.08,0,-2.89967,0,e_rec,cross-domain,0.0000,0.0000,4.510,0,-2.89967,0,0.3731,0.4665,1.075,0,0.6025,0.02625,-0.14,0.3756,-0.9061
177.20,178.47,178.48,0,-3.14063,0,|r_bal|,cross-domain,0.0000,0.0000,3.571,0,-3.14063,0,0.7606,0.6991,2.468,0,0.4905,0.1754,-0.3971,-1.05,-0.9452
177.60,178.87,178.88,0,-2.81413,0,|r_aux|,cross-domain,0.0000,0.0000,3.514,0,-2.81413,0,0.6314,1.065,1.239,0,-0.01316,0.297,0.02786,-0.706,-0.7709
178.00,179.27,179.28,0,-2.69969,0,|r_bal|,cross-domain,0.0000,0.0000,3.703,0,-2.69969,0,0.7749,0.6578,1.139,0,0.1629,0.2109,-0.5877,-0.0446,-0.8687
178.40,179.67,179.68,0,-3.02863,0,|r_aux|,cross-domain,0.0000,0.0000,3.697,0,-3.02863,0,-0.0287,0.7369,2.223,0,0.3045,0.4367,-0.4863,-0.4756,-0.5975
178.80,180.07,180.08,0,-3.10836,0,|r_aux|,cross-domain,0.0000,0.0000,3.815,0,-3.10836,0,0.0574,1.125,0.9918,0,0.2605,0.5033,0.08756,-0.9809,-0.7313
179.20,180.47,180.48,0,-2.32452,0,e_rec,cross-domain,0.0000,0.0000,3.496,0,-2.32452,0,0.2009,0.6516,0.6534,0,-0.08398,-0.1599,-0.2967,1.334,-0.8516
179.60,180.87,180.88,0,-3.19024,0,|r_aux|,cross-domain,0.0000,0.0000,3.631,0,-3.19024,0,0.3731,0.4404,1.802,0,0.02135,-0.8179,-0.02033,-1.114,0.1465
180.00,181.27,181.28,0,-2.67460,0,|r_aux|,cross-domain,0.0000,0.0000,3.564,0,-2.67460,0,0.4736,0.9284,0.6785,0,0.1134,-1.016,0.5466,0.4054,-0.4118
180.40,181.67,181.68,0,-3.05141,0,|r_bal|,cross-domain,0.0000,0.0000,3.656,0,-3.05141,0,0.7175,0.5154,0.6789,0,0.4439,-0.2993,-0.03696,-0.5033,-0.9522
180.80,182.07,182.08,0,-2.44715,0,|r_bal|,cross-domain,0.0000,0.0000,3.774,0,-2.44715,0,1.205,0.7041,2.076,0,-0.1029,0.08589,-0.3867,0.2154,0.1396
181.20,182.47,182.48,0,-2.33739,0,|r_bal|,cross-domain,0.0000,0.0000,3.510,0,-2.33739,0,1.492,1.074,1.294,0,-0.4068,0.05461,0.0211,-0.2029,-0.7043
181.60,182.87,182.88,0,-2.63128,0,|r_bal|,cross-domain,0.0000,0.0000,3.609,0,-2.63128,0,1.406,0.6275,0.8254,0,-0.1233,-0.7823,-0.344,-0.3907,-0.8102
182.00,183.27,183.28,0,-2.82791,0,|r_bal|,cross-domain,0.0000,0.0000,3.627,0,-2.82791,0,1.177,0.5354,2.151,0,0.2683,-1.142,-0.1944,-0.2607,-0.8159
182.40,183.67,183.68,0,-3.20157,0,|r_aux|,cross-domain,0.0000,0.0000,3.675,0,-3.20157,0,0.8611,1.008,1.119,0,0.6304,-1.207,0.2142,-0.9949,-0.7451
182.80,184.07,184.08,0,-2.74686,0,e_rec,cross-domain,0.0000,0.0000,3.633,0,-2.74686,0,0.0861,0.5675,1.065,0,0.6598,-1.044,-0.4187,1.141,-0.9457
183.20,184.47,184.48,0,-3.27261,0,|r_aux|,cross-domain,0.0000,0.0000,3.443,0,-3.27261,0,0.3444,0.611,2.214,0,0.5627,-0.8015,-0.4302,-0.8801,-0.08028
183.60,184.87,184.88,0,-2.77076,0,|r_aux|,cross-domain,0.0000,0.0000,3.668,0,-2.77076,0,0.4305,1.012,1.319,0,-0.09016,-0.5221,0.1533,-0.3542,-0.4668
184.00,185.27,185.28,0,-2.84884,0,|r_aux|,cross-domain,0.0000,0.0000,3.633,0,-2.84884,0,0.5023,0.5732,1.227,0,0.5959,0.7091,-0.3639,0.2432,-0.8644
184.40,185.67,185.68,0,-3.20640,0,|r_bal|,cross-domain,0.0000,0.0000,3.614,0,-3.20640,0,0.6314,0.6042,2.329,0,1.228,1.406,-0.3017,-0.2995,-0.9151
184.80,186.07,186.08,0,-2.65957,0,e_rec,cross-domain,0.0000,0.0000,3.710,0,-2.65957,0,0.3588,1.057,1.177,0,0.9449,1.571,0.02636,1.04,-0.8593
185.20,186.47,186.48,0,-3.12230,0,|r_aux|,cross-domain,0.0000,0.0000,3.705,0,-3.12230,0,0.4592,0.645,0.6974,0,0.7356,1.182,-0.3897,-0.5281,-0.7712
185.60,186.87,186.88,0,-3.02627,0,|r_aux|,cross-domain,0.0000,0.0000,3.637,0,-3.02627,0,0.3157,0.7002,2.03,0,0.1379,0.9085,-0.4879,-0.9038,-0.03016
186.00,187.27,187.28,0,-3.31799,0,|r_aux|,cross-domain,0.0000,0.0000,3.715,0,-3.31799,0,0.1005,1.075,0.6758,0,0.6084,0.7878,-0.08778,-1.249,-0.4268
186.40,187.67,187.68,0,-2.90349,0,e_rec,cross-domain,0.0000,0.0000,3.741,0,-2.90349,0,-0.1148,0.6842,0.7011,0,0.6903,0.3277,-0.5394,0.5411,-0.7732
186.80,188.07,188.08,0,-3.38410,0,|r_aux|,cross-domain,0.0000,0.0000,3.606,0,-3.38410,0,0.244,0.8123,1.931,0,0.7506,-0.4509,-0.5146,-1.076,0.7154
187.20,188.47,188.48,0,-2.95293,0,|r_aux|,cross-domain,0.0000,0.0000,3.778,0,-2.95293,0,0.4879,1.112,0.8978,0,0.7906,-0.5625,-0.09879,0.07078,-0.241
187.60,188.87,188.88,0,-2.63572,0,|r_bal|,cross-domain,0.0000,0.0000,3.617,0,-2.63572,0,1.292,0.7394,0.6786,0,0.3416,0.12,-0.4823,0.0544,-0.7864
188.00,189.27,189.28,0,-2.76486,0,|r_aux|,cross-domain,0.0000,0.0000,3.843,0,-2.76486,0,0.8324,0.8312,2.053,0,0.2207,0.8954,-0.4411,-0.3699,-0.169
188.40,189.67,189.68,0,-2.86201,0,|r_aux|,cross-domain,0.0000,0.0000,3.618,0,-2.86201,0,1.005,1.167,1.126,0,0.2627,0.9359,0.2125,-0.8316,-0.3764
188.80,190.07,190.08,0,-2.09975,0,e_rec,cross-domain,0.0000,0.0000,3.585,0,-2.09975,0,1.162,0.8398,0.9768,0,0.5118,-0.2926,-0.1196,2.135,-0.8169
189.20,190.47,190.48,0,-3.03396,0,|r_bal|,cross-domain,0.0000,0.0000,3.623,0,-3.03396,0,1.249,0.8894,2.447,0,0.2225,-1.071,-0.04588,-1.208,-0.06958
189.60,190.87,190.88,0,-2.60759,0,|r_aux|,cross-domain,0.0000,0.0000,3.615,0,-2.60759,0,0.7749,1.204,1.239,0,0.1141,-1.231,0.3866,0.2382,-0.2828
190.00,191.27,191.28,0,-2.84452,0,|r_aux|,cross-domain,0.0000,0.0000,3.692,0,-2.84452,0,0.4162,0.8268,1.124,0,0.2559,-1.039,-0.1599,-0.0315,-0.9545
190.40,191.67,191.68,0,-3.18558,0,|r_aux|,cross-domain,0.0000,0.0000,3.606,0,-3.18558,0,0.3588,0.8062,2.298,0,0.6933,-0.718,-0.1978,-0.513,0.3221
190.80,192.07,192.08,0,-2.69444,0,|r_aux|,cross-domain,0.0000,0.0000,3.489,0,-2.69444,0,0.818,1.155,1.19,0,0.7581,-0.309,0.2936,0.6387,-0.6182
191.20,192.47,192.48,0,-2.63533,0,|r_bal|,cross-domain,0.0000,0.0000,3.573,0,-2.63533,0,1.378,0.7218,0.7979,0,0.3699,1.27,-0.4138,-0.07736,-0.5763
191.60,192.87,192.88,0,-2.35910,0,|r_bal|,cross-domain,0.0000,0.0000,3.660,0,-2.35910,0,1.464,0.5109,2.082,0,-0.1507,1.965,-0.4331,0.1618,0.3913
192.00,193.27,193.28,0,-2.42938,0,|r_bal|,cross-domain,0.0000,0.0000,3.631,0,-2.42938,0,1.435,0.973,0.7422,0,0.4205,1.707,0.128,0.515,-0.3074
192.40,193.67,193.68,0,-2.37428,0,e_rec,cross-domain,0.0000,0.0000,3.616,0,-2.37428,0,1.263,0.6542,0.6834,0,0.3352,0.9067,-0.2286,0.9129,-0.7644
192.80,194.07,194.08,0,-3.13458,0,|r_bal|,cross-domain,0.0000,0.0000,3.577,0,-3.13458,0,1.076,0.8704,1.999,0,0.6572,0.4392,-0.2151,-1.076,-0.2036
193.20,194.47,194.48,0,-3.05523,0,|r_aux|,cross-domain,0.0000,0.0000,3.555,0,-3.05523,0,0.9328,1.186,1.086,0,0.3947,0.427,0.09142,-1.183,0.04069
193.60,194.87,194.88,0,-2.86227,0,|r_bal|,cross-domain,0.0000,0.0000,3.627,0,-2.86227,0,1.335,0.837,0.5743,0,0.4857,-0.504,-0.3414,-0.476,-0.875
194.00,195.27,195.28,0,-2.82899,0,|r_aux|,cross-domain,0.0000,0.0000,3.569,0,-2.82899,0,0.8898,0.9307,1.782,0,0.3686,-1.336,-0.1334,-0.1572,-0.6044
194.40,195.67,195.68,0,-2.67132,0,|r_aux|,cross-domain,0.0000,0.0000,3.567,0,-2.67132,0,0.8754,1.226,0.9854,0,-0.158,-1.113,0.3796,-0.3979,-0.08427
194.80,196.07,196.08,0,-2.63303,0,|r_qp|,cross-domain,0.0000,0.0000,3.590,0,-2.63303,0,-0.04305,0.8632,1.048,0,-0.5646,0.1167,0.01316,-0.255,-0.9452
195.20,196.47,196.48,0,-2.30188,0,e_rec,cross-domain,0.0000,0.0000,3.664,0,-2.30188,0,-0.08611,0.8815,1.989,0,-0.5711,0.9575,0.07961,0.7402,-0.3242
195.60,196.87,196.88,0,-2.55854,0,|r_aux|,cross-domain,0.0000,0.0000,4.001,0,-2.55854,0,0.4162,1.193,0.6581,0,-0.02453,1.156,0.5698,0.1862,-0.3719
196.00,197.27,197.28,0,-2.96078,0,|r_aux|,cross-domain,0.0000,0.0000,3.545,0,-2.96078,0,0.5166,0.881,0.1146,0,0.1888,0.6305,0.1579,-0.703,-0.5429
196.40,197.67,197.68,0,-3.17433,0,|r_aux|,cross-domain,0.0000,0.0000,3.568,0,-3.17433,0,0.8036,0.8918,1.827,0,0.7427,0.2059,0.01196,-0.8428,-0.0004365
196.80,198.07,198.08,0,-3.00234,0,|r_aux|,cross-domain,0.0000,0.0000,3.584,0,-3.00234,0,0.5884,1.235,0.516,0,0.6351,0.06218,0.4792,-0.365,0.2663
197.20,198.47,198.48,0,-2.72413,0,|r_bal|,cross-domain,0.0000,0.0000,3.631,0,-2.72413,0,1.22,0.9355,-0.4116,0,-0.02684,-0.5901,-0.2441,-0.6224,-0.6608
197.60,198.87,198.88,0,-2.80673,0,|r_aux|,cross-domain,0.0000,0.0000,3.531,0,-2.80673,0,1.033,1.018,0.2217,0,0.2218,-0.7773,-0.001726,-0.4384,-0.5741
198.00,199.27,199.28,0,-2.99943,0,|r_aux|,cross-domain,0.0000,0.0000,3.543,0,-2.99943,0,1.263,1.248,-0.9905,0,0.963,-0.4204,0.6198,-0.2546,0.1932
198.40,199.67,199.68,0,-2.92209,0,|r_bal|,cross-domain,0.0000,0.0000,3.562,0,-2.92209,0,1.22,0.9202,-1.289,0,0.4788,1.091,-0.006398,-0.7624,-0.8652
198.80,200.07,200.08,0,-1.90023,0,|r_qp|,cross-domain,0.0000,0.0000,3.557,0,-1.90023,0,1.335,0.9577,-0.08852,0,-0.785,2.006,-0.1397,0.6332,-0.7856
199.20,200.47,200.48,0,-2.03716,0,|r_qp|,cross-domain,0.0000,0.0000,3.566,0,-2.03716,0,1.033,1.263,-1.24,0,-1.184,1.733,0.2697,-0.1948,-0.7885
199.60,200.87,200.88,0,-2.29190,0,|r_qp|,cross-domain,0.0000,0.0000,3.643,0,-2.29190,0,0.7893,0.8298,-0.3548,0,-0.4885,0.4152,-0.09015,0.4017,-0.9428
200.00,201.27,201.28,0,-2.83275,0,|r_bal|,cross-domain,0.0000,0.0000,3.485,0,-2.83275,0,0.9472,0.5088,2.187,0,0.3071,-0.6906,-0.2699,-0.08351,0.07511
200.40,201.67,201.68,0,-3.06374,0,|r_aux|,cross-domain,0.0000,0.0000,3.748,0,-3.06374,0,1.048,1.013,1.302,0,0.6321,-0.5621,0.2432,-0.6733,0.6233
200.80,202.07,202.08,0,-2.44699,0,|r_bal|,cross-domain,0.0000,0.0000,3.699,0,-2.44699,0,1.55,0.7785,-0.06609,0,0.1774,-0.06219,-0.674,0.2766,-0.5011
201.20,202.47,202.48,0,-3.03132,0,|r_aux|,cross-domain,0.0000,0.0000,3.608,0,-3.03132,0,1.134,1.107,-0.03108,0,0.5842,0.00262,-0.6192,-1.037,-0.5949
201.60,202.87,202.88,0,-3.32027,0,|r_aux|,cross-domain,0.0000,0.0000,3.639,0,-3.32027,0,0.4592,1.26,-1.311,0,0.8242,-0.2003,0.1035,-1.073,0.4144
202.00,203.27,203.28,0,-3.05676,0,|r_bal|,cross-domain,0.0000,0.0000,3.674,0,-3.05676,0,1.005,0.8722,-0.5747,0,1.096,0.02745,-0.07433,-0.1189,-0.8788
202.40,203.67,203.68,0,-2.18170,0,e_rec,cross-domain,0.0000,0.0000,3.788,0,-2.18170,0,1.148,0.8228,1.899,0,0.4152,0.5902,0.2842,1.809,0.8173
202.80,204.07,204.08,0,-2.59779,0,|r_bal|,cross-domain,0.0000,0.0000,3.637,0,-2.59779,0,1.521,1.198,0.9986,0,0.1344,0.989,0.6224,-0.3847,0.2318
203.20,204.47,204.48,0,-1.90971,0,e_rec,cross-domain,0.0000,0.0000,3.583,0,-1.90971,0,0.9041,0.9431,-0.05677,0,-0.3761,0.8403,-0.2527,1.57,-0.3635
203.60,204.87,204.88,0,-2.28426,0,e_rec,cross-domain,0.0000,0.0000,3.698,0,-2.28426,0,0.9185,1.038,0.3313,0,-0.008576,0.6365,-0.5392,0.7253,-0.3958
204.00,205.27,205.28,0,-2.80488,0,|r_aux|,cross-domain,0.0000,0.0000,3.620,0,-2.80488,0,0.9472,1.282,-1.263,0,0.3191,0.4031,-0.04719,-0.5347,-0.1428
204.40,205.67,205.68,0,-3.00842,0,|r_bal|,cross-domain,0.0000,0.0000,3.734,0,-3.00842,0,1.607,0.8786,-0.5486,0,0.6707,0.14,-0.1956,-0.9448,-0.9191
204.80,206.07,206.08,0,-2.83800,0,|r_bal|,cross-domain,0.0000,0.0000,3.589,0,-2.83800,0,1.32,0.6871,1.93,0,0.045,-0.2412,-0.2015,-0.8744,-0.5664
205.20,206.47,206.48,0,-3.24991,0,|r_aux|,cross-domain,0.0000,0.0000,3.553,0,-3.24991,0,0.9615,1.085,1.087,0,0.6903,-0.2882,0.207,-1.196,1.184
205.60,206.87,206.88,0,-2.53912,0,e_rec,cross-domain,0.0000,0.0000,3.629,0,-2.53912,0,0.6458,0.8229,-0.06831,0,0.1999,-0.3405,-0.6306,0.6052,-0.4579
206.00,207.27,207.28,0,-2.53535,0,|r_aux|,cross-domain,0.0000,0.0000,3.541,0,-2.53535,0,0.5166,1.05,0.1936,0,-0.1122,-0.4371,-0.6064,0.1604,-0.4023
206.40,207.67,207.68,0,-2.72506,0,|r_aux|,cross-domain,0.0000,0.0000,3.727,0,-2.72506,0,0.9615,1.265,-0.9937,0,-0.3709,-0.4923,0.1003,-0.9983,0.3439
206.80,208.07,208.08,0,-2.46959,0,|r_bal|,cross-domain,0.0000,0.0000,3.588,0,-2.46959,0,1.406,0.9479,-0.8521,0,-0.02465,-0.6907,-0.3641,0.08011,-0.511
207.20,208.47,208.48,0,-2.56386,0,e_rec,cross-domain,0.0000,0.0000,3.580,0,-2.56386,0,1.191,0.9111,0.8761,0,0.5846,-0.7307,0.02237,0.7773,-0.4344
207.60,208.87,208.88,0,-3.05197,0,|r_aux|,cross-domain,0.0000,0.0000,3.775,0,-3.05197,0,1.234,1.257,-0.07837,0,0.633,-0.6554,0.2424,-0.955,-0.7194
208.00,209.27,209.28,0,-3.31236,0,|r_bal|,cross-domain,0.0000,0.0000,3.581,0,-3.31236,0,1.134,0.8301,0.4296,0,1.066,-0.3112,-0.2591,-1.041,-0.7452
208.40,209.67,209.68,0,-3.21266,0,|r_bal|,cross-domain,0.0000,0.0000,3.818,0,-3.21266,0,0.818,0.5756,2.45,0,0.7112,-0.1179,-0.4598,-0.9092,-0.6767
208.80,210.07,210.08,0,-2.80847,0,|r_aux|,cross-domain,0.0000,0.0000,3.629,0,-2.80847,0,0.9902,1.03,1.131,0,0.538,-0.1086,-0.03112,-0.1202,-0.4564
209.20,210.47,210.48,0,-3.00855,0,|r_bal|,cross-domain,0.0000,0.0000,3.534,0,-3.00855,0,1.306,0.6695,0.7933,0,0.4566,0.0221,-0.4596,-0.95,-0.8513
209.60,210.87,210.88,0,-2.91806,0,|r_bal|,cross-domain,0.0000,0.0000,3.632,0,-2.91806,0,0.818,0.7047,2.058,0,0.06227,-0.06739,-0.497,-0.9067,-0.9507
210.00,211.27,211.28,0,-2.97958,0,|r_aux|,cross-domain,0.0000,0.0000,3.529,0,-2.97958,0,0.8324,1.052,0.8806,0,0.4989,0.1355,0.111,-0.5805,0.453
210.40,211.67,211.68,0,-2.61232,0,|r_aux|,cross-domain,0.0000,0.0000,3.662,0,-2.61232,0,0.1435,0.7995,-0.3111,0,-0.2746,0.5961,-0.6191,-0.01279,-0.3068
210.80,212.07,212.08,0,-2.30796,0,|r_aux|,cross-domain,0.0000,0.0000,3.588,0,-2.30796,0,0.8467,1.112,-0.3176,0,-0.1181,0.9617,-0.7891,0.4261,-0.3813
211.20,212.47,212.48,0,-2.67862,0,|r_aux|,cross-domain,0.0000,0.0000,3.571,0,-2.67862,0,1.22,1.308,-1.438,0,-0.1654,1.014,-0.2522,-1.093,-0.6538
211.60,212.87,212.88,0,-1.12274,0,e_rec,cross-domain,0.0000,0.0000,3.566,0,-1.12274,0,1.378,0.8411,-0.7705,0,-0.008411,0.1528,-0.6949,4.333,-0.8729
212.00,213.27,213.28,0,-3.03536,0,|r_bal|,cross-domain,0.0000,0.0000,3.555,0,-3.03536,0,0.8467,0.5385,1.919,0,0.7152,-0.1787,-0.4183,-0.278,-0.3167
212.40,213.67,213.68,0,-3.14191,0,|r_aux|,cross-domain,0.0000,0.0000,3.611,0,-3.14191,0,0.5023,0.9995,0.8584,0,1.283,-0.02348,-0.07874,0.1185,0.1012
212.80,214.07,214.08,0,-1.85299,0,e_rec,cross-domain,0.0000,0.0000,3.791,0,-1.85299,0,0.5453,0.6903,0.863,0,0.7892,0.5479,-0.4,3.612,-0.9597
213.20,214.47,214.48,0,-2.71273,0,|r_aux|,cross-domain,0.0000,0.0000,3.561,0,-2.71273,0,0.6314,0.8297,2.008,0,0.3606,0.3916,-0.2861,0.2001,-0.2653
213.60,214.87,214.88,0,-2.60025,0,|r_aux|,cross-domain,0.0000,0.0000,3.653,0,-2.60025,0,1.062,1.146,0.9116,0,-0.1905,0.4033,0.08101,-0.5126,0.247
214.00,215.27,215.28,0,-2.60321,0,|r_aux|,cross-domain,0.0000,0.0000,3.557,0,-2.60321,0,0.6171,0.8701,-0.1579,0,0.09242,0.4209,-0.4381,0.1809,-0.5698
214.40,215.67,215.68,0,-2.85232,0,|r_aux|,cross-domain,0.0000,0.0000,3.638,0,-2.85232,0,0.574,1.044,0.826,0,0.4674,0.7973,-0.3646,-0.2767,-0.5148
214.80,216.07,216.08,0,-2.51816,0,e_rec,cross-domain,0.0000,0.0000,3.696,0,-2.51816,0,0.4449,1.313,-0.4721,0,1.338,0.9485,0.1151,1.952,-0.149
215.20,216.47,216.48,0,-2.66451,0,e_rec,cross-domain,0.0000,0.0000,3.535,0,-2.66451,0,0.9759,0.9489,-0.07015,0,1.397,0.2723,-0.1302,1.443,-0.9661
215.60,216.87,216.88,0,-3.33667,0,|r_bal|,cross-domain,0.0000,0.0000,3.773,0,-3.33667,0,1.134,0.8541,2.021,0,1.13,-0.4779,-0.06212,-1.023,-0.715
216.00,217.27,217.28,0,-3.11267,0,|r_aux|,cross-domain,0.0000,0.0000,3.616,0,-3.11267,0,0.8467,1.187,0.8862,0,0.6368,-0.6923,0.3269,-0.8032,0.0572
216.40,217.67,217.68,0,-3.04907,0,|r_aux|,cross-domain,0.0000,0.0000,3.693,0,-3.04907,0,0.574,0.7954,0.7645,0,0.05305,0.03962,-0.2448,-1.18,-0.899
216.80,218.07,218.08,0,-3.04130,0,|r_aux|,cross-domain,0.0000,0.0000,3.720,0,-3.04130,0,0.04305,0.7085,2.139,0,-0.2913,0.6785,-0.4683,-1.345,-0.6828
217.20,218.47,218.48,0,-2.77203,0,|r_aux|,cross-domain,0.0000,0.0000,3.395,0,-2.77203,0,0.3301,1.094,0.8534,0,-0.3452,0.8657,0.06406,-0.8312,0.1443
217.60,218.87,218.88,0,-1.94769,0,e_rec,cross-domain,0.0000,0.0000,3.568,0,-1.94769,0,0.5597,0.854,0.05522,0,-0.6172,0.7666,-0.51,1.394,0.01446
218.00,219.27,219.28,0,-2.29898,0,|r_qp|,cross-domain,0.0000,0.0000,3.553,0,-2.29898,0,0.9185,1.075,0.8393,0,-0.7771,0.5026,-0.2969,-0.2722,-0.1787
218.40,219.67,219.68,0,-1.82209,0,e_rec,cross-domain,0.0000,0.0000,3.634,0,-1.82209,0,1.076,1.302,-0.2059,0,-0.5936,0.2225,0.1016,1.405,0.1418
218.80,220.07,220.08,0,-3.05702,0,|r_bal|,cross-domain,0.0000,0.0000,3.932,0,-3.05702,0,1.148,0.9596,-0.1899,0,0.741,-0.4376,-0.2977,-0.7105,-0.7065
219.20,220.47,220.48,0,-3.13036,0,|r_aux|,cross-domain,0.0000,0.0000,3.495,0,-3.13036,0,0.6745,0.9298,1.207,0,0.6041,-1.03,-0.103,-0.7006,-0.4838
219.60,220.87,220.88,0,-2.96477,0,|r_aux|,cross-domain,0.0000,0.0000,3.606,0,-2.96477,0,0.4018,1.23,-0.1308,0,0.6694,-0.7145,0.4467,0.03169,0.2773
220.00,221.27,221.28,0,-2.17308,0,e_rec,cross-domain,0.0000,0.0000,3.598,0,-2.17308,0,0.7749,0.894,-0.08732,0,-0.3884,0.4251,0.1612,0.9249,-0.9165
220.40,221.67,221.68,0,-2.41224,0,|r_aux|,cross-domain,0.0000,0.0000,3.651,0,-2.41224,0,0.5453,0.8943,1.546,0,-0.263,1.102,0.05429,0.3719,-0.04211
220.80,222.07,222.08,0,-2.44907,0,|r_aux|,cross-domain,0.0000,0.0000,3.728,0,-2.44907,0,0.6314,1.241,0.4898,0,-0.2099,1.29,0.5225,0.1285,0.009376
221.20,222.47,222.48,0,-2.36524,0,e_rec,cross-domain,0.0000,0.0000,3.605,0,-2.36524,0,0.3157,0.9693,0.03355,0,0.5968,0.6656,-0.2963,1.724,-0.4891
221.60,222.87,222.88,0,-2.83999,0,|r_aux|,cross-domain,0.0000,0.0000,3.644,0,-2.83999,0,0.9615,1.026,0.8739,0,0.8359,0.5447,-0.4102,0.00882,-0.8153
222.00,223.27,223.28,0,-3.31277,0,|r_aux|,cross-domain,0.0000,0.0000,3.691,0,-3.31277,0,0.9328,1.289,-0.06278,0,1.091,0.6037,0.04401,-1.221,-0.4853
222.40,223.67,223.68,0,-2.90822,0,|r_bal|,cross-domain,0.0000,0.0000,3.672,0,-2.90822,0,1.449,0.88,0.2468,0,0.7646,0.04479,-0.251,-0.4152,-0.9188
222.80,224.07,224.08,0,-2.99854,0,|r_bal|,cross-domain,0.0000,0.0000,3.538,0,-2.99854,0,0.9902,0.6796,2.039,0,0.537,-0.455,-0.4274,-0.5484,-0.3923
223.20,224.47,224.48,0,-2.95007,0,|r_aux|,cross-domain,0.0000,0.0000,3.567,0,-2.95007,0,0.6888,1.092,1.041,0,0.6314,-0.6111,-0.01942,-0.2335,-0.4366
223.60,224.87,224.88,0,-3.02112,0,|r_aux|,cross-domain,0.0000,0.0000,3.630,0,-3.02112,0,0.574,0.7187,0.6556,0,0.5995,0.2479,-0.6249,-0.4309,-0.8767
224.00,225.27,225.28,0,-2.76085,0,|r_bal|,cross-domain,0.0000,0.0000,3.652,0,-2.76085,0,0.7606,0.7148,2.317,0,-0.1572,0.6201,-0.6102,-0.7712,-0.953
224.40,225.67,225.68,0,-2.72330,0,|r_aux|,cross-domain,0.0000,0.0000,3.710,0,-2.72330,0,0.818,1.101,0.9067,0,0.3519,0.7563,0.1178,-0.03681,0.6514
224.80,226.07,226.08,0,-2.51580,0,e_rec,cross-domain,0.0000,0.0000,3.669,0,-2.51580,0,0.7606,0.8301,0.3012,0,0.3687,0.7852,-0.3626,0.7102,-0.6137
225.20,226.47,226.48,0,-3.02019,0,|r_aux|,cross-domain,0.0000,0.0000,3.594,0,-3.02019,0,0.7606,1.042,1.135,0,0.9088,1.103,-0.1004,-0.3803,-0.8724
225.60,226.87,226.88,0,-3.26102,0,|r_aux|,cross-domain,0.0000,0.0000,3.718,0,-3.26102,0,0.3014,1.295,0.2462,0,0.7914,1.439,0.3277,-1.077,-0.08097
226.00,227.27,227.28,0,-2.32478,0,|r_bal|,cross-domain,0.0000,0.0000,4.179,0,-2.32478,0,1.048,0.8985,0.5757,0,-0.3852,0.6275,-0.231,0.1493,-0.8461
226.40,227.67,227.68,0,-2.49631,0,|r_qp|,cross-domain,0.0000,0.0000,3.706,0,-2.49631,0,1.048,0.7881,2.498,0,-0.5933,-0.3182,-0.2508,-0.522,-0.9004
226.80,228.07,228.08,0,-2.39618,0,|r_bal|,cross-domain,0.0000,0.0000,3.564,0,-2.39618,0,1.378,1.145,1.639,0,-0.4031,-0.8469,0.1949,-0.1967,-0.3633
227.20,228.47,228.48,0,-2.39235,0,|r_bal|,cross-domain,0.0000,0.0000,4.829,0,-2.39235,0,1.736,0.7609,1.535,0,-0.4121,-0.2871,-0.3468,-0.381,-0.934
227.60,228.87,228.88,0,-2.74566,0,|r_bal|,cross-domain,0.0000,0.0000,3.750,0,-2.74566,0,1.564,0.6708,2.571,0,0.2334,0.2005,-0.5775,-0.6216,-0.534
228.00,229.27,229.28,0,-2.53555,0,|r_bal|,cross-domain,0.0000,0.0000,3.700,0,-2.53555,0,1.492,1.069,0.7885,0,-0.1236,0.2165,0.08079,-0.4087,0.3609
228.40,229.67,229.68,0,-2.33254,0,|r_bal|,cross-domain,0.0000,0.0000,3.625,0,-2.33254,0,1.191,0.8384,-0.3806,0,0.09255,-0.005968,-0.6169,0.7464,-0.3199
228.80,230.07,230.08,0,-2.38112,0,|r_bal|,cross-domain,0.0000,0.0000,3.622,0,-2.38112,0,1.191,1.109,0.288,0,-0.2488,0.02717,-0.5426,-0.06058,-0.7585
229.20,230.47,230.48,0,-2.53645,0,|r_aux|,cross-domain,0.0000,0.0000,3.762,0,-2.53645,0,1.349,1.319,-0.5355,0,-0.2628,0.04068,-0.02398,-0.6619,-0.06566
229.60,230.87,230.88,0,-2.67643,0,|r_bal|,cross-domain,0.0000,0.0000,3.616,0,-2.67643,0,1.249,0.8766,-0.03973,0,-0.513,-0.2379,-0.3957,-1.171,-0.8514
230.00,231.27,231.28,0,-2.50098,0,|r_qp|,cross-domain,0.0000,0.0000,3.634,0,-2.50098,0,0.9328,0.6627,1.895,0,-0.9658,-0.6546,-0.3687,-0.8228,-0.7963
230.40,231.67,231.68,0,-2.63200,0,|r_qp|,cross-domain,0.0000,0.0000,3.653,0,-2.63200,0,0.5597,1.064,0.9047,0,-1.034,-0.6997,0.1234,-1.172,0.3314
230.80,232.07,232.08,0,-2.43662,0,|r_qp|,cross-domain,0.0000,0.0000,3.551,0,-2.43662,0,0.3157,0.7975,0.5865,0,-1.256,-0.2767,-0.286,-0.6995,-0.9343
231.20,232.47,232.48,0,-2.74584,0,|r_aux|,cross-domain,0.0000,0.0000,3.648,0,-2.74584,0,0.3444,0.9969,1.965,0,0.3182,0.03735,0.05083,0.1834,-0.9669
231.60,232.87,232.88,0,-2.94683,0,|r_aux|,cross-domain,0.0000,0.0000,3.592,0,-2.94683,0,0.244,1.264,0.4219,0,0.4754,0.1664,0.6277,-0.1616,0.4695
232.00,233.27,233.28,0,-3.07514,0,|r_aux|,cross-domain,0.0000,0.0000,3.674,0,-3.07514,0,0.5453,0.9756,-0.0914,0,0.7061,-0.08179,-0.02313,-0.4206,-0.4982
232.40,233.67,233.68,0,-2.72452,0,|r_aux|,cross-domain,0.0000,0.0000,3.647,0,-2.72452,0,0.6458,1.037,1.059,0,0.1984,-0.1549,-0.426,-0.1085,0.1382
232.80,234.07,234.08,0,-2.56748,0,|r_aux|,cross-domain,0.0000,0.0000,3.564,0,-2.56748,0,1.005,1.306,0.03746,0,0.03829,-0.1386,-0.2013,-0.1831,-0.3401
233.20,234.47,234.48,0,-2.97382,0,|r_aux|,cross-domain,0.0000,0.0000,3.664,0,-2.97382,0,0.8611,0.9557,0.3052,0,0.3566,-0.4159,-0.5726,-0.8324,-0.9105
233.60,234.87,234.88,0,-2.72671,0,|r_bal|,cross-domain,0.0000,0.0000,3.598,0,-2.72671,0,1.091,0.8279,2.173,0,0.4754,-0.9534,-0.3959,0.1352,-0.6981
234.00,235.27,235.28,0,-2.47770,0,e_rec,cross-domain,0.0000,0.0000,3.432,0,-2.47770,0,1.091,1.196,0.9944,0,0.5115,-0.9928,0.1268,0.889,-0.3981
234.40,235.67,235.68,0,-2.74350,0,|r_bal|,cross-domain,0.0000,0.0000,3.760,0,-2.74350,0,1.378,0.7844,0.761,0,0.2842,-0.04541,-0.4382,-0.4332,-0.9481
234.80,236.07,236.08,0,-2.82197,0,|r_qp|,cross-domain,0.0000,0.0000,3.566,0,-2.82197,0,0.6888,0.6559,1.805,0,-0.3814,0.6687,-0.6146,-1.126,-0.2231
235.20,236.47,236.48,0,-2.40043,0,|r_aux|,cross-domain,0.0000,0.0000,3.647,0,-2.40043,0,0.5023,1.083,0.6236,0,-0.2697,0.8542,0.0217,0.3038,-0.7892
235.60,236.87,236.88,0,-2.90989,0,|r_aux|,cross-domain,0.0000,0.0000,3.662,0,-2.90989,0,0.3157,0.731,0.2521,0,0.3544,0.3203,-0.3621,-0.1826,-0.8962
236.00,237.27,237.28,0,-3.18374,0,|r_aux|,cross-domain,0.0000,0.0000,3.511,0,-3.18374,0,-0.08611,0.7263,1.829,0,0.2929,-0.084,-0.3054,-0.8414,-0.7055
236.40,237.67,237.68,0,-2.74080,0,|r_aux|,cross-domain,0.0000,0.0000,3.752,0,-2.74080,0,0.1866,1.096,1.077,0,0.3961,-0.1822,0.05831,0.4457,0.09164
236.80,238.07,238.08,0,-2.81470,0,|r_aux|,cross-domain,0.0000,0.0000,4.096,0,-2.81470,0,0.2296,0.721,1.052,0,-0.01774,-0.7592,-0.461,-0.1819,-0.751
237.20,238.47,238.48,0,-2.60296,0,|r_bal|,cross-domain,0.0000,0.0000,3.832,0,-2.60296,0,1.033,0.7575,2.396,0,0.02524,-0.981,-0.4133,0.05964,-0.2177
237.60,238.87,238.88,0,-1.69564,0,e_rec,cross-domain,0.0000,0.0000,3.621,0,-1.69564,0,1.292,1.096,1.214,0,-0.4479,-0.8638,0.06027,2.077,-0.321
238.00,239.27,239.28,0,-2.39742,0,e_rec,cross-domain,0.0000,0.0000,3.514,0,-2.39742,0,0.9472,0.6731,1,0,0.1991,0.1957,-0.477,0.8899,-0.7433
238.40,239.67,239.68,0,-2.62347,0,e_rec,cross-domain,0.0000,0.0000,3.778,0,-2.62347,0,0.574,0.5912,2.135,0,0.2655,0.6123,-0.5216,0.443,-0.9386
238.80,240.07,240.08,0,-3.26057,0,|r_aux|,cross-domain,0.0000,0.0000,5.145,0,-3.26057,0,0.574,1.027,1.049,0,0.9693,0.5931,0.2346,-0.7584,0.05434
239.20,240.47,240.48,0,-2.44116,0,e_rec,cross-domain,0.0000,0.0000,4.699,0,-2.44116,0,0.8611,0.7022,0.761,0,0.08597,0.4337,-0.0962,0.6899,-0.7069
239.60,240.87,240.88,0,-1.95433,0,|r_qp|,cross-domain,0.0000,0.0000,4.634,0,-1.95433,0,1.048,0.8628,2.171,0,-0.7603,1.338,-0.06417,0.8067,-0.5636
240.00,241.27,241.28,0,-2.33334,0,|r_qp|,cross-domain,0.0000,0.0000,3.819,0,-2.33334,0,0.8898,1.187,1.381,0,-0.7637,2.726,0.2119,-0.6263,-0.266
240.40,241.67,241.68,0,-1.88103,0,e_rec,cross-domain,0.0000,0.0000,4.121,0,-1.88103,0,0.4592,0.7512,1.215,0,-0.7696,2.956,-0.4905,1.219,-0.34
240.80,242.07,242.08,0,-2.37810,0,e_rec,cross-domain,0.0000,0.0000,3.650,0,-2.37810,0,0.5453,0.5631,2.309,0,0.2465,2.758,-0.4594,1.032,0.01668
241.20,242.47,242.48,0,-2.96829,0,|r_aux|,cross-domain,0.0000,0.0000,3.920,0,-2.96829,0,0.6888,0.9866,1.284,0,0.5501,1.58,0.1275,-0.4902,1.226
241.60,242.87,242.88,0,-2.65399,0,e_rec,cross-domain,0.0000,0.0000,3.599,0,-2.65399,0,0.7606,0.6356,1.189,0,1.17,0.9235,-0.2769,1.396,-0.8687
242.00,243.27,243.28,0,-3.34082,0,|r_aux|,cross-domain,0.0000,0.0000,3.638,0,-3.34082,0,0.8611,0.8345,2.889,0,1.081,-0.09544,-0.2103,-0.9761,-0.1664
242.40,243.67,243.68,0,-2.82916,0,|r_bal|,cross-domain,0.0000,0.0000,3.839,0,-2.82916,0,1.435,1.169,1.87,0,0.7812,-0.6541,0.184,-0.1447,-0.3515
242.80,244.07,244.08,0,-2.83473,0,|r_bal|,cross-domain,0.0000,0.0000,3.605,0,-2.83473,0,1.751,0.7261,1.477,0,0.3485,-0.6735,-0.3939,-0.7619,-0.843
243.20,244.47,244.48,0,-2.65944,0,|r_bal|,cross-domain,0.0000,0.0000,3.574,0,-2.65944,0,1.823,0.5277,2.282,0,0.352,0.6057,-0.3018,-0.19,0.5325
243.60,244.87,244.88,0,-2.68632,0,|r_bal|,cross-domain,0.0000,0.0000,3.759,0,-2.68632,0,1.349,0.9748,1.142,0,0.1791,1.127,0.2613,-0.4785,-0.3234
244.00,245.27,245.28,0,-3.09661,0,|r_bal|,cross-domain,0.0000,0.0000,3.717,0,-3.09661,0,0.9615,0.6337,0.8564,0,0.7992,1.697,-0.1361,-0.7056,-0.915
244.40,245.67,245.68,0,-2.68828,0,|r_aux|,cross-domain,0.0000,0.0000,3.749,0,-2.68828,0,0.6601,0.8649,2.268,0,0.4755,2.064,-0.3866,0.1141,-0.749
244.80,246.07,246.08,0,-3.06623,0,|r_aux|,cross-domain,0.0000,0.0000,3.609,0,-3.06623,0,0.7319,1.145,1.024,0,1.189,1.641,-0.01841,-0.2308,-0.2404
245.20,246.47,246.48,0,-3.36850,0,|r_aux|,cross-domain,0.0000,0.0000,3.551,0,-3.36850,0,0.1722,0.7942,0.7459,0,0.7728,1.448,-0.5126,-1.252,-0.8083
245.60,246.87,246.88,0,-3.17314,0,|r_aux|,cross-domain,0.0000,0.0000,3.678,0,-3.17314,0,0.1148,0.8843,1.91,0,0.8488,0.8095,-0.3605,-0.4549,-0.7652
246.00,247.27,247.28,0,-3.09082,0,|r_aux|,cross-domain,0.0000,0.0000,3.644,0,-3.09082,0,0.3014,1.22,0.7085,0,0.78,0.05688,0.1334,-0.4056,-0.8375
246.40,247.67,247.68,0,-3.46910,0,|r_bal|,cross-domain,0.0000,0.0000,3.881,0,-3.46910,0,0.9759,0.806,0.391,0,1.48,-0.4904,-0.4341,-0.9026,-0.7012
246.80,248.07,248.08,0,-3.09783,0,|r_bal|,cross-domain,0.0000,0.0000,3.643,0,-3.09783,0,1.033,0.5726,1.973,0,0.8758,-0.9369,-0.3844,-0.3158,-0.4199
247.20,248.47,248.48,0,-2.68528,0,|r_aux|,cross-domain,0.0000,0.0000,3.440,0,-2.68528,0,0.7319,0.9947,1.214,0,0.4421,-0.7939,0.07012,0.4569,-0.3287
247.60,248.87,248.88,0,-2.59182,0,|r_aux|,cross-domain,0.0000,0.0000,3.773,0,-2.59182,0,0.7032,0.7308,0.9741,0,0.1215,-0.4119,-0.2106,0.4176,-0.6674
248.00,249.27,249.28,0,-2.70538,0,|r_aux|,cross-domain,0.0000,0.0000,3.679,0,-2.70538,0,0.8324,1.061,2.225,0,0.5862,-0.2398,-0.00278,0.3311,-0.8708
248.40,249.67,249.68,0,-3.08616,0,|r_aux|,cross-domain,0.0000,0.0000,3.719,0,-3.08616,0,1.249,1.319,0.9326,0,1.157,-0.3324,0.5313,-0.4462,-0.7722
248.80,250.07,250.08,0,-2.56724,0,e_rec,cross-domain,0.0000,0.0000,3.604,0,-2.56724,0,1.349,0.8294,0.8109,0,0.9652,-0.1985,-0.03656,1.131,-0.4568
249.20,250.47,250.48,0,-2.81956,0,|r_bal|,cross-domain,0.0000,0.0000,3.565,0,-2.81956,0,2.325,0.4706,2.127,0,0.217,0.04138,-0.1065,-1.088,-0.1445
249.60,250.87,250.88,0,-2.16172,0,|r_bal|,cross-domain,0.0000,0.0000,3.740,0,-2.16172,0,2.397,0.9695,0.816,0,-0.7579,0.06925,0.5308,-0.4905,-0.7019
250.00,251.27,251.28,0,-1.67588,0,e_rec,cross-domain,0.0000,0.0000,3.592,0,-1.67588,0,1.78,0.6767,0.7211,0,-0.6712,0.09344,-0.09802,1.645,-0.8095
250.40,251.67,251.68,0,-2.56448,0,|r_bal|,cross-domain,0.0000,0.0000,3.856,0,-2.56448,0,1.119,0.9443,2.35,0,-0.07611,0.2861,-0.2506,-0.252,-0.1018
250.80,252.07,252.08,0,-2.86522,0,|r_aux|,cross-domain,0.0000,0.0000,3.685,0,-2.86522,0,1.119,1.234,1.401,0,0.5637,0.6568,0.1321,-0.5437,-0.1546
251.20,252.47,252.48,0,-2.41274,0,|r_bal|,cross-domain,0.0000,0.0000,3.619,0,-2.41274,0,1.306,0.8789,0.9315,0,-0.1968,0.1467,-0.3485,-0.007761,-0.7917
251.60,252.87,252.88,0,-2.77703,0,|r_bal|,cross-domain,0.0000,0.0000,3.792,0,-2.77703,0,1.22,0.9218,2.298,0,0.145,-0.4822,-0.232,-0.6266,-0.6282
252.00,253.27,253.28,0,-2.28369,0,|r_aux|,cross-domain,0.0000,0.0000,3.560,0,-2.28369,0,1.091,1.185,0.8591,0,-0.2471,-0.688,0.05544,0.4915,-0.3773
252.40,253.67,253.68,0,-2.49685,0,|r_bal|,cross-domain,0.0000,0.0000,3.627,0,-2.49685,0,1.292,0.8139,0.4591,0,0.03963,-0.02362,-0.3448,0.1065,-0.8839
252.80,254.07,254.08,0,-2.72211,0,|r_bal|,cross-domain,0.0000,0.0000,3.746,0,-2.72211,0,1.048,0.8572,1.685,0,-0.4217,0.3137,-0.2585,-1.082,0.1014
253.20,254.47,254.48,0,-2.79150,0,|r_aux|,cross-domain,0.0000,0.0000,3.555,0,-2.79150,0,1.062,1.217,0.8385,0,-0.2696,0.1986,0.2991,-1.265,-0.7424
253.60,254.87,254.88,0,-2.65296,0,|r_aux|,cross-domain,0.0000,0.0000,3.693,0,-2.65296,0,0.6314,0.8255,0.6426,0,-0.1867,-0.5597,-0.2951,-0.1975,-0.8677
254.00,255.27,255.28,0,-3.14436,0,|r_aux|,cross-domain,0.0000,0.0000,3.600,0,-3.14436,0,0.3731,0.6329,2.201,0,0.3296,-0.6918,-0.4383,-0.853,-0.7014
254.40,255.67,255.68,0,-3.02128,0,|r_aux|,cross-domain,0.0000,0.0000,3.721,0,-3.02128,0,0.4018,1.055,0.999,0,0.1727,-0.3616,0.02947,-0.8516,-0.1325
254.80,256.07,256.08,0,-3.11271,0,|r_aux|,cross-domain,0.0000,0.0000,3.831,0,-3.11271,0,0.6458,0.7455,0.7591,0,0.8172,-0.2282,-0.2807,-0.3746,-0.7774
255.20,256.47,256.48,0,-2.56131,0,|r_bal|,cross-domain,0.0000,0.0000,3.633,0,-2.56131,0,1.378,0.9181,2.205,0,-0.03603,-0.2762,-0.138,-0.2482,-0.2528
255.60,256.87,256.88,0,-2.30508,0,|r_bal|,cross-domain,0.0000,0.0000,3.736,0,-2.30508,0,1.751,1.208,0.9603,0,0.1918,-0.4702,0.2829,0.5545,-0.5848
256.00,257.27,257.28,0,-2.76343,0,|r_bal|,cross-domain,0.0000,0.0000,3.579,0,-2.76343,0,1.521,0.7159,0.6973,0,0.1783,0.2419,-0.1084,-0.6411,-0.7749
256.40,257.67,257.68,0,-3.09616,0,|r_bal|,cross-domain,0.0000,0.0000,3.593,0,-3.09616,0,0.818,0.3547,1.644,0,0.4516,0.7763,-0.02617,-0.7133,-0.2908
256.80,258.07,258.08,0,-3.00396,0,|r_aux|,cross-domain,0.0000,0.0000,3.663,0,-3.00396,0,0.4592,0.9058,0.5689,0,0.3166,0.4723,0.5949,-0.572,-0.7663
257.20,258.47,258.48,0,-2.62304,0,e_rec,cross-domain,0.0000,0.0000,3.571,0,-2.62304,0,0.244,0.4911,0.5496,0,-0.0381,-0.4669,-0.1187,0.594,-0.7431
257.60,258.87,258.88,0,-3.57049,0,|r_aux|,cross-domain,0.0000,0.0000,4.290,0,-3.57049,0,0.2583,0.4264,1.94,0,0.7872,-1.168,-0.1184,-1.295,-0.7268
258.00,259.27,259.28,0,-2.64512,0,|r_aux|,cross-domain,0.0000,0.0000,3.672,0,-2.64512,0,0.7319,0.9577,0.9299,0,0.2412,-1.158,0.4644,0.4639,-0.6479
258.40,259.67,259.68,0,-2.75545,0,|r_bal|,cross-domain,0.0000,0.0000,3.615,0,-2.75545,0,1.306,0.4664,1.01,0,0.6872,-0.9154,-0.01059,0.5008,-0.9351
258.80,260.07,260.08,0,-2.84441,0,|r_bal|,cross-domain,0.0000,0.0000,3.696,0,-2.84441,0,1.536,0.4331,2.436,0,0.173,-0.7009,-0.004703,-0.6198,-0.7417
259.20,260.47,260.48,0,-2.84238,0,|r_bal|,cross-domain,0.0000,0.0000,3.505,0,-2.84238,0,1.32,0.9001,1.331,0,0.1357,-0.598,0.6335,-0.6982,-0.7223
259.60,260.87,260.88,0,-2.88216,0,|r_bal|,cross-domain,0.0000,0.0000,3.699,0,-2.88216,0,1.148,0.4211,0.9642,0,-0.2267,-0.4249,0.1918,-0.9637,-0.6487
260.00,261.27,261.28,0,-2.52374,0,|r_qp|,cross-domain,0.0000,0.0000,3.688,0,-2.52374,0,1.048,0.586,2.388,0,-1.185,-0.3882,0.3523,-1.086,-0.4976
260.40,261.67,261.68,0,-2.12311,0,|r_qp|,cross-domain,0.0000,0.0000,3.625,0,-2.12311,0,0.7319,0.9918,1.066,0,-1.425,-0.3289,0.4501,-0.1579,-0.8869
260.80,262.07,262.08,0,-2.54113,0,|r_qp|,cross-domain,0.0000,0.0000,3.679,0,-2.54113,0,1.263,0.5469,0.9439,0,-0.8489,-0.1841,-0.1261,-0.926,-0.7465
261.20,262.47,262.48,0,-2.79569,0,|r_bal|,cross-domain,0.0000,0.0000,3.664,0,-2.79569,0,1.363,0.6028,2.313,0,-0.3564,-0.006999,-0.1809,-1.171,0.9884
261.60,262.87,262.88,0,-2.73485,0,|r_bal|,cross-domain,0.0000,0.0000,3.670,0,-2.73485,0,1.564,1.017,1.084,0,-0.335,-0.03454,0.343,-1.321,-0.7321
262.00,263.27,263.28,0,-2.32948,0,|r_bal|,cross-domain,0.0000,0.0000,3.651,0,-2.32948,0,1.363,0.5943,1.006,0,-0.5344,-0.6691,-0.2839,0.08869,-0.8956
262.40,263.67,263.68,0,-2.32727,0,|r_bal|,cross-domain,0.0000,0.0000,3.654,0,-2.32727,0,1.593,0.7138,2.07,0,-0.7835,-1.16,-0.505,-0.4242,-0.38
262.80,264.07,264.08,0,-2.51693,0,|r_bal|,cross-domain,0.0000,0.0000,3.698,0,-2.51693,0,1.78,1.061,1.09,0,-0.4959,-1.219,0.1103,-0.8778,-0.5999
263.20,264.47,264.48,0,-2.86042,0,|r_bal|,cross-domain,0.0000,0.0000,3.643,0,-2.86042,0,1.794,0.623,0.5414,0,-0.1109,-0.6572,-0.2662,-1.351,-0.7783
263.60,264.87,264.88,0,-3.11856,0,|r_bal|,cross-domain,0.0000,0.0000,3.677,0,-3.11856,0,1.033,0.5707,1.427,0,0.5294,-0.3942,-0.1552,-0.8742,-0.9495
264.00,265.27,265.28,0,-2.79148,0,|r_aux|,cross-domain,0.0000,0.0000,3.916,0,-2.79148,0,0.6458,1.003,0.5224,0,0.4743,-0.2713,0.2528,0.1615,-0.7807
264.40,265.67,265.68,0,-2.72292,0,e_rec,cross-domain,0.0000,0.0000,3.670,0,-2.72292,0,0.4879,0.5868,0.9756,0,0.7304,-0.146,-0.1783,0.9822,-0.7629
264.80,266.07,266.08,0,-3.09979,0,|r_aux|,cross-domain,0.0000,0.0000,3.743,0,-3.09979,0,0.3301,0.5751,2.687,0,0.5901,0.2487,-0.1635,-0.3825,-0.667
265.20,266.47,266.48,0,-2.64086,0,|r_aux|,cross-domain,0.0000,0.0000,3.566,0,-2.64086,0,0.5453,1.042,1.367,0,-0.06026,0.4457,0.3337,-0.09546,-0.694
265.60,266.87,266.88,0,-3.04224,0,|r_bal|,cross-domain,0.0000,0.0000,3.700,0,-3.04224,0,0.6601,0.5856,0.9438,0,0.1988,-0.02743,-0.1595,-0.8578,-0.8184
266.00,267.27,267.28,0,-2.90498,0,|r_bal|,cross-domain,0.0000,0.0000,3.735,0,-2.90498,0,1.363,0.3636,2.514,0,0.2128,-0.481,0.04732,-0.6216,-0.6498
266.40,267.67,267.68,0,-2.41929,0,|r_bal|,cross-domain,0.0000,0.0000,3.697,0,-2.41929,0,1.363,0.8958,1.586,0,-0.1534,-0.8411,0.8415,0.3453,-0.536
266.80,268.07,268.08,0,-2.90154,0,|r_bal|,cross-domain,0.0000,0.0000,3.764,0,-2.90154,0,1.263,0.4567,1.215,0,-0.2256,-0.7243,0.266,-1.084,-0.8222
267.20,268.47,268.48,0,-2.88874,0,|r_bal|,cross-domain,0.0000,0.0000,3.494,0,-2.88874,0,0.9759,0.7746,2.451,0,-0.2598,-0.7264,0.2397,-1.106,-0.1604
267.60,268.87,268.88,0,-2.79210,0,|r_aux|,cross-domain,0.0000,0.0000,3.666,0,-2.79210,0,1.091,1.087,0.9437,0,0.8766,-0.479,0.2748,0.3611,-0.7959
268.00,269.27,269.28,0,-3.03980,0,|r_bal|,cross-domain,0.0000,0.0000,3.667,0,-3.03980,0,1.492,0.6403,0.8358,0,1.01,-0.2616,-0.227,-0.3466,-0.7315
268.40,269.67,269.68,0,-3.43168,0,|r_bal|,cross-domain,0.0000,0.0000,3.539,0,-3.43168,0,1.593,0.5939,1.819,0,1.518,0.05721,-0.2414,-0.9466,1.023
268.80,270.07,270.08,0,-2.80914,0,|r_bal|,cross-domain,0.0000,0.0000,3.569,0,-2.80914,0,1.808,1.009,0.7402,0,1.211,-0.06604,0.1304,0.2603,-0.6713
269.20,270.47,270.48,0,-2.77296,0,e_rec,cross-domain,0.0000,0.0000,3.641,0,-2.77296,0,0.9759,0.5903,0.6611,0,0.9353,-0.6592,-0.3734,0.7985,-0.8866
269.60,270.87,270.88,0,-3.43936,0,|r_aux|,cross-domain,0.0000,0.0000,3.590,0,-3.43936,0,0.6171,0.6797,2.207,0,0.866,-1.201,-0.437,-1.232,-0.7149
270.00,271.27,271.28,0,-2.73499,0,|r_aux|,cross-domain,0.0000,0.0000,3.611,0,-2.73499,0,0.7462,1.065,0.9611,0,0.6555,-1.223,0.1805,0.5973,-0.3649
270.40,271.67,271.68,0,-3.03039,0,|r_bal|,cross-domain,0.0000,0.0000,3.536,0,-3.03039,0,0.7032,0.623,0.802,0,0.3931,-0.1681,-0.3093,-0.6243,-0.7311
270.80,272.07,272.08,0,-2.65747,0,e_rec,cross-domain,0.0000,0.0000,4.311,0,-2.65747,0,0.4592,0.3261,2.362,0,0.5145,0.8088,0.01514,0.9934,-0.7389
271.20,272.47,272.48,0,-2.63640,0,e_rec,cross-domain,0.0000,0.0000,3.606,0,-2.63640,0,0.3444,0.9274,1.179,0,0.3008,0.8159,0.9057,0.6879,-0.2188
271.60,272.87,272.88,0,-2.85781,0,|r_bal|,cross-domain,0.0000,0.0000,3.664,0,-2.85781,0,0.5453,0.4556,1.192,0,0.213,-0.005567,0.4443,0.02274,-0.8877
272.00,273.27,273.28,0,-2.69991,0,e_rec,cross-domain,0.0000,0.0000,3.750,0,-2.69991,0,0.6171,0.4795,2.634,0,0.08058,-0.6679,0.584,0.4047,-0.5195
272.40,273.67,273.68,0,-3.37011,0,|r_aux|,cross-domain,0.0000,0.0000,3.701,0,-3.37011,0,0.4018,0.9307,1.86,0,0.4434,-0.8502,0.818,-1.372,-0.6594
272.80,274.07,274.08,0,-3.46725,0,|r_bal|,cross-domain,0.0000,0.0000,3.607,0,-3.46725,0,0.4736,0.4515,1.329,0,0.8334,-0.8387,0.1473,-1.045,-0.9139
273.20,274.47,274.48,0,-3.32817,0,|r_aux|,cross-domain,0.0000,0.0000,3.687,0,-3.32817,0,0.4018,0.6561,2.316,0,0.4625,-1.091,-0.005671,-1.052,1.35
273.60,274.87,274.88,0,-2.00809,0,e_rec,cross-domain,0.0000,0.0000,3.593,0,-2.00809,0,0.4449,1.018,0.7097,0,-0.1694,-1.044,0.2964,2.097,-0.4527
274.00,275.27,275.28,0,-2.15638,0,e_rec,cross-domain,0.0000,0.0000,2.958,0,-2.15638,0,0.3444,0.5345,0.7407,0,-0.3639,-0.4231,-0.03328,1.616,-0.3196
274.40,275.67,275.68,0,-3.16455,0,|r_aux|,cross-domain,0.0000,0.0000,4.444,0,-3.16455,0,0.4449,0.4728,2.056,0,0.2991,0.1639,0.1584,-0.8113,0.5865
274.80,276.07,276.08,0,-2.84508,0,|r_aux|,cross-domain,0.0000,0.0000,3.854,0,-2.84508,0,0.4305,0.9382,1.013,0,0.3389,0.4443,0.6573,-0.02652,-0.7515
275.20,276.47,276.48,0,-3.17352,0,|r_bal|,cross-domain,0.0000,0.0000,3.710,0,-3.17352,0,0.6027,0.5351,0.7456,0,0.4769,0.5429,0.07005,-0.8549,-0.4657
275.60,276.87,276.88,0,-2.85468,0,|r_aux|,cross-domain,0.0000,0.0000,3.598,0,-2.85468,0,0.3157,0.6458,2.131,0,0.3734,0.7874,-0.03307,0.05783,-0.6422
276.00,277.27,277.28,0,-2.63090,0,|r_aux|,cross-domain,0.0000,0.0000,3.661,0,-2.63090,0,0.4449,1.055,1.12,0,0.3025,0.9738,0.3711,0.4029,-0.7334
276.40,277.67,277.68,0,-3.16685,0,|r_aux|,cross-domain,0.0000,0.0000,3.643,0,-3.16685,0,0.5023,0.5828,0.9738,0,0.3688,0.2744,0.01853,-0.9448,-0.8785
276.80,278.07,278.08,0,-2.81754,0,|r_bal|,cross-domain,0.0000,0.0000,3.594,0,-2.81754,0,1.005,0.4982,2.275,0,0.4598,-0.6452,0.3042,0.2048,-0.511
277.20,278.47,278.48,0,-2.92032,0,|r_bal|,cross-domain,0.0000,0.0000,3.719,0,-2.92032,0,1.406,0.9738,1.139,0,0.1381,-0.9489,0.7853,-0.9327,-0.07269
277.60,278.87,278.88,0,-2.94903,0,|r_bal|,cross-domain,0.0000,0.0000,3.625,0,-2.94903,0,1.564,0.5567,0.9216,0,1.338,0.02748,0.5689,0.5342,-0.1276
278.00,279.27,279.28,0,-3.14428,0,|r_bal|,cross-domain,0.0000,0.0000,3.533,0,-3.14428,0,1.048,0.3571,2.292,0,1.455,0.8376,1.073,0.4412,-0.8915
278.40,279.67,279.68,0,-3.31467,0,|r_bal|,cross-domain,0.0000,0.0000,3.709,0,-3.31467,0,1.091,0.9461,1.031,0,1.597,0.9377,1.935,-0.1577,-0.8326
278.80,280.07,280.08,0,-2.62094,0,e_rec,cross-domain,0.0000,0.0000,3.548,0,-2.62094,0,1.033,0.4285,0.8033,0,0.7014,0.2289,1.543,1.328,-0.7317
279.20,280.47,280.48,0,-2.91453,0,|r_bal|,cross-domain,0.0000,0.0000,3.535,0,-2.91453,0,0.9759,0.434,2.135,0,0.1821,-0.2711,1.551,-0.1774,-0.0519
279.60,280.87,280.88,0,-2.78648,0,|r_aux|,cross-domain,0.0000,0.0000,3.621,0,-2.78648,0,0.6601,0.9423,1.268,0,-0.3454,-0.3908,1.983,-0.4998,-0.6526
280.00,281.27,281.28,0,-2.69680,0,e_rec,cross-domain,0.0000,0.0000,3.510,0,-2.69680,0,0.531,0.479,0.9725,0,0.0197,-0.8113,2.676,0.8358,-0.9047
280.40,281.67,281.68,0,-3.19721,0,|r_bal|,cross-domain,0.0000,0.0000,3.731,0,-3.19721,0,0.6027,0.4062,1.916,0,0.4891,-1.028,4.045,0.2023,0.6164
280.80,282.07,282.08,0,-2.95993,0,e_rec,cross-domain,0.0000,0.0000,3.525,0,-2.95993,0,0.5166,0.9764,0.8185,0,0.6107,-0.9562,4.733,0.9116,-0.008997
281.20,282.47,282.48,0,-2.54969,0,e_rec,cross-domain,0.0000,0.0000,3.576,0,-2.54969,0,1.335,0.4727,0.7189,0,0.7085,0.08132,4.709,2.008,-0.46
281.60,282.87,282.88,0,-2.82297,0,|r_bal|,cross-domain,0.0000,0.0000,3.502,0,-2.82297,0,1.478,0.4821,2.04,0,0.4998,0.8126,4.849,0.6406,-0.8778
282.00,283.27,283.28,0,-3.11711,0,|r_bal|,cross-domain,0.0000,0.0000,3.514,0,-3.11711,0,2.325,1.043,1.173,0,0.477,0.7707,4.922,-1.191,-0.4785
282.40,283.67,283.68,0,-2.42395,0,|r_bal|,cross-domain,0.0000,0.0000,3.544,0,-2.42395,0,1.952,0.4351,0.6806,0,0.04633,0.05334,3.601,0.9708,-0.4871
282.80,284.07,284.08,0,-2.89220,0,e_rec,cross-domain,0.0000,0.0000,3.476,0,-2.89220,0,1.363,0.5114,1.851,0,1.042,-0.5106,2.543,0.9073,-0.6017
283.20,284.47,284.48,0,-2.39512,0,e_rec,cross-domain,0.0000,0.0000,3.565,0,-2.39512,0,1.22,1,0.8783,0,1.533,-0.6496,2.313,2.946,0.1449
283.60,284.87,284.88,0,-3.28670,0,|r_aux|,cross-domain,0.0000,0.0000,3.630,0,-3.28670,0,0.4592,0.5177,0.7947,0,0.9794,-0.292,2.962,0.2108,-0.5205
284.00,285.27,285.28,0,-3.39146,0,|r_bal|,cross-domain,0.0000,0.0000,3.505,0,-3.39146,0,1.363,0.4359,2.269,0,0.587,-0.02784,4.169,-0.9858,-0.5605
284.40,285.67,285.68,0,-2.31637,0,e_rec,cross-domain,0.0000,0.0000,3.580,0,-2.31637,0,1.65,0.9812,1.074,0,-0.1011,0.04948,4.587,1.133,-0.6598
284.80,286.07,286.08,0,-2.67832,0,|r_bal|,cross-domain,0.0000,0.0000,4.593,0,-2.67832,0,2.196,0.3816,1.241,0,-0.3652,-0.6214,3.068,-0.5358,-0.574
285.20,286.47,286.48,0,-2.52614,0,|r_bal|,cross-domain,0.0000,0.0000,3.784,0,-2.52614,0,1.622,0.7408,2.44,0,-0.5328,-1.209,1.227,-0.2973,1.971
285.60,286.87,286.88,0,-2.69144,0,|r_bal|,cross-domain,0.0000,0.0000,3.762,0,-2.69144,0,1.306,1.073,1.142,0,0.03288,-1.385,0.4481,-0.3726,-0.5727
286.00,287.27,287.28,0,-2.53278,0,|r_qp|,cross-domain,0.0000,0.0000,4.040,0,-2.53278,0,0.8898,0.5845,0.9697,0,-0.5272,-1.414,0.1148,-0.06302,-0.7601
286.40,287.67,287.68,0,-2.48364,0,|r_qp|,cross-domain,0.0000,0.0000,3.869,0,-2.48364,0,0.7606,0.3697,2.439,0,-0.6366,-1.172,0.3586,0.2035,-0.1336
286.80,288.07,288.08,0,-2.34114,0,|r_qp|,cross-domain,0.0000,0.0000,3.499,0,-2.34114,0,0.8324,0.9319,1.327,0,-0.9011,-1.079,1.228,0.05215,-0.659
287.20,288.47,288.48,0,-2.32231,0,e_rec,cross-domain,0.0000,0.0000,3.497,0,-2.32231,0,0.6745,0.4374,0.9662,0,-0.3282,-0.8975,0.7265,1.161,-0.7848
287.60,288.87,288.88,0,-3.22496,0,|r_bal|,cross-domain,0.0000,0.0000,3.709,0,-3.22496,0,1.091,0.612,2.182,0,0.3295,-0.9397,0.7018,-1.297,-0.6566
288.00,289.27,289.28,0,-2.62610,0,|r_aux|,cross-domain,0.0000,0.0000,3.555,0,-2.62610,0,1.019,1.015,1.103,0,0.387,-0.8884,0.5706,0.4918,-0.3479
288.40,289.67,289.68,0,-2.49195,0,|r_bal|,cross-domain,0.0000,0.0000,3.686,0,-2.49195,0,1.449,0.5751,0.6032,0,0.3473,0.04695,0.838,0.8263,-0.443
288.80,290.07,290.08,0,-2.16383,0,e_rec,cross-domain,0.0000,0.0000,3.568,0,-2.16383,0,0.8036,0.3638,2.151,0,0.04749,0.8083,1.77,2.078,-0.8873
289.20,290.47,290.48,0,-3.00074,0,|r_aux|,cross-domain,0.0000,0.0000,3.542,0,-3.00074,0,0.9615,0.9638,1.169,0,0.2292,1.09,2.912,-0.6693,-0.7864
289.60,290.87,290.88,0,-2.61036,0,e_rec,cross-domain,0.0000,0.0000,3.670,0,-2.61036,0,1.105,0.4421,1.274,0,1.039,0.8379,2.268,1.813,-0.4882
290.00,291.27,291.28,0,-2.99761,0,e_rec,cross-domain,0.0000,0.0000,3.548,0,-2.99761,0,1.033,0.4824,2.685,0,1.432,0.6116,1.983,1.041,-0.3801
290.40,291.67,291.68,0,-3.34008,0,|r_aux|,cross-domain,0.0000,0.0000,3.642,0,-3.34008,0,0.8898,1.002,1.243,0,1.319,0.677,2.203,-0.3962,-0.3463
290.80,292.07,292.08,0,-2.78574,0,e_rec,cross-domain,0.0000,0.0000,3.567,0,-2.78574,0,0.7462,0.5125,1.071,0,1.758,-0.1113,2.546,2.548,-0.3737
291.20,292.47,292.48,0,-2.62511,0,e_rec,cross-domain,0.0000,0.0000,3.640,0,-2.62511,0,1.579,0.4396,2.056,0,0.3389,-0.8145,3.713,1.085,0.2252
291.60,292.87,292.88,0,-3.27447,0,|r_bal|,cross-domain,0.0000,0.0000,3.654,0,-3.27447,0,1.564,0.9722,0.581,0,0.6611,-1.147,4.073,-0.808,-0.05011
292.00,293.27,293.28,0,-3.04240,0,|r_bal|,cross-domain,0.0000,0.0000,3.538,0,-3.04240,0,1.593,0.43,0.7942,0,-0.08991,-0.4356,3.523,-0.9284,-0.6392
292.40,293.67,293.68,0,-3.15514,0,|r_bal|,cross-domain,0.0000,0.0000,3.651,0,-3.15514,0,0.6888,0.4416,1.801,0,0.397,0.01905,3.764,-0.1114,-0.4342
292.80,294.07,294.08,0,-3.27508,0,|r_aux|,cross-domain,0.0000,0.0000,3.565,0,-3.27508,0,0.8898,0.9925,0.6926,0,0.2464,0.1662,3.958,-1.167,-0.781
293.20,294.47,294.48,0,-3.07710,0,|r_bal|,cross-domain,0.0000,0.0000,3.551,0,-3.07710,0,1.105,0.4366,0.5724,0,-0.01813,0.06176,3.672,-0.6864,-0.9133
293.60,294.87,294.88,0,-2.80703,0,|r_bal|,cross-domain,0.0000,0.0000,3.656,0,-2.80703,0,1.306,0.4856,1.897,0,0.4992,0.02808,3.008,0.5568,-0.5831
294.00,295.27,295.28,0,-3.42227,0,|r_bal|,cross-domain,0.0000,0.0000,3.599,0,-3.42227,0,1.335,0.9861,1.029,0,0.9605,-0.06702,3.045,-1.16,-0.854
294.40,295.67,295.68,0,-3.21965,0,|r_bal|,cross-domain,0.0000,0.0000,3.519,0,-3.21965,0,1.593,0.412,1.129,0,1.542,-0.5265,2.02,0.3201,-0.7925
294.80,296.07,296.08,0,-3.17848,0,|r_bal|,cross-domain,0.0000,0.0000,4.577,0,-3.17848,0,1.894,0.6583,2.779,0,1.217,-1.026,1.166,-0.4453,-0.5094
295.20,296.47,296.48,0,-2.50440,0,|r_bal|,cross-domain,0.0000,0.0000,3.647,0,-2.50440,0,1.894,1.032,1.548,0,0.7585,-0.8654,0.5198,0.7568,-0.5851
295.60,296.87,296.88,0,-3.04969,0,|r_bal|,cross-domain,0.0000,0.0000,3.942,0,-3.04969,0,1.32,0.6538,0.8834,0,0.4788,0.09776,1.896,-0.5772,-0.5044
296.00,297.27,297.28,0,-3.30432,0,|r_bal|,cross-domain,0.0000,0.0000,3.567,0,-3.30432,0,0.8467,0.373,2.18,0,0.81,0.9358,4.153,-0.1793,-0.7029
296.40,297.67,297.68,0,-2.99491,0,e_rec,cross-domain,0.0000,0.0000,3.572,0,-2.99491,0,0.574,1.022,1.231,0,0.6927,0.834,5.534,0.7089,-0.7912
296.80,298.07,298.08,0,-3.07643,0,|r_bal|,cross-domain,0.0000,0.0000,4.423,0,-3.07643,0,0.6027,0.4191,0.9465,0,0.3124,0.03158,3.505,0.04693,-0.7868
297.20,298.47,298.48,0,-2.05858,0,e_rec,cross-domain,0.0000,0.0000,3.662,0,-2.05858,0,0.7032,0.5539,2.102,0,-0.2261,-0.5375,1.488,2.203,0.4904
297.60,298.87,298.88,0,-2.06034,0,e_rec,cross-domain,0.0000,0.0000,3.857,0,-2.06034,0,1.091,0.989,0.7001,0,0.3173,-0.43,0.9585,2.206,-0.6227
298.00,299.27,299.28,0,-2.93132,0,|r_bal|,cross-domain,0.0000,0.0000,3.497,0,-2.93132,0,1.406,0.4466,0.5681,0,1.059,-0.6825,0.4319,0.4533,-0.5437
298.40,299.67,299.68,0,-3.27681,0,|r_bal|,cross-domain,0.0000,0.0000,3.571,0,-3.27681,0,0.8467,0.4661,1.821,0,0.8308,-0.9428,0.3148,-0.5641,0.4946
