t_start,t_end,t_release,label,score,alarm,dominant,domain,csec_corr,csec_unc,decision_ms_after_target,csec_wait_ms,prov_score,prov_alarm,|r_bal|,|r_aux|,|r_cool|,|r_ups|,|r_qp|,|r_pv|,|r_reg|,e_rec,e_fc
2.00,3.27,3.28,0,6.17920,1,e_rec,single-domain,0.0000,0.0000,5.525,0,6.17920,1,-2.44,12.68,-0.5916,0,-0.8876,31.17,50,28.16,35.07
2.40,3.67,3.68,0,2.53383,1,e_rec,single-domain,0.0000,0.0000,4.370,0,2.53383,1,-2.483,13.8,-0.4191,0,-0.876,27.3,48.32,16.39,29.08
2.80,4.07,4.08,0,14.12951,1,e_rec,single-domain,0.0000,0.0000,3.673,0,14.12951,1,-2.167,13.42,-0.3544,0,-0.858,17.78,47.15,50,6.447
3.20,4.47,4.48,0,-0.59540,0,e_rec,single-domain,0.0000,0.0000,3.598,0,-0.59540,0,-0.9902,10.52,0.6235,0,0.1148,8.951,50,10.75,7.488
3.60,4.87,4.88,0,8.25016,1,e_rec,single-domain,0.0000,0.0000,3.698,0,8.25016,1,-0.7319,9.036,0.4308,0,-0.1449,2.722,44.57,36.72,3.887
4.00,5.27,5.28,0,6.85008,1,e_rec,single-domain,0.0000,0.0000,5.255,0,6.85008,1,0.8036,5.769,0.573,0,-0.06899,2.993,47.63,34.4,2.194
4.40,5.67,5.68,0,-2.62627,0,e_rec,single-domain,0.0000,0.0000,4.290,0,-2.62627,0,0.07175,4.152,1.136,0,-0.04566,4.408,41.78,6.77,3.756
4.80,6.07,6.08,0,-1.22243,0,e_rec,single-domain,0.0000,0.0000,3.661,0,-1.22243,0,0.1579,4.02,0.2386,0,0.1101,6.311,37.87,9.822,-0.5334
5.20,6.47,6.48,0,-1.40553,0,e_rec,cross-domain,0.0000,0.0000,3.608,0,-1.40553,0,0.2296,2.765,-0.05782,0,0.1149,5.951,28.71,8.21,-0.8315
5.60,6.87,6.88,0,-3.79381,0,|r_aux|,cross-domain,0.0000,0.0000,3.597,0,-3.79381,0,0.4592,1.819,1.074,0,-0.3272,3.258,18.84,-0.6619,-0.581
6.00,7.27,7.28,0,-2.89053,0,|r_aux|,cross-domain,0.0000,0.0000,3.663,0,-2.89053,0,0.3301,1.676,0.3578,0,-0.8037,1.464,14.29,0.8432,-0.5206
6.40,7.67,7.68,0,-3.19333,0,|r_aux|,cross-domain,0.0000,0.0000,3.738,0,-3.19333,0,0.574,0.723,0.4135,0,-0.3707,1.044,6.111,-0.6257,-0.1056
6.80,8.07,8.08,0,-2.63747,0,|r_aux|,cross-domain,0.0000,0.0000,3.126,0,-2.63747,0,0.531,1.328,2.131,0,-0.1642,2.064,0.621,-0.4066,-0.1794
7.20,8.47,8.48,0,-2.85877,0,|r_aux|,cross-domain,0.0000,0.0000,5.112,0,-2.85877,0,1.205,1.179,1.599,0,-0.09938,1.914,1.44,-1.156,-0.7164
7.60,8.87,8.88,0,-2.22487,0,e_rec,cross-domain,0.0000,0.0000,5.032,0,-2.22487,0,1.005,0.8483,1.658,0,0.4715,1.262,1.019,1.925,0.9555
8.00,9.27,9.28,0,-2.93074,0,|r_bal|,cross-domain,0.0000,0.0000,3.893,0,-2.93074,0,0.8898,0.818,2.672,0,0.6363,1.756,0.8667,-0.01872,0.01675
8.40,9.67,9.68,0,-3.23021,0,|r_aux|,cross-domain,0.0000,0.0000,3.721,0,-3.23021,0,0.4018,1.159,1.264,0,0.7582,1.255,0.02505,-0.7542,-0.08322
8.80,10.07,10.08,0,-2.58210,0,e_rec,cross-domain,0.0000,0.0000,3.830,0,-2.58210,0,0.7462,1.031,0.6861,0,0.6967,1.277,-0.3338,0.9466,1.023
9.20,10.47,10.48,0,-2.66757,0,e_rec,cross-domain,0.0000,0.0000,3.586,0,-2.66757,0,0.4879,1.218,1.971,0,0.6899,0.317,-0.1757,0.8429,0.8592
9.60,10.87,10.88,0,-3.07430,0,|r_aux|,cross-domain,0.0000,0.0000,3.680,0,-3.07430,0,0.6458,1.389,1.204,0,0.6406,-0.1873,0.6683,-0.4931,-0.5962
10.00,11.27,11.28,0,-1.89792,0,e_rec,cross-domain,0.0000,0.0000,5.518,0,-1.89792,0,0.8898,1.142,1.047,0,0.2853,-0.7021,0.1367,2.727,3.077
10.40,11.67,11.68,0,-2.59510,0,|r_aux|,cross-domain,0.0000,0.0000,4.236,0,-2.59510,0,0.818,1.124,2.721,0,-0.2429,0.08972,0.2316,-0.2425,0.4885
10.80,12.07,12.08,0,-2.75774,0,|r_aux|,cross-domain,0.0000,0.0000,3.996,0,-2.75774,0,0.6888,1.357,1.108,0,-0.1048,0.6188,0.6034,-0.6197,-0.1618
11.20,12.47,12.48,0,-1.75454,0,e_rec,cross-domain,0.0000,0.0000,3.565,0,-1.75454,0,0.3588,1.14,0.831,0,0.3484,1.754,0.1278,3.259,2.602
11.60,12.87,12.88,0,-2.67763,0,|r_aux|,cross-domain,0.0000,0.0000,3.846,0,-2.67763,0,1.162,1.175,2.318,0,0.5908,1.86,0.3043,0.1481,0.4205
12.00,13.27,13.28,0,-2.97083,0,|r_aux|,cross-domain,0.0000,0.0000,3.770,0,-2.97083,0,0.9902,1.38,0.8368,0,0.4997,1.408,0.697,-0.7175,0.1962
12.40,13.67,13.68,0,-2.70139,0,|r_bal|,cross-domain,0.0000,0.0000,3.635,0,-2.70139,0,1.292,1.093,0.5744,0,-0.1913,0.574,0.2828,-0.7211,1.5
12.80,14.07,14.08,0,-2.24077,0,e_rec,cross-domain,0.0000,0.0000,3.885,0,-2.24077,0,0.5023,0.9368,1.775,0,-0.3034,-0.1069,-0.00279,1.124,1.565
13.20,14.47,14.48,0,-2.63744,0,|r_aux|,cross-domain,0.0000,0.0000,5.244,0,-2.63744,0,0.6171,1.249,0.6571,0,-0.4242,-0.3313,0.3177,-0.5072,-0.2706
13.60,14.87,14.88,0,-2.35338,0,e_rec,cross-domain,0.0000,0.0000,4.162,0,-2.35338,0,0.1148,0.988,0.7913,0,-0.4542,-0.7088,-0.1538,0.8873,1.784
14.00,15.27,15.28,0,-2.64932,0,|r_qp|,cross-domain,0.0000,0.0000,3.841,0,-2.64932,0,0.3731,1.03,2.132,0,-0.6277,-1.123,0.04853,-0.4311,0.496
14.40,15.67,15.68,0,-2.31902,0,|r_aux|,cross-domain,0.0000,0.0000,4.379,0,-2.31902,0,0.4879,1.239,0.8351,0,-0.4676,-1.422,0.8437,0.6893,-0.5017
14.80,16.07,16.08,0,-2.01785,0,e_rec,cross-domain,0.0000,0.0000,3.810,0,-2.01785,0,0.4162,1.074,0.7759,0,0.1746,-1.288,0.3145,2.634,2.138
15.20,16.47,16.48,0,-2.54255,0,|r_aux|,cross-domain,0.0000,0.0000,3.572,0,-2.54255,0,0.4162,1.283,1.813,0,0.1118,-0.4466,0.1733,0.5688,0.03978
15.60,16.87,16.88,0,-3.20276,0,|r_aux|,cross-domain,0.0000,0.0000,3.632,0,-3.20276,0,0.3301,1.48,0.8108,0,0.7719,-0.01167,1.245,-0.4256,-0.2685
16.00,17.27,17.28,0,-3.48526,0,|r_aux|,cross-domain,0.0000,0.0000,2.863,0,-3.48526,0,0.7175,1.073,0.5779,0,1.777,0.9585,0.2193,-0.1806,0.7066
16.40,17.67,17.68,0,-3.62707,0,|r_bal|,cross-domain,0.0000,0.0000,5.331,0,-3.62707,0,0.9185,0.7105,2.007,0,1.908,0.816,0.08654,-0.3519,0.6286
16.80,18.07,18.08,0,-2.91191,0,e_rec,cross-domain,0.0000,0.0000,3.823,0,-2.91191,0,1.048,1.074,0.7455,0,2.034,0.8114,0.2455,1.567,-0.489
17.20,18.47,18.48,0,-2.73431,0,e_rec,cross-domain,0.0000,0.0000,3.914,0,-2.73431,0,1.722,0.9717,0.2362,0,1.543,-0.04478,0.411,1.304,0.7374
17.60,18.87,18.88,0,-2.76047,0,|r_bal|,cross-domain,0.0000,0.0000,3.610,0,-2.76047,0,1.363,1.291,1.292,0,0.7297,-0.2691,0.4965,0.1732,0.234
18.00,19.27,19.28,0,-2.46261,0,|r_bal|,cross-domain,0.0000,0.0000,3.697,0,-2.46261,0,1.607,1.425,0.01475,0,0.16,-0.2089,1.722,0.258,-0.7357
18.40,19.67,19.68,0,-2.35691,0,e_rec,cross-domain,0.0000,0.0000,3.661,0,-2.35691,0,0.7462,0.9637,0.4648,0,-0.1178,0.6498,0.354,0.7816,0.5506
18.80,20.07,20.08,0,-2.52885,0,e_rec,cross-domain,0.0000,0.0000,3.620,0,-2.52885,0,0.7749,0.6494,2.288,0,0.2084,0.8169,0.1849,0.7813,0.1142
19.20,20.47,20.48,0,-2.83751,0,|r_aux|,cross-domain,0.0000,0.0000,5.377,0,-2.83751,0,1.019,1.057,1.046,0,0.3927,1.034,0.1083,-0.3915,-0.5021
19.60,20.87,20.88,0,-2.98263,0,|r_aux|,cross-domain,0.0000,0.0000,4.196,0,-2.98263,0,0.4449,0.8562,0.8144,0,0.3824,0.9523,-0.1879,-0.3038,0.3983
20.00,21.27,21.28,0,-2.68985,0,|r_aux|,cross-domain,0.0000,0.0000,3.752,0,-2.68985,0,0.2296,1.001,1.884,0,0.2502,1.066,-0.01752,0.4721,0.9528
20.40,21.67,21.68,0,-2.87202,0,|r_aux|,cross-domain,0.0000,0.0000,3.673,0,-2.87202,0,0.4879,1.224,0.6862,0,0.6039,0.7621,0.6283,0.1824,-0.2581
20.80,22.07,22.08,0,-3.01949,0,|r_aux|,cross-domain,0.0000,0.0000,3.512,0,-3.01949,0,0.6888,0.9292,0.5053,0,0.2201,-0.2403,-0.02458,-0.665,0.231
21.20,22.47,22.48,0,-2.93419,0,e_rec,cross-domain,0.0000,0.0000,3.520,0,-2.93419,0,0.9902,0.8898,2.094,0,1.301,-0.9307,0.04928,0.8863,0.02352
21.60,22.87,22.88,0,-3.06593,0,|r_aux|,cross-domain,0.0000,0.0000,3.550,0,-3.06593,0,1.048,1.184,0.8483,0,0.969,-0.6159,0.4652,-0.1419,-0.4977
22.00,23.27,23.28,0,-3.03624,0,|r_bal|,cross-domain,0.0000,0.0000,3.661,0,-3.03624,0,1.349,0.8648,1.055,0,1.127,-0.3754,-0.04616,0.06674,-0.02319
22.40,23.67,23.68,0,-2.69696,0,|r_bal|,cross-domain,0.0000,0.0000,5.369,0,-2.69696,0,1.091,0.8783,2.444,0,0.1996,-0.2108,-0.002614,-0.0696,-0.7516
22.80,24.07,24.08,0,-1.73686,0,e_rec,cross-domain,0.0000,0.0000,4.017,0,-1.73686,0,1.32,1.169,1.02,0,0.2684,-0.2784,0.9939,2.773,-0.3212
23.20,24.47,24.48,0,-2.21763,0,e_rec,cross-domain,0.0000,0.0000,3.966,0,-2.21763,0,0.7175,0.991,-0.01797,0,-0.42,0.07342,1.491,1.063,-0.1645
23.60,24.87,24.88,0,-2.09394,0,|r_qp|,cross-domain,0.0000,0.0000,3.726,0,-2.09394,0,0.6888,1.17,0.8583,0,-1.05,0.38,1.777,0.504,-0.2195
24.00,25.27,25.28,0,-2.28468,0,|r_aux|,cross-domain,0.0000,0.0000,3.768,0,-2.28468,0,0.4162,1.349,-0.4582,0,-0.6935,0.1464,3.329,0.8461,-0.1335
24.40,25.67,25.68,0,-1.68649,0,e_rec,cross-domain,0.0000,0.0000,3.725,0,-1.68649,0,0.2583,1.085,-0.6124,0,-0.5757,-0.2278,2.582,2.955,0.07495
24.80,26.07,26.08,0,-3.14129,0,|r_aux|,cross-domain,0.0000,0.0000,3.627,0,-3.14129,0,0.5884,1.064,0.8254,0,0.06656,-0.4662,2.271,-0.7497,0.2215
25.20,26.47,26.48,0,-2.58995,0,|r_aux|,cross-domain,0.0000,0.0000,5.208,0,-2.58995,0,0.7606,1.3,-0.4398,0,-0.1143,-0.2835,3.019,0.4738,-0.4585
25.60,26.87,26.88,0,-2.72515,0,|r_bal|,cross-domain,0.0000,0.0000,5.273,0,-2.72515,0,1.277,0.9552,0.1209,0,0.5631,0.8381,1.389,0.3786,-0.3652
26.00,27.27,27.28,0,-2.86454,0,|r_bal|,cross-domain,0.0000,0.0000,3.912,0,-2.86454,0,1.421,0.8614,1.941,0,0.8222,1.022,1.024,0.1178,-0.789
26.40,27.67,27.68,0,-2.42301,0,|r_bal|,cross-domain,0.0000,0.0000,3.700,0,-2.42301,0,1.249,1.187,0.7166,0,0.2414,1.257,1.21,0.6394,0.04142
26.80,28.07,28.08,0,-1.65499,0,e_rec,cross-domain,0.0000,0.0000,3.523,0,-1.65499,0,1.105,0.9967,0.06444,0,-0.6034,0.9109,1.434,2.102,-0.2786
27.20,28.47,28.48,0,-2.20362,0,|r_aux|,cross-domain,0.0000,0.0000,3.702,0,-2.20362,0,1.076,1.093,0.8586,0,-0.5572,1.393,2.064,0.537,-0.5841
27.60,28.87,28.88,0,-1.97056,0,e_rec,cross-domain,0.0000,0.0000,3.719,0,-1.97056,0,1.105,1.297,-0.2177,0,-0.4851,2.148,3.605,1.488,0.5339
28.00,29.27,29.28,0,-1.40678,0,e_rec,cross-domain,0.0000,0.0000,3.651,0,-1.40678,0,1.378,1.044,-0.8795,0,0.5474,2.029,3.469,4.436,-0.2743
28.40,29.67,29.68,0,-3.08062,0,|r_bal|,cross-domain,0.0000,0.0000,3.175,0,-3.08062,0,1.679,1.05,0.1433,0,0.7709,1.403,3.639,-0.3353,-0.5147
28.80,30.07,30.08,0,-3.17853,0,|r_bal|,cross-domain,0.0000,0.0000,4.873,0,-3.17853,0,1.708,1.259,-1.155,0,0.7884,0.8079,4.564,-0.4064,0.5093
29.20,30.47,30.48,0,-2.91826,0,|r_bal|,cross-domain,0.0000,0.0000,4.084,0,-2.91826,0,1.406,0.9141,-0.1307,0,0.7831,1.019,2.521,0.2576,-0.389
29.60,30.87,30.88,0,-2.93786,0,|r_bal|,cross-domain,0.0000,0.0000,3.744,0,-2.93786,0,1.492,0.8161,2.278,0,0.3143,0.8814,1.5,-0.5645,0.7211
30.00,31.27,31.28,0,-2.77053,0,|r_aux|,cross-domain,0.0000,0.0000,3.747,0,-2.77053,0,1.076,1.161,1.288,0,0.298,1.036,1.077,-0.2125,-0.2645
30.40,31.67,31.68,0,-2.60075,0,|r_bal|,cross-domain,0.0000,0.0000,3.752,0,-2.60075,0,0.9615,0.8491,1.124,0,-0.03853,1.001,0.3852,-0.03718,-0.7996
30.80,32.07,32.08,0,-2.79258,0,|r_aux|,cross-domain,0.0000,0.0000,3.532,0,-2.79258,0,0.7032,0.7351,2.692,0,0.5003,1.173,0.6357,0.3833,-0.3972
31.20,32.47,32.48,0,-2.54308,0,e_rec,cross-domain,0.0000,0.0000,3.582,0,-2.54308,0,0.6601,1.093,1.351,0,1.03,1.384,0.9776,1.751,0.8714
31.60,32.87,32.88,0,-2.14930,0,e_rec,cross-domain,0.0000,0.0000,4.507,0,-2.14930,0,0.6745,0.8997,0.358,0,0.6019,0.8161,1.781,2.641,-0.4058
32.00,33.27,33.28,0,-3.11437,0,|r_aux|,cross-domain,0.0000,0.0000,3.638,0,-3.11437,0,0.6171,1.116,1.017,0,0.2149,-0.04607,2.027,-0.6812,-0.4368
32.40,33.67,33.68,0,-1.93209,0,e_rec,cross-domain,0.0000,0.0000,3.775,0,-1.93209,0,0.8036,1.268,-0.6259,0,0.3306,-0.4171,3.946,3.359,1.806
32.80,34.07,34.08,0,-2.60890,0,e_rec,cross-domain,0.0000,0.0000,3.549,0,-2.60890,0,0.7893,0.9841,-1.243,0,0.3993,0.1455,3.373,1.313,-0.6079
33.20,34.47,34.48,0,-3.00090,0,|r_aux|,cross-domain,0.0000,0.0000,3.644,0,-3.00090,0,0.7175,1.044,-0.1792,0,0.3078,0.5531,3.518,-0.00905,-0.8409
33.60,34.87,34.88,0,-3.29604,0,|r_aux|,cross-domain,0.0000,0.0000,3.544,0,-3.29604,0,1.162,1.294,-1.213,0,0.4408,0.7203,4.109,-0.9865,0.06571
34.00,35.27,35.28,0,-3.11513,0,|r_bal|,cross-domain,0.0000,0.0000,3.578,0,-3.11513,0,1.119,0.9629,-0.3652,0,0.3919,-0.05551,2.021,-0.6715,-0.6821
34.40,35.67,35.68,0,-3.24613,0,|r_aux|,cross-domain,0.0000,0.0000,3.693,0,-3.24613,0,0.3588,0.8095,2.271,0,0.7629,-0.505,1.2,-0.09866,-0.2431
34.80,36.07,36.08,0,-3.17368,0,|r_aux|,cross-domain,0.0000,0.0000,3.461,0,-3.17368,0,0.8467,1.152,1.258,0,0.5216,-0.6182,0.6236,-0.8281,0.0198
35.20,36.47,36.48,0,-2.77630,0,|r_aux|,cross-domain,0.0000,0.0000,3.590,0,-2.77630,0,0.7893,0.8545,1.131,0,0.3128,-0.8638,0.03673,0.1728,-0.6793
35.60,36.87,36.88,0,-2.65068,0,|r_aux|,cross-domain,0.0000,0.0000,3.491,0,-2.65068,0,0.8324,0.8139,2.41,0,-0.01945,-1.158,0.318,0.2139,-0.1971
36.00,37.27,37.28,0,-2.75477,0,|r_aux|,cross-domain,0.0000,0.0000,3.471,0,-2.75477,0,1.033,1.122,1.206,0,0.3532,-1.27,0.694,0.1527,-0.3554
36.40,37.67,37.68,0,-2.61089,0,e_rec,cross-domain,0.0000,0.0000,3.997,0,-2.61089,0,0.7462,0.7952,1.051,0,0.1789,-1.237,0.222,0.6459,-0.5843
36.80,38.07,38.08,0,-2.86623,0,|r_bal|,cross-domain,0.0000,0.0000,3.457,0,-2.86623,0,0.9041,0.8115,2.632,0,0.3484,-1.123,0.1879,-0.01193,-0.05738
37.20,38.47,38.48,0,-2.95015,0,|r_aux|,cross-domain,0.0000,0.0000,3.578,0,-2.95015,0,1.105,1.157,1.44,0,0.07945,-1.037,0.5461,-0.9347,-0.623
37.60,38.87,38.88,0,-2.86488,0,|r_bal|,cross-domain,0.0000,0.0000,3.914,0,-2.86488,0,1.378,0.8051,1.351,0,0.159,-1.143,0.1027,-0.6063,-0.7687
38.00,39.27,39.28,0,-2.57561,0,|r_qp|,cross-domain,0.0000,0.0000,3.514,0,-2.57561,0,0.6171,0.7035,2.747,0,-0.3897,-0.9614,-0.06469,0.01719,-0.8065
38.40,39.67,39.68,0,-1.70482,0,e_rec,cross-domain,0.0000,0.0000,3.558,0,-1.70482,0,0.8036,1.046,1.336,0,-0.7165,-0.9742,0.4793,2.069,1.062
38.80,40.07,40.08,0,-2.12711,0,|r_qp|,cross-domain,0.0000,0.0000,3.483,0,-2.12711,0,0.1435,0.8193,0.851,0,-1.407,-0.8853,0.2321,0.3617,-0.3067
39.20,40.47,40.48,0,-2.59601,0,|r_qp|,cross-domain,0.0000,0.0000,3.588,0,-2.59601,0,0.2153,1.054,1.877,0,-0.627,-0.6115,0.07861,-0.3243,-0.7771
39.60,40.87,40.88,0,-1.93615,0,e_rec,cross-domain,0.0000,0.0000,3.529,0,-1.93615,0,0.5166,1.234,0.8944,0,-0.3757,-0.5699,1.409,2.007,0.4895
40.00,41.27,41.28,0,-2.47140,0,e_rec,cross-domain,0.0000,0.0000,3.506,0,-2.47140,0,0.2009,0.9554,0.0859,0,0.3339,-0.1109,1.097,1.59,-0.3544
40.40,41.67,41.68,0,-3.26824,0,|r_aux|,cross-domain,0.0000,0.0000,3.651,0,-3.26824,0,0.4592,1.065,1.084,0,0.5504,0.2299,1.308,-0.7171,-0.0817
40.80,42.07,42.08,0,-3.58898,0,|r_aux|,cross-domain,0.0000,0.0000,3.473,0,-3.58898,0,0.1435,1.305,-0.4907,0,1.134,-0.07024,2.181,-0.6081,-0.0331
41.20,42.47,42.48,0,-3.21763,0,|r_aux|,cross-domain,0.0000,0.0000,3.516,0,-3.21763,0,0.1722,0.9656,0.195,0,0.8623,-0.6599,0.8701,0.0986,-0.4977
41.60,42.87,42.88,0,-2.63836,0,e_rec,cross-domain,0.0000,0.0000,3.227,0,-2.63836,0,0.7606,0.8132,2.406,0,0.3483,-0.781,0.881,0.8513,-0.2063
42.00,43.27,43.28,0,-2.65259,0,|r_aux|,cross-domain,0.0000,0.0000,3.682,0,-2.65259,0,0.7893,1.152,1.32,0,-0.1416,-0.5823,1.105,0.01129,0.5609
42.40,43.67,43.68,0,-2.09507,0,e_rec,cross-domain,0.0000,0.0000,3.657,0,-2.09507,0,1.119,0.9098,0.9417,0,-0.3776,-0.5453,0.6684,1.129,-0.5645
42.80,44.07,44.08,0,-2.93234,0,|r_aux|,cross-domain,0.0000,0.0000,3.513,0,-2.93234,0,0.7893,0.9878,2.069,0,-0.06897,-0.4894,0.4318,-0.8594,-0.7244
43.20,44.47,44.48,0,-2.07406,0,e_rec,cross-domain,0.0000,0.0000,3.431,0,-2.07406,0,0.5453,1.225,0.9892,0,0.09383,-0.6287,0.9617,2.105,0.3661
43.60,44.87,44.88,0,-2.94555,0,|r_bal|,cross-domain,0.0000,0.0000,3.668,0,-2.94555,0,1.091,0.8187,0.8324,0,0.2799,0.8603,0.2469,-0.707,-0.7668
44.00,45.27,45.28,0,-2.49781,0,|r_bal|,cross-domain,0.0000,0.0000,3.505,0,-2.49781,0,1.679,0.6607,2.285,0,0.3731,1.87,0.2366,0.3194,-0.6134
44.40,45.67,45.68,0,-2.20681,0,|r_bal|,cross-domain,0.0000,0.0000,3.655,0,-2.20681,0,1.823,1.05,0.7721,0,-0.1786,1.898,0.6273,0.249,0.1121
44.80,46.07,46.08,0,-2.13458,0,|r_bal|,cross-domain,0.0000,0.0000,3.432,0,-2.13458,0,1.794,0.895,-0.3347,0,0.09011,1.284,0.6716,1.011,-0.3062
45.20,46.47,46.48,0,-2.51429,0,|r_aux|,cross-domain,0.0000,0.0000,3.491,0,-2.51429,0,0.7175,1.183,-0.05779,0,-0.06902,0.7898,1.062,0.3153,-0.5325
45.60,46.87,46.88,0,-3.15080,0,|r_aux|,cross-domain,0.0000,0.0000,3.731,0,-3.15080,0,0.574,1.349,-1.129,0,0.1568,0.5526,2.304,-1.003,-0.8707
46.00,47.27,47.28,0,-3.23878,0,|r_aux|,cross-domain,0.0000,0.0000,3.520,0,-3.23878,0,0.3875,0.887,-0.6431,0,0.1915,-0.1024,0.8862,-0.9905,-0.6674
46.40,47.67,47.68,0,-3.18527,0,|r_bal|,cross-domain,0.0000,0.0000,3.696,0,-3.18527,0,0.9615,0.5418,1.671,0,0.6217,-0.8858,0.3994,-0.439,-0.3825
46.80,48.07,48.08,0,-2.74916,0,|r_bal|,cross-domain,0.0000,0.0000,3.478,0,-2.74916,0,1.162,0.9744,0.8341,0,0.05288,-0.8129,0.06655,-0.3151,0.6968
47.20,48.47,48.48,0,-3.22802,0,|r_aux|,cross-domain,0.0000,0.0000,3.438,0,-3.22802,0,0.3588,0.7779,0.6476,0,0.3221,-0.4597,-0.2559,-0.8993,-0.4819
47.60,48.87,48.88,0,-2.87573,0,|r_aux|,cross-domain,0.0000,0.0000,3.694,0,-2.87573,0,0.0861,1.046,2.412,0,-0.02538,-0.1415,-0.1627,-0.3734,-0.5738
48.00,49.27,49.28,0,-2.71189,0,|r_aux|,cross-domain,0.0000,0.0000,4.669,0,-2.71189,0,0.04305,1.273,1.177,0,0.2384,-0.02425,0.8853,0.6269,0.4795
48.40,49.67,49.68,0,-3.15087,0,|r_aux|,cross-domain,0.0000,0.0000,3.591,0,-3.15087,0,0.574,0.9534,1.126,0,0.449,-0.1256,0.3233,-0.6873,-0.375
48.80,50.07,50.08,0,-3.07763,0,|r_aux|,cross-domain,0.0000,0.0000,3.805,0,-3.07763,0,0.5597,0.9119,2.037,0,0.3248,-0.08686,0.5156,-0.5928,-0.6244
49.20,50.47,50.48,0,-3.25507,0,|r_aux|,cross-domain,0.0000,0.0000,3.653,0,-3.25507,0,0.5023,1.217,0.5144,0,0.5038,-0.2138,0.6311,-0.9632,-0.2618
49.60,50.87,50.88,0,-2.81508,0,|r_aux|,cross-domain,0.0000,0.0000,3.657,0,-2.81508,0,0.8611,0.886,0.2328,0,0.425,-0.4664,0.02928,0.1213,-0.4061
50.00,51.27,51.28,0,-3.06184,0,|r_bal|,cross-domain,0.0000,0.0000,3.534,0,-3.06184,0,1.177,0.8054,1.664,0,0.8834,-0.8231,-0.126,-0.1805,-0.5023
50.40,51.67,51.68,0,-3.12203,0,|r_bal|,cross-domain,0.0000,0.0000,3.495,0,-3.12203,0,1.263,1.133,1.198,0,0.6867,-0.9764,0.3349,-0.7213,0.2573
50.80,52.07,52.08,0,-2.79788,0,|r_bal|,cross-domain,0.0000,0.0000,3.629,0,-2.79788,0,0.9902,0.8008,0.9715,0,0.2482,-0.8235,0.05168,-0.07331,-0.7263
51.20,52.47,52.48,0,-2.74483,0,|r_aux|,cross-domain,0.0000,0.0000,3.530,0,-2.74483,0,0.7175,0.8501,2.379,0,-0.1033,-0.6298,0.1833,-0.2383,-0.5554
51.60,52.87,52.88,0,-2.41338,0,|r_aux|,cross-domain,0.0000,0.0000,3.710,0,-2.41338,0,0.5884,1.139,0.91,0,-0.02476,0.07933,0.5992,0.7432,-0.7441
52.00,53.27,53.28,0,-2.33332,0,e_rec,cross-domain,0.0000,0.0000,3.518,0,-2.33332,0,0.9902,0.837,0.5907,0,0.001379,1.411,0.162,0.7258,-0.5207
52.40,53.67,53.68,0,-2.54409,0,|r_bal|,cross-domain,0.0000,0.0000,3.797,0,-2.54409,0,0.8611,0.828,1.969,0,0.2587,2.83,0.0988,0.3266,-0.5056
52.80,54.07,54.08,0,-2.35730,0,|r_bal|,cross-domain,0.0000,0.0000,5.342,0,-2.35730,0,1.335,1.155,0.9632,0,0.07159,3.277,0.5249,0.1523,-0.4643
53.20,54.47,54.48,0,-2.48924,0,|r_bal|,cross-domain,0.0000,0.0000,3.601,0,-2.48924,0,1.306,0.8357,0.7966,0,-0.1181,2.099,0.01151,-0.1916,-0.1832
53.60,54.87,54.88,0,-2.66710,0,|r_aux|,cross-domain,0.0000,0.0000,3.744,0,-2.66710,0,0.8467,0.8309,2.127,0,0.03332,0.8004,0.08984,-0.08259,-0.4675
54.00,55.27,55.28,0,-2.72921,0,|r_aux|,cross-domain,0.0000,0.0000,3.589,0,-2.72921,0,0.5597,1.152,1.062,0,-0.3662,0.07703,0.5363,-0.6226,-0.4853
54.40,55.67,55.68,0,-2.69323,0,|r_aux|,cross-domain,0.0000,0.0000,3.839,0,-2.69323,0,0.2009,0.7563,0.7516,0,-0.03,0.1516,-0.1799,0.2532,-0.8333
54.80,56.07,56.08,0,-3.22883,0,|r_aux|,cross-domain,0.0000,0.0000,3.754,0,-3.22883,0,0.287,0.6373,2.228,0,0.09434,4.476e-05,-0.5802,-1.216,-0.624
55.20,56.47,56.48,0,-2.85434,0,|r_aux|,cross-domain,0.0000,0.0000,3.586,0,-2.85434,0,0.5884,1.02,0.9988,0,0.6688,0.091,0.02074,0.3318,-0.3884
55.60,56.87,56.88,0,-2.61453,0,e_rec,cross-domain,0.0000,0.0000,3.779,0,-2.61453,0,0.8324,0.8086,0.7559,0,1.028,1.15,-0.3069,1.298,-0.4492
56.00,57.27,57.28,0,-2.89694,0,|r_aux|,cross-domain,0.0000,0.0000,3.587,0,-2.89694,0,1.076,1.094,2.061,0,0.6507,1.922,-0.1781,-0.486,-0.6434
56.40,57.67,57.68,0,-3.17722,0,|r_aux|,cross-domain,0.0000,0.0000,4.059,0,-3.17722,0,0.9328,1.315,0.7439,0,0.5977,1.96,0.3941,-1.282,-0.3507
56.80,58.07,58.08,0,-2.71993,0,|r_aux|,cross-domain,0.0000,0.0000,3.702,0,-2.71993,0,0.7893,0.9086,0.6461,0,0.07766,0.369,-0.06617,-0.1642,-0.6462
57.20,58.47,58.48,0,-3.10984,0,|r_bal|,cross-domain,0.0000,0.0000,3.654,0,-3.10984,0,0.7893,0.7235,1.905,0,0.2303,-0.8931,-0.009264,-0.8471,-0.6575
57.60,58.87,58.88,0,-2.67069,0,|r_aux|,cross-domain,0.0000,0.0000,3.568,0,-2.67069,0,0.9615,1.08,0.729,0,0.1639,-1.071,0.1799,0.1218,-0.1154
58.00,59.27,59.28,0,-2.86642,0,|r_bal|,cross-domain,0.0000,0.0000,4.712,0,-2.86642,0,0.8611,0.7467,0.7214,0,0.1758,-0.1296,-0.2309,-0.3818,-0.6644
58.40,59.67,59.68,0,-2.71122,0,|r_bal|,cross-domain,0.0000,0.0000,3.799,0,-2.71122,0,1.335,0.7879,2.456,0,0.2113,0.5909,-0.09657,-0.2735,-0.2077
58.80,60.07,65.42,0,-1.96726,0,e_rec,single-domain,0.0547,0.0000,5342.744,5340,-1.52976,0,1.071,1.482,14.13,50,32.81,8.735,10.14,50,50
59.20,60.47,65.42,0,-11.41522,0,e_rec,single-domain,0.3672,0.0000,4942.744,4940,-8.47772,0,1.96,7.611,50,50,50,50,50,50,50
59.60,60.87,65.42,0,-12.33107,0,e_rec,single-domain,0.6797,0.0000,4542.744,4540,-6.89357,0,2.85,13.58,50,50,50,50,50,50,50
60.00,61.27,65.42,0,-12.00020,0,e_rec,single-domain,0.9922,0.0000,4142.744,4140,-4.06270,0,3.826,20.47,50,50,50,50,50,50,6.614
60.40,61.67,65.42,0,-12.78679,0,e_rec,single-domain,1.0000,0.0000,3742.744,3740,-4.78679,0,5.568,20.04,50,50,50,50,50,50,50
60.80,62.07,65.42,0,-13.42661,0,e_rec,single-domain,1.0000,0.0000,3342.744,3340,-5.42661,0,4.693,18.13,50,50,50,50,50,50,50
61.20,62.47,65.42,0,-13.49243,0,e_rec,single-domain,1.0000,0.0000,2942.744,2940,-5.49243,0,4.286,18.23,50,50,50,50,50,50,50
61.60,62.87,65.42,0,-12.59076,0,e_rec,single-domain,1.0000,0.0000,2542.744,2540,-4.59076,0,3.796,20.31,50,50,50,50,50,50,27.39
62.00,63.27,65.42,0,-12.22588,0,e_rec,single-domain,1.0000,0.0000,2142.744,2140,-4.22588,0,3.753,21.11,50,50,50,50,50,50,19.27
62.40,63.67,65.42,0,-12.62181,0,e_rec,single-domain,1.0000,0.0000,1742.744,1740,-4.62181,0,5.696,20.63,50,0,50,50,50,50,50
62.80,64.07,65.42,0,-13.46023,0,e_rec,single-domain,1.0000,0.0000,1342.744,1340,-5.46023,0,7.764,15.03,50,0,50,50,50,50,50
63.20,64.47,65.42,0,-20.72910,0,e_rec,single-domain,1.0000,0.0000,942.744,940,-12.72910,0,7.434,10.71,50,0,50,45.59,50,32.25,50
63.60,64.87,65.42,0,-24.27826,0,e_rec,single-domain,1.0000,0.0000,542.744,540,-16.27826,0,5.224,6.634,50,0,50,29.75,50,24.64,2.244
64.00,65.27,65.42,0,-16.87856,0,e_rec,single-domain,1.0000,0.0000,142.744,140,-8.87856,0,2.554,2.56,50,0,50,28.56,42.53,50,8.113
64.40,65.67,67.66,0,-3.80904,0,e_rec,cross-domain,0.7844,0.0000,1981.331,1980,2.46596,1,1.32,0.7133,2.087,0,0.8588,27.01,6.272,15.57,21.3
64.80,66.07,67.66,0,-0.37060,0,e_rec,cross-domain,0.7219,0.0000,1581.331,1580,5.40440,1,1.005,0.8405,1.085,0,0.9191,27.12,9.144,24.63,15.38
65.20,66.47,67.66,0,-7.69032,0,|r_pv|,cross-domain,0.5844,0.0000,1181.331,1180,-3.01532,0,1.249,0.3312,0.8099,0,0.6409,22.56,9.145,-0.05255,12.19
65.60,66.87,67.66,0,-2.11422,0,e_rec,cross-domain,0.4438,0.0000,781.331,780,1.43578,1,0.7606,-0.02941,2.226,0,1.026,16.5,7.235,14.33,10.44
66.00,67.27,67.66,0,-4.58733,0,e_rec,cross-domain,0.2250,0.0000,381.331,380,-2.78733,0,0.818,0.4052,0.9839,0,0.293,8.752,5.361,1.238,11.93
66.40,67.67,67.68,0,-3.35236,0,e_rec,cross-domain,0.0000,0.0000,3.554,0,-3.35236,0,0.4449,0.03531,0.6045,0,0.3835,0.4526,6.577,0.9303,4.499
66.80,68.07,68.08,0,0.96252,1,e_rec,cross-domain,0.0000,0.0000,3.463,0,0.96252,1,1.205,0.305,2.17,0,-0.459,0.5665,8.225,12.67,11.67
67.20,68.47,68.48,0,-2.94666,0,|r_bal|,cross-domain,0.0000,0.0000,3.673,0,-2.94666,0,1.492,0.6119,0.91,0,-0.6917,0.8768,8.496,0.02328,5.114
67.60,68.87,68.88,0,-3.07018,0,|r_bal|,cross-domain,0.0000,0.0000,3.668,0,-3.07018,0,1.837,0.2317,0.6334,0,-0.4466,0.547,6.458,-0.3627,5.211
68.00,69.27,69.28,0,1.36981,1,e_rec,cross-domain,0.0000,0.0000,3.669,0,1.36981,1,1.177,0.1861,1.85,0,-0.1729,-0.3742,5.743,13.59,6.526
68.40,69.67,69.68,0,-3.13460,0,|r_bal|,cross-domain,0.0000,0.0000,3.529,0,-3.13460,0,1.162,0.5389,0.9683,0,0.19,-1.087,4.691,0.3301,5.145
68.80,70.07,70.08,0,-3.18985,0,|r_bal|,cross-domain,0.0000,0.0000,3.469,0,-3.18985,0,1.177,0.1186,0.9331,0,-0.1824,-1.129,5.269,-0.06103,3.029
69.20,70.47,70.48,0,-1.14464,0,e_rec,cross-domain,0.0000,0.0000,3.670,0,-1.14464,0,1.091,0.07154,2.29,0,-0.02066,-1.384,6.729,6.889,7.416
69.60,70.87,70.88,0,-2.72465,0,e_rec,cross-domain,0.0000,0.0000,3.555,0,-2.72465,0,0.4162,0.4922,1.099,0,-0.1594,-1.281,5.968,1.812,3.95
70.00,71.27,71.28,0,-3.14183,0,e_rec,cross-domain,0.0000,0.0000,3.646,0,-3.14183,0,0.6458,0.1291,1.316,0,0.02899,-1.045,5.872,0.817,3.138
70.40,71.67,71.68,0,-1.59043,0,e_rec,cross-domain,0.0000,0.0000,3.638,0,-1.59043,0,0.0861,0.1991,2.666,0,0.7314,-0.6104,6.21,6.974,8.133
70.80,72.07,72.08,0,-3.89852,0,|r_aux|,cross-domain,0.0000,0.0000,3.465,0,-3.89852,0,-0.3014,0.5688,1.317,0,0.5778,-0.233,5.476,-0.6459,1.81
71.20,72.47,72.48,0,-3.53522,0,|r_bal|,cross-domain,0.0000,0.0000,3.648,0,-3.53522,0,0.5884,0.176,0.8711,0,0.3747,-0.3133,4.797,-0.2759,1.9
71.60,72.87,72.88,0,-1.46259,0,e_rec,cross-domain,0.0000,0.0000,3.554,0,-1.46259,0,0.9472,0.1816,2.325,0,-0.7663,-0.6117,4.402,4.484,8.421
72.00,73.27,73.28,0,-2.89870,0,|r_qp|,cross-domain,0.0000,0.0000,3.643,0,-2.89870,0,0.9902,0.5193,1.26,0,-0.7018,-1.078,4.242,-0.08517,5.56
72.40,73.67,73.68,0,-2.61031,0,|r_bal|,cross-domain,0.0000,0.0000,3.551,0,-2.61031,0,1.478,0.2272,1.279,0,-0.3746,-0.8106,4.342,0.7061,0.4134
72.80,74.07,74.08,0,0.26198,1,e_rec,cross-domain,0.0000,0.0000,3.556,0,0.26198,1,1.593,0.5946,2.727,0,0.2966,0.4447,5.179,10.22,7.514
73.20,74.47,74.48,0,-2.94413,0,|r_bal|,cross-domain,0.0000,0.0000,3.657,0,-2.94413,0,1.679,0.7997,1.37,0,0.2005,1.147,6.001,0.1017,1.01
73.60,74.87,74.88,0,-3.30047,0,|r_bal|,cross-domain,0.0000,0.0000,3.560,0,-3.30047,0,0.9902,0.4296,1.23,0,-0.3587,1.28,5.739,-1.052,0.8771
74.00,75.27,75.28,0,-0.89316,0,e_rec,cross-domain,0.0000,0.0000,3.669,0,-0.89316,0,0.9041,0.285,2.335,0,-0.04827,0.4909,6.827,7.022,2.419
74.40,75.67,75.68,0,-3.32854,0,|r_bal|,cross-domain,0.0000,0.0000,3.728,0,-3.32854,0,1.263,0.6236,0.8521,0,0.5452,-0.3096,5.552,-0.04379,1.79
74.80,76.07,76.08,0,-3.34454,0,|r_bal|,cross-domain,0.0000,0.0000,3.463,0,-3.34454,0,1.392,0.39,0.5552,0,0.6135,-0.9341,4.757,-0.05649,1.164
75.20,76.47,76.48,0,-0.51714,0,e_rec,cross-domain,0.0000,0.0000,3.714,0,-0.51714,0,1.55,0.563,2.292,0,-0.004441,-0.8449,4.233,7.125,1.463
75.60,76.87,76.88,0,-2.96803,0,|r_bal|,cross-domain,0.0000,0.0000,3.554,0,-2.96803,0,1.162,0.7739,1.283,0,-0.4948,-0.364,4.636,-0.5697,1.796
76.00,77.27,77.28,0,-2.54271,0,e_rec,cross-domain,0.0000,0.0000,3.586,0,-2.54271,0,0.8467,0.4058,1.22,0,-0.415,1.031,4.905,1.001,-0.2167
76.40,77.67,77.68,0,-0.07976,1,e_rec,cross-domain,0.0000,0.0000,3.762,0,-0.07976,1,0.8324,0.3253,1.873,0,0.2917,2.196,6.034,9.459,1.475
76.80,78.07,78.08,0,-3.13138,0,e_rec,cross-domain,0.0000,0.0000,3.544,0,-3.13138,0,0.4592,0.6618,1.052,0,0.5792,2.232,4.872,0.4674,-0.6544
77.20,78.47,78.48,0,-3.22020,0,e_rec,cross-domain,0.0000,0.0000,3.726,0,-3.22020,0,0.531,0.3593,0.8627,0,0.9122,1.059,3.734,0.705,-0.6747
77.60,78.87,78.88,0,-0.87090,0,e_rec,cross-domain,0.0000,0.0000,3.600,0,-0.87090,0,0.1005,0.3326,2.357,0,0.6849,-0.1661,3.398,7.875,1.977
78.00,79.27,79.28,0,-3.43294,0,|r_aux|,cross-domain,0.0000,0.0000,3.550,0,-3.43294,0,0.2153,0.6801,1.126,0,0.7412,-0.9233,2.562,-0.09784,0.3774
78.40,79.67,79.68,0,-3.14230,0,|r_bal|,cross-domain,0.0000,0.0000,3.557,0,-3.14230,0,1.048,0.3821,0.8035,0,0.8672,-0.5014,3.232,0.5913,-0.8384
78.80,80.07,80.08,0,-0.88862,0,e_rec,cross-domain,0.0000,0.0000,3.522,0,-0.88862,0,1.119,0.4644,2.212,0,0.1862,0.2533,4.186,6.584,2.832
79.20,80.47,80.48,0,-3.01940,0,|r_bal|,cross-domain,0.0000,0.0000,3.691,0,-3.01940,0,1.22,0.7198,1.167,0,0.3649,0.9244,4.474,0.1766,1.216
79.60,80.87,80.88,0,-3.05563,0,|r_bal|,cross-domain,0.0000,0.0000,3.626,0,-3.05563,0,0.9041,0.4454,1.093,0,-0.2588,2.021,3.859,-0.7238,-0.4498
80.00,81.27,81.28,0,-0.00811,1,e_rec,cross-domain,0.0000,0.0000,3.448,0,-0.00811,1,1.292,0.5911,2.287,0,-0.2546,2.956,4.641,8.149,2.448
80.40,81.67,81.68,0,-2.65741,0,e_rec,cross-domain,0.0000,0.0000,3.557,0,-2.65741,0,0.8467,0.8372,0.8921,0,0.3487,2.718,4.712,1.09,-0.8031
80.80,82.07,82.08,0,-3.30516,0,e_rec,cross-domain,0.0000,0.0000,3.442,0,-3.30516,0,0.5166,0.4883,0.9492,0,0.8972,0.9156,4.259,0.4781,-0.7222
81.20,82.47,82.48,0,-1.86310,0,e_rec,cross-domain,0.0000,0.0000,3.504,0,-1.86310,0,0.2727,0.3399,2.081,0,0.7792,-0.6008,4.023,4.972,-0.451
81.60,82.87,82.88,0,-3.14389,0,e_rec,cross-domain,0.0000,0.0000,3.555,0,-3.14389,0,0.1148,0.6929,1.242,0,0.6763,-1.22,2.749,0.731,-0.623
82.00,83.27,83.28,0,-2.49664,0,e_rec,cross-domain,0.0000,0.0000,3.545,0,-2.49664,0,0.1292,0.3164,0.9093,0,-0.21,-0.6018,2.563,1.604,-0.8862
82.40,83.67,83.68,0,-1.12404,0,e_rec,cross-domain,0.0000,0.0000,3.590,0,-1.12404,0,1.048,0.1686,1.811,0,0.2573,0.5022,2.948,5.732,-0.3312
82.80,84.07,84.08,0,-2.80306,0,|r_bal|,cross-domain,0.0000,0.0000,3.549,0,-2.80306,0,1.148,0.4991,0.6246,0,0.6147,1.462,2.194,0.7386,0.2074
83.20,84.47,84.48,0,-3.18995,0,|r_bal|,cross-domain,0.0000,0.0000,3.470,0,-3.18995,0,1.033,0.2979,0.5659,0,0.8037,2.283,2.133,-0.1096,-0.6223
83.60,84.87,84.88,0,-0.56116,0,e_rec,cross-domain,0.0000,0.0000,3.651,0,-0.56116,0,0.3014,0.7084,2.19,0,0.989,3.045,3.348,8.509,3.489
84.00,85.27,85.28,0,-2.96816,0,e_rec,cross-domain,0.0000,0.0000,3.537,0,-2.96816,0,0.3014,0.9093,1.429,0,0.6315,2.707,4.494,0.8044,-0.7291
84.40,85.67,85.68,0,-3.32147,0,|r_aux|,cross-domain,0.0000,0.0000,3.650,0,-3.32147,0,0.4162,0.5087,1.135,0,0.7593,2.445,4.606,0.188,-0.7262
84.80,86.07,86.08,0,-2.81994,0,e_rec,cross-domain,0.0000,0.0000,3.409,0,-2.81994,0,0.5597,0.2561,2.73,0,0.1308,1.731,4.77,1.113,0.6706
85.20,86.47,86.48,0,-2.66085,0,|r_qp|,cross-domain,0.0000,0.0000,3.486,0,-2.66085,0,0.9185,0.6463,1.493,0,-0.9132,1,3.137,-0.5944,-0.3983
85.60,86.87,86.88,0,-2.88934,0,|r_qp|,cross-domain,0.0000,0.0000,3.609,0,-2.88934,0,0.9902,0.4358,1.188,0,-0.697,0.4791,3.197,-0.8197,-0.5599
86.00,87.27,87.28,0,-1.32297,0,e_rec,cross-domain,0.0000,0.0000,3.451,0,-1.32297,0,0.9615,0.6383,2.255,0,-0.4001,0.3317,3.964,4.226,-0.6147
86.40,87.67,87.68,0,-3.01072,0,|r_qp|,cross-domain,0.0000,0.0000,3.615,0,-3.01072,0,0.6601,0.8382,0.5778,0,-0.5023,0.5965,4.91,-0.6221,-0.4949
86.80,88.07,88.08,0,-2.87918,0,|r_bal|,cross-domain,0.0000,0.0000,3.391,0,-2.87918,0,0.7462,0.4428,0.3109,0,0.001622,1.598,4.268,0.397,-0.3868
87.20,88.47,88.48,0,-2.49449,0,e_rec,cross-domain,0.0000,0.0000,3.616,0,-2.49449,0,1.005,0.3073,1.574,0,0.07177,3.145,4.556,1.387,-0.5728
87.60,88.87,88.88,0,-2.48724,0,e_rec,cross-domain,0.0000,0.0000,3.615,0,-2.48724,0,1.234,0.6705,0.8311,0,0.3595,3.56,3.458,1.109,-0.705
88.00,89.27,89.28,0,-3.19855,0,|r_bal|,cross-domain,0.0000,0.0000,3.447,0,-3.19855,0,0.7606,0.2953,0.7794,0,0.6372,2.683,3.711,0.09332,-0.8265
88.40,89.67,89.68,0,-1.93407,0,e_rec,cross-domain,0.0000,0.0000,3.677,0,-1.93407,0,0.9472,0.09093,2.185,0,0.5192,1.158,4.392,3.99,-0.7896
88.80,90.07,90.08,0,-3.33560,0,|r_aux|,cross-domain,0.0000,0.0000,3.509,0,-3.33560,0,0.1866,0.5306,1.067,0,0.6729,0.3376,2.984,0.105,-0.4147
89.20,90.47,90.48,0,-3.48009,0,|r_bal|,cross-domain,0.0000,0.0000,3.651,0,-3.48009,0,0.8611,0.1472,0.634,0,0.6722,0.1426,3.022,-0.4936,-0.8199
89.60,90.87,90.88,0,-3.07346,0,e_rec,cross-domain,0.0000,0.0000,3.677,0,-3.07346,0,0.5453,0.1117,1.999,0,0.7711,0.07737,3.198,1.208,0.896
90.00,91.27,91.28,0,-3.06019,0,e_rec,cross-domain,0.0000,0.0000,3.501,0,-3.06019,0,0.531,0.4875,0.835,0,0.7692,0.02212,3.053,0.8833,-0.6896
90.40,91.67,91.68,0,-3.21816,0,|r_bal|,cross-domain,0.0000,0.0000,3.767,0,-3.21816,0,0.5166,0.1677,1.027,0,0.3208,0.6668,1.899,-0.2571,-0.6059
90.80,92.07,92.08,0,-1.89245,0,e_rec,cross-domain,0.0000,0.0000,3.450,0,-1.89245,0,0.6458,0.4963,2.447,0,0.127,1.017,1.566,3.217,3.197
91.20,92.47,92.48,0,-2.83472,0,|r_bal|,cross-domain,0.0000,0.0000,3.582,0,-2.83472,0,1.005,0.7559,1.056,0,0.02872,0.8932,2.427,-0.1682,-0.8783
91.60,92.87,92.88,0,-3.08101,0,|r_bal|,cross-domain,0.0000,0.0000,3.697,0,-3.08101,0,0.9759,0.3537,0.6931,0,0.1459,-0.2298,2.159,-0.3553,-0.771
92.00,93.27,93.28,0,-2.06743,0,e_rec,cross-domain,0.0000,0.0000,3.491,0,-2.06743,0,0.9185,0.1776,2.018,0,0.27,-1.023,2.425,3.079,-0.8457
92.40,93.67,93.68,0,-3.56840,0,|r_bal|,cross-domain,0.0000,0.0000,3.380,0,-3.56840,0,1.134,0.5788,0.7851,0,1.077,-1.139,1.47,-0.872,-0.7986
92.80,94.07,94.08,0,-3.13008,0,|r_bal|,cross-domain,0.0000,0.0000,3.681,0,-3.13008,0,1.65,0.2905,0.7944,0,1.031,-0.8177,1.189,0.1148,-0.8837
93.20,94.47,94.48,0,-2.08719,0,e_rec,cross-domain,0.0000,0.0000,3.472,0,-2.08719,0,1.478,0.4691,1.891,0,0.9726,-0.02094,1.9,3.177,-0.3705
93.60,94.87,94.88,0,-2.93873,0,|r_bal|,cross-domain,0.0000,0.0000,3.663,0,-2.93873,0,1.234,0.7274,0.7216,0,0.5767,0.8078,2.621,0.2023,-0.3607
94.00,95.27,95.28,0,-3.14895,0,|r_bal|,cross-domain,0.0000,0.0000,3.626,0,-3.14895,0,1.005,0.3134,0.2341,0,0.5199,2.173,2.574,-0.2556,-0.843
94.40,95.67,95.68,0,-2.02367,0,e_rec,cross-domain,0.0000,0.0000,3.488,0,-2.02367,0,0.7462,0.2092,1.642,0,0.03962,2.845,3.018,2.734,0.1407
94.80,96.07,96.08,0,-2.78987,0,|r_qp|,cross-domain,0.0000,0.0000,3.707,0,-2.78987,0,0.7893,0.6063,0.5108,0,-0.5021,2.411,2.105,-0.7202,-0.792
95.20,96.47,96.48,0,-2.92660,0,|r_qp|,cross-domain,0.0000,0.0000,3.480,0,-2.92660,0,0.3875,0.2572,0.7081,0,-0.564,1,1.559,-0.6378,-0.6262
95.60,96.87,96.88,0,-1.49844,0,e_rec,cross-domain,0.0000,0.0000,3.683,0,-1.49844,0,1.22,0.2278,2.01,0,-0.2337,-0.3891,1.854,3.817,1.278
96.00,97.27,97.28,0,-2.25415,0,e_rec,cross-domain,0.0000,0.0000,3.498,0,-2.25415,0,1.22,0.604,0.7636,0,-0.0368,-0.4761,1.533,1.42,-0.626
96.40,97.67,97.68,0,-2.42657,0,e_rec,cross-domain,0.0000,0.0000,3.412,0,-2.42657,0,1.249,0.2065,0.7152,0,0.164,0.1876,1.51,1.328,-0.8547
96.80,98.07,98.08,0,-3.18963,0,|r_bal|,cross-domain,0.0000,0.0000,3.668,0,-3.18963,0,0.8467,0.1356,2.151,0,0.4713,1.142,2.728,-0.04766,-0.2243
97.20,98.47,98.48,0,-3.27054,0,|r_bal|,cross-domain,0.0000,0.0000,3.556,0,-3.27054,0,0.7462,0.5124,1.06,0,0.4258,1.503,2.241,-0.6791,-0.4369
97.60,98.87,98.88,0,-3.29195,0,|r_bal|,cross-domain,0.0000,0.0000,3.714,0,-3.29195,0,0.8611,0.191,0.6379,0,0.5795,1.153,1.876,-0.4373,-0.6299
98.00,99.27,99.28,0,-0.83318,0,e_rec,cross-domain,0.0000,0.0000,3.535,0,-0.83318,0,1.234,0.49,1.715,0,0.1412,0.9244,1.629,5.762,-0.4645
98.40,99.67,99.68,0,-2.76572,0,|r_bal|,cross-domain,0.0000,0.0000,3.430,0,-2.76572,0,1.607,1.065,0.5263,0,0.2772,0.3817,-0.5142,-0.7851,-0.754
98.80,100.07,100.08,0,-2.80388,0,|r_bal|,cross-domain,0.0000,0.0000,3.683,0,-2.80388,0,2.239,0.6762,0.6991,0,-0.01456,-0.3601,-0.1634,-1.256,-0.5456
99.20,100.47,100.48,0,-2.44756,0,|r_bal|,cross-domain,0.0000,0.0000,4.613,0,-2.44756,0,1.306,0.37,1.998,0,-0.477,-0.9083,0.7147,0.237,-0.6252
99.60,100.87,100.88,0,-2.32893,0,|r_qp|,cross-domain,0.0000,0.0000,3.782,0,-2.32893,0,1.234,0.9331,0.947,0,-0.7879,-0.8544,-0.08338,-0.3231,-0.7609
100.00,101.27,101.28,0,-3.15785,0,|r_bal|,cross-domain,0.0000,0.0000,3.817,0,-3.15785,0,0.7749,0.4781,0.6075,0,0.2803,-0.771,-0.2047,-0.7891,-0.7981
100.40,101.67,101.68,0,-2.34833,0,e_rec,cross-domain,0.0000,0.0000,3.659,0,-2.34833,0,0.9902,0.4887,1.833,0,0.5521,-0.771,0.1999,1.873,-0.7433
100.80,102.07,102.08,0,-2.94592,0,|r_bal|,cross-domain,0.0000,0.0000,3.726,0,-2.94592,0,1.234,0.9439,0.923,0,0.6565,-0.9337,-0.03841,-0.2367,-0.6887
101.20,102.47,102.48,0,-2.98381,0,|r_bal|,cross-domain,0.0000,0.0000,3.673,0,-2.98381,0,1.378,0.477,1.099,0,0.2069,-0.2263,-0.04972,-0.7802,-0.3775
101.60,102.87,102.88,0,-2.64529,0,|r_bal|,cross-domain,0.0000,0.0000,3.545,0,-2.64529,0,0.9328,0.4947,2.376,0,-0.07966,0.6159,0.1159,0.02786,-0.5093
102.00,103.27,103.28,0,-2.67290,0,|r_aux|,cross-domain,0.0000,0.0000,3.887,0,-2.67290,0,0.9615,0.9829,1.069,0,-0.07617,0.8412,-0.2305,-0.5052,-0.8793
102.40,103.67,103.68,0,-2.57740,0,|r_bal|,cross-domain,0.0000,0.0000,3.711,0,-2.57740,0,0.8467,0.5135,0.976,0,0.1204,0.3479,-0.4986,0.4564,-0.5748
102.80,104.07,104.08,0,-2.95609,0,|r_bal|,cross-domain,0.0000,0.0000,3.821,0,-2.95609,0,1.78,0.5946,2.377,0,0.162,-0.1539,-0.2011,-1.205,-0.9631
103.20,104.47,104.48,0,-2.17110,0,e_rec,cross-domain,0.0000,0.0000,3.673,0,-2.17110,0,1.507,1.032,1.111,0,0.4253,-0.418,-0.4311,1.347,-0.8734
103.60,104.87,104.88,0,-2.79040,0,|r_bal|,cross-domain,0.0000,0.0000,3.692,0,-2.79040,0,1.435,0.5644,0.8105,0,0.7242,-0.6433,-0.4842,0.3021,-0.8307
104.00,105.27,105.28,0,-3.22166,0,|r_aux|,cross-domain,0.0000,0.0000,3.767,0,-3.22166,0,0.5023,0.6133,2.292,0,0.4229,-0.8663,-0.3941,-0.7485,-0.6257
104.40,105.67,105.68,0,-3.20866,0,|r_aux|,cross-domain,0.0000,0.0000,3.604,0,-3.20866,0,0.4018,0.9918,1.01,0,0.6613,-1.032,-0.4967,-0.5905,-0.9048
104.80,106.07,106.08,0,-2.57206,0,|r_qp|,cross-domain,0.0000,0.0000,3.723,0,-2.57206,0,0.3731,0.5361,1.224,0,-0.7239,-1.102,-0.6474,-0.1681,-0.1446
105.20,106.47,106.48,0,-2.24046,0,|r_qp|,cross-domain,0.0000,0.0000,3.707,0,-2.24046,0,0.4592,0.5556,2.37,0,-0.7818,-1.357,-0.4156,0.6887,-0.6569
105.60,106.87,106.88,0,-2.59086,0,|r_qp|,cross-domain,0.0000,0.0000,3.675,0,-2.59086,0,0.3588,1.025,1.143,0,-0.7921,-1.541,-0.6047,-0.6141,-0.7049
106.00,107.27,107.28,0,-2.62252,0,|r_aux|,cross-domain,0.0000,0.0000,3.650,0,-2.62252,0,0.574,0.579,0.8029,0,-0.2539,-1.506,-0.2075,0.2448,-0.7105
106.40,107.67,107.68,0,-2.85159,0,e_rec,cross-domain,0.0000,0.0000,3.823,0,-2.85159,0,0.3588,0.4241,1.892,0,0.3933,-1.314,0.0837,0.6673,-0.942
106.80,108.07,108.08,0,-3.12573,0,|r_aux|,cross-domain,0.0000,0.0000,3.720,0,-3.12573,0,0.6458,0.9561,0.8586,0,0.2903,-1.06,-0.1907,-0.8697,-0.5008
107.20,108.47,108.48,0,-3.17626,0,|r_bal|,cross-domain,0.0000,0.0000,3.681,0,-3.17626,0,1.048,0.4576,0.6805,0,1.016,-0.2005,-0.6848,-0.2095,-0.702
107.60,108.87,108.88,0,-2.73232,0,|r_bal|,cross-domain,0.0000,0.0000,3.773,0,-2.73232,0,1.306,0.3534,2.036,0,0.763,0.4854,-0.3909,0.6537,-0.3076
108.00,109.27,109.28,0,-1.83575,0,e_rec,cross-domain,0.0000,0.0000,3.665,0,-1.83575,0,1.048,0.9031,1.076,0,-0.01484,0.8266,-0.2721,2.076,-0.2879
108.40,109.67,109.68,0,-2.55506,0,|r_bal|,cross-domain,0.0000,0.0000,3.721,0,-2.55506,0,1.708,0.4476,1.015,0,0.2043,1.094,0.2549,0.1859,-0.4538
108.80,110.07,110.08,0,-2.69111,0,|r_bal|,cross-domain,0.0000,0.0000,3.662,0,-2.69111,0,1.894,0.3837,2.346,0,-0.2746,1.306,1.496,-0.7299,-0.7518
109.20,110.47,110.48,0,-2.81196,0,|r_bal|,cross-domain,0.0000,0.0000,3.806,0,-2.81196,0,1.794,0.9619,1.098,0,-0.007273,1.388,1.775,-1.006,-0.8874
109.60,110.87,110.88,0,-2.94089,0,|r_bal|,cross-domain,0.0000,0.0000,3.603,0,-2.94089,0,0.9041,0.3685,1.109,0,-0.008314,0.9931,1.376,-0.3906,-0.2912
110.00,111.27,111.28,0,-3.06483,0,|r_bal|,cross-domain,0.0000,0.0000,3.731,0,-3.06483,0,0.6888,0.6137,2.102,0,0.3628,0.4161,0.7247,-0.3714,-0.1561
110.40,111.67,111.68,0,-2.30582,0,e_rec,cross-domain,0.0000,0.0000,3.642,0,-2.30582,0,0.6888,1.014,0.7494,0,-0.09347,0.05415,0.02449,0.8937,-0.4819
110.80,112.07,112.08,0,-2.95065,0,|r_bal|,cross-domain,0.0000,0.0000,3.587,0,-2.95065,0,0.8611,0.4894,0.4847,0,-0.2909,0.1389,-0.2485,-1.102,-0.7517
111.20,112.47,112.48,0,-2.84555,0,|r_bal|,cross-domain,0.0000,0.0000,3.726,0,-2.84555,0,0.9472,0.3807,1.69,0,-0.09752,-0.04116,-0.2991,-0.4936,-0.208
111.60,112.87,112.88,0,-2.38580,0,e_rec,cross-domain,0.0000,0.0000,3.639,0,-2.38580,0,0.9041,0.9098,1.003,0,0.3022,0.3199,-0.3138,1.019,-0.1875
112.00,113.27,113.28,0,-3.09215,0,|r_bal|,cross-domain,0.0000,0.0000,3.783,0,-3.09215,0,0.574,0.4134,0.5815,0,1.005,0.9192,-0.3573,0.2901,-0.8782
112.40,113.67,113.68,0,-3.49600,0,|r_bal|,cross-domain,0.0000,0.0000,4.069,0,-3.49600,0,0.6601,0.4606,1.828,0,1.451,1.286,0.005711,-0.3569,-0.3096
112.80,114.07,114.08,0,-3.29923,0,|r_aux|,cross-domain,0.0000,0.0000,4.338,0,-3.29923,0,0.7175,0.9649,0.9477,0,1.526,1.741,-0.4114,-0.2269,-0.8777
113.20,114.47,114.48,0,-3.17459,0,|r_bal|,cross-domain,0.0000,0.0000,3.942,0,-3.17459,0,1.033,0.4536,0.7358,0,0.9559,1.272,-0.4407,-0.4062,-0.8284
113.60,114.87,114.88,0,-3.12400,0,|r_bal|,cross-domain,0.0000,0.0000,3.663,0,-3.12400,0,1.177,0.5289,1.828,0,1.07,0.9401,0.01317,-0.1442,-0.934
114.00,115.27,115.28,0,-2.88420,0,|r_bal|,cross-domain,0.0000,0.0000,3.722,0,-2.88420,0,1.249,1.021,0.732,0,0.3612,0.6094,0.2076,-0.6382,-0.7589
114.40,115.67,115.68,0,-2.85364,0,|r_bal|,cross-domain,0.0000,0.0000,3.590,0,-2.85364,0,0.818,0.5706,0.5344,0,-0.02616,-0.02567,0.5973,-0.3145,-0.9425
114.80,116.07,116.08,0,-2.83046,0,|r_qp|,cross-domain,0.0000,0.0000,3.637,0,-2.83046,0,1.105,0.3451,2.138,0,-0.8512,-0.6942,1.796,-1.049,-0.8321
115.20,116.47,116.48,0,-2.20793,0,|r_qp|,cross-domain,0.0000,0.0000,3.801,0,-2.20793,0,0.9185,0.9345,1.062,0,-0.8603,-0.6846,1.851,0.556,-0.3652
115.60,116.87,116.88,0,-2.40377,0,|r_qp|,cross-domain,0.0000,0.0000,3.643,0,-2.40377,0,1.091,0.3538,0.8251,0,-0.7639,-0.632,1.248,0.2387,-0.6731
116.00,117.27,117.28,0,-2.81392,0,|r_bal|,cross-domain,0.0000,0.0000,3.848,0,-2.81392,0,0.8754,0.6704,1.923,0,0.3968,-0.04759,0.5409,0.2504,-0.4617
116.40,117.67,117.68,0,-3.48414,0,|r_aux|,cross-domain,0.0000,0.0000,3.638,0,-3.48414,0,0.6458,1.054,0.786,0,0.9012,0.03407,0.005734,-1.301,-0.7489
116.80,118.07,118.08,0,-3.11119,0,|r_aux|,cross-domain,0.0000,0.0000,3.791,0,-3.11119,0,0.4449,0.5796,0.7828,0,0.5624,-0.2846,0.3313,-0.07578,-0.6857
117.20,118.47,118.48,0,-2.83378,0,e_rec,cross-domain,0.0000,0.0000,3.682,0,-2.83378,0,0.3444,0.3125,2.016,0,-0.08096,-0.9705,1.315,0.4684,0.05652
117.60,118.87,118.88,0,-2.74288,0,|r_qp|,cross-domain,0.0000,0.0000,3.641,0,-2.74288,0,0.3301,0.9487,1.075,0,-0.6413,-1.268,1.54,-0.3791,-0.7397
118.00,119.27,119.28,0,-2.84969,0,|r_bal|,cross-domain,0.0000,0.0000,4.821,0,-2.84969,0,0.6745,0.3868,0.8346,0,-0.1016,-1.24,1.009,0.06761,-0.6183
118.40,119.67,119.68,0,-2.84691,0,|r_qp|,cross-domain,0.0000,0.0000,3.842,0,-2.84691,0,0.531,0.4779,2.099,0,-0.5087,-0.6624,0.57,-0.586,-0.3149
118.80,120.07,120.08,0,-2.31368,0,e_rec,cross-domain,0.0000,0.0000,3.647,0,-2.31368,0,0.6027,0.9441,1.173,0,-0.3034,-0.1696,0.0255,0.7165,-0.5408
119.20,120.47,120.48,0,-2.95772,0,|r_bal|,cross-domain,0.0000,0.0000,3.711,0,-2.95772,0,0.4305,0.4053,1.01,0,0.1614,1.12,-0.1041,-0.2927,-0.8446
119.60,120.87,120.88,0,-2.99811,0,|r_aux|,cross-domain,0.0000,0.0000,3.660,0,-2.99811,0,0.4592,0.5167,2.148,0,0.4336,1.872,-0.04814,-0.2166,-0.3821
120.00,121.27,121.28,0,-2.27734,0,e_rec,cross-domain,0.0000,0.0000,3.581,0,-2.27734,0,0.6458,1.011,0.7869,0,0.5428,1.877,-0.3409,1.522,-0.8221
120.40,121.67,121.68,0,-3.23482,0,|r_bal|,cross-domain,0.0000,0.0000,3.697,0,-3.23482,0,0.6745,0.4913,0.6589,0,0.3237,1.17,-0.4568,-1.169,-0.5229
120.80,122.07,122.08,0,-2.82628,0,|r_aux|,cross-domain,0.0000,0.0000,3.547,0,-2.82628,0,0.04305,0.607,2.231,0,0.06484,0.4927,0.06174,0.1679,-0.9487
121.20,122.47,122.48,0,-2.86259,0,|r_aux|,cross-domain,0.0000,0.0000,3.705,0,-2.86259,0,-0.01435,1.041,1.315,0,0.1004,0.08527,-0.01612,-0.09582,-0.8255
121.60,122.87,122.88,0,-2.63132,0,e_rec,cross-domain,0.0000,0.0000,3.647,0,-2.63132,0,-0.0574,0.5329,0.9348,0,0.9811,0.0968,-0.1208,2.124,-0.4488
122.00,123.27,123.28,0,-2.73691,0,|r_aux|,cross-domain,0.0000,0.0000,3.594,0,-2.73691,0,0.4305,0.4357,2.061,0,-0.03028,0.4181,0.02608,0.2252,-0.1982
122.40,123.67,123.68,0,-2.62811,0,|r_aux|,cross-domain,0.0000,0.0000,3.770,0,-2.62811,0,0.6027,0.9178,0.8549,0,0.1961,1.285,-0.1959,0.2614,-0.3058
122.80,124.07,124.08,0,-2.12790,0,e_rec,cross-domain,0.0000,0.0000,3.628,0,-2.12790,0,0.5166,0.4388,0.726,0,-0.3332,2.649,-0.3806,1.201,-0.7193
123.20,124.47,124.48,0,-2.64316,0,e_rec,cross-domain,0.0000,0.0000,3.666,0,-2.64316,0,0.5597,0.4923,1.688,0,0.5017,3.24,-0.007563,0.7254,-0.343
123.60,124.87,124.88,0,-2.92027,0,|r_aux|,cross-domain,0.0000,0.0000,3.673,0,-2.92027,0,0.8467,0.999,0.7986,0,0.6433,2.699,-0.3228,-0.4611,-0.8069
124.00,125.27,125.28,0,-2.72208,0,|r_bal|,cross-domain,0.0000,0.0000,3.617,0,-2.72208,0,1.019,0.5708,0.5667,0,0.02212,0.7873,0.8221,0.0129,-0.08068
124.40,125.67,125.68,0,-2.80762,0,e_rec,cross-domain,0.0000,0.0000,3.799,0,-2.80762,0,0.6888,0.3372,1.804,0,0.09886,-0.551,2.718,0.8721,1.336
124.80,126.07,126.08,0,-3.33026,0,|r_aux|,cross-domain,0.0000,0.0000,3.617,0,-3.33026,0,0.3014,0.9798,0.8869,0,0.4464,-0.7785,3.793,-0.2446,-0.2917
125.20,126.47,126.48,0,-3.69130,0,|r_aux|,cross-domain,0.0000,0.0000,3.746,0,-3.69130,0,0.2296,0.5418,0.6411,0,0.7996,-0.1947,4.9,-0.3579,-0.6299
125.60,126.87,126.88,0,-3.98238,0,|r_aux|,cross-domain,0.0000,0.0000,3.685,0,-3.98238,0,0.6027,0.6287,2.031,0,1.125,0.1164,5.927,-0.9596,-0.8885
126.00,127.27,127.28,0,-3.03277,0,|r_aux|,cross-domain,0.0000,0.0000,3.587,0,-3.03277,0,0.7893,1.239,1.244,0,0.7162,0.2913,5.77,0.8009,0.203
126.40,127.67,127.68,0,-3.02905,0,|r_bal|,cross-domain,0.0000,0.0000,3.787,0,-3.02905,0,1.033,0.6682,0.8178,0,0.1482,0.9118,5.418,0.1098,-0.497
126.80,128.07,128.08,0,-2.58200,0,e_rec,cross-domain,0.0000,0.0000,3.529,0,-2.58200,0,0.6601,0.5785,2.064,0,-0.3689,1.67,4.927,0.8589,-0.2913
127.20,128.47,128.48,0,-2.88100,0,|r_qp|,cross-domain,0.0000,0.0000,3.542,0,-2.88100,0,0.818,1.1,0.8782,0,-0.6489,1.757,4.417,-0.9817,-0.7879
127.60,128.87,128.88,0,-1.98964,0,e_rec,cross-domain,0.0000,0.0000,3.716,0,-1.98964,0,0.6171,0.4261,1.039,0,-0.4709,0.3042,3.01,2.355,-0.7394
128.00,129.27,129.28,0,-2.76547,0,|r_bal|,cross-domain,0.0000,0.0000,3.637,0,-2.76547,0,1.005,0.587,2.51,0,0.05543,-0.7412,1.044,0.0859,-0.6245
128.40,129.67,129.68,0,-2.70020,0,|r_aux|,cross-domain,0.0000,0.0000,3.717,0,-2.70020,0,0.8611,1.015,1.203,0,0.6073,-0.7923,-0.2034,0.6036,-0.1311
128.80,130.07,130.08,0,-2.65642,0,e_rec,cross-domain,0.0000,0.0000,3.524,0,-2.65642,0,0.9615,0.6051,1,0,1.038,0.7365,1.423,1.615,-0.9329
129.20,130.47,130.48,0,-3.45100,0,|r_bal|,cross-domain,0.0000,0.0000,3.632,0,-3.45100,0,0.6314,0.4769,2.025,0,0.5353,1.864,3.866,-0.6809,-0.3367
129.60,130.87,130.88,0,-3.51880,0,|r_aux|,cross-domain,0.0000,0.0000,3.665,0,-3.51880,0,1.005,1.153,0.9632,0,1.013,1.66,5.371,-0.625,-0.6005
130.00,131.27,131.28,0,-2.35659,0,e_rec,cross-domain,0.0000,0.0000,3.596,0,-2.35659,0,1.435,0.6444,0.8058,0,0.2608,0.8493,5.375,2.022,-0.05641
130.40,131.67,131.68,0,-3.70740,0,|r_bal|,cross-domain,0.0000,0.0000,3.774,0,-3.70740,0,0.9185,0.5735,2.159,0,0.6519,-0.1229,5.217,-1.053,-0.788
130.80,132.07,132.08,0,-3.36372,0,|r_aux|,cross-domain,0.0000,0.0000,3.573,0,-3.36372,0,0.5453,1.135,1.404,0,0.2079,-0.4164,4.225,-0.9101,-0.6727
131.20,132.47,132.48,0,-2.70328,0,e_rec,cross-domain,0.0000,0.0000,3.623,0,-2.70328,0,0.6314,0.4589,1.179,0,0.3274,-0.9978,2.76,1.367,-0.6818
131.60,132.87,132.88,0,-3.07650,0,e_rec,cross-domain,0.0000,0.0000,3.709,0,-3.07650,0,0.6458,0.5022,2.488,0,0.7382,-1.355,1.331,0.469,-0.9296
132.00,133.27,133.28,0,-2.87471,0,|r_aux|,cross-domain,0.0000,0.0000,3.520,0,-2.87471,0,0.8754,0.9974,1.224,0,0.1554,-1.196,0.5183,-0.3352,-0.6232
132.40,133.67,133.68,0,-2.42027,0,e_rec,cross-domain,0.0000,0.0000,3.720,0,-2.42027,0,1.191,0.4175,0.8514,0,0.3115,-1.249,0.3227,1.377,-0.5302
132.80,134.07,134.08,0,-3.32719,0,|r_bal|,cross-domain,0.0000,0.0000,3.626,0,-3.32719,0,1.249,0.4572,1.984,0,0.5461,-0.9731,0.3466,-1.054,0.1981
133.20,134.47,134.48,0,-2.71601,0,|r_bal|,cross-domain,0.0000,0.0000,3.664,0,-2.71601,0,1.306,0.9724,1.055,0,0.2312,-0.621,0.4353,-0.103,-0.4097
133.60,134.87,134.88,0,-2.25703,0,e_rec,cross-domain,0.0000,0.0000,3.706,0,-2.25703,0,0.9185,0.5392,0.8685,0,0.9557,0.9674,1.585,2.795,-0.5548
134.00,135.27,135.28,0,-3.09745,0,|r_bal|,cross-domain,0.0000,0.0000,3.702,0,-3.09745,0,1.005,0.4624,2.13,0,0.49,2.332,3.034,-0.2041,-0.9084
134.40,135.67,135.68,0,-2.86888,0,|r_aux|,cross-domain,0.0000,0.0000,3.636,0,-2.86888,0,1.076,1.076,1.047,0,0.6459,2.586,3.462,0.2939,-0.7619
134.80,136.07,136.08,0,-3.02031,0,|r_bal|,cross-domain,0.0000,0.0000,3.723,0,-3.02031,0,1.579,0.4253,1.023,0,-0.03569,1.71,2.503,-1.011,-0.5521
135.20,136.47,136.48,0,-2.84550,0,|r_bal|,cross-domain,0.0000,0.0000,3.650,0,-2.84550,0,1.22,0.6281,2.371,0,-0.03197,1.123,1.426,-0.5764,-0.6394
135.60,136.87,136.88,0,-2.69005,0,|r_bal|,cross-domain,0.0000,0.0000,3.736,0,-2.69005,0,1.306,1.016,1.191,0,-0.3578,0.7354,0.02544,-1.102,-0.7688
136.00,137.27,137.28,0,-2.96501,0,|r_bal|,cross-domain,0.0000,0.0000,3.498,0,-2.96501,0,0.6888,0.4571,1.08,0,-0.3245,0.03729,-0.03792,-1.021,-0.9504
136.40,137.67,137.68,0,-2.79033,0,|r_aux|,cross-domain,0.0000,0.0000,3.579,0,-2.79033,0,0.4736,0.4969,2.745,0,0.0194,-0.9975,0.2763,0.2448,-0.6013
136.80,138.07,138.08,0,-2.00659,0,e_rec,cross-domain,0.0000,0.0000,3.727,0,-2.00659,0,0.2583,0.9737,1.526,0,0.2298,-1.31,-0.01301,2.665,-0.3133
137.20,138.47,138.48,0,-3.17988,0,|r_aux|,cross-domain,0.0000,0.0000,3.596,0,-3.17988,0,0.1148,0.5042,1.406,0,0.7822,-0.04111,-0.2719,0.1236,-0.5249
137.60,138.87,138.88,0,-3.26869,0,|r_aux|,cross-domain,0.0000,0.0000,3.752,0,-3.26869,0,0.3014,0.437,2.323,0,0.6252,1.836,-0.288,-0.6698,-0.6047
138.00,139.27,139.28,0,-2.85743,0,|r_aux|,cross-domain,0.0000,0.0000,3.525,0,-2.85743,0,0.5023,0.9874,0.9482,0,0.03118,2.6,-0.1038,-0.7723,-0.599
138.40,139.67,139.68,0,-2.43799,0,e_rec,cross-domain,0.0000,0.0000,3.654,0,-2.43799,0,0.4162,0.5869,0.8464,0,0.01413,2.145,1.568,1.173,-0.6963
138.80,140.07,140.08,0,-3.15209,0,|r_aux|,cross-domain,0.0000,0.0000,3.695,0,-3.15209,0,0.4736,0.4655,2.45,0,-0.2136,0.888,3.859,-0.5054,0.4384
139.20,140.47,140.48,0,-2.93814,0,|r_aux|,cross-domain,0.0000,0.0000,3.635,0,-2.93814,0,0.574,1.104,1.196,0,0.1416,0.1557,4.931,0.3609,-0.4241
139.60,140.87,140.88,0,-3.02074,0,|r_bal|,cross-domain,0.0000,0.0000,3.711,0,-3.02074,0,1.191,0.5751,0.9136,0,0.1512,-0.1389,4.898,0.09121,-0.8176
140.00,141.27,141.28,0,-3.18262,0,|r_bal|,cross-domain,0.0000,0.0000,3.488,0,-3.18262,0,1.492,0.6003,1.932,0,0.07393,-0.1259,5.343,-0.6377,-0.9442
140.40,141.67,141.68,0,-2.59215,0,|r_bal|,cross-domain,0.0000,0.0000,3.547,0,-2.59215,0,1.449,1.175,0.774,0,-0.1802,-0.02061,4.748,0.3376,-0.2448
140.80,142.07,142.08,0,-2.75944,0,|r_bal|,cross-domain,0.0000,0.0000,3.616,0,-2.75944,0,1.579,0.5297,0.6261,0,0.2357,0.7498,3.466,0.3484,-0.8003
141.20,142.47,142.48,0,-3.08941,0,|r_bal|,cross-domain,0.0000,0.0000,3.566,0,-3.08941,0,0.7606,0.5609,1.919,0,0.6926,1.165,1.693,0.07693,-0.3827
141.60,142.87,142.88,0,-2.33510,0,e_rec,cross-domain,0.0000,0.0000,3.785,0,-2.33510,0,0.8324,0.9896,0.927,0,0.8008,1.011,0.08048,1.773,-0.782
142.00,143.27,143.28,0,-2.93551,0,e_rec,cross-domain,0.0000,0.0000,3.594,0,-2.93551,0,0.4879,0.4036,0.8414,0,0.4789,-0.2318,0.1487,0.375,-0.758
142.40,143.67,143.68,0,-3.17632,0,|r_aux|,cross-domain,0.0000,0.0000,3.711,0,-3.17632,0,0.0861,0.6063,2.081,0,0.09705,-0.8724,0.1835,-0.6497,-0.8125
142.80,144.07,144.08,0,-2.86368,0,|r_aux|,cross-domain,0.0000,0.0000,3.656,0,-2.86368,0,-0.1722,1.057,0.715,0,-0.2811,-0.7604,-0.05423,-0.3946,-0.724
143.20,144.47,144.48,0,-2.82042,0,|r_qp|,cross-domain,0.0000,0.0000,3.543,0,-2.82042,0,0.01435,0.5423,0.5707,0,-0.5297,-0.3192,-0.1378,-0.4396,-0.854
143.60,144.87,144.88,0,-2.87487,0,|r_qp|,cross-domain,0.0000,0.0000,3.851,0,-2.87487,0,0.7462,0.3444,1.9,0,-0.5431,0.1166,0.3042,-0.9524,-0.9379
144.00,145.27,145.28,0,-1.45607,0,e_rec,cross-domain,0.0000,0.0000,3.797,0,-1.45607,0,0.9759,0.9218,0.885,0,-1.007,0.3099,0.6834,2.188,-0.4375
144.40,145.67,145.68,0,-2.74407,0,|r_bal|,cross-domain,0.0000,0.0000,3.639,0,-2.74407,0,1.449,0.5114,0.9135,0,0.1023,1.41,1.863,-0.07638,-0.423
144.80,146.07,146.08,0,-2.71424,0,|r_bal|,cross-domain,0.0000,0.0000,3.706,0,-2.71424,0,1.306,0.4577,1.803,0,-0.3537,2.396,3.471,-0.2549,-0.4944
145.20,146.47,146.48,0,-3.19818,0,|r_aux|,cross-domain,0.0000,0.0000,3.591,0,-3.19818,0,0.8611,1.04,0.599,0,0.3131,2.446,3.612,-0.8615,-0.3411
145.60,146.87,146.88,0,-3.00838,0,|r_qp|,cross-domain,0.0000,0.0000,3.982,0,-3.00838,0,0.2727,0.4598,0.4533,0,-0.3724,1.448,3.743,-0.2802,-0.5723
146.00,147.27,147.28,0,-2.96524,0,|r_qp|,cross-domain,0.0000,0.0000,3.723,0,-2.96524,0,0.5597,0.4366,2.139,0,-0.4853,0.05139,3.496,-0.402,-0.7916
146.40,147.67,147.68,0,-2.65803,0,|r_qp|,cross-domain,0.0000,0.0000,3.658,0,-2.65803,0,0.7175,1.024,1.111,0,-0.7038,-0.5062,3.328,-0.2364,-0.7593
146.80,148.07,148.08,0,-3.00251,0,|r_bal|,cross-domain,0.0000,0.0000,3.769,0,-3.00251,0,1.105,0.3935,0.9412,0,-0.5232,-0.9237,2.37,-0.9914,-0.812
147.20,148.47,148.48,0,-2.25252,0,e_rec,cross-domain,0.0000,0.0000,3.772,0,-2.25252,0,0.9759,0.6518,2.001,0,-0.2318,-0.7093,1.339,1.258,-0.7239
147.60,148.87,148.88,0,-2.75673,0,|r_aux|,cross-domain,0.0000,0.0000,3.615,0,-2.75673,0,0.7319,1.013,0.9475,0,-0.1479,-0.2907,-0.03362,-0.5167,-0.5883
148.00,149.27,149.28,0,-2.53286,0,|r_bal|,cross-domain,0.0000,0.0000,3.688,0,-2.53286,0,1.062,0.4877,0.8317,0,0.05801,0.8471,-0.09877,0.3988,-0.7121
148.40,149.67,149.68,0,-2.69882,0,|r_bal|,cross-domain,0.0000,0.0000,3.693,0,-2.69882,0,0.8036,0.5697,2.148,0,0.2454,1.457,0.1141,0.2494,-0.2533
148.80,150.07,150.08,0,-2.54831,0,|r_aux|,cross-domain,0.0000,0.0000,3.805,0,-2.54831,0,0.8324,1.057,1.147,0,0.1677,1.201,-0.1354,0.1951,-0.8213
149.20,150.47,150.48,0,-2.08905,0,e_rec,cross-domain,0.0000,0.0000,3.691,0,-2.08905,0,0.7893,0.5708,0.9032,0,0.2702,-0.1878,-0.03122,2.278,-0.2397
149.60,150.87,150.88,0,-3.46214,0,|r_bal|,cross-domain,0.0000,0.0000,3.521,0,-3.46214,0,0.531,0.3638,2.482,0,0.6706,-1.14,0.1861,-0.8504,-0.9088
150.00,151.27,151.28,0,-3.31941,0,|r_aux|,cross-domain,0.0000,0.0000,3.847,0,-3.31941,0,0.7606,0.9427,0.9706,0,0.9996,-1.29,0.4476,-0.4455,-0.8651
150.40,151.67,151.68,0,-3.35119,0,|r_bal|,cross-domain,0.0000,0.0000,3.781,0,-3.35119,0,0.8324,0.3816,0.7788,0,0.6137,-1.181,0.2623,-0.7338,-0.5464
150.80,152.07,152.08,0,-3.00682,0,|r_bal|,cross-domain,0.0000,0.0000,3.727,0,-3.00682,0,1.091,0.4444,1.965,0,0.3514,-0.5077,0.3323,-0.3705,-0.6951
151.20,152.47,152.48,0,-1.84069,0,e_rec,cross-domain,0.0000,0.0000,3.742,0,-1.84069,0,0.8898,0.9263,0.6627,0,-0.2883,0.104,0.0316,1.936,-0.4772
151.60,152.87,152.88,0,-2.53662,0,e_rec,cross-domain,0.0000,0.0000,3.514,0,-2.53662,0,0.5166,0.4203,0.523,0,-0.1397,1.868,-0.05741,0.4305,-0.6514
152.00,153.27,153.28,0,-2.36232,0,e_rec,cross-domain,0.0000,0.0000,3.640,0,-2.36232,0,0.3731,0.4817,1.968,0,-0.1935,2.631,0.02887,0.8578,-0.2361
152.40,153.67,153.68,0,-2.87459,0,|r_aux|,cross-domain,0.0000,0.0000,3.529,0,-2.87459,0,0.2727,1.005,1.316,0,0.5516,2.199,-0.2069,0.03984,-0.2766
152.80,154.07,154.08,0,-2.33023,0,e_rec,cross-domain,0.0000,0.0000,3.551,0,-2.33023,0,0.574,0.5542,1.169,0,0.3656,0.2816,0.493,1.888,-0.3223
153.20,154.47,154.48,0,-3.42643,0,|r_bal|,cross-domain,0.0000,0.0000,3.821,0,-3.42643,0,0.9472,0.3833,2.31,0,0.6635,-1.022,2.22,-0.6056,-0.5876
153.60,154.87,154.88,0,-3.00655,0,|r_bal|,cross-domain,0.0000,0.0000,2.543,0,-3.00655,0,1.263,0.9873,0.9245,0,0.6782,-1.219,3.088,0.2696,-0.4402
154.00,155.27,155.28,0,-3.32667,0,|r_bal|,cross-domain,0.0000,0.0000,3.780,0,-3.32667,0,1.249,0.3743,0.7488,0,0.2015,-1.069,2.165,-1.09,-0.6167
154.40,155.67,155.68,0,-3.02048,0,|r_bal|,cross-domain,0.0000,0.0000,3.736,0,-3.02048,0,0.9615,0.5413,1.919,0,0.3813,-0.6215,0.9928,-0.2138,-0.8909
154.80,156.07,156.08,0,-1.59568,0,e_rec,cross-domain,0.0000,0.0000,3.496,0,-1.59568,0,0.8467,0.9912,1.097,0,0.3058,-0.07596,-0.1427,3.427,-0.05672
155.20,156.47,156.48,0,-2.83702,0,|r_bal|,cross-domain,0.0000,0.0000,3.657,0,-2.83702,0,1.091,0.4518,0.9132,0,0.05844,1.599,-0.3849,-0.6429,-0.7011
155.60,156.87,156.88,0,-2.33367,0,|r_qp|,cross-domain,0.0000,0.0000,3.604,0,-2.33367,0,0.8324,0.4559,2.51,0,-0.605,2.461,-0.1128,0.09327,-0.3424
156.00,157.27,157.28,0,-2.51656,0,|r_qp|,cross-domain,0.0000,0.0000,3.850,0,-2.51656,0,0.4162,0.9788,1.486,0,-0.8502,2.139,-0.1563,-0.8363,-0.8061
156.40,157.67,157.68,0,-2.49027,0,|r_qp|,cross-domain,0.0000,0.0000,3.650,0,-2.49027,0,0.3588,0.4498,1.15,0,-0.666,0.6582,-0.2243,0.06022,-0.6729
156.80,158.07,158.08,0,-2.27527,0,|r_qp|,cross-domain,0.0000,0.0000,3.596,0,-2.27527,0,0.7175,0.6148,2.028,0,-0.7016,-0.5313,0.1393,0.5022,-0.6718
157.20,158.47,158.48,0,-1.53440,0,e_rec,cross-domain,0.0000,0.0000,3.828,0,-1.53440,0,0.9472,1.046,0.8672,0,-0.6276,-0.6116,-0.2742,2.276,-0.7418
157.60,158.87,158.88,0,-2.96046,0,|r_bal|,cross-domain,0.0000,0.0000,3.682,0,-2.96046,0,0.7749,0.5402,0.7114,0,-0.08104,-0.1194,-0.1,-0.7799,-0.7974
158.00,159.27,159.28,0,-2.56317,0,e_rec,cross-domain,0.0000,0.0000,4.040,0,-2.56317,0,0.5453,0.4761,2.17,0,-0.09418,0.7687,0.07756,0.496,-0.5143
158.40,159.67,159.68,0,-2.78829,0,|r_aux|,cross-domain,0.0000,0.0000,3.671,0,-2.78829,0,0.6601,0.9651,1.302,0,0.5075,1.319,-0.1066,0.127,-0.3961
158.80,160.07,160.08,0,-1.52095,0,e_rec,cross-domain,0.0000,0.0000,3.522,0,-1.52095,0,0.6027,0.4825,1.004,0,-0.3331,1.883,-0.4379,2.98,-0.7309
159.20,160.47,160.48,0,-2.58358,0,|r_bal|,cross-domain,0.0000,0.0000,3.781,0,-2.58358,0,0.9041,0.646,2.216,0,-0.122,1.883,0.01901,-0.05411,0.1489
159.60,160.87,160.88,0,-2.90002,0,|r_aux|,cross-domain,0.0000,0.0000,3.621,0,-2.90002,0,0.6601,1.066,0.7821,0,0.1152,1.317,-0.3228,-0.8488,-0.7959
160.00,161.27,161.28,0,-2.89137,0,|r_bal|,cross-domain,0.0000,0.0000,3.564,0,-2.89137,0,0.7319,0.5872,0.6976,0,0.1365,0.02278,-0.2297,-0.3147,-0.4421
160.40,161.67,161.68,0,-2.77163,0,|r_bal|,cross-domain,0.0000,0.0000,3.689,0,-2.77163,0,0.7893,0.5483,2.118,0,0.3022,-0.9483,-0.03226,0.349,-0.86
160.80,162.07,162.08,0,-2.43179,0,|r_aux|,cross-domain,0.0000,0.0000,3.544,0,-2.43179,0,1.019,1.046,1.045,0,-0.4361,-0.9364,-0.2571,-0.1301,-0.7633
161.20,162.47,162.48,0,-2.27793,0,e_rec,cross-domain,0.0000,0.0000,3.555,0,-2.27793,0,1.148,0.5578,0.8608,0,0.3553,-0.08299,-0.3407,1.506,-0.563
161.60,162.87,162.88,0,-2.64031,0,|r_bal|,cross-domain,0.0000,0.0000,3.765,0,-2.64031,0,0.8036,0.5706,2.076,0,-0.3937,0.8197,-0.06609,-0.4046,-0.6827
162.00,163.27,163.28,0,-1.76805,0,e_rec,cross-domain,0.0000,0.0000,3.909,0,-1.76805,0,0.8324,1.016,1.26,0,0.5454,1.384,-0.4169,2.966,-0.3973
162.40,163.67,163.68,0,-2.37447,0,e_rec,cross-domain,0.0000,0.0000,3.815,0,-2.37447,0,0.7893,0.5293,0.6832,0,0.5689,2.446,-0.386,1.423,-0.9116
162.80,164.07,164.08,0,-2.89237,0,|r_bal|,cross-domain,0.0000,0.0000,3.523,0,-2.89237,0,0.9041,0.5477,1.71,0,0.2137,2.905,-0.01509,-0.599,-0.1352
163.20,164.47,164.48,0,-3.01185,0,|r_bal|,cross-domain,0.0000,0.0000,3.801,0,-3.01185,0,1.55,1.022,0.878,0,0.8001,2.705,-0.1767,-0.9819,-0.882
163.60,164.87,164.88,0,-2.53906,0,e_rec,cross-domain,0.0000,0.0000,3.601,0,-2.53906,0,1.335,0.5401,0.7212,0,0.6529,1,-0.09267,0.9273,-0.7249
164.00,165.27,165.28,0,-3.65016,0,|r_bal|,cross-domain,0.0000,0.0000,3.563,0,-3.65016,0,1.148,0.4038,2.17,0,1.372,-0.04243,-0.2685,-1.143,-0.922
164.40,165.67,165.68,0,-2.53147,0,e_rec,cross-domain,0.0000,0.0000,3.596,0,-2.53147,0,1.177,0.9482,0.8898,0,1.141,-0.2634,-0.3385,1.503,-0.8375
164.80,166.07,166.08,0,-2.70970,0,e_rec,cross-domain,0.0000,0.0000,3.522,0,-2.70970,0,0.9472,0.4823,0.5406,0,0.9933,-0.05309,-0.6916,1.161,-0.8247
165.20,166.47,166.48,0,-2.57450,0,e_rec,cross-domain,0.0000,0.0000,3.828,0,-2.57450,0,0.8898,0.8427,1.773,0,1.235,-0.2554,-0.435,1.739,-0.6048
165.60,166.87,166.88,0,-2.53464,0,e_rec,cross-domain,0.0000,0.0000,3.622,0,-2.53464,0,0.6171,1.159,0.5664,0,1.421,-0.09731,-0.5051,2.052,-0.578
166.00,167.27,167.28,0,-2.68689,0,e_rec,cross-domain,0.0000,0.0000,3.668,0,-2.68689,0,0.3731,0.6515,0.5725,0,0.5399,0.9398,-0.3085,0.8687,-0.6724
166.40,167.67,167.68,0,-3.48166,0,|r_aux|,cross-domain,0.0000,0.0000,3.834,0,-3.48166,0,0.04305,0.3892,2.107,0,0.6169,1.889,0.1998,-1.005,-0.5759
166.80,168.07,168.08,0,-2.52740,0,e_rec,cross-domain,0.0000,0.0000,3.594,0,-2.52740,0,0.1579,0.9652,1.239,0,0.1972,1.966,-0.03907,0.7261,-0.8771
167.20,168.47,168.48,0,-2.97282,0,|r_aux|,cross-domain,0.0000,0.0000,3.864,0,-2.97282,0,0.2153,0.5265,0.9667,0,0.4778,1.169,-0.5047,0.04997,-0.7965
167.60,168.87,168.88,0,-2.94313,0,|r_aux|,cross-domain,0.0000,0.0000,3.592,0,-2.94313,0,0.2009,0.7917,2.187,0,0.4634,0.3998,-0.3162,0.0813,-0.4509
168.00,169.27,169.28,0,-3.04441,0,|r_aux|,cross-domain,0.0000,0.0000,3.671,0,-3.04441,0,0.1722,1.148,1.098,0,0.4939,0.1503,-0.4183,-0.3984,-0.7771
168.40,169.67,169.68,0,-3.36933,0,|r_aux|,cross-domain,0.0000,0.0000,3.849,0,-3.36933,0,0.3444,0.6376,0.8245,0,0.5347,-0.5727,-0.3949,-0.9451,-0.3937
168.80,170.07,170.08,0,-3.40074,0,|r_bal|,cross-domain,0.0000,0.0000,3.615,0,-3.40074,0,0.8898,0.3359,1.796,0,0.6463,-0.9454,-0.2108,-0.9224,0.4083
169.20,170.47,170.48,0,-2.82149,0,|r_bal|,cross-domain,0.0000,0.0000,3.755,0,-2.82149,0,1.148,0.9042,0.8053,0,0.3176,-0.8385,-0.3493,-0.2997,-0.6321
169.60,170.87,170.88,0,-3.24141,0,|r_bal|,cross-domain,0.0000,0.0000,3.746,0,-3.24141,0,1.076,0.4772,0.7195,0,0.8067,-0.07334,-0.6736,-0.7285,-0.7986
170.00,171.27,171.28,0,-2.76900,0,e_rec,cross-domain,0.0000,0.0000,3.641,0,-2.76900,0,0.4879,0.8614,2.012,0,0.6594,0.3068,-0.3877,0.6034,-0.6
170.40,171.67,171.68,0,-3.26277,0,|r_aux|,cross-domain,0.0000,0.0000,3.739,0,-3.26277,0,0.8611,1.17,1.041,0,1.079,0.2026,-0.6412,-0.8036,-0.865
170.80,172.07,172.08,0,-3.37296,0,|r_aux|,cross-domain,0.0000,0.0000,3.610,0,-3.37296,0,0.7175,0.7049,0.7279,0,1.216,-0.4218,-0.5704,-0.4319,-0.7253
171.20,172.47,172.48,0,-2.93263,0,|r_bal|,cross-domain,0.0000,0.0000,3.666,0,-2.93263,0,0.7749,0.6626,2.433,0,0.4374,-0.4917,-0.2119,-0.1136,-0.8326
171.60,172.87,172.88,0,-2.11766,0,e_rec,cross-domain,0.0000,0.0000,3.765,0,-2.11766,0,0.2727,1.089,1.282,0,0.326,-0.3867,-0.5046,2.148,-0.571
172.00,173.27,173.28,0,-3.23387,0,|r_aux|,cross-domain,0.0000,0.0000,3.526,0,-3.23387,0,0.1148,0.622,1.278,0,-0.1257,-0.1246,-0.6343,-1.394,-0.8965
172.40,173.67,173.68,0,-2.81086,0,|r_qp|,cross-domain,0.0000,0.0000,4.239,0,-2.81086,0,-0.0574,0.5125,2.569,0,-0.3761,-0.19,-0.3327,-0.2201,-0.6742
172.80,174.07,174.08,0,-2.63996,0,|r_aux|,cross-domain,0.0000,0.0000,4.391,0,-2.63996,0,-0.3301,0.9766,1.313,0,-0.3172,-0.3127,-0.4957,0.2632,-0.116
173.20,174.47,174.48,0,-3.05693,0,|r_aux|,cross-domain,0.0000,0.0000,3.612,0,-3.05693,0,-0.01435,0.6155,0.8501,0,0.2054,0.1154,-0.3393,-0.2906,-0.6374
173.60,174.87,174.88,0,-2.88445,0,|r_aux|,cross-domain,0.0000,0.0000,3.731,0,-2.88445,0,0.2296,0.9125,1.736,0,0.6688,0.7688,-0.006188,0.4568,-0.3492
174.00,175.27,175.28,0,-3.19998,0,|r_aux|,cross-domain,0.0000,0.0000,3.552,0,-3.19998,0,0.2727,1.233,0.8821,0,0.5816,1.048,-0.1128,-0.9127,-0.857
174.40,175.67,175.68,0,-1.82529,0,e_rec,cross-domain,0.0000,0.0000,3.784,0,-1.82529,0,0.6601,0.7338,0.9078,0,-0.2163,0.3111,-0.1276,2.277,-0.7625
174.80,176.07,176.08,0,-2.44907,0,e_rec,cross-domain,0.0000,0.0000,3.608,0,-2.44907,0,0.7175,0.3469,2.102,0,0.1928,-0.3886,0.3299,1.384,-0.3957
175.20,176.47,176.48,0,-2.11244,0,e_rec,cross-domain,0.0000,0.0000,3.567,0,-2.11244,0,0.8898,0.943,1.025,0,-0.5086,-0.826,0.1233,0.9685,-0.3427
175.60,176.87,176.88,0,-2.96984,0,|r_bal|,cross-domain,0.0000,0.0000,3.669,0,-2.96984,0,1.263,0.4758,0.7886,0,0.4491,-0.2207,0.03166,-0.3619,-0.9265
176.00,177.27,177.28,0,-2.89825,0,|r_bal|,cross-domain,0.0000,0.0000,3.598,0,-2.89825,0,1.277,0.4683,2.247,0,0.03815,0.2705,0.2461,-0.7187,-0.7458
176.40,177.67,177.68,0,-2.17067,0,e_rec,cross-domain,0.0000,0.0000,3.605,0,-2.17067,0,1.406,0.9292,1.504,0,0.2603,0.5187,-0.3179,1.208,-0.3717
176.80,178.07,178.08,0,-2.78928,0,|r_qp|,cross-domain,0.0000,0.0000,3.636,0,-2.78928,0,0.8036,0.4582,1.051,0,-0.5288,0.9504,-0.6669,-1.083,-0.8943
177.20,178.47,178.48,0,-2.49631,0,|r_qp|,cross-domain,0.0000,0.0000,3.615,0,-2.49631,0,0.5597,0.6942,2.479,0,-0.5669,1.203,-0.6488,-0.2948,-0.5375
177.60,178.87,178.88,0,-2.83298,0,|r_aux|,cross-domain,0.0000,0.0000,3.659,0,-2.83298,0,0.3875,1.082,1.239,0,-0.2963,1.102,-0.7459,-1.093,-0.8202
178.00,179.27,179.28,0,-2.32052,0,e_rec,cross-domain,0.0000,0.0000,3.561,0,-2.32052,0,0.3444,0.6516,1.131,0,-0.3679,0.1964,-0.802,0.7476,-0.8091
178.40,179.67,179.68,0,-2.78348,0,|r_qp|,cross-domain,0.0000,0.0000,3.666,0,-2.78348,0,-0.0574,0.735,2.209,0,-0.6879,-0.2568,-0.4891,-0.7279,-0.8136
178.80,180.07,180.08,0,-2.67583,0,|r_qp|,cross-domain,0.0000,0.0000,3.622,0,-2.67583,0,0.1722,1.14,0.985,0,-0.6067,-0.4365,-0.7193,-0.7303,-0.6914
179.20,180.47,180.48,0,-3.31969,0,|r_aux|,cross-domain,0.0000,0.0000,3.631,0,-3.31969,0,0.4592,0.6482,0.6448,0,0.6351,-0.5916,-0.5617,-0.81,-0.8329
179.60,180.87,180.88,0,-3.25093,0,|r_bal|,cross-domain,0.0000,0.0000,3.771,0,-3.25093,0,0.5023,0.4396,1.773,0,1.053,-0.8144,0.05145,0.2133,-0.5039
180.00,181.27,181.28,0,-2.48048,0,e_rec,cross-domain,0.0000,0.0000,3.598,0,-2.48048,0,0.2583,0.9425,0.6507,0,0.4244,-0.6562,-0.1251,1.45,-0.4009
180.40,181.67,181.68,0,-3.14048,0,|r_aux|,cross-domain,0.0000,0.0000,3.639,0,-3.14048,0,0.4592,0.5065,0.6805,0,0.2106,0.1565,-0.393,-0.7912,-0.7842
180.80,182.07,182.08,0,-2.79497,0,|r_aux|,cross-domain,0.0000,0.0000,3.656,0,-2.79497,0,0.07175,0.6979,2.095,0,-0.1681,0.631,-0.273,-0.1583,-0.1989
181.20,182.47,182.48,0,-2.61605,0,|r_aux|,cross-domain,0.0000,0.0000,3.604,0,-2.61605,0,0.5453,1.091,1.339,0,-0.5431,0.516,-0.4323,-0.7461,-0.7374
181.60,182.87,182.88,0,-2.31401,0,|r_qp|,cross-domain,0.0000,0.0000,3.638,0,-2.31401,0,1.148,0.6239,0.8544,0,-0.9303,-0.327,-0.3139,-0.3118,-0.8316
182.00,183.27,183.28,0,-2.62253,0,|r_bal|,cross-domain,0.0000,0.0000,3.602,0,-2.62253,0,1.952,0.535,2.159,0,-0.1217,-0.9824,0.08399,-0.4754,-0.5777
182.40,183.67,183.68,0,-2.61415,0,|r_bal|,cross-domain,0.0000,0.0000,3.803,0,-2.61415,0,1.607,1.02,1.12,0,0.1649,-1.086,-0.3952,-0.2629,-0.7477
182.80,184.07,184.08,0,-2.78186,0,|r_bal|,cross-domain,0.0000,0.0000,3.664,0,-2.78186,0,0.8898,0.5581,1.072,0,0.06137,-1.276,-0.7503,-0.1503,-0.6834
183.20,184.47,184.48,0,-2.46531,0,|r_qp|,cross-domain,0.0000,0.0000,3.448,0,-2.46531,0,0.4449,0.6042,2.244,0,-0.5296,-0.841,-0.5762,0.2755,-0.1187
183.60,184.87,184.88,0,-2.29601,0,|r_qp|,cross-domain,0.0000,0.0000,3.893,0,-2.29601,0,0.6888,1.025,1.329,0,-0.7079,-0.4153,-0.6323,0.03627,-0.2553
184.00,185.27,185.28,0,-2.78110,0,|r_qp|,cross-domain,0.0000,0.0000,3.595,0,-2.78110,0,0.4879,0.5655,1.218,0,-0.378,1.25,-0.5992,-0.7477,-0.8446
184.40,185.67,185.68,0,-2.85291,0,|r_aux|,cross-domain,0.0000,0.0000,3.656,0,-2.85291,0,0.3875,0.6009,2.316,0,0.2032,2.175,-0.22,-0.1852,-0.5293
184.80,186.07,186.08,0,-2.84400,0,|r_aux|,cross-domain,0.0000,0.0000,3.758,0,-2.84400,0,0.3444,1.072,1.177,0,0.3281,2.162,-0.6368,-0.3805,-0.8847
185.20,186.47,186.48,0,-2.87015,0,|r_bal|,cross-domain,0.0000,0.0000,3.450,0,-2.87015,0,0.7462,0.6374,0.7026,0,0.1627,1.005,-0.6732,-0.4942,-0.7622
185.60,186.87,186.88,0,-2.45997,0,|r_bal|,cross-domain,0.0000,0.0000,3.647,0,-2.45997,0,0.9615,0.695,2.049,0,-0.04336,0.0745,-0.5167,0.4099,-0.4242
186.00,187.27,187.28,0,-2.96631,0,|r_aux|,cross-domain,0.0000,0.0000,3.702,0,-2.96631,0,1.019,1.091,0.6884,0,0.2951,-0.3818,-0.6554,-0.912,-0.574
186.40,187.67,187.68,0,-2.63368,0,|r_bal|,cross-domain,0.0000,0.0000,3.734,0,-2.63368,0,1.306,0.6741,0.6952,0,-0.05714,-0.7822,-0.6915,-0.2588,-0.631
186.80,188.07,188.08,0,-2.77742,0,|r_bal|,cross-domain,0.0000,0.0000,3.645,0,-2.77742,0,1.105,0.8056,1.914,0,0.1004,-0.8771,-0.4102,-0.3437,-0.03626
187.20,188.47,188.48,0,-2.42287,0,|r_bal|,cross-domain,0.0000,0.0000,3.513,0,-2.42287,0,1.177,1.127,0.882,0,-0.02298,-0.4098,-0.5879,0.1889,-0.1699
187.60,188.87,188.88,0,-1.77711,0,e_rec,cross-domain,0.0000,0.0000,3.780,0,-1.77711,0,0.7175,0.7305,0.6615,0,0.202,0.9774,-0.5617,2.76,-0.832
188.00,189.27,189.28,0,-2.96297,0,|r_bal|,cross-domain,0.0000,0.0000,3.695,0,-2.96297,0,1.335,0.8261,2.057,0,0.5543,1.912,-0.121,-0.6618,1.073
188.40,189.67,189.68,0,-2.68389,0,|r_aux|,cross-domain,0.0000,0.0000,3.692,0,-2.68389,0,0.9185,1.18,1.122,0,0.7989,1.81,-0.1335,0.4251,-0.5701
188.80,190.07,190.08,0,-2.27049,0,e_rec,cross-domain,0.0000,0.0000,3.940,0,-2.27049,0,1.363,0.8307,0.9972,0,0.7879,0.5252,-0.1642,1.714,-0.7395
189.20,190.47,190.48,0,-2.98906,0,|r_aux|,cross-domain,0.0000,0.0000,3.666,0,-2.98906,0,0.6745,0.8837,2.456,0,0.392,-0.5929,0.3898,-0.2827,-0.7697
189.60,190.87,190.88,0,-3.24135,0,|r_aux|,cross-domain,0.0000,0.0000,3.760,0,-3.24135,0,0.2296,1.217,1.248,0,0.3824,-0.7623,0.1583,-0.9439,-0.2079
190.00,191.27,191.28,0,-3.09078,0,|r_aux|,cross-domain,0.0000,0.0000,3.695,0,-3.09078,0,0.3157,0.8179,1.123,0,0.1394,-0.4514,-0.07943,-0.7297,-0.8449
190.40,191.67,191.68,0,-2.75040,0,|r_bal|,cross-domain,0.0000,0.0000,3.645,0,-2.75040,0,0.8754,0.7993,2.282,0,-0.2864,0.1845,0.2411,-0.5793,0.429
190.80,192.07,192.08,0,-2.18540,0,|r_bal|,cross-domain,0.0000,0.0000,3.708,0,-2.18540,0,1.507,1.165,1.183,0,0.1209,0.618,-0.07079,0.7853,-0.5822
191.20,192.47,192.48,0,-2.55096,0,|r_bal|,cross-domain,0.0000,0.0000,3.723,0,-2.55096,0,1.378,0.7155,0.7901,0,0.0337,1.908,-0.4585,-0.2548,-0.7538
191.60,192.87,192.88,0,-2.97546,0,|r_bal|,cross-domain,0.0000,0.0000,3.720,0,-2.97546,0,0.9328,0.508,2.07,0,0.8847,2.534,-0.1199,0.05006,-0.2583
192.00,193.27,193.28,0,-2.69293,0,|r_aux|,cross-domain,0.0000,0.0000,3.823,0,-2.69293,0,0.7175,0.9896,0.7547,0,-0.006278,2.142,-0.3337,-0.4817,-0.7777
192.40,193.67,193.68,0,-2.18992,0,|r_qp|,cross-domain,0.0000,0.0000,3.710,0,-2.18992,0,0.9328,0.6461,0.6896,0,-0.5294,0.9929,-0.2976,0.5555,-0.8075
192.80,194.07,194.08,0,-2.72094,0,|r_bal|,cross-domain,0.0000,0.0000,3.842,0,-2.72094,0,1.392,0.8661,2.02,0,-0.1895,0.1171,0.06755,-0.824,-0.2722
193.20,194.47,194.48,0,-2.52663,0,|r_aux|,cross-domain,0.0000,0.0000,3.713,0,-2.52663,0,1.205,1.202,1.105,0,-0.1179,0.03376,-0.3364,-0.3058,-0.01694
193.60,194.87,194.88,0,-3.01350,0,|r_bal|,cross-domain,0.0000,0.0000,3.608,0,-3.01350,0,0.9615,0.8272,0.5843,0,0.05939,-0.411,-0.287,-1.074,-0.797
194.00,195.27,195.28,0,-2.94374,0,|r_aux|,cross-domain,0.0000,0.0000,3.756,0,-2.94374,0,0.6458,0.9237,1.776,0,-0.0967,-0.7936,0.3541,-0.7527,-0.5355
194.40,195.67,195.68,0,-2.59679,0,|r_aux|,cross-domain,0.0000,0.0000,3.877,0,-2.59679,0,0.5884,1.237,0.9917,0,-0.3008,-0.3621,0.08815,-0.2247,0.08177
194.80,196.07,196.08,0,-2.32774,0,|r_bal|,cross-domain,0.0000,0.0000,3.710,0,-2.32774,0,1.177,0.8526,1.042,0,-0.4304,1.066,0.127,0.05244,-0.7762
195.20,196.47,196.48,0,-1.94140,0,e_rec,cross-domain,0.0000,0.0000,3.651,0,-1.94140,0,0.6027,0.8744,1.992,0,-0.6088,2.047,0.4067,1.29,-0.1599
195.60,196.87,196.88,0,-2.87253,0,|r_aux|,cross-domain,0.0000,0.0000,3.780,0,-2.87253,0,0.8036,1.207,0.6485,0,-0.0224,2.064,0.07873,-1.122,-0.5065
196.00,197.27,197.28,0,-2.75118,0,|r_bal|,cross-domain,0.0000,0.0000,3.648,0,-2.75118,0,1.033,0.8718,0.1152,0,0.2715,0.6826,0.06569,-0.1248,-0.434
196.40,197.67,197.68,0,-2.64409,0,e_rec,cross-domain,0.0000,0.0000,3.552,0,-2.64409,0,0.8611,0.8868,1.837,0,0.4409,-0.3871,0.3696,0.6701,-0.5584
196.80,198.07,198.08,0,-3.29581,0,|r_aux|,cross-domain,0.0000,0.0000,3.617,0,-3.29581,0,0.9902,1.249,0.5291,0,0.7757,-0.7257,0.1436,-1.105,-0.1616
197.20,198.47,198.48,0,-2.94765,0,|r_bal|,cross-domain,0.0000,0.0000,3.655,0,-2.94765,0,1.205,0.924,-0.4064,0,0.1936,-0.6106,-0.3127,-0.8752,-0.4941
197.60,198.87,198.88,0,-2.55659,0,|r_bal|,cross-domain,0.0000,0.0000,3.692,0,-2.55659,0,1.148,1.01,0.2181,0,-0.4244,-0.04491,0.2987,-0.5031,-0.5177
198.00,199.27,199.28,0,-1.90547,0,e_rec,cross-domain,0.0000,0.0000,3.745,0,-1.90547,0,1.177,1.263,-0.9837,0,-0.4718,0.6968,0.1612,1.152,0.7225
198.40,199.67,199.68,0,-2.31590,0,|r_qp|,cross-domain,0.0000,0.0000,3.651,0,-2.31590,0,0.7319,0.9123,-1.275,0,-0.6523,2.3,0.01136,-0.07977,-0.7212
198.80,200.07,200.08,0,-2.45393,0,|r_bal|,cross-domain,0.0000,0.0000,3.656,0,-2.45393,0,1.492,0.9535,-0.07151,0,0.3632,3.159,0.3214,0.2846,-0.2779
199.20,200.47,200.48,0,-2.25545,0,|r_bal|,cross-domain,0.0000,0.0000,3.756,0,-2.25545,0,1.363,1.276,-1.243,0,0.3304,2.778,-0.1063,0.6405,-0.6637
199.60,200.87,200.88,0,-2.94092,0,|r_bal|,cross-domain,0.0000,0.0000,3.632,0,-2.94092,0,1.177,0.8275,-0.3711,0,0.2829,1.159,-0.1252,-0.8374,-0.6494
200.00,201.27,201.28,0,-2.78610,0,|r_bal|,cross-domain,0.0000,0.0000,3.769,0,-2.78610,0,1.363,0.5099,2.161,0,0.6224,-0.3261,-0.1631,0.2946,-0.5146
200.40,201.67,201.68,0,-3.12856,0,|r_bal|,cross-domain,0.0000,0.0000,3.610,0,-3.12856,0,1.636,1.027,1.295,0,0.7067,-0.7832,-0.5379,-1.095,0.252
200.80,202.07,202.08,0,-3.08816,0,|r_bal|,cross-domain,0.0000,0.0000,3.729,0,-3.08816,0,1.148,0.7653,-0.07481,0,1.048,-1.042,-0.9645,-0.1272,-0.6553
201.20,202.47,202.48,0,-3.36697,0,|r_aux|,cross-domain,0.0000,0.0000,3.713,0,-3.36697,0,1.105,1.097,-0.02438,0,1.156,-1.165,-0.4784,-0.8847,-0.565
201.60,202.87,202.88,0,-3.10050,0,|r_aux|,cross-domain,0.0000,0.0000,3.644,0,-3.10050,0,1.062,1.275,-1.309,0,0.7293,-0.8503,-0.2037,-0.673,-0.03528
202.00,203.27,203.28,0,-3.06821,0,|r_bal|,cross-domain,0.0000,0.0000,3.750,0,-3.06821,0,1.048,0.8647,-0.5647,0,0.3745,0.3149,0.2538,-0.859,-0.7799
202.40,203.67,203.68,0,-2.75027,0,|r_bal|,cross-domain,0.0000,0.0000,3.799,0,-2.75027,0,1.019,0.8192,1.906,0,0.1465,1.437,0.8852,-0.06952,1.301
202.80,204.07,204.08,0,-2.69159,0,|r_aux|,cross-domain,0.0000,0.0000,4.408,0,-2.69159,0,0.7319,1.209,1.005,0,-0.2042,1.554,0.2616,-0.6669,-0.2127
203.20,204.47,204.48,0,-2.65229,0,|r_aux|,cross-domain,0.0000,0.0000,3.772,0,-2.65229,0,0.6888,0.9317,-0.06876,0,-0.1878,0.4937,-0.4319,-0.3397,-0.6284
203.60,204.87,204.88,0,-3.01116,0,|r_aux|,cross-domain,0.0000,0.0000,3.682,0,-3.01116,0,0.6458,1.031,0.317,0,0.3817,-0.3934,-0.3316,-0.5858,-0.8269
204.00,205.27,205.28,0,-3.20890,0,|r_aux|,cross-domain,0.0000,0.0000,3.569,0,-3.20890,0,0.6601,1.297,-1.287,0,0.7271,-0.7575,-0.4328,-0.8198,-0.2517
204.40,205.67,205.68,0,-2.80200,0,|r_bal|,cross-domain,0.0000,0.0000,3.735,0,-2.80200,0,1.119,0.8719,-0.5509,0,0.9027,-0.3485,-0.09823,0.5597,-0.9413
204.80,206.07,206.08,0,-3.19349,0,|r_bal|,cross-domain,0.0000,0.0000,3.606,0,-3.19349,0,1.492,0.6826,1.935,0,0.9367,-0.1591,0.3981,-0.6188,-0.8133
205.20,206.47,206.48,0,-2.56326,0,|r_bal|,cross-domain,0.0000,0.0000,3.763,0,-2.56326,0,1.579,1.096,1.087,0,0.385,0.02305,0.02555,0.1986,0.7142
205.60,206.87,206.88,0,-3.15930,0,|r_bal|,cross-domain,0.0000,0.0000,3.595,0,-3.15930,0,0.8611,0.8107,-0.08618,0,0.4676,0.2622,-0.5291,-1.005,-0.6929
206.00,207.27,207.28,0,-2.86513,0,|r_aux|,cross-domain,0.0000,0.0000,3.570,0,-2.86513,0,0.6171,1.042,0.1681,0,-0.03969,0.4319,-0.2887,-0.7049,0.2996
206.40,207.67,207.68,0,-3.01180,0,|r_aux|,cross-domain,0.0000,0.0000,3.681,0,-3.01180,0,0.8467,1.282,-1.02,0,0.4557,0.3938,-0.4103,-0.826,0.006582
206.80,208.07,208.08,0,-2.30240,0,|r_bal|,cross-domain,0.0000,0.0000,3.642,0,-2.30240,0,1.607,0.9408,-0.8521,0,0.2744,-0.5145,-0.4372,0.8168,-0.6546
207.20,208.47,208.48,0,-1.89887,0,e_rec,cross-domain,0.0000,0.0000,3.852,0,-1.89887,0,1.765,0.9077,0.8886,0,0.04546,-1.111,0.3783,1.83,-0.79
207.60,208.87,208.88,0,-2.54515,0,|r_bal|,cross-domain,0.0000,0.0000,3.676,0,-2.54515,0,1.679,1.269,-0.07422,0,0.4063,-1.107,-0.1302,0.1304,-0.5517
208.00,209.27,209.28,0,-2.16970,0,e_rec,cross-domain,0.0000,0.0000,3.561,0,-2.16970,0,0.531,0.8237,0.4394,0,0.08342,-0.3578,-0.1524,1.747,-0.9427
208.40,209.67,209.68,0,-3.31510,0,|r_aux|,cross-domain,0.0000,0.0000,3.750,0,-3.31510,0,-0.04305,0.5725,2.451,0,0.3401,0.33,-0.3153,-0.8846,-0.7702
208.80,210.07,210.08,0,-2.79438,0,|r_aux|,cross-domain,0.0000,0.0000,3.534,0,-2.79438,0,-0.2727,1.044,1.135,0,-0.04541,0.4512,-0.5889,-0.05003,-0.4293
209.20,210.47,210.48,0,-3.30349,0,|r_aux|,cross-domain,0.0000,0.0000,3.786,0,-3.30349,0,0.3731,0.6639,0.8097,0,0.5461,0.9672,-0.7751,-1.067,-0.8345
209.60,210.87,210.88,0,-2.63110,0,e_rec,cross-domain,0.0000,0.0000,3.651,0,-2.63110,0,0.9328,0.7019,2.076,0,0.5882,1.041,-0.3563,0.671,-0.3081
210.00,211.27,211.28,0,-3.05378,0,|r_aux|,cross-domain,0.0000,0.0000,3.580,0,-3.05378,0,0.7749,1.07,0.8938,0,0.4352,0.9609,-0.3546,-0.8918,-0.2683
210.40,211.67,211.68,0,-2.75795,0,|r_bal|,cross-domain,0.0000,0.0000,3.734,0,-2.75795,0,1.076,0.7895,-0.2889,0,0.1227,0.3721,-0.8016,-0.4603,-0.6011
210.80,212.07,212.08,0,-2.31873,0,|r_aux|,cross-domain,0.0000,0.0000,3.523,0,-2.31873,0,0.9472,1.106,-0.3323,0,-0.169,-0.06452,-0.5033,0.428,-0.74
211.20,212.47,212.48,0,-2.46891,0,|r_aux|,cross-domain,0.0000,0.0000,3.596,0,-2.46891,0,0.9041,1.323,-1.454,0,0.01525,-0.04537,-0.7274,0.08809,-0.5578
211.60,212.87,212.88,0,-1.77621,0,e_rec,cross-domain,0.0000,0.0000,3.700,0,-1.77621,0,0.7462,0.836,-0.7936,0,-0.3141,-0.02895,-0.5688,2.135,-0.8896
212.00,213.27,213.28,0,-2.72582,0,|r_bal|,cross-domain,0.0000,0.0000,3.559,0,-2.72582,0,1.177,0.5365,1.907,0,0.1247,0.4509,-0.06973,-0.1338,-0.3771
212.40,213.67,213.68,0,-2.42240,0,|r_bal|,cross-domain,0.0000,0.0000,3.682,0,-2.42240,0,1.076,1.014,0.8533,0,0.1929,0.9361,-0.4636,0.4977,0.06484
212.80,214.07,214.08,0,-2.03324,0,e_rec,cross-domain,0.0000,0.0000,3.510,0,-2.03324,0,1.162,0.6826,0.873,0,0.1337,1.626,-0.5098,1.589,-0.7611
213.20,214.47,214.48,0,-2.44424,0,|r_qp|,cross-domain,0.0000,0.0000,3.671,0,-2.44424,0,0.7606,0.8258,2.018,0,-0.6835,1.509,-0.02035,-0.3967,-0.2902
213.60,214.87,214.88,0,-2.67511,0,|r_aux|,cross-domain,0.0000,0.0000,3.670,0,-2.67511,0,0.287,1.161,0.9303,0,-0.5952,1.225,-0.2151,-0.877,-0.4174
214.00,215.27,215.28,0,-2.51852,0,|r_aux|,cross-domain,0.0000,0.0000,3.688,0,-2.51852,0,0.287,0.86,-0.1263,0,-0.253,0.4472,-0.5105,0.2839,-0.4783
214.40,215.67,215.68,0,-2.80217,0,|r_aux|,cross-domain,0.0000,0.0000,3.814,0,-2.80217,0,0,1.037,0.8506,0,-0.2174,0.1264,-0.1478,-0.3453,-0.5434
214.80,216.07,216.08,0,-1.96705,0,e_rec,cross-domain,0.0000,0.0000,3.684,0,-1.96705,0,0.0574,1.326,-0.4527,0,-0.6782,0.07379,-0.4469,1.248,-0.5046
215.20,216.47,216.48,0,-1.66294,0,e_rec,cross-domain,0.0000,0.0000,3.745,0,-1.66294,0,0.3444,0.9391,-0.07,0,-1.083,-0.006644,-0.2703,1.704,-0.9035
215.60,216.87,216.88,0,-3.07316,0,|r_aux|,cross-domain,0.0000,0.0000,3.846,0,-3.07316,0,-0.1005,0.8479,2.023,0,-0.3365,-0.2373,0.2411,-1.006,-0.6377
216.00,217.27,217.28,0,-2.98360,0,|r_aux|,cross-domain,0.0000,0.0000,3.560,0,-2.98360,0,0.04305,1.197,0.8711,0,0.3843,-0.1284,0.1146,-0.1059,0.03869
216.40,217.67,217.68,0,-3.35084,0,|r_aux|,cross-domain,0.0000,0.0000,3.722,0,-3.35084,0,-0.6314,0.7867,0.7586,0,0.4301,0.8363,-0.1247,-0.6215,-0.7429
216.80,218.07,218.08,0,-3.14789,0,|r_aux|,cross-domain,0.0000,0.0000,3.584,0,-3.14789,0,0.3731,0.7028,2.131,0,0.6647,1.772,0.02179,-0.4054,-0.4624
217.20,218.47,218.48,0,-3.01739,0,|r_aux|,cross-domain,0.0000,0.0000,3.540,0,-3.01739,0,0.5023,1.108,0.8767,0,0.963,1.951,-0.2757,-0.04448,-0.3064
217.60,218.87,218.88,0,-3.30432,0,|r_bal|,cross-domain,0.0000,0.0000,3.699,0,-3.30432,0,1.579,0.8431,0.07151,0,1.319,0.9915,-0.666,-0.9249,-0.5793
218.00,219.27,219.28,0,-2.79047,0,|r_aux|,cross-domain,0.0000,0.0000,3.554,0,-2.79047,0,1.033,1.068,0.8591,0,0.5472,-0.02251,-0.01361,0.04457,-0.3797
218.40,219.67,219.68,0,-2.69670,0,|r_aux|,cross-domain,0.0000,0.0000,3.884,0,-2.69670,0,0.9328,1.318,-0.1969,0,-0.1007,-0.4268,-0.454,-0.6543,-0.339
218.80,220.07,220.08,0,-2.94568,0,|r_aux|,cross-domain,0.0000,0.0000,3.798,0,-2.94568,0,0.6458,0.9503,-0.1824,0,-0.2102,-0.4043,-0.3254,-1.083,-0.5713
219.20,220.47,220.48,0,-3.17132,0,|r_aux|,cross-domain,0.0000,0.0000,4.492,0,-3.17132,0,0.7893,0.9239,1.199,0,0.3392,-0.3671,0.2734,-1.02,-0.7206
219.60,220.87,220.88,0,-1.97254,0,e_rec,cross-domain,0.0000,0.0000,3.952,0,-1.97254,0,0.8898,1.244,-0.1173,0,0.179,-0.05304,0.09878,2.026,0.08491
220.00,221.27,221.28,0,-2.97736,0,|r_aux|,cross-domain,0.0000,0.0000,3.620,0,-2.97736,0,0.7032,0.8867,-0.06697,0,0.7376,0.9949,0.04431,-0.041,-0.831
220.40,221.67,221.68,0,-1.93475,0,e_rec,cross-domain,0.0000,0.0000,3.827,0,-1.93475,0,0.531,0.8912,1.569,0,0.2226,1.573,0.3221,2.522,0.454
220.80,222.07,222.08,0,-3.08590,0,|r_aux|,cross-domain,0.0000,0.0000,3.705,0,-3.08590,0,0.5166,1.255,0.4908,0,0.4052,1.568,-0.05036,-0.9718,-0.08685
221.20,222.47,222.48,0,-2.77418,0,|r_aux|,cross-domain,0.0000,0.0000,3.560,0,-2.77418,0,0.7462,0.9593,0.02925,0,-0.2718,0.4158,-0.4219,-0.8649,-0.7536
221.60,222.87,222.88,0,-2.84016,0,|r_aux|,cross-domain,0.0000,0.0000,3.123,0,-2.84016,0,0.8898,1.019,0.8637,0,-0.1659,-0.1485,-0.1969,-0.9571,-0.7727
222.00,223.27,223.28,0,-2.61222,0,|r_aux|,cross-domain,0.0000,0.0000,3.965,0,-2.61222,0,1.148,1.302,-0.05613,0,-0.4859,-0.2141,-0.4029,-1.073,-0.5634
222.40,223.67,223.68,0,-2.47130,0,|r_bal|,cross-domain,0.0000,0.0000,3.708,0,-2.47130,0,1.134,0.8734,0.2289,0,-0.4151,-0.3004,-0.2785,-0.2484,-0.8335
222.80,224.07,224.08,0,-2.99158,0,|r_aux|,cross-domain,0.0000,0.0000,3.817,0,-2.99158,0,0.4305,0.676,2.018,0,-0.03604,-0.2854,-0.00723,-0.6312,-0.3557
223.20,224.47,224.48,0,-2.03850,0,e_rec,cross-domain,0.0000,0.0000,3.696,0,-2.03850,0,0.2583,1.104,1.022,0,0.2956,-0.08851,-0.3106,2.377,-0.1731
223.60,224.87,224.88,0,-2.96649,0,|r_aux|,cross-domain,0.0000,0.0000,3.850,0,-2.96649,0,0.574,0.7109,0.6437,0,-0.02671,0.9602,-0.6007,-0.9492,-0.8729
224.00,225.27,225.28,0,-2.77948,0,|r_bal|,cross-domain,0.0000,0.0000,3.724,0,-2.77948,0,0.818,0.7107,2.337,0,0.397,1.398,-0.2995,-0.003459,-0.6104
224.40,225.67,225.68,0,-2.80258,0,|r_bal|,cross-domain,0.0000,0.0000,3.747,0,-2.80258,0,1.306,1.118,0.914,0,0.5833,1.2,-0.587,-0.4002,-0.01785
224.80,226.07,226.08,0,-2.89576,0,|r_bal|,cross-domain,0.0000,0.0000,3.660,0,-2.89576,0,0.9902,0.8211,0.3039,0,0.522,0.3585,-0.6994,-0.2999,-0.6525
225.20,226.47,226.48,0,-2.42200,0,|r_bal|,cross-domain,0.0000,0.0000,3.692,0,-2.42200,0,1.249,1.038,1.124,0,0.1168,-0.08112,0.09547,0.4479,-0.7436
225.60,226.87,226.88,0,-2.46908,0,|r_qp|,cross-domain,0.0000,0.0000,3.669,0,-2.46908,0,1.033,1.309,0.2267,0,-0.6995,-0.1331,-0.1396,-0.8004,-0.3071
226.00,227.27,227.28,0,-2.18945,0,|r_qp|,cross-domain,0.0000,0.0000,3.612,0,-2.18945,0,0.9902,0.8896,0.563,0,-0.6304,-0.6447,-0.1343,0.4523,-0.8082
226.40,227.67,227.68,0,-1.95253,0,e_rec,cross-domain,0.0000,0.0000,3.801,0,-1.95253,0,1.435,0.7826,2.494,0,-0.3639,-1.084,-0.1017,1.306,-0.8299
226.80,228.07,228.08,0,-2.17174,0,e_rec,cross-domain,0.0000,0.0000,3.728,0,-2.17174,0,1.349,1.157,1.642,0,0.1426,-1.021,-0.415,1.103,-0.2519
227.20,228.47,228.48,0,-1.08127,0,e_rec,cross-domain,0.0000,0.0000,3.730,0,-1.08127,0,2.339,0.7529,1.545,0,-0.08015,0.2875,-0.6862,3.399,-0.8654
227.60,228.87,228.88,0,-2.36805,0,|r_bal|,cross-domain,0.0000,0.0000,3.659,0,-2.36805,0,2.196,0.6663,2.571,0,0.1461,1.286,-0.3614,0.009108,-0.4951
228.00,229.27,229.28,0,-2.21342,0,|r_bal|,cross-domain,0.0000,0.0000,3.656,0,-2.21342,0,2.425,1.086,0.8129,0,-0.291,1.248,-0.4682,-0.5101,-0.1602
228.40,229.67,229.68,0,-2.52513,0,|r_bal|,cross-domain,0.0000,0.0000,4.823,0,-2.52513,0,2.267,0.8283,-0.3756,0,0.5259,0.2904,-0.7001,-0.02443,-0.5941
228.80,230.07,230.08,0,-2.35742,0,|r_bal|,cross-domain,0.0000,0.0000,3.669,0,-2.35742,0,1.593,1.103,0.2944,0,0.2609,-0.3937,-0.2027,0.5477,-0.6997
229.20,230.47,230.48,0,-2.59460,0,|r_aux|,cross-domain,0.0000,0.0000,3.683,0,-2.59460,0,1.32,1.334,-0.5618,0,0.4875,-0.5525,-0.5319,0.1637,-0.2086
229.60,230.87,230.88,0,-3.00470,0,|r_aux|,cross-domain,0.0000,0.0000,3.585,0,-3.00470,0,0.2009,0.8711,-0.07633,0,-0.3565,-0.2216,-0.386,-1.154,-0.8091
230.00,231.27,231.28,0,-2.20100,0,|r_qp|,cross-domain,0.0000,0.0000,3.673,0,-2.20100,0,0.2009,0.6601,1.889,0,-0.7675,-0.02044,-0.1564,0.8108,-0.8613
230.40,231.67,231.68,0,-2.76491,0,|r_qp|,cross-domain,0.0000,0.0000,3.609,0,-2.76491,0,-0.04305,1.077,0.9037,0,-0.8237,0.2974,-0.4452,-1.036,0.545
230.80,232.07,232.08,0,-2.41515,0,|r_qp|,cross-domain,0.0000,0.0000,3.669,0,-2.41515,0,0.3875,0.7872,0.6236,0,-0.7696,0.7295,-0.4116,-0.1471,-0.7386
231.20,232.47,232.48,0,-3.06252,0,|r_aux|,cross-domain,0.0000,0.0000,3.644,0,-3.06252,0,-0.1148,0.9905,1.984,0,0.04113,0.9694,0.3936,-0.6572,-0.2969
231.60,232.87,232.88,0,-3.51927,0,|r_aux|,cross-domain,0.0000,0.0000,3.601,0,-3.51927,0,-0.1148,1.279,0.4451,0,1.016,0.8458,0.2285,-0.9128,-0.1862
232.00,233.27,233.28,0,-3.56165,0,|r_aux|,cross-domain,0.0000,0.0000,3.698,0,-3.56165,0,0.2009,0.9667,-0.1024,0,1.235,-0.1552,-0.1343,-0.7284,-0.7066
232.40,233.67,233.68,0,-3.21494,0,|r_aux|,cross-domain,0.0000,0.0000,4.185,0,-3.21494,0,0.5597,1.032,1.04,0,0.6064,-0.7806,-0.2283,-0.6903,0.4955
232.80,234.07,234.08,0,-3.14576,0,|r_aux|,cross-domain,0.0000,0.0000,4.453,0,-3.14576,0,0.8898,1.319,0.009146,0,0.6953,-0.9688,-0.7075,-0.9203,-0.6034
233.20,234.47,234.48,0,-2.87445,0,|r_bal|,cross-domain,0.0000,0.0000,3.754,0,-2.87445,0,1.062,0.9473,0.2836,0,0.2515,-0.8159,-0.5762,-0.5724,-0.861
233.60,234.87,234.88,0,-2.18780,0,|r_bal|,cross-domain,0.0000,0.0000,3.552,0,-2.18780,0,1.765,0.8231,2.176,0,-0.1586,-0.9289,0.05273,0.656,-0.7999
234.00,235.27,235.28,0,-1.90280,0,e_rec,cross-domain,0.0000,0.0000,3.561,0,-1.90280,0,1.607,1.207,1.013,0,-0.03403,-0.8809,0.01919,1.538,-0.3724
234.40,235.67,235.68,0,-2.46448,0,e_rec,cross-domain,0.0000,0.0000,4.233,0,-2.46448,0,1.378,0.777,0.7893,0,0.6242,0.1114,-0.2546,0.9842,-0.8161
234.80,236.07,236.08,0,-3.08332,0,|r_bal|,cross-domain,0.0000,0.0000,3.776,0,-3.08332,0,1.636,0.6518,1.837,0,1.138,0.9235,-0.163,-0.3234,-0.4392
235.20,236.47,236.48,0,-2.84373,0,|r_bal|,cross-domain,0.0000,0.0000,3.605,0,-2.84373,0,1.507,1.098,0.6384,0,1.178,1.018,-0.4475,0.1398,-0.8005
235.60,236.87,236.88,0,-2.36576,0,|r_bal|,cross-domain,0.0000,0.0000,3.582,0,-2.36576,0,1.55,0.7251,0.2645,0,0.4046,-0.1022,-0.5806,0.8763,-0.8169
236.00,237.27,237.28,0,-2.56106,0,|r_bal|,cross-domain,0.0000,0.0000,3.616,0,-2.56106,0,1.507,0.7244,1.844,0,-0.009933,-0.9731,-0.4588,-0.09332,-0.5713
236.40,237.67,237.68,0,-2.77912,0,|r_aux|,cross-domain,0.0000,0.0000,3.515,0,-2.77912,0,0.7893,1.111,1.102,0,0.2708,-1.113,-0.7111,-0.1606,-0.2158
236.80,238.07,238.08,0,-2.82413,0,|r_bal|,cross-domain,0.0000,0.0000,3.561,0,-2.82413,0,1.091,0.7136,1.049,0,0.4589,-0.7367,-0.7648,-0.07321,-0.8612
237.20,238.47,238.48,0,-2.97683,0,|r_bal|,cross-domain,0.0000,0.0000,3.647,0,-2.97683,0,0.8754,0.753,2.388,0,0.3876,-0.1966,-0.3958,-0.4847,-0.4609
237.60,238.87,238.88,0,-1.68073,0,e_rec,cross-domain,0.0000,0.0000,3.528,0,-1.68073,0,1.005,1.11,1.176,0,0.2175,0.2041,-0.5316,2.744,-0.268
238.00,239.27,239.28,0,-2.28758,0,|r_qp|,cross-domain,0.0000,0.0000,3.609,0,-2.28758,0,0.9759,0.6672,0.968,0,-0.7502,1.016,-0.5469,-0.1279,-0.8642
238.40,239.67,239.68,0,-2.28083,0,e_rec,cross-domain,0.0000,0.0000,3.479,0,-2.28083,0,0.4449,0.5886,2.113,0,-0.4821,1.221,-0.2973,0.6896,-0.3621
238.80,240.07,240.08,0,-2.08408,0,e_rec,cross-domain,0.0000,0.0000,3.499,0,-2.08408,0,0.2727,1.043,1.054,0,-0.03892,0.9119,-0.3886,1.694,-0.2712
239.20,240.47,240.48,0,-2.69496,0,e_rec,cross-domain,0.0000,0.0000,3.637,0,-2.69496,0,0.5023,0.6947,0.7632,0,0.3408,0.06517,-0.385,0.5582,-0.6294
239.60,240.87,240.88,0,-2.49443,0,e_rec,cross-domain,0.0000,0.0000,3.680,0,-2.49443,0,0.9759,0.8596,2.178,0,0.9768,0.3468,0.03078,1.591,-0.5615
240.00,241.27,241.28,0,-2.97808,0,|r_aux|,cross-domain,0.0000,0.0000,3.589,0,-2.97808,0,1.105,1.202,1.384,0,0.7782,1.5,-0.267,-0.5981,-0.5017
240.40,241.67,241.68,0,-3.41948,0,|r_aux|,cross-domain,0.0000,0.0000,3.494,0,-3.41948,0,0.6314,0.7464,1.23,0,1.069,2.055,-0.5698,-1.029,-0.5765
240.80,242.07,242.08,0,-2.74611,0,e_rec,cross-domain,0.0000,0.0000,3.601,0,-2.74611,0,0.1005,0.56,2.332,0,0.3525,2.13,-0.2467,0.5913,0.1887
241.20,242.47,242.48,0,-3.03377,0,|r_aux|,cross-domain,0.0000,0.0000,3.598,0,-3.03377,0,0.07175,1.002,1.307,0,-0.03025,0.9702,-0.3182,-0.8538,0.8659
241.60,242.87,242.88,0,-2.17774,0,e_rec,cross-domain,0.0000,0.0000,3.569,0,-2.17774,0,-0.3875,0.6267,1.189,0,-0.7028,0.3027,-0.2852,1.319,-0.8877
242.00,243.27,243.28,0,-2.52718,0,|r_qp|,cross-domain,0.0000,0.0000,3.551,0,-2.52718,0,0.6314,0.8294,2.884,0,-0.4794,0.03494,-0.01832,-0.007777,1.472
242.40,243.67,243.68,0,-2.27238,0,e_rec,cross-domain,0.0000,0.0000,3.523,0,-2.27238,0,0.8754,1.182,1.851,0,0.1111,-0.2593,-0.4142,0.9662,-0.2334
242.80,244.07,244.08,0,-3.16180,0,|r_bal|,cross-domain,0.0000,0.0000,3.655,0,-3.16180,0,1.32,0.7214,1.48,0,0.5893,-0.3561,-0.7318,-1.096,-0.7846
243.20,244.47,244.48,0,-2.60167,0,e_rec,cross-domain,0.0000,0.0000,3.702,0,-2.60167,0,0.7175,0.5258,2.285,0,0.3785,0.8045,-0.2857,0.7957,-0.1585
243.60,244.87,244.88,0,-2.63867,0,|r_aux|,cross-domain,0.0000,0.0000,3.580,0,-2.63867,0,0.574,0.989,1.15,0,-0.09169,1.581,-0.3431,-0.2371,-0.1578
244.00,245.27,245.28,0,-2.51093,0,e_rec,cross-domain,0.0000,0.0000,3.772,0,-2.51093,0,0.3444,0.6231,0.8749,0,-0.018,2.88,-0.3725,0.4351,-0.824
244.40,245.67,245.68,0,-2.30539,0,|r_bal|,cross-domain,0.0000,0.0000,3.663,0,-2.30539,0,1.249,0.8579,2.281,0,0.2499,3.316,-0.255,0.5995,-0.6038
244.80,246.07,246.08,0,-2.40274,0,e_rec,cross-domain,0.0000,0.0000,3.539,0,-2.40274,0,1.005,1.16,1.061,0,0.7525,2.835,-0.4397,0.9903,-0.2144
245.20,246.47,246.48,0,-2.51559,0,|r_bal|,cross-domain,0.0000,0.0000,3.687,0,-2.51559,0,1.076,0.784,0.763,0,0.4074,2.626,-0.5227,0.393,-0.7263
245.60,246.87,246.88,0,-2.85756,0,|r_aux|,cross-domain,0.0000,0.0000,3.648,0,-2.85756,0,0.6314,0.8784,1.931,0,0.2472,1.931,-0.1272,-0.4545,-0.7811
246.00,247.27,247.28,0,-2.66987,0,|r_aux|,cross-domain,0.0000,0.0000,3.553,0,-2.66987,0,0.6745,1.231,0.7008,0,0.09842,0.9726,-0.4315,-0.2969,-0.8317
246.40,247.67,247.68,0,-2.63409,0,|r_aux|,cross-domain,0.0000,0.0000,3.704,0,-2.63409,0,0.5453,0.7988,0.3934,0,0.04231,0.09294,-0.7544,0.1791,-0.5436
246.80,248.07,248.08,0,-2.56751,0,e_rec,cross-domain,0.0000,0.0000,3.597,0,-2.56751,0,0.6171,0.5694,1.959,0,-0.01498,-0.6712,-0.4157,0.5333,-0.732
247.20,248.47,248.48,0,-2.51461,0,|r_bal|,cross-domain,0.0000,0.0000,3.614,0,-2.51461,0,1.177,1.01,1.204,0,-0.1479,-0.7557,-0.6627,-0.1622,-0.4185
247.60,248.87,248.88,0,-2.54045,0,|r_bal|,cross-domain,0.0000,0.0000,3.591,0,-2.54045,0,1.722,0.7198,0.975,0,0.3902,-1.152,-0.3443,0.4056,-0.6703
248.00,249.27,249.28,0,-2.71886,0,|r_bal|,cross-domain,0.0000,0.0000,3.599,0,-2.71886,0,1.492,1.052,2.218,0,0.6762,-1.05,0.2169,0.2638,-0.64
248.40,249.67,249.68,0,-2.58903,0,|r_aux|,cross-domain,0.0000,0.0000,3.674,0,-2.58903,0,1.119,1.331,0.9391,0,0.3496,-0.9265,0.0213,0.2348,-0.7159
248.80,250.07,250.08,0,-2.20822,0,e_rec,cross-domain,0.0000,0.0000,3.514,0,-2.20822,0,0.4449,0.8254,0.8249,0,-0.4457,0.207,-0.08626,0.9529,-0.7031
249.20,250.47,250.48,0,-2.82746,0,|r_qp|,cross-domain,0.0000,0.0000,3.697,0,-2.82746,0,0.07175,0.4703,2.148,0,-0.5289,1.015,0.2008,-0.5342,-0.4338
249.60,250.87,250.88,0,-2.09972,0,e_rec,cross-domain,0.0000,0.0000,3.596,0,-2.09972,0,0.574,0.984,0.8124,0,-0.4808,0.8188,-0.02178,0.9698,-0.7629
250.00,251.27,251.28,0,-2.24290,0,e_rec,cross-domain,0.0000,0.0000,3.526,0,-2.24290,0,0.7606,0.6673,0.7209,0,-0.001357,0.111,-0.2802,1.299,-0.7935
250.40,251.67,251.68,0,-2.36756,0,|r_bal|,cross-domain,0.0000,0.0000,3.655,0,-2.36756,0,1.134,0.9384,2.346,0,-0.3894,-0.3774,-0.3951,-0.002489,-0.8104
250.80,252.07,252.08,0,-2.79359,0,|r_aux|,cross-domain,0.0000,0.0000,3.509,0,-2.79359,0,1.119,1.251,1.404,0,-0.04527,-0.4519,-0.6175,-1.008,-0.4158
251.20,252.47,252.48,0,-2.91633,0,|r_bal|,cross-domain,0.0000,0.0000,3.722,0,-2.91633,0,1.091,0.8698,0.9306,0,0.08768,-0.745,-0.5339,-0.8843,-0.8275
251.60,252.87,252.88,0,-3.05567,0,|r_bal|,cross-domain,0.0000,0.0000,3.701,0,-3.05567,0,1.091,0.9152,2.288,0,0.7276,-0.9689,0.0285,-0.3576,-0.6802
252.00,253.27,253.28,0,-2.09070,0,e_rec,cross-domain,0.0000,0.0000,3.496,0,-2.09070,0,0.818,1.198,0.8521,0,0.543,-0.6264,-0.2814,2.197,-0.03535
252.40,253.67,253.68,0,-3.05431,0,|r_aux|,cross-domain,0.0000,0.0000,3.701,0,-3.05431,0,0.4018,0.8046,0.4648,0,0.7473,0.6722,-0.405,-0.05534,-0.6923
252.80,254.07,254.08,0,-3.21830,0,|r_aux|,cross-domain,0.0000,0.0000,3.563,0,-3.21830,0,0.8036,0.8519,1.681,0,1.14,1.457,0.1317,-0.2973,-0.2999
253.20,254.47,254.48,0,-3.26399,0,|r_aux|,cross-domain,0.0000,0.0000,3.465,0,-3.26399,0,0.818,1.229,0.8431,0,1.045,1.336,-0.04352,-0.866,-0.7846
253.60,254.87,254.88,0,-3.13975,0,|r_bal|,cross-domain,0.0000,0.0000,3.645,0,-3.13975,0,1.421,0.8194,0.6388,0,1.014,-0.04332,-0.3004,-0.5449,-0.8365
254.00,255.27,255.28,0,-3.23670,0,|r_bal|,cross-domain,0.0000,0.0000,3.479,0,-3.23670,0,1.119,0.6303,2.194,0,0.891,-0.8982,-0.2688,-0.5585,-0.5019
254.40,255.67,255.68,0,-3.10990,0,|r_bal|,cross-domain,0.0000,0.0000,3.655,0,-3.10990,0,1.306,1.071,0.9897,0,0.8859,-0.9911,-0.5386,-0.645,-0.5674
254.80,256.07,256.08,0,-3.24380,0,|r_bal|,cross-domain,0.0000,0.0000,3.524,0,-3.24380,0,0.8754,0.737,0.7578,0,0.7073,-0.921,-0.4673,-0.7546,-0.6178
255.20,256.47,256.48,0,-2.60285,0,e_rec,cross-domain,0.0000,0.0000,3.480,0,-2.60285,0,0.7032,0.9124,2.194,0,0.4834,-0.7017,0.1012,0.9053,-0.6183
255.60,256.87,256.88,0,-2.18683,0,e_rec,cross-domain,0.0000,0.0000,3.665,0,-2.18683,0,1.062,1.218,0.9652,0,0.3702,-0.4698,-0.01126,1.516,-0.5096
256.00,257.27,257.28,0,-2.81577,0,|r_bal|,cross-domain,0.0000,0.0000,3.531,0,-2.81577,0,1.005,0.7114,0.6994,0,0.1291,0.7846,-0.07813,-0.4323,-0.5389
256.40,257.67,257.68,0,-2.92123,0,|r_bal|,cross-domain,0.0000,0.0000,3.725,0,-2.92123,0,0.9185,0.3534,1.639,0,0.04485,1.632,0.3856,-0.5674,-0.4737
256.80,258.07,258.08,0,-2.80210,0,|r_bal|,cross-domain,0.0000,0.0000,3.542,0,-2.80210,0,0.9615,0.9172,0.5604,0,0.01762,1.384,0.07288,-0.7037,-0.7652
257.20,258.47,258.48,0,-2.95582,0,|r_bal|,cross-domain,0.0000,0.0000,3.563,0,-2.95582,0,1.134,0.485,0.5357,0,0.2594,0.4513,-0.3541,-0.6396,-0.8217
257.60,258.87,258.88,0,-3.04258,0,|r_bal|,cross-domain,0.0000,0.0000,3.712,0,-3.04258,0,1.162,0.4235,1.924,0,0.8058,-0.6498,-0.2932,-0.04284,-0.9163
258.00,259.27,259.28,0,-2.96736,0,|r_aux|,cross-domain,0.0000,0.0000,3.566,0,-2.96736,0,1.005,0.974,0.9084,0,0.7847,-0.7472,-0.3037,-0.06713,-0.5139
258.40,259.67,259.68,0,-2.32414,0,e_rec,cross-domain,0.0000,0.0000,3.682,0,-2.32414,0,0.5166,0.4633,0.9786,0,0.4535,-0.7308,-0.3481,2.027,-0.929
258.80,260.07,260.08,0,-3.19164,0,|r_bal|,cross-domain,0.0000,0.0000,3.545,0,-3.19164,0,0.818,0.4325,2.414,0,0.3281,-0.3984,-0.08338,-0.8553,-0.5399
259.20,260.47,260.48,0,-2.53086,0,|r_bal|,cross-domain,0.0000,0.0000,3.606,0,-2.53086,0,1.091,0.9165,1.303,0,-0.5283,-0.1844,-0.1067,-0.5523,-0.5841
259.60,260.87,260.88,0,-2.72209,0,|r_bal|,cross-domain,0.0000,0.0000,3.686,0,-2.72209,0,0.9328,0.4154,0.944,0,-0.09896,0.2183,-0.2424,-0.1919,-0.7842
260.00,261.27,261.28,0,-2.24317,0,|r_bal|,cross-domain,0.0000,0.0000,3.576,0,-2.24317,0,1.349,0.5839,2.363,0,-0.2358,0.4091,0.2804,0.7669,-0.03229
260.40,261.67,261.68,0,-2.47032,0,|r_bal|,cross-domain,0.0000,0.0000,3.815,0,-2.47032,0,1.464,1.007,1.057,0,-0.1552,0.324,-0.1179,-0.2733,-0.8864
260.80,262.07,262.08,0,-3.07192,0,|r_bal|,cross-domain,0.0000,0.0000,3.644,0,-3.07192,0,0.7893,0.5398,0.947,0,0.108,-0.2862,-0.2004,-0.8581,-0.542
261.20,262.47,262.48,0,-2.75031,0,|r_aux|,cross-domain,0.0000,0.0000,3.663,0,-2.75031,0,0.1866,0.5983,2.314,0,-0.1425,-0.712,-0.03233,0.1927,-0.405
261.60,262.87,262.88,0,-3.12383,0,|r_aux|,cross-domain,0.0000,0.0000,3.716,0,-3.12383,0,-0.287,1.031,1.068,0,0.07787,-0.8425,-0.2404,-0.634,-0.7198
262.00,263.27,263.28,0,-3.22301,0,|r_aux|,cross-domain,0.0000,0.0000,3.589,0,-3.22301,0,0.1292,0.5846,0.9779,0,0.2434,-0.9814,-0.4714,-0.7207,-0.8966
262.40,263.67,263.68,0,-3.16364,0,|r_aux|,cross-domain,0.0000,0.0000,3.490,0,-3.16364,0,0.04305,0.7067,2.048,0,0.4297,-1.011,-0.3335,-0.3022,-0.722
262.80,264.07,264.08,0,-2.27304,0,e_rec,cross-domain,0.0000,0.0000,3.734,0,-2.27304,0,0.0861,1.077,1.088,0,-0.2627,-0.7453,-0.4293,1.119,-0.4696
263.20,264.47,264.48,0,-3.35288,0,|r_aux|,cross-domain,0.0000,0.0000,3.589,0,-3.35288,0,0.4736,0.6181,0.5479,0,0.5014,0.3461,-0.4166,-1.15,-0.8073
263.60,264.87,264.88,0,-2.92428,0,|r_aux|,cross-domain,0.0000,0.0000,3.745,0,-2.92428,0,0.574,0.57,1.435,0,0.4288,1.045,-0.1025,-0.02257,-0.4546
264.00,265.27,265.28,0,-3.49365,0,|r_aux|,cross-domain,0.0000,0.0000,3.637,0,-3.49365,0,0.6314,1.017,0.5272,0,1.143,0.9359,-0.3936,-1.166,-0.7534
264.40,265.67,265.68,0,-3.18309,0,|r_bal|,cross-domain,0.0000,0.0000,3.555,0,-3.18309,0,0.6314,0.5808,0.9953,0,0.6574,-0.1367,-0.3753,-0.4616,-0.7607
264.80,266.07,266.08,0,-3.19200,0,|r_aux|,cross-domain,0.0000,0.0000,3.719,0,-3.19200,0,0.3014,0.5725,2.715,0,0.4141,-0.7829,-0.1806,-0.4845,-0.625
265.20,266.47,266.48,0,-3.00058,0,|r_aux|,cross-domain,0.0000,0.0000,3.703,0,-3.00058,0,-0.1435,1.053,1.378,0,-0.028,-0.8743,-0.2867,-0.5226,-0.6158
265.60,266.87,266.88,0,-3.35594,0,|r_aux|,cross-domain,0.0000,0.0000,3.726,0,-3.35594,0,0.01435,0.5799,0.9554,0,0.6614,-0.5874,-0.4197,-0.5235,-0.9028
266.00,267.27,267.28,0,-3.51926,0,|r_aux|,cross-domain,0.0000,0.0000,3.524,0,-3.51926,0,0.2583,0.3605,2.515,0,0.6922,-0.3685,-0.2339,-0.9666,-0.5752
266.40,267.67,267.68,0,-3.11076,0,|r_aux|,cross-domain,0.0000,0.0000,3.458,0,-3.11076,0,0.1722,0.913,1.603,0,0.5411,-0.187,-0.1583,-0.2609,-0.4251
266.80,268.07,268.08,0,-3.23541,0,|r_aux|,cross-domain,0.0000,0.0000,3.619,0,-3.23541,0,0.244,0.4492,1.246,0,0.4192,0.09427,-0.4819,-0.6292,-0.6578
267.20,268.47,268.48,0,-2.71759,0,|r_aux|,cross-domain,0.0000,0.0000,3.503,0,-2.71759,0,0.3875,0.7706,2.491,0,0.224,0.1924,-0.2033,0.375,-0.3523
267.60,268.87,268.88,0,-3.01769,0,|r_aux|,cross-domain,0.0000,0.0000,3.687,0,-3.01769,0,0.4736,1.104,0.9758,0,0.4084,0.3157,-0.5329,-0.6431,-0.8029
268.00,269.27,269.28,0,-2.89096,0,|r_bal|,cross-domain,0.0000,0.0000,4.623,0,-2.89096,0,0.8467,0.6358,0.8641,0,-0.06385,-0.08353,-0.4357,-0.742,-0.7945
268.40,269.67,269.68,0,-2.73128,0,|r_aux|,cross-domain,0.0000,0.0000,3.480,0,-2.73128,0,0.574,0.5927,1.835,0,0.1452,-0.2413,0.07456,0.3557,-0.2935
268.80,270.07,270.08,0,-2.61050,0,|r_aux|,cross-domain,0.0000,0.0000,3.731,0,-2.61050,0,0.4162,1.024,0.7585,0,0.1046,-0.5529,-0.2589,0.4336,-0.5757
269.20,270.47,270.48,0,-2.90559,0,|r_bal|,cross-domain,0.0000,0.0000,3.629,0,-2.90559,0,0.8036,0.582,0.6753,0,0.5409,-0.7864,-0.5141,0.1321,-0.9414
269.60,270.87,270.88,0,-3.09371,0,|r_aux|,cross-domain,0.0000,0.0000,4.190,0,-3.09371,0,0.4162,0.6746,2.189,0,0.004599,-1.046,-0.3997,-0.8766,-0.5558
270.00,271.27,271.28,0,-1.75067,0,e_rec,cross-domain,0.0000,0.0000,3.697,0,-1.75067,0,-0.1148,1.078,0.9383,0,0.2037,-0.8196,-0.6209,3.378,-0.4011
270.40,271.67,271.68,0,-2.99281,0,|r_aux|,cross-domain,0.0000,0.0000,3.660,0,-2.99281,0,0.4305,0.6219,0.7792,0,0.2263,0.2677,-0.6403,-0.4528,-0.6532
270.80,272.07,272.08,0,-3.15063,0,|r_bal|,cross-domain,0.0000,0.0000,3.701,0,-3.15063,0,0.8324,0.3287,2.366,0,0.7354,1.275,-0.1682,-0.3631,-0.6268
271.20,272.47,272.48,0,-2.62969,0,|r_bal|,cross-domain,0.0000,0.0000,3.576,0,-2.62969,0,1.048,0.9439,1.2,0,0.7125,1.229,-0.04129,0.6555,-0.292
271.60,272.87,272.88,0,-2.52086,0,|r_bal|,cross-domain,0.0000,0.0000,3.575,0,-2.52086,0,1.091,0.453,1.208,0,0.08228,0.002136,-0.1771,0.5501,-0.6996
272.00,273.27,273.28,0,-2.66808,0,|r_qp|,cross-domain,0.0000,0.0000,3.636,0,-2.66808,0,0.7893,0.4799,2.646,0,-1.004,-0.9445,-0.03793,-1.02,-0.8927
272.40,273.67,273.68,0,-2.59323,0,|r_qp|,cross-domain,0.0000,0.0000,3.539,0,-2.59323,0,1.162,0.9489,1.865,0,-0.7897,-1.207,-0.4448,-1.113,-0.6937
272.80,274.07,274.08,0,-2.43801,0,|r_qp|,cross-domain,0.0000,0.0000,3.734,0,-2.43801,0,0.818,0.4449,1.334,0,-0.6969,-1.146,-0.6605,-0.01881,-0.8907
273.20,274.47,274.48,0,-2.67880,0,|r_aux|,cross-domain,0.0000,0.0000,4.778,0,-2.67880,0,0.5453,0.6525,2.317,0,-0.08352,-1.236,-0.3952,0.2364,0.2078
273.60,274.87,274.88,0,-2.29698,0,e_rec,cross-domain,0.0000,0.0000,3.765,0,-2.29698,0,0.7319,1.032,0.7025,0,0.5296,-1.035,-0.3699,1.76,-0.2381
274.00,275.27,275.28,0,-3.24012,0,|r_aux|,cross-domain,0.0000,0.0000,3.841,0,-3.24012,0,0.4018,0.5295,0.7093,0,1.011,0.07057,-0.2021,0.03635,-0.7542
274.40,275.67,275.68,0,-3.12955,0,|r_aux|,cross-domain,0.0000,0.0000,3.751,0,-3.12955,0,0.287,0.4706,2.048,0,0.8681,1.022,0.2963,0.313,0.02853
274.80,276.07,276.08,0,-2.90725,0,|r_aux|,cross-domain,0.0000,0.0000,3.677,0,-2.90725,0,0,0.9527,0.9929,0,-0.05337,1.183,-0.08344,-0.5137,-0.7676
275.20,276.47,276.48,0,-2.36624,0,e_rec,cross-domain,0.0000,0.0000,3.596,0,-2.36624,0,0.6027,0.526,0.7571,0,-0.2855,0.4257,-0.3654,0.7071,-0.8018
275.60,276.87,276.88,0,-2.53084,0,|r_bal|,cross-domain,0.0000,0.0000,3.606,0,-2.53084,0,1.277,0.6403,2.139,0,-0.3991,-0.1259,-0.3505,-0.4069,-0.8425
276.00,277.27,277.28,0,-2.32274,0,|r_bal|,cross-domain,0.0000,0.0000,3.647,0,-2.32274,0,1.492,1.066,1.119,0,0.008199,-0.4102,-0.6162,0.3096,-0.7331
276.40,277.67,277.68,0,-2.99221,0,|r_bal|,cross-domain,0.0000,0.0000,3.588,0,-2.99221,0,0.7893,0.5746,0.9541,0,0.07368,-0.4725,-0.4485,-0.7384,-0.7916
276.80,278.07,278.08,0,-2.84765,0,e_rec,cross-domain,0.0000,0.0000,3.695,0,-2.84765,0,-0.1292,0.4929,2.241,0,0.2994,-0.5982,0.06781,0.7789,-0.313
277.20,278.47,278.48,0,-2.46650,0,e_rec,cross-domain,0.0000,0.0000,3.562,0,-2.46650,0,-0.1292,0.984,1.116,0,0.0996,-0.342,0.003739,1.292,-0.1488
277.60,278.87,278.88,0,-2.59703,0,e_rec,cross-domain,0.0000,0.0000,3.506,0,-2.59703,0,0.1005,0.5523,0.8937,0,-0.218,0.8261,0.1989,0.5103,-0.5828
278.00,279.27,279.28,0,-2.88524,0,|r_bal|,cross-domain,0.0000,0.0000,3.792,0,-2.88524,0,0.9328,0.3546,2.28,0,-0.1146,1.632,0.8998,-0.5447,0.08709
278.40,279.67,279.68,0,-3.24012,0,|r_aux|,cross-domain,0.0000,0.0000,3.915,0,-3.24012,0,0.9472,0.9627,1.002,0,0.7733,1.542,1.174,-0.829,-0.824
278.80,280.07,280.08,0,-2.40955,0,e_rec,cross-domain,0.0000,0.0000,3.599,0,-2.40955,0,1.134,0.4262,0.7924,0,0.6633,0.05813,1.101,1.888,-0.8134
279.20,280.47,280.48,0,-3.66123,0,|r_bal|,cross-domain,0.0000,0.0000,3.695,0,-3.66123,0,1.263,0.432,2.116,0,0.9682,-1.046,1.242,-1.336,-0.5434
279.60,280.87,280.88,0,-3.16688,0,|r_aux|,cross-domain,0.0000,0.0000,3.576,0,-3.16688,0,0.9759,0.9582,1.251,0,0.3339,-1.211,1.132,-0.875,-0.6464
280.00,281.27,281.28,0,-2.61799,0,e_rec,cross-domain,0.0000,0.0000,3.648,0,-2.61799,0,1.292,0.4768,0.9818,0,0.2034,-0.8974,2.337,0.9028,-0.8158
280.40,281.67,281.68,0,-3.11857,0,|r_bal|,cross-domain,0.0000,0.0000,3.586,0,-3.11857,0,1.492,0.4037,1.932,0,0.2481,-0.3676,3.823,-0.3032,0.101
280.80,282.07,282.08,0,-2.91384,0,|r_bal|,cross-domain,0.0000,0.0000,3.571,0,-2.91384,0,1.249,0.9927,0.84,0,0.05412,-0.03928,4.046,-0.1942,-0.2524
281.20,282.47,282.48,0,-2.82335,0,e_rec,cross-domain,0.0000,0.0000,3.678,0,-2.82335,0,1.033,0.4721,0.7219,0,0.5883,1.133,4.398,1.172,-0.7324
281.60,282.87,282.88,0,-3.30839,0,|r_aux|,cross-domain,0.0000,0.0000,3.005,0,-3.30839,0,0.2153,0.478,2.023,0,-0.1447,1.868,4.633,-0.7474,-0.7882
282.00,283.27,283.28,0,-3.01884,0,|r_aux|,cross-domain,0.0000,0.0000,3.972,0,-3.01884,0,0.4018,1.06,1.145,0,-0.4595,1.67,4.211,-0.856,-0.4907
282.40,283.67,283.68,0,-2.81665,0,|r_qp|,cross-domain,0.0000,0.0000,3.680,0,-2.81665,0,0.2727,0.4331,0.6469,0,-0.77,0.1545,3.175,-0.1817,-0.5422
282.80,284.07,284.08,0,-3.08773,0,|r_qp|,cross-domain,0.0000,0.0000,3.575,0,-3.08773,0,0.6314,0.5061,1.833,0,-0.4897,-1.002,2.118,-1.031,-0.9407
283.20,284.47,284.48,0,-2.11938,0,e_rec,cross-domain,0.0000,0.0000,10.156,0,-2.11938,0,0.3301,1.015,0.8774,0,-0.2589,-1.196,1.683,1.97,-0.3012
283.60,284.87,284.88,0,-3.21539,0,|r_bal|,cross-domain,0.0000,0.0000,3.796,0,-3.21539,0,1.005,0.5135,0.8058,0,0.515,-0.3532,2.718,-0.2611,-0.6802
284.00,285.27,285.28,0,-3.72436,0,|r_bal|,cross-domain,0.0000,0.0000,3.882,0,-3.72436,0,1.005,0.4311,2.264,0,0.9691,0.4225,3.991,-0.9764,-0.8711
284.40,285.67,285.68,0,-2.87230,0,e_rec,cross-domain,0.0000,0.0000,3.809,0,-2.87230,0,0.6171,0.9999,1.056,0,0.8147,0.6243,3.867,1.2,-0.4527
284.80,286.07,286.08,0,-3.29590,0,|r_bal|,cross-domain,0.0000,0.0000,3.735,0,-3.29590,0,0.9472,0.3763,1.233,0,0.1005,0.3304,2.409,-1.055,-0.5653
285.20,286.47,286.48,0,-2.89266,0,|r_aux|,cross-domain,0.0000,0.0000,3.763,0,-2.89266,0,0.574,0.7364,2.427,0,0.0558,-0.01209,1.033,-0.1137,0.5621
285.60,286.87,286.88,0,-2.71736,0,|r_aux|,cross-domain,0.0000,0.0000,3.655,0,-2.71736,0,0.8898,1.088,1.121,0,0.0413,-0.3017,-0.1955,-0.3458,-0.617
286.00,287.27,287.28,0,-2.69606,0,|r_bal|,cross-domain,0.0000,0.0000,3.660,0,-2.69606,0,1.033,0.5806,0.9331,0,-0.1196,-0.821,-0.04239,-0.159,-0.8418
286.40,287.67,287.68,0,-3.09960,0,|r_bal|,cross-domain,0.0000,0.0000,3.591,0,-3.09960,0,1.005,0.3686,2.426,0,0.315,-1.161,0.2193,-0.5306,-0.6102
286.80,288.07,288.08,0,-2.40374,0,|r_bal|,cross-domain,0.0000,0.0000,3.660,0,-2.40374,0,1.435,0.9493,1.316,0,-0.2102,-1.325,0.3101,0.2318,-0.3117
287.20,288.47,288.48,0,-2.78534,0,|r_bal|,cross-domain,0.0000,0.0000,3.609,0,-2.78534,0,1.148,0.4326,0.9761,0,0.3128,-1.343,0.2666,0.295,-0.8496
287.60,288.87,288.88,0,-2.94172,0,|r_bal|,cross-domain,0.0000,0.0000,3.512,0,-2.94172,0,0.9041,0.6105,2.171,0,0.5448,-1.097,0.571,0.217,-0.461
288.00,289.27,289.28,0,-2.66452,0,e_rec,cross-domain,0.0000,0.0000,3.479,0,-2.66452,0,0.5884,1.028,1.093,0,1.286,-0.8032,-0.1354,1.764,-0.4325
288.40,289.67,289.68,0,-3.11734,0,|r_bal|,cross-domain,0.0000,0.0000,3.652,0,-3.11734,0,1.119,0.5716,0.5821,0,1.011,0.377,0.5479,0.06395,-0.109
288.80,290.07,290.08,0,-3.26894,0,|r_bal|,cross-domain,0.0000,0.0000,3.559,0,-3.26894,0,0.8754,0.3605,2.121,0,0.4683,1.169,1.473,-0.7559,-0.689
289.20,290.47,290.48,0,-2.95077,0,|r_aux|,cross-domain,0.0000,0.0000,3.626,0,-2.95077,0,0.8324,0.9795,1.151,0,0.2897,1.178,2.031,-0.3229,-0.8138
289.60,290.87,290.88,0,-2.32753,0,e_rec,cross-domain,0.0000,0.0000,3.922,0,-2.32753,0,1.091,0.4389,1.255,0,0.3086,0.4519,1.716,1.798,-0.2586
290.00,291.27,291.28,0,-3.12813,0,|r_bal|,cross-domain,0.0000,0.0000,3.667,0,-3.12813,0,1.593,0.4781,2.699,0,0.5623,-0.1009,1.482,-0.6376,-0.8505
290.40,291.67,291.68,0,-2.75282,0,|r_bal|,cross-domain,0.0000,0.0000,3.806,0,-2.75282,0,1.995,1.017,1.265,0,0.3433,-0.2992,1.363,-0.3905,-0.312
290.80,292.07,292.08,0,-2.52115,0,|r_bal|,cross-domain,0.0000,0.0000,3.485,0,-2.52115,0,1.823,0.5086,1.111,0,0.1881,-0.4247,2.14,0.7015,-0.7454
291.20,292.47,292.48,0,-3.40067,0,|r_bal|,cross-domain,0.0000,0.0000,3.706,0,-3.40067,0,1.32,0.4354,2.073,0,0.2227,-0.5889,3.38,-1.186,-0.4803
291.60,292.87,292.88,0,-3.16295,0,|r_aux|,cross-domain,0.0000,0.0000,3.598,0,-3.16295,0,0.6314,0.9881,0.5939,0,0.2825,-0.3448,3.394,-0.3027,-0.05663
292.00,293.27,293.28,0,-3.60517,0,|r_bal|,cross-domain,0.0000,0.0000,3.576,0,-3.60517,0,1.076,0.4289,0.7934,0,1.085,0.6309,3.171,-0.6736,-0.6239
292.40,293.67,293.68,0,-3.69024,0,|r_bal|,cross-domain,0.0000,0.0000,3.859,0,-3.69024,0,0.9041,0.4373,1.809,0,1.324,1.3,3.445,-0.539,-0.5599
292.80,294.07,294.08,0,-3.42754,0,|r_aux|,cross-domain,0.0000,0.0000,4.206,0,-3.42754,0,0.9759,1.009,0.7037,0,1.182,1.296,3.277,-0.4154,-0.7123
293.20,294.47,294.48,0,-3.11221,0,e_rec,cross-domain,0.0000,0.0000,3.822,0,-3.11221,0,0.7606,0.4343,0.5903,0,0.7578,0.2817,3.264,0.6461,-0.2723
293.60,294.87,294.88,0,-3.60402,0,|r_bal|,cross-domain,0.0000,0.0000,4.423,0,-3.60402,0,0.7749,0.4799,1.895,0,0.7022,-0.4696,2.71,-1.01,-0.9025
294.00,295.27,295.28,0,-3.30087,0,|r_aux|,cross-domain,0.0000,0.0000,3.719,0,-3.30087,0,0.9759,1.003,1.044,0,0.6942,-0.7863,2.237,-0.6501,-0.7142
294.40,295.67,295.68,0,-3.28159,0,|r_bal|,cross-domain,0.0000,0.0000,3.803,0,-3.28159,0,1.306,0.4036,1.124,0,0.3578,-1.122,1.738,-0.9102,-0.7717
294.80,296.07,296.08,0,-2.84982,0,|r_bal|,cross-domain,0.0000,0.0000,3.563,0,-2.84982,0,0.8324,0.6531,2.775,0,-0.1284,-1.308,0.9929,-0.3009,-0.8922
295.20,296.47,296.48,0,-2.32203,0,|r_qp|,cross-domain,0.0000,0.0000,3.987,0,-2.32203,0,1.048,1.044,1.541,0,-0.7147,-0.9201,-0.06017,-0.1241,-0.2768
295.60,296.87,296.88,0,-2.50121,0,|r_qp|,cross-domain,0.0000,0.0000,3.781,0,-2.50121,0,0.9615,0.6505,0.8807,0,-0.9094,0.7686,1.528,-0.4743,-0.7754
296.00,297.27,297.28,0,-2.46493,0,|r_qp|,cross-domain,0.0000,0.0000,3.646,0,-2.46493,0,0.9902,0.3698,2.206,0,-0.9845,2.05,3.765,0.009482,-0.6389
296.40,297.67,297.68,0,-2.53477,0,|r_qp|,cross-domain,0.0000,0.0000,3.727,0,-2.53477,0,0.818,1.04,1.252,0,-0.9944,1.913,4.7,-0.3341,-0.7474
296.80,298.07,298.08,0,-3.38486,0,|r_bal|,cross-domain,0.0000,0.0000,3.577,0,-3.38486,0,0.531,0.4182,0.966,0,0.08693,0.2999,3.005,-0.9799,-0.901
297.20,298.47,298.48,0,-3.18025,0,|r_bal|,cross-domain,0.0000,0.0000,3.821,0,-3.18025,0,0.7893,0.5524,2.117,0,0.1455,-0.9379,1.173,-0.7846,-0.442
297.60,298.87,298.88,0,-2.80145,0,|r_aux|,cross-domain,0.0000,0.0000,3.775,0,-2.80145,0,1.033,1.007,0.7272,0,0.7521,-1.123,0.1561,0.4738,-0.6413
298.00,299.27,299.28,0,-2.40428,0,|r_bal|,cross-domain,0.0000,0.0000,3.528,0,-2.40428,0,1.751,0.4432,0.5812,0,-0.1809,-0.9901,-0.005935,0.2854,-0.7155
298.40,299.67,299.68,0,-2.53201,0,|r_bal|,cross-domain,0.0000,0.0000,3.733,0,-2.53201,0,1.55,0.4651,1.816,0,-0.6224,-0.804,0.06194,-0.533,-0.02821
