t_start,t_end,t_release,label,score,alarm,dominant,domain,csec_corr,csec_unc,decision_ms_after_target,csec_wait_ms,prov_score,prov_alarm,|r_bal|,|r_aux|,|r_cool|,|r_ups|,|r_qp|,|r_pv|,|r_reg|,e_rec,e_fc
2.00,3.27,4.17,0,0.87421,1,e_rec,cross-domain,0.6455,0.0000,891.282,890,6.03820,1,-6.243,-2.772,-4.378,0,-8.793,33.72,50,31.18,50
2.40,3.67,4.17,0,-1.74169,0,e_rec,cross-domain,0.4611,0.0000,491.282,490,1.94687,1,-6.243,-2.772,-4.378,0,-8.793,29,48.32,19,48.9
2.80,4.07,4.17,0,11.42988,1,e_rec,cross-domain,0.1537,0.0000,91.282,90,12.65940,1,-6.243,-2.772,-4.378,0,-8.793,18.38,47.14,50,16.95
3.20,4.47,4.48,0,-3.24240,0,|r_qp|,cross-domain,0.0000,0.0000,4.013,0,-3.24240,0,-6.243,-2.772,-4.378,0,-8.793,8.336,50,6.026,48.97
3.60,4.87,4.88,0,6.47573,1,e_rec,cross-domain,0.0000,0.0000,4.054,0,6.47573,1,-6.243,-2.772,-4.378,0,-8.793,1.571,44.57,32.54,13.5
4.00,5.27,5.28,0,6.05580,1,e_rec,cross-domain,0.0000,0.0000,4.241,0,6.05580,1,-6.243,-2.772,-4.378,0,-8.793,2.323,47.63,31.3,6.603
4.40,5.67,5.68,0,-1.74974,0,|r_qp|,cross-domain,0.0000,0.0000,2.885,0,-1.74974,0,-6.243,-2.772,-4.378,0,-8.793,4.932,41.78,9.168,46.69
4.80,6.07,6.08,0,-0.85916,0,|r_qp|,cross-domain,0.0000,0.0000,2.949,0,-0.85916,0,-6.243,-2.772,-4.378,0,-8.793,7.569,37.87,7.666,1.555
5.20,6.47,6.48,0,-1.13477,0,|r_qp|,cross-domain,0.0000,0.0000,4.129,0,-1.13477,0,-6.243,-2.772,-4.378,0,-8.793,6.629,28.7,5.049,-0.3785
5.60,6.87,6.88,0,-2.29787,0,|r_qp|,cross-domain,0.0000,0.0000,3.731,0,-2.29787,0,-6.243,-2.772,-4.378,0,-8.793,4.111,18.83,3.183,46.35
6.00,7.27,7.28,0,-2.30918,0,|r_qp|,cross-domain,0.0000,0.0000,3.794,0,-2.30918,0,-6.243,-2.772,-4.378,0,-8.793,1.943,14.29,-0.6548,0.625
6.40,7.67,7.68,0,-1.81314,0,|r_qp|,cross-domain,0.0000,0.0000,4.342,0,-1.81314,0,-6.243,-2.772,-4.378,0,-8.793,1.695,6.11,-0.7748,-0.4136
6.80,8.07,8.08,0,-0.12175,1,|r_qp|,cross-domain,0.0000,0.0000,4.052,0,-0.12175,1,-6.243,-2.772,-4.378,0,-8.793,2.957,0.622,6.111,42.6
7.20,8.47,8.48,0,-1.45765,0,|r_qp|,cross-domain,0.0000,0.0000,4.183,0,-1.45765,0,-6.243,-2.772,-4.378,0,-8.793,3.16,1.445,-0.774,-0.5529
7.60,8.87,8.88,0,-1.17770,0,|r_qp|,cross-domain,0.0000,0.0000,4.336,0,-1.17770,0,-6.243,-2.772,-4.378,0,-8.793,4.169,1.024,-0.08109,0.08398
8.00,9.27,9.28,0,-0.24765,1,|r_qp|,cross-domain,0.0000,0.0000,4.203,0,-0.24765,1,-6.243,-2.772,-4.378,0,-8.793,4.587,0.8707,6.111,50
8.40,9.67,9.68,0,-1.49260,0,|r_qp|,cross-domain,0.0000,0.0000,4.177,0,-1.49260,0,-6.243,-2.772,-4.378,0,-8.793,3.519,0.02623,-1.171,-0.2614
8.80,10.07,10.08,0,-1.37689,0,|r_qp|,cross-domain,0.0000,0.0000,4.165,0,-1.37689,0,-6.243,-2.772,-4.378,0,-8.793,2.085,-0.333,-0.6564,0.809
9.20,10.47,10.48,0,-0.41196,0,|r_qp|,cross-domain,0.0000,0.0000,4.059,0,-0.41196,0,-6.243,-2.772,-4.378,0,-8.793,0.2075,-0.1773,5.908,50
9.60,10.87,10.88,0,-1.71157,0,|r_qp|,cross-domain,0.0000,0.0000,4.115,0,-1.71157,0,-6.243,-2.772,-4.378,0,-8.793,-0.5158,0.67,-1.284,-0.694
10.00,11.27,11.28,0,-1.28708,0,|r_qp|,cross-domain,0.0000,0.0000,4.092,0,-1.28708,0,-6.243,-2.772,-4.378,0,-8.793,0.09866,0.1399,-0.02726,1.452
10.40,11.67,11.68,0,-0.01631,1,|r_qp|,cross-domain,0.0000,0.0000,4.007,0,-0.01631,1,-6.243,-2.772,-4.378,0,-8.793,2.161,0.2384,6.959,50
10.80,12.07,12.08,0,-1.15607,0,|r_qp|,cross-domain,0.0000,0.0000,4.273,0,-1.15607,0,-6.243,-2.772,-4.378,0,-8.793,3.196,0.6116,-0.03576,-0.6362
11.20,12.47,12.48,0,-0.98469,0,|r_qp|,cross-domain,0.0000,0.0000,3.926,0,-0.98469,0,-6.243,-2.772,-4.378,0,-8.793,4.671,0.1339,0.3531,1.24
11.60,12.87,12.88,0,0.14533,1,|r_qp|,cross-domain,0.0000,0.0000,4.067,0,0.14533,1,-6.243,-2.772,-4.378,0,-8.793,4.797,0.3089,7.163,50
12.00,13.27,13.28,0,-1.34171,0,|r_qp|,cross-domain,0.0000,0.0000,4.053,0,-1.34171,0,-6.243,-2.772,-4.378,0,-8.793,4.208,0.702,-0.6778,-0.4462
12.40,13.67,13.68,0,-1.30576,0,|r_qp|,cross-domain,0.0000,0.0000,4.131,0,-1.30576,0,-6.243,-2.772,-4.378,0,-8.793,3.387,0.2894,-0.5029,0.3247
12.80,14.07,14.08,0,-0.16073,1,|r_qp|,cross-domain,0.0000,0.0000,4.287,0,-0.16073,1,-6.243,-2.772,-4.378,0,-8.793,1.951,0.003682,6.503,50
13.20,14.47,14.48,0,-1.57718,0,|r_qp|,cross-domain,0.0000,0.0000,4.066,0,-1.57718,0,-6.243,-2.772,-4.378,0,-8.793,1.085,0.3184,-1.124,-0.6559
13.60,14.87,14.88,0,-1.48947,0,|r_qp|,cross-domain,0.0000,0.0000,4.235,0,-1.48947,0,-6.243,-2.772,-4.378,0,-8.793,0.4456,-0.1543,-0.7547,1.125
14.00,15.27,15.28,0,-0.84771,0,|r_qp|,cross-domain,0.0000,0.0000,4.088,0,-0.84771,0,-6.243,-2.772,-4.378,0,-8.793,0.474,0.04943,4.609,50
14.40,15.67,15.68,0,-1.21098,0,|r_qp|,cross-domain,0.0000,0.0000,4.040,0,-1.21098,0,-6.243,-2.772,-4.378,0,-8.793,0.794,0.8527,0.1296,-0.4305
14.80,16.07,16.08,0,-1.18415,0,|r_qp|,cross-domain,0.0000,0.0000,5.229,0,-1.18415,0,-6.243,-2.772,-4.378,0,-8.793,1.165,0.3303,0.1658,0.9711
15.20,16.47,16.48,0,0.01672,1,|r_qp|,cross-domain,0.0000,0.0000,3.360,0,0.01672,1,-6.243,-2.772,-4.378,0,-8.793,2.236,0.1914,6.943,48.59
15.60,16.87,16.88,0,-1.28472,0,|r_qp|,cross-domain,0.0000,0.0000,4.187,0,-1.28472,0,-6.243,-2.772,-4.378,0,-8.793,2.966,1.265,-0.2758,-0.6937
16.00,17.27,17.28,0,-1.01177,0,|r_qp|,cross-domain,0.0000,0.0000,4.149,0,-1.01177,0,-6.243,-2.772,-4.378,0,-8.793,3.962,0.2334,0.2865,0.03184
16.40,17.67,17.68,0,-0.97397,0,|r_qp|,cross-domain,0.0000,0.0000,4.159,0,-0.97397,0,-6.243,-2.772,-4.378,0,-8.793,3.205,0.09622,3.931,50
16.80,18.07,18.08,0,-0.99884,0,|r_qp|,cross-domain,0.0000,0.0000,2.864,0,-0.99884,0,-6.243,-2.772,-4.378,0,-8.793,2.132,0.2479,0.5291,-0.0373
17.20,18.47,18.48,0,-1.52311,0,|r_qp|,cross-domain,0.0000,0.0000,2.857,0,-1.52311,0,-6.243,-2.772,-4.378,0,-8.793,0.443,0.4237,-0.7955,0.3966
17.60,18.87,18.88,0,-0.49152,0,|r_qp|,cross-domain,0.0000,0.0000,4.136,0,-0.49152,0,-6.243,-2.772,-4.378,0,-8.793,0.55,0.5196,5.654,48.43
18.00,19.27,19.28,0,-1.33782,0,|r_qp|,cross-domain,0.0000,0.0000,4.354,0,-1.33782,0,-6.243,-2.772,-4.378,0,-8.793,1.488,1.758,-0.1748,-0.6918
18.40,19.67,19.68,0,-1.16862,0,|r_qp|,cross-domain,0.0000,0.0000,2.990,0,-1.16862,0,-6.243,-2.772,-4.378,0,-8.793,3.15,0.3764,-0.08852,-0.2781
18.80,20.07,20.08,0,-0.99099,0,|r_qp|,cross-domain,0.0000,0.0000,2.858,0,-0.99099,0,-6.243,-2.772,-4.378,0,-8.793,3.567,0.2001,3.859,50
19.20,20.47,20.48,0,-1.38805,0,|r_qp|,cross-domain,0.0000,0.0000,4.003,0,-1.38805,0,-6.243,-2.772,-4.378,0,-8.793,2.538,0.1085,-0.7366,-0.3471
19.60,20.87,20.88,0,-1.45775,0,|r_qp|,cross-domain,0.0000,0.0000,4.568,0,-1.45775,0,-6.243,-2.772,-4.378,0,-8.793,0.5512,-0.1885,-0.7364,0.2802
20.00,21.27,21.28,0,-0.54864,0,|r_qp|,cross-domain,0.0000,0.0000,4.284,0,-0.54864,0,-6.243,-2.772,-4.378,0,-8.793,-0.9154,-0.02011,5.652,50
20.40,21.67,21.68,0,-1.49415,0,|r_qp|,cross-domain,0.0000,0.0000,2.861,0,-1.49415,0,-6.243,-2.772,-4.378,0,-8.793,-0.7766,0.6385,-0.5711,-0.1954
20.80,22.07,22.08,0,-1.49477,0,|r_qp|,cross-domain,0.0000,0.0000,2.893,0,-1.49477,0,-6.243,-2.772,-4.378,0,-8.793,0.07737,-0.01815,-0.7992,-0.2567
21.20,22.47,22.48,0,-0.52454,0,|r_qp|,cross-domain,0.0000,0.0000,4.228,0,-0.52454,0,-6.243,-2.772,-4.378,0,-8.793,0.4022,0.05897,5.592,50
21.60,22.87,22.88,0,-1.56671,0,|r_qp|,cross-domain,0.0000,0.0000,3.854,0,-1.56671,0,-6.243,-2.772,-4.378,0,-8.793,0.4969,0.4725,-0.9514,-0.005625
22.00,23.27,23.28,0,-1.44847,0,|r_qp|,cross-domain,0.0000,0.0000,4.202,0,-1.44847,0,-6.243,-2.772,-4.378,0,-8.793,0.747,-0.03715,-0.746,-0.3615
22.40,23.67,23.68,0,-1.30008,0,|r_qp|,cross-domain,0.0000,0.0000,4.101,0,-1.30008,0,-6.243,-2.772,-4.378,0,-8.793,0.7366,-2.53e-05,3.208,50
22.80,24.07,24.08,0,-1.11516,0,|r_qp|,cross-domain,0.0000,0.0000,4.291,0,-1.11516,0,-6.243,-2.772,-4.378,0,-8.793,0.5819,1.009,0.5529,0.7346
23.20,24.47,24.48,0,-1.51297,0,|r_qp|,cross-domain,0.0000,0.0000,4.583,0,-1.51297,0,-6.243,-2.772,-4.378,0,-8.793,-0.5452,1.527,-0.4527,0.2441
23.60,24.87,24.88,0,-1.69201,0,|r_qp|,cross-domain,0.0000,0.0000,3.677,0,-1.69201,0,-6.243,-2.772,-4.378,0,-8.793,-1.148,1.84,2.109,43.04
24.00,25.27,25.28,0,-1.40588,0,|r_qp|,cross-domain,0.0000,0.0000,4.015,0,-1.40588,0,-6.243,-2.772,-4.378,0,-8.793,-0.7447,3.401,0.2697,0.5043
24.40,25.67,25.68,0,-1.69673,0,|r_qp|,cross-domain,0.0000,0.0000,4.112,0,-1.69673,0,-6.243,-2.772,-4.378,0,-8.793,-0.3612,2.657,-0.8158,0.1603
24.80,26.07,26.08,0,-0.95086,0,|r_qp|,cross-domain,0.0000,0.0000,4.141,0,-0.95086,0,-6.243,-2.772,-4.378,0,-8.793,0.9599,2.346,4.507,47.45
25.20,26.47,26.48,0,-1.35349,0,|r_qp|,cross-domain,0.0000,0.0000,4.046,0,-1.35349,0,-6.243,-2.772,-4.378,0,-8.793,1.616,3.089,0.1075,0.5841
25.60,26.87,26.88,0,-1.15010,0,|r_qp|,cross-domain,0.0000,0.0000,4.033,0,-1.15010,0,-6.243,-2.772,-4.378,0,-8.793,3.408,1.441,0.1553,-0.09345
26.00,27.27,27.28,0,-0.95052,0,|r_qp|,cross-domain,0.0000,0.0000,4.064,0,-0.95052,0,-6.243,-2.772,-4.378,0,-8.793,3.623,1.054,4.05,48.74
26.40,27.67,27.68,0,-1.17151,0,|r_qp|,cross-domain,0.0000,0.0000,3.985,0,-1.17151,0,-6.243,-2.772,-4.378,0,-8.793,2.617,1.239,0.2042,0.8162
26.80,28.07,28.08,0,-1.47574,0,|r_qp|,cross-domain,0.0000,0.0000,4.036,0,-1.47574,0,-6.243,-2.772,-4.378,0,-8.793,0.3539,1.481,-0.4439,0.3398
27.20,28.47,28.48,0,-1.28874,0,|r_qp|,cross-domain,0.0000,0.0000,3.743,0,-1.28874,0,-6.243,-2.772,-4.378,0,-8.793,-0.9535,2.137,3.764,48.87
27.60,28.87,28.88,0,-1.07288,0,|r_qp|,cross-domain,0.0000,0.0000,4.151,0,-1.07288,0,-6.243,-2.772,-4.378,0,-8.793,-0.8105,3.684,1.417,1.694
28.00,29.27,29.28,0,-1.54105,0,|r_qp|,cross-domain,0.0000,0.0000,4.213,0,-1.54105,0,-6.243,-2.772,-4.378,0,-8.793,-0.9333,3.55,-0.07767,0.6457
28.40,29.67,29.68,0,-1.62615,0,|r_qp|,cross-domain,0.0000,0.0000,4.071,0,-1.62615,0,-6.243,-2.772,-4.378,0,-8.793,-1.266,3.721,2.883,45.93
28.80,30.07,30.08,0,-1.50248,0,|r_qp|,cross-domain,0.0000,0.0000,4.118,0,-1.50248,0,-6.243,-2.772,-4.378,0,-8.793,-0.8511,4.65,0.3112,1.668
29.20,30.47,30.48,0,-1.32692,0,|r_qp|,cross-domain,0.0000,0.0000,4.107,0,-1.32692,0,-6.243,-2.772,-4.378,0,-8.793,1.231,2.593,0.08875,-0.09434
29.60,30.87,30.88,0,-1.22884,0,|r_qp|,cross-domain,0.0000,0.0000,4.088,0,-1.22884,0,-6.243,-2.772,-4.378,0,-8.793,2.839,1.545,3.25,46.65
30.00,31.27,31.28,0,-1.53739,0,|r_qp|,cross-domain,0.0000,0.0000,4.197,0,-1.53739,0,-6.243,-2.772,-4.378,0,-8.793,2.782,1.115,-0.9209,1.086
30.40,31.67,31.68,0,-1.63196,0,|r_qp|,cross-domain,0.0000,0.0000,4.082,0,-1.63196,0,-6.243,-2.772,-4.378,0,-8.793,0.8503,0.4018,-1.242,-0.5895
30.80,32.07,32.08,0,-1.49684,0,|r_qp|,cross-domain,0.0000,0.0000,4.124,0,-1.49684,0,-6.243,-2.772,-4.378,0,-8.793,-0.6683,0.6525,2.899,50
31.20,32.47,32.48,0,-0.91877,0,|r_qp|,cross-domain,0.0000,0.0000,4.067,0,-0.91877,0,-6.243,-2.772,-4.378,0,-8.793,-1.045,0.985,1.452,2.591
31.60,32.87,32.88,0,-1.50310,0,|r_qp|,cross-domain,0.0000,0.0000,4.044,0,-1.50310,0,-6.243,-2.772,-4.378,0,-8.793,-0.9058,1.82,-0.3229,0.2931
32.00,33.27,33.28,0,-1.23000,0,|r_qp|,cross-domain,0.0000,0.0000,4.072,0,-1.23000,0,-6.243,-2.772,-4.378,0,-8.793,-0.5754,2.1,3.763,47.03
32.40,33.67,33.68,0,-0.80536,0,|r_qp|,cross-domain,0.0000,0.0000,4.087,0,-0.80536,0,-6.243,-2.772,-4.378,0,-8.793,0.2188,4.035,2.302,3.545
32.80,34.07,34.08,0,-1.27023,0,|r_qp|,cross-domain,0.0000,0.0000,4.088,0,-1.27023,0,-6.243,-2.772,-4.378,0,-8.793,1.946,3.464,0.3639,0.1632
33.20,34.47,34.48,0,-0.79350,0,|r_qp|,cross-domain,0.0000,0.0000,4.042,0,-0.79350,0,-6.243,-2.772,-4.378,0,-8.793,3.282,3.609,4.929,46.98
33.60,34.87,34.88,0,-1.80071,0,|r_qp|,cross-domain,0.0000,0.0000,4.016,0,-1.80071,0,-6.243,-2.772,-4.378,0,-8.793,2.952,4.202,-1.128,1.265
34.00,35.27,35.28,0,-1.74919,0,|r_qp|,cross-domain,0.0000,0.0000,4.191,0,-1.74919,0,-6.243,-2.772,-4.378,0,-8.793,1.441,2.087,-1.325,-0.4107
34.40,35.67,35.68,0,-1.07779,0,|r_qp|,cross-domain,0.0000,0.0000,4.063,0,-1.07779,0,-6.243,-2.772,-4.378,0,-8.793,0.1889,1.225,4.154,49.72
34.80,36.07,36.08,0,-1.66404,0,|r_qp|,cross-domain,0.0000,0.0000,4.159,0,-1.66404,0,-6.243,-2.772,-4.378,0,-8.793,0.03107,0.6397,-1.071,1.273
35.20,36.47,36.48,0,-1.58289,0,|r_qp|,cross-domain,0.0000,0.0000,4.103,0,-1.58289,0,-6.243,-2.772,-4.378,0,-8.793,0.2466,0.05187,-1.094,-0.5998
35.60,36.87,36.88,0,-1.15739,0,|r_qp|,cross-domain,0.0000,0.0000,4.284,0,-1.15739,0,-6.243,-2.772,-4.378,0,-8.793,0.7213,0.3377,3.704,50
36.00,37.27,37.28,0,-1.65208,0,|r_qp|,cross-domain,0.0000,0.0000,3.866,0,-1.65208,0,-6.243,-2.772,-4.378,0,-8.793,0.5573,0.7176,-1.113,0.7916
36.40,37.67,37.68,0,-1.60555,0,|r_qp|,cross-domain,0.0000,0.0000,3.962,0,-1.60555,0,-6.243,-2.772,-4.378,0,-8.793,0.5131,0.2347,-1.156,-0.5814
36.80,38.07,38.08,0,-1.03206,0,|r_qp|,cross-domain,0.0000,0.0000,3.349,0,-1.03206,0,-6.243,-2.772,-4.378,0,-8.793,0.3162,0.2028,4.101,50
37.20,38.47,38.48,0,-1.58366,0,|r_qp|,cross-domain,0.0000,0.0000,4.078,0,-1.58366,0,-6.243,-2.772,-4.378,0,-8.793,0.08865,0.5552,-0.8903,0.7189
37.60,38.87,38.88,0,-1.63275,0,|r_qp|,cross-domain,0.0000,0.0000,3.686,0,-1.63275,0,-6.243,-2.772,-4.378,0,-8.793,0.2012,0.1191,-1.237,-0.762
38.00,39.27,39.28,0,-1.45283,0,|r_qp|,cross-domain,0.0000,0.0000,3.767,0,-1.45283,0,-6.243,-2.772,-4.378,0,-8.793,0.08379,-0.03324,2.815,50
38.40,39.67,39.68,0,-0.99657,0,|r_qp|,cross-domain,0.0000,0.0000,3.655,0,-0.99657,0,-6.243,-2.772,-4.378,0,-8.793,0.2291,0.514,1.001,2.844
38.80,40.07,40.08,0,-1.47260,0,|r_qp|,cross-domain,0.0000,0.0000,3.561,0,-1.47260,0,-6.243,-2.772,-4.378,0,-8.793,0.1124,0.2904,-0.6568,0.03617
39.20,40.47,40.48,0,-0.84687,0,|r_qp|,cross-domain,0.0000,0.0000,3.671,0,-0.84687,0,-6.243,-2.772,-4.378,0,-8.793,1.009,0.1445,4.19,44.53
39.60,40.87,40.88,0,-1.18161,0,|r_qp|,cross-domain,0.0000,0.0000,3.498,0,-1.18161,0,-6.243,-2.772,-4.378,0,-8.793,1.768,1.485,0.3957,1.958
40.00,41.27,41.28,0,-1.35409,0,|r_qp|,cross-domain,0.0000,0.0000,4.126,0,-1.35409,0,-6.243,-2.772,-4.378,0,-8.793,2.531,1.181,-0.4128,-0.1326
40.40,41.67,41.68,0,-0.94724,0,|r_qp|,cross-domain,0.0000,0.0000,3.780,0,-0.94724,0,-6.243,-2.772,-4.378,0,-8.793,3.004,1.407,4.116,47.56
40.80,42.07,42.08,0,-1.58366,0,|r_qp|,cross-domain,0.0000,0.0000,3.642,0,-1.58366,0,-6.243,-2.772,-4.378,0,-8.793,2.457,2.287,-0.8247,0.716
41.20,42.47,42.48,0,-1.61571,0,|r_qp|,cross-domain,0.0000,0.0000,3.627,0,-1.61571,0,-6.243,-2.772,-4.378,0,-8.793,1.818,0.9466,-1.179,-0.3309
41.60,42.87,42.88,0,-1.11336,0,|r_qp|,cross-domain,0.0000,0.0000,3.677,0,-1.11336,0,-6.243,-2.772,-4.378,0,-8.793,0.6621,0.909,3.953,50
42.00,43.27,43.28,0,-1.54328,0,|r_qp|,cross-domain,0.0000,0.0000,3.568,0,-1.54328,0,-6.243,-2.772,-4.378,0,-8.793,0.1118,1.12,-0.5836,1.863
42.40,43.67,43.68,0,-1.46865,0,|r_qp|,cross-domain,0.0000,0.0000,3.592,0,-1.46865,0,-6.243,-2.772,-4.378,0,-8.793,0.05275,0.6997,-0.5524,0.1414
42.80,44.07,44.08,0,-1.04468,0,|r_qp|,cross-domain,0.0000,0.0000,3.614,0,-1.04468,0,-6.243,-2.772,-4.378,0,-8.793,0.8563,0.4729,3.706,44.98
43.20,44.47,44.48,0,-1.11024,0,|r_qp|,cross-domain,0.0000,0.0000,4.029,0,-1.11024,0,-6.243,-2.772,-4.378,0,-8.793,1.984,1.011,0.438,1.133
43.60,44.87,44.88,0,-1.12843,0,|r_qp|,cross-domain,0.0000,0.0000,3.776,0,-1.12843,0,-6.243,-2.772,-4.378,0,-8.793,3.608,0.2669,-0.07782,-0.8211
44.00,45.27,45.28,0,-0.49149,0,|r_qp|,cross-domain,0.0000,0.0000,3.639,0,-0.49149,0,-6.243,-2.772,-4.378,0,-8.793,4.655,0.2699,5.254,50
44.40,45.67,45.68,0,-1.18773,0,|r_qp|,cross-domain,0.0000,0.0000,3.988,0,-1.18773,0,-6.243,-2.772,-4.378,0,-8.793,3.986,0.649,-0.09498,1.058
44.80,46.07,46.08,0,-1.44625,0,|r_qp|,cross-domain,0.0000,0.0000,3.652,0,-1.44625,0,-6.243,-2.772,-4.378,0,-8.793,1.476,0.7312,-0.638,0.1553
45.20,46.47,46.48,0,-1.40189,0,|r_qp|,cross-domain,0.0000,0.0000,3.548,0,-1.40189,0,-6.243,-2.772,-4.378,0,-8.793,-0.6395,1.154,3.071,47.02
45.60,46.87,46.88,0,-1.73961,0,|r_qp|,cross-domain,0.0000,0.0000,7.273,0,-1.73961,0,-6.243,-2.772,-4.378,0,-8.793,-1.046,2.413,-0.925,0.01188
46.00,47.27,47.28,0,-1.62524,0,|r_qp|,cross-domain,0.0000,0.0000,4.073,0,-1.62524,0,-6.243,-2.772,-4.378,0,-8.793,0.1633,0.9715,-1.051,-0.8187
46.40,47.67,47.68,0,-1.23603,0,|r_qp|,cross-domain,0.0000,0.0000,3.971,0,-1.23603,0,-6.243,-2.772,-4.378,0,-8.793,1.155,0.4411,3.439,50
46.80,48.07,48.08,0,-1.25144,0,|r_qp|,cross-domain,0.0000,0.0000,3.719,0,-1.25144,0,-6.243,-2.772,-4.378,0,-8.793,1.387,0.09074,-0.06451,1.593
47.20,48.47,48.48,0,-1.42153,0,|r_qp|,cross-domain,0.0000,0.0000,3.515,0,-1.42153,0,-6.243,-2.772,-4.378,0,-8.793,1.715,-0.231,-0.8201,-0.4939
47.60,48.87,48.88,0,-0.78717,0,|r_qp|,cross-domain,0.0000,0.0000,3.531,0,-0.78717,0,-6.243,-2.772,-4.378,0,-8.793,2.088,-0.125,4.576,50
48.00,49.27,49.28,0,-1.28805,0,|r_qp|,cross-domain,0.0000,0.0000,3.558,0,-1.28805,0,-6.243,-2.772,-4.378,0,-8.793,2.065,0.9438,-0.08684,1.6
48.40,49.67,49.68,0,-1.63273,0,|r_qp|,cross-domain,0.0000,0.0000,3.540,0,-1.63273,0,-6.243,-2.772,-4.378,0,-8.793,0.907,0.3784,-1.231,-0.2492
48.80,50.07,50.08,0,-1.39490,0,|r_qp|,cross-domain,0.0000,0.0000,3.487,0,-1.39490,0,-6.243,-2.772,-4.378,0,-8.793,-0.1837,0.5526,2.891,46.53
49.20,50.47,50.48,0,-1.62453,0,|r_qp|,cross-domain,0.0000,0.0000,3.526,0,-1.62453,0,-6.243,-2.772,-4.378,0,-8.793,-0.3786,0.6569,-0.8953,1.38
49.60,50.87,50.88,0,-1.57969,0,|r_qp|,cross-domain,0.0000,0.0000,3.560,0,-1.57969,0,-6.243,-2.772,-4.378,0,-8.793,0.4288,0.04108,-1.108,-0.6164
50.00,51.27,51.28,0,-1.31590,0,|r_qp|,cross-domain,0.0000,0.0000,3.569,0,-1.31590,0,-6.243,-2.772,-4.378,0,-8.793,1.362,-0.09817,3.071,50
50.40,51.67,51.68,0,-1.46958,0,|r_qp|,cross-domain,0.0000,0.0000,3.570,0,-1.46958,0,-6.243,-2.772,-4.378,0,-8.793,1.59,0.3662,-0.725,1.108
50.80,52.07,52.08,0,-1.46441,0,|r_qp|,cross-domain,0.0000,0.0000,4.304,0,-1.46441,0,-6.243,-2.772,-4.378,0,-8.793,1.746,0.06729,-0.9168,-0.8006
51.20,52.47,52.48,0,-1.57177,0,|r_qp|,cross-domain,0.0000,0.0000,3.441,0,-1.57177,0,-6.243,-2.772,-4.378,0,-8.793,1.962,0.1889,2.289,50
51.60,52.87,52.88,0,-1.50923,0,|r_qp|,cross-domain,0.0000,0.0000,3.555,0,-1.50923,0,-6.243,-2.772,-4.378,0,-8.793,1.902,0.6079,-0.8966,0.1919
52.00,53.27,53.28,0,-1.48192,0,|r_qp|,cross-domain,0.0000,0.0000,3.536,0,-1.48192,0,-6.243,-2.772,-4.378,0,-8.793,1.346,0.1644,-0.8645,-0.2039
52.40,53.67,53.68,0,-1.35163,0,|r_qp|,cross-domain,0.0000,0.0000,3.478,0,-1.35163,0,-6.243,-2.772,-4.378,0,-8.793,0.8816,0.1119,3.058,50
52.80,54.07,54.08,0,-1.65169,0,|r_qp|,cross-domain,0.0000,0.0000,3.492,0,-1.65169,0,-6.243,-2.772,-4.378,0,-8.793,0.5082,0.5427,-1.149,0.6585
53.20,54.47,54.48,0,-1.70022,0,|r_qp|,cross-domain,0.0000,0.0000,3.549,0,-1.70022,0,-6.243,-2.772,-4.378,0,-8.793,0.01701,0.03593,-1.408,-0.3654
53.60,54.87,54.88,0,-1.23129,0,|r_qp|,cross-domain,0.0000,0.0000,3.522,0,-1.23129,0,-6.243,-2.772,-4.378,0,-8.793,-0.6572,0.1041,3.592,50
54.00,55.27,55.28,0,-1.50619,0,|r_qp|,cross-domain,0.0000,0.0000,3.502,0,-1.50619,0,-6.243,-2.772,-4.378,0,-8.793,-0.6389,0.5498,-0.5694,0.8185
54.40,55.67,55.68,0,-1.38908,0,|r_qp|,cross-domain,0.0000,0.0000,3.460,0,-1.38908,0,-6.243,-2.772,-4.378,0,-8.793,0.63,-0.148,-0.6125,-0.8966
54.80,56.07,56.08,0,-1.61241,0,|r_qp|,cross-domain,0.0000,0.0000,3.477,0,-1.61241,0,-6.243,-2.772,-4.378,0,-8.793,1.739,-0.5308,2.053,50
55.20,56.47,56.48,0,-1.48513,0,|r_qp|,cross-domain,0.0000,0.0000,3.449,0,-1.48513,0,-6.243,-2.772,-4.378,0,-8.793,1.849,0.05072,-0.8833,0.7924
55.60,56.87,56.88,0,-1.51642,0,|r_qp|,cross-domain,0.0000,0.0000,3.739,0,-1.51642,0,-6.243,-2.772,-4.378,0,-8.793,1.035,-0.2708,-1.018,-0.2139
56.00,57.27,57.28,0,-1.09630,0,|r_qp|,cross-domain,0.0000,0.0000,3.825,0,-1.09630,0,-6.243,-2.772,-4.378,0,-8.793,0.1328,-0.1514,3.861,50
56.40,57.67,57.68,0,-1.64362,0,|r_qp|,cross-domain,0.0000,0.0000,3.746,0,-1.64362,0,-6.243,-2.772,-4.378,0,-8.793,0.1287,0.4377,-1.116,0.4603
56.80,58.07,58.08,0,-1.62780,0,|r_qp|,cross-domain,0.0000,0.0000,3.620,0,-1.62780,0,-6.243,-2.772,-4.378,0,-8.793,0.2114,-0.03827,-1.25,-0.7098
57.20,58.47,58.48,0,-1.26855,0,|r_qp|,cross-domain,0.0000,0.0000,3.530,0,-1.26855,0,-6.243,-2.772,-4.378,0,-8.793,0.7689,0.03658,3.306,50
57.60,58.87,58.88,0,-1.33101,0,|r_qp|,cross-domain,0.0000,0.0000,3.508,0,-1.33101,0,-6.243,-2.772,-4.378,0,-8.793,1.213,0.2236,-0.3075,0.8946
58.00,59.27,59.28,0,-1.28924,0,|r_qp|,cross-domain,0.0000,0.0000,3.521,0,-1.28924,0,-6.243,-2.772,-4.378,0,-8.793,2.336,-0.1912,-0.5017,-0.747
58.40,59.67,59.68,0,-0.85701,0,|r_qp|,cross-domain,0.0000,0.0000,3.598,0,-0.85701,0,-6.243,-2.772,-4.378,0,-8.793,3.157,-0.07059,4.256,50
58.80,60.07,65.41,0,13.51869,1,e_rec,cross-domain,0.0547,0.0000,5332.242,5330,13.95619,1,-6.243,-2.772,-4.378,50,-8.793,11.06,10.53,50,50
59.20,60.47,65.41,0,11.35544,1,e_rec,cross-domain,0.3672,0.0000,4932.242,4930,14.29294,1,-6.243,-2.772,-4.378,50,-8.793,50,28.07,50,50
59.60,60.87,65.41,0,8.39307,1,e_rec,cross-domain,0.6797,0.0000,4532.242,4530,13.83057,1,-6.243,-2.772,-4.378,50,-8.793,50,35.33,50,50
60.00,61.27,65.41,0,4.95839,1,e_rec,cross-domain,0.9922,0.0000,4132.242,4130,12.89589,1,-6.243,-2.772,-4.378,50,-8.793,50,50,50,50
60.40,61.67,65.41,0,5.36022,1,e_rec,cross-domain,1.0000,0.0000,3732.242,3730,13.36022,1,-6.243,-2.772,-4.378,50,-8.793,50,49.61,50,30.95
60.80,62.07,65.41,0,5.77585,1,e_rec,cross-domain,1.0000,0.0000,3332.242,3330,13.77585,1,-6.243,-2.772,-4.378,50,-8.793,50,41.09,50,36.48
61.20,62.47,65.41,0,5.02178,1,e_rec,cross-domain,1.0000,0.0000,2932.242,2930,13.02178,1,-6.243,-2.772,-4.378,50,-8.793,50,48.02,50,50
61.60,62.87,65.41,0,3.89235,1,e_rec,cross-domain,1.0000,0.0000,2532.242,2530,11.89235,1,-6.243,-2.772,-4.378,50,-8.793,50,50,46.98,50
62.00,63.27,65.41,0,4.89589,1,e_rec,cross-domain,1.0000,0.0000,2132.242,2130,12.89589,1,-6.243,-2.772,-4.378,50,-8.793,50,50,50,50
62.40,63.67,65.41,0,5.53695,1,e_rec,cross-domain,1.0000,0.0000,1732.242,1730,13.53695,1,-6.243,-2.772,-4.378,0,-8.793,50,50,50,22.22
62.80,64.07,65.41,0,-7.55181,0,|r_qp|,cross-domain,1.0000,0.0000,1332.242,1330,0.44819,1,-6.243,-2.772,-4.378,0,-8.793,48.47,17.68,4.709,24.28
63.20,64.47,66.37,0,8.86386,1,e_rec,cross-domain,0.8487,0.0000,1890.920,1890,15.65323,1,-6.243,-2.772,-4.378,0,-8.793,42.11,9.564,50,29.4
63.60,64.87,66.37,0,9.96555,1,e_rec,cross-domain,0.7836,0.0000,1490.920,1490,16.23469,1,-6.243,-2.772,-4.378,0,-8.793,36.31,4.944,50,7.577
64.00,65.27,66.37,0,10.84764,1,e_rec,cross-domain,0.7186,0.0000,1090.920,1090,16.59655,1,-6.243,-2.772,-4.378,0,-8.793,46.62,4.107,50,10.89
64.40,65.67,67.68,0,-2.24272,0,|r_qp|,cross-domain,0.6126,0.0000,2004.493,2000,2.65770,1,-6.243,-2.772,-4.378,0,-8.793,45.34,6.516,9.522,23.57
64.80,66.07,67.68,0,4.73057,1,e_rec,cross-domain,0.6151,0.0000,1604.493,1600,9.65123,1,-6.243,-2.772,-4.378,0,-8.793,39.46,9.353,31.03,12.79
65.20,66.47,67.68,0,-5.66503,0,|r_qp|,cross-domain,0.5614,0.0000,1204.493,1200,-1.17414,0,-6.243,-2.772,-4.378,0,-8.793,25.36,9.519,-0.2017,9.042
65.60,66.87,67.68,0,-3.72505,0,|r_qp|,cross-domain,0.4500,0.0000,804.493,800,-0.12505,1,-6.243,-2.772,-4.378,0,-8.793,17.24,7.487,3.85,14.36
66.00,67.27,67.68,0,-3.19998,0,|r_qp|,cross-domain,0.2438,0.0000,404.493,400,-1.24998,0,-6.243,-2.772,-4.378,0,-8.793,9.467,5.595,0.9665,14.25
66.40,67.67,67.68,0,-1.74357,0,|r_qp|,cross-domain,0.0000,0.0000,4.493,0,-1.74357,0,-6.243,-2.772,-4.378,0,-8.793,1.288,6.82,-0.02311,4.774
66.80,68.07,70.39,-1,13.57290,1,e_rec,cross-domain,0.0000,0.0078,2311.494,2310,13.55727,1,-6.243,-2.772,-4.378,0,-8.793,1.587,11.24,50,50
67.20,68.47,70.39,1,-0.53855,0,|r_qp|,cross-domain,0.0000,0.3203,1911.494,1910,-1.17917,0,-6.243,-2.772,-4.378,0,-8.793,1.697,16.28,5.341,32.06
67.60,68.87,70.39,1,-0.72082,0,|r_qp|,cross-domain,0.0000,0.6328,1511.494,1510,-1.98644,0,-6.243,-2.772,-4.378,0,-8.793,1.452,15.97,1.214,8.104
68.00,69.27,70.39,1,14.64747,1,e_rec,cross-domain,0.0000,0.9453,1111.494,1110,12.75685,1,-6.243,-2.772,-4.378,0,-8.793,2.624,17.13,48.6,50
68.40,69.67,70.39,1,1.20229,1,|r_qp|,cross-domain,0.0000,1.0000,711.494,710,-0.79771,0,-6.243,-2.772,-4.378,0,-8.793,3.995,14.53,5.598,27.78
68.80,70.07,70.39,1,-0.09530,1,|r_qp|,cross-domain,0.0000,1.0000,311.494,310,-2.09530,0,-6.243,-2.772,-4.378,0,-8.793,4.733,13.56,-0.2233,4.111
69.20,70.47,72.79,1,11.42427,1,e_rec,cross-domain,0.0000,0.9375,2311.492,2310,9.54927,1,-6.243,-2.772,-4.378,0,-8.793,4.382,13.31,38.01,50
69.60,70.87,72.79,1,0.78845,1,|r_qp|,cross-domain,0.0000,0.9375,1911.492,1910,-1.08655,0,-6.243,-2.772,-4.378,0,-8.793,4.586,11.13,4.129,29.49
70.00,71.27,72.79,1,2.08903,1,|r_qp|,cross-domain,0.0000,0.9375,1511.492,1510,0.21403,1,-6.243,-2.772,-4.378,0,-8.793,4.157,13.14,7.181,10.82
70.40,71.67,72.79,1,15.21042,1,e_rec,cross-domain,0.0000,0.9453,1111.492,1110,13.31979,1,-6.243,-2.772,-4.378,0,-8.793,4.771,16.84,50,50
70.80,72.07,72.79,1,0.98379,1,|r_qp|,cross-domain,0.0000,1.0000,711.492,710,-1.01621,0,-6.243,-2.772,-4.378,0,-8.793,4.83,17.23,5.686,32.41
71.20,72.47,72.79,1,1.63218,1,|r_qp|,cross-domain,0.0000,1.0000,311.492,310,-0.36782,0,-6.243,-2.772,-4.378,0,-8.793,4.51,17.38,6.201,10.81
71.60,72.87,75.19,1,15.06679,1,e_rec,cross-domain,0.0000,0.9375,2311.456,2310,13.19179,1,-6.243,-2.772,-4.378,0,-8.793,3.495,18.1,50,50
72.00,73.27,75.19,1,0.29494,1,|r_qp|,cross-domain,0.0000,0.9375,1911.456,1910,-1.58006,0,-6.243,-2.772,-4.378,0,-8.793,4.255,18.13,3.987,28.98
72.40,73.67,75.19,1,-0.21228,1,|r_qp|,cross-domain,0.0000,0.9375,1511.456,1510,-2.08728,0,-6.243,-2.772,-4.378,0,-8.793,5.26,16.41,0.03024,0.3742
72.80,74.07,75.19,1,15.35901,1,e_rec,cross-domain,0.0000,0.9453,1111.456,1110,13.46839,1,-6.243,-2.772,-4.378,0,-8.793,6.164,15.32,50,50
73.20,74.47,75.19,1,0.66366,1,|r_qp|,cross-domain,0.0000,1.0000,711.456,710,-1.33634,0,-6.243,-2.772,-4.378,0,-8.793,5.914,11.86,3.563,32.32
73.60,74.87,75.19,1,-0.12013,1,|r_qp|,cross-domain,0.0000,1.0000,311.456,310,-2.12013,0,-6.243,-2.772,-4.378,0,-8.793,5.335,11.66,-0.8281,2.698
74.00,75.27,77.59,1,11.69259,1,e_rec,cross-domain,0.0000,0.9375,2311.507,2310,9.81759,1,-6.243,-2.772,-4.378,0,-8.793,4.464,12.85,38.73,50
74.40,75.67,77.59,1,1.59721,1,|r_qp|,cross-domain,0.0000,0.9375,1911.507,1910,-0.27779,1,-6.243,-2.772,-4.378,0,-8.793,4.018,11.4,7.331,38.88
74.80,76.07,77.59,1,-0.40336,0,|r_qp|,cross-domain,0.0000,0.9375,1511.507,1510,-2.27836,0,-6.243,-2.772,-4.378,0,-8.793,3.191,10.81,-1.355,0.8455
75.20,76.47,77.59,1,13.54932,1,e_rec,cross-domain,0.0000,0.9453,1111.507,1110,11.65869,1,-6.243,-2.772,-4.378,0,-8.793,2.753,11.84,44.27,50
75.60,76.87,77.59,1,1.39986,1,|r_qp|,cross-domain,0.0000,1.0000,711.507,710,-0.60014,0,-6.243,-2.772,-4.378,0,-8.793,3.447,10.2,6.461,42.69
76.00,77.27,77.59,1,-0.10488,1,|r_qp|,cross-domain,0.0000,1.0000,311.507,310,-2.10488,0,-6.243,-2.772,-4.378,0,-8.793,2.959,9.695,-1.046,0.4668
76.40,77.67,83.59,1,15.50291,1,e_rec,cross-domain,0.0000,0.9375,5912.874,5910,13.62791,1,-6.243,-2.772,-4.378,0,-8.793,2.485,10.66,50,50
76.80,78.07,83.59,1,0.18042,1,|r_qp|,cross-domain,0.0000,0.9375,5512.874,5510,-1.69458,0,-6.243,-2.772,-4.378,0,-8.793,2.314,9.128,3.514,48.85
77.20,78.47,83.59,1,-0.22056,1,|r_qp|,cross-domain,0.0000,0.9375,5112.874,5110,-2.09556,0,-6.243,-2.772,-4.378,0,-8.793,2.514,9.592,-1.061,-0.5814
77.60,78.87,83.59,1,15.46997,1,e_rec,cross-domain,0.0000,0.9453,4712.874,4710,13.57934,1,-6.243,-2.772,-4.378,0,-8.793,3.816,12.2,50,50
78.00,79.27,83.59,1,2.04745,1,|r_qp|,cross-domain,0.0000,1.0000,4312.874,4310,0.04745,1,-6.243,-2.772,-4.378,0,-8.793,4.219,13.19,8.723,40.2
78.40,79.67,83.59,1,1.05276,1,|r_qp|,cross-domain,0.0000,1.0000,3912.874,3910,-0.94724,0,-6.243,-2.772,-4.378,0,-8.793,3.131,14.02,3.33,1.631
78.80,80.07,83.59,1,15.32220,1,e_rec,cross-domain,0.0000,1.0000,3512.874,3510,13.32220,1,-6.243,-2.772,-4.378,0,-8.793,1.915,15.12,50,50
79.20,80.47,83.59,1,0.36008,1,|r_qp|,cross-domain,0.0000,1.0000,3112.874,3110,-1.63992,0,-6.243,-2.772,-4.378,0,-8.793,2.818,13.81,3.659,36.45
79.60,80.87,83.59,1,0.44512,1,|r_qp|,cross-domain,0.0000,1.0000,2712.874,2710,-1.55488,0,-6.243,-2.772,-4.378,0,-8.793,4.205,12.01,0.8855,0.06276
80.00,81.27,83.59,1,15.65804,1,e_rec,cross-domain,0.0000,1.0000,2312.874,2310,13.65804,1,-6.243,-2.772,-4.378,0,-8.793,5.717,12.08,50,50
80.40,81.67,83.59,1,1.37986,1,|r_qp|,cross-domain,0.0000,1.0000,1912.874,1910,-0.62014,0,-6.243,-2.772,-4.378,0,-8.793,4.771,10.44,6.667,48.02
80.80,82.07,83.59,1,0.00725,1,|r_qp|,cross-domain,0.0000,1.0000,1512.874,1510,-1.99275,0,-6.243,-2.772,-4.378,0,-8.793,4.526,10.78,-0.7423,-0.484
81.20,82.47,83.59,1,15.54575,1,e_rec,cross-domain,0.0000,1.0000,1112.874,1110,13.54575,1,-6.243,-2.772,-4.378,0,-8.793,4.731,13.27,50,50
81.60,82.87,83.59,1,1.48774,1,|r_qp|,cross-domain,0.0000,1.0000,712.874,710,-0.51226,0,-6.243,-2.772,-4.378,0,-8.793,4.989,12.71,7.435,48.47
82.00,83.27,83.59,1,0.10791,1,|r_qp|,cross-domain,0.0000,1.0000,312.874,310,-1.89209,0,-6.243,-2.772,-4.378,0,-8.793,5.2,11.62,-0.3377,-0.2401
82.40,83.67,85.99,1,15.43029,1,e_rec,cross-domain,0.0000,0.9375,2311.496,2310,13.55529,1,-6.243,-2.772,-4.378,0,-8.793,4.19,11.61,49.77,50
82.80,84.07,85.99,1,2.00397,1,|r_qp|,cross-domain,0.0000,0.9375,1911.496,1910,0.12897,1,-6.243,-2.772,-4.378,0,-8.793,4.473,9.337,8.679,47.08
83.20,84.47,85.99,1,-0.04309,1,|r_qp|,cross-domain,0.0000,0.9375,1511.496,1510,-1.91809,0,-6.243,-2.772,-4.378,0,-8.793,2.671,10.13,-0.4227,-0.3258
83.60,84.87,85.99,1,15.39870,1,e_rec,cross-domain,0.0000,0.9453,1111.496,1110,13.50808,1,-6.243,-2.772,-4.378,0,-8.793,2.208,12.38,50,50
84.00,85.27,85.99,1,0.71381,1,|r_qp|,cross-domain,0.0000,1.0000,711.496,710,-1.28619,0,-6.243,-2.772,-4.378,0,-8.793,2.946,12.89,4.944,42.38
84.40,85.67,85.99,1,-0.25180,1,|r_qp|,cross-domain,0.0000,1.0000,311.496,310,-2.25180,0,-6.243,-2.772,-4.378,0,-8.793,3.086,11.71,-1.158,-0.1381
84.80,86.07,88.59,1,15.48778,1,e_rec,cross-domain,0.0000,0.9375,2511.645,2510,13.61278,1,-6.243,-2.772,-4.378,0,-8.793,3.649,11.58,50,50
85.20,86.47,88.59,1,0.38062,1,|r_qp|,cross-domain,0.0000,0.9375,2111.645,2110,-1.49438,0,-6.243,-2.772,-4.378,0,-8.793,3.484,7.881,3.826,50
85.60,86.87,88.59,1,0.07811,1,|r_qp|,cross-domain,0.0000,0.9375,1711.645,1710,-1.79689,0,-6.243,-2.772,-4.378,0,-8.793,4.276,8,-0.6639,-0.5632
86.00,87.27,88.59,1,15.61394,1,e_rec,cross-domain,0.0000,0.9453,1311.645,1310,13.72332,1,-6.243,-2.772,-4.378,0,-8.793,4.788,10.51,50,50
86.40,87.67,88.59,1,3.76849,1,e_rec,cross-domain,0.0000,1.0000,911.645,910,1.76849,1,-6.243,-2.772,-4.378,0,-8.793,4.971,12.13,13.96,45.12
86.80,88.07,88.59,1,1.03585,1,|r_qp|,cross-domain,0.0000,1.0000,511.645,510,-0.96415,0,-6.243,-2.772,-4.378,0,-8.793,6.381,11.68,2.341,-0.1489
87.20,88.47,88.59,1,0.27810,1,|r_qp|,cross-domain,0.0000,1.0000,111.645,110,-1.72190,0,-6.243,-2.772,-4.378,0,-8.793,6.398,11.27,1.002,14.57
87.60,88.87,88.88,-1,-0.10520,1,|r_qp|,cross-domain,0.0000,0.7734,3.485,0,-1.65207,0,-6.243,-2.772,-4.378,0,-8.793,5.633,4.324,-1.091,-0.6363
88.00,89.27,89.28,-1,-0.64172,0,|r_qp|,cross-domain,0.0000,0.4609,3.464,0,-1.56359,0,-6.243,-2.772,-4.378,0,-8.793,3.576,3.496,-0.7587,-0.7319
88.40,89.67,89.68,-1,-0.97485,0,|r_qp|,cross-domain,0.0000,0.1484,3.546,0,-1.27173,0,-6.243,-2.772,-4.378,0,-8.793,1.429,4.119,1.336,11.57
88.80,90.07,90.08,-1,-1.42485,0,|r_qp|,cross-domain,0.0000,0.0000,3.495,0,-1.42485,0,-6.243,-2.772,-4.378,0,-8.793,1.745,2.785,-0.2652,-0.6419
89.20,90.47,90.48,-1,-1.57096,0,|r_qp|,cross-domain,0.0000,0.0000,3.405,0,-1.57096,0,-6.243,-2.772,-4.378,0,-8.793,1.902,2.903,-0.7055,-0.7189
89.60,90.87,90.88,-1,-1.72371,0,|r_qp|,cross-domain,0.0000,0.0000,3.495,0,-1.72371,0,-6.243,-2.772,-4.378,0,-8.793,2.004,3.586,0.1087,15.9
90.00,91.27,91.28,-1,-1.48342,0,|r_qp|,cross-domain,0.0000,0.0000,3.537,0,-1.48342,0,-6.243,-2.772,-4.378,0,-8.793,2.182,3.429,-0.3306,-0.1162
90.40,91.67,91.68,-1,-1.46760,0,|r_qp|,cross-domain,0.0000,0.0000,3.593,0,-1.46760,0,-6.243,-2.772,-4.378,0,-8.793,2.702,2.337,-0.5995,-0.8145
90.80,92.07,92.08,-1,-1.27053,0,|r_qp|,cross-domain,0.0000,0.0000,3.481,0,-1.27053,0,-6.243,-2.772,-4.378,0,-8.793,3.119,1.654,0.805,13.42
91.20,92.47,92.48,-1,-1.60799,0,|r_qp|,cross-domain,0.0000,0.0000,3.410,0,-1.60799,0,-6.243,-2.772,-4.378,0,-8.793,2.831,2.369,-1.019,-0.652
91.60,92.87,92.88,-1,-1.70177,0,|r_qp|,cross-domain,0.0000,0.0000,3.484,0,-1.70177,0,-6.243,-2.772,-4.378,0,-8.793,1.62,2.037,-1.24,-0.8103
92.00,93.27,93.28,-1,-1.50295,0,|r_qp|,cross-domain,0.0000,0.0000,3.496,0,-1.50295,0,-6.243,-2.772,-4.378,0,-8.793,0.5039,2.551,0.4757,12.04
92.40,93.67,93.68,-1,-1.57277,0,|r_qp|,cross-domain,0.0000,0.0000,3.524,0,-1.57277,0,-6.243,-2.772,-4.378,0,-8.793,0.341,1.597,-0.7401,-0.05928
92.80,94.07,94.08,-1,-1.60159,0,|r_qp|,cross-domain,0.0000,0.0000,3.506,0,-1.60159,0,-6.243,-2.772,-4.378,0,-8.793,0.9816,1.511,-0.9699,-0.8422
93.20,94.47,94.48,-1,-0.99068,0,|r_qp|,cross-domain,0.0000,0.0000,3.427,0,-0.99068,0,-6.243,-2.772,-4.378,0,-8.793,2.259,2.089,1.765,12.53
93.60,94.87,94.88,-1,-1.08764,0,|r_qp|,cross-domain,0.0000,0.0000,3.464,0,-1.08764,0,-6.243,-2.772,-4.378,0,-8.793,3.468,2.793,0.5931,-0.1324
94.00,95.27,95.28,-1,-1.12128,0,|r_qp|,cross-domain,0.0000,0.0000,3.499,0,-1.12128,0,-6.243,-2.772,-4.378,0,-8.793,4.858,2.783,0.2822,-0.8741
94.40,95.67,95.68,-1,-1.08254,0,|r_qp|,cross-domain,0.0000,0.0000,3.417,0,-1.08254,0,-6.243,-2.772,-4.378,0,-8.793,5.493,3.513,1.39,12.4
94.80,96.07,96.08,-1,-1.48963,0,|r_qp|,cross-domain,0.0000,0.0000,3.502,0,-1.48963,0,-6.243,-2.772,-4.378,0,-8.793,4.924,2.626,-0.8393,-0.5119
95.20,96.47,96.48,-1,-1.54318,0,|r_qp|,cross-domain,0.0000,0.0000,3.484,0,-1.54318,0,-6.243,-2.772,-4.378,0,-8.793,3.492,1.905,-1.003,-0.8734
95.60,96.87,96.88,-1,-1.30857,0,|r_qp|,cross-domain,0.0000,0.0000,3.478,0,-1.30857,0,-6.243,-2.772,-4.378,0,-8.793,2.088,1.987,0.831,12.86
96.00,97.27,97.28,-1,-1.30636,0,|r_qp|,cross-domain,0.0000,0.0000,3.473,0,-1.30636,0,-6.243,-2.772,-4.378,0,-8.793,1.91,1.617,-0.1261,-0.2803
96.40,97.67,97.68,-1,-1.35418,0,|r_qp|,cross-domain,0.0000,0.0000,3.409,0,-1.35418,0,-6.243,-2.772,-4.378,0,-8.793,2.544,1.459,-0.4082,-0.8058
96.80,98.07,98.08,-1,-1.22528,0,|r_qp|,cross-domain,0.0000,0.0000,5.518,0,-1.22528,0,-6.243,-2.772,-4.378,0,-8.793,3.456,2.545,1.27,16.24
97.20,98.47,98.48,-1,-1.32806,0,|r_qp|,cross-domain,0.0000,0.0000,3.436,0,-1.32806,0,-6.243,-2.772,-4.378,0,-8.793,3.939,2.102,-0.2989,0.115
97.60,98.87,98.88,-1,-1.46838,0,|r_qp|,cross-domain,0.0000,0.0000,3.487,0,-1.46838,0,-6.243,-2.772,-4.378,0,-8.793,3.581,1.816,-0.7998,-0.8044
98.00,99.27,99.28,-1,-0.68443,0,|r_qp|,cross-domain,0.0000,0.0000,3.450,0,-0.68443,0,-6.243,-2.772,-4.378,0,-8.793,3.38,1.653,2.368,10.94
98.40,99.67,99.68,-1,-1.39797,0,|r_qp|,cross-domain,0.0000,0.0000,3.403,0,-1.39797,0,-6.243,-2.772,-4.378,0,-8.793,2.675,-0.5488,-0.9132,-0.4233
98.80,100.07,100.08,-1,-1.50093,0,|r_qp|,cross-domain,0.0000,0.0000,3.445,0,-1.50093,0,-6.243,-2.772,-4.378,0,-8.793,2.092,-0.1887,-1.109,-0.7184
99.20,100.47,100.48,-1,-0.47756,0,|r_qp|,cross-domain,0.0000,0.0000,3.412,0,-0.47756,0,-6.243,-2.772,-4.378,0,-8.793,0.9731,0.8042,4.178,26.48
99.60,100.87,100.88,-1,-1.51849,0,|r_qp|,cross-domain,0.0000,0.0000,3.407,0,-1.51849,0,-6.243,-2.772,-4.378,0,-8.793,0.4913,-0.04187,-0.8896,0.2054
100.00,101.27,101.28,-1,-1.50102,0,|r_qp|,cross-domain,0.0000,0.0000,3.462,0,-1.50102,0,-6.243,-2.772,-4.378,0,-8.793,0.4978,-0.1945,-0.9379,-0.8158
100.40,101.67,101.68,-1,-0.35672,0,|r_qp|,cross-domain,0.0000,0.0000,3.610,0,-0.35672,0,-6.243,-2.772,-4.378,0,-8.793,0.9299,0.2001,4.426,26.41
100.80,102.07,102.08,-1,-1.14708,0,|r_qp|,cross-domain,0.0000,0.0000,3.668,0,-1.14708,0,-6.243,-2.772,-4.378,0,-8.793,1.568,-0.01794,0.09896,0.01571
101.20,102.47,102.48,-1,-1.35125,0,|r_qp|,cross-domain,0.0000,0.0000,3.535,0,-1.35125,0,-6.243,-2.772,-4.378,0,-8.793,2.287,0.02843,-0.6202,-0.4519
101.60,102.87,102.88,-1,-0.36134,0,|r_qp|,cross-domain,0.0000,0.0000,3.405,0,-0.36134,0,-6.243,-2.772,-4.378,0,-8.793,3.122,0.2966,4.504,31.02
102.00,103.27,103.28,-1,-1.49157,0,|r_qp|,cross-domain,0.0000,0.0000,3.483,0,-1.49157,0,-6.243,-2.772,-4.378,0,-8.793,3.052,-0.0764,-1.125,-0.1118
102.40,103.67,103.68,-1,-1.55487,0,|r_qp|,cross-domain,0.0000,0.0000,3.372,0,-1.55487,0,-6.243,-2.772,-4.378,0,-8.793,1.672,-0.3811,-1.268,-0.8182
102.80,104.07,104.08,-1,-1.52630,0,|r_qp|,cross-domain,0.0000,0.0000,3.527,0,-1.52630,0,-6.243,-2.772,-4.378,0,-8.793,0.1896,-0.2883,1.489,34.97
103.20,104.47,104.48,-1,-1.58650,0,|r_qp|,cross-domain,0.0000,0.0000,3.411,0,-1.58650,0,-6.243,-2.772,-4.378,0,-8.793,-0.1967,-0.5286,-1.136,-0.162
103.60,104.87,104.88,-1,-1.53965,0,|r_qp|,cross-domain,0.0000,0.0000,3.390,0,-1.53965,0,-6.243,-2.772,-4.378,0,-8.793,0.01845,-0.6241,-1.085,-0.8525
104.00,105.27,105.28,-1,-0.43903,0,|r_qp|,cross-domain,0.0000,0.0000,3.503,0,-0.43903,0,-6.243,-2.772,-4.378,0,-8.793,0.2327,-0.3941,4.216,27.46
104.40,105.67,105.68,-1,-1.57613,0,|r_qp|,cross-domain,0.0000,0.0000,3.328,0,-1.57613,0,-6.243,-2.772,-4.378,0,-8.793,-0.07568,-0.5153,-1.132,-0.4004
104.80,106.07,106.08,-1,-1.58391,0,|r_qp|,cross-domain,0.0000,0.0000,3.463,0,-1.58391,0,-6.243,-2.772,-4.378,0,-8.793,-0.004608,-0.6871,-1.215,-0.6701
105.20,106.47,106.48,-1,0.03192,1,|r_qp|,cross-domain,0.0000,0.0000,3.481,0,0.03192,1,-6.243,-2.772,-4.378,0,-8.793,0.278,-0.4678,5.537,26.34
105.60,106.87,106.88,-1,-1.35244,0,|r_qp|,cross-domain,0.0000,0.0000,3.393,0,-1.35244,0,-6.243,-2.772,-4.378,0,-8.793,0.4454,-0.6767,-0.5479,-0.3938
106.00,107.27,107.28,-1,-1.58313,0,|r_qp|,cross-domain,0.0000,0.0000,3.534,0,-1.58313,0,-6.243,-2.772,-4.378,0,-8.793,0.6831,-0.2427,-1.203,-0.6409
106.40,107.67,107.68,-1,-0.58758,0,|r_qp|,cross-domain,0.0000,0.0000,3.383,0,-0.58758,0,-6.243,-2.772,-4.378,0,-8.793,0.5009,0.2145,3.878,27.79
106.80,108.07,108.08,-1,-1.27187,0,|r_qp|,cross-domain,0.0000,0.0000,3.490,0,-1.27187,0,-6.243,-2.772,-4.378,0,-8.793,0.804,-0.1297,-0.1945,0.2711
107.20,108.47,108.48,-1,-1.32208,0,|r_qp|,cross-domain,0.0000,0.0000,3.430,0,-1.32208,0,-6.243,-2.772,-4.378,0,-8.793,1.635,-0.5846,-0.5902,-0.6466
107.60,108.87,108.88,-1,-0.45271,0,|r_qp|,cross-domain,0.0000,0.0000,3.575,0,-0.45271,0,-6.243,-2.772,-4.378,0,-8.793,2.76,-0.4309,4.385,34.69
108.00,109.27,109.28,-1,-1.06970,0,|r_qp|,cross-domain,0.0000,0.0000,3.500,0,-1.06970,0,-6.243,-2.772,-4.378,0,-8.793,3.415,-0.3847,0.06215,0.1347
108.40,109.67,109.68,-1,-1.13087,0,|r_qp|,cross-domain,0.0000,0.0000,3.356,0,-1.13087,0,-6.243,-2.772,-4.378,0,-8.793,3.676,-0.06407,-0.1529,-0.7725
108.80,110.07,110.08,-1,-1.25955,0,|r_qp|,cross-domain,0.0000,0.0000,3.458,0,-1.25955,0,-6.243,-2.772,-4.378,0,-8.793,3.876,1.047,2.302,37.39
109.20,110.47,110.48,-1,-1.56718,0,|r_qp|,cross-domain,0.0000,0.0000,3.495,0,-1.56718,0,-6.243,-2.772,-4.378,0,-8.793,3.362,1.253,-1.146,-0.3014
109.60,110.87,110.88,-1,-1.62891,0,|r_qp|,cross-domain,0.0000,0.0000,3.439,0,-1.62891,0,-6.243,-2.772,-4.378,0,-8.793,1.222,0.9747,-1.16,-0.5245
110.00,111.27,111.28,-1,-0.25494,1,|r_qp|,cross-domain,0.0000,0.0000,3.485,0,-0.25494,1,-6.243,-2.772,-4.378,0,-8.793,-0.5522,0.6143,5,26.72
110.40,111.67,111.68,-1,-1.22284,0,|r_qp|,cross-domain,0.0000,0.0000,3.421,0,-1.22284,0,-6.243,-2.772,-4.378,0,-8.793,-0.714,0.07618,0.1402,-0.061
110.80,112.07,112.08,-1,-1.42342,0,|r_qp|,cross-domain,0.0000,0.0000,3.448,0,-1.42342,0,-6.243,-2.772,-4.378,0,-8.793,1.015,-0.1536,-0.7452,-0.68
111.20,112.47,112.48,-1,-0.51407,0,|r_qp|,cross-domain,0.0000,0.0000,3.477,0,-0.51407,0,-6.243,-2.772,-4.378,0,-8.793,2.358,-0.2018,3.922,29.39
111.60,112.87,112.88,-1,-0.86365,0,|r_qp|,cross-domain,0.0000,0.0000,3.478,0,-0.86365,0,-6.243,-2.772,-4.378,0,-8.793,2.902,-0.2838,0.792,0.6024
112.00,113.27,113.28,-1,-0.99928,0,|r_qp|,cross-domain,0.0000,0.0000,3.464,0,-0.99928,0,-6.243,-2.772,-4.378,0,-8.793,3.5,-0.3661,0.2025,-0.8107
112.40,113.67,113.68,-1,-0.65154,0,|r_qp|,cross-domain,0.0000,0.0000,3.411,0,-0.65154,0,-6.243,-2.772,-4.378,0,-8.793,3.874,0.02361,3.445,30.32
112.80,114.07,114.08,-1,-1.24368,0,|r_qp|,cross-domain,0.0000,0.0000,3.453,0,-1.24368,0,-6.243,-2.772,-4.378,0,-8.793,3.551,-0.422,-0.5264,-0.474
113.20,114.47,114.48,-1,-1.57576,0,|r_qp|,cross-domain,0.0000,0.0000,3.469,0,-1.57576,0,-6.243,-2.772,-4.378,0,-8.793,1.298,-0.3719,-1.287,-0.8162
113.60,114.87,114.88,-1,-1.41207,0,|r_qp|,cross-domain,0.0000,0.0000,3.491,0,-1.41207,0,-6.243,-2.772,-4.378,0,-8.793,-0.5045,0.007943,1.917,34.24
114.00,115.27,115.28,-1,-1.42069,0,|r_qp|,cross-domain,0.0000,0.0000,3.468,0,-1.42069,0,-6.243,-2.772,-4.378,0,-8.793,-0.9157,0.1839,-0.4196,-0.1688
114.40,115.67,115.68,-1,-1.41676,0,|r_qp|,cross-domain,0.0000,0.0000,3.381,0,-1.41676,0,-6.243,-2.772,-4.378,0,-8.793,0.2419,0.3623,-0.544,-0.7494
114.80,116.07,116.08,-1,-1.90980,0,|r_qp|,cross-domain,0.0000,0.0000,3.442,0,-1.90980,0,-6.243,-2.772,-4.378,0,-8.793,1.046,1.374,0.9305,40.34
115.20,116.47,116.48,-1,-1.54366,0,|r_qp|,cross-domain,0.0000,0.0000,3.434,0,-1.54366,0,-6.243,-2.772,-4.378,0,-8.793,1.274,1.356,-0.7359,0.9147
115.60,116.87,116.88,-1,-1.40050,0,|r_qp|,cross-domain,0.0000,0.0000,3.409,0,-1.40050,0,-6.243,-2.772,-4.378,0,-8.793,1.308,0.9026,-0.5108,-0.7428
116.00,117.27,117.28,-1,0.23147,1,|r_qp|,cross-domain,0.0000,0.0000,3.457,0,0.23147,1,-6.243,-2.772,-4.378,0,-8.793,2.103,0.3333,6.12,26.83
116.40,117.67,117.68,-1,-1.44827,0,|r_qp|,cross-domain,0.0000,0.0000,3.566,0,-1.44827,0,-6.243,-2.772,-4.378,0,-8.793,2.568,-0.05801,-0.9342,-0.07444
116.80,118.07,118.08,-1,-1.51817,0,|r_qp|,cross-domain,0.0000,0.0000,3.572,0,-1.51817,0,-6.243,-2.772,-4.378,0,-8.793,2.285,0.1283,-1.115,-0.6222
117.20,118.47,118.48,-1,-1.34498,0,|r_qp|,cross-domain,0.0000,0.0000,3.547,0,-1.34498,0,-6.243,-2.772,-4.378,0,-8.793,1.254,0.995,2.055,33.43
117.60,118.87,118.88,-1,-1.41800,0,|r_qp|,cross-domain,0.0000,0.0000,3.608,0,-1.41800,0,-6.243,-2.772,-4.378,0,-8.793,0.6777,1.068,-0.3963,0.1868
118.00,119.27,119.28,0,-1.62737,0,|r_qp|,cross-domain,0.0000,0.0000,3.460,0,-1.62737,0,-6.243,-2.772,-4.378,0,-8.793,0.6733,0.6785,-1.171,-0.8245
118.40,119.67,119.68,0,-0.58952,0,|r_qp|,cross-domain,0.0000,0.0000,3.452,0,-0.58952,0,-6.243,-2.772,-4.378,0,-8.793,1.545,0.3453,4.02,31.25
118.80,120.07,120.08,0,-0.82321,0,|r_qp|,cross-domain,0.0000,0.0000,3.470,0,-0.82321,0,-6.243,-2.772,-4.378,0,-8.793,2.523,-0.1008,0.9635,0.1996
119.20,120.47,120.48,0,-1.15223,0,|r_qp|,cross-domain,0.0000,0.0000,3.489,0,-1.15223,0,-6.243,-2.772,-4.378,0,-8.793,3.833,-0.1777,-0.2456,-0.6129
119.60,120.87,120.88,0,-0.75996,0,|r_qp|,cross-domain,0.0000,0.0000,3.464,0,-0.75996,0,-6.243,-2.772,-4.378,0,-8.793,4.6,-0.03496,3.357,35.08
120.00,121.27,121.28,0,-1.32268,0,|r_qp|,cross-domain,0.0000,0.0000,3.462,0,-1.32268,0,-6.243,-2.772,-4.378,0,-8.793,3.857,-0.2764,-0.771,-0.4788
120.40,121.67,121.68,0,-1.48977,0,|r_qp|,cross-domain,0.0000,0.0000,3.462,0,-1.48977,0,-6.243,-2.772,-4.378,0,-8.793,1.599,-0.4799,-1.07,-0.6268
120.80,122.07,122.08,0,-0.91957,0,|r_qp|,cross-domain,0.0000,0.0000,3.466,0,-0.91957,0,-6.243,-2.772,-4.378,0,-8.793,-0.3881,-0.0259,3.262,32.53
121.20,122.47,122.48,0,-1.42321,0,|r_qp|,cross-domain,0.0000,0.0000,3.489,0,-1.42321,0,-6.243,-2.772,-4.378,0,-8.793,-0.759,-0.08426,-0.4746,0.1424
121.60,122.87,122.88,0,-1.46534,0,|r_qp|,cross-domain,0.0000,0.0000,3.427,0,-1.46534,0,-6.243,-2.772,-4.378,0,-8.793,0.7743,-0.1255,-0.8299,-0.5495
122.00,123.27,123.28,0,0.30402,1,|r_qp|,cross-domain,0.0000,0.0000,3.447,0,0.30402,1,-6.243,-2.772,-4.378,0,-8.793,2.656,0.113,6.284,27.56
122.40,123.67,123.68,0,-0.63553,0,|r_qp|,cross-domain,0.0000,0.0000,3.453,0,-0.63553,0,-6.243,-2.772,-4.378,0,-8.793,4.115,-0.1925,1.343,0.3617
122.80,124.07,124.08,0,-0.63404,0,|r_qp|,cross-domain,0.0000,0.0000,3.426,0,-0.63404,0,-6.243,-2.772,-4.378,0,-8.793,5.467,-0.3737,1.08,-0.8068
123.20,124.47,124.48,0,-0.04146,1,|r_qp|,cross-domain,0.0000,0.0000,3.459,0,-0.04146,1,-6.243,-2.772,-4.378,0,-8.793,6.058,-0.01226,4.893,28.35
123.60,124.87,124.88,0,-1.37397,0,|r_qp|,cross-domain,0.0000,0.0000,3.391,0,-1.37397,0,-6.243,-2.772,-4.378,0,-8.793,4.96,-0.3154,-1.052,-0.4024
124.00,125.27,125.28,0,-1.35494,0,|r_qp|,cross-domain,0.0000,0.0000,3.395,0,-1.35494,0,-6.243,-2.772,-4.378,0,-8.793,2.597,0.6584,-0.56,-0.6637
124.40,125.67,125.68,0,-1.44044,0,|r_qp|,cross-domain,0.0000,0.0000,3.424,0,-1.44044,0,-6.243,-2.772,-4.378,0,-8.793,0.6625,2.385,2.25,35.59
124.80,126.07,126.08,0,-1.49945,0,|r_qp|,cross-domain,0.0000,0.0000,3.427,0,-1.49945,0,-6.243,-2.772,-4.378,0,-8.793,0.4762,3.314,-0.2103,-0.1326
125.20,126.47,126.48,0,-1.52867,0,|r_qp|,cross-domain,0.0000,0.0000,3.479,0,-1.52867,0,-6.243,-2.772,-4.378,0,-8.793,1.495,4.409,-0.2467,-0.7645
125.60,126.87,126.88,0,-2.23086,0,|r_qp|,cross-domain,0.0000,0.0000,3.394,0,-2.23086,0,-6.243,-2.772,-4.378,0,-8.793,2.424,5.449,0.995,46.17
126.00,127.27,127.28,0,-1.24402,0,|r_qp|,cross-domain,0.0000,0.0000,3.540,0,-1.24402,0,-6.243,-2.772,-4.378,0,-8.793,2.837,5.294,0.7131,0.4443
126.40,127.67,127.68,0,-1.32366,0,|r_qp|,cross-domain,0.0000,0.0000,3.472,0,-1.32366,0,-6.243,-2.772,-4.378,0,-8.793,3.44,4.939,0.2528,-0.7743
126.80,128.07,128.08,0,-1.13491,0,|r_qp|,cross-domain,0.0000,0.0000,3.477,0,-1.13491,0,-6.243,-2.772,-4.378,0,-8.793,4.2,4.458,3.17,35.59
127.20,128.47,128.48,0,-1.57882,0,|r_qp|,cross-domain,0.0000,0.0000,3.691,0,-1.57882,0,-6.243,-2.772,-4.378,0,-8.793,4.288,3.962,-0.7654,-0.3031
127.60,128.87,128.88,0,-1.64951,0,|r_qp|,cross-domain,0.0000,0.0000,3.537,0,-1.64951,0,-6.243,-2.772,-4.378,0,-8.793,2.852,2.728,-1.084,-0.7513
128.00,129.27,129.28,0,-0.50930,0,|r_qp|,cross-domain,0.0000,0.0000,3.461,0,-0.50930,0,-6.243,-2.772,-4.378,0,-8.793,1.694,0.9754,4.58,34.33
128.40,129.67,129.68,0,-1.02991,0,|r_qp|,cross-domain,0.0000,0.0000,3.441,0,-1.02991,0,-6.243,-2.772,-4.378,0,-8.793,1.663,-0.2051,0.4182,0.2039
128.80,130.07,130.08,0,-0.96575,0,|r_qp|,cross-domain,0.0000,0.0000,3.443,0,-0.96575,0,-6.243,-2.772,-4.378,0,-8.793,3.22,1.258,0.6541,-0.6987
129.20,130.47,130.48,0,-1.70081,0,|r_qp|,cross-domain,0.0000,0.0000,3.415,0,-1.70081,0,-6.243,-2.772,-4.378,0,-8.793,4.475,3.52,1.413,37.85
129.60,130.87,130.88,0,-1.52267,0,|r_qp|,cross-domain,0.0000,0.0000,3.376,0,-1.52267,0,-6.243,-2.772,-4.378,0,-8.793,4.129,4.92,-0.3878,-0.203
130.00,131.27,131.28,0,-1.50355,0,|r_qp|,cross-domain,0.0000,0.0000,3.482,0,-1.50355,0,-6.243,-2.772,-4.378,0,-8.793,3.298,4.92,-0.2736,-0.7333
130.40,131.67,131.68,0,-2.28246,0,|r_qp|,cross-domain,0.0000,0.0000,3.453,0,-2.28246,0,-6.243,-2.772,-4.378,0,-8.793,2.332,4.771,0.4857,42.79
130.80,132.07,132.08,0,-1.70757,0,|r_qp|,cross-domain,0.0000,0.0000,3.495,0,-1.70757,0,-6.243,-2.772,-4.378,0,-8.793,2.099,3.796,-0.9342,-0.2369
131.20,132.47,132.48,0,-1.49306,0,|r_qp|,cross-domain,0.0000,0.0000,3.399,0,-1.49306,0,-6.243,-2.772,-4.378,0,-8.793,1.507,2.397,-0.5178,-0.6371
131.60,132.87,132.88,0,-1.81823,0,|r_qp|,cross-domain,0.0000,0.0000,3.452,0,-1.81823,0,-6.243,-2.772,-4.378,0,-8.793,0.8474,1.013,1.325,42.73
132.00,133.27,133.28,0,-1.49519,0,|r_qp|,cross-domain,0.0000,0.0000,3.438,0,-1.49519,0,-6.243,-2.772,-4.378,0,-8.793,0.7569,0.2319,-0.8133,-0.03214
132.40,133.67,133.68,0,-1.57188,0,|r_qp|,cross-domain,0.0000,0.0000,3.427,0,-1.57188,0,-6.243,-2.772,-4.378,0,-8.793,0.7223,0.07244,-1.106,-0.5361
132.80,134.07,134.08,0,-1.13745,0,|r_qp|,cross-domain,0.0000,0.0000,3.486,0,-1.13745,0,-6.243,-2.772,-4.378,0,-8.793,1.319,0.09156,2.489,33.29
133.20,134.47,134.48,0,-0.95283,0,|r_qp|,cross-domain,0.0000,0.0000,3.409,0,-0.95283,0,-6.243,-2.772,-4.378,0,-8.793,2.005,0.1866,0.6956,0.3286
133.60,134.87,134.88,0,-1.02381,0,|r_qp|,cross-domain,0.0000,0.0000,3.421,0,-1.02381,0,-6.243,-2.772,-4.378,0,-8.793,3.6,1.22,0.4369,-0.5921
134.00,135.27,135.28,0,-1.38298,0,|r_qp|,cross-domain,0.0000,0.0000,3.468,0,-1.38298,0,-6.243,-2.772,-4.378,0,-8.793,4.954,2.631,2.395,41.45
134.40,135.67,135.68,0,-1.50488,0,|r_qp|,cross-domain,0.0000,0.0000,3.406,0,-1.50488,0,-6.243,-2.772,-4.378,0,-8.793,4.677,3.061,-0.7817,-0.6253
134.80,136.07,136.08,0,-1.75848,0,|r_qp|,cross-domain,0.0000,0.0000,3.669,0,-1.75848,0,-6.243,-2.772,-4.378,0,-8.793,2.176,2.286,-1.412,-0.6222
135.20,136.47,136.48,0,-0.85551,0,|r_qp|,cross-domain,0.0000,0.0000,3.447,0,-0.85551,0,-6.243,-2.772,-4.378,0,-8.793,-0.1325,1.394,3.377,27.92
135.60,136.87,136.88,0,-1.60393,0,|r_qp|,cross-domain,0.0000,0.0000,3.439,0,-1.60393,0,-6.243,-2.772,-4.378,0,-8.793,-1.074,0.1134,-0.9504,0.07019
136.00,137.27,137.28,0,-1.62112,0,|r_qp|,cross-domain,0.0000,0.0000,3.787,0,-1.62112,0,-6.243,-2.772,-4.378,0,-8.793,-0.2047,0.01618,-1.183,-0.859
136.40,137.67,137.68,0,-1.65259,0,|r_qp|,cross-domain,0.0000,0.0000,3.982,0,-1.65259,0,-6.243,-2.772,-4.378,0,-8.793,0.4753,0.3029,1.4,37.99
136.80,138.07,138.08,0,-0.99880,0,|r_qp|,cross-domain,0.0000,0.0000,4.002,0,-0.99880,0,-6.243,-2.772,-4.378,0,-8.793,1.203,0.004378,0.6246,0.5046
137.20,138.47,138.48,0,-1.08106,0,|r_qp|,cross-domain,0.0000,0.0000,4.068,0,-1.08106,0,-6.243,-2.772,-4.378,0,-8.793,2.471,-0.2605,0.09121,-0.826
137.60,138.87,138.88,0,-0.94068,0,|r_qp|,cross-domain,0.0000,0.0000,3.930,0,-0.94068,0,-6.243,-2.772,-4.378,0,-8.793,4.355,-0.3162,3.113,39.78
138.00,139.27,139.28,0,-1.11389,0,|r_qp|,cross-domain,0.0000,0.0000,3.908,0,-1.11389,0,-6.243,-2.772,-4.378,0,-8.793,5.383,-0.2248,-0.2908,-0.2853
138.40,139.67,139.68,0,-0.97709,0,|r_qp|,cross-domain,0.0000,0.0000,3.711,0,-0.97709,0,-6.243,-2.772,-4.378,0,-8.793,4.924,1.317,0.4487,-0.5717
138.80,140.07,140.08,0,-1.12116,0,|r_qp|,cross-domain,0.0000,0.0000,3.688,0,-1.12116,0,-6.243,-2.772,-4.378,0,-8.793,3.628,3.502,3.063,35.17
139.20,140.47,140.48,0,-1.52134,0,|r_qp|,cross-domain,0.0000,0.0000,3.650,0,-1.52134,0,-6.243,-2.772,-4.378,0,-8.793,2.531,4.529,-0.2714,-0.09183
139.60,140.87,140.88,0,-1.56864,0,|r_qp|,cross-domain,0.0000,0.0000,3.593,0,-1.56864,0,-6.243,-2.772,-4.378,0,-8.793,2.199,4.491,-0.4345,-0.8227
140.00,141.27,141.28,0,-1.80304,0,|r_qp|,cross-domain,0.0000,0.0000,3.464,0,-1.80304,0,-6.243,-2.772,-4.378,0,-8.793,2.212,4.944,2.009,43.27
140.40,141.67,141.68,0,-1.35440,0,|r_qp|,cross-domain,0.0000,0.0000,2.863,0,-1.35440,0,-6.243,-2.772,-4.378,0,-8.793,2.55,4.355,0.2191,0.2418
140.80,142.07,142.08,0,-1.38897,0,|r_qp|,cross-domain,0.0000,0.0000,4.038,0,-1.38897,0,-6.243,-2.772,-4.378,0,-8.793,3.321,3.112,-0.2724,-0.6523
141.20,142.47,142.48,0,-0.04744,1,|r_qp|,cross-domain,0.0000,0.0000,3.788,0,-0.04744,1,-6.243,-2.772,-4.378,0,-8.793,3.759,1.387,5.371,27.91
141.60,142.87,142.88,0,-1.35827,0,|r_qp|,cross-domain,0.0000,0.0000,3.950,0,-1.35827,0,-6.243,-2.772,-4.378,0,-8.793,3.483,-0.1588,-0.7867,-0.09167
142.00,143.27,143.28,0,-1.46302,0,|r_qp|,cross-domain,0.0000,0.0000,3.746,0,-1.46302,0,-6.243,-2.772,-4.378,0,-8.793,1.931,-0.05106,-0.9582,-0.8307
142.40,143.67,143.68,0,-1.32442,0,|r_qp|,cross-domain,0.0000,0.0000,3.553,0,-1.32442,0,-6.243,-2.772,-4.378,0,-8.793,0.6611,0.09474,2.022,33.6
142.80,144.07,144.08,0,-1.21282,0,|r_qp|,cross-domain,0.0000,0.0000,3.601,0,-1.21282,0,-6.243,-2.772,-4.378,0,-8.793,0.623,-0.1071,-0.0198,-0.1281
143.20,144.47,144.48,0,-1.45569,0,|r_qp|,cross-domain,0.0000,0.0000,3.526,0,-1.45569,0,-6.243,-2.772,-4.378,0,-8.793,1.37,-0.1813,-0.8889,-0.6993
143.60,144.87,144.88,0,-1.18026,0,|r_qp|,cross-domain,0.0000,0.0000,3.456,0,-1.18026,0,-6.243,-2.772,-4.378,0,-8.793,2.521,0.1467,2.474,36.72
144.00,145.27,145.28,0,-0.89046,0,|r_qp|,cross-domain,0.0000,0.0000,3.619,0,-0.89046,0,-6.243,-2.772,-4.378,0,-8.793,3.01,0.4263,0.8087,0.2187
144.40,145.67,145.68,0,-1.06907,0,|r_qp|,cross-domain,0.0000,0.0000,3.478,0,-1.06907,0,-6.243,-2.772,-4.378,0,-8.793,4.095,1.507,0.2844,-0.8172
144.80,146.07,146.08,0,-0.84103,0,|r_qp|,cross-domain,0.0000,0.0000,3.485,0,-0.84103,0,-6.243,-2.772,-4.378,0,-8.793,5.065,3.096,3.645,34.86
145.20,146.47,146.48,0,-1.43053,0,|r_qp|,cross-domain,0.0000,0.0000,3.569,0,-1.43053,0,-6.243,-2.772,-4.378,0,-8.793,5.135,3.231,-0.5514,-0.2593
145.60,146.87,146.88,0,-1.36266,0,|r_qp|,cross-domain,0.0000,0.0000,3.480,0,-1.36266,0,-6.243,-2.772,-4.378,0,-8.793,4.117,3.358,-0.2364,-0.6652
146.00,147.27,147.28,0,-2.14538,0,|r_qp|,cross-domain,0.0000,0.0000,3.664,0,-2.14538,0,-6.243,-2.772,-4.378,0,-8.793,2.531,3.119,0.6558,44.19
146.40,147.67,147.68,0,-1.64349,0,|r_qp|,cross-domain,0.0000,0.0000,3.554,0,-1.64349,0,-6.243,-2.772,-4.378,0,-8.793,1.66,2.966,-0.8297,0.07109
146.80,148.07,148.08,0,-1.67297,0,|r_qp|,cross-domain,0.0000,0.0000,3.597,0,-1.67297,0,-6.243,-2.772,-4.378,0,-8.793,1.244,2.12,-1.091,-0.7498
147.20,148.47,148.48,0,0.15099,1,|r_qp|,cross-domain,0.0000,0.0000,3.468,0,0.15099,1,-6.243,-2.772,-4.378,0,-8.793,1.692,1.249,6.103,26.88
147.60,148.87,148.88,0,-0.99629,0,|r_qp|,cross-domain,0.0000,0.0000,3.577,0,-0.99629,0,-6.243,-2.772,-4.378,0,-8.793,2.428,-0.02757,0.4663,0.1868
148.00,149.27,149.28,0,-1.05142,0,|r_qp|,cross-domain,0.0000,0.0000,3.611,0,-1.05142,0,-6.243,-2.772,-4.378,0,-8.793,3.606,-0.0923,0.09258,-0.717
148.40,149.67,149.68,0,-1.09551,0,|r_qp|,cross-domain,0.0000,0.0000,3.443,0,-1.09551,0,-6.243,-2.772,-4.378,0,-8.793,4.225,0.07307,2.398,34.91
148.80,150.07,150.08,0,-1.17510,0,|r_qp|,cross-domain,0.0000,0.0000,3.684,0,-1.17510,0,-6.243,-2.772,-4.378,0,-8.793,3.616,-0.1864,-0.2715,-0.3209
149.20,150.47,150.48,0,-1.50107,0,|r_qp|,cross-domain,0.0000,0.0000,3.591,0,-1.50107,0,-6.243,-2.772,-4.378,0,-8.793,2.158,-0.09833,-1.084,-0.5013
149.60,150.87,150.88,0,-1.98250,0,|r_qp|,cross-domain,0.0000,0.0000,3.495,0,-1.98250,0,-6.243,-2.772,-4.378,0,-8.793,0.8135,0.05623,0.5439,41.19
150.00,151.27,151.28,0,-1.38113,0,|r_qp|,cross-domain,0.0000,0.0000,4.082,0,-1.38113,0,-6.243,-2.772,-4.378,0,-8.793,0.4687,0.2497,-0.4501,-0.2624
150.40,151.67,151.68,0,-1.62632,0,|r_qp|,cross-domain,0.0000,0.0000,3.750,0,-1.62632,0,-6.243,-2.772,-4.378,0,-8.793,0.3195,0.061,-1.24,-0.7282
150.80,152.07,152.08,0,-0.57096,0,|r_qp|,cross-domain,0.0000,0.0000,3.500,0,-0.57096,0,-6.243,-2.772,-4.378,0,-8.793,1.322,0.1832,4.168,32.66
151.20,152.47,152.48,0,-0.60864,0,|r_qp|,cross-domain,0.0000,0.0000,3.624,0,-0.60864,0,-6.243,-2.772,-4.378,0,-8.793,2.464,-0.07792,1.618,0.1695
151.60,152.87,152.88,0,-0.73976,0,|r_qp|,cross-domain,0.0000,0.0000,3.458,0,-0.73976,0,-6.243,-2.772,-4.378,0,-8.793,4.519,-0.1483,0.9159,-0.7395
152.00,153.27,153.28,0,-0.74180,0,|r_qp|,cross-domain,0.0000,0.0000,3.499,0,-0.74180,0,-6.243,-2.772,-4.378,0,-8.793,5.377,-0.007262,3.31,34.81
152.40,153.67,153.68,0,-1.17090,0,|r_qp|,cross-domain,0.0000,0.0000,3.409,0,-1.17090,0,-6.243,-2.772,-4.378,0,-8.793,4.623,-0.2725,-0.3804,-0.2044
152.80,154.07,154.08,0,-1.30937,0,|r_qp|,cross-domain,0.0000,0.0000,3.435,0,-1.30937,0,-6.243,-2.772,-4.378,0,-8.793,2.714,0.2993,-0.5026,-0.6311
153.20,154.47,154.48,0,-0.91805,0,|r_qp|,cross-domain,0.0000,0.0000,3.437,0,-0.91805,0,-6.243,-2.772,-4.378,0,-8.793,0.8758,1.917,3.37,30.71
153.60,154.87,154.88,0,-1.46310,0,|r_qp|,cross-domain,0.0000,0.0000,3.379,0,-1.46310,0,-6.243,-2.772,-4.378,0,-8.793,0.3564,2.764,-0.185,-0.01783
154.00,155.27,155.28,0,-1.71995,0,|r_qp|,cross-domain,0.0000,0.0000,3.446,0,-1.71995,0,-6.243,-2.772,-4.378,0,-8.793,0.4964,1.99,-1.169,-0.6897
154.40,155.67,155.68,0,-1.10278,0,|r_qp|,cross-domain,0.0000,0.0000,3.442,0,-1.10278,0,-6.243,-2.772,-4.378,0,-8.793,1.435,0.9335,3.014,37.2
154.80,156.07,156.08,0,-0.58580,0,|r_qp|,cross-domain,0.0000,0.0000,3.463,0,-0.58580,0,-6.243,-2.772,-4.378,0,-8.793,2.682,-0.1629,1.659,0.3559
155.20,156.47,156.48,0,-0.88083,0,|r_qp|,cross-domain,0.0000,0.0000,3.442,0,-0.88083,0,-6.243,-2.772,-4.378,0,-8.793,4.377,-0.4481,0.4619,-0.5634
155.60,156.87,156.88,0,-0.48305,0,|r_qp|,cross-domain,0.0000,0.0000,3.507,0,-0.48305,0,-6.243,-2.772,-4.378,0,-8.793,5.23,-0.1624,3.848,31.53
156.00,157.27,157.28,0,-1.42486,0,|r_qp|,cross-domain,0.0000,0.0000,3.443,0,-1.42486,0,-6.243,-2.772,-4.378,0,-8.793,4.449,-0.2226,-1.115,-0.1914
156.40,157.67,157.68,0,-1.58417,0,|r_qp|,cross-domain,0.0000,0.0000,3.481,0,-1.58417,0,-6.243,-2.772,-4.378,0,-8.793,2.158,-0.278,-1.386,-0.7408
156.80,158.07,158.08,0,-0.71908,0,|r_qp|,cross-domain,0.0000,0.0000,3.433,0,-0.71908,0,-6.243,-2.772,-4.378,0,-8.793,0.4473,0.1013,3.567,29.24
157.20,158.47,158.48,0,-1.17434,0,|r_qp|,cross-domain,0.0000,0.0000,3.622,0,-1.17434,0,-6.243,-2.772,-4.378,0,-8.793,0.4145,-0.2774,0.09386,-0.02662
157.60,158.87,158.88,0,-1.24425,0,|r_qp|,cross-domain,0.0000,0.0000,3.570,0,-1.24425,0,-6.243,-2.772,-4.378,0,-8.793,1.692,-0.1013,-0.2693,-0.6436
158.00,159.27,159.28,0,-0.93792,0,|r_qp|,cross-domain,0.0000,0.0000,3.624,0,-0.93792,0,-6.243,-2.772,-4.378,0,-8.793,3.283,0.08926,3.153,37.38
158.40,159.67,159.68,0,-1.03618,0,|r_qp|,cross-domain,0.0000,0.0000,3.554,0,-1.03618,0,-6.243,-2.772,-4.378,0,-8.793,4.151,-0.09374,0.1386,0.171
158.80,160.07,160.08,0,-0.98924,0,|r_qp|,cross-domain,0.0000,0.0000,3.614,0,-0.98924,0,-6.243,-2.772,-4.378,0,-8.793,4.699,-0.4487,0.09721,-0.592
159.20,160.47,160.48,0,-0.46424,0,|r_qp|,cross-domain,0.0000,0.0000,3.570,0,-0.46424,0,-6.243,-2.772,-4.378,0,-8.793,4.708,-0.007959,3.791,28.62
159.60,160.87,160.88,0,-1.39413,0,|r_qp|,cross-domain,0.0000,0.0000,4.008,0,-1.39413,0,-6.243,-2.772,-4.378,0,-8.793,3.864,-0.3122,-0.9774,-0.2432
160.00,161.27,161.28,0,-1.45831,0,|r_qp|,cross-domain,0.0000,0.0000,3.522,0,-1.45831,0,-6.243,-2.772,-4.378,0,-8.793,2.591,-0.2692,-1.043,-0.577
160.40,161.67,161.68,0,-0.79467,0,|r_qp|,cross-domain,0.0000,0.0000,3.558,0,-0.79467,0,-6.243,-2.772,-4.378,0,-8.793,1.555,-0.05047,3.594,35.12
160.80,162.07,162.08,0,-1.25514,0,|r_qp|,cross-domain,0.0000,0.0000,3.447,0,-1.25514,0,-6.243,-2.772,-4.378,0,-8.793,1.589,-0.3248,-0.289,-0.005336
161.20,162.47,162.48,0,-1.21634,0,|r_qp|,cross-domain,0.0000,0.0000,3.453,0,-1.21634,0,-6.243,-2.772,-4.378,0,-8.793,2.435,-0.4049,-0.3323,-0.7196
161.60,162.87,162.88,0,-0.65701,0,|r_qp|,cross-domain,0.0000,0.0000,3.458,0,-0.65701,0,-6.243,-2.772,-4.378,0,-8.793,3.408,-0.1491,3.555,31.86
162.00,163.27,163.28,0,-0.63434,0,|r_qp|,cross-domain,0.0000,0.0000,3.460,0,-0.63434,0,-6.243,-2.772,-4.378,0,-8.793,4.236,-0.4892,1.279,0.4001
162.40,163.67,163.68,0,-0.70581,0,|r_qp|,cross-domain,0.0000,0.0000,3.438,0,-0.70581,0,-6.243,-2.772,-4.378,0,-8.793,5.307,-0.4545,0.8746,-0.6848
162.80,164.07,164.08,0,-0.32324,0,|r_qp|,cross-domain,0.0000,0.0000,3.842,0,-0.32324,0,-6.243,-2.772,-4.378,0,-8.793,5.762,-0.08859,4.101,28.9
163.20,164.47,164.48,0,-1.33120,0,|r_qp|,cross-domain,0.0000,0.0000,3.602,0,-1.33120,0,-6.243,-2.772,-4.378,0,-8.793,4.856,-0.2087,-0.8912,-0.4091
163.60,164.87,164.88,0,-1.55574,0,|r_qp|,cross-domain,0.0000,0.0000,3.373,0,-1.55574,0,-6.243,-2.772,-4.378,0,-8.793,2.344,-0.1479,-1.285,-0.5743
164.00,165.27,165.28,0,-2.08943,0,|r_qp|,cross-domain,0.0000,0.0000,3.500,0,-2.08943,0,-6.243,-2.772,-4.378,0,-8.793,0.06756,-0.2662,0.3046,42.07
164.40,165.67,165.68,0,-1.57139,0,|r_qp|,cross-domain,0.0000,0.0000,3.716,0,-1.57139,0,-6.243,-2.772,-4.378,0,-8.793,-0.5836,-0.3776,-0.967,0.5702
164.80,166.07,166.08,0,-1.62931,0,|r_qp|,cross-domain,0.0000,0.0000,3.522,0,-1.62931,0,-6.243,-2.772,-4.378,0,-8.793,-0.8083,-0.7082,-1.275,-0.805
165.20,166.47,166.48,0,-0.08787,1,|r_qp|,cross-domain,0.0000,0.0000,3.759,0,-0.08787,1,-6.243,-2.772,-4.378,0,-8.793,0.07012,-0.4628,5.231,26.78
165.60,166.87,166.88,0,-0.77078,0,|r_qp|,cross-domain,0.0000,0.0000,3.357,0,-0.77078,0,-6.243,-2.772,-4.378,0,-8.793,1.021,-0.4678,1.223,0.2392
166.00,167.27,167.28,0,-0.89804,0,|r_qp|,cross-domain,0.0000,0.0000,3.538,0,-0.89804,0,-6.243,-2.772,-4.378,0,-8.793,3.295,-0.2744,0.5548,-0.7124
166.40,167.67,167.68,0,-0.96303,0,|r_qp|,cross-domain,0.0000,0.0000,3.887,0,-0.96303,0,-6.243,-2.772,-4.378,0,-8.793,4.66,0.2787,2.741,34.25
166.80,168.07,168.08,0,-1.46704,0,|r_qp|,cross-domain,0.0000,0.0000,3.635,0,-1.46704,0,-6.243,-2.772,-4.378,0,-8.793,4.133,-0.03092,-1.163,-0.09007
167.20,168.47,168.48,0,-1.56782,0,|r_qp|,cross-domain,0.0000,0.0000,3.667,0,-1.56782,0,-6.243,-2.772,-4.378,0,-8.793,1.646,-0.4731,-1.324,-0.8483
167.60,168.87,168.88,0,-0.26018,1,|r_qp|,cross-domain,0.0000,0.0000,3.363,0,-0.26018,1,-6.243,-2.772,-4.378,0,-8.793,-0.5088,-0.3162,4.65,24.54
168.00,169.27,169.28,0,-1.49556,0,|r_qp|,cross-domain,0.0000,0.0000,3.566,0,-1.49556,0,-6.243,-2.772,-4.378,0,-8.793,-0.9655,-0.3901,-0.7659,-0.4049
168.40,169.67,169.68,0,-1.59444,0,|r_qp|,cross-domain,0.0000,0.0000,3.872,0,-1.59444,0,-6.243,-2.772,-4.378,0,-8.793,-0.2196,-0.3501,-1.163,-0.7393
168.80,170.07,170.08,0,-1.44356,0,|r_qp|,cross-domain,0.0000,0.0000,3.611,0,-1.44356,0,-6.243,-2.772,-4.378,0,-8.793,1.029,-0.1796,1.638,34.59
169.20,170.47,170.48,0,-1.31413,0,|r_qp|,cross-domain,0.0000,0.0000,3.551,0,-1.31413,0,-6.243,-2.772,-4.378,0,-8.793,1.692,-0.3828,-0.459,0.4312
169.60,170.87,170.88,0,-1.31104,0,|r_qp|,cross-domain,0.0000,0.0000,3.662,0,-1.31104,0,-6.243,-2.772,-4.378,0,-8.793,2.541,-0.728,-0.703,-0.888
170.00,171.27,171.28,0,-0.08964,1,|r_qp|,cross-domain,0.0000,0.0000,3.730,0,-0.08964,1,-6.243,-2.772,-4.378,0,-8.793,2.988,-0.4219,4.955,27.49
170.40,171.67,171.68,0,-1.45054,0,|r_qp|,cross-domain,0.0000,0.0000,3.502,0,-1.45054,0,-6.243,-2.772,-4.378,0,-8.793,2.575,-0.6193,-1.069,-0.3498
170.80,172.07,172.08,0,-1.45710,0,|r_qp|,cross-domain,0.0000,0.0000,3.228,0,-1.45710,0,-6.243,-2.772,-4.378,0,-8.793,1.479,-0.5447,-0.9846,-0.834
171.20,172.47,172.48,0,-0.08961,1,|r_qp|,cross-domain,0.0000,0.0000,3.436,0,-0.08961,1,-6.243,-2.772,-4.378,0,-8.793,0.227,-0.1938,5.156,25.3
171.60,172.87,172.88,0,-1.41559,0,|r_qp|,cross-domain,0.0000,0.0000,3.628,0,-1.41559,0,-6.243,-2.772,-4.378,0,-8.793,-0.1166,-0.4997,-0.5882,0.3642
172.00,173.27,173.28,0,-1.48234,0,|r_qp|,cross-domain,0.0000,0.0000,3.657,0,-1.48234,0,-6.243,-2.772,-4.378,0,-8.793,0.6368,-0.6381,-0.984,-0.8384
172.40,173.67,173.68,0,-0.80141,0,|r_qp|,cross-domain,0.0000,0.0000,3.555,0,-0.80141,0,-6.243,-2.772,-4.378,0,-8.793,1.585,-0.36,3.371,33.1
172.80,174.07,174.08,0,-1.15194,0,|r_qp|,cross-domain,0.0000,0.0000,3.500,0,-1.15194,0,-6.243,-2.772,-4.378,0,-8.793,2.383,-0.5094,-0.01267,1.296
173.20,174.47,174.48,0,-1.31942,0,|r_qp|,cross-domain,0.0000,0.0000,3.500,0,-1.31942,0,-6.243,-2.772,-4.378,0,-8.793,2.792,-0.3512,-0.6801,-0.829
173.60,174.87,174.88,0,0.72107,1,|r_qp|,cross-domain,0.0000,0.0000,3.385,0,0.72107,1,-6.243,-2.772,-4.378,0,-8.793,3.499,0.02867,7.246,24.92
174.00,175.27,175.28,0,-1.45768,0,|r_qp|,cross-domain,0.0000,0.0000,3.456,0,-1.45768,0,-6.243,-2.772,-4.378,0,-8.793,3.394,-0.1247,-1.08,-0.2409
174.40,175.67,175.68,0,-1.56558,0,|r_qp|,cross-domain,0.0000,0.0000,3.414,0,-1.56558,0,-6.243,-2.772,-4.378,0,-8.793,2.223,-0.1385,-1.301,-0.6021
174.80,176.07,176.08,0,-0.78692,0,|r_qp|,cross-domain,0.0000,0.0000,3.431,0,-0.78692,0,-6.243,-2.772,-4.378,0,-8.793,1.218,0.3229,3.356,29.77
175.20,176.47,176.48,0,-1.14850,0,|r_qp|,cross-domain,0.0000,0.0000,3.721,0,-1.14850,0,-6.243,-2.772,-4.378,0,-8.793,0.8568,0.1094,0.205,0.1012
175.60,176.87,176.88,0,-1.30880,0,|r_qp|,cross-domain,0.0000,0.0000,3.524,0,-1.30880,0,-6.243,-2.772,-4.378,0,-8.793,1.897,0.01563,-0.4789,-0.8539
176.00,177.27,177.28,0,-1.24521,0,|r_qp|,cross-domain,0.0000,0.0000,3.673,0,-1.24521,0,-6.243,-2.772,-4.378,0,-8.793,2.697,0.2502,2.209,35.73
176.40,177.67,177.68,0,-1.08707,0,|r_qp|,cross-domain,0.0000,0.0000,3.666,0,-1.08707,0,-6.243,-2.772,-4.378,0,-8.793,3.209,-0.3031,0.08177,0.6108
176.80,178.07,178.08,0,-1.12792,0,|r_qp|,cross-domain,0.0000,0.0000,3.555,0,-1.12792,0,-6.243,-2.772,-4.378,0,-8.793,3.643,-0.6414,-0.2574,-0.8639
177.20,178.47,178.48,0,0.05442,1,|r_qp|,cross-domain,0.0000,0.0000,3.564,0,0.05442,1,-6.243,-2.772,-4.378,0,-8.793,3.927,-0.6197,5.054,24.75
177.60,178.87,178.88,0,-1.42396,0,|r_qp|,cross-domain,0.0000,0.0000,3.560,0,-1.42396,0,-6.243,-2.772,-4.378,0,-8.793,3.351,-0.71,-1.071,-0.0249
178.00,179.27,179.28,0,-1.50820,0,|r_qp|,cross-domain,0.0000,0.0000,3.576,0,-1.50820,0,-6.243,-2.772,-4.378,0,-8.793,1.663,-0.7706,-1.202,-0.8218
178.40,179.67,179.68,0,-0.79279,0,|r_qp|,cross-domain,0.0000,0.0000,3.577,0,-0.79279,0,-6.243,-2.772,-4.378,0,-8.793,0.01375,-0.464,3.302,29.47
178.80,180.07,180.08,0,-1.50087,0,|r_qp|,cross-domain,0.0000,0.0000,3.556,0,-1.50087,0,-6.243,-2.772,-4.378,0,-8.793,-0.2698,-0.6957,-0.8781,0.1805
179.20,180.47,180.48,0,-1.48471,0,|r_qp|,cross-domain,0.0000,0.0000,3.496,0,-1.48471,0,-6.243,-2.772,-4.378,0,-8.793,0.356,-0.5532,-0.9417,-0.8161
179.60,180.87,180.88,0,-0.21239,1,|r_qp|,cross-domain,0.0000,0.0000,3.547,0,-0.21239,1,-6.243,-2.772,-4.378,0,-8.793,1.432,0.07402,4.863,27.61
180.00,181.27,181.28,0,-1.24440,0,|r_qp|,cross-domain,0.0000,0.0000,3.482,0,-1.24440,0,-6.243,-2.772,-4.378,0,-8.793,2.043,-0.1125,-0.2232,0.626
180.40,181.67,181.68,0,-1.23201,0,|r_qp|,cross-domain,0.0000,0.0000,3.481,0,-1.23201,0,-6.243,-2.772,-4.378,0,-8.793,2.819,-0.3517,-0.4246,-0.8944
180.80,182.07,182.08,0,0.02321,1,|r_qp|,cross-domain,0.0000,0.0000,3.421,0,0.02321,1,-6.243,-2.772,-4.378,0,-8.793,3.295,-0.2356,5.25,26.84
181.20,182.47,182.48,0,-1.37811,0,|r_qp|,cross-domain,0.0000,0.0000,3.420,0,-1.37811,0,-6.243,-2.772,-4.378,0,-8.793,3.1,-0.4019,-0.8315,0.1756
181.60,182.87,182.88,0,-1.43464,0,|r_qp|,cross-domain,0.0000,0.0000,3.691,0,-1.43464,0,-6.243,-2.772,-4.378,0,-8.793,2.284,-0.3065,-0.9631,-0.8539
182.00,183.27,183.28,0,-1.08578,0,|r_qp|,cross-domain,0.0000,0.0000,3.807,0,-1.08578,0,-6.243,-2.772,-4.378,0,-8.793,1.348,0.08918,2.599,32.69
182.40,183.67,183.68,0,-1.47963,0,|r_qp|,cross-domain,0.0000,0.0000,3.566,0,-1.47963,0,-6.243,-2.772,-4.378,0,-8.793,1.031,-0.3818,-0.879,0.4856
182.80,184.07,184.08,0,-1.50224,0,|r_qp|,cross-domain,0.0000,0.0000,3.598,0,-1.50224,0,-6.243,-2.772,-4.378,0,-8.793,0.8247,-0.7503,-1.086,-0.8339
183.20,184.47,184.48,0,-0.24157,1,|r_qp|,cross-domain,0.0000,0.0000,3.529,0,-0.24157,1,-6.243,-2.772,-4.378,0,-8.793,1.537,-0.5893,4.731,28.97
183.60,184.87,184.88,0,-0.87773,0,|r_qp|,cross-domain,0.0000,0.0000,3.578,0,-0.87773,0,-6.243,-2.772,-4.378,0,-8.793,2.331,-0.6338,0.7513,0.6685
184.00,185.27,185.28,0,-0.95614,0,|r_qp|,cross-domain,0.0000,0.0000,3.530,0,-0.95614,0,-6.243,-2.772,-4.378,0,-8.793,4.004,-0.6087,0.2363,-0.7069
184.40,185.67,185.68,0,-0.74042,0,|r_qp|,cross-domain,0.0000,0.0000,3.463,0,-0.74042,0,-6.243,-2.772,-4.378,0,-8.793,4.937,-0.2352,3.173,32.69
184.80,186.07,186.08,0,-1.40258,0,|r_qp|,cross-domain,0.0000,0.0000,3.548,0,-1.40258,0,-6.243,-2.772,-4.378,0,-8.793,4.306,-0.6558,-1.127,-0.3667
185.20,186.47,186.48,0,-1.45542,0,|r_qp|,cross-domain,0.0000,0.0000,3.438,0,-1.45542,0,-6.243,-2.772,-4.378,0,-8.793,2.02,-0.7028,-1.067,-0.7744
185.60,186.87,186.88,0,-0.38920,0,|r_qp|,cross-domain,0.0000,0.0000,3.443,0,-0.38920,0,-6.243,-2.772,-4.378,0,-8.793,-0.007475,-0.532,4.4,27.95
186.00,187.27,187.28,0,-1.43114,0,|r_qp|,cross-domain,0.0000,0.0000,3.505,0,-1.43114,0,-6.243,-2.772,-4.378,0,-8.793,-0.4305,-0.6919,-0.6168,0.6491
186.40,187.67,187.68,0,-1.50706,0,|r_qp|,cross-domain,0.0000,0.0000,3.694,0,-1.50706,0,-6.243,-2.772,-4.378,0,-8.793,0.2728,-0.6967,-1.02,-0.7169
186.80,188.07,188.08,0,0.53894,1,|r_qp|,cross-domain,0.0000,0.0000,3.474,0,0.53894,1,-6.243,-2.772,-4.378,0,-8.793,1.484,-0.4042,6.868,25.31
187.20,188.47,188.48,0,-0.86280,0,|r_qp|,cross-domain,0.0000,0.0000,3.753,0,-0.86280,0,-6.243,-2.772,-4.378,0,-8.793,2.4,-0.5822,0.8191,0.967
187.60,188.87,188.88,0,-1.03706,0,|r_qp|,cross-domain,0.0000,0.0000,3.558,0,-1.03706,0,-6.243,-2.772,-4.378,0,-8.793,3.799,-0.5753,0.008721,-0.9
188.00,189.27,189.28,0,-0.27554,1,|r_qp|,cross-domain,0.0000,0.0000,3.422,0,-0.27554,1,-6.243,-2.772,-4.378,0,-8.793,4.742,-0.1181,4.114,25.45
188.40,189.67,189.68,0,-1.23824,0,|r_qp|,cross-domain,0.0000,0.0000,3.572,0,-1.23824,0,-6.243,-2.772,-4.378,0,-8.793,4.566,-0.1746,-0.5049,0.5586
188.80,190.07,190.08,0,-1.42683,0,|r_qp|,cross-domain,0.0000,0.0000,3.562,0,-1.42683,0,-6.243,-2.772,-4.378,0,-8.793,3.298,-0.2182,-1.034,-0.8206
189.20,190.47,190.48,0,0.12817,1,|r_qp|,cross-domain,0.0000,0.0000,3.535,0,0.12817,1,-6.243,-2.772,-4.378,0,-8.793,2.031,0.3738,5.605,23.67
189.60,190.87,190.88,0,-1.38629,0,|r_qp|,cross-domain,0.0000,0.0000,3.467,0,-1.38629,0,-6.243,-2.772,-4.378,0,-8.793,1.683,0.1717,-0.5339,0.9345
190.00,191.27,191.28,0,-1.44897,0,|r_qp|,cross-domain,0.0000,0.0000,3.710,0,-1.44897,0,-6.243,-2.772,-4.378,0,-8.793,1.988,-0.00921,-0.9138,-0.8225
190.40,191.67,191.68,0,-0.60302,0,|r_qp|,cross-domain,0.0000,0.0000,3.549,0,-0.60302,0,-6.243,-2.772,-4.378,0,-8.793,2.778,0.3061,3.354,24.35
190.80,192.07,192.08,0,-0.85946,0,|r_qp|,cross-domain,0.0000,0.0000,3.620,0,-0.85946,0,-6.243,-2.772,-4.378,0,-8.793,3.502,-0.016,0.7618,0.2168
191.20,192.47,192.48,0,-0.74346,0,|r_qp|,cross-domain,0.0000,0.0000,3.518,0,-0.74346,0,-6.243,-2.772,-4.378,0,-8.793,4.804,-0.4152,0.8193,-0.7719
191.60,192.87,192.88,0,0.34093,1,|r_qp|,cross-domain,0.0000,0.0000,3.550,0,0.34093,1,-6.243,-2.772,-4.378,0,-8.793,5.405,-0.1124,5.925,25.86
192.00,193.27,193.28,0,-1.32449,0,|r_qp|,cross-domain,0.0000,0.0000,3.913,0,-1.32449,0,-6.243,-2.772,-4.378,0,-8.793,4.315,-0.3181,-0.7713,0.4535
192.40,193.67,193.68,0,-1.56202,0,|r_qp|,cross-domain,0.0000,0.0000,3.406,0,-1.56202,0,-6.243,-2.772,-4.378,0,-8.793,1.608,-0.2599,-1.254,-0.7376
192.80,194.07,194.08,0,-0.46497,0,|r_qp|,cross-domain,0.0000,0.0000,3.895,0,-0.46497,0,-6.243,-2.772,-4.378,0,-8.793,-0.6221,0.1206,3.989,22.52
193.20,194.47,194.48,0,-1.57261,0,|r_qp|,cross-domain,0.0000,0.0000,3.504,0,-1.57261,0,-6.243,-2.772,-4.378,0,-8.793,-0.6228,-0.2969,-0.9104,1.152
193.60,194.87,194.88,0,-1.56271,0,|r_qp|,cross-domain,0.0000,0.0000,3.596,0,-1.56271,0,-6.243,-2.772,-4.378,0,-8.793,0.383,-0.2926,-1.129,-0.8022
194.00,195.27,195.28,0,-0.93521,0,|r_qp|,cross-domain,0.0000,0.0000,3.508,0,-0.93521,0,-6.243,-2.772,-4.378,0,-8.793,1.648,0.3535,2.503,24.54
194.40,195.67,195.68,0,-0.91358,0,|r_qp|,cross-domain,0.0000,0.0000,3.668,0,-0.91358,0,-6.243,-2.772,-4.378,0,-8.793,2.483,0.07336,0.7915,1.095
194.80,196.07,196.08,0,-1.03941,0,|r_qp|,cross-domain,0.0000,0.0000,3.612,0,-1.03941,0,-6.243,-2.772,-4.378,0,-8.793,3.931,0.1133,0.1218,-0.8598
195.20,196.47,196.48,0,0.24844,1,|r_qp|,cross-domain,0.0000,0.0000,3.582,0,0.24844,1,-6.243,-2.772,-4.378,0,-8.793,4.918,0.3997,5.571,22.58
195.60,196.87,196.88,0,-1.48969,0,|r_qp|,cross-domain,0.0000,0.0000,3.475,0,-1.48969,0,-6.243,-2.772,-4.378,0,-8.793,4.461,0.05789,-1.186,0.833
196.00,197.27,197.28,0,-1.57329,0,|r_qp|,cross-domain,0.0000,0.0000,3.487,0,-1.57329,0,-6.243,-2.772,-4.378,0,-8.793,2.371,0.04101,-1.3,-0.5194
196.40,197.67,197.68,0,-0.37297,0,|r_qp|,cross-domain,0.0000,0.0000,3.398,0,-0.37297,0,-6.243,-2.772,-4.378,0,-8.793,0.6026,0.3255,4.592,28.62
196.80,198.07,198.08,0,-1.49642,0,|r_qp|,cross-domain,0.0000,0.0000,3.458,0,-1.49642,0,-6.243,-2.772,-4.378,0,-8.793,0.2922,0.1209,-0.7199,0.9194
197.20,198.47,198.48,0,-1.47595,0,|r_qp|,cross-domain,0.0000,0.0000,3.465,0,-1.47595,0,-6.243,-2.772,-4.378,0,-8.793,1.068,-0.3641,-0.9422,-0.5719
197.60,198.87,198.88,0,-0.01007,1,|r_qp|,cross-domain,0.0000,0.0000,3.378,0,-0.01007,1,-6.243,-2.772,-4.378,0,-8.793,2.482,0.185,4.922,21.08
198.00,199.27,199.28,0,-0.77681,0,|r_qp|,cross-domain,0.0000,0.0000,3.428,0,-0.77681,0,-6.243,-2.772,-4.378,0,-8.793,3.669,0.08753,1.087,1.303
198.40,199.67,199.68,0,-0.84878,0,|r_qp|,cross-domain,0.0000,0.0000,3.433,0,-0.84878,0,-6.243,-2.772,-4.378,0,-8.793,5.28,-0.07016,0.5176,-0.7329
198.80,200.07,200.08,0,0.01971,1,|r_qp|,cross-domain,0.0000,0.0000,3.386,0,0.01971,1,-6.243,-2.772,-4.378,0,-8.793,6.134,0.2373,4.532,19.95
199.20,200.47,200.48,0,-1.29273,0,|r_qp|,cross-domain,0.0000,0.0000,3.460,0,-1.29273,0,-6.243,-2.772,-4.378,0,-8.793,5.531,-0.1689,-0.8146,0.0104
199.60,200.87,200.88,0,-1.38925,0,|r_qp|,cross-domain,0.0000,0.0000,3.390,0,-1.38925,0,-6.243,-2.772,-4.378,0,-8.793,3.912,-0.1746,-0.9864,-0.8852
200.00,201.27,201.28,0,-0.39287,0,|r_qp|,cross-domain,0.0000,0.0000,3.508,0,-0.39287,0,-6.243,-2.772,-4.378,0,-8.793,2.078,-0.1206,4.459,31.19
200.40,201.67,201.68,0,-1.52722,0,|r_qp|,cross-domain,0.0000,0.0000,3.414,0,-1.52722,0,-6.243,-2.772,-4.378,0,-8.793,1.21,-0.4978,-0.9805,1.697
200.80,202.07,202.08,0,-1.58070,0,|r_qp|,cross-domain,0.0000,0.0000,3.378,0,-1.58070,0,-6.243,-2.772,-4.378,0,-8.793,0.5468,-0.9407,-1.305,-0.5126
201.20,202.47,202.48,0,-0.55818,0,|r_qp|,cross-domain,0.0000,0.0000,3.467,0,-0.55818,0,-6.243,-2.772,-4.378,0,-8.793,0.6628,-0.5365,3.275,20.17
201.60,202.87,202.88,0,-1.09287,0,|r_qp|,cross-domain,0.0000,0.0000,3.382,0,-1.09287,0,-6.243,-2.772,-4.378,0,-8.793,1.426,-0.2487,0.3,0.9674
202.00,203.27,203.28,0,-1.12324,0,|r_qp|,cross-domain,0.0000,0.0000,3.488,0,-1.12324,0,-6.243,-2.772,-4.378,0,-8.793,2.965,0.16,-0.003515,-0.7224
202.40,203.67,203.68,0,-0.70530,0,|r_qp|,cross-domain,0.0000,0.0000,3.425,0,-0.70530,0,-6.243,-2.772,-4.378,0,-8.793,4.246,0.8831,3.012,24.64
202.80,204.07,204.08,0,-1.51586,0,|r_qp|,cross-domain,0.0000,0.0000,3.478,0,-1.51586,0,-6.243,-2.772,-4.378,0,-8.793,3.941,0.2424,-1.176,0.7632
203.20,204.47,204.48,0,-1.54417,0,|r_qp|,cross-domain,0.0000,0.0000,3.505,0,-1.54417,0,-6.243,-2.772,-4.378,0,-8.793,2.275,-0.4565,-1.296,-0.4961
203.60,204.87,204.88,0,-0.93451,0,|r_qp|,cross-domain,0.0000,0.0000,3.543,0,-0.93451,0,-6.243,-2.772,-4.378,0,-8.793,0.633,-0.4366,2.076,18.91
204.00,205.27,205.28,0,-1.41465,0,|r_qp|,cross-domain,0.0000,0.0000,3.634,0,-1.41465,0,-6.243,-2.772,-4.378,0,-8.793,0.2796,-0.5043,-0.5882,0.9773
204.40,205.67,205.68,0,-1.42788,0,|r_qp|,cross-domain,0.0000,0.0000,3.646,0,-1.42788,0,-6.243,-2.772,-4.378,0,-8.793,1.276,-0.1469,-0.7951,-0.8002
204.80,206.07,206.08,0,-0.68892,0,|r_qp|,cross-domain,0.0000,0.0000,3.548,0,-0.68892,0,-6.243,-2.772,-4.378,0,-8.793,2.308,0.4386,2.899,20.4
205.20,206.47,206.48,0,-1.24477,0,|r_qp|,cross-domain,0.0000,0.0000,3.623,0,-1.24477,0,-6.243,-2.772,-4.378,0,-8.793,2.701,0.05724,-0.1832,1.814
205.60,206.87,206.88,0,-1.31344,0,|r_qp|,cross-domain,0.0000,0.0000,3.494,0,-1.31344,0,-6.243,-2.772,-4.378,0,-8.793,2.94,-0.5254,-0.697,-0.6099
206.00,207.27,207.28,0,-0.54603,0,|r_qp|,cross-domain,0.0000,0.0000,3.574,0,-0.54603,0,-6.243,-2.772,-4.378,0,-8.793,3.145,-0.3635,3.341,24.13
206.40,207.67,207.68,0,-1.44126,0,|r_qp|,cross-domain,0.0000,0.0000,3.488,0,-1.44126,0,-6.243,-2.772,-4.378,0,-8.793,3.076,-0.4264,-0.9631,1.046
206.80,208.07,208.08,0,-1.45698,0,|r_qp|,cross-domain,0.0000,0.0000,3.429,0,-1.45698,0,-6.243,-2.772,-4.378,0,-8.793,2.181,-0.4997,-1.047,-0.7263
207.20,208.47,208.48,0,-0.80868,0,|r_qp|,cross-domain,0.0000,0.0000,3.461,0,-0.80868,0,-6.243,-2.772,-4.378,0,-8.793,1.385,0.36,2.555,19.36
207.60,208.87,208.88,0,-1.19627,0,|r_qp|,cross-domain,0.0000,0.0000,3.389,0,-1.19627,0,-6.243,-2.772,-4.378,0,-8.793,1.277,-0.1734,0.002992,0.7241
208.00,209.27,209.28,0,-1.36953,0,|r_qp|,cross-domain,0.0000,0.0000,3.475,0,-1.36953,0,-6.243,-2.772,-4.378,0,-8.793,2.02,-0.1705,-0.7079,-0.8048
208.40,209.67,209.68,0,-0.73469,0,|r_qp|,cross-domain,0.0000,0.0000,3.565,0,-0.73469,0,-6.243,-2.772,-4.378,0,-8.793,2.866,-0.2709,3.494,33.81
208.80,210.07,210.08,0,-1.06706,0,|r_qp|,cross-domain,0.0000,0.0000,3.549,0,-1.06706,0,-6.243,-2.772,-4.378,0,-8.793,3.162,-0.5385,0.0894,0.428
209.20,210.47,210.48,0,-1.13117,0,|r_qp|,cross-domain,0.0000,0.0000,3.800,0,-1.13117,0,-6.243,-2.772,-4.378,0,-8.793,3.65,-0.7574,-0.2917,-0.8856
209.60,210.87,210.88,0,0.14302,1,|r_qp|,cross-domain,0.0000,0.0000,3.514,0,0.14302,1,-6.243,-2.772,-4.378,0,-8.793,3.714,-0.3543,5.364,24.29
210.00,211.27,211.28,0,-1.49757,0,|r_qp|,cross-domain,0.0000,0.0000,3.603,0,-1.49757,0,-6.243,-2.772,-4.378,0,-8.793,3.111,-0.3669,-1.107,1.303
210.40,211.67,211.68,0,-1.58197,0,|r_qp|,cross-domain,0.0000,0.0000,3.456,0,-1.58197,0,-6.243,-2.772,-4.378,0,-8.793,1.052,-0.8144,-1.335,-0.4132
210.80,212.07,212.08,0,-0.78540,0,|r_qp|,cross-domain,0.0000,0.0000,3.508,0,-0.78540,0,-6.243,-2.772,-4.378,0,-8.793,-0.4719,-0.591,2.667,19.59
211.20,212.47,212.48,0,-1.39763,0,|r_qp|,cross-domain,0.0000,0.0000,3.408,0,-1.39763,0,-6.243,-2.772,-4.378,0,-8.793,-0.3392,-0.7646,-0.5601,0.3612
211.60,212.87,212.88,0,-1.33270,0,|r_qp|,cross-domain,0.0000,0.0000,3.520,0,-1.33270,0,-6.243,-2.772,-4.378,0,-8.793,1.124,-0.6311,-0.5913,-0.9003
212.00,213.27,213.28,0,0.23707,1,|r_qp|,cross-domain,0.0000,0.0000,3.441,0,0.23707,1,-6.243,-2.772,-4.378,0,-8.793,2.983,-0.04296,6.246,30.87
212.40,213.67,213.68,0,-0.96558,0,|r_qp|,cross-domain,0.0000,0.0000,3.433,0,-0.96558,0,-6.243,-2.772,-4.378,0,-8.793,3.773,-0.4594,0.3673,0.8001
212.80,214.07,214.08,0,-1.11619,0,|r_qp|,cross-domain,0.0000,0.0000,3.517,0,-1.11619,0,-6.243,-2.772,-4.378,0,-8.793,4.427,-0.4963,-0.2818,-0.8548
213.20,214.47,214.48,0,-0.02568,1,|r_qp|,cross-domain,0.0000,0.0000,3.390,0,-0.02568,1,-6.243,-2.772,-4.378,0,-8.793,4.317,-0.01373,4.729,22.51
213.60,214.87,214.88,0,-1.51885,0,|r_qp|,cross-domain,0.0000,0.0000,3.449,0,-1.51885,0,-6.243,-2.772,-4.378,0,-8.793,3.31,-0.2002,-1.192,0.8673
214.00,215.27,215.28,0,-1.59925,0,|r_qp|,cross-domain,0.0000,0.0000,3.512,0,-1.59925,0,-6.243,-2.772,-4.378,0,-8.793,1.27,-0.5349,-1.356,-0.3792
214.40,215.67,215.68,0,-0.94317,0,|r_qp|,cross-domain,0.0000,0.0000,3.627,0,-0.94317,0,-6.243,-2.772,-4.378,0,-8.793,-0.4901,-0.2299,2.631,24.88
214.80,216.07,216.08,0,-1.43826,0,|r_qp|,cross-domain,0.0000,0.0000,3.579,0,-1.43826,0,-6.243,-2.772,-4.378,0,-8.793,-0.6188,-0.5261,-0.558,1.041
215.20,216.47,216.48,0,-1.48181,0,|r_qp|,cross-domain,0.0000,0.0000,3.577,0,-1.48181,0,-6.243,-2.772,-4.378,0,-8.793,0.5562,-0.3575,-0.917,-0.8029
215.60,216.87,216.88,0,-0.55651,0,|r_qp|,cross-domain,0.0000,0.0000,3.545,0,-0.55651,0,-6.243,-2.772,-4.378,0,-8.793,1.875,0.2413,3.412,21.89
216.00,217.27,217.28,0,-0.86178,0,|r_qp|,cross-domain,0.0000,0.0000,3.639,0,-0.86178,0,-6.243,-2.772,-4.378,0,-8.793,2.647,0.1124,0.9466,1.24
216.40,217.67,217.68,0,-1.10042,0,|r_qp|,cross-domain,0.0000,0.0000,3.546,0,-1.10042,0,-6.243,-2.772,-4.378,0,-8.793,3.6,-0.09683,-0.06562,-0.8685
216.80,218.07,218.08,0,0.19316,1,|r_qp|,cross-domain,0.0000,0.0000,3.715,0,0.19316,1,-6.243,-2.772,-4.378,0,-8.793,4.514,0.06289,5.443,23.4
217.20,218.47,218.48,0,-1.44458,0,|r_qp|,cross-domain,0.0000,0.0000,3.420,0,-1.44458,0,-6.243,-2.772,-4.378,0,-8.793,4.29,-0.2472,-1.072,1.096
217.60,218.87,218.88,0,-1.53448,0,|r_qp|,cross-domain,0.0000,0.0000,3.542,0,-1.53448,0,-6.243,-2.772,-4.378,0,-8.793,2.249,-0.6774,-1.306,-0.4947
218.00,219.27,219.28,0,-0.99719,0,|r_qp|,cross-domain,0.0000,0.0000,3.502,0,-0.99719,0,-6.243,-2.772,-4.378,0,-8.793,0.5016,-0.1065,2.2,22.28
218.40,219.67,219.68,0,-1.41940,0,|r_qp|,cross-domain,0.0000,0.0000,3.743,0,-1.41940,0,-6.243,-2.772,-4.378,0,-8.793,0.1891,-0.5245,-0.5977,0.957
218.80,220.07,220.08,0,-1.46903,0,|r_qp|,cross-domain,0.0000,0.0000,3.541,0,-1.46903,0,-6.243,-2.772,-4.378,0,-8.793,1.267,-0.4149,-0.9579,-0.6361
219.20,220.47,220.48,0,-0.70390,0,|r_qp|,cross-domain,0.0000,0.0000,3.400,0,-0.70390,0,-6.243,-2.772,-4.378,0,-8.793,2.28,0.2143,2.758,19.6
219.60,220.87,220.88,0,-0.87040,0,|r_qp|,cross-domain,0.0000,0.0000,3.438,0,-0.87040,0,-6.243,-2.772,-4.378,0,-8.793,2.78,0.04499,0.8745,0.977
220.00,221.27,221.28,0,-1.09795,0,|r_qp|,cross-domain,0.0000,0.0000,3.469,0,-1.09795,0,-6.243,-2.772,-4.378,0,-8.793,3.828,-0.01278,-0.05759,-0.7228
220.40,221.67,221.68,0,-1.11645,0,|r_qp|,cross-domain,0.0000,0.0000,3.592,0,-1.11645,0,-6.243,-2.772,-4.378,0,-8.793,4.402,0.3026,1.511,22.72
220.80,222.07,222.08,0,-1.46029,0,|r_qp|,cross-domain,0.0000,0.0000,3.806,0,-1.46029,0,-6.243,-2.772,-4.378,0,-8.793,3.847,-0.07413,-1.019,1.344
221.20,222.47,222.48,-1,-1.58204,0,|r_qp|,cross-domain,0.0000,0.0000,3.680,0,-1.58204,0,-6.243,-2.772,-4.378,0,-8.793,1.704,-0.3674,-1.326,-0.4546
221.60,222.87,222.88,-1,5.88583,1,e_rec,cross-domain,0.0000,0.0000,3.683,0,5.88583,1,-6.243,-2.772,-4.378,0,-8.793,-0.2699,-0.2285,22.53,15.7
222.00,223.27,223.28,1,-1.03329,0,|r_qp|,cross-domain,0.0000,0.0000,3.710,0,-1.03329,0,-6.243,-2.772,-4.378,0,-8.793,1.023,7.794,2.156,2.244
222.40,223.67,223.68,1,-0.80819,0,|r_qp|,cross-domain,0.0000,0.0000,3.652,0,-0.80819,0,-6.243,-2.772,-4.378,0,-8.793,4.107,8.016,2.404,0.4329
222.80,224.07,224.08,1,2.30084,1,e_rec,cross-domain,0.0000,0.0000,3.792,0,2.30084,1,-6.243,-2.772,-4.378,0,-8.793,7.568,8.643,12.67,17.34
223.20,224.47,224.48,1,0.34586,1,|r_qp|,cross-domain,0.0000,0.0000,3.482,0,0.34586,1,-6.243,-2.772,-4.378,0,-8.793,9.391,7.325,5.357,3.386
223.60,224.87,224.88,1,-0.42891,0,|r_qp|,cross-domain,0.0000,0.0000,3.629,0,-0.42891,0,-6.243,-2.772,-4.378,0,-8.793,10.15,7.254,2.667,-0.3413
224.00,225.27,225.28,1,0.39050,1,|r_qp|,cross-domain,0.0000,0.0000,3.720,0,0.39050,1,-6.243,-2.772,-4.378,0,-8.793,10.36,7.881,6.301,15.06
224.40,225.67,225.68,1,-1.22047,0,|r_qp|,cross-domain,0.0000,0.0000,3.570,0,-1.22047,0,-6.243,-2.772,-4.378,0,-8.793,9.65,7.507,0.478,0.9545
224.80,226.07,226.08,1,-1.28451,0,|r_qp|,cross-domain,0.0000,0.0000,3.516,0,-1.28451,0,-6.243,-2.772,-4.378,0,-8.793,7.718,7.131,0.3468,-0.2473
225.20,226.47,226.48,1,3.17543,1,e_rec,cross-domain,0.0000,0.0000,3.495,0,3.17543,1,-6.243,-2.772,-4.378,0,-8.793,6.075,7.08,15.35,19.85
225.60,226.87,226.88,1,-0.79097,0,|r_qp|,cross-domain,0.0000,0.0000,3.736,0,-0.79097,0,-6.243,-2.772,-4.378,0,-8.793,5.944,7.825,2.376,2.79
226.00,227.27,227.28,1,-1.21420,0,|r_qp|,cross-domain,0.0000,0.0000,3.894,0,-1.21420,0,-6.243,-2.772,-4.378,0,-8.793,6.631,7.99,0.8258,-0.5302
226.40,227.67,227.68,1,0.28981,1,|r_qp|,cross-domain,0.0000,0.0000,3.510,0,0.28981,1,-6.243,-2.772,-4.378,0,-8.793,7.699,8.491,6.469,15.87
226.80,228.07,228.08,1,0.79792,1,|r_qp|,cross-domain,0.0000,0.0000,3.718,0,0.79792,1,-6.243,-2.772,-4.378,0,-8.793,8.71,7.985,7.001,4.534
227.20,228.47,228.48,1,-0.39462,0,|r_qp|,cross-domain,0.0000,0.0000,3.633,0,-0.39462,0,-6.243,-2.772,-4.378,0,-8.793,10.03,7.905,2.9,-0.4531
227.60,228.87,228.88,1,2.34076,1,e_rec,cross-domain,0.0000,0.0000,3.518,0,2.34076,1,-6.243,-2.772,-4.378,0,-8.793,10.77,8.387,12.41,17.77
228.00,229.27,229.28,1,-1.21210,0,|r_qp|,cross-domain,0.0000,0.0000,3.890,0,-1.21210,0,-6.243,-2.772,-4.378,0,-8.793,10.04,7.326,0.4161,0.8353
228.40,229.67,229.68,1,-1.28531,0,|r_qp|,cross-domain,0.0000,0.0000,3.660,0,-1.28531,0,-6.243,-2.772,-4.378,0,-8.793,8.072,6.523,0.1606,-0.641
228.80,230.07,230.08,1,6.83010,1,e_rec,cross-domain,0.0000,0.0000,3.617,0,6.83010,1,-6.243,-2.772,-4.378,0,-8.793,6.65,6.172,26.04,18.83
229.20,230.47,230.48,1,-0.48608,0,|r_qp|,cross-domain,0.0000,0.0000,3.531,0,-0.48608,0,-6.243,-2.772,-4.378,0,-8.793,7.168,7.892,3.165,2.726
229.60,230.87,230.88,1,-0.58138,0,|r_qp|,cross-domain,0.0000,0.0000,3.457,0,-0.58138,0,-6.243,-2.772,-4.378,0,-8.793,8.74,8.092,2.574,0.3386
230.00,231.27,231.28,1,2.14444,1,e_rec,cross-domain,0.0000,0.0000,3.700,0,2.14444,1,-6.243,-2.772,-4.378,0,-8.793,10.17,9.06,11.77,14.16
230.40,231.67,231.68,1,0.04298,1,|r_qp|,cross-domain,0.0000,0.0000,3.618,0,0.04298,1,-6.243,-2.772,-4.378,0,-8.793,10.64,8.03,4.398,2.775
230.80,232.07,232.08,1,-0.03950,1,|r_qp|,cross-domain,0.0000,0.0000,4.841,0,-0.03950,1,-6.243,-2.772,-4.378,0,-8.793,11.19,7.841,3.865,0.09099
231.20,232.47,232.48,1,4.19111,1,e_rec,cross-domain,0.0000,0.0000,3.661,0,4.19111,1,-6.243,-2.772,-4.378,0,-8.793,11.79,8.084,17.85,18.39
231.60,232.87,232.88,1,-0.82085,0,|r_qp|,cross-domain,0.0000,0.0000,3.522,0,-0.82085,0,-6.243,-2.772,-4.378,0,-8.793,11.93,8.677,1.643,0.8796
232.00,233.27,233.28,1,-0.94175,0,|r_qp|,cross-domain,0.0000,0.0000,3.582,0,-0.94175,0,-6.243,-2.772,-4.378,0,-8.793,10.81,7.97,1.172,-0.5401
232.40,233.67,233.68,1,3.49311,1,e_rec,cross-domain,0.0000,0.0000,3.463,0,3.49311,1,-6.243,-2.772,-4.378,0,-8.793,9.451,8.088,15.64,12.95
232.80,234.07,234.08,1,-0.82410,0,|r_qp|,cross-domain,0.0000,0.0000,3.571,0,-0.82410,0,-6.243,-2.772,-4.378,0,-8.793,8.81,8.38,1.992,1.804
233.20,234.47,234.48,1,-0.85379,0,|r_qp|,cross-domain,0.0000,0.0000,3.456,0,-0.85379,0,-6.243,-2.772,-4.378,0,-8.793,8.83,8.772,1.861,0.153
233.60,234.87,234.88,1,4.50436,1,e_rec,cross-domain,0.0000,0.0000,3.507,0,4.50436,1,-6.243,-2.772,-4.378,0,-8.793,9.026,9.384,19.38,18.68
234.00,235.27,235.28,1,0.07108,1,|r_qp|,cross-domain,0.0000,0.0000,3.577,0,0.07108,1,-6.243,-2.772,-4.378,0,-8.793,9.259,8.438,4.746,3.211
234.40,235.67,235.68,1,-0.30626,0,|r_qp|,cross-domain,0.0000,0.0000,3.554,0,-0.30626,0,-6.243,-2.772,-4.378,0,-8.793,10.3,8.219,3.204,-0.335
234.80,236.07,236.08,1,0.79145,1,|r_qp|,cross-domain,0.0000,0.0000,3.677,0,0.79145,1,-6.243,-2.772,-4.378,0,-8.793,10.79,8.578,7.851,18.79
235.20,236.47,236.48,1,-0.86025,0,|r_qp|,cross-domain,0.0000,0.0000,3.617,0,-0.86025,0,-6.243,-2.772,-4.378,0,-8.793,10.1,7.608,1.632,2.398
235.60,236.87,236.88,1,-1.03201,0,|r_qp|,cross-domain,0.0000,0.0000,3.584,0,-1.03201,0,-6.243,-2.772,-4.378,0,-8.793,8.152,7.372,1.142,0.293
236.00,237.27,237.28,1,0.05615,1,|r_qp|,cross-domain,0.0000,0.0000,3.654,0,0.05615,1,-6.243,-2.772,-4.378,0,-8.793,6.282,8.294,5.674,12.8
236.40,237.67,237.68,1,-1.27395,0,|r_qp|,cross-domain,0.0000,0.0000,3.705,0,-1.27395,0,-6.243,-2.772,-4.378,0,-8.793,5.803,8.047,0.8608,1.064
236.80,238.07,238.08,1,-1.05868,0,|r_qp|,cross-domain,0.0000,0.0000,3.618,0,-1.05868,0,-6.243,-2.772,-4.378,0,-8.793,5.964,7.894,1.385,-0.03531
237.20,238.47,238.48,1,2.19998,1,e_rec,cross-domain,0.0000,0.0000,3.646,0,2.19998,1,-6.243,-2.772,-4.378,0,-8.793,6.961,8.094,12.38,18.04
237.60,238.87,238.88,1,-0.39120,0,|r_qp|,cross-domain,0.0000,0.0000,3.536,0,-0.39120,0,-6.243,-2.772,-4.378,0,-8.793,8.074,8.145,3.337,1.861
238.00,239.27,239.28,1,-0.63690,0,|r_qp|,cross-domain,0.0000,0.0000,3.618,0,-0.63690,0,-6.243,-2.772,-4.378,0,-8.793,9.45,8.146,2.315,0.01307
238.40,239.67,239.68,1,1.22581,1,|r_qp|,cross-domain,0.0000,0.0000,3.875,0,1.22581,1,-6.243,-2.772,-4.378,0,-8.793,9.898,8.648,8.894,13.33
238.80,240.07,240.08,1,-1.34379,0,|r_qp|,cross-domain,0.0000,0.0000,3.575,0,-1.34379,0,-6.243,-2.772,-4.378,0,-8.793,8.908,8.116,0.3337,1.339
239.20,240.47,240.48,1,-1.21770,0,|r_qp|,cross-domain,0.0000,0.0000,3.658,0,-1.21770,0,-6.243,-2.772,-4.378,0,-8.793,6.91,7.629,0.8401,1.277
239.60,240.87,240.88,1,2.07172,1,e_rec,cross-domain,0.0000,0.0000,3.563,0,2.07172,1,-6.243,-2.772,-4.378,0,-8.793,4.545,8.056,12.11,15.97
240.00,241.27,241.28,1,-1.68361,0,|r_qp|,cross-domain,0.0000,0.0000,3.786,0,-1.68361,0,-6.243,-2.772,-4.378,0,-8.793,3.476,8.778,0.1541,2.86
240.40,241.67,241.68,1,-1.91623,0,|r_qp|,cross-domain,0.0000,0.0000,3.688,0,-1.91623,0,-6.243,-2.772,-4.378,0,-8.793,3.136,8.997,-0.5833,1.173
240.80,242.07,242.08,1,-0.60645,0,|r_qp|,cross-domain,0.0000,0.0000,3.613,0,-0.60645,0,-6.243,-2.772,-4.378,0,-8.793,3.172,8.927,5.041,25.61
241.20,242.47,242.48,1,-1.50822,0,|r_qp|,cross-domain,0.0000,0.0000,3.574,0,-1.50822,0,-6.243,-2.772,-4.378,0,-8.793,2.714,1.379,-0.6026,3.565
241.60,242.87,242.88,-1,-1.52035,0,|r_qp|,cross-domain,0.0000,0.0000,3.710,0,-1.52035,0,-6.243,-2.772,-4.378,0,-8.793,1.242,0.3185,-0.9765,-0.7456
242.00,243.27,243.28,-1,-0.19535,1,|r_qp|,cross-domain,0.0000,0.0000,3.544,0,-0.19535,1,-6.243,-2.772,-4.378,0,-8.793,1.354,0.06922,4.847,26.52
242.40,243.67,243.68,-1,-1.54433,0,|r_qp|,cross-domain,0.0000,0.0000,3.464,0,-1.54433,0,-6.243,-2.772,-4.378,0,-8.793,1.42,-0.2293,-1.027,1.361
242.80,244.07,244.08,-1,-1.41408,0,|r_qp|,cross-domain,0.0000,0.0000,3.881,0,-1.41408,0,-6.243,-2.772,-4.378,0,-8.793,1.77,-0.6392,-0.9091,-0.8824
243.20,244.47,244.48,-1,0.69924,1,|r_qp|,cross-domain,0.0000,0.0000,3.891,0,0.69924,1,-6.243,-2.772,-4.378,0,-8.793,2.906,-0.4349,7.377,28.08
243.60,244.87,244.88,-1,-0.91295,0,|r_qp|,cross-domain,0.0000,0.0000,3.476,0,-0.91295,0,-6.243,-2.772,-4.378,0,-8.793,4.077,-0.5126,0.5012,1.085
244.00,245.27,245.28,-1,-1.06156,0,|r_qp|,cross-domain,0.0000,0.0000,3.709,0,-1.06156,0,-6.243,-2.772,-4.378,0,-8.793,5.692,-0.4432,-0.2513,-0.8813
244.40,245.67,245.68,-1,0.95055,1,|r_qp|,cross-domain,0.0000,0.0000,3.504,0,0.95055,1,-6.243,-2.772,-4.378,0,-8.793,6.224,-0.1939,7.838,28.53
244.80,246.07,246.08,-1,-0.99644,0,|r_qp|,cross-domain,0.0000,0.0000,3.629,0,-0.99644,0,-6.243,-2.772,-4.378,0,-8.793,5.757,-0.3643,0.05516,0.5941
245.20,246.47,246.48,-1,-1.10636,0,|r_qp|,cross-domain,0.0000,0.0000,3.638,0,-1.10636,0,-6.243,-2.772,-4.378,0,-8.793,5.58,-0.4767,-0.3764,-0.8302
245.60,246.87,246.88,-1,-0.70114,0,|r_qp|,cross-domain,0.0000,0.0000,3.556,0,-0.70114,0,-6.243,-2.772,-4.378,0,-8.793,4.895,-0.006624,2.555,21.4
246.00,247.27,247.28,-1,-1.32984,0,|r_qp|,cross-domain,0.0000,0.0000,3.654,0,-1.32984,0,-6.243,-2.772,-4.378,0,-8.793,3.725,-0.2953,-0.7544,-0.08928
246.40,247.67,247.68,-1,-1.35327,0,|r_qp|,cross-domain,0.0000,0.0000,3.601,0,-1.35327,0,-6.243,-2.772,-4.378,0,-8.793,2.857,-0.6195,-0.8389,-0.8008
246.80,248.07,248.08,-1,-0.06378,1,|r_qp|,cross-domain,0.0000,0.0000,3.485,0,-0.06378,1,-6.243,-2.772,-4.378,0,-8.793,1.996,-0.4119,5.156,27.63
247.20,248.47,248.48,-1,-1.51769,0,|r_qp|,cross-domain,0.0000,0.0000,3.815,0,-1.51769,0,-6.243,-2.772,-4.378,0,-8.793,1.716,-0.5265,-1.06,1.041
247.60,248.87,248.88,-1,-1.47988,0,|r_qp|,cross-domain,0.0000,0.0000,3.472,0,-1.47988,0,-6.243,-2.772,-4.378,0,-8.793,1.272,-0.453,-0.9934,-0.5633
248.00,249.27,249.28,-1,-0.10801,1,|r_qp|,cross-domain,0.0000,0.0000,3.566,0,-0.10801,1,-6.243,-2.772,-4.378,0,-8.793,1.481,0.03654,5.073,26.29
248.40,249.67,249.68,-1,-1.16366,0,|r_qp|,cross-domain,0.0000,0.0000,3.493,0,-1.16366,0,-6.243,-2.772,-4.378,0,-8.793,1.847,-0.3204,-0.04661,-0.07446
248.80,250.07,250.08,-1,-1.10592,0,|r_qp|,cross-domain,0.0000,0.0000,3.459,0,-1.10592,0,-6.243,-2.772,-4.378,0,-8.793,3.037,-0.3155,-0.05181,-0.7384
249.20,250.47,250.48,-1,-0.23673,1,|r_qp|,cross-domain,0.0000,0.0000,3.586,0,-0.23673,1,-6.243,-2.772,-4.378,0,-8.793,3.807,0.01465,4.479,27.14
249.60,250.87,250.88,-1,-1.45149,0,|r_qp|,cross-domain,0.0000,0.0000,3.533,0,-1.45149,0,-6.243,-2.772,-4.378,0,-8.793,3.295,-0.05205,-0.978,0.5948
250.00,251.27,251.28,-1,-1.60488,0,|r_qp|,cross-domain,0.0000,0.0000,3.510,0,-1.60488,0,-6.243,-2.772,-4.378,0,-8.793,1.595,-0.06862,-1.342,-0.6988
250.40,251.67,251.68,-1,-1.00206,0,|r_qp|,cross-domain,0.0000,0.0000,3.667,0,-1.00206,0,-6.243,-2.772,-4.378,0,-8.793,-0.1186,0.04976,2.774,29.31
250.80,252.07,252.08,-1,-1.57783,0,|r_qp|,cross-domain,0.0000,0.0000,3.518,0,-1.57783,0,-6.243,-2.772,-4.378,0,-8.793,-0.2893,-0.3541,-0.9736,1.166
251.20,252.47,252.48,-1,-1.56267,0,|r_qp|,cross-domain,0.0000,0.0000,3.472,0,-1.56267,0,-6.243,-2.772,-4.378,0,-8.793,0.3081,-0.4066,-1.126,-0.5789
251.60,252.87,252.88,-1,-0.72485,0,|r_qp|,cross-domain,0.0000,0.0000,3.411,0,-0.72485,0,-6.243,-2.772,-4.378,0,-8.793,1.464,0.1826,2.806,19.96
252.00,253.27,253.28,-1,-1.01790,0,|r_qp|,cross-domain,0.0000,0.0000,3.483,0,-1.01790,0,-6.243,-2.772,-4.378,0,-8.793,2.192,-0.0008471,0.4763,0.8113
252.40,253.67,253.68,-1,-1.13374,0,|r_qp|,cross-domain,0.0000,0.0000,3.453,0,-1.13374,0,-6.243,-2.772,-4.378,0,-8.793,3.49,-0.1006,-0.1483,-0.7812
252.80,254.07,254.08,-1,0.29289,1,|r_qp|,cross-domain,0.0000,0.0000,3.411,0,0.29289,1,-6.243,-2.772,-4.378,0,-8.793,4.272,0.295,5.785,22.97
253.20,254.47,254.48,-1,-1.46106,0,|r_qp|,cross-domain,0.0000,0.0000,3.460,0,-1.46106,0,-6.243,-2.772,-4.378,0,-8.793,3.779,0.008375,-1.093,-0.03533
253.60,254.87,254.88,-1,-1.52549,0,|r_qp|,cross-domain,0.0000,0.0000,3.471,0,-1.52549,0,-6.243,-2.772,-4.378,0,-8.793,2.213,-0.2641,-1.213,-0.7491
254.00,255.27,255.28,-1,-0.28292,1,|r_qp|,cross-domain,0.0000,0.0000,3.531,0,-0.28292,1,-6.243,-2.772,-4.378,0,-8.793,0.6124,-0.1913,4.742,28.33
254.40,255.67,255.68,-1,-1.55200,0,|r_qp|,cross-domain,0.0000,0.0000,3.532,0,-1.55200,0,-6.243,-2.772,-4.378,0,-8.793,0.2078,-0.5139,-0.981,1.186
254.80,256.07,256.08,-1,-1.62383,0,|r_qp|,cross-domain,0.0000,0.0000,3.460,0,-1.62383,0,-6.243,-2.772,-4.378,0,-8.793,0.09803,-0.4057,-1.298,-0.7364
255.20,256.47,256.48,-1,0.06140,1,|r_qp|,cross-domain,0.0000,0.0000,3.411,0,0.06140,1,-6.243,-2.772,-4.378,0,-8.793,1.022,0.1742,5.49,23.83
255.60,256.87,256.88,-1,-0.98070,0,|r_qp|,cross-domain,0.0000,0.0000,3.461,0,-0.98070,0,-6.243,-2.772,-4.378,0,-8.793,1.92,0.1263,0.598,0.1596
256.00,257.27,257.28,-1,-1.09050,0,|r_qp|,cross-domain,0.0000,0.0000,3.541,0,-1.09050,0,-6.243,-2.772,-4.378,0,-8.793,3.505,0.02414,0.02186,-0.5264
256.40,257.67,257.68,-1,-0.17173,1,|r_qp|,cross-domain,0.0000,0.0000,3.525,0,-0.17173,1,-6.243,-2.772,-4.378,0,-8.793,4.415,0.4479,4.739,27.86
256.80,258.07,258.08,-1,-1.29111,0,|r_qp|,cross-domain,0.0000,0.0000,3.444,0,-1.29111,0,-6.243,-2.772,-4.378,0,-8.793,4.032,0.1941,-0.5731,-0.01323
257.20,258.47,258.48,-1,-1.34395,0,|r_qp|,cross-domain,0.0000,0.0000,3.421,0,-1.34395,0,-6.243,-2.772,-4.378,0,-8.793,3.055,-0.02637,-0.7223,-0.844
257.60,258.87,258.88,-1,-0.36788,0,|r_qp|,cross-domain,0.0000,0.0000,3.451,0,-0.36788,0,-6.243,-2.772,-4.378,0,-8.793,1.707,-0.03432,4.587,31.11
258.00,259.27,259.28,-1,-1.22022,0,|r_qp|,cross-domain,0.0000,0.0000,3.513,0,-1.22022,0,-6.243,-2.772,-4.378,0,-8.793,1.404,-0.2529,-0.1327,0.2342
258.40,259.67,259.68,-1,-1.46916,0,|r_qp|,cross-domain,0.0000,0.0000,3.508,0,-1.46916,0,-6.243,-2.772,-4.378,0,-8.793,1.408,-0.2913,-0.965,-0.847
258.80,260.07,260.08,-1,-1.33228,0,|r_qp|,cross-domain,0.0000,0.0000,3.404,0,-1.33228,0,-6.243,-2.772,-4.378,0,-8.793,1.954,-0.1287,1.935,35.39
259.20,260.47,260.48,-1,-1.25870,0,|r_qp|,cross-domain,0.0000,0.0000,3.452,0,-1.25870,0,-6.243,-2.772,-4.378,0,-8.793,2.418,-0.1186,-0.3224,0.4406
259.60,260.87,260.88,-1,-1.29466,0,|r_qp|,cross-domain,0.0000,0.0000,3.458,0,-1.29466,0,-6.243,-2.772,-4.378,0,-8.793,2.823,-0.3367,-0.6009,-0.7518
260.00,261.27,261.28,-1,-0.33250,0,|r_qp|,cross-domain,0.0000,0.0000,3.450,0,-0.33250,0,-6.243,-2.772,-4.378,0,-8.793,3.033,0.1844,4.444,29.07
260.40,261.67,261.68,-1,-1.50309,0,|r_qp|,cross-domain,0.0000,0.0000,3.529,0,-1.50309,0,-6.243,-2.772,-4.378,0,-8.793,2.576,-0.1042,-1.103,0.01397
260.80,262.07,262.08,-1,-1.55501,0,|r_qp|,cross-domain,0.0000,0.0000,3.424,0,-1.55501,0,-6.243,-2.772,-4.378,0,-8.793,1.344,-0.2145,-1.195,-0.7441
261.20,262.47,262.48,-1,-0.08983,1,|r_qp|,cross-domain,0.0000,0.0000,3.471,0,-0.08983,1,-6.243,-2.772,-4.378,0,-8.793,0.2768,-0.1324,5.221,26.15
261.60,262.87,262.88,-1,-1.50727,0,|r_qp|,cross-domain,0.0000,0.0000,3.477,0,-1.50727,0,-6.243,-2.772,-4.378,0,-8.793,0.1307,-0.3285,-0.8525,0.4606
262.00,263.27,263.28,-1,-1.49162,0,|r_qp|,cross-domain,0.0000,0.0000,3.508,0,-1.49162,0,-6.243,-2.772,-4.378,0,-8.793,0.6073,-0.5181,-0.9879,-0.8717
262.40,263.67,263.68,-1,-0.23351,1,|r_qp|,cross-domain,0.0000,0.0000,3.461,0,-0.23351,1,-6.243,-2.772,-4.378,0,-8.793,1.383,-0.2097,4.755,27.67
262.80,264.07,264.08,-1,-1.12165,0,|r_qp|,cross-domain,0.0000,0.0000,3.476,0,-1.12165,0,-6.243,-2.772,-4.378,0,-8.793,1.945,-0.3783,0.1003,0.5377
263.20,264.47,264.48,-1,-1.18017,0,|r_qp|,cross-domain,0.0000,0.0000,3.476,0,-1.18017,0,-6.243,-2.772,-4.378,0,-8.793,3.053,-0.3901,-0.303,-0.9044
263.60,264.87,264.88,-1,-0.19024,1,|r_qp|,cross-domain,0.0000,0.0000,3.515,0,-0.19024,1,-6.243,-2.772,-4.378,0,-8.793,3.743,-0.09654,4.817,30.19
264.00,265.27,265.28,-1,-1.45021,0,|r_qp|,cross-domain,0.0000,0.0000,3.515,0,-1.45021,0,-6.243,-2.772,-4.378,0,-8.793,3.223,-0.3843,-1.055,0.2306
264.40,265.67,265.68,-1,-1.56888,0,|r_qp|,cross-domain,0.0000,0.0000,3.570,0,-1.56888,0,-6.243,-2.772,-4.378,0,-8.793,1.672,-0.452,-1.328,-0.878
264.80,266.07,266.08,-1,-0.90779,0,|r_qp|,cross-domain,0.0000,0.0000,3.461,0,-0.90779,0,-6.243,-2.772,-4.378,0,-8.793,0.2026,-0.2925,3.141,31.97
265.20,266.47,266.48,-1,-1.30220,0,|r_qp|,cross-domain,0.0000,0.0000,3.447,0,-1.30220,0,-6.243,-2.772,-4.378,0,-8.793,0.08784,-0.4224,-0.2679,0.1777
265.60,266.87,266.88,-1,-1.40448,0,|r_qp|,cross-domain,0.0000,0.0000,3.478,0,-1.40448,0,-6.243,-2.772,-4.378,0,-8.793,0.8172,-0.4705,-0.7385,-0.85
266.00,267.27,267.28,-1,-1.38279,0,|r_qp|,cross-domain,0.0000,0.0000,3.533,0,-1.38279,0,-6.243,-2.772,-4.378,0,-8.793,1.9,-0.2008,1.915,37.42
266.40,267.67,267.68,-1,-1.29578,0,|r_qp|,cross-domain,0.0000,0.0000,4.549,0,-1.29578,0,-6.243,-2.772,-4.378,0,-8.793,2.468,-0.3249,-0.4613,0.7006
266.80,268.07,268.08,-1,-1.34074,0,|r_qp|,cross-domain,0.0000,0.0000,3.456,0,-1.34074,0,-6.243,-2.772,-4.378,0,-8.793,2.728,-0.6574,-0.7993,-0.878
267.20,268.47,268.48,-1,0.29409,1,|r_qp|,cross-domain,0.0000,0.0000,3.404,0,0.29409,1,-6.243,-2.772,-4.378,0,-8.793,2.858,-0.3863,6.045,26.26
267.60,268.87,268.88,-1,-1.43867,0,|r_qp|,cross-domain,0.0000,0.0000,3.474,0,-1.43867,0,-6.243,-2.772,-4.378,0,-8.793,2.415,-0.5608,-0.9909,-0.166
268.00,269.27,269.28,-1,-1.56125,0,|r_qp|,cross-domain,0.0000,0.0000,3.467,0,-1.56125,0,-6.243,-2.772,-4.378,0,-8.793,1.22,-0.6073,-1.281,-0.8316
268.40,269.67,269.68,-1,-0.03524,1,|r_qp|,cross-domain,0.0000,0.0000,3.429,0,-0.03524,1,-6.243,-2.772,-4.378,0,-8.793,-0.009479,-0.1563,5.209,23.21
268.80,270.07,270.08,-1,-1.52777,0,|r_qp|,cross-domain,0.0000,0.0000,3.587,0,-1.52777,0,-6.243,-2.772,-4.378,0,-8.793,-0.2657,-0.4752,-0.8657,0.9222
269.20,270.47,270.48,-1,-1.52677,0,|r_qp|,cross-domain,0.0000,0.0000,3.422,0,-1.52677,0,-6.243,-2.772,-4.378,0,-8.793,0.3268,-0.5589,-1.07,-0.8678
269.60,270.87,270.88,-1,-0.56762,0,|r_qp|,cross-domain,0.0000,0.0000,3.569,0,-0.56762,0,-6.243,-2.772,-4.378,0,-8.793,1.269,-0.3323,4.054,32.21
270.00,271.27,271.28,-1,-0.93740,0,|r_qp|,cross-domain,0.0000,0.0000,3.526,0,-0.93740,0,-6.243,-2.772,-4.378,0,-8.793,1.859,-0.5192,0.629,0.4149
270.40,271.67,271.68,-1,-1.14576,0,|r_qp|,cross-domain,0.0000,0.0000,3.363,0,-1.14576,0,-6.243,-2.772,-4.378,0,-8.793,2.969,-0.5677,-0.2168,-0.8008
270.80,272.07,272.08,-1,-1.04708,0,|r_qp|,cross-domain,0.0000,0.0000,3.503,0,-1.04708,0,-6.243,-2.772,-4.378,0,-8.793,3.942,-0.2295,2.434,33.72
271.20,272.47,272.48,-1,-1.32391,0,|r_qp|,cross-domain,0.0000,0.0000,3.490,0,-1.32391,0,-6.243,-2.772,-4.378,0,-8.793,3.715,-0.2617,-0.7339,-0.1612
271.60,272.87,272.88,-1,-1.52750,0,|r_qp|,cross-domain,0.0000,0.0000,3.454,0,-1.52750,0,-6.243,-2.772,-4.378,0,-8.793,2.351,-0.4166,-1.263,-0.734
272.00,273.27,273.28,0,-1.39900,0,|r_qp|,cross-domain,0.0000,0.0000,3.532,0,-1.39900,0,-6.243,-2.772,-4.378,0,-8.793,0.7495,-0.182,1.796,34.49
272.40,273.67,273.68,0,-1.48078,0,|r_qp|,cross-domain,0.0000,0.0000,3.406,0,-1.48078,0,-6.243,-2.772,-4.378,0,-8.793,0.4432,-0.4771,-0.8462,0.3195
272.80,274.07,274.08,0,-1.48280,0,|r_qp|,cross-domain,0.0000,0.0000,3.502,0,-1.48280,0,-6.243,-2.772,-4.378,0,-8.793,0.5712,-0.7259,-0.995,-0.8408
273.20,274.47,274.48,0,-0.10664,1,|r_qp|,cross-domain,0.0000,0.0000,3.461,0,-0.10664,1,-6.243,-2.772,-4.378,0,-8.793,1.179,-0.4633,5.033,26.54
273.60,274.87,274.88,0,-1.14426,0,|r_qp|,cross-domain,0.0000,0.0000,3.465,0,-1.14426,0,-6.243,-2.772,-4.378,0,-8.793,1.57,-0.2719,0.1027,0.651
274.00,275.27,275.28,0,-1.21246,0,|r_qp|,cross-domain,0.0000,0.0000,3.562,0,-1.21246,0,-6.243,-2.772,-4.378,0,-8.793,2.703,-0.04662,-0.2788,-0.6719
274.40,275.67,275.68,0,-0.02276,1,|r_qp|,cross-domain,0.0000,0.0000,3.392,0,-0.02276,1,-6.243,-2.772,-4.378,0,-8.793,3.643,0.5257,5.25,27.29
274.80,276.07,276.08,0,-1.52264,0,|r_qp|,cross-domain,0.0000,0.0000,3.458,0,-1.52264,0,-6.243,-2.772,-4.378,0,-8.793,3.422,0.2038,-1.176,0.3305
275.20,276.47,276.48,0,-1.56900,0,|r_qp|,cross-domain,0.0000,0.0000,3.461,0,-1.56900,0,-6.243,-2.772,-4.378,0,-8.793,1.658,-0.1657,-1.268,-0.8198
275.60,276.87,276.88,0,-1.37102,0,|r_qp|,cross-domain,0.0000,0.0000,3.402,0,-1.37102,0,-6.243,-2.772,-4.378,0,-8.793,-0.04976,-0.2698,2.002,35.19
276.00,277.27,277.28,0,-1.43307,0,|r_qp|,cross-domain,0.0000,0.0000,3.473,0,-1.43307,0,-6.243,-2.772,-4.378,0,-8.793,-0.4084,-0.6136,-0.634,0.3043
276.40,277.67,277.68,0,-1.51286,0,|r_qp|,cross-domain,0.0000,0.0000,3.542,0,-1.51286,0,-6.243,-2.772,-4.378,0,-8.793,0.451,-0.5447,-1.03,-0.7369
276.80,278.07,278.08,0,-0.59819,0,|r_qp|,cross-domain,0.0000,0.0000,3.513,0,-0.59819,0,-6.243,-2.772,-4.378,0,-8.793,1.662,-0.02118,4.099,33.96
277.20,278.47,278.48,0,-0.82304,0,|r_qp|,cross-domain,0.0000,0.0000,3.423,0,-0.82304,0,-6.243,-2.772,-4.378,0,-8.793,2.321,-0.03795,1.024,0.569
277.60,278.87,278.88,0,-0.93576,0,|r_qp|,cross-domain,0.0000,0.0000,3.422,0,-0.93576,0,-6.243,-2.772,-4.378,0,-8.793,3.496,0.03078,0.4887,-0.5456
278.00,279.27,279.28,0,-1.06444,0,|r_qp|,cross-domain,0.0000,0.0000,3.496,0,-1.06444,0,-6.243,-2.772,-4.378,0,-8.793,4.28,0.5371,2.517,34.09
278.40,279.67,279.68,0,-1.43408,0,|r_qp|,cross-domain,0.0000,0.0000,3.391,0,-1.43408,0,-6.243,-2.772,-4.378,0,-8.793,3.995,0.5854,-0.9306,-0.1049
278.80,280.07,280.08,0,-1.54860,0,|r_qp|,cross-domain,0.0000,0.0000,3.480,0,-1.54860,0,-6.243,-2.772,-4.378,0,-8.793,2.392,0.4982,-1.161,-0.8129
279.20,280.47,280.48,0,-1.50331,0,|r_qp|,cross-domain,0.0000,0.0000,3.462,0,-1.50331,0,-6.243,-2.772,-4.378,0,-8.793,0.8076,0.649,1.51,32.68
279.60,280.87,280.88,0,-1.43308,0,|r_qp|,cross-domain,0.0000,0.0000,3.970,0,-1.43308,0,-6.243,-2.772,-4.378,0,-8.793,0.5147,0.4989,-0.5453,0.00376
280.00,281.27,281.28,0,-1.50992,0,|r_qp|,cross-domain,0.0000,0.0000,3.489,0,-1.50992,0,-6.243,-2.772,-4.378,0,-8.793,0.8831,1.566,-0.6694,-0.802
280.40,281.67,281.68,0,-1.60675,0,|r_qp|,cross-domain,0.0000,0.0000,3.417,0,-1.60675,0,-6.243,-2.772,-4.378,0,-8.793,1.886,3.055,1.824,36.8
280.80,282.07,282.08,0,-1.21591,0,|r_qp|,cross-domain,0.0000,0.0000,3.458,0,-1.21591,0,-6.243,-2.772,-4.378,0,-8.793,2.572,3.279,0.4303,0.29
281.20,282.47,282.48,0,-1.19640,0,|r_qp|,cross-domain,0.0000,0.0000,3.456,0,-1.19640,0,-6.243,-2.772,-4.378,0,-8.793,3.736,3.625,0.3646,-0.5743
281.60,282.87,282.88,0,-1.68248,0,|r_qp|,cross-domain,0.0000,0.0000,3.418,0,-1.68248,0,-6.243,-2.772,-4.378,0,-8.793,4.475,3.878,1.828,42.05
282.00,283.27,283.28,0,-1.61854,0,|r_qp|,cross-domain,0.0000,0.0000,3.507,0,-1.61854,0,-6.243,-2.772,-4.378,0,-8.793,4.246,3.509,-0.9561,-0.1441
282.40,283.67,283.68,0,-1.67391,0,|r_qp|,cross-domain,0.0000,0.0000,3.450,0,-1.67391,0,-6.243,-2.772,-4.378,0,-8.793,2.735,2.499,-1.188,-0.7337
282.80,284.07,284.08,0,-1.87872,0,|r_qp|,cross-domain,0.0000,0.0000,3.442,0,-1.87872,0,-6.243,-2.772,-4.378,0,-8.793,1.237,1.459,1.043,40.69
283.20,284.47,284.48,0,-1.31837,0,|r_qp|,cross-domain,0.0000,0.0000,3.482,0,-1.31837,0,-6.243,-2.772,-4.378,0,-8.793,0.8441,1.039,-0.1272,0.09214
283.60,284.87,284.88,0,-1.45196,0,|r_qp|,cross-domain,0.0000,0.0000,3.413,0,-1.45196,0,-6.243,-2.772,-4.378,0,-8.793,1.695,1.997,-0.5045,-0.815
284.00,285.27,285.28,0,-1.46174,0,|r_qp|,cross-domain,0.0000,0.0000,3.448,0,-1.46174,0,-6.243,-2.772,-4.378,0,-8.793,2.816,3.286,2.482,40.84
284.40,285.67,285.68,0,-1.46021,0,|r_qp|,cross-domain,0.0000,0.0000,3.414,0,-1.46021,0,-6.243,-2.772,-4.378,0,-8.793,3.239,3.208,-0.4011,0.1846
284.80,286.07,286.08,0,-1.47929,0,|r_qp|,cross-domain,0.0000,0.0000,3.456,0,-1.47929,0,-6.243,-2.772,-4.378,0,-8.793,2.934,1.895,-0.7381,-0.7079
285.20,286.47,286.48,0,-0.27008,1,|r_qp|,cross-domain,0.0000,0.0000,3.482,0,-0.27008,1,-6.243,-2.772,-4.378,0,-8.793,2.641,0.8017,4.693,27.6
285.60,286.87,286.88,0,-1.32795,0,|r_qp|,cross-domain,0.0000,0.0000,3.392,0,-1.32795,0,-6.243,-2.772,-4.378,0,-8.793,2.148,-0.1652,-0.5527,-0.1804
286.00,287.27,287.28,0,-1.51909,0,|r_qp|,cross-domain,0.0000,0.0000,3.526,0,-1.51909,0,-6.243,-2.772,-4.378,0,-8.793,1.675,-0.0706,-1.105,-0.8762
286.40,287.67,287.68,0,-1.31729,0,|r_qp|,cross-domain,0.0000,0.0000,3.406,0,-1.31729,0,-6.243,-2.772,-4.378,0,-8.793,1.076,0.03179,1.857,31.76
286.80,288.07,288.08,0,-1.35216,0,|r_qp|,cross-domain,0.0000,0.0000,3.444,0,-1.35216,0,-6.243,-2.772,-4.378,0,-8.793,0.7966,-0.0488,-0.4268,0.1722
287.20,288.47,288.48,0,-1.51373,0,|r_qp|,cross-domain,0.0000,0.0000,3.486,0,-1.51373,0,-6.243,-2.772,-4.378,0,-8.793,0.7454,-0.06476,-0.9789,-0.812
287.60,288.87,288.88,0,-0.40339,0,|r_qp|,cross-domain,0.0000,0.0000,3.413,0,-0.40339,0,-6.243,-2.772,-4.378,0,-8.793,1.251,0.3903,4.702,32.4
288.00,289.27,289.28,0,-1.12887,0,|r_qp|,cross-domain,0.0000,0.0000,3.533,0,-1.12887,0,-6.243,-2.772,-4.378,0,-8.793,1.841,-0.1062,0.1218,0.2418
288.40,289.67,289.68,0,-1.01583,0,|r_qp|,cross-domain,0.0000,0.0000,3.472,0,-1.01583,0,-6.243,-2.772,-4.378,0,-8.793,3.052,0.4301,0.4022,-0.1429
288.80,290.07,290.08,0,-1.93811,0,|r_qp|,cross-domain,0.0000,0.0000,3.432,0,-1.93811,0,-6.243,-2.772,-4.378,0,-8.793,3.821,1.151,0.6635,42.84
289.20,290.47,290.48,0,-1.58379,0,|r_qp|,cross-domain,0.0000,0.0000,3.482,0,-1.58379,0,-6.243,-2.772,-4.378,0,-8.793,3.218,1.488,-1.137,-0.3428
289.60,290.87,290.88,0,-1.68404,0,|r_qp|,cross-domain,0.0000,0.0000,3.386,0,-1.68404,0,-6.243,-2.772,-4.378,0,-8.793,1.364,1.139,-1.327,-0.7599
290.00,291.27,291.28,0,-2.39403,0,|r_qp|,cross-domain,0.0000,0.0000,3.470,0,-2.39403,0,-6.243,-2.772,-4.378,0,-8.793,-0.4043,0.9408,-0.04829,46.09
290.40,291.67,291.68,0,-1.54108,0,|r_qp|,cross-domain,0.0000,0.0000,3.472,0,-1.54108,0,-6.243,-2.772,-4.378,0,-8.793,-0.6162,0.8033,-0.693,-0.1123
290.80,292.07,292.08,0,-1.57461,0,|r_qp|,cross-domain,0.0000,0.0000,3.418,0,-1.57461,0,-6.243,-2.772,-4.378,0,-8.793,0.3149,1.516,-0.8122,-0.8352
291.20,292.47,292.48,0,-1.83783,0,|r_qp|,cross-domain,0.0000,0.0000,3.487,0,-1.83783,0,-6.243,-2.772,-4.378,0,-8.793,1.493,2.742,1.204,38.11
291.60,292.87,292.88,0,-1.27711,0,|r_qp|,cross-domain,0.0000,0.0000,3.413,0,-1.27711,0,-6.243,-2.772,-4.378,0,-8.793,2.231,2.775,0.1937,0.3768
292.00,293.27,293.28,0,-1.31906,0,|r_qp|,cross-domain,0.0000,0.0000,3.439,0,-1.31906,0,-6.243,-2.772,-4.378,0,-8.793,3.198,2.559,-0.1586,-0.7159
292.40,293.67,293.68,0,-1.43315,0,|r_qp|,cross-domain,0.0000,0.0000,3.456,0,-1.43315,0,-6.243,-2.772,-4.378,0,-8.793,3.859,2.847,2.015,35.79
292.80,294.07,294.08,0,-1.63502,0,|r_qp|,cross-domain,0.0000,0.0000,3.930,0,-1.63502,0,-6.243,-2.772,-4.378,0,-8.793,3.488,2.707,-1.081,-0.2406
293.20,294.47,294.48,0,-1.51657,0,|r_qp|,cross-domain,0.0000,0.0000,3.470,0,-1.51657,0,-6.243,-2.772,-4.378,0,-8.793,1.742,2.666,-0.5567,-0.5378
293.60,294.87,294.88,0,-2.00230,0,|r_qp|,cross-domain,0.0000,0.0000,3.391,0,-2.00230,0,-6.243,-2.772,-4.378,0,-8.793,0.152,2.126,0.9084,40.51
294.00,295.27,295.28,0,-1.45528,0,|r_qp|,cross-domain,0.0000,0.0000,3.555,0,-1.45528,0,-6.243,-2.772,-4.378,0,-8.793,-0.1137,1.656,-0.3251,-0.07629
294.40,295.67,295.68,0,-1.61752,0,|r_qp|,cross-domain,0.0000,0.0000,3.449,0,-1.61752,0,-6.243,-2.772,-4.378,0,-8.793,0.2305,1.274,-0.975,-0.7871
294.80,296.07,296.08,0,-1.25683,0,|r_qp|,cross-domain,0.0000,0.0000,3.416,0,-1.25683,0,-6.243,-2.772,-4.378,0,-8.793,1.069,0.7382,2.482,36.17
295.20,296.47,296.48,0,-0.86458,0,|r_qp|,cross-domain,0.0000,0.0000,4.055,0,-0.86458,0,-6.243,-2.772,-4.378,0,-8.793,1.805,-0.1715,0.9103,0.2605
295.60,296.87,296.88,0,-0.97832,0,|r_qp|,cross-domain,0.0000,0.0000,3.503,0,-0.97832,0,-6.243,-2.772,-4.378,0,-8.793,3.526,1.292,0.59,-0.6782
296.00,297.27,297.28,0,-1.17853,0,|r_qp|,cross-domain,0.0000,0.0000,3.563,0,-1.17853,0,-6.243,-2.772,-4.378,0,-8.793,4.765,3.359,2.982,38.73
296.40,297.67,297.68,0,-1.49123,0,|r_qp|,cross-domain,0.0000,0.0000,3.703,0,-1.49123,0,-6.243,-2.772,-4.378,0,-8.793,4.486,4.162,-0.4807,-0.234
296.80,298.07,298.08,0,-1.69356,0,|r_qp|,cross-domain,0.0000,0.0000,3.441,0,-1.69356,0,-6.243,-2.772,-4.378,0,-8.793,2.647,2.627,-1.221,-0.8611
297.20,298.47,298.48,0,-1.80518,0,|r_qp|,cross-domain,0.0000,0.0000,3.458,0,-1.80518,0,-6.243,-2.772,-4.378,0,-8.793,0.7794,0.9136,0.8175,35.02
297.60,298.87,298.88,0,-1.46449,0,|r_qp|,cross-domain,0.0000,0.0000,3.479,0,-1.46449,0,-6.243,-2.772,-4.378,0,-8.793,0.3179,0.0152,-0.7085,0.03424
298.00,299.27,299.28,0,-1.52129,0,|r_qp|,cross-domain,0.0000,0.0000,3.495,0,-1.52129,0,-6.243,-2.772,-4.378,0,-8.793,0.62,-0.1216,-0.9786,-0.5259
298.40,299.67,299.68,0,-1.09356,0,|r_qp|,cross-domain,0.0000,0.0000,3.454,0,-1.09356,0,-6.243,-2.772,-4.378,0,-8.793,1.455,-0.05682,2.602,33.64
