t_start,t_end,t_release,label,score,alarm,dominant,domain,csec_corr,csec_unc,decision_ms_after_target,csec_wait_ms,prov_score,prov_alarm,|r_bal|,|r_aux|,|r_cool|,|r_ups|,|r_qp|,|r_pv|,|r_reg|,e_rec,e_fc
2.00,3.27,3.28,0,6.24451,1,e_rec,single-domain,0.0000,0.0000,4.289,0,6.24451,1,-2.44,12.68,-0.5916,0,-0.8876,31.17,50,27.56,36.83
2.40,3.67,3.68,0,3.73332,1,e_rec,single-domain,0.0000,0.0000,3.451,0,3.73332,1,-2.483,13.8,-0.4191,0,-0.876,27.3,48.32,19.33,36.92
2.80,4.07,4.08,0,13.98014,1,e_rec,single-domain,0.0000,0.0000,4.158,0,13.98014,1,-2.167,13.42,-0.3544,0,-0.858,17.78,47.15,50,8.01
3.20,4.47,4.48,0,0.09773,1,e_rec,single-domain,0.0000,0.0000,3.800,0,0.09773,1,-0.9902,10.52,0.6235,0,0.1148,8.951,50,11.26,8.196
3.60,4.87,4.88,0,8.42519,1,e_rec,single-domain,0.0000,0.0000,4.012,0,8.42519,1,-0.7319,9.036,0.4308,0,-0.1449,2.722,44.57,37.05,4.69
4.00,5.27,5.28,0,7.35084,1,e_rec,single-domain,0.0000,0.0000,4.004,0,7.35084,1,0.8036,5.769,0.573,0,-0.06899,2.993,47.63,35.38,2.693
4.40,5.67,5.68,0,-2.34084,0,e_rec,single-domain,0.0000,0.0000,3.770,0,-2.34084,0,0.07175,4.152,1.136,0,-0.04566,4.408,41.78,5.939,3.17
4.80,6.07,6.08,0,-0.30184,1,e_rec,single-domain,0.0000,0.0000,3.745,0,-0.30184,1,0.1579,4.02,0.2386,0,0.1101,6.311,37.87,11.32,-0.4443
5.20,6.47,6.48,0,-1.09791,0,e_rec,cross-domain,0.0000,0.0000,3.673,0,-1.09791,0,0.2296,2.765,-0.05782,0,0.1149,5.951,28.71,8.149,-0.4615
5.60,6.87,6.88,0,-3.53530,0,|r_aux|,cross-domain,0.0000,0.0000,4.093,0,-3.53530,0,0.4592,1.819,1.074,0,-0.3272,3.258,18.84,-0.8165,-0.506
6.00,7.27,7.28,0,-2.51795,0,e_rec,cross-domain,0.0000,0.0000,4.002,0,-2.51795,0,0.3301,1.676,0.3578,0,-0.8037,1.464,14.29,1.344,-0.5837
6.40,7.67,7.68,0,-3.10843,0,|r_aux|,cross-domain,0.0000,0.0000,3.697,0,-3.10843,0,0.574,0.723,0.4135,0,-0.3707,1.044,6.111,-0.7655,-0.3736
6.80,8.07,8.08,0,-2.56298,0,|r_aux|,cross-domain,0.0000,0.0000,3.755,0,-2.56298,0,0.531,1.328,2.131,0,-0.1642,2.064,0.621,-0.2841,-0.2042
7.20,8.47,8.48,0,-2.75523,0,|r_aux|,cross-domain,0.0000,0.0000,3.499,0,-2.75523,0,1.205,1.179,1.599,0,-0.09938,1.914,1.44,-0.9945,-0.7386
7.60,8.87,8.88,0,-2.47310,0,e_rec,cross-domain,0.0000,0.0000,3.456,0,-2.47310,0,1.005,0.8483,1.658,0,0.4715,1.262,1.019,1.078,0.7712
8.00,9.27,9.28,0,-2.86332,0,|r_bal|,cross-domain,0.0000,0.0000,3.536,0,-2.86332,0,0.8898,0.818,2.672,0,0.6363,1.756,0.8667,0.001286,-0.2813
8.40,9.67,9.68,0,-3.11544,0,|r_aux|,cross-domain,0.0000,0.0000,3.447,0,-3.11544,0,0.4018,1.159,1.264,0,0.7582,1.255,0.02505,-0.5676,-0.01917
8.80,10.07,10.08,0,-2.64204,0,|r_aux|,cross-domain,0.0000,0.0000,3.569,0,-2.64204,0,0.7462,1.031,0.6861,0,0.6967,1.277,-0.3338,0.6851,0.8752
9.20,10.47,10.48,0,-2.74952,0,|r_aux|,cross-domain,0.0000,0.0000,3.480,0,-2.74952,0,0.4879,1.218,1.971,0,0.6899,0.317,-0.1757,0.5157,0.9503
9.60,10.87,10.88,0,-3.06199,0,|r_aux|,cross-domain,0.0000,0.0000,3.476,0,-3.06199,0,0.6458,1.389,1.204,0,0.6406,-0.1873,0.6683,-0.6035,-0.492
10.00,11.27,11.28,0,-2.32202,0,e_rec,cross-domain,0.0000,0.0000,3.560,0,-2.32202,0,0.8898,1.142,1.047,0,0.2853,-0.7021,0.1367,1.387,2.163
10.40,11.67,11.68,0,-2.63320,0,|r_aux|,cross-domain,0.0000,0.0000,3.476,0,-2.63320,0,0.818,1.124,2.721,0,-0.2429,0.08972,0.2316,-0.452,0.148
10.80,12.07,12.08,0,-2.83086,0,|r_aux|,cross-domain,0.0000,0.0000,3.662,0,-2.83086,0,0.6888,1.357,1.108,0,-0.1048,0.6188,0.6034,-0.9502,-0.1606
11.20,12.47,12.48,0,-2.21836,0,e_rec,cross-domain,0.0000,0.0000,3.473,0,-2.21836,0,0.3588,1.14,0.831,0,0.3484,1.754,0.1278,1.828,2.258
11.60,12.87,12.88,0,-2.67910,0,|r_aux|,cross-domain,0.0000,0.0000,3.359,0,-2.67910,0,1.162,1.175,2.318,0,0.5908,1.86,0.3043,0.0191,0.09371
12.00,13.27,13.28,0,-2.93570,0,|r_aux|,cross-domain,0.0000,0.0000,3.417,0,-2.93570,0,0.9902,1.38,0.8368,0,0.4997,1.408,0.697,-0.7612,0.1218
12.40,13.67,13.68,0,-2.75667,0,|r_bal|,cross-domain,0.0000,0.0000,3.386,0,-2.75667,0,1.292,1.093,0.5744,0,-0.1913,0.574,0.2828,-1.005,0.9673
12.80,14.07,14.08,0,-2.23341,0,e_rec,cross-domain,0.0000,0.0000,3.372,0,-2.23341,0,0.5023,0.9368,1.775,0,-0.3034,-0.1069,-0.00279,1.104,1.176
13.20,14.47,14.48,0,-2.58887,0,|r_aux|,cross-domain,0.0000,0.0000,3.346,0,-2.58887,0,0.6171,1.249,0.6571,0,-0.4242,-0.3313,0.3177,-0.4159,-0.1393
13.60,14.87,14.88,0,-2.57818,0,|r_aux|,cross-domain,0.0000,0.0000,3.350,0,-2.57818,0,0.1148,0.988,0.7913,0,-0.4542,-0.7088,-0.1538,0.1159,0.9445
14.00,15.27,15.28,0,-2.68704,0,|r_qp|,cross-domain,0.0000,0.0000,3.407,0,-2.68704,0,0.3731,1.03,2.132,0,-0.6277,-1.123,0.04853,-0.62,0.3151
14.40,15.67,15.68,0,-2.51479,0,|r_aux|,cross-domain,0.0000,0.0000,3.348,0,-2.51479,0,0.4879,1.239,0.8351,0,-0.4676,-1.422,0.8437,0.04428,-0.5357
14.80,16.07,16.08,0,-2.48790,0,e_rec,cross-domain,0.0000,0.0000,3.393,0,-2.48790,0,0.4162,1.074,0.7759,0,0.1746,-1.288,0.3145,1.162,1.708
15.20,16.47,16.48,0,-2.56267,0,|r_aux|,cross-domain,0.0000,0.0000,3.361,0,-2.56267,0,0.4162,1.283,1.813,0,0.1118,-0.4466,0.1733,0.428,-0.1958
15.60,16.87,16.88,0,-3.21561,0,|r_aux|,cross-domain,0.0000,0.0000,3.360,0,-3.21561,0,0.3301,1.48,0.8108,0,0.7719,-0.01167,1.245,-0.6641,-0.2438
16.00,17.27,17.28,0,-3.21754,0,|r_aux|,cross-domain,0.0000,0.0000,3.421,0,-3.21754,0,0.7175,1.073,0.5779,0,1.777,0.9585,0.2193,0.3929,0.2648
16.40,17.67,17.68,0,-3.61680,0,|r_bal|,cross-domain,0.0000,0.0000,3.357,0,-3.61680,0,0.9185,0.7105,2.007,0,1.908,0.816,0.08654,-0.5832,0.3192
16.80,18.07,18.08,0,-2.89667,0,e_rec,cross-domain,0.0000,0.0000,3.421,0,-2.89667,0,1.048,1.074,0.7455,0,2.034,0.8114,0.2455,1.481,-0.3213
17.20,18.47,18.48,0,-2.96009,0,|r_bal|,cross-domain,0.0000,0.0000,3.446,0,-2.96009,0,1.722,0.9717,0.2362,0,1.543,-0.04478,0.411,0.4758,0.3145
17.60,18.87,18.88,0,-2.77626,0,|r_bal|,cross-domain,0.0000,0.0000,3.326,0,-2.77626,0,1.363,1.291,1.292,0,0.7297,-0.2691,0.4965,0.01127,0.02533
18.00,19.27,19.28,0,-2.49623,0,|r_bal|,cross-domain,0.0000,0.0000,3.380,0,-2.49623,0,1.607,1.425,0.01475,0,0.16,-0.2089,1.722,0.07328,-0.6175
18.40,19.67,19.68,0,-2.43893,0,|r_aux|,cross-domain,0.0000,0.0000,3.390,0,-2.43893,0,0.7462,0.9637,0.4648,0,-0.1178,0.6498,0.354,0.4701,0.3662
18.80,20.07,20.08,0,-2.55682,0,e_rec,cross-domain,0.0000,0.0000,3.399,0,-2.55682,0,0.7749,0.6494,2.288,0,0.2084,0.8169,0.1849,0.6136,0.05413
19.20,20.47,20.48,0,-2.78414,0,|r_aux|,cross-domain,0.0000,0.0000,3.502,0,-2.78414,0,1.019,1.057,1.046,0,0.3927,1.034,0.1083,-0.3241,-0.3608
19.60,20.87,20.88,0,-3.00579,0,|r_aux|,cross-domain,0.0000,0.0000,3.376,0,-3.00579,0,0.4449,0.8562,0.8144,0,0.3824,0.9523,-0.1879,-0.5079,0.2881
20.00,21.27,21.28,0,-2.71555,0,|r_aux|,cross-domain,0.0000,0.0000,3.417,0,-2.71555,0,0.2296,1.001,1.884,0,0.2502,1.066,-0.01752,0.2644,0.4755
20.40,21.67,21.68,0,-2.85694,0,|r_aux|,cross-domain,0.0000,0.0000,3.408,0,-2.85694,0,0.4879,1.224,0.6862,0,0.6039,0.7621,0.6283,0.107,-0.032
20.80,22.07,22.08,0,-2.94389,0,|r_aux|,cross-domain,0.0000,0.0000,3.409,0,-2.94389,0,0.6888,0.9292,0.5053,0,0.2201,-0.2403,-0.02458,-0.584,-0.2491
21.20,22.47,22.48,0,-2.99169,0,|r_bal|,cross-domain,0.0000,0.0000,3.393,0,-2.99169,0,0.9902,0.8898,2.094,0,1.301,-0.9307,0.04928,0.5753,-0.1437
21.60,22.87,22.88,0,-3.03758,0,|r_aux|,cross-domain,0.0000,0.0000,3.375,0,-3.03758,0,1.048,1.184,0.8483,0,0.969,-0.6159,0.4652,-0.1906,-0.3754
22.00,23.27,23.28,0,-3.12785,0,|r_bal|,cross-domain,0.0000,0.0000,3.424,0,-3.12785,0,1.349,0.8648,1.055,0,1.127,-0.3754,-0.04616,-0.362,-0.3206
22.40,23.67,23.68,0,-2.61097,0,|r_bal|,cross-domain,0.0000,0.0000,3.394,0,-2.61097,0,1.091,0.8783,2.444,0,0.1996,-0.2108,-0.002614,0.1215,-0.7158
22.80,24.07,24.08,0,-1.81722,0,e_rec,cross-domain,0.0000,0.0000,3.397,0,-1.81722,0,1.32,1.169,1.02,0,0.2684,-0.2784,0.9939,2.549,-0.3062
23.20,24.47,24.48,0,-2.32404,0,|r_aux|,cross-domain,0.0000,0.0000,3.403,0,-2.32404,0,0.7175,0.991,-0.01797,0,-0.42,0.07342,1.491,0.6624,-0.3322
23.60,24.87,24.88,0,-2.12868,0,|r_qp|,cross-domain,0.0000,0.0000,3.382,0,-2.12868,0,0.6888,1.17,0.8583,0,-1.05,0.38,1.777,0.3446,-0.2815
24.00,25.27,25.28,0,-2.31779,0,|r_aux|,cross-domain,0.0000,0.0000,3.466,0,-2.31779,0,0.4162,1.349,-0.4582,0,-0.6935,0.1464,3.329,0.6185,0.005004
24.40,25.67,25.68,0,-1.85775,0,e_rec,cross-domain,0.0000,0.0000,3.436,0,-1.85775,0,0.2583,1.085,-0.6124,0,-0.5757,-0.2278,2.582,2.374,-0.2299
24.80,26.07,26.08,0,-3.11382,0,|r_aux|,cross-domain,0.0000,0.0000,3.426,0,-3.11382,0,0.5884,1.064,0.8254,0,0.06656,-0.4662,2.271,-0.885,0.2166
25.20,26.47,26.48,0,-2.71329,0,|r_aux|,cross-domain,0.0000,0.0000,3.383,0,-2.71329,0,0.7606,1.3,-0.4398,0,-0.1143,-0.2835,3.019,-0.07374,-0.4957
25.60,26.87,26.88,0,-2.71705,0,|r_bal|,cross-domain,0.0000,0.0000,3.361,0,-2.71705,0,1.277,0.9552,0.1209,0,0.5631,0.8381,1.389,0.2424,-0.7045
26.00,27.27,27.28,0,-2.88977,0,|r_bal|,cross-domain,0.0000,0.0000,3.379,0,-2.88977,0,1.421,0.8614,1.941,0,0.8222,1.022,1.024,-0.1214,-0.937
26.40,27.67,27.68,0,-2.43002,0,|r_bal|,cross-domain,0.0000,0.0000,3.399,0,-2.43002,0,1.249,1.187,0.7166,0,0.2414,1.257,1.21,0.5317,0.06309
26.80,28.07,28.08,0,-1.77471,0,e_rec,cross-domain,0.0000,0.0000,3.417,0,-1.77471,0,1.105,0.9967,0.06444,0,-0.6034,0.9109,1.434,1.758,-0.1753
27.20,28.47,28.48,0,-2.18389,0,|r_aux|,cross-domain,0.0000,0.0000,3.373,0,-2.18389,0,1.076,1.093,0.8586,0,-0.5572,1.393,2.064,0.5258,-0.4055
27.60,28.87,28.88,0,-2.00608,0,e_rec,cross-domain,0.0000,0.0000,3.339,0,-2.00608,0,1.105,1.297,-0.2177,0,-0.4851,2.148,3.605,1.273,0.6571
28.00,29.27,29.28,0,-1.42528,0,e_rec,cross-domain,0.0000,0.0000,3.397,0,-1.42528,0,1.378,1.044,-0.8795,0,0.5474,2.029,3.469,4.35,-0.01242
28.40,29.67,29.68,0,-3.05575,0,|r_bal|,cross-domain,0.0000,0.0000,3.426,0,-3.05575,0,1.679,1.05,0.1433,0,0.7709,1.403,3.639,-0.5202,-0.3724
28.80,30.07,30.08,0,-3.13368,0,|r_bal|,cross-domain,0.0000,0.0000,3.421,0,-3.13368,0,1.708,1.259,-1.155,0,0.7884,0.8079,4.564,-0.6124,-0.003406
29.20,30.47,30.48,0,-2.90111,0,|r_bal|,cross-domain,0.0000,0.0000,3.414,0,-2.90111,0,1.406,0.9141,-0.1307,0,0.7831,1.019,2.521,0.09327,-0.4972
29.60,30.87,30.88,0,-2.97040,0,|r_bal|,cross-domain,0.0000,0.0000,3.329,0,-2.97040,0,1.492,0.8161,2.278,0,0.3143,0.8814,1.5,-0.828,0.8294
30.00,31.27,31.28,0,-2.71777,0,|r_aux|,cross-domain,0.0000,0.0000,3.524,0,-2.71777,0,1.076,1.161,1.288,0,0.298,1.036,1.077,-0.1647,-0.01413
30.40,31.67,31.68,0,-2.62022,0,|r_bal|,cross-domain,0.0000,0.0000,3.386,0,-2.62022,0,0.9615,0.8491,1.124,0,-0.03853,1.001,0.3852,-0.167,-0.6038
30.80,32.07,32.08,0,-2.84473,0,|r_aux|,cross-domain,0.0000,0.0000,3.414,0,-2.84473,0,0.7032,0.7351,2.692,0,0.5003,1.173,0.6357,0.1035,-0.1276
31.20,32.47,32.48,0,-2.62220,0,e_rec,cross-domain,0.0000,0.0000,3.402,0,-2.62220,0,0.6601,1.093,1.351,0,1.03,1.384,0.9776,1.372,0.643
31.60,32.87,32.88,0,-2.14577,0,e_rec,cross-domain,0.0000,0.0000,3.381,0,-2.14577,0,0.6745,0.8997,0.358,0,0.6019,0.8161,1.781,2.573,-0.2808
32.00,33.27,33.28,0,-3.12145,0,|r_aux|,cross-domain,0.0000,0.0000,3.479,0,-3.12145,0,0.6171,1.116,1.017,0,0.2149,-0.04607,2.027,-0.8922,-0.115
32.40,33.67,33.68,0,-2.07262,0,e_rec,cross-domain,0.0000,0.0000,3.417,0,-2.07262,0,0.8036,1.268,-0.6259,0,0.3306,-0.4171,3.946,2.811,1.859
32.80,34.07,34.08,0,-2.58973,0,e_rec,cross-domain,0.0000,0.0000,3.409,0,-2.58973,0,0.7893,0.9841,-1.243,0,0.3993,0.1455,3.373,1.182,-0.5421
33.20,34.47,34.48,0,-2.93654,0,|r_aux|,cross-domain,0.0000,0.0000,3.397,0,-2.93654,0,0.7175,1.044,-0.1792,0,0.3078,0.5531,3.518,-0.06963,-0.8779
33.60,34.87,34.88,0,-3.25012,0,|r_aux|,cross-domain,0.0000,0.0000,3.576,0,-3.25012,0,1.162,1.294,-1.213,0,0.4408,0.7203,4.109,-1.153,0.06802
34.00,35.27,35.28,0,-3.14268,0,|r_bal|,cross-domain,0.0000,0.0000,3.407,0,-3.14268,0,1.119,0.9629,-0.3652,0,0.3919,-0.05551,2.021,-0.9631,-0.704
34.40,35.67,35.68,0,-3.22181,0,|r_aux|,cross-domain,0.0000,0.0000,3.416,0,-3.22181,0,0.3588,0.8095,2.271,0,0.7629,-0.505,1.2,-0.2173,0.04854
34.80,36.07,36.08,0,-3.18100,0,|r_aux|,cross-domain,0.0000,0.0000,3.716,0,-3.18100,0,0.8467,1.152,1.258,0,0.5216,-0.6182,0.6236,-1.017,-0.03776
35.20,36.47,36.48,0,-2.81280,0,|r_aux|,cross-domain,0.0000,0.0000,3.555,0,-2.81280,0,0.7893,0.8545,1.131,0,0.3128,-0.8638,0.03673,-0.02704,-0.6841
35.60,36.87,36.88,0,-2.66780,0,|r_aux|,cross-domain,0.0000,0.0000,3.719,0,-2.66780,0,0.8324,0.8139,2.41,0,-0.01945,-1.158,0.318,0.09232,-0.08022
36.00,37.27,37.28,0,-2.76017,0,|r_aux|,cross-domain,0.0000,0.0000,4.031,0,-2.76017,0,1.033,1.122,1.206,0,0.3532,-1.27,0.694,0.03279,-0.4111
36.40,37.67,37.68,0,-2.78300,0,|r_aux|,cross-domain,0.0000,0.0000,2.349,0,-2.78300,0,0.7462,0.7952,1.051,0,0.1789,-1.237,0.222,0.03909,-0.6962
36.80,38.07,38.08,0,-2.83509,0,|r_bal|,cross-domain,0.0000,0.0000,4.421,0,-2.83509,0,0.9041,0.8115,2.632,0,0.3484,-1.123,0.1879,0.002876,0.3008
37.20,38.47,38.48,0,-2.87650,0,|r_aux|,cross-domain,0.0000,0.0000,3.557,0,-2.87650,0,1.105,1.157,1.44,0,0.07945,-1.037,0.5461,-0.8135,-0.4758
37.60,38.87,38.88,0,-2.81172,0,|r_bal|,cross-domain,0.0000,0.0000,5.038,0,-2.81172,0,1.378,0.8051,1.351,0,0.159,-1.143,0.1027,-0.5352,-0.8254
38.00,39.27,39.28,0,-2.43497,0,|r_qp|,cross-domain,0.0000,0.0000,5.246,0,-2.43497,0,0.6171,0.7035,2.747,0,-0.3897,-0.9614,-0.06469,0.4082,-0.6453
38.40,39.67,39.68,0,-1.82543,0,e_rec,cross-domain,0.0000,0.0000,4.080,0,-1.82543,0,0.8036,1.046,1.336,0,-0.7165,-0.9742,0.4793,1.766,1.238
38.80,40.07,40.08,0,-2.17529,0,|r_qp|,cross-domain,0.0000,0.0000,3.929,0,-2.17529,0,0.1435,0.8193,0.851,0,-1.407,-0.8853,0.2321,0.208,-0.5093
39.20,40.47,40.48,0,-2.64849,0,|r_qp|,cross-domain,0.0000,0.0000,3.816,0,-2.64849,0,0.2153,1.054,1.877,0,-0.627,-0.6115,0.07861,-0.5523,-0.875
39.60,40.87,40.88,0,-2.19296,0,e_rec,cross-domain,0.0000,0.0000,3.943,0,-2.19296,0,0.5166,1.234,0.8944,0,-0.3757,-0.5699,1.409,1.177,0.1976
40.00,41.27,41.28,0,-2.50071,0,e_rec,cross-domain,0.0000,0.0000,4.350,0,-2.50071,0,0.2009,0.9554,0.0859,0,0.3339,-0.1109,1.097,1.387,-0.5659
40.40,41.67,41.68,0,-3.25739,0,|r_aux|,cross-domain,0.0000,0.0000,4.165,0,-3.25739,0,0.4592,1.065,1.084,0,0.5504,0.2299,1.308,-0.881,0.1724
40.80,42.07,42.08,0,-3.55727,0,|r_aux|,cross-domain,0.0000,0.0000,3.789,0,-3.55727,0,0.1435,1.305,-0.4907,0,1.134,-0.07024,2.181,-0.8153,-0.1764
41.20,42.47,42.48,0,-3.03396,0,|r_aux|,cross-domain,0.0000,0.0000,3.983,0,-3.03396,0,0.1722,0.9656,0.195,0,0.8623,-0.6599,0.8701,0.4642,-0.6056
41.60,42.87,42.88,0,-2.73379,0,|r_aux|,cross-domain,0.0000,0.0000,3.719,0,-2.73379,0,0.7606,0.8132,2.406,0,0.3483,-0.781,0.881,0.4796,0.2166
42.00,43.27,43.28,0,-2.61865,0,|r_aux|,cross-domain,0.0000,0.0000,4.052,0,-2.61865,0,0.7893,1.152,1.32,0,-0.1416,-0.5823,1.105,-0.01026,0.2218
42.40,43.67,43.68,0,-2.20486,0,e_rec,cross-domain,0.0000,0.0000,3.649,0,-2.20486,0,1.119,0.9098,0.9417,0,-0.3776,-0.5453,0.6684,0.7885,-0.5031
42.80,44.07,44.08,0,-2.93845,0,|r_aux|,cross-domain,0.0000,0.0000,3.676,0,-2.93845,0,0.7893,0.9878,2.069,0,-0.06897,-0.4894,0.4318,-1.004,-0.8147
43.20,44.47,44.48,0,-2.19328,0,e_rec,cross-domain,0.0000,0.0000,3.415,0,-2.19328,0,0.5453,1.225,0.9892,0,0.09383,-0.6287,0.9617,1.678,-0.1171
43.60,44.87,44.88,0,-2.97289,0,|r_bal|,cross-domain,0.0000,0.0000,3.564,0,-2.97289,0,1.091,0.8187,0.8324,0,0.2799,0.8603,0.2469,-0.9255,-0.8959
44.00,45.27,45.28,0,-2.52211,0,|r_bal|,cross-domain,0.0000,0.0000,3.520,0,-2.52211,0,1.679,0.6607,2.285,0,0.3731,1.87,0.2366,0.1816,-0.4847
44.40,45.67,45.68,0,-2.27638,0,|r_bal|,cross-domain,0.0000,0.0000,3.422,0,-2.27638,0,1.823,1.05,0.7721,0,-0.1786,1.898,0.6273,0.009321,0.1553
44.80,46.07,46.08,0,-2.17589,0,|r_bal|,cross-domain,0.0000,0.0000,3.505,0,-2.17589,0,1.794,0.895,-0.3347,0,0.09011,1.284,0.6716,0.8614,-0.3412
45.20,46.47,46.48,0,-2.58769,0,|r_aux|,cross-domain,0.0000,0.0000,3.353,0,-2.58769,0,0.7175,1.183,-0.05779,0,-0.06902,0.7898,1.062,-0.01519,-0.7142
45.60,46.87,46.88,0,-3.09798,0,|r_aux|,cross-domain,0.0000,0.0000,3.436,0,-3.09798,0,0.574,1.349,-1.129,0,0.1568,0.5526,2.304,-1.063,-0.884
46.00,47.27,47.28,0,-3.17863,0,|r_aux|,cross-domain,0.0000,0.0000,3.664,0,-3.17863,0,0.3875,0.887,-0.6431,0,0.1915,-0.1024,0.8862,-0.9989,-0.7815
46.40,47.67,47.68,0,-3.22402,0,|r_bal|,cross-domain,0.0000,0.0000,3.616,0,-3.22402,0,0.9615,0.5418,1.671,0,0.6217,-0.8858,0.3994,-0.7017,-0.09651
46.80,48.07,48.08,0,-2.81719,0,|r_bal|,cross-domain,0.0000,0.0000,3.980,0,-2.81719,0,1.162,0.9744,0.8341,0,0.05288,-0.8129,0.06655,-0.5853,0.8743
47.20,48.47,48.48,0,-3.14506,0,|r_aux|,cross-domain,0.0000,0.0000,3.662,0,-3.14506,0,0.3588,0.7779,0.6476,0,0.3221,-0.4597,-0.2559,-0.8042,-0.705
47.60,48.87,48.88,0,-2.92476,0,|r_aux|,cross-domain,0.0000,0.0000,3.828,0,-2.92476,0,0.0861,1.046,2.412,0,-0.02538,-0.1415,-0.1627,-0.6064,-0.256
48.00,49.27,49.28,0,-2.65409,0,|r_aux|,cross-domain,0.0000,0.0000,3.802,0,-2.65409,0,0.04305,1.273,1.177,0,0.2384,-0.02425,0.8853,0.6841,0.493
48.40,49.67,49.68,0,-3.15947,0,|r_aux|,cross-domain,0.0000,0.0000,3.705,0,-3.15947,0,0.574,0.9534,1.126,0,0.449,-0.1256,0.3233,-0.8804,-0.5124
48.80,50.07,50.08,0,-3.04177,0,|r_aux|,cross-domain,0.0000,0.0000,3.870,0,-3.04177,0,0.5597,0.9119,2.037,0,0.3248,-0.08686,0.5156,-0.6423,-0.6802
49.20,50.47,50.48,0,-3.21193,0,|r_aux|,cross-domain,0.0000,0.0000,3.760,0,-3.21193,0,0.5023,1.217,0.5144,0,0.5038,-0.2138,0.6311,-1.018,-0.3983
49.60,50.87,50.88,0,-2.82482,0,|r_aux|,cross-domain,0.0000,0.0000,3.610,0,-2.82482,0,0.8611,0.886,0.2328,0,0.425,-0.4664,0.02928,-0.01177,-0.5532
50.00,51.27,51.28,0,-3.14282,0,|r_bal|,cross-domain,0.0000,0.0000,3.662,0,-3.14282,0,1.177,0.8054,1.664,0,0.8834,-0.8231,-0.126,-0.542,-0.3288
50.40,51.67,51.68,0,-3.08319,0,|r_bal|,cross-domain,0.0000,0.0000,3.628,0,-3.08319,0,1.263,1.133,1.198,0,0.6867,-0.9764,0.3349,-0.7485,0.1279
50.80,52.07,52.08,0,-2.80273,0,|r_bal|,cross-domain,0.0000,0.0000,3.556,0,-2.80273,0,0.9902,0.8008,0.9715,0,0.2482,-0.8235,0.05168,-0.185,-0.8672
51.20,52.47,52.48,0,-2.81052,0,|r_aux|,cross-domain,0.0000,0.0000,3.636,0,-2.81052,0,0.7175,0.8501,2.379,0,-0.1033,-0.6298,0.1833,-0.5474,-0.827
51.60,52.87,52.88,0,-2.34818,0,e_rec,cross-domain,0.0000,0.0000,3.670,0,-2.34818,0,0.5884,1.139,0.91,0,-0.02476,0.07933,0.5992,0.8897,-0.6515
52.00,53.27,53.28,0,-2.24632,0,e_rec,cross-domain,0.0000,0.0000,3.588,0,-2.24632,0,0.9902,0.837,0.5907,0,0.001379,1.411,0.162,0.9655,-0.3305
52.40,53.67,53.68,0,-2.57676,0,|r_aux|,cross-domain,0.0000,0.0000,3.807,0,-2.57676,0,0.8611,0.828,1.969,0,0.2587,2.83,0.0988,0.1436,-0.4325
52.80,54.07,54.08,0,-2.30022,0,|r_bal|,cross-domain,0.0000,0.0000,3.658,0,-2.30022,0,1.335,1.155,0.9632,0,0.07159,3.277,0.5249,0.2616,-0.4876
53.20,54.47,54.48,0,-2.45985,0,|r_bal|,cross-domain,0.0000,0.0000,3.678,0,-2.45985,0,1.306,0.8357,0.7966,0,-0.1181,2.099,0.01151,-0.1662,-0.324
53.60,54.87,54.88,0,-2.74338,0,|r_aux|,cross-domain,0.0000,0.0000,3.580,0,-2.74338,0,0.8467,0.8309,2.127,0,0.03332,0.8004,0.08984,-0.3861,-0.2284
54.00,55.27,55.28,0,-2.74132,0,|r_aux|,cross-domain,0.0000,0.0000,3.689,0,-2.74132,0,0.5597,1.152,1.062,0,-0.3662,0.07703,0.5363,-0.766,-0.64
54.40,55.67,55.68,0,-2.74875,0,|r_aux|,cross-domain,0.0000,0.0000,3.640,0,-2.74875,0,0.2009,0.7563,0.7516,0,-0.03,0.1516,-0.1799,0.003951,-0.8129
54.80,56.07,56.08,0,-3.20319,0,|r_aux|,cross-domain,0.0000,0.0000,3.588,0,-3.20319,0,0.287,0.6373,2.228,0,0.09434,4.476e-05,-0.5802,-1.288,-0.7937
55.20,56.47,56.48,0,-2.73049,0,|r_aux|,cross-domain,0.0000,0.0000,3.611,0,-2.73049,0,0.5884,1.02,0.9988,0,0.6688,0.091,0.02074,0.6162,-0.2056
55.60,56.87,56.88,0,-2.64340,0,e_rec,cross-domain,0.0000,0.0000,3.865,0,-2.64340,0,0.8324,0.8086,0.7559,0,1.028,1.15,-0.3069,1.138,-0.3374
56.00,57.27,57.28,0,-2.91174,0,|r_aux|,cross-domain,0.0000,0.0000,3.580,0,-2.91174,0,1.076,1.094,2.061,0,0.6507,1.922,-0.1781,-0.638,-0.5098
56.40,57.67,57.68,0,-3.13104,0,|r_aux|,cross-domain,0.0000,0.0000,3.602,0,-3.13104,0,0.9328,1.315,0.7439,0,0.5977,1.96,0.3941,-1.317,-0.4685
56.80,58.07,58.08,0,-2.75680,0,|r_aux|,cross-domain,0.0000,0.0000,3.519,0,-2.75680,0,0.7893,0.9086,0.6461,0,0.07766,0.369,-0.06617,-0.3651,-0.7614
57.20,58.47,58.48,0,-3.15274,0,|r_bal|,cross-domain,0.0000,0.0000,3.620,0,-3.15274,0,0.7893,0.7235,1.905,0,0.2303,-0.8931,-0.009264,-1.116,-0.7381
57.60,58.87,58.88,0,-2.73319,0,|r_aux|,cross-domain,0.0000,0.0000,3.663,0,-2.73319,0,0.9615,1.08,0.729,0,0.1639,-1.071,0.1799,-0.1467,-0.2334
58.00,59.27,59.28,0,-2.86361,0,|r_bal|,cross-domain,0.0000,0.0000,3.593,0,-2.86361,0,0.8611,0.7467,0.7214,0,0.1758,-0.1296,-0.2309,-0.4731,-0.7879
58.40,59.67,59.68,0,-2.75327,0,|r_bal|,cross-domain,0.0000,0.0000,3.711,0,-2.75327,0,1.335,0.7879,2.456,0,0.2113,0.5909,-0.09657,-0.4781,-0.1539
58.80,60.07,65.41,0,-1.66882,0,e_rec,single-domain,0.0547,0.0000,5332.830,5330,-1.23132,0,1.071,1.482,14.13,50,32.81,8.735,10.14,50,50
59.20,60.47,65.41,0,-10.13645,0,e_rec,single-domain,0.3672,0.0000,4932.830,4930,-7.19895,0,1.96,7.611,50,50,50,50,50,50,50
59.60,60.87,65.41,0,-11.15322,0,e_rec,single-domain,0.6797,0.0000,4532.830,4530,-5.71572,0,2.85,13.58,50,50,50,50,50,50,50
60.00,61.27,65.41,0,-11.19103,0,e_rec,single-domain,0.9922,0.0000,4132.830,4130,-3.25353,0,3.826,20.47,50,50,50,50,50,50,15.95
60.40,61.67,65.41,0,-11.74372,0,e_rec,single-domain,1.0000,0.0000,3732.830,3730,-3.74372,0,5.568,20.04,50,50,50,50,50,50,50
60.80,62.07,65.41,0,-12.31862,0,e_rec,single-domain,1.0000,0.0000,3332.830,3330,-4.31862,0,4.807,18.13,50,50,50,50,50,50,50
61.20,62.47,65.41,0,-12.22443,0,e_rec,single-domain,1.0000,0.0000,2932.830,2930,-4.22443,0,5.146,18.23,50,50,50,50,50,50,50
61.60,62.87,65.41,0,-11.95555,0,e_rec,single-domain,1.0000,0.0000,2532.830,2530,-3.95555,0,4.269,20.31,50,50,50,50,50,50,50
62.00,63.27,65.41,0,-11.10180,0,e_rec,single-domain,1.0000,0.0000,2132.830,2130,-3.10180,0,4.484,21.11,50,50,50,50,50,50,21.54
62.40,63.67,65.41,0,-11.67179,0,e_rec,single-domain,1.0000,0.0000,1732.830,1730,-3.67179,0,5.308,20.62,50,0,50,50,50,50,50
62.80,64.07,65.41,0,-12.53407,0,e_rec,single-domain,1.0000,0.0000,1332.830,1330,-4.53407,0,7.018,15.01,50,0,50,50,50,50,50
63.20,64.47,65.41,0,-13.79128,0,e_rec,single-domain,1.0000,0.0000,932.830,930,-5.79128,0,6.257,10.69,50,0,50,46.15,50,50,50
63.60,64.87,65.41,0,-22.88881,0,e_rec,single-domain,1.0000,0.0000,532.830,530,-14.88881,0,4.176,6.612,50,0,50,29.85,50,25.14,6.99
64.00,65.27,65.41,0,-15.79118,0,e_rec,single-domain,1.0000,0.0000,132.830,130,-7.79118,0,2.038,2.546,50,0,50,28.15,42.62,50,5.864
64.40,65.67,67.68,0,-2.10105,0,e_rec,cross-domain,0.7719,0.0000,2004.556,2000,4.07395,1,0.9328,0.7095,2.078,0,-0.5504,26.4,6.421,19.27,22.31
64.80,66.07,67.68,0,1.05446,1,e_rec,cross-domain,0.7094,0.0000,1604.556,1600,6.72946,1,0.9328,0.8385,1.074,0,0.7878,26.5,9.255,29.26,17.53
65.20,66.47,67.68,0,-7.65643,0,|r_pv|,cross-domain,0.5719,0.0000,1204.556,1200,-3.08143,0,0.7749,0.3297,0.8288,0,0.6375,22.02,9.357,-0.5516,11.5
65.60,66.87,67.68,0,-2.35655,0,e_rec,cross-domain,0.4313,0.0000,804.556,800,1.09345,1,1.191,-0.02723,2.247,0,0.7899,16.08,7.368,12.75,9.651
66.00,67.27,67.68,0,-4.59142,0,|r_pv|,cross-domain,0.2250,0.0000,404.556,400,-2.79142,0,1.306,0.4042,1.008,0,0.3853,8.464,5.475,0.6099,10.42
66.40,67.67,67.68,0,-3.40812,0,|r_bal|,cross-domain,0.0000,0.0000,4.556,0,-3.40812,0,1.607,0.03898,0.6348,0,0.4888,0.2819,6.696,-0.2862,4.071
66.80,68.07,68.08,0,-0.49846,0,e_rec,cross-domain,0.0000,0.0000,3.771,0,-0.49846,0,1.823,0.3094,2.197,0,1.213,0.1165,8.418,10.23,13.45
67.20,68.47,68.48,0,-3.81649,0,|r_bal|,cross-domain,0.0000,0.0000,3.797,0,-3.81649,0,1.421,0.6134,0.9523,0,1.177,0.5013,8.715,-0.5796,4.509
67.60,68.87,68.88,0,-3.28675,0,e_rec,cross-domain,0.0000,0.0000,4.213,0,-3.28675,0,1.277,0.2332,0.6623,0,1.152,0.4181,6.733,1.105,5.354
68.00,69.27,69.28,0,2.26915,1,e_rec,cross-domain,0.0000,0.0000,4.026,0,2.26915,1,0.7462,0.1869,1.867,0,0.7032,-0.1837,5.941,17.98,5.92
68.40,69.67,69.68,0,-2.54345,0,e_rec,cross-domain,0.0000,0.0000,3.883,0,-2.54345,0,0.7749,0.5362,0.9386,0,0.5073,-0.7626,4.89,2.495,5.093
68.80,70.07,70.08,0,-3.84733,0,|r_bal|,cross-domain,0.0000,0.0000,4.295,0,-3.84733,0,1.349,0.1189,0.8929,0,1.083,-0.8363,5.367,-0.9644,2.396
69.20,70.47,70.48,0,-1.05652,0,e_rec,cross-domain,0.0000,0.0000,3.846,0,-1.05652,0,1.32,0.07568,2.258,0,0.5956,-0.8972,6.779,7.574,6.696
69.60,70.87,70.88,0,-3.66175,0,|r_bal|,cross-domain,0.0000,0.0000,3.890,0,-3.66175,0,1.205,0.4933,1.094,0,0.8817,-0.7682,5.989,-0.6489,3.386
70.00,71.27,71.28,0,-3.92498,0,|r_bal|,cross-domain,0.0000,0.0000,3.729,0,-3.92498,0,0.6888,0.1341,1.337,0,0.754,-0.6583,5.915,-1.089,3.309
70.40,71.67,71.68,0,-1.30993,0,e_rec,cross-domain,0.0000,0.0000,3.772,0,-1.30993,0,0.574,0.2068,2.692,0,0.9785,-0.4775,6.271,7.633,8.167
70.80,72.07,72.08,0,-3.79851,0,|r_aux|,cross-domain,0.0000,0.0000,3.969,0,-3.79851,0,0.4592,0.5729,1.333,0,0.6662,-0.1696,5.578,-1.202,1.512
71.20,72.47,72.48,0,-3.61200,0,|r_aux|,cross-domain,0.0000,0.0000,3.753,0,-3.61200,0,0.1722,0.1837,0.8883,0,0.5389,-0.2579,4.923,-0.4124,1.891
71.60,72.87,72.88,0,-1.54452,0,e_rec,cross-domain,0.0000,0.0000,3.895,0,-1.54452,0,0.244,0.1898,2.339,0,-0.1673,-0.507,4.523,5.228,6.177
72.00,73.27,73.28,0,-3.42946,0,|r_qp|,cross-domain,0.0000,0.0000,3.653,0,-3.42946,0,0.1722,0.524,1.275,0,-0.3898,-0.8622,4.307,-1.08,5.288
72.40,73.67,73.68,0,-2.68744,0,|r_qp|,cross-domain,0.0000,0.0000,3.591,0,-2.68744,0,0.8467,0.2388,1.303,0,-1.107,-0.7089,4.42,-0.2542,1.065
72.80,74.07,74.08,0,0.70883,1,e_rec,cross-domain,0.0000,0.0000,5.041,0,0.70883,1,0.6314,0.6032,2.744,0,-1.175,0.2152,5.308,10.41,6.608
73.20,74.47,74.48,0,-2.70762,0,|r_qp|,cross-domain,0.0000,0.0000,4.103,0,-2.70762,0,0.9759,0.8064,1.386,0,-0.6449,0.7755,6.17,-0.07955,0.9902
73.60,74.87,74.88,0,-3.31546,0,|r_bal|,cross-domain,0.0000,0.0000,4.096,0,-3.31546,0,1.435,0.4375,1.24,0,0.1815,0.939,5.873,-0.9984,1.044
74.00,75.27,75.28,0,-0.75681,0,e_rec,cross-domain,0.0000,0.0000,4.054,0,-0.75681,0,1.952,0.2942,2.348,0,0.8179,0.3648,6.892,7.775,2.14
74.40,75.67,75.68,0,-3.35050,0,|r_bal|,cross-domain,0.0000,0.0000,2.779,0,-3.35050,0,1.593,0.6281,0.8478,0,0.8749,-0.2659,5.56,-0.2949,1.579
74.80,76.07,76.08,0,-3.10893,0,|r_bal|,cross-domain,0.0000,0.0000,4.164,0,-3.10893,0,1.693,0.3984,0.5567,0,0.5452,-0.9005,4.824,0.05723,1.343
75.20,76.47,76.48,0,-0.67039,0,e_rec,cross-domain,0.0000,0.0000,3.814,0,-0.67039,0,0.9615,0.5708,2.281,0,0.6162,-0.8031,4.28,7.896,1.538
75.60,76.87,76.88,0,-2.40840,0,e_rec,cross-domain,0.0000,0.0000,3.895,0,-2.40840,0,1.105,0.7805,1.276,0,0.02997,-0.4276,4.704,1.567,1.177
76.00,77.27,77.28,0,-3.14945,0,e_rec,cross-domain,0.0000,0.0000,3.733,0,-3.14945,0,0.9041,0.415,1.203,0,1.15,0.933,4.941,0.8605,-0.4558
76.40,77.67,77.68,0,0.20212,1,e_rec,cross-domain,0.0000,0.0000,3.928,0,0.20212,1,0.7319,0.3347,1.865,0,0.4211,2.078,6.146,10.56,0.9407
76.80,78.07,78.08,0,-3.12374,0,|r_bal|,cross-domain,0.0000,0.0000,3.692,0,-3.12374,0,0.7462,0.6688,1.059,0,0.6443,2.081,5.052,0.1047,-0.2974
77.20,78.47,78.48,0,-2.82766,0,e_rec,cross-domain,0.0000,0.0000,3.587,0,-2.82766,0,0.8324,0.3656,0.8809,0,0.291,0.935,3.877,0.6221,-0.8031
77.60,78.87,78.88,0,-0.44354,0,e_rec,cross-domain,0.0000,0.0000,3.883,0,-0.44354,0,0.9615,0.3344,2.359,0,0.6596,-0.1958,3.475,8.6,1.631
78.00,79.27,79.28,0,-2.82546,0,e_rec,cross-domain,0.0000,0.0000,3.775,0,-2.82546,0,0.6027,0.6781,1.123,0,0.7329,-0.7791,2.597,1.197,0.1156
78.40,79.67,79.68,0,-3.32138,0,e_rec,cross-domain,0.0000,0.0000,3.758,0,-3.32138,0,0.7175,0.3846,0.7827,0,1.362,-0.3541,3.311,0.6129,-0.8298
78.80,80.07,80.08,0,-1.41147,0,e_rec,cross-domain,0.0000,0.0000,3.815,0,-1.41147,0,0.0861,0.4734,2.21,0,1.73,0.6354,4.271,7.533,2.062
79.20,80.47,80.48,0,-3.00576,0,e_rec,cross-domain,0.0000,0.0000,3.784,0,-3.00576,0,0.1435,0.7261,1.143,0,0.9785,1.357,4.502,1.341,1.068
79.60,80.87,80.88,0,-2.76864,0,e_rec,cross-domain,0.0000,0.0000,4.010,0,-2.76864,0,0.5166,0.4575,1.079,0,0.08147,2.388,3.874,0.48,-0.8831
80.00,81.27,81.28,0,0.64189,1,e_rec,cross-domain,0.0000,0.0000,3.912,0,0.64189,1,0.3444,0.6067,2.254,0,-0.8968,3.148,4.678,9.876,0.8452
80.40,81.67,81.68,0,-2.32667,0,e_rec,cross-domain,0.0000,0.0000,3.761,0,-2.32667,0,0.4162,0.8487,0.893,0,-0.4124,2.721,4.743,1.126,-0.7371
80.80,82.07,82.08,0,-2.39035,0,|r_qp|,cross-domain,0.0000,0.0000,3.725,0,-2.39035,0,0.6745,0.5,0.9561,0,-0.6958,1.014,4.256,0.7657,-0.7112
81.20,82.47,82.48,0,-1.41724,0,e_rec,cross-domain,0.0000,0.0000,3.661,0,-1.41724,0,1.478,0.3474,2.095,0,0.3549,-0.5375,4.016,4.851,-0.5981
81.60,82.87,82.88,0,-3.32112,0,|r_bal|,cross-domain,0.0000,0.0000,4.433,0,-3.32112,0,1.277,0.6968,1.253,0,0.4226,-1.16,2.747,-1.167,-0.7525
82.00,83.27,83.28,0,-3.15217,0,|r_bal|,cross-domain,0.0000,0.0000,3.873,0,-3.15217,0,0.7462,0.3232,0.926,0,0.7565,-0.5321,2.569,0.2583,-0.9744
82.40,83.67,83.68,0,-0.59588,0,e_rec,cross-domain,0.0000,0.0000,3.775,0,-0.59588,0,0.574,0.1778,1.832,0,0.008586,0.5489,2.928,7.32,-0.4753
82.80,84.07,84.08,0,-2.86769,0,|r_bal|,cross-domain,0.0000,0.0000,3.771,0,-2.86769,0,0.6171,0.5075,0.6312,0,-0.1761,1.344,2.207,-0.2854,0.7731
83.20,84.47,84.48,0,-3.02943,0,|r_bal|,cross-domain,0.0000,0.0000,3.733,0,-3.02943,0,1.019,0.3118,0.5799,0,0.4295,1.985,2.163,-0.3239,-0.7823
83.60,84.87,84.88,0,-0.41961,1,e_rec,cross-domain,0.0000,0.0000,3.717,0,-0.41961,1,0.9759,0.7206,2.196,0,0.7474,2.585,3.34,8.244,3.077
84.00,85.27,85.28,0,-2.73136,0,e_rec,cross-domain,0.0000,0.0000,3.963,0,-2.73136,0,1.091,0.9186,1.44,0,0.9789,2.251,4.478,1.193,-0.842
84.40,85.67,85.68,0,-2.81071,0,|r_bal|,cross-domain,0.0000,0.0000,3.922,0,-2.81071,0,0.8324,0.5187,1.142,0,0.04047,1.923,4.604,0.242,-0.7937
84.80,86.07,86.08,0,-2.83512,0,e_rec,cross-domain,0.0000,0.0000,4.033,0,-2.83512,0,0.8036,0.2613,2.733,0,0.4979,1.226,4.82,1.114,0.2252
85.20,86.47,86.48,0,-3.06235,0,|r_bal|,cross-domain,0.0000,0.0000,3.536,0,-3.06235,0,0.7175,0.6487,1.51,0,0.2245,0.6475,3.184,-0.3692,-0.4018
85.60,86.87,86.88,0,-3.07493,0,|r_bal|,cross-domain,0.0000,0.0000,3.578,0,-3.07493,0,0.9472,0.4414,1.209,0,0.2833,0.3052,3.242,-0.3067,-0.7671
86.00,87.27,87.28,0,-0.85111,0,e_rec,cross-domain,0.0000,0.0000,3.562,0,-0.85111,0,1.234,0.6477,2.252,0,0.3069,0.3652,3.961,6.36,-0.6284
86.40,87.67,87.68,0,-2.70364,0,|r_aux|,cross-domain,0.0000,0.0000,3.484,0,-2.70364,0,0.8324,0.846,0.5843,0,-0.3246,0.6863,4.897,0.1108,-0.6215
86.80,88.07,88.08,0,-2.93689,0,|r_bal|,cross-domain,0.0000,0.0000,3.580,0,-2.93689,0,0.6888,0.4528,0.3024,0,0.02868,1.73,4.263,-0.01694,-0.4122
87.20,88.47,88.48,0,-2.22668,0,e_rec,cross-domain,0.0000,0.0000,3.544,0,-2.22668,0,0.574,0.3148,1.567,0,-0.5088,3.026,4.561,1.522,-0.1674
87.60,88.87,88.88,0,-2.39234,0,e_rec,cross-domain,0.0000,0.0000,3.736,0,-2.39234,0,0.7175,0.6762,0.8179,0,-0.3182,3.178,3.475,0.7016,-0.6249
88.00,89.27,89.28,0,-2.46966,0,e_rec,cross-domain,0.0000,0.0000,3.684,0,-2.46966,0,0.8611,0.3013,0.7639,0,-0.4294,2.072,3.716,0.6479,-0.8201
88.40,89.67,89.68,0,-1.59797,0,e_rec,cross-domain,0.0000,0.0000,3.533,0,-1.59797,0,0.7175,0.09616,2.159,0,-0.7883,0.5746,4.406,3.395,-0.6292
88.80,90.07,90.08,0,-2.44056,0,e_rec,cross-domain,0.0000,0.0000,3.847,0,-2.44056,0,0.6027,0.5338,1.023,0,-0.0929,-0.1121,3.039,1.379,-0.2682
89.20,90.47,90.48,0,-3.26105,0,|r_bal|,cross-domain,0.0000,0.0000,3.744,0,-3.26105,0,0.2583,0.1523,0.6057,0,0.1294,-0.1543,3.081,-0.3821,-0.5137
89.60,90.87,90.88,0,-3.15662,0,e_rec,cross-domain,0.0000,0.0000,3.773,0,-3.15662,0,0,0.1162,1.981,0,0.6307,-0.1596,3.31,0.8716,0.6517
90.00,91.27,91.28,0,-3.17691,0,|r_aux|,cross-domain,0.0000,0.0000,4.297,0,-3.17691,0,0.2153,0.4907,0.8362,0,0.3059,-0.2003,3.138,-0.09721,-0.7266
90.40,91.67,91.68,0,-3.10628,0,|r_qp|,cross-domain,0.0000,0.0000,4.116,0,-3.10628,0,-0.1722,0.1746,1.014,0,-0.2988,0.312,1.976,-0.4566,-0.5755
90.80,92.07,92.08,0,-1.52785,0,e_rec,cross-domain,0.0000,0.0000,4.193,0,-1.52785,0,-0.1005,0.5032,2.416,0,-0.8001,0.6815,1.603,3.488,1.327
91.20,92.47,92.48,0,-2.78368,0,|r_qp|,cross-domain,0.0000,0.0000,4.193,0,-2.78368,0,-0.1866,0.7599,1.027,0,-1.132,0.7295,2.394,-0.9132,-0.703
91.60,92.87,92.88,0,-3.09591,0,|r_qp|,cross-domain,0.0000,0.0000,4.201,0,-3.09591,0,0.4162,0.359,0.6777,0,-0.5133,-0.3324,2.157,-1.097,-0.7605
92.00,93.27,93.28,0,-1.84332,0,e_rec,cross-domain,0.0000,0.0000,4.216,0,-1.84332,0,0.9041,0.1854,2.017,0,0.05175,-1.071,2.456,3.409,-0.8582
92.40,93.67,93.68,0,-2.94890,0,|r_bal|,cross-domain,0.0000,0.0000,4.061,0,-2.94890,0,0.7175,0.5839,0.7938,0,0.05764,-1.316,1.488,-0.2464,-0.8237
92.80,94.07,94.08,0,-3.14150,0,|r_bal|,cross-domain,0.0000,0.0000,3.891,0,-3.14150,0,0.5453,0.2998,0.7865,0,0.418,-0.8511,1.132,-0.1923,-0.813
93.20,94.47,94.48,0,-2.19650,0,e_rec,cross-domain,0.0000,0.0000,3.976,0,-2.19650,0,0.4305,0.4779,1.885,0,0.4949,0.01144,1.863,2.793,-0.45
93.60,94.87,94.88,0,-2.48132,0,e_rec,cross-domain,0.0000,0.0000,4.164,0,-2.48132,0,1.22,0.7352,0.725,0,0.2881,0.866,2.585,0.9746,-0.8833
94.00,95.27,95.28,0,-2.46727,0,e_rec,cross-domain,0.0000,0.0000,4.085,0,-2.46727,0,0.8324,0.3216,0.2462,0,0.5158,2.238,2.549,1.682,-0.6693
94.40,95.67,95.68,0,-1.58568,0,e_rec,cross-domain,0.0000,0.0000,4.184,0,-1.58568,0,0.7606,0.214,1.657,0,0.5279,2.896,2.9,4.528,-0.00482
94.80,96.07,96.08,0,-3.00105,0,|r_aux|,cross-domain,0.0000,0.0000,2.732,0,-3.00105,0,0.3588,0.61,0.5086,0,0.5735,2.454,1.988,0.0884,-0.7552
95.20,96.47,96.48,0,-3.38094,0,|r_bal|,cross-domain,0.0000,0.0000,4.062,0,-3.38094,0,0.5166,0.2617,0.7098,0,0.4241,1.027,1.492,-1.05,-0.751
95.60,96.87,96.88,0,-1.98311,0,e_rec,cross-domain,0.0000,0.0000,3.930,0,-1.98311,0,0.9759,0.2304,2.003,0,0.08194,-0.373,1.849,2.835,0.4085
96.00,97.27,97.28,0,-2.08127,0,e_rec,cross-domain,0.0000,0.0000,3.992,0,-2.08127,0,1.005,0.6064,0.7767,0,-0.1419,-0.4467,1.544,1.871,-0.7987
96.40,97.67,97.68,0,-2.79824,0,|r_qp|,cross-domain,0.0000,0.0000,3.675,0,-2.79824,0,0.531,0.2096,0.7249,0,-0.2706,0.2046,1.544,-0.02168,-0.8721
96.80,98.07,98.08,0,-2.82904,0,|r_qp|,cross-domain,0.0000,0.0000,3.978,0,-2.82904,0,-0.0287,0.1369,2.153,0,-0.5291,1.136,2.758,0.05764,-0.314
97.20,98.47,98.48,0,-2.23432,0,e_rec,cross-domain,0.0000,0.0000,3.770,0,-2.23432,0,-0.1866,0.5138,1.058,0,-0.7317,1.498,2.268,1.362,-0.4234
97.60,98.87,98.88,0,-3.06774,0,|r_pv|,cross-domain,0.0000,0.0000,3.695,0,-3.06774,0,0.07175,0.1926,0.6357,0,-0.08867,1.147,1.888,-0.363,-0.7728
98.00,99.27,99.28,0,-0.62180,0,e_rec,cross-domain,0.0000,0.0000,3.575,0,-0.62180,0,0.8898,0.49,1.744,0,0.1109,0.9136,1.637,6.694,-0.4733
98.40,99.67,99.68,0,-2.94049,0,|r_aux|,cross-domain,0.0000,0.0000,4.132,0,-2.94049,0,0.8611,1.057,0.5439,0,0.4984,0.4197,-0.361,-0.5968,-0.8915
98.80,100.07,100.08,0,-2.61321,0,|r_bal|,cross-domain,0.0000,0.0000,3.689,0,-2.61321,0,0.9615,0.6678,0.7163,0,-0.3676,-0.3177,-0.01516,-0.3203,-0.2902
99.20,100.47,100.48,0,-2.74289,0,|r_bal|,cross-domain,0.0000,0.0000,3.821,0,-2.74289,0,0.6601,0.3606,1.991,0,-0.241,-0.847,0.8434,0.006167,-0.6779
99.60,100.87,100.88,0,-2.65662,0,|r_aux|,cross-domain,0.0000,0.0000,4.021,0,-2.65662,0,0.9472,0.9326,0.9529,0,-0.008789,-0.8072,-0.08342,-0.1519,-0.8644
100.00,101.27,101.28,0,-3.08261,0,|r_bal|,cross-domain,0.0000,0.0000,3.768,0,-3.08261,0,0.6888,0.4777,0.6277,0,0.1479,-0.737,-0.205,-0.8105,-0.8018
100.40,101.67,101.68,0,-2.52625,0,e_rec,cross-domain,0.0000,0.0000,3.766,0,-2.52625,0,0.5023,0.4873,1.858,0,-0.05436,-0.7646,0.2,0.8072,-0.7771
100.80,102.07,102.08,0,-2.58771,0,|r_aux|,cross-domain,0.0000,0.0000,4.036,0,-2.58771,0,0.6314,0.9432,0.9469,0,0.1463,-0.9494,-0.03846,0.4875,-0.7985
101.20,102.47,102.48,0,-3.17002,0,|r_aux|,cross-domain,0.0000,0.0000,4.107,0,-3.17002,0,0.3444,0.4758,1.103,0,0.4079,-0.2374,-0.05021,-0.5065,0.0801
101.60,102.87,102.88,0,-2.76420,0,e_rec,cross-domain,0.0000,0.0000,3.925,0,-2.76420,0,0.5166,0.4928,2.379,0,0.6865,0.5955,0.1152,0.8429,-0.4557
102.00,103.27,103.28,0,-3.10586,0,|r_aux|,cross-domain,0.0000,0.0000,3.968,0,-3.10586,0,-0.04305,0.982,1.065,0,0.436,0.8231,-0.2299,-0.5942,-0.8922
102.40,103.67,103.68,0,-3.19362,0,|r_aux|,cross-domain,0.0000,0.0000,3.881,0,-3.19362,0,0.04305,0.5116,0.9579,0,0.5523,0.3155,-0.4987,-0.4081,-0.5185
102.80,104.07,104.08,0,-3.19865,0,|r_aux|,cross-domain,0.0000,0.0000,3.696,0,-3.19865,0,0.3157,0.5924,2.379,0,0.1475,-0.17,-0.204,-1.118,-0.9045
103.20,104.47,104.48,0,-2.90326,0,|r_aux|,cross-domain,0.0000,0.0000,3.676,0,-2.90326,0,0.5597,1.031,1.101,0,0.3496,-0.4258,-0.4334,-0.3785,-0.8914
103.60,104.87,104.88,0,-2.43111,0,e_rec,cross-domain,0.0000,0.0000,3.557,0,-2.43111,0,0.6027,0.5621,0.7908,0,-0.2859,-0.6418,-0.4886,0.5717,-0.8063
104.00,105.27,105.28,0,-2.66500,0,|r_bal|,cross-domain,0.0000,0.0000,3.423,0,-2.66500,0,0.8467,0.6105,2.281,0,-0.02284,-0.8578,-0.3958,0.01674,-0.7954
104.40,105.67,105.68,0,-2.34440,0,|r_bal|,cross-domain,0.0000,0.0000,3.892,0,-2.34440,0,1.234,0.9899,0.9819,0,-0.4008,-1.014,-0.4994,0.02823,-0.9679
104.80,106.07,106.08,0,-3.14676,0,|r_bal|,cross-domain,0.0000,0.0000,3.914,0,-3.14676,0,1.521,0.5332,1.212,0,0.8125,-1.088,-0.6529,-0.7312,-0.3075
105.20,106.47,106.48,0,-2.87062,0,|r_bal|,cross-domain,0.0000,0.0000,3.894,0,-2.87062,0,1.521,0.5527,2.36,0,1.406,-1.35,-0.4225,0.905,-0.59
105.60,106.87,106.88,0,-3.47612,0,|r_bal|,cross-domain,0.0000,0.0000,3.829,0,-3.47612,0,1.249,1.023,1.139,0,1.869,-1.544,-0.6116,-0.498,-0.7494
106.00,107.27,107.28,0,-3.21953,0,|r_bal|,cross-domain,0.0000,0.0000,3.709,0,-3.21953,0,1.091,0.5768,0.7988,0,1.61,-1.508,-0.2099,0.435,-0.6742
106.40,107.67,107.68,0,-2.90825,0,e_rec,cross-domain,0.0000,0.0000,3.605,0,-2.90825,0,1.033,0.4221,1.886,0,1.522,-1.311,0.09224,1.412,-0.892
106.80,108.07,108.08,0,-3.09130,0,|r_bal|,cross-domain,0.0000,0.0000,3.591,0,-3.09130,0,1.019,0.9552,0.8656,0,0.722,-1.053,-0.1865,-0.5766,-0.6245
107.20,108.47,108.48,0,-2.91431,0,|r_bal|,cross-domain,0.0000,0.0000,3.601,0,-2.91431,0,1.048,0.4562,0.6611,0,0.009731,-0.1955,-0.6806,-0.8398,-0.8334
107.60,108.87,108.88,0,-2.48668,0,|r_bal|,cross-domain,0.0000,0.0000,3.577,0,-2.48668,0,0.9472,0.3522,2.033,0,-0.004212,0.4813,-0.3989,0.5498,-0.5467
108.00,109.27,109.28,0,-2.01867,0,|r_bal|,cross-domain,0.0000,0.0000,3.621,0,-2.01867,0,1.277,0.9026,1.062,0,-0.5693,0.8149,-0.2852,0.6748,-0.569
108.40,109.67,109.68,0,-2.04723,0,e_rec,cross-domain,0.0000,0.0000,3.664,0,-2.04723,0,1.392,0.4479,1.028,0,-0.4315,1.085,0.2266,1.064,-0.3548
108.80,110.07,110.08,0,-2.95371,0,|r_bal|,cross-domain,0.0000,0.0000,3.571,0,-2.95371,0,1.148,0.3845,2.359,0,0.08053,1.299,1.461,-0.7404,-0.7832
109.20,110.47,110.48,0,-2.84673,0,|r_aux|,cross-domain,0.0000,0.0000,3.595,0,-2.84673,0,0.9328,0.9634,1.11,0,0.4567,1.386,1.735,-0.1148,-0.7958
109.60,110.87,110.88,0,-3.05084,0,|r_bal|,cross-domain,0.0000,0.0000,3.767,0,-3.05084,0,0.8467,0.3678,1.124,0,0.6452,0.9958,1.348,-0.03765,-0.4359
110.00,111.27,111.28,0,-2.63415,0,|r_bal|,cross-domain,0.0000,0.0000,3.639,0,-2.63415,0,0.8036,0.6122,2.107,0,0.2003,0.4234,0.7172,0.5114,-0.007553
110.40,111.67,111.68,0,-2.47104,0,|r_aux|,cross-domain,0.0000,0.0000,4.092,0,-2.47104,0,0.6027,1.013,0.7358,0,-0.068,0.06113,0.02886,0.4327,-0.7378
110.80,112.07,112.08,0,-2.81521,0,|r_qp|,cross-domain,0.0000,0.0000,3.760,0,-2.81521,0,0.2583,0.4881,0.4686,0,-0.6737,0.1386,-0.242,-0.8876,-0.7259
111.20,112.47,112.48,0,-2.81730,0,|r_bal|,cross-domain,0.0000,0.0000,3.819,0,-2.81730,0,0.7749,0.3798,1.675,0,-0.08404,-0.04704,-0.2949,-0.3728,-0.3229
111.60,112.87,112.88,0,-2.01515,0,e_rec,cross-domain,0.0000,0.0000,3.840,0,-2.01515,0,0.7462,0.9093,0.9916,0,-0.5717,0.3141,-0.3127,1.084,-0.5093
112.00,113.27,113.28,0,-2.72258,0,|r_bal|,cross-domain,0.0000,0.0000,3.873,0,-2.72258,0,0.8754,0.4121,0.5686,0,-0.2974,0.9155,-0.3597,-0.5966,-0.9239
112.40,113.67,113.68,0,-2.69700,0,|r_bal|,cross-domain,0.0000,0.0000,4.190,0,-2.69700,0,1.033,0.4597,1.818,0,-0.3128,1.284,0.005343,-0.6277,-0.1685
112.80,114.07,114.08,0,-2.34083,0,|r_aux|,cross-domain,0.0000,0.0000,4.096,0,-2.34083,0,0.8611,0.9644,0.9566,0,-0.04717,1.742,-0.415,0.4256,-0.8505
113.20,114.47,114.48,0,-2.46998,0,|r_bal|,cross-domain,0.0000,0.0000,4.430,0,-2.46998,0,1.392,0.4525,0.7581,0,0.1059,1.279,-0.438,0.2877,-0.8177
113.60,114.87,114.88,0,-2.42095,0,|r_qp|,cross-domain,0.0000,0.0000,4.217,0,-2.42095,0,1.105,0.5281,1.839,0,-0.6664,0.9484,0.01417,-0.3342,-0.9236
114.00,115.27,115.28,0,-2.16420,0,|r_qp|,cross-domain,0.0000,0.0000,4.118,0,-2.16420,0,0.6888,1.021,0.7272,0,-1.183,0.615,0.2093,-0.1616,-0.7296
114.40,115.67,115.68,0,-2.34851,0,|r_qp|,cross-domain,0.0000,0.0000,3.816,0,-2.34851,0,0.5597,0.5705,0.5441,0,-1.218,-0.02456,0.583,-0.2435,-0.76
114.80,116.07,116.08,0,-2.83713,0,|r_qp|,cross-domain,0.0000,0.0000,4.026,0,-2.83713,0,0.8898,0.3464,2.143,0,-0.4716,-0.6977,1.767,-0.5932,-0.7983
115.20,116.47,116.48,0,-2.87899,0,|r_bal|,cross-domain,0.0000,0.0000,3.958,0,-2.87899,0,1.148,0.9359,1.064,0,0.242,-0.6887,1.818,-0.3217,-0.6388
115.60,116.87,116.88,0,-3.03460,0,|r_bal|,cross-domain,0.0000,0.0000,4.159,0,-3.03460,0,1.277,0.3544,0.8277,0,0.8012,-0.6368,1.225,0.1347,-0.4949
116.00,117.27,117.28,0,-3.05429,0,|r_bal|,cross-domain,0.0000,0.0000,4.329,0,-3.05429,0,0.9615,0.6699,1.93,0,1.154,-0.04916,0.5269,0.2978,-0.6201
116.40,117.67,117.68,0,-3.29310,0,|r_bal|,cross-domain,0.0000,0.0000,4.219,0,-3.29310,0,1.277,1.054,0.7986,0,1.018,0.03628,0.001057,-1.157,-0.6753
116.80,118.07,118.08,0,-2.14520,0,e_rec,cross-domain,0.0000,0.0000,4.100,0,-2.14520,0,0.4879,0.5793,0.7897,0,0.4655,-0.2864,0.3187,2.591,-0.6359
117.20,118.47,118.48,0,-3.16437,0,|r_aux|,cross-domain,0.0000,0.0000,4.070,0,-3.16437,0,0.2296,0.3125,2.024,0,0.3802,-0.9745,1.297,0.02084,0.8987
117.60,118.87,118.88,0,-2.78859,0,e_rec,cross-domain,0.0000,0.0000,3.910,0,-2.78859,0,-0.0574,0.9487,1.082,0,0.722,-1.276,1.515,1.354,-0.8389
118.00,119.27,119.28,0,-3.42549,0,|r_aux|,cross-domain,0.0000,0.0000,3.911,0,-3.42549,0,0.0287,0.3866,0.8411,0,0.8806,-1.24,0.9911,-0.174,-0.8585
118.40,119.67,119.68,0,-3.49484,0,|r_aux|,cross-domain,0.0000,0.0000,3.814,0,-3.49484,0,0.3014,0.4779,2.101,0,1.282,-0.6551,0.5579,-0.2251,-0.09092
118.80,120.07,120.08,0,-2.74535,0,e_rec,cross-domain,0.0000,0.0000,4.153,0,-2.74535,0,0.3301,0.944,1.171,0,1.054,-0.1593,0.01883,1.279,-0.7169
119.20,120.47,120.48,0,-3.14662,0,e_rec,cross-domain,0.0000,0.0000,4.304,0,-3.14662,0,0.1722,0.4051,1.018,0,1.047,1.127,-0.1074,0.3184,-0.6331
119.60,120.87,120.88,0,-3.12155,0,|r_aux|,cross-domain,0.0000,0.0000,4.044,0,-3.12155,0,0.3014,0.5166,2.152,0,0.7843,1.876,-0.04781,-0.203,-0.556
120.00,121.27,121.28,0,-2.16709,0,e_rec,cross-domain,0.0000,0.0000,3.643,0,-2.16709,0,0.2009,1.011,0.7928,0,0.284,1.88,-0.3372,1.783,-0.8303
120.40,121.67,121.68,0,-3.07463,0,|r_aux|,cross-domain,0.0000,0.0000,4.094,0,-3.07463,0,0.4592,0.4912,0.6712,0,0.4943,1.177,-0.4574,-0.47,-0.5537
120.80,122.07,122.08,0,-2.68051,0,|r_bal|,cross-domain,0.0000,0.0000,4.038,0,-2.68051,0,0.9902,0.6071,2.231,0,0.4481,0.4948,0.05879,0.3831,-0.9523
121.20,122.47,122.48,0,-2.65212,0,|r_aux|,cross-domain,0.0000,0.0000,3.707,0,-2.65212,0,1.048,1.041,1.309,0,0.5954,0.08269,-0.01839,0.4052,-0.7368
121.60,122.87,122.88,0,-2.33271,0,e_rec,cross-domain,0.0000,0.0000,4.107,0,-2.33271,0,1.019,0.5329,0.9199,0,0.9155,0.09484,-0.1209,2.178,-0.3498
122.00,123.27,123.28,0,-2.81518,0,e_rec,cross-domain,0.0000,0.0000,2.976,0,-2.81518,0,0.6458,0.4359,2.061,0,0.6167,0.4237,0.02846,0.5772,-0.2593
122.40,123.67,123.68,0,-2.76374,0,|r_aux|,cross-domain,0.0000,0.0000,3.823,0,-2.76374,0,0.5166,0.9179,0.8472,0,0.5604,1.297,-0.196,0.2846,-0.4393
122.80,124.07,124.08,0,-2.45675,0,|r_bal|,cross-domain,0.0000,0.0000,3.778,0,-2.45675,0,0.9759,0.439,0.7469,0,0.0291,2.658,-0.3806,0.3509,-0.6675
123.20,124.47,124.48,0,-2.33624,0,e_rec,cross-domain,0.0000,0.0000,3.825,0,-2.33624,0,1.421,0.4925,1.703,0,0.9549,3.245,-0.007808,1.592,-0.3043
123.60,124.87,124.88,0,-2.26969,0,e_rec,cross-domain,0.0000,0.0000,3.608,0,-2.26969,0,1.435,0.9991,0.8118,0,0.9374,2.702,-0.3224,1.446,-0.4915
124.00,125.27,125.28,0,-2.67266,0,|r_bal|,cross-domain,0.0000,0.0000,4.211,0,-2.67266,0,1.564,0.5706,0.5785,0,0.865,0.7923,0.8186,0.7918,0.01608
124.40,125.67,125.68,0,-2.69007,0,|r_bal|,cross-domain,0.0000,0.0000,4.195,0,-2.69007,0,1.363,0.3364,1.8,0,0.2314,-0.546,2.712,0.7657,1.328
124.80,126.07,126.08,0,-3.03460,0,|r_bal|,cross-domain,0.0000,0.0000,4.069,0,-3.03460,0,1.306,0.9788,0.8962,0,-0.04405,-0.7744,3.783,-0.8967,0.159
125.20,126.47,126.48,0,-2.64371,0,|r_qp|,cross-domain,0.0000,0.0000,3.987,0,-2.64371,0,0.7175,0.5407,0.6327,0,-0.6969,-0.1885,4.891,0.2169,-0.41
125.60,126.87,126.88,0,-3.03094,0,|r_qp|,cross-domain,0.0000,0.0000,3.715,0,-3.03094,0,0.244,0.6273,2.051,0,-0.936,0.1273,5.919,-0.9667,-0.929
126.00,127.27,127.28,0,-1.89805,0,|r_qp|,cross-domain,0.0000,0.0000,3.466,0,-1.89805,0,0.5884,1.237,1.256,0,-1.639,0.3022,5.762,1.005,-0.1588
126.40,127.67,127.68,0,-2.46622,0,|r_qp|,cross-domain,0.0000,0.0000,3.707,0,-2.46622,0,0.9472,0.6667,0.849,0,-1.16,0.9194,5.411,-0.09787,-0.04798
126.80,128.07,128.08,0,-2.38747,0,|r_qp|,cross-domain,0.0000,0.0000,3.807,0,-2.38747,0,1.091,0.5772,2.082,0,-0.7215,1.675,4.92,0.4589,-0.2811
127.20,128.47,128.48,0,-2.25144,0,e_rec,cross-domain,0.0000,0.0000,3.614,0,-2.25144,0,0.9185,1.099,0.8958,0,-0.5044,1.76,4.412,0.8079,-0.8286
127.60,128.87,128.88,0,-2.58972,0,|r_qp|,cross-domain,0.0000,0.0000,3.573,0,-2.58972,0,0.6027,0.4252,1.046,0,-0.5629,0.3067,3.006,0.2963,-0.6805
128.00,129.27,129.28,0,-2.69848,0,|r_qp|,cross-domain,0.0000,0.0000,3.575,0,-2.69848,0,0.2727,0.5872,2.515,0,-0.3929,-0.7388,1.043,0.04448,-0.8215
128.40,129.67,129.68,0,-2.63631,0,|r_qp|,cross-domain,0.0000,0.0000,3.525,0,-2.63631,0,0.6314,1.015,1.222,0,-0.657,-0.7892,-0.2036,-0.7759,-0.4147
128.80,130.07,130.08,0,-2.32529,0,e_rec,cross-domain,0.0000,0.0000,3.590,0,-2.32529,0,0.5884,0.605,1.024,0,-0.3987,0.7435,1.421,0.877,-0.8199
129.20,130.47,130.48,0,-2.75415,0,|r_bal|,cross-domain,0.0000,0.0000,3.462,0,-2.75415,0,0.8754,0.4756,2.035,0,-0.3911,1.874,3.863,-0.2261,-0.04119
129.60,130.87,130.88,0,-2.87149,0,|r_aux|,cross-domain,0.0000,0.0000,3.499,0,-2.87149,0,0.9472,1.151,0.9653,0,-0.2702,1.67,5.367,-0.657,-0.4806
130.00,131.27,131.28,0,-2.74913,0,e_rec,cross-domain,0.0000,0.0000,3.797,0,-2.74913,0,0.6171,0.6428,0.7958,0,0.1093,0.8559,5.372,0.8874,-0.248
130.40,131.67,131.68,0,-3.42417,0,|r_aux|,cross-domain,0.0000,0.0000,3.436,0,-3.42417,0,0.2009,0.5722,2.159,0,0.008868,-0.1191,5.214,-0.978,-0.8418
130.80,132.07,132.08,0,-3.48386,0,|r_aux|,cross-domain,0.0000,0.0000,3.606,0,-3.48386,0,0.2009,1.134,1.416,0,0.5075,-0.4137,4.222,-1.004,-0.7435
131.20,132.47,132.48,0,-3.32306,0,|r_aux|,cross-domain,0.0000,0.0000,3.482,0,-3.32306,0,0.4018,0.458,1.172,0,0.794,-0.9956,2.758,0.02499,-0.5814
131.60,132.87,132.88,0,-3.29635,0,|r_bal|,cross-domain,0.0000,0.0000,3.442,0,-3.29635,0,1.005,0.5022,2.471,0,1.312,-1.355,1.329,0.1138,-0.9062
132.00,133.27,133.28,0,-2.53226,0,e_rec,cross-domain,0.0000,0.0000,3.471,0,-2.53226,0,1.091,0.9973,1.201,0,1.013,-1.196,0.5168,1.575,-0.7005
132.40,133.67,133.68,0,-2.53337,0,e_rec,cross-domain,0.0000,0.0000,3.363,0,-2.53337,0,0.9902,0.4176,0.8323,0,0.652,-1.245,0.3215,1.549,-0.5395
132.80,134.07,134.08,0,-3.44322,0,|r_aux|,cross-domain,0.0000,0.0000,3.455,0,-3.44322,0,0.287,0.4574,1.977,0,0.404,-0.9647,0.3454,-1.138,0.415
133.20,134.47,134.48,0,-2.99075,0,|r_aux|,cross-domain,0.0000,0.0000,3.781,0,-2.99075,0,-0.3157,0.9725,1.054,0,0.4178,-0.6116,0.4341,0.2443,-0.4708
133.60,134.87,134.88,0,-2.71228,0,e_rec,cross-domain,0.0000,0.0000,3.481,0,-2.71228,0,-0.3014,0.5391,0.881,0,0.4214,0.9747,1.583,1.385,-0.4828
134.00,135.27,135.28,0,-3.45112,0,|r_bal|,cross-domain,0.0000,0.0000,3.537,0,-3.45112,0,0.6745,0.4619,2.14,0,0.8408,2.337,3.032,-0.8986,-0.7997
134.40,135.67,135.68,0,-2.42536,0,e_rec,cross-domain,0.0000,0.0000,3.401,0,-2.42536,0,0.7749,1.075,1.064,0,0.5713,2.59,3.46,1.512,-0.64
134.80,136.07,136.08,0,-2.95653,0,|r_bal|,cross-domain,0.0000,0.0000,3.744,0,-2.95653,0,1.65,0.425,1.05,0,0.3066,1.711,2.502,-0.6483,-0.6636
135.20,136.47,136.48,0,-3.18631,0,|r_bal|,cross-domain,0.0000,0.0000,3.583,0,-3.18631,0,1.292,0.6282,2.392,0,0.7943,1.121,1.426,-0.7587,-0.5578
135.60,136.87,136.88,0,-2.38062,0,|r_bal|,cross-domain,0.0000,0.0000,3.414,0,-2.38062,0,1.177,1.016,1.213,0,0.291,0.732,0.02583,0.6981,-0.8976
136.00,137.27,137.28,0,-2.72263,0,|r_bal|,cross-domain,0.0000,0.0000,4.591,0,-2.72263,0,0.9328,0.4573,1.074,0,-0.07523,0.03818,-0.03777,-0.2209,-0.9387
136.40,137.67,137.68,0,-2.87535,0,|r_bal|,cross-domain,0.0000,0.0000,3.952,0,-2.87535,0,1.062,0.4972,2.725,0,-0.3589,-0.9935,0.2764,-1.009,-0.8455
136.80,138.07,138.08,0,-2.24051,0,e_rec,cross-domain,0.0000,0.0000,3.723,0,-2.24051,0,1.191,0.9739,1.516,0,-0.1533,-1.304,-0.01301,0.8441,-0.5671
137.20,138.47,138.48,0,-2.71368,0,|r_bal|,cross-domain,0.0000,0.0000,3.796,0,-2.71368,0,0.7319,0.5044,1.416,0,-0.1599,-0.03781,-0.272,-0.2178,-0.5886
137.60,138.87,138.88,0,-2.95787,0,|r_bal|,cross-domain,0.0000,0.0000,3.582,0,-2.95787,0,0.5884,0.4371,2.331,0,0.3515,1.838,-0.2884,-0.4454,-0.7929
138.00,139.27,139.28,0,-2.69767,0,|r_aux|,cross-domain,0.0000,0.0000,3.620,0,-2.69767,0,0.4592,0.9873,0.9418,0,0.4008,2.603,-0.1047,0.1116,-0.5613
138.40,139.67,139.68,0,-1.81576,0,e_rec,cross-domain,0.0000,0.0000,3.487,0,-1.81576,0,0.6888,0.5868,0.8203,0,0.7881,2.146,1.567,3.873,0.5366
138.80,140.07,140.08,0,-3.22312,0,|r_bal|,cross-domain,0.0000,0.0000,3.494,0,-3.22312,0,0.7749,0.4648,2.429,0,0.6023,0.89,3.856,-0.1772,0.2762
139.20,140.47,140.48,0,-3.24861,0,|r_aux|,cross-domain,0.0000,0.0000,3.520,0,-3.24861,0,1.148,1.103,1.176,0,0.5235,0.1581,4.928,-0.7892,-0.6554
139.60,140.87,140.88,0,-2.55761,0,e_rec,cross-domain,0.0000,0.0000,3.516,0,-2.55761,0,0.6601,0.5743,0.9046,0,-0.03329,-0.1341,4.895,1.322,-0.7131
140.00,141.27,141.28,0,-3.29016,0,|r_bal|,cross-domain,0.0000,0.0000,3.377,0,-3.29016,0,1.22,0.5995,1.927,0,0.4031,-0.1193,5.34,-0.7034,-0.8441
140.40,141.67,141.68,0,-3.04310,0,|r_bal|,cross-domain,0.0000,0.0000,3.486,0,-3.04310,0,1.277,1.174,0.7683,0,0.05417,-0.0138,4.745,-0.8784,-0.42
140.80,142.07,142.08,0,-2.64678,0,|r_bal|,cross-domain,0.0000,0.0000,3.450,0,-2.64678,0,1.98,0.5291,0.6224,0,0.7573,0.7542,3.463,0.8993,-0.6873
141.20,142.47,142.48,0,-2.72015,0,|r_bal|,cross-domain,0.0000,0.0000,3.462,0,-2.72015,0,1.65,0.5608,1.909,0,0.4008,1.167,1.691,0.02626,-0.6483
141.60,142.87,142.88,0,-2.15582,0,e_rec,cross-domain,0.0000,0.0000,3.412,0,-2.15582,0,1.579,0.9895,0.919,0,0.2943,1.012,0.07851,1.134,-0.8866
142.00,143.27,143.28,0,-2.33911,0,e_rec,cross-domain,0.0000,0.0000,3.400,0,-2.33911,0,1.435,0.4037,0.8337,0,0.2882,-0.2316,0.147,1.228,-0.741
142.40,143.67,143.68,0,-2.64259,0,|r_bal|,cross-domain,0.0000,0.0000,3.553,0,-2.64259,0,0.9041,0.6064,2.062,0,0.255,-0.873,0.1827,0.5172,-0.7743
142.80,144.07,144.08,0,-2.86333,0,|r_aux|,cross-domain,0.0000,0.0000,3.459,0,-2.86333,0,0.7032,1.057,0.6947,0,0.2793,-0.7607,-0.05477,-0.3334,-0.7835
143.20,144.47,144.48,0,-2.95985,0,|r_bal|,cross-domain,0.0000,0.0000,3.491,0,-2.95985,0,0.6314,0.5423,0.5463,0,0.5221,-0.3167,-0.1383,0.02376,-0.5251
143.60,144.87,144.88,0,-3.10357,0,|r_bal|,cross-domain,0.0000,0.0000,3.559,0,-3.10357,0,0.7606,0.3444,1.883,0,-0.01397,0.1217,0.3026,-1.095,-0.9065
144.00,145.27,145.28,0,-2.66329,0,|r_aux|,cross-domain,0.0000,0.0000,3.587,0,-2.66329,0,0.6745,0.9218,0.8967,0,0.1891,0.3155,0.6808,0.2878,-0.3837
144.40,145.67,145.68,0,-3.05222,0,|r_aux|,cross-domain,0.0000,0.0000,3.515,0,-3.05222,0,0.5023,0.5114,0.9345,0,0.3415,1.414,1.859,-0.2039,0.541
144.80,146.07,146.08,0,-3.18634,0,|r_aux|,cross-domain,0.0000,0.0000,3.569,0,-3.18634,0,0.4592,0.4575,1.827,0,0.5432,2.398,3.467,-0.1943,0.0518
145.20,146.47,146.48,0,-2.77496,0,|r_bal|,cross-domain,0.0000,0.0000,3.531,0,-2.77496,0,1.091,1.04,0.6042,0,0.3722,2.448,3.608,0.06602,-0.4062
145.60,146.87,146.88,0,-3.07416,0,|r_bal|,cross-domain,0.0000,0.0000,3.523,0,-3.07416,0,1.062,0.4596,0.4242,0,0.6403,1.449,3.739,0.05277,-0.3691
146.00,147.27,147.28,0,-3.38279,0,|r_bal|,cross-domain,0.0000,0.0000,3.452,0,-3.38279,0,1.048,0.4365,2.101,0,0.5433,0.05229,3.492,-0.9186,-0.7
146.40,147.67,147.68,0,-3.36421,0,|r_aux|,cross-domain,0.0000,0.0000,3.484,0,-3.36421,0,0.4018,1.023,1.089,0,0.8732,-0.5049,3.323,-0.3636,-0.8858
146.80,148.07,148.08,0,-3.13585,0,|r_bal|,cross-domain,0.0000,0.0000,3.814,0,-3.13585,0,0.5453,0.3934,0.9472,0,0.4874,-0.9205,2.367,0.06408,-0.8793
147.20,148.47,148.48,0,-2.68160,0,|r_aux|,cross-domain,0.0000,0.0000,3.646,0,-2.68160,0,0.5597,0.6519,2.005,0,-0.2614,-0.7045,1.338,0.1221,-0.4182
147.60,148.87,148.88,0,-2.55875,0,|r_aux|,cross-domain,0.0000,0.0000,3.473,0,-2.55875,0,0.9472,1.013,0.9372,0,-0.3022,-0.2854,-0.03361,-0.3256,-0.6446
148.00,149.27,149.28,0,-2.56941,0,|r_qp|,cross-domain,0.0000,0.0000,3.367,0,-2.56941,0,0.6745,0.4878,0.8194,0,-0.8689,0.851,-0.09876,-0.7138,-0.5912
148.40,149.67,149.68,0,-2.72818,0,|r_qp|,cross-domain,0.0000,0.0000,3.501,0,-2.72818,0,0.2296,0.5698,2.148,0,-0.3332,1.459,0.1136,-0.3487,-0.629
148.80,150.07,150.08,0,-1.79219,0,e_rec,cross-domain,0.0000,0.0000,3.476,0,-1.79219,0,0.3444,1.059,1.168,0,0.4861,1.203,-0.1377,3.188,-0.845
149.20,150.47,150.48,0,-1.55538,0,e_rec,cross-domain,0.0000,0.0000,3.410,0,-1.55538,0,0.2153,0.5764,0.9229,0,0.8439,0.5995,0.3315,5.21,2.965
149.60,150.87,150.88,0,-2.88747,0,e_rec,cross-domain,0.0000,0.0000,3.471,0,-2.88747,0,0.3875,0.4333,2.499,0,0.8613,2.047,0.7229,0.7541,-0.08339
150.00,151.27,151.28,0,-3.13082,0,|r_aux|,cross-domain,0.0000,0.0000,3.430,0,-3.13082,0,0.04305,1.035,0.9758,0,0.2975,2.388,0.9708,-0.8193,0.768
150.40,151.67,151.68,0,-1.75895,0,e_rec,cross-domain,0.0000,0.0000,3.508,0,-1.75895,0,0.3731,0.4967,0.7667,0,0.4806,2.39,0.5038,3.639,-0.3904
150.80,152.07,152.08,0,-3.32866,0,|r_aux|,cross-domain,0.0000,0.0000,3.499,0,-3.32866,0,0.1866,0.4952,1.94,0,0.794,0.869,0.2027,-0.5479,-0.301
151.20,152.47,152.48,0,-2.52376,0,e_rec,cross-domain,0.0000,0.0000,3.449,0,-2.52376,0,0.3157,0.9641,0.6463,0,0.3209,1.585,0.2174,0.8747,-0.09506
151.60,152.87,152.88,0,-1.61404,0,e_rec,cross-domain,0.0000,0.0000,3.482,0,-1.61404,0,0.7749,0.4436,0.5218,0,-0.1571,4.31,0.055,2.739,-0.1406
152.00,153.27,153.28,0,-2.31954,0,|r_pv|,cross-domain,0.0000,0.0000,3.381,0,-2.31954,0,1.048,0.4699,1.972,0,-0.333,5.575,0.1343,-0.04423,-0.3172
152.40,153.67,153.68,0,-2.18061,0,|r_aux|,cross-domain,0.0000,0.0000,3.477,0,-2.18061,0,1.005,0.967,1.324,0,-0.303,4.504,-0.131,0.2175,-0.3695
152.80,154.07,154.08,0,-2.27006,0,e_rec,cross-domain,0.0000,0.0000,3.419,0,-2.27006,0,0.5023,0.5366,1.175,0,0.7026,3.085,0.8822,2.295,0.8745
153.20,154.47,154.48,0,-3.12034,0,|r_aux|,cross-domain,0.0000,0.0000,3.425,0,-3.12034,0,0.1292,0.3968,2.329,0,0.5258,1.516,2.966,0.2106,-0.6172
153.60,154.87,154.88,0,-3.31028,0,|r_aux|,cross-domain,0.0000,0.0000,3.467,0,-3.31028,0,0.1435,0.9991,0.9495,0,0.8149,0.9605,3.612,-0.193,-0.4243
154.00,155.27,155.28,0,-3.02265,0,e_rec,cross-domain,0.0000,0.0000,3.410,0,-3.02265,0,0.9041,0.4057,0.7676,0,0.8793,0.1415,2.523,0.637,0.01535
154.40,155.67,155.68,0,-3.13068,0,|r_bal|,cross-domain,0.0000,0.0000,3.825,0,-3.13068,0,1.55,0.574,1.953,0,0.6007,-0.8882,0.9543,-0.8068,-0.8953
154.80,156.07,156.08,0,-1.73872,0,e_rec,cross-domain,0.0000,0.0000,4.220,0,-1.73872,0,1.148,1.025,1.124,0,0.3445,-0.5436,-0.07774,2.936,-0.4484
155.20,156.47,156.48,0,-2.93192,0,|r_bal|,cross-domain,0.0000,0.0000,3.958,0,-2.93192,0,1.134,0.4712,0.9334,0,0.2841,-0.3174,-0.1635,-0.4767,-0.403
155.60,156.87,156.88,0,-3.24149,0,|r_bal|,cross-domain,0.0000,0.0000,4.021,0,-3.24149,0,0.8898,0.4513,2.511,0,0.6608,0.08765,0.07049,-0.7707,0.2491
156.00,157.27,157.28,0,-3.16200,0,|r_aux|,cross-domain,0.0000,0.0000,3.948,0,-3.16200,0,0.6601,0.9531,1.472,0,0.8834,-0.2295,0.08915,-0.4395,-0.8645
156.40,157.67,157.68,0,-3.72706,0,|r_bal|,cross-domain,0.0000,0.0000,4.287,0,-3.72706,0,0.7606,0.4526,1.145,0,1.397,-0.5222,0.04394,-1.145,0.08469
156.80,158.07,158.08,0,-3.10902,0,|r_bal|,cross-domain,0.0000,0.0000,4.010,0,-3.10902,0,0.9902,0.6388,2.012,0,0.9837,-0.7575,0.3612,-0.01442,-0.4167
157.20,158.47,158.48,0,-2.22452,0,e_rec,cross-domain,0.0000,0.0000,3.714,0,-2.22452,0,0.8467,1.067,0.8515,0,0.4652,-0.5642,-0.2543,1.725,-0.6262
157.60,158.87,158.88,0,-2.20608,0,e_rec,cross-domain,0.0000,0.0000,3.940,0,-2.20608,0,0.8324,0.5807,0.6953,0,0.6346,-0.3736,-0.1657,2.406,0.4792
158.00,159.27,159.28,0,-3.08643,0,|r_bal|,cross-domain,0.0000,0.0000,4.127,0,-3.08643,0,0.8611,0.5126,2.148,0,0.6891,-0.6073,-0.02332,-0.2695,-0.7673
158.40,159.67,159.68,0,-2.42311,0,e_rec,cross-domain,0.0000,0.0000,3.996,0,-2.42311,0,0.4449,0.9979,1.279,0,0.2483,-0.1502,-0.1595,1.086,-0.7312
158.80,160.07,160.08,0,-2.42989,0,|r_qp|,cross-domain,0.0000,0.0000,3.857,0,-2.42989,0,0.9902,0.5203,0.9887,0,-0.5265,0.58,-0.3625,-0.05925,-0.2917
159.20,160.47,160.48,0,-2.87090,0,|r_qp|,cross-domain,0.0000,0.0000,3.699,0,-2.87090,0,0.5166,0.6602,2.209,0,-0.5248,1.119,0.1381,-1.156,0.5265
159.60,160.87,160.88,0,-2.82080,0,|r_aux|,cross-domain,0.0000,0.0000,3.722,0,-2.82080,0,0.7175,1.059,0.7834,0,0.1262,0.8732,-0.2628,-0.661,-0.8516
160.00,161.27,161.28,0,-2.99512,0,|r_aux|,cross-domain,0.0000,0.0000,3.592,0,-2.99512,0,0.3588,0.5886,0.6965,0,0.4675,0.5719,-0.1475,-0.06839,0.3494
160.40,161.67,161.68,0,-2.70065,0,|r_bal|,cross-domain,0.0000,0.0000,3.562,0,-2.70065,0,1.005,0.5724,2.123,0,0.4098,0.5969,-0.03051,0.2696,-0.8043
160.80,162.07,162.08,0,-2.68736,0,|r_bal|,cross-domain,0.0000,0.0000,3.578,0,-2.68736,0,1.363,1.067,1.046,0,0.1734,0.9062,-0.2151,-0.6009,-0.7145
161.20,162.47,162.48,0,-2.28158,0,e_rec,cross-domain,0.0000,0.0000,3.567,0,-2.28158,0,1.521,0.6062,0.8456,0,0.3498,0.899,-0.1867,1.183,0.5684
161.60,162.87,162.88,0,-2.90828,0,|r_bal|,cross-domain,0.0000,0.0000,3.855,0,-2.90828,0,0.9759,0.6173,2.079,0,0.0332,0.1901,0.132,-0.7612,-0.4092
162.00,163.27,163.28,0,-2.47550,0,|r_aux|,cross-domain,0.0000,0.0000,3.624,0,-2.47550,0,0.8611,1.059,1.264,0,-0.09105,0.26,-0.08976,0.135,-0.7551
162.40,163.67,163.68,0,-2.74288,0,|r_bal|,cross-domain,0.0000,0.0000,3.635,0,-2.74288,0,0.9328,0.5661,0.6819,0,-0.3941,-0.1443,-0.1524,-0.7184,-0.3767
162.80,164.07,164.08,0,-2.52923,0,|r_bal|,cross-domain,0.0000,0.0000,3.692,0,-2.52923,0,1.076,0.5583,1.714,0,0.06813,-0.2095,0.2461,0.5897,0.8258
163.20,164.47,164.48,0,-2.45021,0,|r_aux|,cross-domain,0.0000,0.0000,3.547,0,-2.45021,0,1.048,1.009,0.8593,0,-0.5168,-0.5388,-0.04034,-0.3118,-0.8402
163.60,164.87,164.88,0,-2.49541,0,e_rec,cross-domain,0.0000,0.0000,3.685,0,-2.49541,0,0.5597,0.539,0.7241,0,-0.1924,-0.3915,0.07885,0.7139,0.7905
164.00,165.27,165.28,0,-2.91861,0,|r_qp|,cross-domain,0.0000,0.0000,3.561,0,-2.91861,0,0.5453,0.4301,2.163,0,-0.7337,-0.2441,-0.03046,-1.393,-0.9479
164.40,165.67,165.68,0,-3.00805,0,|r_aux|,cross-domain,0.0000,0.0000,3.621,0,-3.00805,0,0.4162,0.973,0.8879,0,0.4707,-0.2847,-0.1473,-0.376,-0.8517
164.80,166.07,166.08,0,-2.64907,0,e_rec,cross-domain,0.0000,0.0000,3.826,0,-2.64907,0,1.062,0.5466,0.541,0,0.7382,-0.6232,-0.5423,0.965,-0.3252
165.20,166.47,166.48,0,-2.90816,0,|r_bal|,cross-domain,0.0000,0.0000,3.625,0,-2.90816,0,1.363,0.9028,1.778,0,0.7689,-0.7651,-0.3854,-0.2188,-0.5165
165.60,166.87,166.88,0,-1.92569,0,e_rec,cross-domain,0.0000,0.0000,4.810,0,-1.92569,0,1.378,1.216,0.5791,0,0.5125,0.3321,-0.6233,2.097,-0.5839
166.00,167.27,167.28,0,-2.72084,0,|r_aux|,cross-domain,0.0000,0.0000,3.622,0,-2.72084,0,0.7032,0.6841,0.5656,0,0.5717,1.426,-0.4487,0.4418,-0.03559
166.40,167.67,167.68,0,-3.41518,0,|r_bal|,cross-domain,0.0000,0.0000,3.544,0,-3.41518,0,0.9328,0.3941,2.133,0,0.9695,1.665,-0.08073,-1.163,-0.4381
166.80,168.07,168.08,0,-2.30901,0,e_rec,cross-domain,0.0000,0.0000,3.583,0,-2.30901,0,0.7749,0.9483,1.269,0,0.6951,0.8621,-0.03503,1.715,-0.9213
167.20,168.47,168.48,0,-3.32118,0,|r_bal|,cross-domain,0.0000,0.0000,3.491,0,-3.32118,0,0.7032,0.5372,0.9968,0,0.8409,-0.3411,-0.508,-0.7609,-0.1119
167.60,168.87,168.88,0,-2.56174,0,|r_aux|,cross-domain,0.0000,0.0000,3.550,0,-2.56174,0,0.8467,0.8258,2.206,0,-0.1271,-1.241,-0.3017,0.1646,-0.182
168.00,169.27,169.28,0,-2.70087,0,|r_aux|,cross-domain,0.0000,0.0000,3.525,0,-2.70087,0,0.7462,1.182,1.091,0,0.02383,-1.192,-0.5464,-0.2705,-0.1955
168.40,169.67,169.68,0,-3.11443,0,|r_bal|,cross-domain,0.0000,0.0000,3.433,0,-3.11443,0,0.9615,0.6843,0.8448,0,0.3097,-1.152,-0.5239,-0.9023,0.8921
168.80,170.07,170.08,0,-3.67387,0,|r_bal|,cross-domain,0.0000,0.0000,3.495,0,-3.67387,0,1.119,0.3754,1.791,0,1.6,-0.9301,-0.1919,-0.8256,1.152
169.20,170.47,170.48,0,-3.11149,0,|r_bal|,cross-domain,0.0000,0.0000,3.449,0,-3.11149,0,1.205,0.9394,0.8111,0,1.793,0.014,-0.07245,0.5135,-0.731
169.60,170.87,170.88,0,-2.88445,0,|r_bal|,cross-domain,0.0000,0.0000,3.532,0,-2.88445,0,1.306,0.529,0.6985,0,1.043,1.522,-0.3209,0.2484,-0.3474
170.00,171.27,171.28,0,-2.94203,0,|r_aux|,cross-domain,0.0000,0.0000,3.593,0,-2.94203,0,0.8754,0.887,2.001,0,0.8608,2.186,-0.07637,-0.2128,-0.5983
170.40,171.67,171.68,0,-2.40353,0,|r_aux|,cross-domain,0.0000,0.0000,3.489,0,-2.40353,0,0.8467,1.174,1.014,0,0.05829,1.559,-0.6618,0.2142,-0.9008
170.80,172.07,172.08,0,-2.84452,0,|r_aux|,cross-domain,0.0000,0.0000,3.539,0,-2.84452,0,0.07175,0.7123,0.6996,0,-0.05005,0.5333,-0.6632,-0.2707,0.1159
171.20,172.47,172.48,0,-2.82398,0,|r_aux|,cross-domain,0.0000,0.0000,3.476,0,-2.82398,0,-0.1722,0.6969,2.406,0,-0.03105,-0.5094,-0.3259,0.07202,-0.8989
171.60,172.87,172.88,0,-2.15617,0,e_rec,cross-domain,0.0000,0.0000,3.501,0,-2.15617,0,-0.3588,1.121,1.26,0,0.06355,-0.4333,-0.5646,2.069,-0.7672
172.00,173.27,173.28,0,-3.30804,0,|r_aux|,cross-domain,0.0000,0.0000,3.493,0,-3.30804,0,0.2153,0.6788,1.286,0,0.9801,-0.2833,-0.5039,-0.3341,-0.1193
172.40,173.67,173.68,0,-3.56918,0,|r_aux|,cross-domain,0.0000,0.0000,3.713,0,-3.56918,0,0.5884,0.5656,2.591,0,1.26,-0.6078,-0.1312,-0.9114,-0.8305
172.80,174.07,174.08,0,-3.46791,0,|r_aux|,cross-domain,0.0000,0.0000,3.547,0,-3.46791,0,0.6027,1.024,1.315,0,1.493,0.06474,-0.4317,-0.7256,-0.8219
173.20,174.47,174.48,0,-3.37728,0,|r_bal|,cross-domain,0.0000,0.0000,3.458,0,-3.37728,0,0.7462,0.6728,0.8279,0,1.44,0.4357,-0.4132,-0.3591,-0.1442
173.60,174.87,174.88,0,-3.10275,0,|r_aux|,cross-domain,0.0000,0.0000,3.495,0,-3.10275,0,0.9759,0.9408,1.717,0,0.7615,0.8313,-0.1677,-0.7469,-0.1932
174.00,175.27,175.28,0,-2.85962,0,|r_aux|,cross-domain,0.0000,0.0000,3.506,0,-2.85962,0,0.6888,1.243,0.8671,0,0.4477,0.5151,-0.07111,-0.3925,-0.8391
174.40,175.67,175.68,0,-1.37814,0,e_rec,cross-domain,0.0000,0.0000,3.515,0,-1.37814,0,0.6458,0.7385,0.9072,0,-0.1695,-0.195,-0.08674,3.925,0.5565
174.80,176.07,176.08,0,-2.87010,0,e_rec,cross-domain,0.0000,0.0000,3.460,0,-2.87010,0,0,0.3716,2.094,0,0.1514,-0.4735,0.2711,0.437,-0.01655
175.20,176.47,176.48,0,-2.57816,0,e_rec,cross-domain,0.0000,0.0000,3.449,0,-2.57816,0,-0.2583,0.9663,1.01,0,0.127,-0.5215,0.06903,1.041,-0.3743
175.60,176.87,176.88,0,-2.94092,0,|r_aux|,cross-domain,0.0000,0.0000,3.491,0,-2.94092,0,-0.2009,0.5202,0.7832,0,0.01956,-0.8163,-0.06275,0.06845,-0.3293
176.00,177.27,177.28,0,-3.05361,0,|r_aux|,cross-domain,0.0000,0.0000,3.516,0,-3.05361,0,0.1722,0.508,2.261,0,0.16,-0.9018,0.2118,-0.3351,-0.8383
176.40,177.67,177.68,0,-2.21216,0,e_rec,cross-domain,0.0000,0.0000,3.444,0,-2.21216,0,0.5023,0.9677,1.542,0,0.5382,-0.1181,-0.2228,2.06,-0.9322
176.80,178.07,178.08,0,-3.13170,0,|r_bal|,cross-domain,0.0000,0.0000,3.446,0,-3.13170,0,0.818,0.5027,1.086,0,0.6645,1.061,-0.5783,-0.6873,-0.6834
177.20,178.47,178.48,0,-2.61742,0,|r_bal|,cross-domain,0.0000,0.0000,3.525,0,-2.61742,0,0.8611,0.7109,2.478,0,-0.1112,1.482,-0.5593,-0.3471,-0.6511
177.60,178.87,178.88,0,-2.53871,0,|r_qp|,cross-domain,0.0000,0.0000,3.453,0,-2.53871,0,1.062,1.076,1.244,0,-0.5943,0.8003,-0.7501,-1.042,-0.9123
178.00,179.27,179.28,0,-1.65411,0,e_rec,cross-domain,0.0000,0.0000,3.476,0,-1.65411,0,0.8036,0.6539,1.159,0,-1.027,-0.006844,-0.7962,1.756,0.3299
178.40,179.67,179.68,0,-2.36437,0,|r_qp|,cross-domain,0.0000,0.0000,3.427,0,-2.36437,0,0.9328,0.7676,2.227,0,-1.029,-0.6878,-0.468,-0.5573,-0.8912
178.80,180.07,180.08,0,-2.55019,0,|r_aux|,cross-domain,0.0000,0.0000,3.499,0,-2.55019,0,0.8611,1.172,0.9852,0,-0.5819,-0.6715,-0.7058,-0.792,-0.8408
179.20,180.47,180.48,0,-2.23434,0,|r_qp|,cross-domain,0.0000,0.0000,3.476,0,-2.23434,0,1.134,0.7013,0.6497,0,-0.5821,-0.7042,-0.4865,0.416,-0.1594
179.60,180.87,180.88,0,-2.75368,0,|r_bal|,cross-domain,0.0000,0.0000,3.465,0,-2.75368,0,1.205,0.4849,1.785,0,-0.05923,-0.9593,0.1606,-0.3102,-0.4671
180.00,181.27,181.28,0,-2.59611,0,|r_bal|,cross-domain,0.0000,0.0000,3.535,0,-2.59611,0,1.177,0.9834,0.6856,0,0.2014,0.03052,-0.0409,0.0273,-0.907
180.40,181.67,181.68,0,-2.77206,0,|r_bal|,cross-domain,0.0000,0.0000,3.400,0,-2.77206,0,1.263,0.5513,0.6915,0,0.7609,1.245,-0.4547,0.2529,-0.3837
180.80,182.07,182.08,0,-2.97866,0,|r_aux|,cross-domain,0.0000,0.0000,3.474,0,-2.97866,0,0.6888,0.7165,2.1,0,0.726,2.191,-0.4037,-0.2632,0.2847
181.20,182.47,182.48,0,-3.13169,0,|r_aux|,cross-domain,0.0000,0.0000,3.493,0,-3.13169,0,0.6745,1.089,1.321,0,1.095,1.78,-0.5957,-0.5425,-0.8523
181.60,182.87,182.88,0,-2.81532,0,|r_bal|,cross-domain,0.0000,0.0000,3.519,0,-2.81532,0,0.8324,0.6268,0.8437,0,0.4535,0.9934,-0.4087,0.002168,-0.1442
182.00,183.27,183.28,0,-3.17091,0,|r_bal|,cross-domain,0.0000,0.0000,3.484,0,-3.17091,0,0.7893,0.565,2.161,0,0.7426,0.3825,0.08695,-0.563,-0.8524
182.40,183.67,183.68,0,-2.80862,0,|r_aux|,cross-domain,0.0000,0.0000,3.467,0,-2.80862,0,1.033,1.049,1.126,0,0.3647,0.09019,-0.3587,-0.4339,-0.8431
182.80,184.07,184.08,0,-3.05285,0,|r_aux|,cross-domain,0.0000,0.0000,3.501,0,-3.05285,0,0.3588,0.6155,1.08,0,0.1182,-0.7246,-0.5176,-0.6299,0.226
183.20,184.47,184.48,0,-2.87416,0,|r_qp|,cross-domain,0.0000,0.0000,3.492,0,-2.87416,0,0.1005,0.6548,2.229,0,-0.6423,-1.237,-0.3681,-0.8908,-0.3131
183.60,184.87,184.88,0,-2.45848,0,|r_qp|,cross-domain,0.0000,0.0000,3.478,0,-2.45848,0,0.1435,1.072,1.301,0,-0.6297,-0.3688,-0.5779,-0.07028,-0.9151
184.00,185.27,185.28,0,-2.70697,0,|r_qp|,cross-domain,0.0000,0.0000,3.427,0,-2.70697,0,0.287,0.6082,1.187,0,-0.422,0.8124,-0.6854,-0.482,-0.4227
184.40,185.67,185.68,0,-2.58512,0,|r_qp|,cross-domain,0.0000,0.0000,3.445,0,-2.58512,0,0.2727,0.6166,2.323,0,-1.201,1.26,-0.312,-1.134,-0.5438
184.80,186.07,186.08,0,-2.40051,0,|r_qp|,cross-domain,0.0000,0.0000,3.507,0,-2.40051,0,0.6745,1.068,1.168,0,-0.6872,0.5717,-0.5606,-0.4184,-0.8979
185.20,186.47,186.48,0,-2.89548,0,|r_aux|,cross-domain,0.0000,0.0000,3.481,0,-2.89548,0,0.4162,0.6463,0.6962,0,-0.2864,-0.2077,-0.5186,-0.8028,-0.04677
185.60,186.87,186.88,0,-2.74677,0,|r_bal|,cross-domain,0.0000,0.0000,3.495,0,-2.74677,0,1.162,0.7344,2.024,0,0.7458,-0.6864,-0.3054,0.5109,-0.2116
186.00,187.27,187.28,0,-2.73665,0,|r_aux|,cross-domain,0.0000,0.0000,3.430,0,-2.73665,0,1.091,1.129,0.6712,0,0.5363,-0.5896,-0.4998,0.01098,-0.5432
186.40,187.67,187.68,0,-2.62025,0,|r_bal|,cross-domain,0.0000,0.0000,3.496,0,-2.62025,0,1.205,0.7431,0.6974,0,0.6601,-0.7535,-0.6669,0.7224,-0.3073
186.80,188.07,188.08,0,-3.04934,0,|r_aux|,cross-domain,0.0000,0.0000,3.491,0,-3.04934,0,0.7749,0.8655,1.929,0,1.088,-1.105,-0.5269,0.2112,-0.03575
187.20,188.47,188.48,0,-2.46343,0,e_rec,cross-domain,0.0000,0.0000,3.596,0,-2.46343,0,0.6458,1.18,0.9171,0,0.6605,-0.6867,-0.64,1.236,-0.7406
187.60,188.87,188.88,0,-2.50534,0,e_rec,cross-domain,0.0000,0.0000,3.530,0,-2.50534,0,0.8754,0.7847,0.6932,0,0.535,-0.1388,-0.5567,1.033,-0.4023
188.00,189.27,189.28,0,-2.77562,0,|r_aux|,cross-domain,0.0000,0.0000,3.430,0,-2.77562,0,0.7032,0.8537,2.07,0,0.09648,0.3072,-0.182,-0.3411,-0.6915
188.40,189.67,189.68,0,-2.75124,0,|r_aux|,cross-domain,0.0000,0.0000,3.525,0,-2.75124,0,0.9902,1.187,1.116,0,0.3848,0.1033,-0.1682,-0.2593,-0.7597
188.80,190.07,190.08,0,-2.61733,0,|r_aux|,cross-domain,0.0000,0.0000,3.512,0,-2.61733,0,0.8324,0.8411,0.9598,0,-0.2056,0.194,-0.0385,-0.2283,-0.2589
189.20,190.47,190.48,0,-2.79477,0,|r_aux|,cross-domain,0.0000,0.0000,3.588,0,-2.79477,0,0.4449,0.919,2.435,0,-0.2216,0.1493,0.4195,-0.5648,-0.5723
189.60,190.87,190.88,0,-2.58586,0,|r_aux|,cross-domain,0.0000,0.0000,4.050,0,-2.58586,0,0.8467,1.254,1.224,0,-0.02883,0.2133,0.09922,-0.2144,-0.8665
190.00,191.27,191.28,0,-2.40751,0,|r_qp|,cross-domain,0.0000,0.0000,3.517,0,-2.40751,0,0.8467,0.888,1.111,0,-0.6342,-0.5215,-0.3919,-0.1632,-0.4759
190.40,191.67,191.68,0,-2.70474,0,|r_aux|,cross-domain,0.0000,0.0000,3.470,0,-2.70474,0,0.818,0.862,2.284,0,-0.2919,-1.016,-0.003726,-0.5074,-0.6632
190.80,192.07,192.08,0,-2.64484,0,|r_aux|,cross-domain,0.0000,0.0000,3.453,0,-2.64484,0,0.7319,1.223,1.198,0,0.3609,-0.4434,-0.3123,0.2308,-0.654
191.20,192.47,192.48,0,-2.58643,0,|r_aux|,cross-domain,0.0000,0.0000,3.446,0,-2.58643,0,0.6458,0.758,0.8002,0,-0.07422,0.3404,-0.4612,0.1074,-0.5119
191.60,192.87,192.88,0,-2.49848,0,|r_bal|,cross-domain,0.0000,0.0000,3.503,0,-2.49848,0,0.9041,0.5215,2.09,0,-0.2595,0.8819,-0.0604,0.1825,0.6005
192.00,193.27,193.28,0,-2.81874,0,|r_aux|,cross-domain,0.0000,0.0000,3.440,0,-2.81874,0,0.8467,0.982,0.7458,0,0.1637,0.6355,-0.3249,-0.6085,-0.726
192.40,193.67,193.68,0,-2.76985,0,|r_bal|,cross-domain,0.0000,0.0000,3.483,0,-2.76985,0,1.105,0.6515,0.6896,0,0.85,-0.316,-0.4219,0.6176,-0.3287
192.80,194.07,194.08,0,-2.87967,0,e_rec,cross-domain,0.0000,0.0000,3.447,0,-2.87967,0,1.019,0.8968,2.005,0,1.602,-1.092,-0.08899,1.267,-0.4063
193.20,194.47,194.48,0,-2.90513,0,|r_aux|,cross-domain,0.0000,0.0000,3.469,0,-2.90513,0,1.205,1.232,1.089,0,1.575,-1.435,-0.4223,0.7912,-0.7206
193.60,194.87,194.88,0,-2.94920,0,|r_bal|,cross-domain,0.0000,0.0000,3.488,0,-2.94920,0,1.65,0.8938,0.5793,0,0.514,-1.454,-0.2568,-0.7111,-0.3784
194.00,195.27,195.28,0,-2.81827,0,|r_bal|,cross-domain,0.0000,0.0000,3.478,0,-2.81827,0,1.335,0.9874,1.782,0,0.2382,-1.064,0.4188,-0.5142,-0.8596
194.40,195.67,195.68,0,-2.54674,0,|r_aux|,cross-domain,0.0000,0.0000,3.606,0,-2.54674,0,1.306,1.297,1.006,0,0.1073,-0.1698,0.2666,-0.153,-0.7505
194.80,196.07,196.08,0,-2.54807,0,|r_bal|,cross-domain,0.0000,0.0000,3.569,0,-2.54807,0,0.9902,0.9137,1.04,0,0.4269,0.8226,0.2919,0.6032,-0.6108
195.20,196.47,196.48,0,-2.38958,0,|r_bal|,cross-domain,0.0000,0.0000,3.490,0,-2.38958,0,1.722,0.9057,1.979,0,0.4665,1.115,0.5806,0.7083,-0.07005
195.60,196.87,196.88,0,-2.80156,0,|r_bal|,cross-domain,0.0000,0.0000,3.515,0,-2.80156,0,1.679,1.22,0.6406,0,0.5377,0.3836,0.2565,-0.6265,-0.6215
196.00,197.27,197.28,0,-2.95640,0,|r_bal|,cross-domain,0.0000,0.0000,3.430,0,-2.95640,0,2.124,0.8841,0.1047,0,0.4501,-0.2271,0.1355,-1.182,-0.1959
196.40,197.67,197.68,0,-2.51527,0,|r_bal|,cross-domain,0.0000,0.0000,3.559,0,-2.51527,0,1.435,0.9258,1.831,0,0.1955,-0.643,0.4221,0.2927,-0.7788
196.80,198.07,198.08,0,-2.79869,0,|r_aux|,cross-domain,0.0000,0.0000,3.488,0,-2.79869,0,1.263,1.285,0.5078,0,0.08309,-0.5969,0.01874,-0.8944,-0.6181
197.20,198.47,198.48,0,13.73499,1,e_rec,cross-domain,0.0000,0.0000,3.498,0,13.73499,1,1.32,0.9947,-0.4052,0,-0.1478,-0.9142,-0.03628,50,-0.262
197.60,198.87,198.88,-1,1.71227,1,e_rec,single-domain,0.0000,0.0000,3.518,0,1.71227,1,50,1.071,0.2133,0,50,-1.249,0.6995,50,50
198.00,199.27,199.28,1,1.79831,1,e_rec,single-domain,0.0000,0.0000,3.505,0,1.79831,1,50,1.317,-0.9893,0,50,-0.7635,0.34,50,50
198.40,199.67,199.68,1,1.76652,1,e_rec,single-domain,0.0000,0.0000,3.557,0,1.76652,1,50,0.9694,-1.295,0,50,-0.1074,0.003266,50,50
198.80,200.07,200.08,1,1.76756,1,e_rec,single-domain,0.0000,0.0000,3.475,0,1.76756,1,50,0.9828,-0.08688,0,50,0.2662,0.4523,50,50
199.20,200.47,200.48,1,1.84524,1,e_rec,single-domain,0.0000,0.0000,3.548,0,1.84524,1,50,1.286,-1.233,0,50,0.06302,-0.03968,50,50
199.60,200.87,200.88,1,1.76623,1,e_rec,single-domain,0.0000,0.0000,3.608,0,1.76623,1,50,0.831,-0.3573,0,50,0.4309,-0.02728,50,50
200.00,201.27,201.28,1,1.73680,1,e_rec,single-domain,0.0000,0.0000,3.458,0,1.73680,1,50,0.5414,2.175,0,50,0.5789,-0.2356,50,50
200.40,201.67,201.68,1,1.86032,1,e_rec,single-domain,0.0000,0.0000,3.456,0,1.86032,1,50,1.058,1.278,0,50,0.4424,-0.6413,50,50
200.80,202.07,202.08,1,1.77465,1,e_rec,single-domain,0.0000,0.0000,3.491,0,1.77465,1,50,0.8362,-0.07093,0,50,-0.3909,-0.7391,50,50
201.20,202.47,202.48,1,1.80791,1,e_rec,single-domain,0.0000,0.0000,3.526,0,1.80791,1,50,1.165,-0.04041,0,50,-0.5321,-0.1517,50,50
201.60,202.87,202.88,1,1.88201,1,e_rec,single-domain,0.0000,0.0000,3.538,0,1.88201,1,50,1.339,-1.317,0,50,0.5965,-0.1103,50,50
202.00,203.27,203.28,1,1.81654,1,e_rec,single-domain,0.0000,0.0000,3.471,0,1.81654,1,50,0.927,-0.5817,0,50,1.579,0.2724,50,50
202.40,203.67,203.68,1,1.79724,1,e_rec,single-domain,0.0000,0.0000,3.501,0,1.79724,1,50,0.8494,1.894,0,50,1.658,0.6553,50,50
202.80,204.07,204.08,1,1.86157,1,e_rec,single-domain,0.0000,0.0000,3.529,0,1.86157,1,50,1.219,1.008,0,50,0.8387,0.2322,50,50
203.20,204.47,204.48,1,1.80201,1,e_rec,single-domain,0.0000,0.0000,3.424,0,1.80201,1,50,0.9428,-0.05057,0,50,0.2272,-0.3517,50,50
203.60,204.87,204.88,1,1.78254,1,e_rec,single-domain,0.0000,0.0000,3.535,0,1.78254,1,50,1.071,0.3202,0,50,-0.3216,0.1356,50,50
204.00,205.27,205.28,1,1.83078,1,e_rec,single-domain,0.0000,0.0000,3.612,0,1.83078,1,50,1.338,-1.287,0,50,-0.4315,0.04935,50,50
204.40,205.67,205.68,1,1.73732,1,e_rec,single-domain,0.0000,0.0000,3.520,0,1.73732,1,50,0.9447,-0.5488,0,50,-0.5881,0.1595,50,50
204.80,206.07,206.08,1,1.70321,1,e_rec,single-domain,0.0000,0.0000,3.537,0,1.70321,1,50,0.7478,1.945,0,50,-0.6783,0.2171,50,50
205.20,206.47,206.48,1,1.86351,1,e_rec,single-domain,0.0000,0.0000,3.859,0,1.86351,1,50,1.155,1.094,0,50,0.5718,-0.2435,50,50
205.60,206.87,206.88,1,1.86384,1,e_rec,single-domain,0.0000,0.0000,3.552,0,1.86384,1,50,0.8752,-0.07898,0,50,1.763,-0.5907,50,50
206.00,207.27,207.28,1,1.91130,1,e_rec,single-domain,0.0000,0.0000,3.488,0,1.91130,1,50,1.079,0.1783,0,50,2.453,-0.1031,50,50
206.40,207.67,207.68,1,1.93785,1,e_rec,single-domain,0.0000,0.0000,3.456,0,1.93785,1,50,1.298,-0.9987,0,50,1.679,-0.4364,50,50
206.80,208.07,208.08,1,1.81773,1,e_rec,single-domain,0.0000,0.0000,3.459,0,1.81773,1,50,0.9539,-0.8371,0,50,0.8596,-0.2092,50,50
207.20,208.47,208.48,1,1.75939,1,e_rec,single-domain,0.0000,0.0000,3.359,0,1.75939,1,50,0.946,0.8808,0,50,0.1841,0.5034,50,50
207.60,208.87,208.88,1,1.85657,1,e_rec,single-domain,0.0000,0.0000,3.535,0,1.85657,1,50,1.309,-0.09373,0,50,0.1833,0.06157,50,50
208.00,209.27,209.28,1,1.75817,1,e_rec,single-domain,0.0000,0.0000,3.460,0,1.75817,1,50,0.8935,0.41,0,50,-0.3303,-0.1171,50,50
208.40,209.67,209.68,1,1.71125,1,e_rec,single-domain,0.0000,0.0000,3.506,0,1.71125,1,50,0.6352,2.433,0,50,-0.7732,-0.3854,50,50
208.80,210.07,210.08,1,1.86690,1,e_rec,single-domain,0.0000,0.0000,3.511,0,1.86690,1,50,1.101,1.137,0,50,0.2154,-0.7759,50,50
209.20,210.47,210.48,1,1.82562,1,e_rec,single-domain,0.0000,0.0000,3.423,0,1.82562,1,50,0.7187,0.7795,0,50,1.212,-0.8284,50,50
209.60,210.87,210.88,1,1.84534,1,e_rec,single-domain,0.0000,0.0000,3.466,0,1.84534,1,50,0.7301,2.067,0,50,1.923,-0.4643,50,50
210.00,211.27,211.28,1,1.88197,1,e_rec,single-domain,0.0000,0.0000,3.673,0,1.88197,1,50,1.077,0.8922,0,50,1.26,-0.3926,50,50
210.40,211.67,211.68,1,1.77394,1,e_rec,single-domain,0.0000,0.0000,3.574,0,1.77394,1,50,0.8035,-0.2832,0,50,-0.096,-0.6587,50,50
210.80,212.07,212.08,1,1.76926,1,e_rec,single-domain,0.0000,0.0000,3.532,0,1.76926,1,50,1.145,-0.3187,0,50,-1.056,0.04696,50,50
211.20,212.47,212.48,1,1.81919,1,e_rec,single-domain,0.0000,0.0000,3.357,0,1.81919,1,50,1.363,-1.44,0,50,-1.262,-0.2807,50,50
211.60,212.87,212.88,1,1.74296,1,e_rec,single-domain,0.0000,0.0000,3.548,0,1.74296,1,50,0.902,-0.7851,0,50,-0.7083,-0.2263,50,50
212.00,213.27,213.28,1,1.69065,1,e_rec,single-domain,0.0000,0.0000,3.570,0,1.69065,1,50,0.5936,1.903,0,50,-0.6967,-0.1797,50,50
212.40,213.67,213.68,1,1.83211,1,e_rec,single-domain,0.0000,0.0000,3.493,0,1.83211,1,50,1.064,0.8365,0,50,-0.06997,-0.539,50,50
212.80,214.07,214.08,1,1.78870,1,e_rec,single-domain,0.0000,0.0000,3.468,0,1.78870,1,50,0.7395,0.8423,0,50,0.6002,-0.5298,50,50
213.20,214.47,214.48,1,1.82856,1,e_rec,single-domain,0.0000,0.0000,3.463,0,1.82856,1,50,0.8575,1.999,0,50,1.398,-0.06088,50,50
213.60,214.87,214.88,1,1.89289,1,e_rec,single-domain,0.0000,0.0000,3.486,0,1.89289,1,50,1.173,0.9178,0,50,1.1,-0.3275,50,50
214.00,215.27,215.28,1,1.78097,1,e_rec,single-domain,0.0000,0.0000,3.503,0,1.78097,1,50,0.8744,-0.1305,0,50,-0.05371,-0.4585,50,50
214.40,215.67,215.68,1,1.74775,1,e_rec,single-domain,0.0000,0.0000,3.445,0,1.74775,1,50,1.08,0.847,0,50,-1.118,0.266,50,50
214.80,216.07,216.08,1,1.80933,1,e_rec,single-domain,0.0000,0.0000,3.506,0,1.80933,1,50,1.369,-0.4493,0,50,-1.351,-0.03236,50,50
215.20,216.47,216.48,1,1.74665,1,e_rec,single-domain,0.0000,0.0000,3.383,0,1.74665,1,50,1.013,-0.05755,0,50,-0.7808,0.1702,50,50
215.60,216.87,216.88,1,1.74205,1,e_rec,single-domain,0.0000,0.0000,3.505,0,1.74205,1,50,0.9136,2.021,0,50,-0.5022,0.3066,50,50
216.00,217.27,217.28,1,1.86770,1,e_rec,single-domain,0.0000,0.0000,3.543,0,1.86770,1,50,1.256,0.8532,0,50,0.7295,0.1686,50,50
216.40,217.67,217.68,1,1.82137,1,e_rec,single-domain,0.0000,0.0000,3.454,0,1.82137,1,50,0.8429,0.7401,0,50,1.35,-0.1664,50,50
216.80,218.07,218.08,1,1.81489,1,e_rec,single-domain,0.0000,0.0000,3.481,0,1.81489,1,50,0.7302,2.12,0,50,1.621,-0.1333,50,50
217.20,218.47,218.48,1,1.86460,1,e_rec,single-domain,0.0000,0.0000,3.498,0,1.86460,1,50,1.115,0.8638,0,50,0.6357,-0.3964,50,50
217.60,218.87,218.88,1,1.76595,1,e_rec,single-domain,0.0000,0.0000,3.486,0,1.76595,1,50,0.8554,0.0568,0,50,-0.4602,-0.5439,50,50
218.00,219.27,219.28,1,1.75773,1,e_rec,single-domain,0.0000,0.0000,3.501,0,1.75773,1,50,1.105,0.8468,0,50,-0.8445,0.3879,50,50
218.40,219.67,219.68,1,1.83540,1,e_rec,single-domain,0.0000,0.0000,3.405,0,1.83540,1,50,1.355,-0.2049,0,50,-0.7921,-0.1157,50,50
218.80,220.07,220.08,1,1.74672,1,e_rec,single-domain,0.0000,0.0000,3.481,0,1.74672,1,50,1.021,-0.1768,0,50,-0.8341,0.1475,50,50
219.20,220.47,220.48,1,1.72903,1,e_rec,single-domain,0.0000,0.0000,3.476,0,1.72903,1,50,0.9888,1.224,0,50,-0.8527,0.4853,50,50
219.60,220.87,220.88,1,-13.24119,0,|r_bal|,single-domain,0.0000,0.0000,3.508,0,-13.24119,0,50,1.302,-0.09773,0,50,-0.09928,0.297,0.08763,-0.1861
220.00,221.27,221.28,-1,-13.43599,0,|r_bal|,single-domain,0.0000,0.0000,3.526,0,-13.43599,0,50,0.9439,-0.05579,0,50,0.6084,0.1795,-0.4023,-0.4544
220.40,221.67,221.68,-1,-13.45624,0,|r_bal|,single-domain,0.0000,0.0000,3.465,0,-13.45624,0,50,0.925,1.568,0,50,0.9621,0.3833,-0.5003,-0.5508
220.80,222.07,222.08,0,-2.85378,0,|r_aux|,cross-domain,0.0000,0.0000,3.467,0,-2.85378,0,0.7462,1.269,0.5137,0,0.8761,0.294,0.0281,0.212,-0.3283
221.20,222.47,222.48,0,-3.13241,0,|r_aux|,cross-domain,0.0000,0.0000,3.504,0,-3.13241,0,0.8754,0.9757,0.04059,0,0.5157,-0.1524,-0.1891,-0.9647,-0.2512
221.60,222.87,222.88,0,-3.03722,0,|r_aux|,cross-domain,0.0000,0.0000,3.612,0,-3.03722,0,0.8611,1.065,0.8719,0,0.105,-0.5821,0.3199,-1.165,-0.8019
222.00,223.27,223.28,0,-2.64049,0,|r_aux|,cross-domain,0.0000,0.0000,3.537,0,-2.64049,0,0.7749,1.347,-0.0669,0,0.2988,-0.6214,0.01322,0.1354,-0.9448
222.40,223.67,223.68,0,-2.86112,0,|r_aux|,cross-domain,0.0000,0.0000,3.480,0,-2.86112,0,0.1579,0.9501,0.2324,0,0.02312,-0.6717,-0.09137,-0.2322,-0.6135
222.80,224.07,224.08,0,-2.89008,0,|r_aux|,cross-domain,0.0000,0.0000,3.509,0,-2.89008,0,0.1005,0.74,2.032,0,-0.07199,-0.8035,-0.2075,-0.2943,-0.466
223.20,224.47,224.48,0,-1.99575,0,e_rec,cross-domain,0.0000,0.0000,3.456,0,-1.99575,0,0.3301,1.163,1.04,0,0.2162,0.286,-0.5097,2.203,-0.8946
223.60,224.87,224.88,0,-2.89819,0,|r_aux|,cross-domain,0.0000,0.0000,3.468,0,-2.89819,0,0.6314,0.7661,0.6589,0,0.3758,1.289,-0.5932,-0.3917,-0.265
224.00,225.27,225.28,0,-3.10361,0,|r_bal|,cross-domain,0.0000,0.0000,3.577,0,-3.10361,0,0.9041,0.7422,2.332,0,0.4661,1.802,-0.2493,-1.14,-0.7442
224.40,225.67,225.68,0,-2.71119,0,|r_aux|,cross-domain,0.0000,0.0000,3.453,0,-2.71119,0,0.4879,1.127,0.9178,0,0.1089,1.03,-0.5951,-0.2766,-0.1846
224.80,226.07,226.08,0,-2.34951,0,e_rec,cross-domain,0.0000,0.0000,3.455,0,-2.34951,0,0.1579,0.8373,0.3033,0,0.1841,-0.1507,-0.5392,1.5,-0.3879
225.20,226.47,226.48,0,-3.18813,0,|r_aux|,cross-domain,0.0000,0.0000,3.491,0,-3.18813,0,0.2727,1.08,1.14,0,0.3426,-1.053,0.2887,-0.9091,-0.8655
225.60,226.87,226.88,0,-2.55772,0,|r_aux|,cross-domain,0.0000,0.0000,3.536,0,-2.55772,0,0.9041,1.351,0.2435,0,-0.02204,-1.146,0.07631,-0.02045,-0.6817
226.00,227.27,227.28,0,-2.31061,0,|r_bal|,cross-domain,0.0000,0.0000,3.424,0,-2.31061,0,1.32,0.9635,0.5731,0,-0.003053,-1.41,0.01985,0.7978,-0.3575
226.40,227.67,227.68,0,-3.13708,0,|r_bal|,cross-domain,0.0000,0.0000,3.531,0,-3.13708,0,1.177,0.8498,2.486,0,0.6182,-1.243,-0.1754,-0.9095,-0.9358
226.80,228.07,228.08,0,-2.79880,0,|r_aux|,cross-domain,0.0000,0.0000,3.472,0,-2.79880,0,0.9472,1.216,1.624,0,0.8004,-0.1058,-0.5174,0.08616,-0.9102
227.20,228.47,228.48,0,-2.14986,0,e_rec,cross-domain,0.0000,0.0000,3.524,0,-2.14986,0,1.191,0.8074,1.541,0,0.9047,1.079,-0.7246,2.175,-0.5956
227.60,228.87,228.88,0,-2.49986,0,|r_bal|,cross-domain,0.0000,0.0000,3.504,0,-2.49986,0,1.392,0.693,2.577,0,0.1163,1.35,-0.2984,0.05999,-0.3466
228.00,229.27,229.28,0,-2.50944,0,|r_bal|,cross-domain,0.0000,0.0000,3.461,0,-2.50944,0,1.205,1.091,0.8089,0,-0.5324,0.5859,-0.5728,-0.886,-0.5752
228.40,229.67,229.68,0,-2.74986,0,|r_aux|,cross-domain,0.0000,0.0000,3.468,0,-2.74986,0,0.7032,0.8429,-0.3853,0,-0.3663,-0.4863,-0.6861,-0.7588,-0.2341
228.80,230.07,230.08,0,-2.43572,0,|r_aux|,cross-domain,0.0000,0.0000,3.467,0,-2.43572,0,0.8036,1.145,0.2953,0,-0.1624,-1.157,0.1149,0.3747,-0.8186
229.20,230.47,230.48,0,-2.57667,0,|r_aux|,cross-domain,0.0000,0.0000,3.504,0,-2.57667,0,0.8898,1.378,-0.553,0,-0.4285,-1.145,-0.1483,-0.6509,-0.9012
229.60,230.87,230.88,-1,6.06294,1,e_rec,single-domain,0.0000,0.0000,3.521,0,6.06294,1,50,19.37,50,0,50,-0.7141,-0.01109,50,50
230.00,231.27,231.28,1,7.42992,1,e_rec,single-domain,0.0000,0.0000,3.458,0,7.42992,1,50,25.62,50,0,50,-0.6698,-0.1342,50,50
230.40,231.67,231.68,1,10.97804,1,e_rec,single-domain,0.0000,0.0000,3.463,0,10.97804,1,50,41.65,50,0,50,0.4453,-0.4442,50,50
230.80,232.07,232.08,1,11.53359,1,e_rec,single-domain,0.0000,0.0000,3.510,0,11.53359,1,50,44.04,50,0,50,1.37,-0.4145,50,50
231.20,232.47,232.48,1,11.32733,1,e_rec,single-domain,0.0000,0.0000,3.506,0,11.32733,1,50,43.19,50,0,50,1.921,0.3795,50,50
231.60,232.87,232.88,1,12.78720,1,e_rec,single-domain,0.0000,0.0000,3.472,0,12.78720,1,50,50,50,0,50,1.205,0.2246,50,50
232.00,233.27,233.28,1,12.76208,1,e_rec,single-domain,0.0000,0.0000,3.458,0,12.76208,1,50,50,50,0,50,0.3611,0.04864,50,50
232.40,233.67,233.68,1,12.73955,1,e_rec,single-domain,0.0000,0.0000,3.484,0,12.73955,1,50,50,50,0,50,0.149,0.2973,50,50
232.80,234.07,234.08,1,12.78212,1,e_rec,single-domain,0.0000,0.0000,3.504,0,12.78212,1,50,50,50,0,50,0.5644,-0.1614,50,50
233.20,234.47,234.48,1,12.78458,1,e_rec,single-domain,0.0000,0.0000,3.855,0,12.78458,1,50,50,50,0,50,0.6531,-0.1397,50,50
233.60,234.87,234.88,1,12.74798,1,e_rec,single-domain,0.0000,0.0000,3.465,0,12.74798,1,50,50,50,0,50,0.02647,0.05371,50,50
234.00,235.27,235.28,1,12.76643,1,e_rec,single-domain,0.0000,0.0000,3.480,0,12.76643,1,50,49.96,50,0,50,0.6264,0.01022,50,50
234.40,235.67,235.68,1,11.50562,1,e_rec,single-domain,0.0000,0.0000,3.522,0,11.50562,1,50,44.01,50,0,50,1.12,-0.2233,50,50
234.80,236.07,236.08,1,10.79780,1,e_rec,single-domain,0.0000,0.0000,3.500,0,10.79780,1,50,40.66,50,0,50,1.784,-0.07417,50,50
235.20,236.47,236.48,1,12.40092,1,e_rec,single-domain,0.0000,0.0000,3.374,0,12.40092,1,50,48.04,50,0,50,1.242,-0.4596,50,50
235.60,236.87,236.88,1,12.79659,1,e_rec,single-domain,0.0000,0.0000,3.507,0,12.79659,1,50,50,50,0,50,0.2957,-0.6231,50,50
236.00,237.27,237.28,1,12.74740,1,e_rec,single-domain,0.0000,0.0000,3.466,0,12.74740,1,50,50,50,0,50,-0.7354,-0.504,50,50
236.40,237.67,237.68,1,12.74983,1,e_rec,single-domain,0.0000,0.0000,3.489,0,12.74983,1,50,50,50,0,50,-1.008,-0.7511,50,50
236.80,238.07,238.08,1,12.74390,1,e_rec,single-domain,0.0000,0.0000,3.530,0,12.74390,1,50,50,50,0,50,-1.242,-0.8188,50,50
237.20,238.47,238.48,1,12.71723,1,e_rec,single-domain,0.0000,0.0000,3.383,0,12.71723,1,50,50,50,0,50,-1.344,-0.4131,50,50
237.60,238.87,238.88,1,12.75770,1,e_rec,single-domain,0.0000,0.0000,3.510,0,12.75770,1,50,50,50,0,50,-0.3436,-0.3978,50,50
238.00,239.27,239.28,1,11.70457,1,e_rec,single-domain,0.0000,0.0000,3.496,0,11.70457,1,50,44.94,50,0,50,0.7769,-0.4042,50,50
238.40,239.67,239.68,1,11.02813,1,e_rec,single-domain,0.0000,0.0000,3.492,0,11.02813,1,50,41.75,50,0,50,1.51,-0.1516,50,50
238.80,240.07,240.08,1,12.82327,1,e_rec,single-domain,0.0000,0.0000,3.465,0,12.82327,1,50,50,50,0,50,1.04,-0.5494,50,50
239.20,240.47,240.48,1,12.78546,1,e_rec,single-domain,0.0000,0.0000,3.427,0,12.78546,1,50,50,50,0,50,0.07393,-0.5876,50,50
239.60,240.87,240.88,1,12.74243,1,e_rec,single-domain,0.0000,0.0000,3.591,0,12.74243,1,50,50,50,0,50,-0.4827,-0.2258,50,50
240.00,241.27,241.28,1,12.74977,1,e_rec,single-domain,0.0000,0.0000,3.485,0,12.74977,1,50,50,50,0,50,-0.5196,-0.386,50,50
240.40,241.67,241.68,1,12.75717,1,e_rec,single-domain,0.0000,0.0000,3.529,0,12.75717,1,50,50,50,0,50,-0.6957,-0.6508,50,50
240.80,242.07,242.08,1,12.75310,1,e_rec,single-domain,0.0000,0.0000,3.519,0,12.75310,1,50,50,50,0,50,-0.2442,-0.2405,50,50
241.20,242.47,242.48,1,12.78306,1,e_rec,single-domain,0.0000,0.0000,3.388,0,12.78306,1,50,50,50,0,50,0.4257,-0.2818,50,50
241.60,242.87,242.88,1,12.82134,1,e_rec,single-domain,0.0000,0.0000,3.532,0,12.82134,1,50,50,50,0,50,1.3,-0.3205,50,50
242.00,243.27,243.28,1,12.71268,1,e_rec,single-domain,0.0000,0.0000,3.454,0,12.71268,1,50,49.63,50,0,50,0.9227,-0.09973,50,50
242.40,243.67,243.68,1,12.79282,1,e_rec,single-domain,0.0000,0.0000,3.439,0,12.79282,1,50,50,50,0,50,0.4968,-0.405,50,50
242.80,244.07,244.08,1,12.78674,1,e_rec,single-domain,0.0000,0.0000,3.494,0,12.78674,1,50,50,50,0,50,0.1603,-0.5463,50,50
243.20,244.47,244.48,1,12.77746,1,e_rec,single-domain,0.0000,0.0000,3.432,0,12.77746,1,50,50,50,0,50,0.6463,-0.01622,50,50
243.60,244.87,244.88,1,12.78811,1,e_rec,single-domain,0.0000,0.0000,3.496,0,12.78811,1,50,50,50,0,50,0.641,-0.2125,50,50
244.00,245.27,245.28,1,12.77935,1,e_rec,single-domain,0.0000,0.0000,3.687,0,12.77935,1,50,50,50,0,50,0.2141,-0.3728,50,50
244.40,245.67,245.68,1,12.76687,1,e_rec,single-domain,0.0000,0.0000,3.534,0,12.76687,1,50,50,50,0,50,-0.001121,-0.3079,50,50
244.80,246.07,246.08,1,12.77631,1,e_rec,single-domain,0.0000,0.0000,3.449,0,12.77631,1,50,50,50,0,50,0.005458,-0.4733,50,50
245.20,246.47,246.48,1,12.41898,1,e_rec,single-domain,0.0000,0.0000,3.513,0,12.41898,1,50,48.31,50,0,50,0.1243,-0.5572,50,50
245.60,246.87,246.88,1,12.63345,1,e_rec,single-domain,0.0000,0.0000,3.557,0,12.63345,1,50,49.43,50,0,50,-0.009569,-0.1531,50,50
246.00,247.27,247.28,1,12.75208,1,e_rec,single-domain,0.0000,0.0000,3.488,0,12.75208,1,50,50,50,0,50,-0.551,-0.451,50,50
246.40,247.67,247.68,1,12.78356,1,e_rec,single-domain,0.0000,0.0000,3.652,0,12.78356,1,50,50,50,0,50,-0.02275,-0.6252,50,50
246.80,248.07,248.08,1,12.77973,1,e_rec,single-domain,0.0000,0.0000,3.687,0,12.77973,1,50,50,50,0,50,0.4479,-0.2052,50,50
247.20,248.47,248.48,1,12.80203,1,e_rec,single-domain,0.0000,0.0000,3.619,0,12.80203,1,50,50,50,0,50,0.5651,-0.5203,50,50
247.60,248.87,248.88,1,12.74002,1,e_rec,single-domain,0.0000,0.0000,3.702,0,12.74002,1,50,50,50,0,50,-0.4219,-0.1371,50,50
248.00,249.27,249.28,1,12.69621,1,e_rec,single-domain,0.0000,0.0000,4.412,0,12.69621,1,50,50,50,0,50,-0.8797,0.3123,50,50
248.40,249.67,249.68,1,12.73784,1,e_rec,single-domain,0.0000,0.0000,4.269,0,12.73784,1,50,50,50,0,50,-0.04068,0.1866,50,50
248.80,250.07,250.08,1,12.02827,1,e_rec,single-domain,0.0000,0.0000,4.044,0,12.02827,1,50,46.42,50,0,50,1.334,-0.03658,50,50
249.20,250.47,250.48,1,11.22789,1,e_rec,single-domain,0.0000,0.0000,3.658,0,11.22789,1,50,42.75,50,0,50,1.71,0.3089,50,50
249.60,250.87,250.88,1,12.79608,1,e_rec,single-domain,0.0000,0.0000,3.584,0,12.79608,1,50,50,50,0,50,1.142,0.01765,50,50
250.00,251.27,251.28,1,12.75979,1,e_rec,single-domain,0.0000,0.0000,4.156,0,12.75979,1,50,50,50,0,50,-0.159,-0.2978,50,50
250.40,251.67,251.68,1,12.72911,1,e_rec,single-domain,0.0000,0.0000,4.103,0,12.72911,1,50,50,50,0,50,-1.051,-0.4097,50,50
250.80,252.07,252.08,1,12.73501,1,e_rec,single-domain,0.0000,0.0000,4.441,0,12.73501,1,50,50,50,0,50,-1.199,-0.6262,50,50
251.20,252.47,252.48,1,12.73748,1,e_rec,single-domain,0.0000,0.0000,4.147,0,12.73748,1,50,50,50,0,50,-1.093,-0.5917,50,50
251.60,252.87,252.88,1,12.71541,1,e_rec,single-domain,0.0000,0.0000,3.739,0,12.71541,1,50,50,50,0,50,-0.9416,-0.08028,50,50
252.00,253.27,253.28,1,12.76685,1,e_rec,single-domain,0.0000,0.0000,3.985,0,12.76685,1,50,50,50,0,50,-0.02074,-0.3222,50,50
252.40,253.67,253.68,1,12.18998,1,e_rec,single-domain,0.0000,0.0000,3.469,0,12.18998,1,50,47.16,50,0,50,0.8487,-0.3866,50,50
252.80,254.07,254.08,1,11.46568,1,e_rec,single-domain,0.0000,0.0000,3.424,0,11.46568,1,50,43.87,50,0,50,1.315,0.1121,50,50
253.20,254.47,254.48,1,12.78855,1,e_rec,single-domain,0.0000,0.0000,3.374,0,12.78855,1,50,50,50,0,50,0.8079,-0.09581,50,50
253.60,254.87,254.88,1,12.78182,1,e_rec,single-domain,0.0000,0.0000,3.342,0,12.78182,1,50,50,50,0,50,0.2459,-0.3934,50,50
254.00,255.27,255.28,1,12.76237,1,e_rec,single-domain,0.0000,0.0000,3.385,0,12.76237,1,50,50,50,0,50,-0.05328,-0.2656,50,50
254.40,255.67,255.68,1,12.77115,1,e_rec,single-domain,0.0000,0.0000,3.358,0,12.77115,1,50,50,50,0,50,-0.2609,-0.579,50,50
254.80,256.07,256.08,1,10.79400,1,e_rec,single-domain,0.0000,0.0000,3.343,0,10.79400,1,50,41,50,0,50,-0.784,-0.583,50,50
255.20,256.47,256.48,1,6.68859,1,e_rec,single-domain,0.0000,0.0000,3.308,0,6.68859,1,50,22.33,50,0,50,-1.182,-0.03798,50,50
255.60,256.87,256.88,1,2.77057,1,e_rec,single-domain,0.0000,0.0000,3.339,0,2.77057,1,50,4.137,50,0,50,-0.3573,-0.08056,50,50
256.00,257.27,257.28,1,2.07976,1,e_rec,single-domain,0.0000,0.0000,3.396,0,2.07976,1,50,0.7471,50,0,50,0.7858,-0.05893,50,50
256.40,257.67,257.68,1,1.99331,1,e_rec,single-domain,0.0000,0.0000,3.321,0,1.99331,1,50,0.3638,50,0,50,1.184,0.2948,50,50
256.80,258.07,258.08,1,2.11574,1,e_rec,single-domain,0.0000,0.0000,3.316,0,2.11574,1,50,0.9077,50,0,50,0.8068,-0.06278,50,50
257.20,258.47,258.48,1,2.03443,1,e_rec,single-domain,0.0000,0.0000,3.321,0,2.03443,1,50,0.4858,50,0,50,0.4986,-0.4803,50,50
257.60,258.87,258.88,1,2.00911,1,e_rec,single-domain,0.0000,0.0000,3.326,0,2.00911,1,50,0.4473,50,0,50,0.3201,-0.3076,50,50
258.00,259.27,259.28,1,2.12261,1,e_rec,single-domain,0.0000,0.0000,3.330,0,2.12261,1,50,0.9971,50,0,50,0.2537,-0.2485,50,50
258.40,259.67,259.68,1,1.99611,1,e_rec,single-domain,0.0000,0.0000,3.364,0,1.99611,1,50,0.506,50,0,50,-0.435,-0.4057,50,50
258.80,260.07,260.08,1,1.95438,1,e_rec,single-domain,0.0000,0.0000,3.910,0,1.95438,1,50,0.469,50,0,50,-0.8958,-0.141,50,50
259.20,260.47,260.48,1,2.10066,1,e_rec,single-domain,0.0000,0.0000,3.484,0,2.10066,1,50,0.9506,50,0,50,0.1276,-0.129,50,50
259.60,260.87,260.88,1,2.04702,1,e_rec,single-domain,0.0000,0.0000,3.378,0,2.04702,1,50,0.4551,50,0,50,1.472,-0.1022,50,50
260.00,261.27,261.28,1,2.08283,1,e_rec,single-domain,0.0000,0.0000,3.335,0,2.08283,1,50,0.6007,50,0,50,2.125,0.3093,50,50
260.40,261.67,261.68,1,2.16729,1,e_rec,single-domain,0.0000,0.0000,3.326,0,2.16729,1,50,1.003,50,0,50,1.424,-0.1601,50,50
260.80,262.07,262.08,1,2.03177,1,e_rec,single-domain,0.0000,0.0000,3.416,0,2.03177,1,50,0.5482,50,0,50,0.3119,-0.3268,50,50
261.20,262.47,262.48,1,1.99759,1,e_rec,single-domain,0.0000,0.0000,3.390,0,1.99759,1,50,0.6295,50,0,50,-0.527,-0.01638,50,50
261.60,262.87,262.88,1,2.10198,1,e_rec,single-domain,0.0000,0.0000,3.398,0,2.10198,1,50,1.062,50,0,50,-0.54,-0.2136,50,50
262.00,263.27,263.28,1,1.99949,1,e_rec,single-domain,0.0000,0.0000,3.329,0,1.99949,1,50,0.6473,50,0,50,-1.024,-0.3516,50,50
262.40,263.67,263.68,1,2.02392,1,e_rec,single-domain,0.0000,0.0000,4.016,0,2.02392,1,50,0.7659,50,0,50,-1.048,-0.3447,50,50
262.80,264.07,264.08,1,2.15381,1,e_rec,single-domain,0.0000,0.0000,3.670,0,2.15381,1,50,1.131,50,0,50,-0.1695,-0.6021,50,50
263.20,264.47,264.48,1,2.09773,1,e_rec,single-domain,0.0000,0.0000,4.070,0,2.09773,1,50,0.6661,50,0,50,0.8473,-0.6553,50,50
263.60,264.87,264.88,1,2.07800,1,e_rec,single-domain,0.0000,0.0000,4.024,0,2.07800,1,50,0.5915,50,0,50,1.279,-0.2701,50,50
264.00,265.27,265.28,1,2.16089,1,e_rec,single-domain,0.0000,0.0000,4.039,0,2.16089,1,50,1.019,50,0,50,0.8043,-0.4448,50,50
264.40,265.67,265.68,1,2.03007,1,e_rec,single-domain,0.0000,0.0000,3.616,0,2.03007,1,50,0.5901,50,0,50,0.1109,-0.2813,50,50
264.80,266.07,266.08,1,1.99624,1,e_rec,single-domain,0.0000,0.0000,3.517,0,1.99624,1,50,0.6093,50,0,50,-0.3923,0.02931,50,50
265.20,266.47,266.48,1,2.10138,1,e_rec,single-domain,0.0000,0.0000,3.404,0,2.10138,1,50,1.089,50,0,50,-0.5525,-0.1055,50,50
265.60,266.87,266.88,1,2.01319,1,e_rec,single-domain,0.0000,0.0000,3.380,0,2.01319,1,50,0.6233,50,0,50,-0.2974,-0.151,50,50
266.00,267.27,267.28,1,1.95365,1,e_rec,single-domain,0.0000,0.0000,3.376,0,1.95365,1,50,0.3937,50,0,50,-0.4798,-0.1134,50,50
266.40,267.67,267.68,1,-12.84501,0,|r_bal|,single-domain,0.0000,0.0000,3.379,0,-12.84501,0,50,0.9405,50,0,50,0.4552,0.2177,0.4573,-0.805
266.80,268.07,268.08,-1,-12.77223,0,|r_bal|,single-domain,0.0000,0.0000,3.352,0,-12.77223,0,50,0.4944,50,0,50,1.527,-0.1582,0.8026,-0.4746
267.20,268.47,268.48,-1,-15.55793,0,|r_bal|,single-domain,0.0000,0.0000,3.369,0,-15.55793,0,32.49,0.7936,19.89,0,46.92,2.253,0.06431,-0.1044,0.5384
267.60,268.87,268.88,0,-2.65411,0,|r_bal|,cross-domain,0.0000,0.0000,3.379,0,-2.65411,0,1.191,1.107,0.959,0,0.009638,1.69,-0.5639,-0.7953,-0.874
268.00,269.27,269.28,0,-2.41080,0,|r_bal|,cross-domain,0.0000,0.0000,3.349,0,-2.41080,0,1.449,0.6468,0.846,0,-0.3506,0.1914,-0.3773,-0.09331,-0.1412
268.40,269.67,269.68,0,-2.57195,0,|r_bal|,cross-domain,0.0000,0.0000,3.357,0,-2.57195,0,1.177,0.6282,1.831,0,-0.3479,-0.9719,0.2744,-0.187,-0.5591
268.80,270.07,270.08,0,-1.94679,0,e_rec,cross-domain,0.0000,0.0000,3.377,0,-1.94679,0,0.8036,1.058,0.7569,0,-0.1014,-1.237,-0.007115,2.008,-0.6983
269.20,270.47,270.48,0,-2.77534,0,|r_bal|,cross-domain,0.0000,0.0000,3.603,0,-2.77534,0,0.8324,0.6467,0.671,0,0.0331,-1.484,-0.3924,-0.1358,-0.5218
269.60,270.87,270.88,0,-2.96968,0,|r_aux|,cross-domain,0.0000,0.0000,3.356,0,-2.96968,0,0.6171,0.7314,2.201,0,-0.0771,-1.1,-0.4474,-0.9029,-0.8079
270.00,271.27,271.28,0,-2.23241,0,e_rec,cross-domain,0.0000,0.0000,3.399,0,-2.23241,0,0.4879,1.129,0.9615,0,-0.2604,-0.01757,-0.6452,0.8124,-0.654
270.40,271.67,271.68,0,-2.52983,0,|r_qp|,cross-domain,0.0000,0.0000,3.376,0,-2.52983,0,0.6314,0.6439,0.7995,0,-0.3957,1.142,-0.5169,-0.152,-0.4032
270.80,272.07,272.08,0,-2.44808,0,|r_bal|,cross-domain,0.0000,0.0000,3.351,0,-2.44808,0,1.062,0.3253,2.374,0,-0.322,1.288,0.1636,0.2142,-0.1786
271.20,272.47,272.48,0,-2.38733,0,e_rec,cross-domain,0.0000,0.0000,3.392,0,-2.38733,0,1.22,0.9196,1.193,0,0.5497,0.4861,0.5655,1.223,-0.162
271.60,272.87,272.88,0,-2.64950,0,|r_bal|,cross-domain,0.0000,0.0000,3.336,0,-2.64950,0,1.665,0.4523,1.201,0,0.2873,-0.02774,0.4127,0.1868,0.4918
272.00,273.27,273.28,0,-3.05456,0,|r_bal|,cross-domain,0.0000,0.0000,3.367,0,-3.05456,0,1.076,0.5054,2.652,0,0.8157,-0.3068,0.4565,-0.1171,-0.908
272.40,273.67,273.68,0,-2.93673,0,|r_aux|,cross-domain,0.0000,0.0000,3.350,0,-2.93673,0,1.005,0.974,1.872,0,1,-0.322,-0.2705,0.1177,-0.7978
272.80,274.07,274.08,0,-3.52247,0,|r_bal|,cross-domain,0.0000,0.0000,3.754,0,-3.52247,0,0.5597,0.503,1.335,0,0.87,-0.9593,-0.3814,-1.132,-0.07112
273.20,274.47,274.48,0,-3.07146,0,|r_aux|,cross-domain,0.0000,0.0000,3.410,0,-3.07146,0,0.1148,0.7053,2.329,0,0.448,-1.02,-0.1977,-0.09574,0.2304
273.60,274.87,274.88,0,-1.65523,0,e_rec,cross-domain,0.0000,0.0000,3.355,0,-1.65523,0,0.4305,1.08,0.7222,0,0.02317,0.04924,-0.4245,3.049,-0.8307
274.00,275.27,275.28,0,-2.29664,0,e_rec,cross-domain,0.0000,0.0000,3.346,0,-2.29664,0,0.01435,0.5649,0.7405,0,-0.3352,1.294,-0.3762,1.117,-0.1742
274.40,275.67,275.68,0,-2.85299,0,|r_qp|,cross-domain,0.0000,0.0000,3.360,0,-2.85299,0,-0.1866,0.4805,2.048,0,-0.2715,1.629,-0.06442,-0.2649,0.9849
274.80,276.07,276.08,0,-3.07298,0,|r_aux|,cross-domain,0.0000,0.0000,3.370,0,-3.07298,0,-0.2009,0.9435,0.9982,0,-0.1537,0.7784,-0.3277,-1.131,-0.8051
275.20,276.47,276.48,0,-3.05004,0,|r_aux|,cross-domain,0.0000,0.0000,3.351,0,-3.05004,0,0.4879,0.5368,0.7264,0,-0.1703,-0.2712,-0.5472,-1.09,0.08959
275.60,276.87,276.88,0,-2.38269,0,|r_qp|,cross-domain,0.0000,0.0000,3.338,0,-2.38269,0,1.22,0.6802,2.143,0,-1.063,-0.8125,-0.321,-0.7417,-0.8988
276.00,277.27,277.28,0,-1.93909,0,|r_bal|,cross-domain,0.0000,0.0000,3.341,0,-1.93909,0,1.579,1.105,1.139,0,-0.6103,-0.7494,-0.4809,0.6881,-0.7742
276.40,277.67,277.68,0,-3.02588,0,|r_bal|,cross-domain,0.0000,0.0000,3.350,0,-3.02588,0,1.005,0.636,0.9861,0,0.3584,-0.5305,-0.1953,-0.641,0.1194
276.80,278.07,278.08,0,-2.83110,0,|r_bal|,cross-domain,0.0000,0.0000,3.379,0,-2.83110,0,0.7462,0.5454,2.254,0,0.3874,-0.6693,0.2029,0.2295,-0.6884
277.20,278.47,278.48,0,-3.05993,0,|r_aux|,cross-domain,0.0000,0.0000,3.910,0,-3.05993,0,0.8324,1.03,1.109,0,0.5712,0.06098,0.0972,-0.6892,-0.4259
277.60,278.87,278.88,0,-2.28353,0,e_rec,cross-domain,0.0000,0.0000,3.627,0,-2.28353,0,1.062,0.567,0.8964,0,0.769,0.5442,0.4044,2.175,0.4206
278.00,279.27,279.28,0,-3.39716,0,|r_bal|,cross-domain,0.0000,0.0000,3.460,0,-3.39716,0,0.818,0.3447,2.296,0,1.566,0.862,1.387,0.09942,-0.7437
278.40,279.67,279.68,0,-2.89332,0,|r_bal|,cross-domain,0.0000,0.0000,3.366,0,-2.89332,0,0.9902,0.9335,1.026,0,0.9303,0.3036,1.991,0.5175,-0.8344
278.80,280.07,280.08,0,-2.79594,0,e_rec,cross-domain,0.0000,0.0000,3.336,0,-2.79594,0,0.6458,0.4258,0.8019,0,1.114,0.003012,2.009,1.816,1.387
279.20,280.47,280.48,0,-3.29640,0,|r_bal|,cross-domain,0.0000,0.0000,3.903,0,-3.29640,0,0.8754,0.4542,2.114,0,0.9282,-0.199,2.297,-0.2199,-0.5831
279.60,280.87,280.88,0,-3.24948,0,|r_aux|,cross-domain,0.0000,0.0000,3.531,0,-3.24948,0,0.7175,0.9791,1.241,0,1.378,-0.1258,1.964,0.2628,0.2357
280.00,281.27,281.28,0,-2.52718,0,e_rec,cross-domain,0.0000,0.0000,3.400,0,-2.52718,0,1.048,0.4802,0.9709,0,0.6162,-0.5186,3.516,2.006,1.096
280.40,281.67,281.68,0,-3.04867,0,|r_bal|,cross-domain,0.0000,0.0000,3.370,0,-3.04867,0,1.435,0.385,1.921,0,-0.06694,-1.112,4.682,-0.4627,0.3844
280.80,282.07,282.08,0,-2.97708,0,|r_bal|,cross-domain,0.0000,0.0000,3.940,0,-2.97708,0,1.134,0.9685,0.826,0,-0.1315,-0.5546,5.209,-0.5181,-0.1336
281.20,282.47,282.48,0,-2.16514,0,e_rec,cross-domain,0.0000,0.0000,4.150,0,-2.16514,0,0.8036,0.4367,0.7198,0,-0.1453,0.06881,5.334,2.48,-0.1338
281.60,282.87,282.88,0,-3.34667,0,|r_qp|,cross-domain,0.0000,0.0000,3.608,0,-3.34667,0,0.3588,0.4422,2.025,0,-0.2472,0.4876,5.672,-1.004,0.2761
282.00,283.27,283.28,0,-3.39412,0,|r_aux|,cross-domain,0.0000,0.0000,3.950,0,-3.39412,0,0.244,1.006,1.165,0,0.2015,0.09782,5.198,-0.9244,-0.2416
282.40,283.67,283.68,0,-3.06393,0,e_rec,cross-domain,0.0000,0.0000,3.496,0,-3.06393,0,0.7606,0.4089,0.6617,0,0.5384,-0.1766,4.092,0.5469,1.134
282.80,284.07,284.08,0,-3.38458,0,|r_bal|,cross-domain,0.0000,0.0000,3.427,0,-3.38458,0,1.105,0.524,1.846,0,0.8459,-0.1244,3.202,-0.6526,-0.7287
283.20,284.47,284.48,0,-2.52930,0,e_rec,cross-domain,0.0000,0.0000,3.405,0,-2.52930,0,1.564,1.032,0.8654,0,0.8143,0.122,2.553,1.239,0.07769
283.60,284.87,284.88,0,-2.91152,0,e_rec,cross-domain,0.0000,0.0000,3.409,0,-2.91152,0,1.564,0.5092,0.7915,0,1.106,0.2858,3.936,1.058,0.8377
284.00,285.27,285.28,0,-3.58886,0,|r_bal|,cross-domain,0.0000,0.0000,3.391,0,-3.58886,0,1.478,0.4114,2.257,0,0.7881,-0.1072,4.869,-1.254,-0.8252
284.40,285.67,285.68,0,-2.30243,0,e_rec,cross-domain,0.0000,0.0000,3.363,0,-2.30243,0,1.392,0.9772,1.074,0,0.1335,0.4824,4.884,1.506,-0.6194
284.80,286.07,286.08,0,-1.53302,0,e_rec,cross-domain,0.0000,0.0000,3.394,0,-1.53302,0,1.091,0.3877,1.237,0,-0.3024,1.462,3.053,3.489,-0.2373
285.20,286.47,286.48,0,-2.66504,0,|r_qp|,cross-domain,0.0000,0.0000,3.352,0,-2.66504,0,0.8611,0.7581,2.422,0,-0.4671,1.966,1.409,-0.5299,1.962
285.60,286.87,286.88,0,-2.38501,0,|r_aux|,cross-domain,0.0000,0.0000,3.860,0,-2.38501,0,0.7606,1.09,1.115,0,-0.002939,1.593,-0.2087,0.4018,-0.5081
286.00,287.27,287.28,0,-2.78647,0,|r_aux|,cross-domain,0.0000,0.0000,3.696,0,-2.78647,0,0.1722,0.5853,0.9567,0,-0.2069,0.5036,0.01325,-0.1293,0.5575
286.40,287.67,287.68,0,-3.18646,0,|r_aux|,cross-domain,0.0000,0.0000,3.614,0,-3.18646,0,0.3014,0.3942,2.447,0,0.2994,-0.09514,0.6923,-0.5425,-0.06747
286.80,288.07,288.08,0,-2.88930,0,|r_aux|,cross-domain,0.0000,0.0000,3.615,0,-2.88930,0,0.4449,0.9716,1.333,0,0.2361,-0.2009,0.9409,-0.1421,-0.5326
287.20,288.47,288.48,0,-2.93046,0,|r_aux|,cross-domain,0.0000,0.0000,3.465,0,-2.93046,0,0.5023,0.4853,0.9627,0,0.3043,-0.8342,0.8219,0.2325,0.2969
287.60,288.87,288.88,0,-2.93328,0,|r_bal|,cross-domain,0.0000,0.0000,3.432,0,-2.93328,0,0.8324,0.6569,2.164,0,0.3912,-1.128,0.6605,-0.08694,-0.8982
288.00,289.27,289.28,0,-2.38296,0,|r_aux|,cross-domain,0.0000,0.0000,3.542,0,-2.38296,0,1.076,1.07,1.115,0,-0.1642,-0.1969,-0.07342,0.2732,-0.3327
288.40,289.67,289.68,0,-2.16511,0,e_rec,cross-domain,0.0000,0.0000,3.490,0,-2.16511,0,1.622,0.577,0.6135,0,0.007046,0.9641,0.8187,1.202,0.2917
288.80,290.07,290.08,0,-2.77047,0,|r_bal|,cross-domain,0.0000,0.0000,3.590,0,-2.77047,0,0.8324,0.3426,2.16,0,-0.3056,1.315,2.106,-0.2777,-0.004748
289.20,290.47,290.48,0,-2.97527,0,|r_aux|,cross-domain,0.0000,0.0000,4.322,0,-2.97527,0,0.5453,0.943,1.169,0,-0.2159,0.7809,2.943,-0.8152,-0.508
289.60,290.87,290.88,0,-2.30499,0,e_rec,cross-domain,0.0000,0.0000,4.130,0,-2.30499,0,1.119,0.4346,1.317,0,-0.4376,-0.2121,2.627,1.158,1.711
290.00,291.27,291.28,0,-2.84638,0,|r_bal|,cross-domain,0.0000,0.0000,4.005,0,-2.84638,0,0.8754,0.5022,2.744,0,0.02096,-0.8816,2.569,0.063,-0.88
290.40,291.67,291.68,0,-2.86671,0,|r_aux|,cross-domain,0.0000,0.0000,3.466,0,-2.86671,0,0.9759,1.038,1.295,0,-0.4732,-1.063,2.236,-0.9807,0.3858
290.80,292.07,292.08,0,-1.88539,0,e_rec,cross-domain,0.0000,0.0000,3.818,0,-1.88539,0,0.6458,0.5105,1.108,0,-0.738,-0.9157,3.376,2.449,0.4142
291.20,292.47,292.48,0,-3.08692,0,|r_bal|,cross-domain,0.0000,0.0000,3.387,0,-3.08692,0,0.9615,0.4195,2.065,0,-0.4651,-0.9338,4.258,-0.9452,-0.1029
291.60,292.87,292.88,0,-2.69096,0,|r_aux|,cross-domain,0.0000,0.0000,4.134,0,-2.69096,0,0.8754,0.9684,0.5922,0,-0.1882,0.1275,4.563,0.2757,0.03357
292.00,293.27,293.28,0,-2.91751,0,|r_bal|,cross-domain,0.0000,0.0000,4.015,0,-2.91751,0,0.6458,0.3988,0.7981,0,0.2045,1.002,4.117,0.4076,-0.1883
292.40,293.67,293.68,0,-3.54609,0,|r_bal|,cross-domain,0.0000,0.0000,3.883,0,-3.54609,0,0.5166,0.4114,1.806,0,0.6434,1.515,4.486,-0.8671,0.43
292.80,294.07,294.08,0,-3.37974,0,|r_aux|,cross-domain,0.0000,0.0000,3.589,0,-3.37974,0,0.6027,0.9643,0.6932,0,0.5547,0.8167,4.296,-0.8864,-0.5786
293.20,294.47,294.48,0,-2.52403,0,e_rec,cross-domain,0.0000,0.0000,3.951,0,-2.52403,0,1.421,0.4201,0.5812,0,0.06412,-0.08736,4.196,1.185,1.3
293.60,294.87,294.88,0,-2.99596,0,|r_qp|,cross-domain,0.0000,0.0000,4.103,0,-2.99596,0,0.9041,0.4986,1.9,0,-0.4569,-0.7574,3.82,-0.8174,-0.8753
294.00,295.27,295.28,0,-2.42811,0,|r_qp|,cross-domain,0.0000,0.0000,3.972,0,-2.42811,0,0.8036,1.019,1.035,0,-0.6527,-0.8106,3.075,0.3312,-0.3027
294.40,295.67,295.68,0,-3.20442,0,|r_qp|,cross-domain,0.0000,0.0000,3.531,0,-3.20442,0,0.3157,0.4554,1.135,0,-0.3334,-1.181,2.351,-1,0.2077
294.80,296.07,296.08,0,-2.86561,0,|r_aux|,cross-domain,0.0000,0.0000,3.459,0,-2.86561,0,0.6601,0.7,2.766,0,0.2974,-1.042,1.114,0.1407,-0.8497
295.20,296.47,296.48,0,-3.03181,0,|r_aux|,cross-domain,0.0000,0.0000,3.448,0,-3.03181,0,0.7175,1.086,1.511,0,0.3672,-0.1587,0.1353,-0.7907,-0.2421
295.60,296.87,296.88,0,-1.98171,0,e_rec,cross-domain,0.0000,0.0000,3.443,0,-1.98171,0,0.4162,0.6468,0.8416,0,0.02197,0.8263,2.012,2.73,0.2549
296.00,297.27,297.28,0,-3.05919,0,|r_bal|,cross-domain,0.0000,0.0000,3.537,0,-3.05919,0,0.531,0.323,2.152,0,0.08563,0.9553,4.568,-0.004829,-0.2409
296.40,297.67,297.68,0,-2.95096,0,e_rec,cross-domain,0.0000,0.0000,3.466,0,-2.95096,0,0.7032,0.9738,1.223,0,0.7518,0.325,5.708,0.9017,-0.7357
296.80,298.07,298.08,0,-3.73793,0,|r_bal|,cross-domain,0.0000,0.0000,3.542,0,-3.73793,0,1.234,0.3876,0.9589,0,1.26,-0.2546,3.754,-1.001,0.2799
297.20,298.47,298.48,0,-3.76418,0,|r_bal|,cross-domain,0.0000,0.0000,3.425,0,-3.76418,0,0.9472,0.5735,2.114,0,1.357,-0.5644,1.971,-1.21,-0.1094
297.60,298.87,298.88,0,-2.51989,0,e_rec,cross-domain,0.0000,0.0000,3.423,0,-2.51989,0,0.9041,1.028,0.7055,0,0.8355,-0.5097,0.5599,1.43,-0.4412
298.00,299.27,299.28,0,-2.98060,0,|r_bal|,cross-domain,0.0000,0.0000,3.405,0,-2.98060,0,1.32,0.4856,0.5707,0,1.053,-0.6169,0.4692,0.4781,0.8626
298.40,299.67,299.68,0,-3.30257,0,|r_bal|,cross-domain,0.0000,0.0000,3.504,0,-3.30257,0,1.263,0.501,1.801,0,0.4525,-0.8727,0.3378,-1.321,0.2361
