t_start,t_end,t_release,label,score,alarm,dominant,domain,csec_corr,csec_unc,decision_ms_after_target,csec_wait_ms,prov_score,prov_alarm,|r_bal|,|r_aux|,|r_cool|,|r_ups|,|r_qp|,|r_pv|,|r_reg|,e_rec,e_fc
2.00,3.27,3.28,0,6.17920,1,e_rec,single-domain,0.0000,0.0000,4.229,0,6.17920,1,-2.44,12.68,-0.5916,0,-0.8876,31.17,50,28.16,35.07
2.40,3.67,3.68,0,2.53383,1,e_rec,single-domain,0.0000,0.0000,3.798,0,2.53383,1,-2.483,13.8,-0.4191,0,-0.876,27.3,48.32,16.39,29.08
2.80,4.07,4.08,0,14.12951,1,e_rec,single-domain,0.0000,0.0000,3.647,0,14.12951,1,-2.167,13.42,-0.3544,0,-0.858,17.78,47.15,50,6.447
3.20,4.47,4.48,0,-0.59540,0,e_rec,single-domain,0.0000,0.0000,4.038,0,-0.59540,0,-0.9902,10.52,0.6235,0,0.1148,8.951,50,10.75,7.488
3.60,4.87,4.88,0,8.25016,1,e_rec,single-domain,0.0000,0.0000,3.974,0,8.25016,1,-0.7319,9.036,0.4308,0,-0.1449,2.722,44.57,36.72,3.887
4.00,5.27,5.28,0,6.85008,1,e_rec,single-domain,0.0000,0.0000,3.761,0,6.85008,1,0.8036,5.769,0.573,0,-0.06899,2.993,47.63,34.4,2.194
4.40,5.67,5.68,0,-2.62627,0,e_rec,single-domain,0.0000,0.0000,3.485,0,-2.62627,0,0.07175,4.152,1.136,0,-0.04566,4.408,41.78,6.77,3.756
4.80,6.07,6.08,0,-1.22243,0,e_rec,single-domain,0.0000,0.0000,3.449,0,-1.22243,0,0.1579,4.02,0.2386,0,0.1101,6.311,37.87,9.822,-0.5334
5.20,6.47,6.48,0,-1.40553,0,e_rec,cross-domain,0.0000,0.0000,3.412,0,-1.40553,0,0.2296,2.765,-0.05782,0,0.1149,5.951,28.71,8.21,-0.8315
5.60,6.87,6.88,0,-3.79381,0,|r_aux|,cross-domain,0.0000,0.0000,4.146,0,-3.79381,0,0.4592,1.819,1.074,0,-0.3272,3.258,18.84,-0.6619,-0.581
6.00,7.27,7.28,0,-2.89052,0,|r_aux|,cross-domain,0.0000,0.0000,4.024,0,-2.89052,0,0.3301,1.676,0.3578,0,-0.8037,1.464,14.29,0.8432,-0.5206
6.40,7.67,7.68,0,-3.19333,0,|r_aux|,cross-domain,0.0000,0.0000,4.025,0,-3.19333,0,0.574,0.723,0.4135,0,-0.3707,1.044,6.111,-0.6257,-0.1056
6.80,8.07,8.08,0,-2.63747,0,|r_aux|,cross-domain,0.0000,0.0000,3.603,0,-2.63747,0,0.531,1.328,2.131,0,-0.1642,2.064,0.621,-0.4066,-0.1794
7.20,8.47,8.48,0,-2.85877,0,|r_aux|,cross-domain,0.0000,0.0000,3.440,0,-2.85877,0,1.205,1.179,1.599,0,-0.09938,1.914,1.44,-1.156,-0.7164
7.60,8.87,8.88,0,-2.22487,0,e_rec,cross-domain,0.0000,0.0000,3.380,0,-2.22487,0,1.005,0.8483,1.658,0,0.4715,1.262,1.019,1.925,0.9555
8.00,9.27,9.28,0,-2.93074,0,|r_bal|,cross-domain,0.0000,0.0000,3.804,0,-2.93074,0,0.8898,0.818,2.672,0,0.6363,1.756,0.8667,-0.01872,0.01675
8.40,9.67,9.68,0,-3.30162,0,|r_aux|,cross-domain,0.0000,0.0000,3.456,0,-3.30162,0,0.7032,1.159,1.265,0,1.335,1.255,0.02505,-0.4248,-0.3094
8.80,10.07,10.08,0,-2.58931,0,|r_bal|,cross-domain,0.0000,0.0000,3.472,0,-2.58931,0,1.177,1.031,0.6924,0,0.723,1.277,-0.3338,0.677,1.038
9.20,10.47,10.48,0,-2.05889,0,e_rec,cross-domain,0.0000,0.0000,4.017,0,-2.05889,0,0.6458,1.218,1.985,0,0.4389,0.317,-0.1756,2.203,0.8171
9.60,10.87,10.88,0,-2.79674,0,|r_aux|,cross-domain,0.0000,0.0000,3.494,0,-2.79674,0,0.8036,1.389,1.198,0,0.07942,-0.1873,0.6684,-0.5128,-0.6014
10.00,11.27,11.28,0,-1.94506,0,e_rec,cross-domain,0.0000,0.0000,3.566,0,-1.94506,0,0.6314,1.142,1.03,0,-0.5289,-0.7021,0.1367,1.675,2.803
10.40,11.67,11.68,0,-2.56223,0,|r_aux|,cross-domain,0.0000,0.0000,3.522,0,-2.56223,0,1.033,1.124,2.71,0,-0.286,0.08974,0.2316,-0.3409,0.5268
10.80,12.07,12.08,0,-2.82630,0,|r_aux|,cross-domain,0.0000,0.0000,3.510,0,-2.82630,0,0.8611,1.357,1.121,0,0.08048,0.6188,0.6034,-0.6932,-0.1606
11.20,12.47,12.48,0,-1.95999,0,e_rec,cross-domain,0.0000,0.0000,3.412,0,-1.95999,0,0.9041,1.14,0.8445,0,0.7194,1.755,0.1277,2.773,2.514
11.60,12.87,12.88,0,-2.66380,0,|r_aux|,cross-domain,0.0000,0.0000,3.369,0,-2.66380,0,0.8324,1.175,2.328,0,0.1561,1.858,0.3043,-0.15,0.6004
12.00,13.27,13.28,0,-2.57082,0,|r_aux|,cross-domain,0.0000,0.0000,3.451,0,-2.57082,0,0.9041,1.38,0.8395,0,0.4373,1.406,0.6973,0.436,0.1679
12.40,13.67,13.68,0,-2.39934,0,|r_bal|,cross-domain,0.0000,0.0000,4.002,0,-2.39934,0,1.55,1.093,0.5781,0,0.02988,0.5731,0.2832,0.2666,1.17
12.80,14.07,14.08,0,-2.38071,0,e_rec,cross-domain,0.0000,0.0000,3.654,0,-2.38071,0,0.8036,0.9368,1.779,0,0.02982,-0.1077,-0.002462,0.9434,1.484
13.20,14.47,14.48,0,-2.92821,0,|r_aux|,cross-domain,0.0000,0.0000,3.553,0,-2.92821,0,1.119,1.249,0.6481,0,0.4346,-0.3328,0.3176,-0.5827,-0.4256
13.60,14.87,14.88,0,-2.15403,0,e_rec,cross-domain,0.0000,0.0000,3.406,0,-2.15403,0,0.9472,0.988,0.7735,0,0.4501,-0.7113,-0.1538,2.114,1.84
14.00,15.27,15.28,0,-2.95768,0,|r_aux|,cross-domain,0.0000,0.0000,3.416,0,-2.95768,0,0.8754,1.03,2.118,0,0.5227,-1.125,0.04853,-0.1633,0.5389
14.40,15.67,15.68,0,-2.95390,0,|r_aux|,cross-domain,0.0000,0.0000,3.388,0,-2.95390,0,0.818,1.239,0.8168,0,0.4701,-1.423,0.8437,-0.1511,-0.1696
14.80,16.07,16.08,0,-2.22518,0,e_rec,cross-domain,0.0000,0.0000,3.501,0,-2.22518,0,0.5597,1.074,0.7573,0,0.4724,-1.288,0.3145,2.332,2.337
15.20,16.47,16.48,0,-2.50405,0,|r_aux|,cross-domain,0.0000,0.0000,3.038,0,-2.50405,0,0.4592,1.283,1.814,0,0.03619,-0.4466,0.1733,0.5533,0.01513
15.60,16.87,16.88,0,-3.08994,0,|r_aux|,cross-domain,0.0000,0.0000,3.836,0,-3.08994,0,0.6888,1.48,0.8102,0,0.6962,-0.01167,1.245,-0.4306,-0.3042
16.00,17.27,17.28,0,-3.25859,0,|r_aux|,cross-domain,0.0000,0.0000,3.723,0,-3.25859,0,0.7032,1.073,0.5833,0,0.9964,0.9585,0.2193,-0.5256,0.6827
16.40,17.67,17.68,0,-3.32445,0,|r_aux|,cross-domain,0.0000,0.0000,5.230,0,-3.32445,0,0.5884,0.7105,2.012,0,1.037,0.816,0.08654,-0.3815,0.6276
16.80,18.07,18.08,0,-2.22448,0,e_rec,cross-domain,0.0000,0.0000,4.197,0,-2.22448,0,0.8324,1.074,0.7575,0,0.6685,0.8114,0.2455,1.95,-0.4938
17.20,18.47,18.48,0,-2.48305,0,|r_bal|,cross-domain,0.0000,0.0000,4.922,0,-2.48305,0,1.607,0.9717,0.24,0,0.7038,-0.04478,0.411,1.016,0.6299
17.60,18.87,18.88,0,-3.02662,0,|r_bal|,cross-domain,0.0000,0.0000,3.533,0,-3.02662,0,1.464,1.291,1.295,0,0.7236,-0.2691,0.4965,-0.6864,0.2309
18.00,19.27,19.28,0,-2.63341,0,|r_bal|,cross-domain,0.0000,0.0000,3.649,0,-2.63341,0,1.622,1.425,-0.0008333,0,0.5344,-0.2089,1.722,0.2392,-0.6722
18.40,19.67,19.68,0,-2.45338,0,e_rec,cross-domain,0.0000,0.0000,5.285,0,-2.45338,0,0.5597,0.9637,0.4509,0,0.004932,0.6498,0.354,0.7786,0.5197
18.80,20.07,20.08,0,-2.19318,0,e_rec,cross-domain,0.0000,0.0000,4.007,0,-2.19318,0,0.6888,0.6494,2.281,0,-0.4191,0.8169,0.1849,1.006,0.08895
19.20,20.47,20.48,0,-2.50310,0,|r_bal|,cross-domain,0.0000,0.0000,3.803,0,-2.50310,0,1.148,1.057,1.047,0,-0.3125,1.034,0.1083,-0.4091,-0.452
19.60,20.87,20.88,0,-2.47357,0,|r_qp|,cross-domain,0.0000,0.0000,4.435,0,-2.47357,0,0.9328,0.8562,0.8145,0,-0.5565,0.9523,-0.1879,-0.3521,0.3958
20.00,21.27,21.28,0,-2.35329,0,|r_aux|,cross-domain,0.0000,0.0000,3.803,0,-2.35329,0,0.5023,1.001,1.877,0,-0.3451,1.066,-0.01752,0.5031,0.9021
20.40,21.67,21.68,0,-2.79453,0,|r_aux|,cross-domain,0.0000,0.0000,3.551,0,-2.79453,0,0.6027,1.224,0.6718,0,-0.1936,0.7621,0.6283,-0.7047,-0.2124
20.80,22.07,22.08,0,-2.75838,0,|r_aux|,cross-domain,0.0000,0.0000,3.551,0,-2.75838,0,0.5884,0.9292,0.4888,0,-0.428,-0.2403,-0.02458,-0.6757,0.2387
21.20,22.47,22.48,0,-2.57495,0,e_rec,cross-domain,0.0000,0.0000,3.484,0,-2.57495,0,0.9185,0.8898,2.099,0,0.3992,-0.9307,0.04928,0.8131,0.01915
21.60,22.87,22.88,0,-2.82138,0,|r_aux|,cross-domain,0.0000,0.0000,4.978,0,-2.82138,0,1.091,1.184,0.8636,0,0.479,-0.6157,0.4652,-0.1052,-0.7166
22.00,23.27,23.28,0,-2.78785,0,|r_bal|,cross-domain,0.0000,0.0000,4.091,0,-2.78785,0,1.091,0.8648,1.069,0,0.5504,-0.3751,-0.04624,0.2179,0.02602
22.40,23.67,23.68,0,-2.48390,0,|r_bal|,cross-domain,0.0000,0.0000,4.037,0,-2.48390,0,1.019,0.8783,2.428,0,-0.124,-0.2105,-0.002695,0.184,-0.7382
22.80,24.07,24.08,0,-1.67499,0,e_rec,cross-domain,0.0000,0.0000,3.864,0,-1.67499,0,0.9615,1.169,1.016,0,-0.2151,-0.2784,0.9939,2.56,-0.3178
23.20,24.47,24.48,0,-1.73092,0,e_rec,cross-domain,0.0000,0.0000,3.969,0,-1.73092,0,0.5166,0.991,-0.01361,0,-0.5626,0.07343,1.491,2.448,-0.111
23.60,24.87,24.88,0,-2.61820,0,|r_aux|,cross-domain,0.0000,0.0000,3.665,0,-2.61820,0,0.7175,1.17,0.8554,0,-0.4759,0.381,1.777,-0.3007,-0.08251
24.00,25.27,25.28,0,-2.02818,0,e_rec,cross-domain,0.0000,0.0000,3.774,0,-2.02818,0,0.4736,1.349,-0.4648,0,-0.3608,0.1468,3.33,1.996,-0.1946
24.40,25.67,25.68,0,-1.99687,0,e_rec,cross-domain,0.0000,0.0000,3.729,0,-1.99687,0,0.8611,1.085,-0.6279,0,-0.0238,-0.2272,2.583,2.361,0.02207
24.80,26.07,26.08,0,-2.85137,0,|r_bal|,cross-domain,0.0000,0.0000,5.177,0,-2.85137,0,1.162,1.064,0.8152,0,-0.3082,-0.4684,2.271,-0.7598,0.262
25.20,26.47,26.48,0,-2.37518,0,|r_bal|,cross-domain,0.0000,0.0000,4.662,0,-2.37518,0,1.363,1.3,-0.4613,0,-0.1819,-0.2866,3.019,0.6222,-0.4636
25.60,26.87,26.88,0,-2.20621,0,e_rec,cross-domain,0.0000,0.0000,3.950,0,-2.20621,0,1.148,0.9552,0.1072,0,0.2125,0.835,1.388,1.527,-0.5078
26.00,27.27,27.28,0,-2.50898,0,|r_bal|,cross-domain,0.0000,0.0000,3.841,0,-2.50898,0,0.9615,0.8614,1.933,0,-0.2741,1.02,1.024,0.03458,-0.8002
26.40,27.67,27.68,0,-2.31203,0,|r_aux|,cross-domain,0.0000,0.0000,4.013,0,-2.31203,0,0.9328,1.187,0.7135,0,-0.1487,1.256,1.21,0.6681,0.09122
26.80,28.07,28.08,0,-2.15119,0,e_rec,cross-domain,0.0000,0.0000,3.838,0,-2.15119,0,0.6314,0.9967,0.04285,0,0.1174,0.9107,1.434,1.889,-0.3462
27.20,28.47,28.48,0,-2.71849,0,|r_aux|,cross-domain,0.0000,0.0000,3.858,0,-2.71849,0,0.7175,1.093,0.8586,0,0.261,1.393,2.064,0.3206,-0.6483
27.60,28.87,28.88,0,-1.55799,0,e_rec,cross-domain,0.0000,0.0000,5.216,0,-1.55799,0,0.5453,1.297,-0.2134,0,0.2173,2.148,3.605,3.987,0.455
28.00,29.27,29.28,0,-2.08921,0,e_rec,cross-domain,0.0000,0.0000,4.369,0,-2.08921,0,0.8324,1.044,-0.8659,0,0.398,2.029,3.47,2.589,-0.2403
28.40,29.67,29.68,0,-3.00771,0,|r_aux|,cross-domain,0.0000,0.0000,3.824,0,-3.00771,0,0.6601,1.05,0.1371,0,0.3606,1.404,3.64,0.001872,-0.6981
28.80,30.07,30.08,0,-3.22126,0,|r_aux|,cross-domain,0.0000,0.0000,3.620,0,-3.22126,0,1.048,1.259,-1.168,0,0.4576,0.8098,4.565,-0.5152,0.7263
29.20,30.47,30.48,0,-2.79243,0,|r_aux|,cross-domain,0.0000,0.0000,3.594,0,-2.79243,0,0.7175,0.9142,-0.1543,0,0.3165,1.024,2.522,0.5057,0.09577
29.60,30.87,30.88,0,-2.94902,0,|r_bal|,cross-domain,0.0000,0.0000,3.482,0,-2.94902,0,1.134,0.8161,2.255,0,0.1049,0.8879,1.5,-0.6747,0.1493
30.00,31.27,31.28,0,-2.72973,0,|r_aux|,cross-domain,0.0000,0.0000,3.556,0,-2.72973,0,1.191,1.161,1.272,0,0.004685,1.041,1.078,-0.5581,-0.3588
30.40,31.67,31.68,0,-2.72545,0,|r_bal|,cross-domain,0.0000,0.0000,3.464,0,-2.72545,0,1.421,0.8491,1.1,0,0.1308,1.001,0.3859,-0.4825,-0.7556
30.80,32.07,32.08,0,-2.95497,0,|r_bal|,cross-domain,0.0000,0.0000,4.801,0,-2.95497,0,0.9041,0.735,2.68,0,0.293,1.166,0.6364,-0.5111,-0.5843
31.20,32.47,32.48,0,-2.10534,0,e_rec,cross-domain,0.0000,0.0000,5.740,0,-2.10534,0,0.7462,1.093,1.362,0,-0.1859,1.377,0.9776,1.403,0.9733
31.60,32.87,32.88,0,-1.88007,0,e_rec,cross-domain,0.0000,0.0000,3.703,0,-1.88007,0,0.0574,0.8996,0.3765,0,-0.6682,0.8108,1.781,2.18,-0.4116
32.00,33.27,33.28,0,-2.70801,0,|r_aux|,cross-domain,0.0000,0.0000,3.620,0,-2.70801,0,0.5453,1.116,1.057,0,-0.3197,-0.04863,2.027,-0.1182,-0.1945
32.40,33.67,33.68,0,-2.05841,0,e_rec,cross-domain,0.0000,0.0000,3.447,0,-2.05841,0,0.9041,1.268,-0.6126,0,0.4917,-0.4172,3.946,3.125,1.721
32.80,34.07,34.08,0,-2.51947,0,e_rec,cross-domain,0.0000,0.0000,3.603,0,-2.51947,0,0.8036,0.984,-1.222,0,0.9849,0.1455,3.373,2.338,-0.5511
33.20,34.47,34.48,0,-3.41526,0,|r_aux|,cross-domain,0.0000,0.0000,3.387,0,-3.41526,0,0.6314,1.044,-0.1745,0,1.197,0.5531,3.518,-0.01238,-0.85
33.60,34.87,34.88,0,-3.86944,0,|r_aux|,cross-domain,0.0000,0.0000,3.398,0,-3.86944,0,0.531,1.294,-1.21,0,1.893,0.7202,4.109,-0.3577,0.128
34.00,35.27,35.28,0,-3.69207,0,|r_bal|,cross-domain,0.0000,0.0000,4.620,0,-3.69207,0,1.033,0.9629,-0.3751,0,1.657,-0.05554,2.021,-0.661,-0.6656
34.40,35.67,35.68,0,-3.31403,0,|r_aux|,cross-domain,0.0000,0.0000,3.564,0,-3.31403,0,0.3588,0.8095,2.258,0,0.7936,-0.505,1.2,-0.2645,-0.3282
34.80,36.07,36.08,0,-2.94952,0,|r_aux|,cross-domain,0.0000,0.0000,3.410,0,-2.94952,0,0.7319,1.152,1.229,0,-0.1051,-0.6182,0.6236,-0.9318,-0.2876
35.20,36.47,36.48,0,-2.65327,0,|r_aux|,cross-domain,0.0000,0.0000,3.420,0,-2.65327,0,0.7606,0.8545,1.114,0,0.0551,-0.8638,0.03673,0.2131,-0.7481
35.60,36.87,36.88,0,-2.71421,0,|r_bal|,cross-domain,0.0000,0.0000,3.387,0,-2.71421,0,1.019,0.8139,2.389,0,0.2038,-1.158,0.318,0.1877,-0.3169
36.00,37.27,37.28,0,-2.52322,0,|r_bal|,cross-domain,0.0000,0.0000,3.411,0,-2.52322,0,1.435,1.122,1.186,0,0.07148,-1.27,0.694,0.2022,-0.3644
36.40,37.67,37.68,0,-2.30474,0,|r_bal|,cross-domain,0.0000,0.0000,3.507,0,-2.30474,0,1.134,0.7952,1.04,0,-0.2609,-1.237,0.222,0.7198,-0.5668
36.80,38.07,38.08,0,-2.45989,0,|r_bal|,cross-domain,0.0000,0.0000,3.004,0,-2.45989,0,1.378,0.8115,2.634,0,-0.05845,-1.123,0.1879,0.3351,-0.1649
37.20,38.47,38.48,0,-3.04049,0,|r_bal|,cross-domain,0.0000,0.0000,4.519,0,-3.04049,0,1.205,1.157,1.457,0,0.3093,-1.037,0.5461,-0.9618,-0.5461
37.60,38.87,38.88,0,-2.90856,0,|r_bal|,cross-domain,0.0000,0.0000,3.787,0,-2.90856,0,1.536,0.8051,1.389,0,0.3649,-1.143,0.1027,-0.5683,-0.7387
38.00,39.27,39.28,0,-2.63252,0,|r_bal|,cross-domain,0.0000,0.0000,3.642,0,-2.63252,0,0.7462,0.7035,2.782,0,-0.008005,-0.9614,-0.06469,0.2728,-0.6632
38.40,39.67,39.68,0,-1.86952,0,e_rec,cross-domain,0.0000,0.0000,3.937,0,-1.86952,0,1.162,1.046,1.362,0,-0.3444,-0.9742,0.4793,1.833,1.066
38.80,40.07,40.08,0,-2.27443,0,|r_qp|,cross-domain,0.0000,0.0000,3.633,0,-2.27443,0,0.531,0.8193,0.8638,0,-0.8065,-0.8853,0.2321,0.4589,-0.2787
39.20,40.47,40.48,0,-2.70278,0,|r_aux|,cross-domain,0.0000,0.0000,3.618,0,-2.70278,0,0.4879,1.054,1.898,0,0.1164,-0.6115,0.07861,0.1484,-0.8495
39.60,40.87,40.88,0,-2.77417,0,e_rec,cross-domain,0.0000,0.0000,3.640,0,-2.77417,0,0.818,1.234,0.9137,0,0.7861,-0.5698,1.409,0.8658,0.6385
40.00,41.27,41.28,0,-2.44425,0,e_rec,cross-domain,0.0000,0.0000,5.069,0,-2.44425,0,0.7175,0.9554,0.09814,0,1.279,-0.1103,1.099,2.559,-0.4663
40.40,41.67,41.68,0,-3.52182,0,|r_bal|,cross-domain,0.0000,0.0000,4.409,0,-3.52182,0,1.249,1.065,1.096,0,1.414,0.2277,1.31,-0.8236,0.3771
40.80,42.07,42.08,0,-3.50580,0,|r_aux|,cross-domain,0.0000,0.0000,4.293,0,-3.50580,0,1.32,1.305,-0.4943,0,1.307,-0.07152,2.183,-0.9069,0.0241
41.20,42.47,42.48,0,-3.28054,0,|r_bal|,cross-domain,0.0000,0.0000,3.976,0,-3.28054,0,1.134,0.9655,0.2255,0,1.08,-0.6566,0.8713,-0.4348,-0.4721
41.60,42.87,42.88,0,-2.17796,0,e_rec,cross-domain,0.0000,0.0000,4.039,0,-2.17796,0,0.8898,0.8132,2.412,0,0.1923,-0.7732,0.8811,1.91,-0.3432
42.00,43.27,43.28,0,-2.78480,0,|r_aux|,cross-domain,0.0000,0.0000,3.832,0,-2.78480,0,0.8036,1.152,1.319,0,0.151,-0.5738,1.105,0.0006829,0.662
42.40,43.67,43.68,0,-2.35845,0,e_rec,cross-domain,0.0000,0.0000,3.813,0,-2.35845,0,0.9615,0.9098,0.9252,0,0.1059,-0.5416,0.6684,1.092,-0.519
42.80,44.07,44.08,0,-3.09214,0,|r_aux|,cross-domain,0.0000,0.0000,3.855,0,-3.09214,0,0.8036,0.9879,2.04,0,0.3234,-0.4894,0.4318,-0.8063,-0.4322
43.20,44.47,44.48,0,-2.36979,0,e_rec,cross-domain,0.0000,0.0000,5.359,0,-2.36979,0,0.4305,1.225,0.9789,0,0.2585,-0.6287,0.9617,1.525,0.3856
43.60,44.87,44.88,0,-3.28996,0,|r_aux|,cross-domain,0.0000,0.0000,4.886,0,-3.28996,0,0.5884,0.8187,0.8217,0,0.6462,0.8603,0.2469,-0.9033,-0.6306
44.00,45.27,45.28,0,-2.61601,0,|r_bal|,cross-domain,0.0000,0.0000,4.306,0,-2.61601,0,1.306,0.6607,2.28,0,0.5133,1.87,0.2366,0.4202,-0.3223
44.40,45.67,45.68,0,-2.61345,0,|r_aux|,cross-domain,0.0000,0.0000,4.079,0,-2.61345,0,1.033,1.05,0.7724,0,0.3484,1.898,0.6273,0.2574,0.0893
44.80,46.07,46.08,0,-2.49068,0,e_rec,cross-domain,0.0000,0.0000,4.048,0,-2.49068,0,1.105,0.895,-0.3373,0,0.4801,1.284,0.6716,0.9225,-0.3408
45.20,46.47,46.48,0,-2.80983,0,|r_aux|,cross-domain,0.0000,0.0000,3.726,0,-2.80983,0,0.1148,1.183,-0.06348,0,0.2582,0.7899,1.062,0.271,-0.5001
45.60,46.87,46.88,0,-3.16738,0,|r_aux|,cross-domain,0.0000,0.0000,3.966,0,-3.16738,0,0.6601,1.349,-1.14,0,0.3164,0.5527,2.304,-0.8985,-0.854
46.00,47.27,47.28,0,-3.34625,0,|r_aux|,cross-domain,0.0000,0.0000,3.771,0,-3.34625,0,0.4305,0.887,-0.6435,0,0.4468,-0.1023,0.8862,-1.001,-0.654
46.40,47.67,47.68,0,-3.36817,0,|r_bal|,cross-domain,0.0000,0.0000,5.215,0,-3.36817,0,0.6745,0.5418,1.682,0,0.8841,-0.8858,0.3994,-0.4468,-0.3881
46.80,48.07,48.08,0,-2.81924,0,|r_aux|,cross-domain,0.0000,0.0000,4.819,0,-2.81924,0,0.7175,0.9744,0.8383,0,-0.03809,-0.8129,0.06655,-0.3488,0.6832
47.20,48.47,48.48,0,-3.09318,0,|r_aux|,cross-domain,0.0000,0.0000,3.986,0,-3.09318,0,0.1435,0.7779,0.6402,0,-0.08221,-0.4597,-0.2559,-0.8886,-0.4819
47.60,48.87,48.88,0,-2.66563,0,|r_aux|,cross-domain,0.0000,0.0000,4.021,0,-2.66563,0,0.0861,1.046,2.406,0,-0.5195,-0.1415,-0.1627,-0.4022,-0.6062
48.00,49.27,49.28,0,-2.49456,0,|r_aux|,cross-domain,0.0000,0.0000,4.043,0,-2.49456,0,0.3014,1.273,1.166,0,-0.1328,-0.02425,0.8853,0.6103,0.4497
48.40,49.67,49.68,0,-2.69516,0,|r_aux|,cross-domain,0.0000,0.0000,3.802,0,-2.69516,0,0.8611,0.9534,1.124,0,-0.4342,-0.1256,0.3233,-0.6872,-0.3711
48.80,50.07,50.08,0,-2.81676,0,|r_aux|,cross-domain,0.0000,0.0000,3.916,0,-2.81676,0,0.7462,0.9119,2.04,0,-0.1891,-0.08687,0.5156,-0.6174,-0.6087
49.20,50.47,50.48,0,-3.04976,0,|r_aux|,cross-domain,0.0000,0.0000,3.688,0,-3.04976,0,0.5597,1.217,0.512,0,0.07638,-0.2138,0.6311,-0.9574,-0.3053
49.60,50.87,50.88,0,-3.01019,0,|r_bal|,cross-domain,0.0000,0.0000,4.540,0,-3.01019,0,1.048,0.886,0.2322,0,0.7252,-0.4664,0.02928,-0.1871,-0.4436
50.00,51.27,51.28,0,-3.00461,0,|r_bal|,cross-domain,0.0000,0.0000,4.399,0,-3.00461,0,1.177,0.8054,1.669,0,0.7492,-0.8231,-0.126,-0.187,-0.497
50.40,51.67,51.68,0,-3.06810,0,|r_bal|,cross-domain,0.0000,0.0000,4.080,0,-3.06810,0,1.335,1.133,1.205,0,0.6026,-0.9764,0.3349,-0.7195,0.2594
50.80,52.07,52.08,0,-2.72687,0,|r_bal|,cross-domain,0.0000,0.0000,3.984,0,-2.72687,0,0.9472,0.8009,0.9735,0,0.06631,-0.8235,0.05168,-0.07346,-0.7267
51.20,52.47,52.48,0,-2.63727,0,|r_bal|,cross-domain,0.0000,0.0000,4.600,0,-2.63727,0,0.8898,0.8501,2.373,0,-0.2609,-0.6298,0.1833,-0.2422,-0.5794
51.60,52.87,52.88,0,-2.28379,0,|r_aux|,cross-domain,0.0000,0.0000,3.986,0,-2.28379,0,0.7319,1.139,0.9138,0,-0.2422,0.07933,0.5992,0.7462,-0.7469
52.00,53.27,53.28,0,-2.08123,0,e_rec,cross-domain,0.0000,0.0000,3.926,0,-2.08123,0,1.062,0.837,0.5907,0,0.008041,1.411,0.162,1.433,-0.4884
52.40,53.67,53.68,0,-2.52074,0,|r_bal|,cross-domain,0.0000,0.0000,5.306,0,-2.52074,0,0.9472,0.828,1.969,0,0.2493,2.83,0.0988,0.3265,-0.5058
52.80,54.07,54.08,0,-2.33670,0,|r_bal|,cross-domain,0.0000,0.0000,3.988,0,-2.33670,0,1.55,1.155,0.9593,0,0.1396,3.277,0.5249,0.1582,-0.4951
53.20,54.47,54.48,0,-2.50184,0,|r_bal|,cross-domain,0.0000,0.0000,3.458,0,-2.50184,0,1.492,0.8357,0.7928,0,0.0006744,2.099,0.01151,-0.1964,-0.1846
53.60,54.87,54.88,0,-2.63812,0,|r_bal|,cross-domain,0.0000,0.0000,3.577,0,-2.63812,0,1.033,0.8309,2.127,0,0.06052,0.8004,0.08984,-0.08464,-0.4705
54.00,55.27,55.28,0,-2.68687,0,|r_aux|,cross-domain,0.0000,0.0000,3.481,0,-2.68687,0,0.6458,1.152,1.062,0,-0.4161,0.07703,0.5363,-0.6194,-0.4801
54.40,55.67,55.68,0,-2.58194,0,|r_aux|,cross-domain,0.0000,0.0000,3.369,0,-2.58194,0,0.2583,0.7563,0.7497,0,-0.2465,0.1516,-0.1799,0.2602,-0.8369
54.80,56.07,56.08,0,-3.11999,0,|r_aux|,cross-domain,0.0000,0.0000,4.950,0,-3.11999,0,0.3444,0.6373,2.226,0,-0.1222,4.458e-05,-0.5802,-1.216,-0.6248
55.20,56.47,56.48,0,-2.78721,0,|r_aux|,cross-domain,0.0000,0.0000,3.521,0,-2.78721,0,0.5597,1.02,0.9969,0,0.5025,0.091,0.02074,0.3314,-0.3852
55.60,56.87,56.88,0,-2.56175,0,e_rec,cross-domain,0.0000,0.0000,5.038,0,-2.56175,0,0.7893,0.8086,0.7559,0,0.8867,1.15,-0.3069,1.297,-0.4494
56.00,57.27,57.28,0,-2.86817,0,|r_aux|,cross-domain,0.0000,0.0000,3.647,0,-2.86817,0,1.091,1.095,2.061,0,0.5915,1.922,-0.1781,-0.487,-0.6268
56.40,57.67,57.68,0,-3.16173,0,|r_aux|,cross-domain,0.0000,0.0000,3.370,0,-3.16173,0,0.9328,1.315,0.7439,0,0.5635,1.96,0.3941,-1.281,-0.3551
56.80,58.07,58.08,0,-2.74331,0,|r_aux|,cross-domain,0.0000,0.0000,3.387,0,-2.74331,0,0.8467,0.9086,0.6414,0,0.1597,0.369,-0.06617,-0.164,-0.6518
57.20,58.47,58.48,0,-3.19236,0,|r_bal|,cross-domain,0.0000,0.0000,3.543,0,-3.19236,0,0.8467,0.7235,1.9,0,0.4556,-0.8931,-0.009264,-0.8341,-0.6647
57.60,58.87,58.88,0,-2.73617,0,|r_aux|,cross-domain,0.0000,0.0000,3.380,0,-2.73617,0,1.019,1.08,0.7263,0,0.3384,-1.071,0.1799,0.1191,-0.1171
58.00,59.27,59.28,0,-2.87637,0,|r_bal|,cross-domain,0.0000,0.0000,2.212,0,-2.87637,0,0.8324,0.7467,0.7253,0,0.1836,-0.1296,-0.2309,-0.382,-0.6648
58.40,59.67,59.68,0,-2.68726,0,|r_bal|,cross-domain,0.0000,0.0000,3.344,0,-2.68726,0,1.335,0.7879,2.46,0,0.1611,0.5909,-0.09657,-0.2682,-0.2021
58.80,60.07,60.08,0,-2.84818,0,|r_bal|,cross-domain,0.0000,0.0000,4.200,0,-2.84818,0,1.234,1.109,1.313,0,0.2221,0.7749,0.4141,-0.73,-0.4494
59.20,60.47,60.48,0,-2.27411,0,|r_bal|,cross-domain,0.0000,0.0000,4.140,0,-2.27411,0,1.837,0.8693,0.9234,0,0.291,0.4314,-0.2127,0.7245,-0.638
59.60,60.87,60.88,0,-2.89715,0,|r_bal|,cross-domain,0.0000,0.0000,3.544,0,-2.89715,0,1.579,1.039,1.94,0,0.7758,0.4339,-0.4717,-0.4999,-0.6811
60.00,61.27,61.28,0,-2.50348,0,|r_bal|,cross-domain,0.0000,0.0000,3.426,0,-2.50348,0,1.607,1.296,0.7292,0,0.09563,0.8581,0.1576,-0.3018,-0.3934
60.40,61.67,61.68,0,-2.39949,0,e_rec,cross-domain,0.0000,0.0000,3.356,0,-2.39949,0,1.119,0.9198,0.728,0,0.7186,0.8932,-0.1935,1.29,-0.8433
60.80,62.07,62.08,0,-2.96755,0,e_rec,cross-domain,0.0000,0.0000,3.331,0,-2.96755,0,0.818,0.7839,2.147,0,1.272,0.6881,0.03164,0.6862,-0.7217
61.20,62.47,62.48,0,-2.84690,0,|r_aux|,cross-domain,0.0000,0.0000,3.431,0,-2.84690,0,0.9615,1.137,0.7631,0,1.226,0.4307,0.3271,0.777,-0.5083
61.60,62.87,62.88,0,-2.97574,0,|r_bal|,cross-domain,0.0000,0.0000,4.076,0,-2.97574,0,0.9902,0.7322,0.7597,0,0.8269,0.4008,-0.3443,0.003189,-0.3958
62.00,63.27,63.28,0,-3.02750,0,|r_bal|,cross-domain,0.0000,0.0000,4.062,0,-3.02750,0,0.9472,0.549,2.341,0,0.05641,0.641,-0.5502,-1.12,-0.6542
62.40,63.67,63.68,0,-2.80096,0,|r_bal|,cross-domain,0.0000,0.0000,3.817,0,-2.80096,0,1.134,1.002,1.279,0,-0.009325,0.3268,0.1184,-0.7893,-0.8584
62.80,64.07,64.08,0,-2.56478,0,e_rec,cross-domain,0.0000,0.0000,3.817,0,-2.56478,0,0.8467,0.6437,0.9918,0,0.335,0.03658,-0.3651,0.7393,-0.7322
63.20,64.47,64.48,0,-3.39622,0,|r_bal|,cross-domain,0.0000,0.0000,3.765,0,-3.39622,0,1.005,0.6801,2.212,0,1.479,-0.4416,-0.4439,-0.2811,-0.08352
63.60,64.87,64.88,0,-3.53178,0,|r_bal|,cross-domain,0.0000,0.0000,3.042,0,-3.53178,0,1.177,1.04,1.043,0,2.196,-0.2532,0.04204,-0.04071,-0.6195
64.00,65.27,65.28,0,-3.51789,0,|r_bal|,cross-domain,0.0000,0.0000,3.339,0,-3.51789,0,1.363,0.7804,0.8481,0,1.941,0.5286,-0.5578,-0.4806,-0.4222
64.40,65.67,65.68,0,-2.96878,0,|r_bal|,cross-domain,0.0000,0.0000,3.443,0,-2.96878,0,1.449,1.036,2.084,0,1.584,1.201,-0.3787,0.371,-0.5044
64.80,66.07,66.08,0,-2.47077,0,|r_aux|,cross-domain,0.0000,0.0000,4.180,0,-2.47077,0,1.263,1.249,1.069,0,0.5601,1.408,0.2321,0.6125,-0.2887
65.20,66.47,66.48,0,-2.83163,0,|r_aux|,cross-domain,0.0000,0.0000,2.807,0,-2.83163,0,0.7462,0.7878,0.803,0,-0.3519,1.412,-0.2261,-1.114,-0.7737
65.60,66.87,66.88,0,-2.54026,0,|r_bal|,cross-domain,0.0000,0.0000,4.353,0,-2.54026,0,1.335,0.571,2.227,0,-0.04353,1.187,-0.3237,-0.1074,-0.7636
66.00,67.27,67.28,0,-2.84503,0,|r_bal|,cross-domain,0.0000,0.0000,4.386,0,-2.84503,0,1.363,1.004,0.9863,0,-0.104,0.5529,-0.06832,-1.219,-0.3092
66.40,67.67,67.68,0,-2.83970,0,|r_bal|,cross-domain,0.0000,0.0000,4.323,0,-2.83970,0,1.162,0.7502,0.6284,0,-0.1169,-0.3314,-0.2194,-0.8529,-0.5813
66.80,68.07,68.08,0,-3.30563,0,|r_aux|,cross-domain,0.0000,0.0000,4.351,0,-3.30563,0,0.4736,0.9366,2.198,0,0.4151,-1.07,-0.007876,-1.116,-0.8344
67.20,68.47,68.48,0,-2.76088,0,|r_aux|,cross-domain,0.0000,0.0000,4.156,0,-2.76088,0,0.8467,1.221,0.9339,0,-0.1898,-0.9471,0.4958,-0.6073,-0.5108
67.60,68.87,68.88,0,-2.71812,0,|r_bal|,cross-domain,0.0000,0.0000,4.123,0,-2.71812,0,0.9615,0.8289,0.6481,0,0.09575,-1.127,-0.1597,-0.02541,-0.5128
68.00,69.27,69.28,0,-2.17852,0,e_rec,cross-domain,0.0000,0.0000,4.163,0,-2.17852,0,1.32,0.6989,1.859,0,-0.2072,-1.149,-0.4695,0.9425,-0.4778
68.40,69.67,69.68,0,-1.84823,0,e_rec,cross-domain,0.0000,0.0000,4.101,0,-1.84823,0,1.019,1.073,0.9465,0,-0.4086,-1.423,0.03217,1.729,-0.767
68.80,70.07,70.08,0,-2.78436,0,|r_bal|,cross-domain,0.0000,0.0000,3.984,0,-2.78436,0,1.378,0.6569,0.9008,0,0.1681,-1.166,-0.551,-0.3608,-0.4646
69.20,70.47,70.48,0,-2.61098,0,|r_bal|,cross-domain,0.0000,0.0000,4.155,0,-2.61098,0,1.421,0.5321,2.258,0,-0.2032,-0.9568,-0.7256,-0.3569,-0.3836
69.60,70.87,70.88,0,-2.84611,0,|r_bal|,cross-domain,0.0000,0.0000,3.737,0,-2.84611,0,1.148,0.9843,1.094,0,0.01919,-0.3175,-0.1098,-0.8493,-0.8431
70.00,71.27,71.28,0,-2.85331,0,|r_bal|,cross-domain,0.0000,0.0000,4.013,0,-2.85331,0,0.6314,0.5965,1.337,0,0.112,0.3246,-0.5991,-0.3212,-0.7671
70.40,71.67,71.68,0,-3.19693,0,|r_bal|,cross-domain,0.0000,0.0000,3.746,0,-3.19693,0,0.8754,0.5843,2.683,0,0.4767,0.9907,-0.5356,-1.096,-0.7215
70.80,72.07,72.08,0,-3.37770,0,|r_aux|,cross-domain,0.0000,0.0000,3.160,0,-3.37770,0,0.818,0.9898,1.321,0,1.348,0.7474,-0.03972,-0.5746,-0.7398
71.20,72.47,72.48,0,-2.93455,0,|r_bal|,cross-domain,0.0000,0.0000,4.140,0,-2.93455,0,0.8898,0.5736,0.8919,0,0.5165,-0.01233,-0.5667,-0.1264,-0.6911
71.60,72.87,72.88,0,-3.47989,0,|r_bal|,cross-domain,0.0000,0.0000,4.004,0,-3.47989,0,0.6458,0.5503,2.345,0,0.9163,-1.001,-0.3872,-0.912,-0.807
72.00,73.27,73.28,0,-3.38966,0,|r_bal|,cross-domain,0.0000,0.0000,3.797,0,-3.38966,0,1.119,0.9474,1.281,0,1.211,-1.116,0.179,-0.6252,0.1901
72.40,73.67,73.68,0,-3.34386,0,|r_bal|,cross-domain,0.0000,0.0000,3.792,0,-3.34386,0,1.292,0.6171,1.27,0,1.393,-1.193,-0.06651,-0.2184,-0.3424
72.80,74.07,74.08,0,-3.00359,0,|r_bal|,cross-domain,0.0000,0.0000,3.961,0,-3.00359,0,1.492,0.9622,2.716,0,0.6035,-0.7432,0.08075,-0.6771,-0.5436
73.20,74.47,74.48,0,-2.66411,0,|r_bal|,cross-domain,0.0000,0.0000,3.746,0,-2.66411,0,1.392,1.22,1.38,0,0.2969,-0.4782,0.4594,-0.1405,-0.8858
73.60,74.87,74.88,0,-2.64880,0,|r_aux|,cross-domain,0.0000,0.0000,3.761,0,-2.64880,0,0.7749,0.8078,1.233,0,-0.1876,-0.03188,-0.2847,-0.2327,-0.6764
74.00,75.27,75.28,0,-2.88604,0,|r_aux|,cross-domain,0.0000,0.0000,4.164,0,-2.88604,0,0.574,0.6118,2.328,0,-0.0479,0.4465,-0.6428,-0.6028,-0.227
74.40,75.67,75.68,0,-3.23461,0,|r_aux|,cross-domain,0.0000,0.0000,4.093,0,-3.23461,0,0.7462,1.032,0.814,0,0.4321,0.5241,-0.07546,-1.298,-0.6368
74.80,76.07,76.08,0,-2.22610,0,e_rec,cross-domain,0.0000,0.0000,3.947,0,-2.22610,0,0.6888,0.7257,0.5329,0,0.5712,0.5672,-0.265,2.074,-0.5443
75.20,76.47,76.48,0,-2.72613,0,|r_bal|,cross-domain,0.0000,0.0000,3.898,0,-2.72613,0,1.177,0.8503,2.255,0,0.1737,-0.0795,-0.1369,-0.2559,-0.5804
75.60,76.87,76.88,0,-2.70870,0,|r_aux|,cross-domain,0.0000,0.0000,4.157,0,-2.70870,0,0.6601,1.14,1.266,0,-0.4392,-0.4676,0.232,-0.7086,-0.3535
76.00,77.27,77.28,0,-2.16287,0,e_rec,cross-domain,0.0000,0.0000,3.793,0,-2.16287,0,0.7606,0.7027,1.216,0,0.0187,0.1152,-0.3664,1.51,-0.7936
76.40,77.67,77.68,0,-2.97614,0,|r_bal|,cross-domain,0.0000,0.0000,3.898,0,-2.97614,0,0.6314,0.5963,1.909,0,0.9276,0.77,-0.5836,0.3386,-0.5566
76.80,78.07,78.08,0,-2.61739,0,e_rec,cross-domain,0.0000,0.0000,3.617,0,-2.61739,0,0.9041,1.009,1.097,0,0.7646,0.9026,-0.08952,0.8013,-0.862
77.20,78.47,78.48,0,-2.77760,0,e_rec,cross-domain,0.0000,0.0000,4.095,0,-2.77760,0,0.6745,0.6292,0.8887,0,1.399,-0.1506,-0.6189,1.6,-0.7079
77.60,78.87,78.88,0,-3.03057,0,|r_bal|,cross-domain,0.0000,0.0000,3.750,0,-3.03057,0,0.7749,0.5553,2.361,0,0.3472,-0.7719,-0.4871,-0.4622,-0.7203
78.00,79.27,79.28,0,-2.91909,0,|r_aux|,cross-domain,0.0000,0.0000,3.449,0,-2.91909,0,0.2727,1.007,1.101,0,0.2265,-0.8794,0.1597,-0.08422,-0.4937
78.40,79.67,79.68,0,-2.69974,0,e_rec,cross-domain,0.0000,0.0000,3.615,0,-2.69974,0,0.6745,0.6163,0.7751,0,0.7022,-0.6611,-0.3391,1.057,-0.575
78.80,80.07,80.08,0,-3.22101,0,|r_aux|,cross-domain,0.0000,0.0000,3.370,0,-3.22101,0,0.5453,0.6953,2.204,0,0.3044,-0.4084,-0.3606,-1.052,-0.9114
79.20,80.47,80.48,0,-2.98701,0,|r_aux|,cross-domain,0.0000,0.0000,3.986,0,-2.98701,0,0.7175,1.034,1.147,0,0.3918,-0.3068,0.07561,-0.4167,0.2425
79.60,80.87,80.88,0,-2.96789,0,|r_bal|,cross-domain,0.0000,0.0000,3.584,0,-2.96789,0,0.8754,0.6544,1.101,0,0.09374,0.7149,-0.2743,-0.8569,-0.7452
80.00,81.27,81.28,0,-2.75978,0,|r_bal|,cross-domain,0.0000,0.0000,3.561,0,-2.75978,0,1.55,0.78,2.283,0,0.4433,1.42,-0.2356,-0.4167,-0.8091
80.40,81.67,81.68,0,-2.11804,0,|r_bal|,cross-domain,0.0000,0.0000,4.041,0,-2.11804,0,1.88,1.118,0.904,0,0.4376,1.314,0.09139,1.127,-0.7746
80.80,82.07,82.08,0,-2.86449,0,|r_bal|,cross-domain,0.0000,0.0000,3.367,0,-2.86449,0,2.038,0.6956,0.9503,0,0.6547,0.1585,-0.6039,-0.6107,-0.7285
81.20,82.47,82.48,0,-2.74222,0,|r_bal|,cross-domain,0.0000,0.0000,3.343,0,-2.74222,0,1.249,0.5234,2.092,0,-0.3718,-0.5748,-0.5626,-0.8548,-0.3944
81.60,82.87,82.88,0,-2.87764,0,|r_aux|,cross-domain,0.0000,0.0000,3.565,0,-2.87764,0,0.531,0.9873,1.258,0,-0.0679,-0.6076,0.09268,-0.5689,-0.7209
82.00,83.27,83.28,0,-2.81781,0,|r_aux|,cross-domain,0.0000,0.0000,3.579,0,-2.81781,0,0.1435,0.5398,0.9288,0,-0.1757,-0.6716,-0.1586,-0.0111,-0.7213
82.40,83.67,83.68,0,-3.40150,0,|r_aux|,cross-domain,0.0000,0.0000,3.562,0,-3.40150,0,0.3444,0.3957,1.84,0,0.4457,-0.7546,0.03788,-0.9104,-0.6088
82.80,84.07,84.08,0,-3.38831,0,|r_aux|,cross-domain,0.0000,0.0000,3.756,0,-3.38831,0,0.6458,0.8323,0.6486,0,0.9193,-0.8104,0.3567,-0.6013,0.1833
83.20,84.47,84.48,0,-3.24974,0,|r_bal|,cross-domain,0.0000,0.0000,4.145,0,-3.24974,0,1.263,0.4989,0.5857,0,0.8439,-0.2787,-0.1568,-0.7033,-0.7419
83.60,84.87,84.88,0,-2.73186,0,|r_bal|,cross-domain,0.0000,0.0000,3.822,0,-2.73186,0,1.177,0.9009,2.208,0,0.3299,0.246,-0.3332,-0.1602,-0.2594
84.00,85.27,85.28,0,-2.52751,0,|r_aux|,cross-domain,0.0000,0.0000,3.878,0,-2.52751,0,0.7606,1.178,1.435,0,0.195,0.02528,0.08599,0.4487,-0.6781
84.40,85.67,85.68,0,-2.18791,0,e_rec,cross-domain,0.0000,0.0000,3.852,0,-2.18791,0,0.4879,0.7242,1.127,0,0.3375,-0.1147,-0.4323,2.037,-0.7443
84.80,86.07,86.08,0,-3.43874,0,|r_aux|,cross-domain,0.0000,0.0000,3.559,0,-3.43874,0,0.4449,0.4696,2.712,0,0.5014,-0.5049,-0.2019,-1.169,-0.7538
85.20,86.47,86.48,0,-3.49154,0,|r_aux|,cross-domain,0.0000,0.0000,3.534,0,-3.49154,0,0.6745,0.9598,1.496,0,0.7939,-0.4775,0.4056,-1.263,-0.4354
85.60,86.87,86.88,0,-3.19158,0,|r_aux|,cross-domain,0.0000,0.0000,3.502,0,-3.19158,0,0.6458,0.6224,1.202,0,0.2258,-0.6563,0.0669,-0.9392,-0.7784
86.00,87.27,87.28,0,-3.32378,0,|r_aux|,cross-domain,0.0000,0.0000,3.488,0,-3.32378,0,0.2296,0.8048,2.263,0,0.4942,-0.7806,-0.1034,-0.8307,-0.2453
86.40,87.67,87.68,0,-3.12578,0,|r_aux|,cross-domain,0.0000,0.0000,4.074,0,-3.12578,0,-0.0287,1.108,0.5943,0,-0.02215,-0.7929,0.1623,-0.8695,-0.173
86.80,88.07,88.08,0,-2.79976,0,|r_qp|,cross-domain,0.0000,0.0000,3.732,0,-2.79976,0,-0.3301,0.647,0.3003,0,-0.5445,0.1623,-0.6157,-0.3936,-0.8231
87.20,88.47,88.48,0,-2.70161,0,|r_qp|,cross-domain,0.0000,0.0000,3.567,0,-2.70161,0,0.244,0.4978,1.571,0,-0.6662,1.427,-0.5581,-0.6239,0.2816
87.60,88.87,88.88,0,-1.96223,0,e_rec,cross-domain,0.0000,0.0000,3.733,0,-1.96223,0,0.5023,0.9629,0.8295,0,-0.04637,1.681,0.1207,1.948,-0.5201
88.00,89.27,89.28,0,-3.13300,0,|r_bal|,cross-domain,0.0000,0.0000,3.573,0,-3.13300,0,0.6171,0.529,0.784,0,1.029,0.4437,-0.2987,0.1599,-0.8661
88.40,89.67,89.68,0,-3.67620,0,|r_bal|,cross-domain,0.0000,0.0000,3.547,0,-3.67620,0,0.9041,0.3198,2.186,0,1.845,-0.6302,-0.3478,-0.2912,-0.3703
88.80,90.07,90.08,0,-3.71864,0,|r_aux|,cross-domain,0.0000,0.0000,3.484,0,-3.71864,0,0.5884,0.8736,1.06,0,1.593,-1.009,0.2715,-0.7311,-0.474
89.20,90.47,90.48,0,-3.77779,0,|r_bal|,cross-domain,0.0000,0.0000,4.013,0,-3.77779,0,0.9185,0.4092,0.6415,0,1.419,-0.9436,-0.2502,-1.168,-0.8387
89.60,90.87,90.88,0,-3.22605,0,|r_bal|,cross-domain,0.0000,0.0000,4.072,0,-3.22605,0,0.6745,0.3959,2.002,0,-0.03441,-1.07,0.0205,-1.215,-0.721
90.00,91.27,91.28,0,-2.52325,0,|r_aux|,cross-domain,0.0000,0.0000,3.630,0,-2.52325,0,0.8754,0.8626,0.8532,0,-0.03995,-1.12,0.4503,0.5295,-0.5052
90.40,91.67,91.68,0,-2.56824,0,|r_qp|,cross-domain,0.0000,0.0000,3.646,0,-2.56824,0,0.6314,0.4055,1.033,0,-0.3771,-0.8709,-0.04011,0.2737,-0.7979
90.80,92.07,92.08,0,-3.02415,0,|r_aux|,cross-domain,0.0000,0.0000,3.657,0,-3.02415,0,0.574,0.7327,2.457,0,-0.2315,-0.8108,-0.1619,-1.112,-0.6298
91.20,92.47,92.48,0,-3.03288,0,|r_aux|,cross-domain,0.0000,0.0000,3.656,0,-3.03288,0,0.3588,1.067,1.049,0,-0.1598,-0.5595,0.3663,-1.046,-0.9125
91.60,92.87,92.88,0,-2.90099,0,|r_bal|,cross-domain,0.0000,0.0000,3.547,0,-2.90099,0,0.7175,0.6078,0.705,0,-0.2557,-0.2082,-0.05679,-0.8169,-0.7289
92.00,93.27,93.28,0,-2.60122,0,|r_bal|,cross-domain,0.0000,0.0000,3.523,0,-2.60122,0,0.9185,0.4221,2.018,0,-0.1482,0.4211,0.2718,0.194,-0.442
92.40,93.67,93.68,0,-3.22681,0,|r_aux|,cross-domain,0.0000,0.0000,4.116,0,-3.22681,0,0.7032,0.9237,0.7865,0,0.6268,0.6619,0.5283,-0.8108,-0.6893
92.80,94.07,94.08,0,-2.53782,0,e_rec,cross-domain,0.0000,0.0000,3.790,0,-2.53782,0,0.6745,0.5112,0.7689,0,0.7984,0.297,-0.1276,1.655,-0.6893
93.20,94.47,94.48,0,-3.68554,0,|r_bal|,cross-domain,0.0000,0.0000,3.567,0,-3.68554,0,1.205,0.6967,1.872,0,1.547,-0.09578,-0.4263,-1.261,-0.6619
93.60,94.87,94.88,0,-2.70293,0,|r_bal|,cross-domain,0.0000,0.0000,3.607,0,-2.70293,0,1.234,1.038,0.7134,0,0.6552,-0.4171,0.03212,0.3947,-0.3334
94.00,95.27,95.28,0,-2.95647,0,|r_bal|,cross-domain,0.0000,0.0000,3.577,0,-2.95647,0,1.062,0.5732,0.2413,0,0.2356,0.598,-0.4474,-0.7142,-0.7679
94.40,95.67,95.68,0,-2.56275,0,|r_qp|,cross-domain,0.0000,0.0000,3.461,0,-2.56275,0,-0.1005,0.4543,1.645,0,-1.117,1.247,-0.1515,-0.5262,-0.9332
94.80,96.07,96.08,0,-2.62800,0,|r_qp|,cross-domain,0.0000,0.0000,3.527,0,-2.62800,0,-0.01435,0.9484,0.5006,0,-0.6492,1.239,0.3485,-0.3614,-0.7146
95.20,96.47,96.48,0,-3.04469,0,|r_bal|,cross-domain,0.0000,0.0000,3.733,0,-3.04469,0,0.8898,0.5138,0.7093,0,0.2481,0.4516,0.09691,-0.6701,-0.6172
95.60,96.87,96.88,0,-3.13832,0,|r_bal|,cross-domain,0.0000,0.0000,4.103,0,-3.13832,0,1.622,0.4758,1.989,0,0.8997,-0.1562,0.1316,-0.5075,-0.8498
96.00,97.27,97.28,0,-2.52129,0,e_rec,cross-domain,0.0000,0.0000,3.785,0,-2.52129,0,1.823,0.9661,0.7577,0,1.209,-0.2354,0.5124,1.385,-0.4659
96.40,97.67,97.68,0,-2.88494,0,|r_bal|,cross-domain,0.0000,0.0000,3.566,0,-2.88494,0,1.421,0.4878,0.7003,0,0.5775,-0.438,0.09479,0.005557,-0.6302
96.80,98.07,98.08,0,-3.00735,0,|r_bal|,cross-domain,0.0000,0.0000,3.963,0,-3.00735,0,1.349,0.424,2.15,0,0.683,-0.5942,-0.0005114,-0.1598,-0.739
97.20,98.47,98.48,0,-3.03266,0,|r_bal|,cross-domain,0.0000,0.0000,3.576,0,-3.03266,0,1.449,0.8759,1.064,0,0.3344,-0.6337,0.6528,-0.8948,-0.5679
97.60,98.87,98.88,0,-2.68455,0,|r_bal|,cross-domain,0.0000,0.0000,3.561,0,-2.68455,0,1.005,0.4426,0.6424,0,-0.3662,-0.9134,-0.1642,-0.3162,-0.4412
98.00,99.27,99.28,0,-2.15556,0,e_rec,cross-domain,0.0000,0.0000,3.602,0,-2.15556,0,0.574,0.7388,1.715,0,-0.6723,-1.047,-0.3276,0.892,-0.3921
98.40,99.67,99.68,0,-2.76190,0,|r_aux|,cross-domain,0.0000,0.0000,3.473,0,-2.76190,0,0.5453,1.072,0.5183,0,-0.3071,-1.056,0.1218,-0.5361,-0.7251
98.80,100.07,100.08,0,-2.76058,0,|r_bal|,cross-domain,0.0000,0.0000,4.087,0,-2.76058,0,0.8611,0.6146,0.6823,0,-0.05798,-0.8459,-0.2431,-0.1881,-0.4763
99.20,100.47,100.48,0,-3.61482,0,|r_bal|,cross-domain,0.0000,0.0000,3.895,0,-3.61482,0,0.8611,0.4307,1.991,0,1.04,-0.4334,0.09723,-1.13,-0.2359
99.60,100.87,100.88,0,-3.50165,0,|r_bal|,cross-domain,0.0000,0.0000,3.889,0,-3.50165,0,1.378,0.9231,0.9563,0,1.404,-0.2843,0.5131,-0.9499,-0.8196
100.00,101.27,101.28,0,-3.16058,0,|r_bal|,cross-domain,0.0000,0.0000,3.929,0,-3.16058,0,1.148,0.4848,0.6218,0,1.619,-0.3568,0.1961,0.7373,-0.8148
100.40,101.67,101.68,0,-3.06400,0,|r_bal|,cross-domain,0.0000,0.0000,3.808,0,-3.06400,0,1.536,0.494,1.835,0,1.114,-0.7304,0.2221,0.133,-0.7654
100.80,102.07,102.08,0,-2.74353,0,|r_bal|,cross-domain,0.0000,0.0000,3.628,0,-2.74353,0,1.292,0.932,0.9183,0,0.4538,-1.104,0.7317,0.239,-0.8057
101.20,102.47,102.48,0,-2.76098,0,|r_bal|,cross-domain,0.0000,0.0000,3.725,0,-2.76098,0,1.162,0.4844,1.074,0,0.2697,-0.6883,0.124,0.2008,-0.1963
101.60,102.87,102.88,0,-2.81426,0,e_rec,cross-domain,0.0000,0.0000,2.963,0,-2.81426,0,0.5884,0.498,2.373,0,0.7099,-0.03644,0.1514,0.8471,-0.8807
102.00,103.27,103.28,0,-3.12674,0,|r_aux|,cross-domain,0.0000,0.0000,3.993,0,-3.12674,0,0.5023,0.9678,1.068,0,0.4213,0.3163,0.5449,-0.6524,-0.8379
102.40,103.67,103.68,0,-2.99471,0,|r_aux|,cross-domain,0.0000,0.0000,4.032,0,-2.99471,0,0.5166,0.5207,0.9992,0,0.2944,0.2701,-0.0979,-0.2583,-0.8129
102.80,104.07,104.08,0,-2.64787,0,|r_bal|,cross-domain,0.0000,0.0000,3.694,0,-2.64787,0,0.8754,0.5989,2.398,0,-0.3092,0.1231,-0.1467,-0.3238,-0.7108
103.20,104.47,104.48,0,-2.98441,0,|r_bal|,cross-domain,0.0000,0.0000,3.520,0,-2.98441,0,1.177,1.018,1.116,0,0.3773,0.1048,0.3549,-0.7821,-0.808
103.60,104.87,104.88,0,-2.41931,0,|r_bal|,cross-domain,0.0000,0.0000,3.703,0,-2.41931,0,1.421,0.573,0.7955,0,-0.6745,0.2281,-0.2104,-0.4676,-0.7064
104.00,105.27,105.28,0,-2.77385,0,|r_bal|,cross-domain,0.0000,0.0000,3.728,0,-2.77385,0,1.162,0.62,2.277,0,0.09511,0.2827,-0.2367,-0.3662,-0.1342
104.40,105.67,105.68,0,-2.64488,0,|r_aux|,cross-domain,0.0000,0.0000,3.507,0,-2.64488,0,0.9185,0.9777,0.9885,0,0.3077,0.4897,0.1399,0.234,-0.8592
104.80,106.07,106.08,0,-2.85332,0,|r_bal|,cross-domain,0.0000,0.0000,4.109,0,-2.85332,0,0.8467,0.5432,1.218,0,0.5111,0.4609,-0.2352,0.1929,-0.2529
105.20,106.47,106.48,0,-2.92826,0,|r_bal|,cross-domain,0.0000,0.0000,3.797,0,-2.92826,0,1.076,0.5601,2.366,0,0.8969,0.148,-0.2731,0.3493,0.1155
105.60,106.87,106.88,0,-3.24909,0,|r_bal|,cross-domain,0.0000,0.0000,3.937,0,-3.24909,0,1.406,1.012,1.159,0,0.8125,-0.2049,0.1625,-1.142,-0.7697
106.00,107.27,107.28,0,-3.07392,0,|r_bal|,cross-domain,0.0000,0.0000,3.919,0,-3.07392,0,0.8467,0.5832,0.813,0,0.8393,-0.8408,-0.2032,0.09921,-0.4585
106.40,107.67,107.68,0,-2.62051,0,e_rec,cross-domain,0.0000,0.0000,3.528,0,-2.62051,0,0.7175,0.4243,1.887,0,0.1739,-0.8552,-0.04316,0.7583,-0.7351
106.80,108.07,108.08,0,-2.96114,0,|r_aux|,cross-domain,0.0000,0.0000,3.538,0,-2.96114,0,0.818,0.9412,0.8488,0,0.07619,-0.6314,0.384,-0.7026,-0.5607
107.20,108.47,108.48,0,-3.15636,0,|r_bal|,cross-domain,0.0000,0.0000,3.556,0,-3.15636,0,1.55,0.4612,0.6453,0,0.9799,-0.0424,-0.2903,-0.4762,-0.8272
107.60,108.87,108.88,0,-3.48999,0,|r_bal|,cross-domain,0.0000,0.0000,3.517,0,-3.48999,0,1.378,0.3552,2.025,0,1.575,0.2251,-0.1377,-0.4958,-0.4943
108.00,109.27,109.28,0,-3.01574,0,|r_bal|,cross-domain,0.0000,0.0000,4.102,0,-3.01574,0,1.736,0.8878,1.06,0,1.886,-0.03262,0.6137,0.9197,-0.4079
108.40,109.67,109.68,0,-2.37541,0,e_rec,cross-domain,0.0000,0.0000,4.021,0,-2.37541,0,1.277,0.4484,1.011,0,1.479,0.2309,0.7039,2.928,0.4738
108.80,110.07,110.08,0,-3.21550,0,|r_bal|,cross-domain,0.0000,0.0000,3.774,0,-3.21550,0,1.191,0.386,2.33,0,0.9835,0.4227,1.829,-0.003536,-0.8974
109.20,110.47,110.48,0,-3.12226,0,|r_bal|,cross-domain,0.0000,0.0000,3.650,0,-3.12226,0,1.564,0.9437,1.093,0,0.8412,0.6913,2.68,-0.3739,-0.8717
109.60,110.87,110.88,0,-3.04496,0,|r_bal|,cross-domain,0.0000,0.0000,3.542,0,-3.04496,0,1.091,0.3737,1.107,0,0.315,0.9473,1.802,-0.3106,-0.3491
110.00,111.27,111.28,0,-3.10826,0,|r_bal|,cross-domain,0.0000,0.0000,3.542,0,-3.10826,0,0.6458,0.6167,2.103,0,0.03216,0.9118,0.7876,-0.9027,0.5596
110.40,111.67,111.68,0,-2.13232,0,e_rec,cross-domain,0.0000,0.0000,3.489,0,-2.13232,0,0.7893,0.999,0.7553,0,-0.393,0.6228,0.4413,0.9748,-0.5134
110.80,112.07,112.08,0,-2.87506,0,|r_bal|,cross-domain,0.0000,0.0000,2.629,0,-2.87506,0,1.105,0.4938,0.485,0,-0.1485,0.2168,-0.09592,-0.8356,-0.7693
111.20,112.47,112.48,0,-2.84707,0,|r_bal|,cross-domain,0.0000,0.0000,4.071,0,-2.84707,0,1.277,0.3825,1.678,0,0.6614,-0.3625,-0.2127,0.3501,0.04123
111.60,112.87,112.88,0,-2.94484,0,e_rec,cross-domain,0.0000,0.0000,3.539,0,-2.94484,0,1.177,0.8936,1.013,0,1.49,-0.1498,0.5499,0.9895,-0.2192
112.00,113.27,113.28,0,-3.79970,0,|r_bal|,cross-domain,0.0000,0.0000,3.743,0,-3.79970,0,0.8036,0.4166,0.5906,0,1.732,0.3524,0.03109,-0.8486,-0.8517
112.40,113.67,113.68,0,-3.76148,0,|r_aux|,cross-domain,0.0000,0.0000,4.117,0,-3.76148,0,-0.0287,0.461,1.839,0,1.141,0.6593,0.1056,-1.023,-0.6931
112.80,114.07,114.08,0,-2.74545,0,|r_aux|,cross-domain,0.0000,0.0000,3.628,0,-2.74545,0,-0.3444,0.9475,0.9482,0,-0.3626,1.265,0.3496,-0.1413,-0.948
113.20,114.47,114.48,0,-2.79302,0,|r_aux|,cross-domain,0.0000,0.0000,3.497,0,-2.79302,0,-0.1866,0.4578,0.7396,0,-0.2305,1.521,-0.1354,0.00296,-0.817
113.60,114.87,114.88,0,-2.94358,0,|r_bal|,cross-domain,0.0000,0.0000,3.529,0,-2.94358,0,0.6171,0.5297,1.838,0,-0.08047,1.843,0.118,-0.8271,-0.8068
114.00,115.27,115.28,0,-2.83635,0,|r_aux|,cross-domain,0.0000,0.0000,4.150,0,-2.83635,0,0.7606,1.007,0.728,0,0.1287,1.79,0.7918,-0.4752,-0.5588
114.40,115.67,115.68,0,-2.64055,0,|r_bal|,cross-domain,0.0000,0.0000,3.574,0,-2.64055,0,0.9902,0.5731,0.5297,0,-0.4689,0.5141,0.8715,-0.3881,-0.9518
114.80,116.07,116.08,0,-2.37368,0,|r_bal|,cross-domain,0.0000,0.0000,3.615,0,-2.37368,0,1.492,0.3479,2.127,0,-0.6676,-0.5405,1.894,0.2883,-0.7725
115.20,116.47,116.48,0,-2.35294,0,|r_bal|,cross-domain,0.0000,0.0000,3.606,0,-2.35294,0,1.507,0.9165,1.066,0,-0.3405,-0.8051,2.66,0.617,-0.3584
115.60,116.87,116.88,0,-2.63799,0,|r_bal|,cross-domain,0.0000,0.0000,3.533,0,-2.63799,0,1.952,0.3585,0.8341,0,0.3666,-0.7422,1.701,0.5758,-0.5018
116.00,117.27,117.28,0,-3.08453,0,|r_bal|,cross-domain,0.0000,0.0000,5.166,0,-3.08453,0,1.88,0.6746,1.948,0,0.5727,-0.2662,0.7568,-0.9417,-0.8972
116.40,117.67,117.68,0,-2.70471,0,|r_bal|,cross-domain,0.0000,0.0000,3.764,0,-2.70471,0,1.636,1.041,0.7978,0,-0.1927,-0.3984,0.5528,-0.9043,-0.669
116.80,118.07,118.08,0,-2.73438,0,e_rec,cross-domain,0.0000,0.0000,3.512,0,-2.73438,0,0.6314,0.5835,0.7911,0,0.3162,-0.5523,0.5012,0.6604,-0.6179
117.20,118.47,118.48,0,-2.48691,0,e_rec,cross-domain,0.0000,0.0000,4.133,0,-2.48691,0,0.3014,0.3171,1.997,0,-0.02339,-0.8902,1.378,1.606,0.2015
117.60,118.87,118.88,0,-3.30430,0,|r_aux|,cross-domain,0.0000,0.0000,3.697,0,-3.30430,0,0.04305,0.9329,1.06,0,0.05389,-0.9285,2.354,-0.8002,-0.7983
118.00,119.27,119.28,0,-2.42525,0,e_rec,cross-domain,0.0000,0.0000,3.929,0,-2.42525,0,0.9902,0.3906,0.8105,0,-0.2252,-0.8247,1.444,0.9871,-0.6492
118.40,119.67,119.68,0,-2.87405,0,|r_bal|,cross-domain,0.0000,0.0000,3.937,0,-2.87405,0,1.564,0.4805,2.09,0,0.2395,-0.6362,0.8763,-0.3179,-0.4498
118.80,120.07,120.08,0,-2.96438,0,|r_bal|,cross-domain,0.0000,0.0000,3.597,0,-2.96438,0,1.205,0.9277,1.169,0,1.105,-0.5441,0.8449,0.4656,-0.6085
119.20,120.47,120.48,0,-3.55280,0,|r_bal|,cross-domain,0.0000,0.0000,3.523,0,-3.55280,0,1.148,0.4109,1.014,0,1.408,0.4546,0.3338,-0.7199,-0.7984
119.60,120.87,120.88,0,-3.46814,0,|r_bal|,cross-domain,0.0000,0.0000,3.543,0,-3.46814,0,0.574,0.5175,2.171,0,1.039,1.162,0.06569,-0.8052,-0.7588
120.00,121.27,121.28,0,-2.66663,0,|r_aux|,cross-domain,0.0000,0.0000,3.737,0,-2.66663,0,0.6601,0.9935,0.7987,0,0.6017,1.403,0.3292,0.6466,-0.8703
120.40,121.67,121.68,0,-3.31932,0,|r_bal|,cross-domain,0.0000,0.0000,4.071,0,-3.31932,0,0.6888,0.4962,0.6844,0,0.7885,1.343,-0.2095,-0.7862,-0.4281
120.80,122.07,122.08,0,-2.90980,0,|r_bal|,cross-domain,0.0000,0.0000,3.679,0,-2.90980,0,0.7893,0.6091,2.231,0,0.1279,1.181,-0.01002,-0.575,-0.7805
121.20,122.47,122.48,0,-2.85944,0,|r_aux|,cross-domain,0.0000,0.0000,3.661,0,-2.85944,0,0.6171,1.028,1.321,0,0.1743,0.907,0.3468,-0.4195,-0.8312
121.60,122.87,122.88,0,-2.57292,0,|r_bal|,cross-domain,0.0000,0.0000,3.562,0,-2.57292,0,1.019,0.5389,0.9444,0,-0.03988,0.2092,-0.09801,0.2235,-0.6686
122.00,123.27,123.28,0,-3.22658,0,|r_bal|,cross-domain,0.0000,0.0000,3.736,0,-3.22658,0,0.9041,0.4392,2.081,0,0.2852,-0.06409,-0.09861,-1.029,0.6788
122.40,123.67,123.68,0,-3.01674,0,|r_bal|,cross-domain,0.0000,0.0000,3.731,0,-3.01674,0,0.9615,0.9044,0.8816,0,0.7026,0.3603,0.3723,-0.2218,-0.3231
122.80,124.07,124.08,0,-3.13709,0,|r_bal|,cross-domain,0.0000,0.0000,3.950,0,-3.13709,0,1.349,0.4444,0.7341,0,1.33,1.801,-0.01617,0.01905,-0.8008
123.20,124.47,124.48,0,-3.31447,0,|r_bal|,cross-domain,0.0000,0.0000,3.057,0,-3.31447,0,1.191,0.495,1.691,0,1.345,2.505,0.152,-0.4602,-0.5211
123.60,124.87,124.88,0,-3.05379,0,|r_aux|,cross-domain,0.0000,0.0000,3.923,0,-3.05379,0,0.9041,0.9853,0.7837,0,0.814,2.173,0.4718,-0.4086,-0.4856
124.00,125.27,125.28,0,-2.92494,0,|r_aux|,cross-domain,0.0000,0.0000,4.094,0,-2.92494,0,0.4449,0.5743,0.558,0,0.174,0.6008,1.114,0.06041,-0.2572
124.40,125.67,125.68,0,-2.69524,0,e_rec,cross-domain,0.0000,0.0000,4.242,0,-2.69524,0,0.818,0.3403,1.775,0,0.2958,-0.4383,2.854,1.406,1.57
124.80,126.07,126.08,0,-3.13886,0,|r_aux|,cross-domain,0.0000,0.0000,3.942,0,-3.13886,0,0.8754,0.9638,0.8752,0,0.1644,-0.7377,4.307,-0.2864,0.09828
125.20,126.47,126.48,0,-2.93644,0,|r_bal|,cross-domain,0.0000,0.0000,4.014,0,-2.93644,0,1.521,0.543,0.6233,0,0.4619,-0.3122,5.149,0.683,-0.03611
125.60,126.87,126.88,0,-2.85611,0,|r_bal|,cross-domain,0.0000,0.0000,3.871,0,-2.85611,0,1.392,0.6316,2.042,0,-0.07614,-0.2826,6.196,0.3761,-0.8461
126.00,127.27,127.28,0,-2.94646,0,|r_aux|,cross-domain,0.0000,0.0000,3.773,0,-2.94646,0,1.263,1.22,1.254,0,-0.00053,-0.08307,6.466,0.02318,0.4135
126.40,127.67,127.68,0,-2.35989,0,e_rec,cross-domain,0.0000,0.0000,4.030,0,-2.35989,0,0.7749,0.6671,0.8229,0,-0.02504,0.1554,5.761,2.19,-0.5004
126.80,128.07,128.08,0,-2.71295,0,e_rec,cross-domain,0.0000,0.0000,3.791,0,-2.71295,0,0.7175,0.5805,2.059,0,0.4935,0.6226,5.139,1.724,-0.4046
127.20,128.47,128.48,0,-3.47844,0,|r_aux|,cross-domain,0.0000,0.0000,3.409,0,-3.47844,0,0.7749,1.081,0.8841,0,0.3713,0.7039,5.051,-1.11,-0.7946
127.60,128.87,128.88,0,-2.81120,0,|r_bal|,cross-domain,0.0000,0.0000,3.705,0,-2.81120,0,1.191,0.4274,1.043,0,-0.2256,0.09171,3.32,-0.02417,-0.5533
128.00,129.27,129.28,0,-3.04878,0,|r_bal|,cross-domain,0.0000,0.0000,3.759,0,-3.04878,0,0.8036,0.589,2.515,0,-0.1136,-0.4488,1.278,-0.8316,-0.7053
128.40,129.67,129.68,0,-2.59494,0,|r_bal|,cross-domain,0.0000,0.0000,3.858,0,-2.59494,0,1.062,0.9983,1.221,0,-0.07014,-0.4296,0.4145,-0.0006829,-0.02577
128.80,130.07,130.08,0,-2.23891,0,e_rec,cross-domain,0.0000,0.0000,3.891,0,-2.23891,0,0.8898,0.6082,1.038,0,-0.6164,0.4748,1.688,0.8144,-0.9305
129.20,130.47,130.48,0,-2.51465,0,e_rec,cross-domain,0.0000,0.0000,2.869,0,-2.51465,0,0.7462,0.4788,2.046,0,-0.4635,1.179,3.968,0.8414,0.2518
129.60,130.87,130.88,0,-2.90027,0,|r_qp|,cross-domain,0.0000,0.0000,4.168,0,-2.90027,0,0.7893,1.136,0.9607,0,-0.8531,0.9646,5.839,-0.9076,-0.5935
130.00,131.27,131.28,0,-2.61873,0,e_rec,cross-domain,0.0000,0.0000,4.118,0,-2.61873,0,1.048,0.6435,0.7902,0,-0.1163,-0.1623,5.444,1.189,0.5557
130.40,131.67,131.68,0,-3.20917,0,e_rec,cross-domain,0.0000,0.0000,4.357,0,-3.20917,0,0.3157,0.5767,2.139,0,0.6728,-1.32,5.307,0.9995,-0.8202
130.80,132.07,132.08,0,-3.70378,0,|r_aux|,cross-domain,0.0000,0.0000,4.198,0,-3.70378,0,0.3731,1.116,1.401,0,0.8822,-1.537,4.806,-0.6413,-0.5622
131.20,132.47,132.48,0,-3.38075,0,e_rec,cross-domain,0.0000,0.0000,4.066,0,-3.38075,0,0.6458,0.4593,1.188,0,1.366,-1.397,3.238,0.8844,-0.4036
131.60,132.87,132.88,0,-2.80415,0,|r_bal|,cross-domain,0.0000,0.0000,4.119,0,-2.80415,0,1.005,0.5075,2.489,0,0.26,-1.047,1.972,0.5183,-0.7222
132.00,133.27,133.28,0,-2.53489,0,|r_bal|,cross-domain,0.0000,0.0000,2.791,0,-2.53489,0,1.234,0.9821,1.233,0,-0.08866,-0.4977,1.55,0.2448,-0.761
132.40,133.67,133.68,0,-2.39941,0,e_rec,cross-domain,0.0000,0.0000,3.217,0,-2.39941,0,0.9902,0.4234,0.8398,0,0.2253,-0.2038,0.9804,1.481,-0.3294
132.80,134.07,134.08,0,-3.12510,0,|r_bal|,cross-domain,0.0000,0.0000,4.071,0,-3.12510,0,0.6171,0.4611,1.995,0,-0.1345,-0.2587,0.7558,-0.9091,0.5688
133.20,134.47,134.48,0,-2.45200,0,e_rec,cross-domain,0.0000,0.0000,4.178,0,-2.45200,0,0.4449,0.9564,1.062,0,-0.2761,-0.3356,1.138,0.6996,-0.4625
133.60,134.87,134.88,0,-1.87584,0,e_rec,cross-domain,0.0000,0.0000,4.111,0,-1.87584,0,0.287,0.5406,0.8863,0,-0.8035,0.5663,1.877,2.126,-0.7684
134.00,135.27,135.28,0,-2.61102,0,|r_qp|,cross-domain,0.0000,0.0000,4.070,0,-2.61102,0,0.2727,0.4648,2.138,0,-0.7095,1.56,3.15,0.2604,-0.8835
134.40,135.67,135.68,0,-2.75603,0,|r_aux|,cross-domain,0.0000,0.0000,2.740,0,-2.75603,0,0.4449,1.058,1.053,0,-0.2255,2.044,4.12,0.1123,-0.837
134.80,136.07,136.08,0,-3.15305,0,|r_bal|,cross-domain,0.0000,0.0000,2.696,0,-3.15305,0,0.6888,0.4294,1.036,0,0.269,2,2.911,-0.372,-0.5819
135.20,136.47,136.48,0,-3.46842,0,|r_bal|,cross-domain,0.0000,0.0000,2.686,0,-3.46842,0,1.177,0.6314,2.372,0,1.078,2.193,1.545,-0.9896,0.07673
135.60,136.87,136.88,0,-3.08001,0,|r_bal|,cross-domain,0.0000,0.0000,3.490,0,-3.08001,0,1.363,0.9994,1.194,0,0.577,2.174,0.7641,-1.077,-0.8237
136.00,137.27,137.28,0,-3.26542,0,|r_bal|,cross-domain,0.0000,0.0000,4.079,0,-3.26542,0,0.9902,0.4635,1.066,0,0.8651,0.9662,0.2202,-0.6073,-0.9027
136.40,137.67,137.68,0,-2.88894,0,|r_bal|,cross-domain,0.0000,0.0000,3.990,0,-2.88894,0,0.7606,0.501,2.723,0,-0.08838,-0.4733,0.3017,-0.4241,-0.4259
136.80,138.07,138.08,0,-2.64722,0,|r_aux|,cross-domain,0.0000,0.0000,4.064,0,-2.64722,0,0.7893,0.9603,1.499,0,0.07762,-1.008,0.6261,0.3287,-0.3771
137.20,138.47,138.48,0,-3.08168,0,|r_aux|,cross-domain,0.0000,0.0000,2.718,0,-3.08168,0,0.1866,0.5088,1.389,0,0.1448,-0.1508,0.1454,-0.3733,-0.5681
137.60,138.87,138.88,0,-3.03433,0,|r_aux|,cross-domain,0.0000,0.0000,2.722,0,-3.03433,0,-0.531,0.4378,2.309,0,-0.02649,1.36,0.1206,-0.1478,-0.7114
138.00,139.27,139.28,0,-3.05165,0,|r_aux|,cross-domain,0.0000,0.0000,4.303,0,-3.05165,0,-0.4592,0.9718,0.9218,0,-0.1185,1.598,0.6356,-0.6045,-0.3481
138.40,139.67,139.68,0,-1.48620,0,e_rec,cross-domain,0.0000,0.0000,4.030,0,-1.48620,0,-0.1435,0.5892,0.8101,0,-0.1996,1.118,1.822,4.271,-0.3207
138.80,140.07,140.08,-1,13.31210,1,e_rec,cross-domain,0.0000,0.0000,2.708,0,13.31210,1,-0.03673,0.799,2.426,50,-0.5184,1.041,10.66,50,12.3
139.20,140.47,142.35,-1,11.12617,1,e_rec,single-domain,0.0312,0.0000,1870.967,1870,11.37592,1,-0.6251,4.726,1.195,50,-1.486,2.916,49.31,50,32.57
139.60,140.87,142.35,1,11.84077,1,e_rec,single-domain,0.1204,0.0000,1470.967,1470,12.80407,1,-2.419,10.61,0.9105,50,-2.694,4.109,50,50,35.61
140.00,141.27,142.35,1,14.12338,1,e_rec,single-domain,0.1583,0.0000,1070.967,1070,15.38994,1,-3.926,17.5,1.946,50,-3.936,10.88,50,50,14.54
140.40,141.67,142.35,1,14.01002,1,e_rec,single-domain,0.1449,0.0000,670.967,670,15.16955,1,-4.09,19.36,0.7772,0,-3.928,10.42,50,50,39.68
140.80,142.07,142.35,1,15.09825,1,e_rec,single-domain,0.0557,0.0000,270.967,270,15.54422,1,-4.119,19.39,0.645,0,-4.212,13.07,50,50,33.55
141.20,142.47,142.48,1,15.89416,1,e_rec,single-domain,0.0000,0.0000,2.750,0,15.89416,1,-4.176,19.37,1.941,0,-4.179,10.15,50,50,12.44
141.60,142.87,142.88,1,15.29556,1,e_rec,single-domain,0.0000,0.0000,3.936,0,15.29556,1,-4.205,19.36,0.9534,0,-4.302,8.509,50,50,36.95
142.00,143.27,143.28,1,15.16382,1,e_rec,single-domain,0.0000,0.0000,4.054,0,15.16382,1,-4.09,19.36,0.8579,0,-4.09,7.54,50,50,38.01
142.40,143.67,143.68,1,15.63122,1,e_rec,single-domain,0.0000,0.0000,3.785,0,15.63122,1,-4.119,19.37,2.083,0,-3.801,6.767,50,50,11.26
142.80,144.07,144.08,1,15.02668,1,e_rec,single-domain,0.0000,0.0000,3.825,0,15.02668,1,-4.119,19.38,0.7102,0,-3.777,7.536,50,50,37.79
143.20,144.47,144.48,1,15.05581,1,e_rec,single-domain,0.0000,0.0000,3.856,0,15.05581,1,-3.946,19.38,0.5799,0,-3.654,7.577,50,50,35.88
143.60,144.87,144.88,1,15.57593,1,e_rec,single-domain,0.0000,0.0000,4.358,0,15.57593,1,-3.659,19.39,1.905,0,-3.342,7.273,50,50,10.33
144.00,145.27,145.28,1,15.17470,1,e_rec,single-domain,0.0000,0.0000,3.783,0,15.17470,1,-3.487,19.39,0.8906,0,-3.688,6.84,50,50,34.69
144.40,145.67,145.68,1,14.90147,1,e_rec,single-domain,0.0000,0.0000,3.867,0,14.90147,1,-3.545,19.4,0.9282,0,-3.547,6.393,50,50,42.51
144.80,146.07,146.08,1,15.79113,1,e_rec,single-domain,0.0000,0.0000,3.224,0,15.79113,1,-3.918,19.4,1.826,0,-4.143,6.584,50,50,12.79
145.20,146.47,146.48,1,14.86059,1,e_rec,single-domain,0.0000,0.0000,3.966,0,14.86059,1,-3.918,19.42,0.6082,0,-3.731,6.369,50,50,44.23
145.60,146.87,146.88,1,15.13758,1,e_rec,single-domain,0.0000,0.0000,2.700,0,15.13758,1,-3.832,19.42,0.4417,0,-3.997,5.692,50,50,37.08
146.00,147.27,147.28,1,15.56568,1,e_rec,single-domain,0.0000,0.0000,2.765,0,15.56568,1,-3.946,19.42,2.123,0,-3.736,4.81,50,50,11.62
146.40,147.67,147.68,1,14.69532,1,e_rec,single-domain,0.0000,0.0000,2.762,0,14.69532,1,-4.061,19.43,1.088,0,-3.626,4.185,50,50,44.42
146.80,148.07,148.08,1,14.82422,1,e_rec,single-domain,0.0000,0.0000,3.894,0,14.82422,1,-4.061,19.43,0.9171,0,-3.639,4.276,50,50,39.27
147.20,148.47,148.48,1,15.45472,1,e_rec,single-domain,0.0000,0.0000,3.631,0,15.45472,1,-3.918,19.44,1.984,0,-3.563,4.579,50,50,13.07
147.60,148.87,148.88,1,14.83996,1,e_rec,single-domain,0.0000,0.0000,3.242,0,14.83996,1,-3.946,19.44,0.9413,0,-3.427,4.863,50,50,36.75
148.00,149.27,149.28,1,14.71207,1,e_rec,single-domain,0.0000,0.0000,2.830,0,14.71207,1,-4.004,19.45,0.8272,0,-3.455,5.014,50,50,42.54
148.40,149.67,149.68,1,15.41662,1,e_rec,single-domain,0.0000,0.0000,3.926,0,15.41662,1,-4.061,19.44,2.157,0,-3.434,5.067,50,50,11.85
148.80,150.07,150.08,1,14.95021,1,e_rec,single-domain,0.0000,0.0000,3.656,0,14.95021,1,-4.262,19.45,1.158,0,-4.118,4.826,50,50,42.26
149.20,150.47,150.48,1,14.98534,1,e_rec,single-domain,0.0000,0.0000,3.671,0,14.98534,1,-4.205,19.45,0.9075,0,-4.274,4.678,50,50,43.97
149.60,150.87,150.88,1,15.77628,1,e_rec,single-domain,0.0000,0.0000,3.515,0,15.77628,1,-4.176,19.46,2.485,0,-4.46,4.464,50,50,13.96
150.00,151.27,151.28,1,14.76361,1,e_rec,single-domain,0.0000,0.0000,3.556,0,14.76361,1,-3.946,19.46,0.9642,0,-3.743,4.618,50,50,45.86
150.40,151.67,151.68,1,14.74521,1,e_rec,single-domain,0.0000,0.0000,3.545,0,14.74521,1,-3.717,19.47,0.7853,0,-3.31,4.903,50,50,41.12
150.80,152.07,152.08,1,15.32382,1,e_rec,single-domain,0.0000,0.0000,3.551,0,15.32382,1,-3.832,19.48,1.969,0,-3.227,5.664,50,50,15.42
151.20,152.47,152.48,1,14.80947,1,e_rec,single-domain,0.0000,0.0000,3.929,0,14.80947,1,-3.889,19.48,0.6678,0,-3.763,6.282,50,50,47.82
151.60,152.87,152.88,1,14.97184,1,e_rec,single-domain,0.0000,0.0000,3.495,0,14.97184,1,-4.061,19.49,0.5289,0,-3.977,6.476,50,50,43.67
152.00,153.27,153.28,1,15.52602,1,e_rec,single-domain,0.0000,0.0000,3.707,0,15.52602,1,-4.09,19.49,1.988,0,-3.681,6.106,50,50,13.75
152.40,153.67,153.68,1,14.57242,1,e_rec,single-domain,0.0000,0.0000,3.679,0,14.57242,1,-4.09,19.49,1.339,0,-3.48,5.456,50,50,49.5
152.80,154.07,154.08,1,14.43278,1,e_rec,single-domain,0.0000,0.0000,3.539,0,14.43278,1,-4.004,19.49,1.183,0,-3.018,4.933,50,50,46.62
153.20,154.47,154.48,1,15.35686,1,e_rec,single-domain,0.0000,0.0000,3.549,0,15.35686,1,-4.176,19.49,2.311,0,-3.556,4.725,50,50,15.55
153.60,154.87,154.88,1,14.50832,1,e_rec,single-domain,0.0000,0.0000,3.879,0,14.50832,1,-4.09,19.5,0.9166,0,-3.446,4.555,50,50,50
154.00,155.27,155.28,1,14.71648,1,e_rec,single-domain,0.0000,0.0000,3.387,0,14.71648,1,-3.918,19.5,0.7257,0,-3.64,4.429,50,50,46.15
154.40,155.67,155.68,1,15.53737,1,e_rec,single-domain,0.0000,0.0000,3.965,0,15.53737,1,-3.774,19.5,1.918,0,-3.671,4.664,50,50,13.76
154.80,156.07,156.08,1,14.87524,1,e_rec,single-domain,0.0000,0.0000,3.598,0,14.87524,1,-3.746,19.5,1.087,0,-4.006,4.998,50,50,49.07
155.20,156.47,156.48,1,14.92189,1,e_rec,single-domain,0.0000,0.0000,3.643,0,14.92189,1,-3.832,19.51,0.9124,0,-4.045,5.492,50,50,47.86
155.60,156.87,156.88,1,15.44496,1,e_rec,single-domain,0.0000,0.0000,3.508,0,15.44496,1,-4.291,19.5,2.486,0,-3.716,5.278,50,50,14.8
156.00,157.27,157.28,1,14.63484,1,e_rec,single-domain,0.0000,0.0000,3.606,0,14.63484,1,-4.463,19.51,1.447,0,-3.767,4.826,50,50,47.78
156.40,157.67,157.68,1,14.67067,1,e_rec,single-domain,0.0000,0.0000,3.405,0,14.67067,1,-4.463,19.51,1.121,0,-3.693,4.449,50,50,44.13
156.80,158.07,158.08,1,15.41144,1,e_rec,single-domain,0.0000,0.0000,3.443,0,15.41144,1,-4.205,19.51,2.014,0,-3.798,4.358,50,50,16.96
157.20,158.47,158.48,1,14.76724,1,e_rec,single-domain,0.0000,0.0000,4.111,0,14.76724,1,-4.076,19.51,0.8645,0,-3.716,4.312,50,50,43.89
157.60,158.87,158.88,1,14.71990,1,e_rec,single-domain,0.0000,0.0000,3.413,0,14.71990,1,-4.19,19.51,0.7229,0,-3.828,4.156,50,50,46.63
158.00,159.27,159.28,1,15.65386,1,e_rec,single-domain,0.0000,0.0000,2.845,0,15.65386,1,-3.932,19.52,2.179,0,-3.977,4.417,50,50,12.83
158.40,159.67,159.68,1,14.84922,1,e_rec,single-domain,0.0000,0.0000,4.086,0,14.84922,1,-3.975,19.52,1.3,0,-3.94,4.956,50,50,46.85
158.80,160.07,160.08,1,15.01099,1,e_rec,single-domain,0.0000,0.0000,4.135,0,15.01099,1,-3.703,19.52,1.022,0,-3.946,5.511,50,50,43.59
159.20,160.47,160.48,1,15.39222,1,e_rec,single-domain,0.0000,0.0000,3.700,0,15.39222,1,-4.033,19.51,2.234,0,-3.564,5.408,50,50,16.93
159.60,160.87,160.88,1,14.61494,1,e_rec,single-domain,0.0000,0.0000,3.677,0,14.61494,1,-4.133,19.52,0.8088,0,-3.644,5.177,50,50,50
160.00,161.27,161.28,1,14.46069,1,e_rec,single-domain,0.0000,0.0000,3.551,0,14.46069,1,-4.205,19.51,0.7288,0,-3.324,4.82,50,50,49.21
160.40,161.67,161.68,1,15.34082,1,e_rec,single-domain,0.0000,0.0000,4.055,0,15.34082,1,-4.033,19.52,2.162,0,-3.478,4.668,50,50,16.2
160.80,162.07,162.08,1,14.69843,1,e_rec,single-domain,0.0000,0.0000,3.706,0,14.69843,1,-3.875,19.52,1.072,0,-3.534,4.338,50,50,45.47
161.20,162.47,162.48,1,14.73032,1,e_rec,single-domain,0.0000,0.0000,3.634,0,14.73032,1,-3.932,19.52,0.8525,0,-3.757,4.419,50,50,47.82
161.60,162.87,162.88,1,15.54000,1,e_rec,single-domain,0.0000,0.0000,3.632,0,15.54000,1,-4.076,19.52,2.059,0,-3.954,4.561,50,50,16.12
162.00,163.27,163.28,1,14.83509,1,e_rec,single-domain,0.0000,0.0000,3.641,0,14.83509,1,-4.076,19.51,1.246,0,-3.797,5.246,50,50,44.22
162.40,163.67,163.68,1,14.75591,1,e_rec,single-domain,0.0000,0.0000,3.586,0,14.75591,1,-4.19,19.51,0.6772,0,-3.744,5.784,50,50,46.33
162.80,164.07,164.08,1,15.57969,1,e_rec,single-domain,0.0000,0.0000,3.416,0,15.57969,1,-4.119,19.5,1.729,0,-3.973,5.829,50,50,16.34
163.20,164.47,164.48,1,14.69369,1,e_rec,single-domain,0.0000,0.0000,3.499,0,14.69369,1,-4.004,19.51,0.8837,0,-3.472,5.747,50,50,45.54
163.60,164.87,164.88,1,14.95140,1,e_rec,single-domain,0.0000,0.0000,4.020,0,14.95140,1,-3.918,19.51,0.7269,0,-3.873,5.471,50,50,42.43
164.00,165.27,165.28,1,15.44155,1,e_rec,single-domain,0.0000,0.0000,3.785,0,15.44155,1,-3.918,19.5,2.169,0,-3.503,5.637,50,50,15.04
164.40,165.67,165.68,1,14.78843,1,e_rec,single-domain,0.0000,0.0000,3.755,0,14.78843,1,-3.918,19.51,0.8809,0,-3.792,5.806,50,50,48.49
164.80,166.07,166.08,1,14.65560,1,e_rec,single-domain,0.0000,0.0000,3.446,0,14.65560,1,-4.09,19.5,0.5396,0,-3.481,5.468,50,50,45.92
165.20,166.47,166.48,1,15.57095,1,e_rec,single-domain,0.0000,0.0000,3.510,0,15.57095,1,-3.832,19.51,1.775,0,-3.814,5.015,50,50,15.11
165.60,166.87,166.88,1,14.97746,1,e_rec,single-domain,0.0000,0.0000,3.538,0,14.97746,1,-3.688,19.5,0.5665,0,-3.986,4.67,50,50,44.19
166.00,167.27,167.28,1,14.93825,1,e_rec,single-domain,0.0000,0.0000,3.509,0,14.93825,1,-3.746,19.51,0.565,0,-3.841,4.834,50,50,42.87
166.40,167.67,167.68,1,15.47613,1,e_rec,single-domain,0.0000,0.0000,3.639,0,15.47613,1,-3.832,19.5,2.121,0,-3.494,5.061,50,50,13.18
166.80,168.07,168.08,1,14.61075,1,e_rec,single-domain,0.0000,0.0000,3.957,0,14.61075,1,-4.119,19.51,1.262,0,-3.556,5.121,50,50,48.58
167.20,168.47,168.48,1,14.69751,1,e_rec,single-domain,0.0000,0.0000,3.659,0,14.69751,1,-3.975,19.51,0.9921,0,-3.422,4.74,50,50,42.96
167.60,168.87,168.88,1,15.49418,1,e_rec,single-domain,0.0000,0.0000,3.770,0,15.49418,1,-4.348,19.5,2.2,0,-4.033,4.646,50,50,17.01
168.00,169.27,169.28,1,14.71537,1,e_rec,single-domain,0.0000,0.0000,3.872,0,14.71537,1,-4.234,19.51,1.089,0,-3.806,4.587,50,50,46.77
168.40,169.67,169.68,1,14.85890,1,e_rec,single-domain,0.0000,0.0000,3.453,0,14.85890,1,-4.406,19.5,0.8122,0,-4.059,4.791,50,50,44.02
168.80,170.07,170.08,1,15.46245,1,e_rec,single-domain,0.0000,0.0000,3.565,0,15.46245,1,-4.176,19.51,1.767,0,-3.9,4.926,50,50,17.91
169.20,170.47,170.48,1,14.77553,1,e_rec,single-domain,0.0000,0.0000,3.459,0,14.77553,1,-4.09,19.5,0.7762,0,-3.625,5.098,50,50,42.93
169.60,170.87,170.88,-1,14.90000,1,e_rec,single-domain,0.0000,0.0000,4.017,0,14.90000,1,-4.061,19.51,0.679,0,-3.85,5.404,50,50,42.69
170.00,171.27,171.28,-1,0.33560,1,|r_aux|,single-domain,0.0000,0.0000,3.547,0,0.33560,1,-3.746,18.7,1.98,0,-3.503,5.021,50,5.187,3.982
170.40,171.67,171.68,-1,-2.66649,0,|r_aux|,single-domain,0.0000,0.0000,3.423,0,-2.66649,0,-2.67,14.78,1.032,0,-2.311,4.321,50,0.09145,5.842
170.80,172.07,173.71,-1,-3.43653,0,|r_aux|,single-domain,0.0390,0.0000,1630.988,1630,-3.12430,0,-0.9048,8.378,0.743,0,-1.174,2.991,35,0.435,5.264
171.20,172.47,173.71,-1,-2.68969,0,|r_aux|,cross-domain,0.0503,0.0000,1230.988,1230,-2.28708,0,0.6601,2.6,2.451,0,0.168,4.093,5.527,1.06,2.375
171.60,172.87,173.71,-1,-2.93264,0,e_rec,cross-domain,0.0503,0.0000,830.988,830,-2.53003,0,0.8898,0.9634,1.298,0,0.8759,3.052,2.954,1.93,3.616
172.00,173.27,173.71,-1,-3.04597,0,e_rec,cross-domain,0.0195,0.0000,430.988,430,-2.88985,0,1.119,0.634,1.272,0,0.7684,2.151,2.19,1.061,8.114
172.40,173.67,173.68,-1,-3.35104,0,|r_bal|,cross-domain,0.0000,0.0000,3.412,0,-3.35104,0,1.177,0.4733,2.569,0,0.495,0.8572,1.947,-0.8988,2.372
172.80,174.07,174.08,-1,-2.48218,0,e_rec,cross-domain,0.0000,0.0000,3.849,0,-2.48218,0,1.148,0.7643,1.312,0,0.2247,2.015,1.939,0.9241,1.105
173.20,174.47,174.48,-1,-1.92466,0,e_rec,cross-domain,0.0000,0.0000,3.393,0,-1.92466,0,0.6458,0.6051,0.8358,0,0.1296,4.488,1.546,2.679,3.496
173.60,174.87,174.88,-1,-3.05169,0,|r_aux|,cross-domain,0.0000,0.0000,3.452,0,-3.05169,0,0.5166,0.8256,1.72,0,0.3658,4.269,1.73,-0.5006,1.356
174.00,175.27,175.28,-1,-2.79621,0,|r_aux|,cross-domain,0.0000,0.0000,3.441,0,-2.79621,0,0.3444,1.015,0.8534,0,-0.1975,3.074,3.426,0.04067,1.761
174.40,175.67,175.68,-1,-2.14211,0,e_rec,cross-domain,0.0000,0.0000,3.390,0,-2.14211,0,-0.0287,0.5736,0.9049,0,0.258,1.123,3.372,3.421,3.004
174.80,176.07,176.08,-1,-2.27374,0,e_rec,cross-domain,0.0000,0.0000,3.508,0,-2.27374,0,0.0287,0.1274,2.115,0,0.07398,-0.07294,3.851,3.238,2.361
175.20,176.47,176.48,-1,-3.11056,0,|r_aux|,cross-domain,0.0000,0.0000,3.440,0,-3.11056,0,0.2583,0.6052,1.037,0,0.4018,0.009796,2.138,0.238,0.4452
175.60,176.87,176.88,-1,-3.05396,0,|r_bal|,cross-domain,0.0000,0.0000,3.404,0,-3.05396,0,0.818,0.2657,0.7973,0,0.4475,0.319,1.418,0.1923,1.135
176.00,177.27,177.28,-1,-3.23829,0,|r_bal|,cross-domain,0.0000,0.0000,3.848,0,-3.23829,0,0.7032,0.2141,2.269,0,-0.017,0.4149,1.511,-0.8834,0.8699
176.40,177.67,177.68,-1,-2.57388,0,e_rec,cross-domain,0.0000,0.0000,3.548,0,-2.57388,0,0.8754,0.5627,1.538,0,0.01695,0.8046,2.29,0.7898,-0.6933
176.80,178.07,178.08,-1,-2.84006,0,|r_qp|,cross-domain,0.0000,0.0000,3.612,0,-2.84006,0,0.5166,0.2427,1.066,0,-0.6932,1.371,1.86,-0.5417,0.4272
177.20,178.47,178.48,-1,-2.61755,0,|r_qp|,cross-domain,0.0000,0.0000,3.466,0,-2.61755,0,0.6314,0.4302,2.454,0,-0.6539,1.541,1.548,-0.1879,-0.1715
177.60,178.87,178.88,-1,-2.57312,0,|r_qp|,cross-domain,0.0000,0.0000,3.319,0,-2.57312,0,0.5023,0.7062,1.221,0,-1.152,1.297,3.045,-0.4822,-0.651
178.00,179.27,179.28,-1,-2.11564,0,e_rec,cross-domain,0.0000,0.0000,3.512,0,-2.11564,0,0.9041,0.4005,1.146,0,-0.5392,-0.3955,2.127,1.667,-0.05388
178.40,179.67,179.68,-1,-2.32574,0,e_rec,cross-domain,0.0000,0.0000,3.407,0,-2.32574,0,1.048,0.4863,2.207,0,-0.1726,-0.9655,1.73,1.411,0.9732
178.80,180.07,180.08,-1,-3.25465,0,|r_bal|,cross-domain,0.0000,0.0000,3.964,0,-3.25465,0,1.349,0.7751,0.9749,0,0.5229,-0.5635,2.644,-0.781,-0.8974
179.20,180.47,180.48,-1,-3.21848,0,|r_bal|,cross-domain,0.0000,0.0000,3.567,0,-3.21848,0,1.363,0.3912,0.6504,0,0.8794,-0.2519,2.349,-0.007199,-0.3076
179.60,180.87,180.88,-1,-3.70523,0,|r_bal|,cross-domain,0.0000,0.0000,3.343,0,-3.70523,0,0.6888,0.1741,1.792,0,0.9116,-0.5044,2.348,-0.8213,-0.6587
180.00,181.27,181.28,-1,-3.44812,0,|r_aux|,cross-domain,0.0000,0.0000,3.668,0,-3.44812,0,0.2296,0.5826,0.6699,0,1.163,-0.4956,2.048,0.245,-0.654
180.40,181.67,181.68,-1,-3.63558,0,|r_aux|,cross-domain,0.0000,0.0000,3.409,0,-3.63558,0,0.0861,0.2597,0.6714,0,0.9756,0.4319,1.08,-0.5578,-0.7421
180.80,182.07,182.08,-1,-3.20645,0,|r_aux|,cross-domain,0.0000,0.0000,3.486,0,-3.20645,0,0.3301,0.392,2.072,0,0.565,0.9109,1.038,-0.1478,-0.4197
181.20,182.47,182.48,-1,-3.20882,0,|r_aux|,cross-domain,0.0000,0.0000,3.330,0,-3.20882,0,0.5023,0.6811,1.319,0,0.5396,0.7989,2.502,-0.1947,-0.8196
181.60,182.87,182.88,-1,-3.26447,0,|r_bal|,cross-domain,0.0000,0.0000,3.331,0,-3.26447,0,0.8611,0.3121,0.8535,0,0.7965,0.2857,2.434,0.04088,-0.9301
182.00,183.27,183.28,-1,-3.55730,0,|r_bal|,cross-domain,0.0000,0.0000,4.003,0,-3.55730,0,0.8036,0.2033,2.149,0,0.5858,-0.3121,3.249,-0.6547,0.6853
182.40,183.67,183.68,-1,-3.13358,0,e_rec,cross-domain,0.0000,0.0000,3.615,0,-3.13358,0,0.6888,0.6201,1.128,0,0.9189,-0.3104,2.981,0.6899,-0.6555
182.80,184.07,184.08,-1,-3.24665,0,|r_bal|,cross-domain,0.0000,0.0000,3.546,0,-3.24665,0,1.033,0.2588,1.054,0,0.5976,-1.028,2.13,-0.1438,-0.7903
183.20,184.47,184.48,-1,-3.41584,0,|r_bal|,cross-domain,0.0000,0.0000,3.552,0,-3.41584,0,0.818,0.29,2.226,0,0.6372,-1.245,2.107,-0.4762,-0.8914
183.60,184.87,184.88,-1,-2.91030,0,e_rec,cross-domain,0.0000,0.0000,3.408,0,-2.91030,0,0.5166,0.5986,1.312,0,0.2077,-0.8102,2.718,0.6066,0.1949
184.00,185.27,185.28,-1,-3.46241,0,|r_bal|,cross-domain,0.0000,0.0000,3.541,0,-3.46241,0,0.5166,0.2292,1.216,0,0.4807,0.6829,2.351,-0.7368,-0.8316
184.40,185.67,185.68,-1,-3.39288,0,|r_bal|,cross-domain,0.0000,0.0000,3.444,0,-3.39288,0,0.7749,0.2617,2.326,0,0.4023,1.547,2.437,-0.8261,0.6883
184.80,186.07,186.08,-1,-3.05273,0,|r_bal|,cross-domain,0.0000,0.0000,3.510,0,-3.05273,0,1.076,0.64,1.177,0,0.1401,1.46,2.78,-0.6145,-0.6588
185.20,186.47,186.48,-1,-3.10890,0,|r_bal|,cross-domain,0.0000,0.0000,3.963,0,-3.10890,0,1.277,0.3278,0.6913,0,0.01598,0.1962,1.862,-0.9013,-0.768
185.60,186.87,186.88,-1,-2.11823,0,e_rec,cross-domain,0.0000,0.0000,3.465,0,-2.11823,0,1.191,0.4071,2.019,0,-0.2128,-0.5472,1.328,1.678,-0.7848
186.00,187.27,187.28,-1,-3.03747,0,|r_bal|,cross-domain,0.0000,0.0000,3.771,0,-3.03747,0,0.9472,0.7071,0.6532,0,-0.2732,-0.8006,2.08,-0.8787,0.203
186.40,187.67,187.68,-1,-3.32867,0,|r_bal|,cross-domain,0.0000,0.0000,3.768,0,-3.32867,0,0.4305,0.3932,0.6795,0,0.2136,-1.09,2.249,-0.5271,-0.5397
186.80,188.07,188.08,-1,-2.72250,0,e_rec,cross-domain,0.0000,0.0000,3.531,0,-2.72250,0,0.9041,0.5053,1.922,0,0.8106,-1.37,3.401,1.89,-0.7911
187.20,188.47,188.48,-1,-3.87390,0,|r_bal|,cross-domain,0.0000,0.0000,3.425,0,-3.87390,0,1.033,0.7053,0.8972,0,1.33,-0.8645,5.003,-0.6073,1.398
187.60,188.87,188.88,-1,-3.39694,0,|r_bal|,cross-domain,0.0000,0.0000,3.401,0,-3.39694,0,1.521,0.4027,0.6502,0,1.155,0.7883,4.381,-0.01876,-0.8107
188.00,189.27,189.28,-1,-2.08222,0,e_rec,cross-domain,0.0000,0.0000,4.086,0,-2.08222,0,1.306,0.4935,2.049,0,0.5248,2.089,4.146,3.29,5.036
188.40,189.67,189.68,-1,-3.39015,0,|r_bal|,cross-domain,0.0000,0.0000,3.577,0,-3.39015,0,1.177,0.7583,1.089,0,0.5115,2.136,4.556,-0.9074,0.3814
188.80,190.07,190.08,-1,-3.26036,0,e_rec,cross-domain,0.0000,0.0000,3.548,0,-3.26036,0,0.7175,0.5147,0.9611,0,1.101,0.9445,3.681,0.6191,-0.473
189.20,190.47,190.48,-1,-2.72623,0,e_rec,cross-domain,0.0000,0.0000,3.611,0,-2.72623,0,0.3588,0.5588,2.436,0,0.6082,-0.2504,3.314,1.807,-0.3359
189.60,190.87,190.88,-1,-3.44133,0,|r_aux|,cross-domain,0.0000,0.0000,3.479,0,-3.44133,0,0.4879,0.7889,1.233,0,0.6561,-0.4369,3.862,-0.2399,0.9025
190.00,191.27,191.28,-1,-3.12564,0,|r_aux|,cross-domain,0.0000,0.0000,3.497,0,-3.12564,0,0.3301,0.4998,1.111,0,-0.1149,-0.2098,3.45,-0.2327,-0.6365
190.40,191.67,191.68,-1,-0.72173,0,e_rec,cross-domain,0.0000,0.0000,3.468,0,-0.72173,0,0.7175,0.4875,2.265,0,-0.1118,0.5709,3.935,6.915,3.856
190.80,192.07,192.08,-1,-2.23421,0,e_rec,cross-domain,0.0000,0.0000,3.475,0,-2.23421,0,1.119,0.7402,1.172,0,-0.4606,1.218,4.081,1.308,0.6447
191.20,192.47,192.48,-1,-2.58981,0,e_rec,cross-domain,0.0000,0.0000,4.001,0,-2.58981,0,1.033,0.3731,0.79,0,-0.04715,2.539,3.87,0.808,-0.8751
191.60,192.87,192.88,-1,-2.65208,0,|r_bal|,cross-domain,0.0000,0.0000,3.674,0,-2.65208,0,1.335,0.2093,2.088,0,-0.6321,3.006,3.69,-0.3062,-0.3395
192.00,193.27,193.28,-1,-2.68010,0,|r_qp|,cross-domain,0.0000,0.0000,3.541,0,-2.68010,0,1.335,0.6068,0.7612,0,-0.783,2.348,2.82,-0.923,-0.1022
192.40,193.67,193.68,-1,-2.43396,0,|r_qp|,cross-domain,0.0000,0.0000,3.582,0,-2.43396,0,1.392,0.4024,0.685,0,-0.9259,0.9198,2.558,-0.1749,-0.2561
192.80,194.07,194.08,-1,-1.63118,0,e_rec,cross-domain,0.0000,0.0000,3.499,0,-1.63118,0,1.335,0.6155,2.01,0,-0.616,-0.1092,3.126,2.687,-0.5946
193.20,194.47,194.48,-1,-2.55238,0,|r_bal|,cross-domain,0.0000,0.0000,3.530,0,-2.55238,0,1.636,0.8152,1.074,0,-0.6056,-0.1728,4.508,0.07283,1.035
193.60,194.87,194.88,-1,-2.74543,0,|r_bal|,cross-domain,0.0000,0.0000,3.413,0,-2.74543,0,2.282,0.5513,0.5643,0,-0.6743,-0.4656,3.699,-1.058,-0.4282
194.00,195.27,195.28,-1,-0.36113,0,e_rec,cross-domain,0.0000,0.0000,3.502,0,-0.36113,0,2.339,0.5896,1.758,0,-0.6834,-0.7078,3.568,6.12,3.028
194.40,195.67,195.68,-1,-2.81200,0,|r_bal|,cross-domain,0.0000,0.0000,3.968,0,-2.81200,0,2.067,0.7911,0.9714,0,-0.3199,-0.2266,4.533,-0.5491,1.386
194.80,196.07,196.08,-1,-2.47552,0,|r_bal|,cross-domain,0.0000,0.0000,3.607,0,-2.47552,0,1.866,0.5128,1.018,0,0.00869,1.129,3.743,0.719,-0.7789
195.20,196.47,196.48,-1,-2.16570,0,e_rec,cross-domain,0.0000,0.0000,3.631,0,-2.16570,0,1.378,0.5629,1.994,0,0.5722,2.153,3.817,2.594,0.08798
195.60,196.87,196.88,-1,-2.96887,0,|r_bal|,cross-domain,0.0000,0.0000,3.507,0,-2.96887,0,1.234,0.798,0.6551,0,0.382,2.051,4.246,0.0132,-0.2066
196.00,197.27,197.28,-1,-3.35640,0,|r_bal|,cross-domain,0.0000,0.0000,3.519,0,-3.35640,0,1.177,0.5734,0.1318,0,0.618,0.3933,3.639,-0.5659,-0.4457
196.40,197.67,197.68,-1,-2.12798,0,e_rec,cross-domain,0.0000,0.0000,3.407,0,-2.12798,0,2.038,0.5945,1.848,0,0.2471,-0.8875,3.813,2.362,2.601
196.80,198.07,198.08,-1,-2.83451,0,|r_bal|,cross-domain,0.0000,0.0000,3.428,0,-2.83451,0,1.665,0.8374,0.5305,0,-0.1832,-1.171,4.045,-0.2617,0.2759
197.20,198.47,198.48,-1,-2.60422,0,|r_bal|,cross-domain,0.0000,0.0000,3.120,0,-2.60422,0,1.22,0.5971,-0.3947,0,-0.5168,-0.7431,3.643,0.2444,-0.8104
197.60,198.87,198.88,-1,-1.90397,0,e_rec,cross-domain,0.0000,0.0000,3.882,0,-1.90397,0,0.2296,0.6074,0.2245,0,0.2573,0.1068,4.046,3.992,-0.0652
198.00,199.27,199.28,-1,-3.45002,0,|r_aux|,cross-domain,0.0000,0.0000,3.798,0,-3.45002,0,0.244,0.7698,-0.9884,0,0.3844,0.8263,5.319,-0.2314,1.263
198.40,199.67,199.68,-1,-3.55302,0,|r_bal|,cross-domain,0.0000,0.0000,3.713,0,-3.55302,0,0.7749,0.5106,-1.297,0,0.9648,2.338,4.64,-0.391,-0.5517
198.80,200.07,200.08,-1,-2.06665,0,e_rec,cross-domain,0.0000,0.0000,3.523,0,-2.06665,0,1.162,0.5525,-0.09671,0,1.189,3.166,4.697,3.997,0.9052
199.20,200.47,200.48,-1,-2.83346,0,e_rec,cross-domain,0.0000,0.0000,3.577,0,-2.83346,0,1.292,0.7681,-1.249,0,1.48,2.8,5.369,1.994,-0.4182
199.60,200.87,200.88,-1,-3.57997,0,|r_bal|,cross-domain,0.0000,0.0000,3.455,0,-3.57997,0,1.464,0.4446,-0.36,0,1.113,1.426,4.56,-0.635,-0.9275
200.00,201.27,201.28,0,-2.89672,0,e_rec,cross-domain,0.0000,0.0000,3.466,0,-2.89672,0,0.8324,0.248,2.193,0,0.3107,-0.00163,4.32,1.131,1.557
200.40,201.67,201.68,0,-3.39170,0,|r_bal|,cross-domain,0.0000,0.0000,3.955,0,-3.39170,0,0.7749,0.6741,1.299,0,0.4386,-0.6195,2.531,-0.7904,0.2643
200.80,202.07,202.08,0,-2.78908,0,|r_bal|,cross-domain,0.0000,0.0000,3.712,0,-2.78908,0,1.091,0.5156,-0.06408,0,0.1291,-1.182,1.946,0.3987,-0.4939
201.20,202.47,202.48,0,-1.30380,0,e_rec,cross-domain,0.0000,0.0000,3.593,0,-1.30380,0,1.722,0.7215,-0.04451,0,0.07871,-1.327,2.45,4.315,0.007987
201.60,202.87,202.88,0,-3.21046,0,|r_bal|,cross-domain,0.0000,0.0000,3.592,0,-3.21046,0,1.55,0.7838,-1.309,0,0.5584,-0.9083,5.343,-0.008455,0.4017
202.00,203.27,203.28,0,-3.32335,0,|r_bal|,cross-domain,0.0000,0.0000,3.508,0,-3.32335,0,0.8754,0.5002,-0.5763,0,0.51,0.514,4.599,-0.1744,-0.6148
202.40,203.67,203.68,0,-1.80500,0,e_rec,cross-domain,0.0000,0.0000,3.534,0,-1.80500,0,0.5597,0.5431,1.903,0,0.6446,1.911,4.742,4.94,6.042
202.80,204.07,204.08,0,-2.81059,0,|r_aux|,cross-domain,0.0000,0.0000,3.439,0,-2.81059,0,0.8036,0.8269,1.011,0,-0.1233,1.962,4.136,0.07643,-0.03517
203.20,204.47,204.48,0,-3.16643,0,|r_aux|,cross-domain,0.0000,0.0000,3.413,0,-3.16643,0,0.5023,0.6325,-0.05642,0,0.4196,0.5725,3.616,0.1035,-0.6227
203.60,204.87,204.88,0,-1.02905,0,e_rec,cross-domain,0.0000,0.0000,3.965,0,-1.02905,0,0.4449,0.6493,0.3357,0,0.6056,-0.6742,3.707,6.861,-0.3227
204.00,205.27,205.28,0,-3.46797,0,|r_aux|,cross-domain,0.0000,0.0000,3.659,0,-3.46797,0,0.1866,0.8107,-1.27,0,-0.1049,-1.065,4.807,-0.8944,-0.2409
204.40,205.67,205.68,0,-3.50517,0,|r_aux|,cross-domain,0.0000,0.0000,3.954,0,-3.50517,0,0.5023,0.5398,-0.549,0,0.06232,-0.3431,4.523,-0.9967,-0.6885
204.80,206.07,206.08,0,-2.01387,0,e_rec,cross-domain,0.0000,0.0000,3.551,0,-2.01387,0,0.1866,0.4734,1.927,0,0.07747,0.2629,5.432,3.758,-0.5987
205.20,206.47,206.48,0,-3.29490,0,|r_aux|,cross-domain,0.0000,0.0000,3.486,0,-3.29490,0,0.4592,0.7636,1.067,0,0.6874,0.5764,4.747,0.3187,0.6537
205.60,206.87,206.88,0,-3.28107,0,|r_bal|,cross-domain,0.0000,0.0000,3.573,0,-3.28107,0,0.7032,0.5536,-0.08762,0,0.6352,0.7451,4.166,0.06187,-0.655
206.00,207.27,207.28,0,-1.26227,0,e_rec,cross-domain,0.0000,0.0000,3.471,0,-1.26227,0,0.9472,0.6569,0.1757,0,-0.2519,0.7637,3.647,4.754,2.877
206.40,207.67,207.68,0,-2.84963,0,|r_bal|,cross-domain,0.0000,0.0000,3.160,0,-2.84963,0,1.306,0.8035,-0.9891,0,-0.3199,0.5347,5.438,-0.1273,0.0615
206.80,208.07,208.08,0,-2.98126,0,|r_bal|,cross-domain,0.0000,0.0000,3.998,0,-2.98126,0,1.277,0.5842,-0.8412,0,-0.336,-0.4231,4.585,-0.4818,-0.6288
207.20,208.47,208.48,0,-1.40294,0,e_rec,cross-domain,0.0000,0.0000,3.671,0,-1.40294,0,1.076,0.5938,0.89,0,0.4261,-1.09,4.757,5.405,-0.329
207.60,208.87,208.88,0,-3.12021,0,|r_bal|,cross-domain,0.0000,0.0000,3.611,0,-3.12021,0,0.8754,0.8416,-0.07592,0,0.1899,-1.025,4.343,-0.1056,-0.6162
208.00,209.27,209.28,0,-2.66177,0,e_rec,cross-domain,0.0000,0.0000,3.735,0,-2.66177,0,1.636,0.5208,0.4435,0,0.5244,-0.03054,4.178,1.23,-0.7722
208.40,209.67,209.68,0,-3.09712,0,|r_bal|,cross-domain,0.0000,0.0000,3.523,0,-3.09712,0,1.665,0.3407,2.446,0,0.2746,0.8441,4.328,-0.2555,1.089
208.80,210.07,210.08,0,-2.83017,0,|r_bal|,cross-domain,0.0000,0.0000,3.451,0,-2.83017,0,1.708,0.6935,1.118,0,0.2778,1.007,3.279,-0.04954,-0.35
209.20,210.47,210.48,0,-2.95271,0,|r_bal|,cross-domain,0.0000,0.0000,3.540,0,-2.95271,0,1.492,0.419,0.7833,0,-0.1079,1.276,2.517,-0.8031,-0.8027
209.60,210.87,210.88,0,-2.50297,0,e_rec,cross-domain,0.0000,0.0000,4.074,0,-2.50297,0,1.55,0.4752,2.059,0,0.5248,1.255,2.919,1.441,0.6604
210.00,211.27,211.28,0,-3.27015,0,|r_bal|,cross-domain,0.0000,0.0000,3.674,0,-3.27015,0,1.392,0.7255,0.8931,0,0.6788,1.015,3.855,-0.5076,-0.2654
210.40,211.67,211.68,0,-3.05710,0,|r_aux|,cross-domain,0.0000,0.0000,3.446,0,-3.05710,0,0.4449,0.554,-0.292,0,0.1989,0.1619,3.067,0.1654,-0.6477
210.80,212.07,212.08,0,-1.25444,0,e_rec,cross-domain,0.0000,0.0000,4.754,0,-1.25444,0,0.4879,0.7305,-0.3159,0,0.001071,-0.4464,3.015,5.147,-0.5247
211.20,212.47,212.48,0,-2.81398,0,|r_qp|,cross-domain,0.0000,0.0000,3.535,0,-2.81398,0,0.5453,0.8367,-1.436,0,-0.7971,-0.4275,4.9,-0.181,-0.2706
211.60,212.87,212.88,0,-2.20059,0,e_rec,cross-domain,0.0000,0.0000,3.544,0,-2.20059,0,1.292,0.5181,-0.7933,0,-0.07266,-0.1599,4.845,2.212,-0.8087
212.00,213.27,213.28,0,-2.77741,0,e_rec,cross-domain,0.0000,0.0000,3.485,0,-2.77741,0,1.191,0.3565,1.892,0,-0.03164,0.46,4.938,0.8527,2.271
212.40,213.67,213.68,0,-3.25027,0,|r_bal|,cross-domain,0.0000,0.0000,3.427,0,-3.25027,0,1.177,0.708,0.843,0,0.796,1.013,3.755,-0.1169,0.3817
212.80,214.07,214.08,0,-3.16139,0,|r_bal|,cross-domain,0.0000,0.0000,4.016,0,-3.16139,0,0.9759,0.5011,0.86,0,0.5256,1.604,2.962,-0.2475,-0.721
213.20,214.47,214.48,0,-2.44133,0,e_rec,cross-domain,0.0000,0.0000,3.595,0,-2.44133,0,0.9328,0.6385,2.021,0,0.6355,1.437,3.646,2.089,-0.8617
213.60,214.87,214.88,0,-3.36090,0,|r_bal|,cross-domain,0.0000,0.0000,3.518,0,-3.36090,0,1.048,0.8444,0.9123,0,0.8588,1.02,4.736,-0.2046,-0.1739
214.00,215.27,215.28,0,-3.04491,0,|r_bal|,cross-domain,0.0000,0.0000,3.539,0,-3.04491,0,1.263,0.6353,-0.1369,0,0.4908,0.05916,3.935,0.1901,-0.501
214.40,215.67,215.68,0,-0.94114,0,e_rec,cross-domain,0.0000,0.0000,3.527,0,-0.94114,0,1.507,0.6946,0.8616,0,-0.06327,-0.3129,3.394,5.54,1.742
214.80,216.07,216.08,0,-2.73239,0,|r_bal|,cross-domain,0.0000,0.0000,3.444,0,-2.73239,0,1.349,0.8779,-0.439,0,-0.2256,-0.2637,4.283,0.08146,-0.3118
215.20,216.47,216.48,0,-1.81349,0,e_rec,cross-domain,0.0000,0.0000,3.408,0,-1.81349,0,0.5884,0.6321,-0.05946,0,-0.4172,0.03115,3.472,2.972,-0.7233
215.60,216.87,216.88,0,-1.77838,0,e_rec,cross-domain,0.0000,0.0000,3.424,0,-1.77838,0,0.2296,0.6045,2.02,0,0.1067,0.1644,3.898,4.097,-0.1061
216.00,217.27,217.28,0,-3.54057,0,|r_aux|,cross-domain,0.0000,0.0000,3.971,0,-3.54057,0,0.4162,0.8393,0.8716,0,0.8101,0.4581,3.938,-0.4284,0.5412
216.40,217.67,217.68,0,-3.21074,0,e_rec,cross-domain,0.0000,0.0000,3.796,0,-3.21074,0,0.5597,0.5431,0.7714,0,0.7648,1.295,4.177,0.458,-0.7221
216.80,218.07,218.08,0,-2.75610,0,e_rec,cross-domain,0.0000,0.0000,3.664,0,-2.75610,0,0.5023,0.4926,2.14,0,0.4603,2.018,5.033,1.564,-0.4119
217.20,218.47,218.48,0,-3.46136,0,|r_aux|,cross-domain,0.0000,0.0000,3.500,0,-3.46136,0,0.6745,0.7703,0.8634,0,0.311,1.865,4.973,-0.9712,-0.1627
217.60,218.87,218.88,0,-3.09733,0,|r_qp|,cross-domain,0.0000,0.0000,3.601,0,-3.09733,0,0.3157,0.5976,0.05143,0,-0.6959,0.5585,3.913,-0.9344,-0.4947
218.00,219.27,219.28,0,-0.33232,0,e_rec,cross-domain,0.0000,0.0000,3.451,0,-0.33232,0,0.6601,0.719,0.8357,0,-0.6822,-0.5723,3.261,7.111,2.329
218.40,219.67,219.68,0,-2.00969,0,e_rec,cross-domain,0.0000,0.0000,3.483,0,-2.00969,0,0.6314,0.8658,-0.2086,0,-0.7077,-0.9187,4.629,2.231,-0.01658
218.80,220.07,220.08,0,-2.62217,0,e_rec,cross-domain,0.0000,0.0000,4.089,0,-2.62217,0,0.3875,0.6223,-0.1762,0,-0.1094,-0.5215,3.807,1.282,-0.4816
219.20,220.47,220.48,0,-1.38485,0,e_rec,cross-domain,0.0000,0.0000,3.417,0,-1.38485,0,0.5597,0.6144,1.224,0,-0.006307,-0.2632,4.091,4.955,-0.6175
219.60,220.87,220.88,0,-2.93643,0,e_rec,cross-domain,0.0000,0.0000,3.341,0,-2.93643,0,0.8611,0.8255,-0.1104,0,0.4623,0.2176,4.448,0.7566,0.3873
220.00,221.27,221.28,0,-2.81209,0,|r_bal|,cross-domain,0.0000,0.0000,3.841,0,-2.81209,0,1.579,0.5835,-0.07754,0,0.4129,1.398,3.852,0.4,-0.8475
220.40,221.67,221.68,0,-0.70357,0,e_rec,cross-domain,0.0000,0.0000,3.431,0,-0.70357,0,1.005,0.6199,1.561,0,0.5643,2.177,3.842,7.302,2.823
220.80,222.07,222.08,0,-3.11776,0,|r_aux|,cross-domain,0.0000,0.0000,3.561,0,-3.11776,0,0.8611,0.8668,0.492,0,0.005524,2.002,4.04,-0.7422,-0.02807
221.20,222.47,222.48,0,-3.08341,0,e_rec,cross-domain,0.0000,0.0000,3.423,0,-3.08341,0,0.7032,0.6638,0.0306,0,0.7482,0.24,3.378,0.6116,-0.6465
221.60,222.87,222.88,0,-1.39105,0,e_rec,cross-domain,0.0000,0.0000,3.350,0,-1.39105,0,0.4305,0.6764,0.8629,0,0.9939,-0.8549,3.457,6.303,0.4023
222.00,223.27,223.28,0,-3.91690,0,|r_aux|,cross-domain,0.0000,0.0000,4.035,0,-3.91690,0,0.6027,0.8627,-0.06297,0,1.048,-1.089,4.074,-1.184,-0.1513
222.40,223.67,223.68,0,-3.73222,0,|r_aux|,cross-domain,0.0000,0.0000,3.614,0,-3.73222,0,-0.1005,0.568,0.2371,0,0.8099,-0.7022,4.212,-0.3564,-0.8405
222.80,224.07,224.08,0,-2.87824,0,e_rec,cross-domain,0.0000,0.0000,3.524,0,-2.87824,0,-0.4305,0.4348,2.039,0,0.509,-0.3022,5.41,2.249,-0.8699
223.20,224.47,224.48,0,-3.28712,0,|r_aux|,cross-domain,0.0000,0.0000,3.577,0,-3.28712,0,-0.3014,0.7324,1.035,0,0.3258,0.1377,4.649,0.3963,0.2557
223.60,224.87,224.88,0,-3.25853,0,e_rec,cross-domain,0.0000,0.0000,3.399,0,-3.25853,0,-0.1292,0.4498,0.6464,0,0.7067,1.153,4.395,0.8172,-0.813
224.00,225.27,225.28,0,-3.13802,0,|r_bal|,cross-domain,0.0000,0.0000,3.485,0,-3.13802,0,0.8036,0.4682,2.308,0,0.6421,1.585,4.339,0.5067,1.177
224.40,225.67,225.68,0,-2.97591,0,|r_bal|,cross-domain,0.0000,0.0000,3.482,0,-2.97591,0,0.9759,0.758,0.911,0,0.4793,1.236,4.632,0.5105,0.06925
224.80,226.07,226.08,0,-2.75091,0,|r_bal|,cross-domain,0.0000,0.0000,3.541,0,-2.75091,0,0.9902,0.5851,0.3085,0,-0.3517,0.06093,3.523,0.06359,-0.6699
225.20,226.47,226.48,0,-1.86898,0,e_rec,cross-domain,0.0000,0.0000,3.956,0,-1.86898,0,1.019,0.736,1.149,0,-0.04606,-0.5951,2.884,2.89,-0.4294
225.60,226.87,226.88,0,-2.95916,0,|r_bal|,cross-domain,0.0000,0.0000,3.581,0,-2.95916,0,1.205,0.8913,0.239,0,-0.359,-0.7071,4.139,-0.633,0.1562
226.00,227.27,227.28,0,-1.91481,0,e_rec,cross-domain,0.0000,0.0000,3.748,0,-1.91481,0,1.579,0.6334,0.5635,0,-0.0709,-0.8873,3.587,2.608,-0.5489
226.40,227.67,227.68,0,-2.97132,0,|r_bal|,cross-domain,0.0000,0.0000,3.510,0,-2.97132,0,1.435,0.5887,2.485,0,0.0368,-0.9662,4.456,0.03194,1.134
226.80,228.07,228.08,0,-2.97292,0,|r_bal|,cross-domain,0.0000,0.0000,3.491,0,-2.97292,0,1.162,0.8332,1.635,0,0.2392,-0.638,4.579,0.2156,-0.1636
227.20,228.47,228.48,0,-3.34232,0,|r_bal|,cross-domain,0.0000,0.0000,3.504,0,-3.34232,0,0.9041,0.5108,1.55,0,0.6617,0.8417,4.168,-0.2367,-0.8078
227.60,228.87,228.88,0,-2.87208,0,e_rec,cross-domain,0.0000,0.0000,3.458,0,-2.87208,0,0.8467,0.4177,2.594,0,1.154,1.91,4.044,1.774,-0.09991
228.00,229.27,229.28,0,-3.21254,0,e_rec,cross-domain,0.0000,0.0000,4.211,0,-3.21254,0,0.7462,0.7316,0.8241,0,1.433,1.816,3.8,0.9766,-0.08375
228.40,229.67,229.68,0,-3.10216,0,e_rec,cross-domain,0.0000,0.0000,3.512,0,-3.10216,0,1.119,0.5733,-0.3604,0,1.228,0.2649,2.877,0.8731,-0.6143
228.80,230.07,230.08,0,0.06042,1,e_rec,cross-domain,0.0000,0.0000,3.373,0,0.06042,1,1.449,0.7549,0.2961,0,0.4748,-0.8002,2.644,8.973,-0.1903
229.20,230.47,230.48,0,-2.99733,0,|r_bal|,cross-domain,0.0000,0.0000,3.678,0,-2.99733,0,1.837,0.8784,-0.5418,0,0.4744,-1.082,4.425,0.04161,-0.04697
229.60,230.87,230.88,0,-3.17475,0,|r_bal|,cross-domain,0.0000,0.0000,3.509,0,-3.17475,0,1.449,0.5648,-0.04375,0,-0.1237,-0.3152,4.388,-0.9397,-0.5907
230.00,231.27,231.28,0,-2.12273,0,e_rec,cross-domain,0.0000,0.0000,3.513,0,-2.12273,0,1.005,0.4459,1.905,0,0.1153,0.2701,5.649,3.1,0.6856
230.40,231.67,231.68,0,-3.27506,0,|r_bal|,cross-domain,0.0000,0.0000,3.397,0,-3.27506,0,1.205,0.734,0.9183,0,0.3219,0.8024,5.165,-0.5027,0.7538
230.80,232.07,232.08,0,-2.78009,0,|r_bal|,cross-domain,0.0000,0.0000,3.345,0,-2.78009,0,0.9615,0.5404,0.6253,0,-0.3606,1.44,4.097,-0.0392,-0.7331
231.20,232.47,232.48,0,-1.08864,0,e_rec,cross-domain,0.0000,0.0000,4.060,0,-1.08864,0,1.823,0.6968,1.989,0,0.1674,1.863,3.221,4.784,0.3412
231.60,232.87,232.88,0,-2.69259,0,|r_bal|,cross-domain,0.0000,0.0000,3.406,0,-2.69259,0,1.536,0.8771,0.4604,0,-0.1103,1.662,4.226,-0.02995,-0.3063
232.00,233.27,233.28,0,-2.99637,0,|r_bal|,cross-domain,0.0000,0.0000,3.604,0,-2.99637,0,1.205,0.6649,-0.08237,0,0.3322,0.3913,3.565,0.005983,-0.7807
232.40,233.67,233.68,0,-1.72281,0,e_rec,cross-domain,0.0000,0.0000,3.551,0,-1.72281,0,0.6745,0.6857,1.05,0,0.9066,-0.7725,3.595,5.295,3.836
232.80,234.07,234.08,0,-3.80674,0,|r_aux|,cross-domain,0.0000,0.0000,3.480,0,-3.80674,0,0.7749,0.876,0.009922,0,1.189,-1.069,4.121,-0.8073,-0.3767
233.20,234.47,234.48,0,-3.56359,0,|r_bal|,cross-domain,0.0000,0.0000,3.596,0,-3.56359,0,1.421,0.6423,0.2782,0,1,-0.8284,3.439,-0.8074,-0.7993
233.60,234.87,234.88,0,-1.34764,0,e_rec,cross-domain,0.0000,0.0000,3.527,0,-1.34764,0,1.277,0.6048,2.158,0,0.9011,-0.5293,4.045,5.809,-0.3788
234.00,235.27,235.28,0,-2.70643,0,e_rec,cross-domain,0.0000,0.0000,3.539,0,-2.70643,0,1.033,0.8593,0.9966,0,0.8608,-0.258,3.734,1.677,-0.07421
234.40,235.67,235.68,0,-2.75580,0,|r_bal|,cross-domain,0.0000,0.0000,3.984,0,-2.75580,0,1.162,0.5292,0.7611,0,-0.01943,0.8703,3.822,0.3509,-0.9011
234.80,236.07,236.08,0,-3.05433,0,|r_bal|,cross-domain,0.0000,0.0000,3.849,0,-3.05433,0,1.277,0.4012,1.8,0,0.02364,1.657,4.013,-0.5024,-0.4537
235.20,236.47,236.48,0,-2.52230,0,|r_bal|,cross-domain,0.0000,0.0000,3.789,0,-2.52230,0,1.406,0.734,0.604,0,-0.1968,1.494,3.433,0.3654,-0.7245
235.60,236.87,236.88,0,-3.34752,0,|r_bal|,cross-domain,0.0000,0.0000,3.497,0,-3.34752,0,1.378,0.4796,0.2366,0,0.6986,-0.003452,3.012,-0.614,-0.8225
236.00,237.27,237.28,0,-3.08162,0,e_rec,cross-domain,0.0000,0.0000,3.519,0,-3.08162,0,0.7175,0.4872,1.831,0,0.7748,-1.112,3.185,0.9519,0.7699
236.40,237.67,237.68,0,-3.44627,0,|r_aux|,cross-domain,0.0000,0.0000,3.463,0,-3.44627,0,0.7462,0.7539,1.087,0,0.7054,-1.223,3.566,-0.3442,0.2864
236.80,238.07,238.08,0,-3.03121,0,e_rec,cross-domain,0.0000,0.0000,3.488,0,-3.03121,0,0.4018,0.4981,1.043,0,0.5673,-0.8,3.287,0.9268,-0.6831
237.20,238.47,238.48,0,-2.74172,0,e_rec,cross-domain,0.0000,0.0000,2.881,0,-2.74172,0,1.234,0.5432,2.37,0,0.4023,-0.2129,3.732,0.99,-0.6265
237.60,238.87,238.88,0,-1.60989,0,e_rec,cross-domain,0.0000,0.0000,3.928,0,-1.60989,0,2.009,0.7631,1.197,0,-0.01241,0.309,4.668,3.288,-0.4877
238.00,239.27,239.28,0,-2.03487,0,e_rec,cross-domain,0.0000,0.0000,3.641,0,-2.03487,0,2.067,0.4117,0.9796,0,-0.258,1.426,3.553,1.525,-0.8858
238.40,239.67,239.68,0,-2.08836,0,e_rec,cross-domain,0.0000,0.0000,3.635,0,-2.08836,0,1.22,0.328,2.138,0,0.04243,1.933,3.069,2.329,1.067
238.80,240.07,240.08,0,-3.44256,0,|r_bal|,cross-domain,0.0000,0.0000,3.488,0,-3.44256,0,0.7893,0.6749,1.052,0,0.7068,1.543,2.648,-0.8673,-0.2804
239.20,240.47,240.48,0,-3.64223,0,|r_bal|,cross-domain,0.0000,0.0000,3.482,0,-3.64223,0,0.7749,0.4767,0.7604,0,1.524,0.1457,2.784,-0.05496,-0.4703
239.60,240.87,240.88,0,-2.19465,0,e_rec,cross-domain,0.0000,0.0000,3.428,0,-2.19465,0,0.7319,0.6534,2.181,0,0.9585,-0.179,3.215,3.521,0.002318
240.00,241.27,241.28,0,-3.04155,0,|r_aux|,cross-domain,0.0000,0.0000,3.485,0,-3.04155,0,0.8898,0.8649,1.409,0,0.4566,0.5027,4.517,0.3164,-0.06616
240.40,241.67,241.68,0,-3.22280,0,|r_aux|,cross-domain,0.0000,0.0000,3.983,0,-3.22280,0,0.3731,0.519,1.248,0,-0.05378,0.9274,3.756,-0.5112,0.005279
240.80,242.07,242.08,0,-3.17281,0,e_rec,cross-domain,0.0000,0.0000,3.421,0,-3.17281,0,-0.2296,0.3453,2.324,0,0.3017,1.108,3.329,0.436,-0.7552
241.20,242.47,242.48,0,-3.13220,0,|r_aux|,cross-domain,0.0000,0.0000,3.522,0,-3.13220,0,0.1579,0.6817,1.272,0,0.2955,0.4182,2.856,0.2075,1.336
241.60,242.87,242.88,0,-2.88759,0,e_rec,cross-domain,0.0000,0.0000,3.585,0,-2.88759,0,0.4592,0.4543,1.154,0,0.5595,0.2192,2.458,1.035,-0.6892
242.00,243.27,243.28,0,-2.58799,0,e_rec,cross-domain,0.0000,0.0000,3.584,0,-2.58799,0,0.9472,0.6501,2.857,0,0.01532,0.2627,3.253,1.224,4.256
242.40,243.67,243.68,0,-3.26288,0,|r_bal|,cross-domain,0.0000,0.0000,3.872,0,-3.26288,0,1.249,0.8554,1.841,0,0.8707,-0.1333,4.568,0.04112,-0.2671
242.80,244.07,244.08,0,-3.09963,0,|r_bal|,cross-domain,0.0000,0.0000,3.519,0,-3.09963,0,0.9472,0.4657,1.463,0,0.6063,-0.3454,4.171,0.5524,-0.8259
243.20,244.47,244.48,0,-3.29842,0,|r_bal|,cross-domain,0.0000,0.0000,3.491,0,-3.29842,0,0.8754,0.2462,2.28,0,0.6571,0.815,3.952,0.02234,-0.9596
243.60,244.87,244.88,0,-2.82854,0,|r_bal|,cross-domain,0.0000,0.0000,3.982,0,-2.82854,0,0.9328,0.611,1.142,0,0.09042,1.705,2.583,0.08941,0.2549
244.00,245.27,245.28,0,-2.91145,0,|r_bal|,cross-domain,0.0000,0.0000,3.667,0,-2.91145,0,1.478,0.4166,0.8678,0,0.2813,3.053,2.302,-0.4161,-0.7424
244.40,245.67,245.68,0,-2.27499,0,|r_bal|,cross-domain,0.0000,0.0000,3.489,0,-2.27499,0,1.966,0.6445,2.269,0,0.06155,3.468,2.477,0.8504,2.021
244.80,246.07,246.08,0,-2.69285,0,|r_bal|,cross-domain,0.0000,0.0000,3.648,0,-2.69285,0,2.081,0.8034,1.025,0,-0.3897,3.107,4.18,-0.8633,0.1853
245.20,246.47,246.48,0,-1.82846,0,e_rec,cross-domain,0.0000,0.0000,3.499,0,-1.82846,0,1.507,0.5527,0.7329,0,-0.7176,3.186,3.805,1.672,-0.5825
245.60,246.87,246.88,0,-1.73994,0,e_rec,cross-domain,0.0000,0.0000,3.533,0,-1.73994,0,1.076,0.6466,1.89,0,-0.1068,2.664,4.41,3.162,0.004801
246.00,247.27,247.28,0,-2.67816,0,|r_aux|,cross-domain,0.0000,0.0000,3.504,0,-2.67816,0,0.8611,0.8768,0.6843,0,-0.4151,1.681,5.039,0.1886,-0.8019
246.40,247.67,247.68,0,-2.73298,0,|r_bal|,cross-domain,0.0000,0.0000,3.655,0,-2.73298,0,1.55,0.5386,0.3919,0,-0.3643,0.8922,4.2,-0.2087,-0.8485
246.80,248.07,248.08,0,-2.78169,0,|r_bal|,cross-domain,0.0000,0.0000,4.019,0,-2.78169,0,1.55,0.3288,1.972,0,-0.4738,0.09945,3.853,-0.3453,-0.692
247.20,248.47,248.48,0,-2.66618,0,|r_bal|,cross-domain,0.0000,0.0000,3.675,0,-2.66618,0,1.693,0.6778,1.223,0,0.05892,-0.1078,2.864,0.2194,-0.2577
247.60,248.87,248.88,0,-1.90127,0,e_rec,cross-domain,0.0000,0.0000,3.728,0,-1.90127,0,1.736,0.5316,0.9849,0,-0.1343,-0.5644,2.162,2.181,-0.6357
248.00,249.27,249.28,0,-1.98451,0,e_rec,cross-domain,0.0000,0.0000,3.548,0,-1.98451,0,1.65,0.8092,2.222,0,-0.4295,-0.4436,1.914,1.417,0.6528
248.40,249.67,249.68,0,-2.02333,0,e_rec,cross-domain,0.0000,0.0000,3.437,0,-2.02333,0,1.378,0.9345,0.9249,0,-0.6653,-0.165,4.029,1.434,-0.5829
248.80,250.07,250.08,0,-1.78233,0,e_rec,cross-domain,0.0000,0.0000,3.504,0,-1.78233,0,1.22,0.5083,0.7951,0,0.7608,1.008,3.923,4.233,-0.7828
249.20,250.47,250.48,0,-3.62951,0,|r_bal|,cross-domain,0.0000,0.0000,3.467,0,-3.62951,0,1.478,0.21,2.119,0,1.023,1.615,4.146,-0.8982,-0.927
249.60,250.87,250.88,0,-3.31075,0,|r_bal|,cross-domain,0.0000,0.0000,4.043,0,-3.31075,0,1.607,0.6397,0.8162,0,1.469,1.196,2.469,-0.02342,-0.7862
250.00,251.27,251.28,0,-3.35992,0,|r_bal|,cross-domain,0.0000,0.0000,3.822,0,-3.35992,0,1.665,0.4875,0.7393,0,1.924,-0.06974,2.394,0.6429,-0.6153
250.40,251.67,251.68,0,-2.58173,0,e_rec,cross-domain,0.0000,0.0000,3.482,0,-2.58173,0,1.607,0.733,2.363,0,1.855,-0.9102,3.149,3.087,1.39
250.80,252.07,252.08,0,-3.82900,0,|r_bal|,cross-domain,0.0000,0.0000,3.583,0,-3.82900,0,1.464,0.8991,1.393,0,1.519,-0.9117,4.852,-0.7812,-0.1103
251.20,252.47,252.48,0,-3.06288,0,|r_bal|,cross-domain,0.0000,0.0000,3.460,0,-3.06288,0,1.076,0.653,0.911,0,0.6995,-0.6516,3.681,0.5178,-0.7528
251.60,252.87,252.88,0,-1.68707,0,e_rec,cross-domain,0.0000,0.0000,3.443,0,-1.68707,0,1.019,0.7096,2.269,0,0.2448,-0.2337,3.294,3.877,-0.03258
252.00,253.27,253.28,0,-2.90422,0,|r_aux|,cross-domain,0.0000,0.0000,3.446,0,-2.90422,0,0.8754,0.8704,0.841,0,0.1792,0.4924,4.378,0.3939,0.628
252.40,253.67,253.68,0,-2.83000,0,|r_bal|,cross-domain,0.0000,0.0000,3.422,0,-2.83000,0,0.8754,0.599,0.4617,0,-0.4272,1.693,4.145,-0.2626,-0.5595
252.80,254.07,254.08,0,-2.24000,0,e_rec,cross-domain,0.0000,0.0000,4.051,0,-2.24000,0,0.6745,0.6316,1.695,0,-0.531,2.278,4.193,1.371,-0.568
253.20,254.47,254.48,0,-2.95607,0,|r_aux|,cross-domain,0.0000,0.0000,3.649,0,-2.95607,0,0.6027,0.8823,0.8514,0,-0.1719,1.778,4.218,-0.3195,-0.6057
253.60,254.87,254.88,0,-3.34093,0,|r_bal|,cross-domain,0.0000,0.0000,3.554,0,-3.34093,0,0.9185,0.5791,0.6576,0,0.1523,0.3706,3.66,-0.9934,-0.8577
254.00,255.27,255.28,0,-2.63026,0,|r_bal|,cross-domain,0.0000,0.0000,3.798,0,-2.63026,0,1.378,0.3941,2.22,0,-0.4476,-0.8028,3.29,0.2888,0.7362
254.40,255.67,255.68,0,-2.93997,0,|r_bal|,cross-domain,0.0000,0.0000,3.479,0,-2.93997,0,1.363,0.7182,0.9925,0,-0.3328,-0.9225,2.71,-0.8473,-0.336
254.80,256.07,256.08,0,-3.35220,0,|r_bal|,cross-domain,0.0000,0.0000,3.502,0,-3.35220,0,1.062,0.5261,0.7687,0,0.251,-1.096,2.196,-1.072,-0.6124
255.20,256.47,256.48,0,-2.68723,0,e_rec,cross-domain,0.0000,0.0000,3.457,0,-2.68723,0,1.177,0.7001,2.196,0,0.6323,-0.5792,3.038,1.281,-0.6706
255.60,256.87,256.88,0,-2.80898,0,|r_bal|,cross-domain,0.0000,0.0000,3.444,0,-2.80898,0,1.292,0.8738,0.976,0,0.3902,-0.02578,4.409,0.654,-0.6286
256.00,257.27,257.28,0,-3.40079,0,|r_bal|,cross-domain,0.0000,0.0000,3.986,0,-3.40079,0,1.134,0.4497,0.7062,0,0.3397,1.568,3.868,-1.068,-0.7076
256.40,257.67,257.68,0,-3.25478,0,|r_bal|,cross-domain,0.0000,0.0000,3.597,0,-3.25478,0,1.119,0.1329,1.651,0,0.1621,2.317,3.243,-0.8877,-0.8193
256.80,258.07,258.08,0,-3.30038,0,|r_bal|,cross-domain,0.0000,0.0000,3.636,0,-3.30038,0,1.277,0.6112,0.5659,0,0.8173,1.862,1.388,-0.9047,-0.7132
257.20,258.47,258.48,0,-3.23918,0,|r_bal|,cross-domain,0.0000,0.0000,3.884,0,-3.23918,0,1.406,0.2876,0.5508,0,0.3903,0.7892,1.062,-1.095,-0.8429
257.60,258.87,258.88,0,-3.20016,0,|r_bal|,cross-domain,0.0000,0.0000,3.627,0,-3.20016,0,1.234,0.1746,1.944,0,0.009477,-0.4221,2.053,-0.8457,0.7864
258.00,259.27,259.28,0,-1.83381,0,e_rec,cross-domain,0.0000,0.0000,3.449,0,-1.83381,0,0.7462,0.6117,0.928,0,-0.3381,-0.484,1.794,2.621,-0.6889
258.40,259.67,259.68,0,-2.38162,0,e_rec,cross-domain,0.0000,0.0000,3.442,0,-2.38162,0,0.8754,0.2201,1,0,-0.4525,-0.5753,1.379,0.948,-0.8839
258.80,260.07,260.08,0,-3.04472,0,|r_bal|,cross-domain,0.0000,0.0000,3.211,0,-3.04472,0,1.263,0.1774,2.443,0,-0.2353,-0.2051,1.553,-0.8726,0.7086
259.20,260.47,260.48,0,-2.78120,0,|r_bal|,cross-domain,0.0000,0.0000,3.890,0,-2.78120,0,1.392,0.5454,1.329,0,0.002726,0.09225,1.952,-0.1329,-0.4332
259.60,260.87,260.88,0,-3.10052,0,|r_bal|,cross-domain,0.0000,0.0000,3.562,0,-3.10052,0,1.205,0.1856,0.9719,0,0.1388,0.4706,1.113,-0.7714,-0.8522
260.00,261.27,261.28,0,-2.87593,0,|r_bal|,cross-domain,0.0000,0.0000,3.657,0,-2.87593,0,1.005,0.358,2.382,0,0.4982,0.6687,0.16,0.32,1.92
260.40,261.67,261.68,0,-2.15326,0,e_rec,cross-domain,0.0000,0.0000,3.508,0,-2.15326,0,1.22,0.6589,1.064,0,0.01782,0.3716,1.306,1.582,-0.8609
260.80,262.07,262.08,0,-3.06177,0,|r_bal|,cross-domain,0.0000,0.0000,3.525,0,-3.06177,0,1.148,0.3263,0.9498,0,0.1303,-0.5864,1.147,-0.5746,-0.5917
261.20,262.47,262.48,0,-2.55658,0,|r_bal|,cross-domain,0.0000,0.0000,3.540,0,-2.55658,0,1.22,0.3829,2.315,0,-0.3945,-1.271,1.783,0.3134,-0.9027
261.60,262.87,262.88,0,-3.12710,0,|r_qp|,cross-domain,0.0000,0.0000,3.446,0,-3.12710,0,0.6745,0.6808,1.105,0,-0.5512,-1.352,2.592,-1.201,-0.631
262.00,263.27,263.28,0,-3.27436,0,|r_aux|,cross-domain,0.0000,0.0000,3.953,0,-3.27436,0,0.1866,0.3701,1.01,0,-0.1733,-0.8659,1.594,-0.8848,-0.8141
262.40,263.67,263.68,0,-3.25674,0,|r_aux|,cross-domain,0.0000,0.0000,3.670,0,-3.25674,0,-0.3157,0.4816,2.061,0,0.1603,-0.338,1.218,-0.2938,-0.704
262.80,264.07,264.08,0,-3.25820,0,|r_aux|,cross-domain,0.0000,0.0000,3.572,0,-3.25820,0,-0.244,0.7218,1.083,0,0.4929,-0.01881,2.332,0.1716,-0.1955
263.20,264.47,264.48,0,-2.87123,0,|r_bal|,cross-domain,0.0000,0.0000,3.576,0,-2.87123,0,0.531,0.3899,0.5484,0,0.02248,0.6539,1.993,0.2274,-0.8421
263.60,264.87,264.88,0,-3.05113,0,|r_bal|,cross-domain,0.0000,0.0000,3.470,0,-3.05113,0,0.9472,0.3762,1.451,0,0.3154,1.01,2.661,-0.02139,0.3414
264.00,265.27,265.28,0,-2.76973,0,|r_bal|,cross-domain,0.0000,0.0000,3.527,0,-2.76973,0,1.162,0.6951,0.5425,0,0.1264,0.6792,3.222,0.2974,-0.7636
264.40,265.67,265.68,0,-2.71668,0,|r_bal|,cross-domain,0.0000,0.0000,3.428,0,-2.71668,0,1.22,0.3851,0.9956,0,0.1236,-0.3574,2.776,0.6398,-0.8818
264.80,266.07,266.08,0,-2.83216,0,e_rec,cross-domain,0.0000,0.0000,3.477,0,-2.83216,0,1.363,0.3488,2.699,0,0.5933,-0.9692,2.939,1.003,0.2853
265.20,266.47,266.48,0,-2.89478,0,|r_bal|,cross-domain,0.0000,0.0000,3.988,0,-2.89478,0,1.751,0.7199,1.367,0,0.8231,-0.9867,2.447,0.4768,-0.5014
265.60,266.87,266.88,0,-3.51877,0,|r_bal|,cross-domain,0.0000,0.0000,3.647,0,-3.51877,0,1.292,0.3468,0.943,0,1.019,-0.5174,1.761,-0.7737,-0.9563
266.00,267.27,267.28,0,-3.48327,0,|r_bal|,cross-domain,0.0000,0.0000,3.711,0,-3.48327,0,1.033,0.1884,2.522,0,0.9358,-0.2397,1.684,-0.4465,0.9084
266.40,267.67,267.68,0,-2.89458,0,|r_bal|,cross-domain,0.0000,0.0000,3.485,0,-2.89458,0,1.091,0.6221,1.599,0,0.7634,0.001904,1.098,0.5174,-0.202
266.80,268.07,268.08,0,-3.54589,0,|r_bal|,cross-domain,0.0000,0.0000,3.571,0,-3.54589,0,0.6745,0.3378,1.237,0,0.8562,0.3942,0.5058,-1.026,-0.8906
267.20,268.47,268.48,0,-3.43097,0,|r_aux|,cross-domain,0.0000,0.0000,3.447,0,-3.43097,0,0.5597,0.5748,2.465,0,0.9919,0.6665,0.1722,-0.7092,-0.7462
267.60,268.87,268.88,0,-3.71004,0,|r_aux|,cross-domain,0.0000,0.0000,3.401,0,-3.71004,0,0.2009,0.7677,0.9672,0,1.054,0.6423,2.396,-0.858,-0.8114
268.00,269.27,269.28,0,-2.63997,0,e_rec,cross-domain,0.0000,0.0000,2.946,0,-2.63997,0,0.3157,0.3991,0.8437,0,0.3136,-0.3105,2.304,1.606,-0.7819
268.40,269.67,269.68,0,-3.19770,0,|r_qp|,cross-domain,0.0000,0.0000,3.917,0,-3.19770,0,0.2009,0.3476,1.843,0,-0.2155,-0.9242,3.021,-0.4232,-0.9107
268.80,270.07,270.08,0,-2.28625,0,e_rec,cross-domain,0.0000,0.0000,3.687,0,-2.28625,0,0.4162,0.6567,0.7743,0,-0.6286,-1.192,3.265,1.505,-0.4433
269.20,270.47,270.48,0,-2.72788,0,e_rec,cross-domain,0.0000,0.0000,3.634,0,-2.72788,0,0.5023,0.3781,0.6906,0,-0.09121,-0.864,2.651,0.8384,-0.9464
269.60,270.87,270.88,0,-2.65510,0,|r_bal|,cross-domain,0.0000,0.0000,3.407,0,-2.65510,0,1.148,0.48,2.224,0,0.02818,-0.5792,1.935,0.6864,1.694
270.00,271.27,271.28,0,-2.49364,0,e_rec,cross-domain,0.0000,0.0000,3.473,0,-2.49364,0,1.048,0.7463,0.9506,0,-0.1111,-0.1265,2.746,0.8625,-0.3173
270.40,271.67,271.68,0,-2.79686,0,|r_bal|,cross-domain,0.0000,0.0000,3.435,0,-2.79686,0,1.32,0.3188,0.7948,0,-0.1188,1.154,2.45,-0.1793,-0.8618
270.80,272.07,272.08,0,-3.02465,0,|r_bal|,cross-domain,0.0000,0.0000,3.499,0,-3.02465,0,1.062,0.03258,2.366,0,-0.3885,2.114,3.504,-0.718,-0.272
271.20,272.47,272.48,0,-2.80157,0,|r_bal|,cross-domain,0.0000,0.0000,4.043,0,-2.80157,0,1.162,0.5592,1.204,0,0.6021,1.832,1.889,0.495,-0.7031
271.60,272.87,272.88,0,-3.42434,0,|r_bal|,cross-domain,0.0000,0.0000,3.625,0,-3.42434,0,1.091,0.231,1.207,0,0.5902,0.145,1.416,-0.9977,-0.9202
272.00,273.27,273.28,0,-3.48401,0,|r_bal|,cross-domain,0.0000,0.0000,3.610,0,-3.48401,0,0.9759,0.254,2.636,0,0.6656,-1.081,1.406,-0.8779,-0.6768
272.40,273.67,273.68,0,-3.40629,0,|r_bal|,cross-domain,0.0000,0.0000,3.525,0,-3.40629,0,0.7749,0.6146,1.842,0,0.4166,-1.286,1.94,-0.9402,-0.6898
272.80,274.07,274.08,0,-3.52278,0,|r_aux|,cross-domain,0.0000,0.0000,3.479,0,-3.52278,0,0.2153,0.2731,1.317,0,0.4004,-0.901,1.592,-0.823,-0.8409
273.20,274.47,274.48,0,-3.24984,0,|r_aux|,cross-domain,0.0000,0.0000,3.478,0,-3.24984,0,0.2583,0.4394,2.312,0,-0.03985,-0.652,1.258,-0.8604,-0.957
273.60,274.87,274.88,0,-1.97399,0,e_rec,cross-domain,0.0000,0.0000,3.449,0,-1.97399,0,0.3731,0.6666,0.7149,0,-0.1675,-0.2238,2.967,2.885,-0.2812
274.00,275.27,275.28,0,-2.81974,0,|r_bal|,cross-domain,0.0000,0.0000,3.449,0,-2.81974,0,1.019,0.2546,0.7408,0,0.2355,0.7877,2.037,0.4163,-0.8835
274.40,275.67,275.68,0,-3.63796,0,|r_bal|,cross-domain,0.0000,0.0000,3.988,0,-3.63796,0,0.6314,0.217,2.057,0,0.9609,1.562,1.517,-0.9832,-0.7681
274.80,276.07,276.08,0,-3.70000,0,|r_bal|,cross-domain,0.0000,0.0000,3.410,0,-3.70000,0,0.6601,0.5983,1.011,0,1.235,1.401,1.344,-1.087,-0.7731
275.20,276.47,276.48,0,-2.93673,0,|r_bal|,cross-domain,0.0000,0.0000,3.613,0,-2.93673,0,1.693,0.3098,0.739,0,1.188,0.3403,1.331,0.7505,-0.7457
275.60,276.87,276.88,0,-3.32834,0,|r_bal|,cross-domain,0.0000,0.0000,3.590,0,-3.32834,0,1.076,0.4197,2.125,0,0.8531,-0.4726,2.095,-0.2348,-0.1213
276.00,277.27,277.28,0,-2.90321,0,|r_bal|,cross-domain,0.0000,0.0000,3.677,0,-2.90321,0,1.119,0.7101,1.094,0,0.0616,-0.7035,3.024,-0.04478,-0.7122
276.40,277.67,277.68,0,-3.15504,0,|r_bal|,cross-domain,0.0000,0.0000,3.342,0,-3.15504,0,0.6745,0.3344,0.9409,0,-0.3298,-0.5407,2.311,-0.9308,-0.937
276.80,278.07,278.08,0,-2.74473,0,|r_qp|,cross-domain,0.0000,0.0000,3.337,0,-2.74473,0,0.818,0.2351,2.235,0,-0.6238,-0.4941,1.611,-0.1333,1.56
277.20,278.47,278.48,0,-3.36225,0,|r_bal|,cross-domain,0.0000,0.0000,3.500,0,-3.36225,0,1.292,0.63,1.113,0,0.9178,-0.07143,1.255,-0.7463,-0.1732
277.60,278.87,278.88,0,-3.33274,0,|r_bal|,cross-domain,0.0000,0.0000,3.932,0,-3.33274,0,1.119,0.2416,0.9038,0,0.9048,1.113,1.047,-0.5228,-0.8128
278.00,279.27,279.28,0,-3.46368,0,|r_bal|,cross-domain,0.0000,0.0000,4.687,0,-3.46368,0,0.3875,0.1027,2.296,0,0.6913,1.905,1.625,-0.469,1.209
278.40,279.67,279.68,0,-3.04069,0,|r_aux|,cross-domain,0.0000,0.0000,3.927,0,-3.04069,0,0.1292,0.5957,1.031,0,0.3654,1.729,1.007,-0.04326,-0.846
278.80,280.07,280.08,0,-2.98128,0,|r_bal|,cross-domain,0.0000,0.0000,3.459,0,-2.98128,0,0.4305,0.2207,0.8239,0,0.09472,0.1012,0.6292,-0.04567,-0.8597
279.20,280.47,280.48,0,-3.34391,0,|r_bal|,cross-domain,0.0000,0.0000,3.522,0,-3.34391,0,0.9902,0.2199,2.14,0,0.4782,-1.04,0.6653,-0.8663,-0.9502
279.60,280.87,280.88,0,-2.58167,0,|r_bal|,cross-domain,0.0000,0.0000,3.372,0,-2.58167,0,1.105,0.6369,1.255,0,-0.09572,-1.204,0.8057,0.353,-0.6786
280.00,281.27,281.28,0,-2.95050,0,|r_bal|,cross-domain,0.0000,0.0000,3.336,0,-2.95050,0,0.818,0.2079,0.9759,0,-0.2201,-0.8892,0.171,-0.5885,-0.7917
280.40,281.67,281.68,0,-2.58996,0,|r_qp|,cross-domain,0.0000,0.0000,4.021,0,-2.58996,0,0.5166,0.1418,1.918,0,-0.4733,-0.4583,-0.3847,0.2066,-0.7546
280.80,282.07,282.08,0,-2.90249,0,|r_bal|,cross-domain,0.0000,0.0000,3.700,0,-2.90249,0,0.6745,0.6137,0.8378,0,0.3595,-0.06428,-0.1612,-0.01421,-0.4509
281.20,282.47,282.48,0,-2.66553,0,e_rec,cross-domain,0.0000,0.0000,3.683,0,-2.66553,0,1.148,0.188,0.7256,0,0.7397,0.9817,-0.9549,0.8487,-0.7942
281.60,282.87,282.88,0,-2.69862,0,|r_bal|,cross-domain,0.0000,0.0000,3.713,0,-2.69862,0,1.593,0.1723,2.032,0,0.7612,1.682,-0.6437,0.503,-0.1135
282.00,283.27,283.28,0,-2.87862,0,|r_bal|,cross-domain,0.0000,0.0000,3.518,0,-2.87862,0,2.11,0.6436,1.162,0,0.5247,1.518,-0.1501,-0.9093,-0.784
282.40,283.67,283.68,0,-2.35321,0,|r_bal|,cross-domain,0.0000,0.0000,3.594,0,-2.35321,0,1.636,0.1978,0.6626,0,-0.06233,0.1988,-0.5915,0.5773,-0.5919
282.80,284.07,284.08,0,-2.80048,0,|r_bal|,cross-domain,0.0000,0.0000,3.484,0,-2.80048,0,0.9185,0.2449,1.842,0,-0.00807,-0.9234,-1.056,-0.2019,-0.4226
283.20,284.47,284.48,0,-1.80671,0,e_rec,cross-domain,0.0000,0.0000,3.458,0,-1.80671,0,0.9759,0.6558,0.8819,0,-0.2225,-1.08,-0.437,2.283,-0.5936
283.60,284.87,284.88,0,-3.09658,0,|r_bal|,cross-domain,0.0000,0.0000,3.952,0,-3.09658,0,1.335,0.1967,0.8148,0,0.6494,-0.3899,-1.047,-0.5332,-0.8894
284.00,285.27,285.28,0,-3.08760,0,|r_bal|,cross-domain,0.0000,0.0000,3.622,0,-3.08760,0,1.335,0.131,2.277,0,0.455,0.2843,-0.3954,-0.6632,-0.5716
284.40,285.67,285.68,0,-2.95829,0,|r_bal|,cross-domain,0.0000,0.0000,3.695,0,-2.95829,0,1.435,0.6,1.082,0,0.5944,0.4019,0.02031,-0.3936,-0.5724
284.80,286.07,286.08,0,-2.92529,0,|r_bal|,cross-domain,0.0000,0.0000,3.614,0,-2.92529,0,1.277,0.2257,1.229,0,0.03896,0.1698,-0.459,-0.7524,-0.7857
285.20,286.47,286.48,0,-3.20129,0,|r_bal|,cross-domain,0.0000,0.0000,3.530,0,-3.20129,0,0.6601,0.5854,2.425,0,0.4296,0.04463,-0.5574,-0.9243,-0.833
285.60,286.87,286.88,0,-3.21840,0,|r_aux|,cross-domain,0.0000,0.0000,3.438,0,-3.21840,0,0.3301,0.7512,1.119,0,-0.05542,-0.08565,2.124,-0.9055,-0.8146
286.00,287.27,287.28,0,-3.08003,0,|r_bal|,cross-domain,0.0000,0.0000,3.652,0,-3.08003,0,0.3875,0.2963,0.9685,0,-0.1417,-0.2928,1.919,-0.3578,-0.8973
286.40,287.67,287.68,0,-3.23941,0,|r_bal|,cross-domain,0.0000,0.0000,3.509,0,-3.23941,0,0.6027,0.1322,2.459,0,-0.1162,-0.6858,2.729,-0.6347,-0.929
286.80,288.07,288.08,0,-2.70498,0,e_rec,cross-domain,0.0000,0.0000,3.955,0,-2.70498,0,0.6314,0.6278,1.35,0,-0.05393,-0.8492,1.46,0.4528,-0.7107
287.20,288.47,288.48,0,-2.98513,0,|r_bal|,cross-domain,0.0000,0.0000,3.631,0,-2.98513,0,0.4879,0.2922,0.9733,0,0.2331,-0.9819,0.4592,0.1265,-0.8929
287.60,288.87,288.88,0,-3.08472,0,|r_bal|,cross-domain,0.0000,0.0000,3.638,0,-3.08472,0,0.6745,0.399,2.166,0,0.145,-0.674,-0.5376,-0.6066,1.102
288.00,289.27,289.28,0,-2.47017,0,e_rec,cross-domain,0.0000,0.0000,3.412,0,-2.47017,0,0.5597,0.665,1.104,0,0.06837,-0.228,1.18,1.222,-0.3794
288.40,289.67,289.68,0,-3.11208,0,|r_bal|,cross-domain,0.0000,0.0000,3.605,0,-3.11208,0,0.9759,0.2167,0.6169,0,-0.07282,0.9875,0.9465,-1.031,-0.6738
288.80,290.07,290.08,0,-2.59384,0,|r_bal|,cross-domain,0.0000,0.0000,3.483,0,-2.59384,0,1.55,0.04426,2.163,0,-0.1791,1.671,0.9454,0.006883,-0.4399
289.20,290.47,290.48,0,-1.81848,0,e_rec,cross-domain,0.0000,0.0000,3.492,0,-1.81848,0,1.622,0.5992,1.165,0,0.4486,1.438,-0.1186,2.477,-0.9227
289.60,290.87,290.88,0,-2.31073,0,e_rec,cross-domain,0.0000,0.0000,3.119,0,-2.31073,0,1.406,0.2257,1.268,0,0.7405,0.3595,-0.8907,1.781,-0.7724
290.00,291.27,291.28,0,-3.00352,0,|r_bal|,cross-domain,0.0000,0.0000,3.892,0,-3.00352,0,1.277,0.2227,2.677,0,1.144,-0.3898,-0.8299,0.4712,-0.1848
290.40,291.67,291.68,0,-3.08400,0,|r_bal|,cross-domain,0.0000,0.0000,3.764,0,-3.08400,0,1.076,0.6598,1.248,0,0.4127,-0.5597,-0.4099,-0.8013,-0.8166
290.80,292.07,292.08,0,-2.56017,0,e_rec,cross-domain,0.0000,0.0000,3.607,0,-2.56017,0,0.8036,0.2062,1.091,0,-0.01578,-0.7897,-0.7056,0.6424,-0.8122
291.20,292.47,292.48,0,-2.21895,0,e_rec,cross-domain,0.0000,0.0000,3.533,0,-2.21895,0,0.7462,0.1778,2.077,0,-0.656,-1.014,-0.6833,0.8821,-0.834
291.60,292.87,292.88,0,-2.91402,0,|r_bal|,cross-domain,0.0000,0.0000,3.715,0,-2.91402,0,0.818,0.6057,0.62,0,-0.08327,-0.7638,-0.05414,-0.6131,-0.5409
292.00,293.27,293.28,0,-2.64507,0,|r_bal|,cross-domain,0.0000,0.0000,3.487,0,-2.64507,0,0.9041,0.1662,0.8149,0,-0.2815,0.1431,-0.584,-0.07364,-0.7757
292.40,293.67,293.68,0,-2.74340,0,|r_bal|,cross-domain,0.0000,0.0000,3.604,0,-2.74340,0,0.7319,0.2193,1.808,0,0.01605,0.7949,-0.6285,-0.01186,-0.9276
292.80,294.07,294.08,0,-2.71247,0,|r_bal|,cross-domain,0.0000,0.0000,4.001,0,-2.71247,0,0.9759,0.666,0.6912,0,-0.3709,0.7076,-0.1517,-0.7588,-0.8467
293.20,294.47,294.48,0,-3.07701,0,|r_bal|,cross-domain,0.0000,0.0000,3.825,0,-3.07701,0,1.105,0.245,0.5658,0,0.02649,-0.2745,-0.8817,-1.132,-0.6695
293.60,294.87,294.88,0,-2.42469,0,|r_bal|,cross-domain,0.0000,0.0000,3.685,0,-2.42469,0,1.005,0.2132,1.877,0,-0.4429,-0.9222,-0.9508,0.2957,-0.8365
294.00,295.27,295.28,0,-2.77673,0,|r_bal|,cross-domain,0.0000,0.0000,3.900,0,-2.77673,0,1.148,0.6341,1.015,0,-0.3875,-1.123,-0.4866,-0.9157,-0.8093
294.40,295.67,295.68,0,-2.57279,0,|r_bal|,cross-domain,0.0000,0.0000,3.777,0,-2.57279,0,1.421,0.2391,1.12,0,-0.09301,-1.12,-1.228,0.003128,-0.8349
294.80,296.07,296.08,0,-2.87157,0,|r_bal|,cross-domain,0.0000,0.0000,3.520,0,-2.87157,0,1.392,0.466,2.785,0,0.3221,-1.006,-1.019,-0.3877,0.3527
295.20,296.47,296.48,0,-2.87840,0,e_rec,cross-domain,0.0000,0.0000,3.625,0,-2.87840,0,0.7462,0.6828,1.548,0,0.729,-0.4917,1.404,0.8257,-0.2558
295.60,296.87,296.88,0,-3.46400,0,|r_bal|,cross-domain,0.0000,0.0000,3.487,0,-3.46400,0,0.5597,0.2201,0.8893,0,0.7277,1.036,1.315,-0.69,-0.7743
296.00,297.27,297.28,0,-3.09000,0,|r_bal|,cross-domain,0.0000,0.0000,3.762,0,-3.09000,0,0.7032,0.09579,2.195,0,0.4618,2.055,1.676,0.04198,0.01312
296.40,297.67,297.68,0,-2.50645,0,|r_bal|,cross-domain,0.0000,0.0000,3.684,0,-2.50645,0,0.8324,0.6275,1.241,0,-0.2018,1.753,0.561,0.2077,-0.8178
296.80,298.07,298.08,0,-3.15971,0,|r_bal|,cross-domain,0.0000,0.0000,3.499,0,-3.15971,0,1.076,0.2719,0.9643,0,0.1923,0.1404,0.1561,-1.008,-0.8164
297.20,298.47,298.48,0,-3.29464,0,|r_bal|,cross-domain,0.0000,0.0000,3.498,0,-3.29464,0,0.6601,0.3103,2.131,0,0.543,-1.095,0.6367,-0.4774,-0.9164
297.60,298.87,298.88,0,-3.14091,0,|r_bal|,cross-domain,0.0000,0.0000,3.487,0,-3.14091,0,0.8467,0.6664,0.7371,0,1.064,-1.23,1.576,0.5402,-0.719
298.00,299.27,299.28,0,-2.87649,0,e_rec,cross-domain,0.0000,0.0000,3.470,0,-2.87649,0,0.4879,0.2365,0.6019,0,0.8163,-0.9159,1.411,1.449,-0.8513
298.40,299.67,299.68,0,-3.75942,0,|r_bal|,cross-domain,0.0000,0.0000,3.455,0,-3.75942,0,0.3301,0.2153,1.829,0,0.8894,-0.511,1.15,-1.072,-0.9379
