t_start,t_end,t_release,label,score,alarm,dominant,domain,csec_corr,csec_unc,decision_ms_after_target,csec_wait_ms,prov_score,prov_alarm,|r_bal|,|r_aux|,|r_cool|,|r_ups|,|r_qp|,|r_pv|,|r_reg|,e_rec,e_fc
2.00,3.27,4.17,0,5.87135,1,e_rec,cross-domain,0.6455,0.0000,891.229,890,8.45336,1,-6.243,-2.772,-4.378,0,-8.793,33.72,50,42.01,49.58
2.40,3.67,4.17,0,1.09265,1,e_rec,cross-domain,0.4611,0.0000,491.229,490,2.93694,1,-6.243,-2.772,-4.378,0,-8.793,29,48.32,24.59,42.32
2.80,4.07,4.17,0,10.87163,1,e_rec,cross-domain,0.1537,0.0000,91.229,90,11.48639,1,-6.243,-2.772,-4.378,0,-8.793,18.38,47.14,50,16.12
3.20,4.47,4.48,0,-3.60045,0,|r_qp|,cross-domain,0.0000,0.0000,3.553,0,-3.60045,0,-6.243,-2.772,-4.378,0,-8.793,8.336,50,7.458,48.44
3.60,4.87,4.88,0,6.97600,1,e_rec,cross-domain,0.0000,0.0000,3.490,0,6.97600,1,-6.243,-2.772,-4.378,0,-8.793,1.571,44.57,36.91,11.21
4.00,5.27,5.28,0,6.45386,1,e_rec,cross-domain,0.0000,0.0000,3.646,0,6.45386,1,-6.243,-2.772,-4.378,0,-8.793,2.323,47.63,35.7,7.192
4.40,5.67,5.68,0,-1.42196,0,e_rec,cross-domain,0.0000,0.0000,3.659,0,-1.42196,0,-6.243,-2.772,-4.378,0,-8.793,4.932,41.78,12.33,45.69
4.80,6.07,6.08,0,-1.40286,0,|r_qp|,cross-domain,0.0000,0.0000,3.715,0,-1.40286,0,-6.243,-2.772,-4.378,0,-8.793,7.569,37.87,8.145,1.861
5.20,6.47,6.48,0,-1.33264,0,|r_qp|,cross-domain,0.0000,0.0000,3.628,0,-1.33264,0,-6.243,-2.772,-4.378,0,-8.793,6.629,28.7,6.071,-0.09886
5.60,6.87,6.88,0,-2.34722,0,|r_qp|,cross-domain,0.0000,0.0000,3.440,0,-2.34722,0,-6.243,-2.772,-4.378,0,-8.793,4.111,18.83,3.892,45.41
6.00,7.27,7.28,0,-2.51953,0,|r_qp|,cross-domain,0.0000,0.0000,3.593,0,-2.51953,0,-6.243,-2.772,-4.378,0,-8.793,1.943,14.29,-0.5943,0.5421
6.40,7.67,7.68,0,-1.93444,0,|r_qp|,cross-domain,0.0000,0.0000,3.622,0,-1.93444,0,-6.243,-2.772,-4.378,0,-8.793,1.695,6.11,-0.8444,-0.4403
6.80,8.07,8.08,0,-0.05424,1,|r_qp|,cross-domain,0.0000,0.0000,3.597,0,-0.05424,1,-6.243,-2.772,-4.378,0,-8.793,2.958,0.622,6.078,37.73
7.20,8.47,8.48,0,-1.46402,0,|r_qp|,cross-domain,0.0000,0.0000,3.654,0,-1.46402,0,-6.243,-2.772,-4.378,0,-8.793,3.16,1.445,-0.6906,-0.3298
7.60,8.87,8.88,0,-1.23532,0,|r_qp|,cross-domain,0.0000,0.0000,3.606,0,-1.23532,0,-6.243,-2.772,-4.378,0,-8.793,4.169,1.024,-0.1967,-0.3365
8.00,9.27,9.28,0,-0.34891,0,|r_qp|,cross-domain,0.0000,0.0000,4.145,0,-0.34891,0,-6.243,-2.772,-4.378,0,-8.793,4.587,0.8706,5.62,45.96
8.40,9.67,9.68,0,-1.51529,0,|r_qp|,cross-domain,0.0000,0.0000,3.609,0,-1.51529,0,-6.243,-2.772,-4.378,0,-8.793,3.518,0.02619,-1.221,-0.1061
8.80,10.07,10.08,0,-1.40240,0,|r_qp|,cross-domain,0.0000,0.0000,3.601,0,-1.40240,0,-6.243,-2.772,-4.378,0,-8.793,2.084,-0.333,-0.7537,0.6945
9.20,10.47,10.48,0,-0.78360,0,|r_qp|,cross-domain,0.0000,0.0000,3.643,0,-0.78360,0,-6.243,-2.772,-4.378,0,-8.793,0.207,-0.1772,4.637,48.15
9.60,10.87,10.88,0,-1.72141,0,|r_qp|,cross-domain,0.0000,0.0000,3.555,0,-1.72141,0,-6.243,-2.772,-4.378,0,-8.793,-0.5163,0.6699,-1.305,-0.6423
10.00,11.27,11.28,0,-1.35595,0,|r_qp|,cross-domain,0.0000,0.0000,3.649,0,-1.35595,0,-6.243,-2.772,-4.378,0,-8.793,0.09813,0.1397,-0.2505,1.169
10.40,11.67,11.68,0,-0.14211,1,|r_qp|,cross-domain,0.0000,0.0000,3.569,0,-0.14211,1,-6.243,-2.772,-4.378,0,-8.793,2.161,0.2382,6.366,46.05
10.80,12.07,12.08,0,-1.27966,0,|r_qp|,cross-domain,0.0000,0.0000,3.593,0,-1.27966,0,-6.243,-2.772,-4.378,0,-8.793,3.196,0.6113,-0.3399,-0.4597
11.20,12.47,12.48,0,-1.08804,0,|r_qp|,cross-domain,0.0000,0.0000,3.632,0,-1.08804,0,-6.243,-2.772,-4.378,0,-8.793,4.671,0.1337,0.07128,0.925
11.60,12.87,12.88,0,-0.07624,1,|r_qp|,cross-domain,0.0000,0.0000,3.493,0,-0.07624,1,-6.243,-2.772,-4.378,0,-8.793,4.796,0.3088,6.275,45.6
12.00,13.27,13.28,0,-1.35317,0,|r_qp|,cross-domain,0.0000,0.0000,3.649,0,-1.35317,0,-6.243,-2.772,-4.378,0,-8.793,4.207,0.7018,-0.6403,-0.2911
12.40,13.67,13.68,0,-1.32623,0,|r_qp|,cross-domain,0.0000,0.0000,3.556,0,-1.32623,0,-6.243,-2.772,-4.378,0,-8.793,3.386,0.2892,-0.5385,0.192
12.80,14.07,14.08,0,-0.67377,0,|r_qp|,cross-domain,0.0000,0.0000,3.473,0,-0.67377,0,-6.243,-2.772,-4.378,0,-8.793,1.95,0.003432,4.957,49.94
13.20,14.47,14.48,0,-1.56341,0,|r_qp|,cross-domain,0.0000,0.0000,3.683,0,-1.56341,0,-6.243,-2.772,-4.378,0,-8.793,1.085,0.3183,-1.071,-0.5829
13.60,14.87,14.88,0,-1.51410,0,|r_qp|,cross-domain,0.0000,0.0000,3.570,0,-1.51410,0,-6.243,-2.772,-4.378,0,-8.793,0.4449,-0.1543,-0.8612,0.9678
14.00,15.27,15.28,0,-1.07775,0,|r_qp|,cross-domain,0.0000,0.0000,3.807,0,-1.07775,0,-6.243,-2.772,-4.378,0,-8.793,0.4734,0.0494,3.884,50
14.40,15.67,15.68,0,-1.31497,0,|r_qp|,cross-domain,0.0000,0.0000,3.559,0,-1.31497,0,-6.243,-2.772,-4.378,0,-8.793,0.7932,0.8523,-0.1339,-0.4575
14.80,16.07,16.08,0,-1.25462,0,|r_qp|,cross-domain,0.0000,0.0000,3.470,0,-1.25462,0,-6.243,-2.772,-4.378,0,-8.793,1.164,0.3297,-0.02641,0.8512
15.20,16.47,16.48,0,-0.17386,1,|r_qp|,cross-domain,0.0000,0.0000,3.603,0,-0.17386,1,-6.243,-2.772,-4.378,0,-8.793,2.236,0.1907,6.081,43.6
15.60,16.87,16.88,0,-1.33919,0,|r_qp|,cross-domain,0.0000,0.0000,3.511,0,-1.33919,0,-6.243,-2.772,-4.378,0,-8.793,2.965,1.264,-0.3394,-0.4766
16.00,17.27,17.28,0,-1.10485,0,|r_qp|,cross-domain,0.0000,0.0000,3.597,0,-1.10485,0,-6.243,-2.772,-4.378,0,-8.793,3.961,0.2329,0.06168,0.08282
16.40,17.67,17.68,0,-1.21029,0,|r_qp|,cross-domain,0.0000,0.0000,3.659,0,-1.21029,0,-6.243,-2.772,-4.378,0,-8.793,3.205,0.09586,3.196,50
16.80,18.07,18.08,0,-1.08172,0,|r_qp|,cross-domain,0.0000,0.0000,3.540,0,-1.08172,0,-6.243,-2.772,-4.378,0,-8.793,2.132,0.2479,0.3121,-0.1968
17.20,18.47,18.48,0,-1.48640,0,|r_qp|,cross-domain,0.0000,0.0000,3.651,0,-1.48640,0,-6.243,-2.772,-4.378,0,-8.793,0.4423,0.4232,-0.6724,0.3966
17.60,18.87,18.88,0,-0.56555,0,|r_qp|,cross-domain,0.0000,0.0000,3.511,0,-0.56555,0,-6.243,-2.772,-4.378,0,-8.793,0.5494,0.5188,5.144,43.76
18.00,19.27,19.28,0,-1.35801,0,|r_qp|,cross-domain,0.0000,0.0000,3.529,0,-1.35801,0,-6.243,-2.772,-4.378,0,-8.793,1.487,1.757,-0.1213,-0.5091
18.40,19.67,19.68,0,-1.20485,0,|r_qp|,cross-domain,0.0000,0.0000,3.600,0,-1.20485,0,-6.243,-2.772,-4.378,0,-8.793,3.149,0.3756,-0.1616,-0.4493
18.80,20.07,20.08,0,-1.21768,0,|r_qp|,cross-domain,0.0000,0.0000,3.506,0,-1.21768,0,-6.243,-2.772,-4.378,0,-8.793,3.566,0.1996,3.16,50
19.20,20.47,20.48,0,-1.41403,0,|r_qp|,cross-domain,0.0000,0.0000,3.589,0,-1.41403,0,-6.243,-2.772,-4.378,0,-8.793,2.537,0.1086,-0.7951,-0.2708
19.60,20.87,20.88,0,-1.47713,0,|r_qp|,cross-domain,0.0000,0.0000,4.515,0,-1.47713,0,-6.243,-2.772,-4.378,0,-8.793,0.5511,-0.1884,-0.8143,0.2749
20.00,21.27,21.28,0,-0.94765,0,|r_qp|,cross-domain,0.0000,0.0000,3.703,0,-0.94765,0,-6.243,-2.772,-4.378,0,-8.793,-0.9151,-0.02,4.416,50
20.40,21.67,21.68,0,-1.53762,0,|r_qp|,cross-domain,0.0000,0.0000,4.853,0,-1.53762,0,-6.243,-2.772,-4.378,0,-8.793,-0.7764,0.6381,-0.6846,-0.1412
20.80,22.07,22.08,0,-1.52277,0,|r_qp|,cross-domain,0.0000,0.0000,4.121,0,-1.52277,0,-6.243,-2.772,-4.378,0,-8.793,0.07706,-0.01838,-0.9012,-0.2878
21.20,22.47,22.48,0,-1.00946,0,|r_qp|,cross-domain,0.0000,0.0000,3.682,0,-1.00946,0,-6.243,-2.772,-4.378,0,-8.793,0.4015,0.05863,4.104,50
21.60,22.87,22.88,0,-1.56046,0,|r_qp|,cross-domain,0.0000,0.0000,3.596,0,-1.56046,0,-6.243,-2.772,-4.378,0,-8.793,0.4964,0.4721,-0.9325,-0.1587
22.00,23.27,23.28,0,-1.49476,0,|r_qp|,cross-domain,0.0000,0.0000,3.622,0,-1.49476,0,-6.243,-2.772,-4.378,0,-8.793,0.7464,-0.03758,-0.8967,-0.374
22.40,23.67,23.68,0,-1.58411,0,|r_qp|,cross-domain,0.0000,0.0000,3.642,0,-1.58411,0,-6.243,-2.772,-4.378,0,-8.793,0.7361,-0.00023,2.282,50
22.80,24.07,24.08,0,-1.23109,0,|r_qp|,cross-domain,0.0000,0.0000,3.609,0,-1.23109,0,-6.243,-2.772,-4.378,0,-8.793,0.5812,1.008,0.2604,0.6334
23.20,24.47,24.48,0,-1.46626,0,|r_qp|,cross-domain,0.0000,0.0000,3.560,0,-1.46626,0,-6.243,-2.772,-4.378,0,-8.793,-0.5461,1.526,-0.2435,0.2534
23.60,24.87,24.88,0,-1.59774,0,|r_qp|,cross-domain,0.0000,0.0000,3.636,0,-1.59774,0,-6.243,-2.772,-4.378,0,-8.793,-1.148,1.837,2.288,41.15
24.00,25.27,25.28,0,-1.54547,0,|r_qp|,cross-domain,0.0000,0.0000,3.574,0,-1.54547,0,-6.243,-2.772,-4.378,0,-8.793,-0.7454,3.398,0.01561,0.5655
24.40,25.67,25.68,0,-1.69798,0,|r_qp|,cross-domain,0.0000,0.0000,3.693,0,-1.69798,0,-6.243,-2.772,-4.378,0,-8.793,-0.3619,2.654,-0.7046,0.186
24.80,26.07,26.08,-1,-1.05458,0,|r_qp|,cross-domain,0.0000,0.0000,3.674,0,-1.05458,0,-6.243,-2.772,-4.378,0,-8.793,0.9587,2.261,3.974,43.07
25.20,26.47,26.48,1,-1.29983,0,|r_qp|,cross-domain,0.0000,0.0000,3.574,0,-1.29983,0,-6.243,-2.772,-4.378,0,-8.793,1.616,2.815,0.3527,0.1898
25.60,26.87,26.88,1,-1.33240,0,|r_qp|,cross-domain,0.0000,0.0000,3.662,0,-1.33240,0,-6.243,-2.772,-4.378,0,-8.793,3.473,1.14,-0.3627,0.1134
26.00,27.27,27.28,1,-1.49786,0,|r_qp|,cross-domain,0.0000,0.0000,3.632,0,-1.49786,0,-6.243,-2.772,-4.378,0,-8.793,3.746,0.9946,2.351,48.22
26.40,27.67,27.68,1,-1.57751,0,|r_qp|,cross-domain,0.0000,0.0000,3.607,0,-1.57751,0,-6.243,-2.772,-4.378,0,-8.793,2.734,0.7621,-1.116,0.3633
26.80,28.07,28.08,1,-1.63111,0,|r_qp|,cross-domain,0.0000,0.0000,3.554,0,-1.63111,0,-6.243,-2.772,-4.378,0,-8.793,0.254,-0.224,-1.305,-0.293
27.20,28.47,28.48,1,-1.55155,0,|r_qp|,cross-domain,0.0000,0.0000,3.539,0,-1.55155,0,-6.243,-2.772,-4.378,0,-8.793,-1.245,-0.4292,2.488,50
27.60,28.87,28.88,1,-1.68291,0,|r_qp|,cross-domain,0.0000,0.0000,3.608,0,-1.68291,0,-6.243,-2.772,-4.378,0,-8.793,-1.148,0.3921,-1.103,0.6029
28.00,29.27,29.28,1,-1.69305,0,|r_qp|,cross-domain,0.0000,0.0000,3.566,0,-1.69305,0,-6.243,-2.772,-4.378,0,-8.793,-0.9564,-0.1991,-1.371,-0.4359
28.40,29.67,29.68,1,-1.50162,0,|r_qp|,cross-domain,0.0000,0.0000,3.716,0,-1.50162,0,-6.243,-2.772,-4.378,0,-8.793,-0.9779,0.5551,2.841,49.79
28.80,30.07,30.08,1,-1.13827,0,|r_qp|,cross-domain,0.0000,0.0000,3.535,0,-1.13827,0,-6.243,-2.772,-4.378,0,-8.793,-0.354,1.004,0.6579,0.8212
29.20,30.47,30.48,1,-1.31241,0,|r_qp|,cross-domain,0.0000,0.0000,3.572,0,-1.31241,0,-6.243,-2.772,-4.378,0,-8.793,1.886,0.6571,-0.2938,-0.5099
29.60,30.87,30.88,1,-0.98318,0,|r_qp|,cross-domain,0.0000,0.0000,3.597,0,-0.98318,0,-6.243,-2.772,-4.378,0,-8.793,3.663,0.1275,3.466,44.31
30.00,31.27,31.28,1,-1.50640,0,|r_qp|,cross-domain,0.0000,0.0000,4.168,0,-1.50640,0,-6.243,-2.772,-4.378,0,-8.793,3.456,-0.1651,-1.23,-0.0489
30.40,31.67,31.68,1,-1.52983,0,|r_qp|,cross-domain,0.0000,0.0000,3.761,0,-1.52983,0,-6.243,-2.772,-4.378,0,-8.793,1.205,-0.572,-1.212,-0.7626
30.80,32.07,32.08,1,-1.97082,0,|r_qp|,cross-domain,0.0000,0.0000,4.378,0,-1.97082,0,-6.243,-2.772,-4.378,0,-8.793,-0.6732,-0.2893,1.168,50
31.20,32.47,32.48,1,-1.62301,0,|r_qp|,cross-domain,0.0000,0.0000,3.665,0,-1.62301,0,-6.243,-2.772,-4.378,0,-8.793,-0.9125,0.3709,-0.9478,0.612
31.60,32.87,32.88,1,-1.52100,0,|r_qp|,cross-domain,0.0000,0.0000,3.608,0,-1.52100,0,-6.243,-2.772,-4.378,0,-8.793,-0.2449,-0.2372,-0.9535,-0.8447
32.00,33.27,33.28,1,-1.39076,0,|r_qp|,cross-domain,0.0000,0.0000,3.527,0,-1.39076,0,-6.243,-2.772,-4.378,0,-8.793,0.7199,-0.3442,2.796,50
32.40,33.67,33.68,1,-0.97964,0,|r_qp|,cross-domain,0.0000,0.0000,3.560,0,-0.97964,0,-6.243,-2.772,-4.378,0,-8.793,1.773,-0.06698,0.6705,1.018
32.80,34.07,34.08,1,-1.08857,0,|r_qp|,cross-domain,0.0000,0.0000,3.629,0,-1.08857,0,-6.243,-2.772,-4.378,0,-8.793,3.572,-0.4781,-0.07644,-0.7178
33.20,34.47,34.48,1,-1.19749,0,|r_qp|,cross-domain,0.0000,0.0000,3.572,0,-1.19749,0,-6.243,-2.772,-4.378,0,-8.793,4.971,-1.026,2.66,48.37
33.60,34.87,34.88,1,-1.03912,0,|r_qp|,cross-domain,0.0000,0.0000,3.549,0,-1.03912,0,-6.243,-2.772,-4.378,0,-8.793,4.648,-0.4008,0.02948,-0.002871
34.00,35.27,35.28,1,-1.42714,0,|r_qp|,cross-domain,0.0000,0.0000,3.483,0,-1.42714,0,-6.243,-2.772,-4.378,0,-8.793,3.211,-0.789,-1.156,-0.6723
34.40,35.67,35.68,1,-1.36692,0,|r_qp|,cross-domain,0.0000,0.0000,3.640,0,-1.36692,0,-6.243,-2.772,-4.378,0,-8.793,2.005,-0.3386,2.734,50
34.80,36.07,36.08,1,-1.33538,0,|r_qp|,cross-domain,0.0000,0.0000,3.624,0,-1.33538,0,-6.243,-2.772,-4.378,0,-8.793,1.836,0.3297,-0.403,0.02974
35.20,36.47,36.48,1,-1.27337,0,|r_qp|,cross-domain,0.0000,0.0000,3.565,0,-1.27337,0,-6.243,-2.772,-4.378,0,-8.793,2.16,-0.184,-0.4244,-0.7268
35.60,36.87,36.88,1,-1.21952,0,|r_qp|,cross-domain,0.0000,0.0000,3.520,0,-1.21952,0,-6.243,-2.772,-4.378,0,-8.793,2.747,0.7216,3.338,49.53
36.00,37.27,37.28,1,-1.38260,0,|r_qp|,cross-domain,0.0000,0.0000,3.613,0,-1.38260,0,-6.243,-2.772,-4.378,0,-8.793,2.698,1.209,-0.4227,0.04812
36.40,37.67,37.68,1,-1.28041,0,|r_qp|,cross-domain,0.0000,0.0000,3.621,0,-1.28041,0,-6.243,-2.772,-4.378,0,-8.793,2.738,1.646,-0.04187,-0.5024
36.80,38.07,38.08,1,-1.55752,0,|r_qp|,cross-domain,0.0000,0.0000,3.612,0,-1.55752,0,-6.243,-2.772,-4.378,0,-8.793,2.618,2.972,2.812,48.77
37.20,38.47,38.48,1,-1.39854,0,|r_qp|,cross-domain,0.0000,0.0000,3.574,0,-1.39854,0,-6.243,-2.772,-4.378,0,-8.793,2.465,3.788,0.2135,0.4221
37.60,38.87,38.88,1,-1.02244,0,|r_qp|,cross-domain,0.0000,0.0000,3.605,0,-1.02244,0,-6.243,-2.772,-4.378,0,-8.793,2.61,5.659,1.749,-0.5889
38.00,39.27,39.28,1,-1.71294,0,|r_qp|,cross-domain,0.0000,0.0000,3.538,0,-1.71294,0,-6.243,-2.772,-4.378,0,-8.793,2.467,7.724,3.522,48.83
38.40,39.67,39.68,1,-1.83308,0,|r_qp|,cross-domain,0.0000,0.0000,3.521,0,-1.83308,0,-6.243,-2.772,-4.378,0,-8.793,2.653,8.386,-0.02743,0.2348
38.80,40.07,40.08,1,-1.70676,0,|r_qp|,cross-domain,0.0000,0.0000,3.611,0,-1.70676,0,-6.243,-2.772,-4.378,0,-8.793,2.714,6.629,-0.145,-0.7635
39.20,40.47,40.48,1,-0.54315,0,|r_qp|,cross-domain,0.0000,0.0000,3.565,0,-0.54315,0,-6.243,-2.772,-4.378,0,-8.793,3.824,5.228,6.092,44.75
39.60,40.87,40.88,1,-1.18479,0,|r_qp|,cross-domain,0.0000,0.0000,3.782,0,-1.18479,0,-6.243,-2.772,-4.378,0,-8.793,4.99,4.509,0.7926,0.5844
40.00,41.27,41.28,1,-0.88092,0,|r_qp|,cross-domain,0.0000,0.0000,3.582,0,-0.88092,0,-6.243,-2.772,-4.378,0,-8.793,5.856,5.034,1.688,-0.5618
40.40,41.67,41.68,1,-0.59286,0,|r_qp|,cross-domain,0.0000,0.0000,3.556,0,-0.59286,0,-6.243,-2.772,-4.378,0,-8.793,6.417,5.754,5.65,42.66
40.80,42.07,42.08,1,-1.21960,0,|r_qp|,cross-domain,0.0000,0.0000,4.461,0,-1.21960,0,-6.243,-2.772,-4.378,0,-8.793,5.907,6.195,1.019,0.8238
41.20,42.47,42.48,1,-0.72829,0,|r_qp|,cross-domain,0.0000,0.0000,3.855,0,-0.72829,0,-6.243,-2.772,-4.378,0,-8.793,5.296,8.912,3.171,-0.5996
41.60,42.87,42.88,1,-1.83437,0,|r_qp|,cross-domain,0.0000,0.0000,3.570,0,-1.83437,0,-6.243,-2.772,-4.378,0,-8.793,4.035,11.27,3.726,46.95
42.00,43.27,43.28,1,-1.46974,0,|r_qp|,cross-domain,0.0000,0.0000,3.783,0,-1.46974,0,-6.243,-2.772,-4.378,0,-8.793,3.157,12.6,2.135,1.095
42.40,43.67,43.68,1,-1.17061,0,|r_qp|,cross-domain,0.0000,0.0000,3.665,0,-1.17061,0,-6.243,-2.772,-4.378,0,-8.793,3.25,12.48,2.919,-0.3486
42.80,44.07,44.08,1,-0.84823,0,|r_qp|,cross-domain,0.0000,0.0000,3.744,0,-0.84823,0,-6.243,-2.772,-4.378,0,-8.793,4.308,12.69,7.019,45.96
43.20,44.47,44.48,1,0.49882,1,|r_qp|,cross-domain,0.0000,0.0000,3.585,0,0.49882,1,-6.243,-2.772,-4.378,0,-8.793,6.053,13.02,8.121,2.851
43.60,44.87,44.88,1,1.60954,1,e_rec,cross-domain,0.0000,0.0000,3.456,0,1.60954,1,-6.243,-2.772,-4.378,0,-8.793,7.72,16.14,11.97,0.3787
44.00,45.27,45.28,1,-0.73771,0,|r_qp|,cross-domain,0.0000,0.0000,3.657,0,-0.73771,0,-6.243,-2.772,-4.378,0,-8.793,8.801,19.09,8.399,45.12
44.40,45.67,45.68,1,-1.63950,0,|r_qp|,cross-domain,0.0000,0.0000,3.680,0,-1.63950,0,-6.243,-2.772,-4.378,0,-8.793,8.12,20.38,3.026,1.491
44.80,46.07,46.08,1,-0.63086,0,|r_qp|,cross-domain,0.0000,0.0000,3.690,0,-0.63086,0,-6.243,-2.772,-4.378,0,-8.793,5.743,19.09,5.95,-0.2967
45.20,46.47,46.48,1,-1.52297,0,|r_qp|,cross-domain,0.0000,0.0000,3.603,0,-1.52297,0,-6.243,-2.772,-4.378,0,-8.793,3.636,17.36,6.331,48.47
45.60,46.87,46.88,1,1.76273,1,e_rec,cross-domain,0.0000,0.0000,3.500,0,1.76273,1,-6.243,-2.772,-4.378,0,-8.793,3.018,16.62,13.21,2.577
46.00,47.27,47.28,1,2.78536,1,e_rec,cross-domain,0.0000,0.0000,3.985,0,2.78536,1,-6.243,-2.772,-4.378,0,-8.793,4.167,20.89,17.14,0.3502
46.40,47.67,47.68,1,-1.28504,0,|r_qp|,cross-domain,0.0000,0.0000,3.798,0,-1.28504,0,-6.243,-2.772,-4.378,0,-8.793,5.245,25.34,8.853,48.39
46.80,48.07,48.08,1,-0.44071,0,|r_qp|,cross-domain,0.0000,0.0000,3.707,0,-0.44071,0,-6.243,-2.772,-4.378,0,-8.793,5.791,27.36,8.795,3.046
47.20,48.47,48.48,1,1.17767,1,e_rec,cross-domain,0.0000,0.0000,3.568,0,1.17767,1,-6.243,-2.772,-4.378,0,-8.793,6.396,26.34,13.27,0.09832
47.60,48.87,48.88,1,-0.97316,0,|r_qp|,cross-domain,0.0000,0.0000,3.584,0,-0.97316,0,-6.243,-2.772,-4.378,0,-8.793,6.987,24.84,9.19,43.75
48.00,49.27,49.28,1,-0.42502,0,|r_qp|,cross-domain,0.0000,0.0000,3.765,0,-0.42502,0,-6.243,-2.772,-4.378,0,-8.793,7.029,23.93,7.805,2.122
48.40,49.67,49.68,1,1.62122,1,e_rec,cross-domain,0.0000,0.0000,3.604,0,1.62122,1,-6.243,-2.772,-4.378,0,-8.793,5.895,25.35,14.45,0.1884
48.80,50.07,50.08,1,-1.35687,0,|r_qp|,cross-domain,0.0000,0.0000,3.620,0,-1.35687,0,-6.243,-2.772,-4.378,0,-8.793,4.78,26.71,8.979,47.82
49.20,50.47,50.48,1,1.50246,1,e_rec,cross-domain,0.0000,0.0000,3.604,0,1.50246,1,-6.243,-2.772,-4.378,0,-8.793,4.516,27.79,15.04,3.167
49.60,50.87,50.88,1,3.09592,1,e_rec,cross-domain,0.0000,0.0000,3.593,0,3.09592,1,-6.243,-2.772,-4.378,0,-8.793,5.417,29.66,20.17,1.013
50.00,51.27,51.28,1,-0.40794,0,e_rec,cross-domain,0.0000,0.0000,3.700,0,-0.40794,0,-6.243,-2.772,-4.378,0,-8.793,6.468,31.36,12.79,46.61
50.40,51.67,51.68,1,3.17247,1,e_rec,cross-domain,0.0000,0.0000,3.584,0,3.17247,1,-6.243,-2.772,-4.378,0,-8.793,7.12,31.97,21.01,4.161
50.80,52.07,52.08,1,5.70059,1,e_rec,cross-domain,0.0000,0.0000,3.478,0,5.70059,1,-6.243,-2.772,-4.378,0,-8.793,7.424,33.54,28.96,1.275
51.20,52.47,52.48,1,0.22860,1,e_rec,cross-domain,0.0000,0.0000,3.635,0,0.22860,1,-6.243,-2.772,-4.378,0,-8.793,7.776,34.47,15.45,47.7
51.60,52.87,52.88,1,3.30103,1,e_rec,cross-domain,0.0000,0.0000,3.617,0,3.30103,1,-6.243,-2.772,-4.378,0,-8.793,6.866,34.72,22.03,3.087
52.00,53.27,53.28,1,5.41442,1,e_rec,cross-domain,0.0000,0.0000,3.697,0,5.41442,1,-6.243,-2.772,-4.378,0,-8.793,4.746,36.56,29.08,0.887
52.40,53.67,53.68,1,-1.24923,0,e_rec,cross-domain,0.0000,0.0000,3.625,0,-1.24923,0,-6.243,-2.772,-4.378,0,-8.793,2.533,37.58,12.37,50
52.80,54.07,54.08,1,4.91269,1,e_rec,cross-domain,0.0000,0.0000,3.534,0,4.91269,1,-6.243,-2.772,-4.378,0,-8.793,1.875,38.02,28.39,3.701
53.20,54.47,54.48,1,5.19606,1,e_rec,cross-domain,0.0000,0.0000,3.640,0,5.19606,1,-6.243,-2.772,-4.378,0,-8.793,3.064,39.29,29.29,1.378
53.60,54.87,54.88,1,-1.28218,0,e_rec,cross-domain,0.0000,0.0000,3.574,0,-1.28218,0,-6.243,-2.772,-4.378,0,-8.793,4.386,40.08,12.6,48.6
54.00,55.27,55.28,1,7.54579,1,e_rec,cross-domain,0.0000,0.0000,3.652,0,7.54579,1,-6.243,-2.772,-4.378,0,-8.793,5.505,40.63,36.88,5.405
54.40,55.67,55.68,1,11.66739,1,e_rec,cross-domain,0.0000,0.0000,3.603,0,11.66739,1,-6.243,-2.772,-4.378,0,-8.793,6.788,43.61,50,2.665
54.80,56.07,56.08,1,0.24444,1,e_rec,cross-domain,0.0000,0.0000,3.499,0,0.24444,1,-6.243,-2.772,-4.378,0,-8.793,7.91,45.87,18.37,48.85
55.20,56.47,56.48,1,5.67302,1,e_rec,cross-domain,0.0000,0.0000,3.612,0,5.67302,1,-6.243,-2.772,-4.378,0,-8.793,7.807,46.39,32.2,4.243
55.60,56.87,56.88,1,8.47527,1,e_rec,cross-domain,0.0000,0.0000,3.599,0,8.47527,1,-6.243,-2.772,-4.378,0,-8.793,5.721,45.54,40.68,1.762
56.00,57.27,57.28,1,-3.88320,0,|r_qp|,cross-domain,0.0000,0.0000,3.691,0,-3.88320,0,-6.243,-2.772,-4.378,0,-8.793,3.512,29.45,2.147,50
56.40,57.67,57.68,-1,-3.06796,0,|r_qp|,cross-domain,0.0000,0.0000,3.590,0,-3.06796,0,-6.243,-2.772,-4.378,0,-8.793,1.706,19.79,-0.9458,-0.0155
56.80,58.07,58.08,-1,-1.84976,0,|r_qp|,cross-domain,0.0000,0.0000,3.509,0,-1.84976,0,-6.243,-2.772,-4.378,0,-8.793,0.9744,4.456,-0.9421,-0.8514
57.20,58.47,58.48,-1,-1.52277,0,|r_qp|,cross-domain,0.0000,0.0000,3.623,0,-1.52277,0,-6.243,-2.772,-4.378,0,-8.793,0.6163,-0.5304,2.293,49.11
57.60,58.87,58.88,-1,-1.15958,0,|r_qp|,cross-domain,0.0000,0.0000,3.543,0,-1.15958,0,-6.243,-2.772,-4.378,0,-8.793,1.228,0.05203,0.1693,0.5253
58.00,59.27,59.28,-1,-1.27449,0,|r_qp|,cross-domain,0.0000,0.0000,3.543,0,-1.27449,0,-6.243,-2.772,-4.378,0,-8.793,2.349,-0.4276,-0.5123,-0.7903
58.40,59.67,59.68,-1,-1.14934,0,|r_qp|,cross-domain,0.0000,0.0000,3.757,0,-1.14934,0,-6.243,-2.772,-4.378,0,-8.793,3.169,-0.5883,3.129,48.68
58.80,60.07,64.80,-1,13.34486,1,e_rec,cross-domain,0.0239,0.0000,4722.456,4720,13.44045,1,-6.243,-2.772,-4.378,50,-8.793,11.07,10.1,50,50
59.20,60.47,64.80,-1,11.30306,1,e_rec,cross-domain,0.1605,0.0000,4322.456,4320,11.94491,1,-6.243,-2.772,-4.378,50,-8.793,50,45.65,50,50
59.60,60.87,64.80,-1,10.40943,1,e_rec,cross-domain,0.2970,0.0000,3922.456,3920,11.59754,1,-6.243,-2.772,-4.378,50,-8.793,50,50,50,50
60.00,61.27,64.80,-1,9.86318,1,e_rec,cross-domain,0.4336,0.0000,3522.456,3520,11.59754,1,-6.243,-2.772,-4.378,50,-8.793,50,50,50,50
60.40,61.67,64.80,-1,11.13094,1,e_rec,cross-domain,0.4370,0.0000,3122.456,3120,12.87896,1,-6.243,-2.772,-4.378,0,-8.793,50,33.95,50,50
60.80,62.07,64.80,-1,11.66377,1,e_rec,cross-domain,0.4370,0.0000,2722.456,2720,13.41179,1,-6.243,-2.772,-4.378,0,-8.793,50,27.27,50,50
61.20,62.47,64.80,-1,11.32687,1,e_rec,cross-domain,0.4370,0.0000,2322.456,2320,13.07489,1,-6.243,-2.772,-4.378,50,-8.793,50,31.49,50,50
61.60,62.87,64.80,-1,9.84952,1,e_rec,cross-domain,0.4370,0.0000,1922.456,1920,11.59754,1,-6.243,-2.772,-4.378,50,-8.793,50,50,50,50
62.00,63.27,64.80,-1,9.84952,1,e_rec,cross-domain,0.4370,0.0000,1522.456,1520,11.59754,1,-6.243,-2.772,-4.378,50,-8.793,50,50,50,50
62.40,63.67,64.80,-1,10.32558,1,e_rec,cross-domain,0.4370,0.0000,1122.456,1120,12.07360,1,-6.243,-2.772,-4.378,1.297e-10,-8.793,50,50,50,28.53
62.80,64.07,64.80,-1,2.70538,1,e_rec,cross-domain,0.3994,0.0000,722.456,720,4.30318,1,-6.243,-2.772,-4.378,0,-8.793,50,48.82,24.53,10.67
63.20,64.47,64.80,-1,-1.60878,0,|r_qp|,cross-domain,0.2629,0.0000,322.456,320,-0.55724,0,-6.243,-2.772,-4.378,0,-8.793,40.61,9.072,1.22,17.49
63.60,64.87,64.88,-1,-1.86807,0,|r_qp|,cross-domain,0.1263,0.0000,3.524,0,-1.36279,0,-6.243,-2.772,-4.378,0,-8.793,13.98,4.444,-0.7225,0.6665
64.00,65.27,65.28,-1,-0.32307,1,|r_qp|,cross-domain,0.0000,0.0000,3.616,0,-0.32307,1,-6.243,-2.772,-4.378,0,-8.793,8.475,2.985,2.682,0.2614
64.40,65.67,65.68,-1,0.20250,1,|r_qp|,cross-domain,0.0000,0.0000,3.667,0,0.20250,1,-6.243,-2.772,-4.378,0,-8.793,7.173,3.33,5.396,12.98
64.80,66.07,66.08,-1,0.54921,1,|r_qp|,cross-domain,0.0000,0.0000,3.581,0,0.54921,1,-6.243,-2.772,-4.378,0,-8.793,9.191,4.375,5.855,3.433
65.20,66.47,66.48,-1,-0.06372,1,|r_qp|,cross-domain,0.0000,0.0000,3.866,0,-0.06372,1,-6.243,-2.772,-4.378,0,-8.793,11.23,4.473,3.631,1.37
65.60,66.87,66.88,-1,-0.64163,0,|r_qp|,cross-domain,0.0000,0.0000,3.574,0,-0.64163,0,-6.243,-2.772,-4.378,0,-8.793,9.736,5.31,3.073,13.93
66.00,67.27,67.28,-1,-1.43198,0,|r_qp|,cross-domain,0.0000,0.0000,3.585,0,-1.43198,0,-6.243,-2.772,-4.378,0,-8.793,8.276,5.004,0.1451,5.588
66.40,67.67,67.68,-1,-1.86318,0,|r_qp|,cross-domain,0.0000,0.0000,3.587,0,-1.86318,0,-6.243,-2.772,-4.378,0,-8.793,5.258,4.145,-1.368,1.304
66.80,68.07,68.08,-1,-0.65850,0,|r_qp|,cross-domain,0.0000,0.0000,3.554,0,-0.65850,0,-6.243,-2.772,-4.378,0,-8.793,2.418,3.782,3.5,15.06
67.20,68.47,68.48,-1,-1.69730,0,|r_qp|,cross-domain,0.0000,0.0000,3.612,0,-1.69730,0,-6.243,-2.772,-4.378,0,-8.793,2.061,4.237,-0.3279,3.735
67.60,68.87,68.88,-1,-1.97102,0,|r_qp|,cross-domain,0.0000,0.0000,3.676,0,-1.97102,0,-6.243,-2.772,-4.378,0,-8.793,0.8853,4.65,-1.17,0.4551
68.00,69.27,69.28,-1,-0.36004,0,|r_qp|,cross-domain,0.0000,0.0000,3.587,0,-0.36004,0,-6.243,-2.772,-4.378,0,-8.793,1.362,6.03,4.875,11.97
68.40,69.67,69.68,-1,-1.71043,0,|r_qp|,cross-domain,0.0000,0.0000,3.667,0,-1.71043,0,-6.243,-2.772,-4.378,0,-8.793,1.505,5.605,-0.003429,3.282
68.80,70.07,70.08,-1,-1.75106,0,|r_qp|,cross-domain,0.0000,0.0000,3.574,0,-1.75106,0,-6.243,-2.772,-4.378,0,-8.793,2.508,4.374,-0.7516,0.1636
69.20,70.47,70.48,-1,-1.39484,0,|r_qp|,cross-domain,0.0000,0.0000,3.478,0,-1.39484,0,-6.243,-2.772,-4.378,0,-8.793,2.733,3.763,1.258,16.04
69.60,70.87,70.88,-1,-1.76102,0,|r_qp|,cross-domain,0.0000,0.0000,3.632,0,-1.76102,0,-6.243,-2.772,-4.378,0,-8.793,1.964,2.957,-0.9017,2.672
70.00,71.27,71.28,-1,-1.88553,0,|r_qp|,cross-domain,0.0000,0.0000,3.510,0,-1.88553,0,-6.243,-2.772,-4.378,0,-8.793,0.6712,2.387,-1.448,0.3433
70.40,71.67,71.68,-1,-1.35849,0,|r_qp|,cross-domain,0.0000,0.0000,3.718,0,-1.35849,0,-6.243,-2.772,-4.378,0,-8.793,-0.4476,2.611,1.65,19.34
70.80,72.07,72.08,-1,-1.79311,0,|r_qp|,cross-domain,0.0000,0.0000,3.576,0,-1.79311,0,-6.243,-2.772,-4.378,0,-8.793,-0.2171,2.567,-0.9033,2.109
71.20,72.47,72.48,-1,-1.85777,0,|r_qp|,cross-domain,0.0000,0.0000,3.528,0,-1.85777,0,-6.243,-2.772,-4.378,0,-8.793,0.1261,2.592,-1.283,-0.08732
71.60,72.87,72.88,-1,-1.62127,0,|r_qp|,cross-domain,0.0000,0.0000,3.636,0,-1.62127,0,-6.243,-2.772,-4.378,0,-8.793,0.7678,3.497,0.9911,20.25
72.00,73.27,73.28,-1,-1.73163,0,|r_qp|,cross-domain,0.0000,0.0000,3.620,0,-1.73163,0,-6.243,-2.772,-4.378,0,-8.793,0.9114,3.516,-0.4326,4.56
72.40,73.67,73.68,-1,-1.64088,0,|r_qp|,cross-domain,0.0000,0.0000,3.675,0,-1.64088,0,-6.243,-2.772,-4.378,0,-8.793,1.627,2.942,-0.684,-0.03309
72.80,74.07,74.08,-1,-0.24639,1,|r_qp|,cross-domain,0.0000,0.0000,3.623,0,-0.24639,1,-6.243,-2.772,-4.378,0,-8.793,3.009,2.83,4.403,14.04
73.20,74.47,74.48,-1,-1.77593,0,|r_qp|,cross-domain,0.0000,0.0000,3.512,0,-1.77593,0,-6.243,-2.772,-4.378,0,-8.793,3.127,4.003,-0.9093,1.278
73.60,74.87,74.88,-1,-1.92785,0,|r_qp|,cross-domain,0.0000,0.0000,3.595,0,-1.92785,0,-6.243,-2.772,-4.378,0,-8.793,1.892,3.611,-1.469,-0.5599
74.00,75.27,75.28,-1,-1.06789,0,|r_qp|,cross-domain,0.0000,0.0000,3.582,0,-1.06789,0,-6.243,-2.772,-4.378,0,-8.793,0.0405,3.642,2.452,15.01
74.40,75.67,75.68,-1,-1.82397,0,|r_qp|,cross-domain,0.0000,0.0000,3.619,0,-1.82397,0,-6.243,-2.772,-4.378,0,-8.793,-0.6845,2.671,-0.9374,1.9
74.80,76.07,76.08,-1,-1.89398,0,|r_qp|,cross-domain,0.0000,0.0000,3.716,0,-1.89398,0,-6.243,-2.772,-4.378,0,-8.793,-0.2811,2.498,-1.395,-0.3832
75.20,76.47,76.48,-1,-0.68241,0,|r_qp|,cross-domain,0.0000,0.0000,3.587,0,-0.68241,0,-6.243,-2.772,-4.378,0,-8.793,1.023,3.838,3.533,14.25
75.60,76.87,76.88,-1,-1.32311,0,|r_qp|,cross-domain,0.0000,0.0000,4.022,0,-1.32311,0,-6.243,-2.772,-4.378,0,-8.793,1.897,4.799,0.8413,1.678
76.00,77.27,77.28,-1,-1.58216,0,|r_qp|,cross-domain,0.0000,0.0000,3.594,0,-1.58216,0,-6.243,-2.772,-4.378,0,-8.793,3.618,4.27,-0.4124,-0.3925
76.40,77.67,77.68,-1,0.00400,1,|r_qp|,cross-domain,0.0000,0.0000,3.586,0,0.00400,1,-6.243,-2.772,-4.378,0,-8.793,4.849,3.639,5.103,12.93
76.80,78.07,78.08,-1,-1.62528,0,|r_qp|,cross-domain,0.0000,0.0000,3.668,0,-1.62528,0,-6.243,-2.772,-4.378,0,-8.793,4.669,2.819,-0.9747,0.1864
77.20,78.47,78.48,-1,-1.63060,0,|r_qp|,cross-domain,0.0000,0.0000,3.673,0,-1.63060,0,-6.243,-2.772,-4.378,0,-8.793,3.37,2.921,-0.8984,-0.8436
77.60,78.87,78.88,-1,-0.66246,0,|r_qp|,cross-domain,0.0000,0.0000,3.654,0,-0.66246,0,-6.243,-2.772,-4.378,0,-8.793,2.023,3.909,3.646,16.31
78.00,79.27,79.28,-1,-1.59680,0,|r_qp|,cross-domain,0.0000,0.0000,3.630,0,-1.59680,0,-6.243,-2.772,-4.378,0,-8.793,1.42,3.501,-0.3245,0.905
78.40,79.67,79.68,-1,-1.70286,0,|r_qp|,cross-domain,0.0000,0.0000,3.582,0,-1.70286,0,-6.243,-2.772,-4.378,0,-8.793,1.816,2.498,-1.054,-0.7615
78.80,80.07,80.08,-1,-0.42825,0,|r_qp|,cross-domain,0.0000,0.0000,3.660,0,-0.42825,0,-6.243,-2.772,-4.378,0,-8.793,2.698,2.138,3.807,15.52
79.20,80.47,80.48,-1,-0.80185,0,|r_qp|,cross-domain,0.0000,0.0000,3.532,0,-0.80185,0,-6.243,-2.772,-4.378,0,-8.793,3.77,2.723,1.719,1.4
79.60,80.87,80.88,-1,-1.37335,0,|r_qp|,cross-domain,0.0000,0.0000,3.659,0,-1.37335,0,-6.243,-2.772,-4.378,0,-8.793,4.834,3.156,-0.1837,-0.5619
80.00,81.27,81.28,-1,0.06344,1,|r_qp|,cross-domain,0.0000,0.0000,3.592,0,0.06344,1,-6.243,-2.772,-4.378,0,-8.793,5.624,4.256,5.269,11.66
80.40,81.67,81.68,-1,-1.79367,0,|r_qp|,cross-domain,0.0000,0.0000,3.633,0,-1.79367,0,-6.243,-2.772,-4.378,0,-8.793,5.187,4.798,-1.073,0.02958
80.80,82.07,82.08,-1,-1.73619,0,|r_qp|,cross-domain,0.0000,0.0000,3.755,0,-1.73619,0,-6.243,-2.772,-4.378,0,-8.793,3.489,4.212,-0.9214,-0.8814
81.20,82.47,82.48,-1,-1.20182,0,|r_qp|,cross-domain,0.0000,0.0000,3.595,0,-1.20182,0,-6.243,-2.772,-4.378,0,-8.793,1.78,4.519,2.277,18.04
81.60,82.87,82.88,-1,-1.69149,0,|r_qp|,cross-domain,0.0000,0.0000,3.653,0,-1.69149,0,-6.243,-2.772,-4.378,0,-8.793,0.8982,3.421,-0.6439,-0.02029
82.00,83.27,83.28,-1,-1.67591,0,|r_qp|,cross-domain,0.0000,0.0000,3.548,0,-1.67591,0,-6.243,-2.772,-4.378,0,-8.793,1.355,2.583,-0.9093,-0.8803
82.40,83.67,83.68,-1,-0.36092,0,|r_qp|,cross-domain,0.0000,0.0000,3.561,0,-0.36092,0,-6.243,-2.772,-4.378,0,-8.793,2.398,2.832,4.258,16.12
82.80,84.07,84.08,-1,-1.31636,0,|r_qp|,cross-domain,0.0000,0.0000,3.674,0,-1.31636,0,-6.243,-2.772,-4.378,0,-8.793,3.529,2.465,0.05669,0.8422
83.20,84.47,84.48,-1,-1.45805,0,|r_qp|,cross-domain,0.0000,0.0000,3.502,0,-1.45805,0,-6.243,-2.772,-4.378,0,-8.793,4.299,2.918,-0.4528,-0.6548
83.60,84.87,84.88,-1,0.12281,1,|r_qp|,cross-domain,0.0000,0.0000,3.508,0,0.12281,1,-6.243,-2.772,-4.378,0,-8.793,5.029,3.523,5.48,13.79
84.00,85.27,85.28,-1,-1.60434,0,|r_qp|,cross-domain,0.0000,0.0000,3.752,0,-1.60434,0,-6.243,-2.772,-4.378,0,-8.793,4.807,4.946,-0.4135,0.005075
84.40,85.67,85.68,-1,-1.61522,0,|r_qp|,cross-domain,0.0000,0.0000,3.636,0,-1.61522,0,-6.243,-2.772,-4.378,0,-8.793,4.512,3.926,-0.7269,-0.8751
84.80,86.07,86.08,-1,-1.29777,0,|r_qp|,cross-domain,0.0000,0.0000,3.660,0,-1.29777,0,-6.243,-2.772,-4.378,0,-8.793,3.741,3.26,1.729,21.93
85.20,86.47,86.48,-1,-1.32424,0,|r_qp|,cross-domain,0.0000,0.0000,3.474,0,-1.32424,0,-6.243,-2.772,-4.378,0,-8.793,2.934,1.855,-0.08948,0.3276
85.60,86.87,86.88,-1,-1.64326,0,|r_qp|,cross-domain,0.0000,0.0000,3.581,0,-1.64326,0,-6.243,-2.772,-4.378,0,-8.793,2.503,2.142,-1.03,-0.744
86.00,87.27,87.28,-1,-0.58674,0,|r_qp|,cross-domain,0.0000,0.0000,3.645,0,-0.58674,0,-6.243,-2.772,-4.378,0,-8.793,2.556,2.745,3.385,14.09
86.40,87.67,87.68,-1,-1.35975,0,|r_qp|,cross-domain,0.0000,0.0000,3.611,0,-1.35975,0,-6.243,-2.772,-4.378,0,-8.793,3.11,4.07,0.3403,0.5152
86.80,88.07,88.08,-1,-1.38715,0,|r_qp|,cross-domain,0.0000,0.0000,3.763,0,-1.38715,0,-6.243,-2.772,-4.378,0,-8.793,4.194,3.405,-0.1145,-0.8194
87.20,88.47,88.48,0,-0.55413,0,|r_qp|,cross-domain,0.0000,0.0000,3.566,0,-0.55413,0,-6.243,-2.772,-4.378,0,-8.793,5.474,3.743,3.601,16.73
87.60,88.87,88.88,0,-1.25065,0,|r_qp|,cross-domain,0.0000,0.0000,3.541,0,-1.25065,0,-6.243,-2.772,-4.378,0,-8.793,5.618,3.032,0.09706,-0.3258
88.00,89.27,89.28,0,-1.59173,0,|r_qp|,cross-domain,0.0000,0.0000,3.679,0,-1.59173,0,-6.243,-2.772,-4.378,0,-8.793,4.463,3.055,-0.8589,-0.8017
88.40,89.67,89.68,0,-1.02987,0,|r_qp|,cross-domain,0.0000,0.0000,3.600,0,-1.02987,0,-6.243,-2.772,-4.378,0,-8.793,2.788,3.79,2.687,20.46
88.80,90.07,90.08,0,-1.55848,0,|r_qp|,cross-domain,0.0000,0.0000,3.772,0,-1.55848,0,-6.243,-2.772,-4.378,0,-8.793,1.813,2.664,-0.5443,-0.4158
89.20,90.47,90.48,0,-1.64498,0,|r_qp|,cross-domain,0.0000,0.0000,3.402,0,-1.64498,0,-6.243,-2.772,-4.378,0,-8.793,1.728,2.124,-0.9609,-0.795
89.60,90.87,90.88,0,-1.50102,0,|r_qp|,cross-domain,0.0000,0.0000,3.539,0,-1.50102,0,-6.243,-2.772,-4.378,0,-8.793,1.848,1.69,1.169,25.62
90.00,91.27,91.28,0,-1.47358,0,|r_qp|,cross-domain,0.0000,0.0000,4.304,0,-1.47358,0,-6.243,-2.772,-4.378,0,-8.793,2.033,1.951,-0.4405,0.1817
90.40,91.67,91.68,0,-1.39695,0,|r_qp|,cross-domain,0.0000,0.0000,3.764,0,-1.39695,0,-6.243,-2.772,-4.378,0,-8.793,2.571,1.364,-0.4778,-0.8677
90.80,92.07,92.08,0,-1.03714,0,|r_qp|,cross-domain,0.0000,0.0000,3.846,0,-1.03714,0,-6.243,-2.772,-4.378,0,-8.793,3.007,1.842,2.091,19.43
91.20,92.47,92.48,0,-1.60222,0,|r_qp|,cross-domain,0.0000,0.0000,3.550,0,-1.60222,0,-6.243,-2.772,-4.378,0,-8.793,2.722,3.075,-0.682,-0.5207
91.60,92.87,92.88,0,-1.80202,0,|r_qp|,cross-domain,0.0000,0.0000,3.553,0,-1.80202,0,-6.243,-2.772,-4.378,0,-8.793,1.492,2.937,-1.219,-0.7832
92.00,93.27,93.28,0,-1.45655,0,|r_qp|,cross-domain,0.0000,0.0000,4.119,0,-1.45655,0,-6.243,-2.772,-4.378,0,-8.793,0.3682,2.981,1.447,20.72
92.40,93.67,93.68,0,-1.67429,0,|r_qp|,cross-domain,0.0000,0.0000,3.657,0,-1.67429,0,-6.243,-2.772,-4.378,0,-8.793,0.2258,2.227,-0.8022,0.1424
92.80,94.07,94.08,0,-1.56425,0,|r_qp|,cross-domain,0.0000,0.0000,4.668,0,-1.56425,0,-6.243,-2.772,-4.378,0,-8.793,0.9146,1.551,-0.7723,-0.877
93.20,94.47,94.48,0,-0.68125,0,|r_qp|,cross-domain,0.0000,0.0000,3.676,0,-0.68125,0,-6.243,-2.772,-4.378,0,-8.793,2.257,2.055,3.127,16.6
93.60,94.87,94.88,0,-1.11279,0,|r_qp|,cross-domain,0.0000,0.0000,3.531,0,-1.11279,0,-6.243,-2.772,-4.378,0,-8.793,3.466,2.963,0.7792,0.3337
94.00,95.27,95.28,0,-1.21984,0,|r_qp|,cross-domain,0.0000,0.0000,3.660,0,-1.21984,0,-6.243,-2.772,-4.378,0,-8.793,4.847,2.515,0.1144,-0.7975
94.40,95.67,95.68,0,-0.76544,0,|r_qp|,cross-domain,0.0000,0.0000,3.672,0,-0.76544,0,-6.243,-2.772,-4.378,0,-8.793,5.457,2.191,2.613,17.37
94.80,96.07,96.08,0,-1.36914,0,|r_qp|,cross-domain,0.0000,0.0000,3.546,0,-1.36914,0,-6.243,-2.772,-4.378,0,-8.793,4.767,1.533,-0.5477,-0.3369
95.20,96.47,96.48,0,-1.60631,0,|r_qp|,cross-domain,0.0000,0.0000,3.620,0,-1.60631,0,-6.243,-2.772,-4.378,0,-8.793,3.108,1.598,-1.121,-0.8448
95.60,96.87,96.88,0,-1.07200,0,|r_qp|,cross-domain,0.0000,0.0000,3.529,0,-1.07200,0,-6.243,-2.772,-4.378,0,-8.793,1.546,2.242,2.276,20
96.00,97.27,97.28,0,-1.31391,0,|r_qp|,cross-domain,0.0000,0.0000,3.649,0,-1.31391,0,-6.243,-2.772,-4.378,0,-8.793,1.317,2.34,0.2039,-0.1084
96.40,97.67,97.68,0,-1.52075,0,|r_qp|,cross-domain,0.0000,0.0000,3.541,0,-1.52075,0,-6.243,-2.772,-4.378,0,-8.793,1.987,2.328,-0.5566,-0.8167
96.80,98.07,98.08,0,-1.23685,0,|r_qp|,cross-domain,0.0000,0.0000,3.462,0,-1.23685,0,-6.243,-2.772,-4.378,0,-8.793,2.902,3.081,2.032,22.96
97.20,98.47,98.48,0,-1.58015,0,|r_qp|,cross-domain,0.0000,0.0000,3.595,0,-1.58015,0,-6.243,-2.772,-4.378,0,-8.793,3.29,2.892,-0.6684,0.2251
97.60,98.87,98.88,0,-1.55536,0,|r_qp|,cross-domain,0.0000,0.0000,3.498,0,-1.55536,0,-6.243,-2.772,-4.378,0,-8.793,2.902,2.284,-0.7737,-0.8474
98.00,99.27,99.28,0,-0.47824,0,|r_qp|,cross-domain,0.0000,0.0000,3.566,0,-0.47824,0,-6.243,-2.772,-4.378,0,-8.793,2.668,2.084,3.6,14.89
98.40,99.67,99.68,0,-1.65308,0,|r_qp|,cross-domain,0.0000,0.0000,3.609,0,-1.65308,0,-6.243,-2.772,-4.378,0,-8.793,2.307,3.18,-0.7624,-0.4295
98.80,100.07,100.08,0,-1.75414,0,|r_qp|,cross-domain,0.0000,0.0000,3.516,0,-1.75414,0,-6.243,-2.772,-4.378,0,-8.793,1.925,2.746,-1.167,-0.8152
99.20,100.47,100.48,0,-1.20658,0,|r_qp|,cross-domain,0.0000,0.0000,3.725,0,-1.20658,0,-6.243,-2.772,-4.378,0,-8.793,1.166,2.797,1.928,18.39
99.60,100.87,100.88,0,-1.61077,0,|r_qp|,cross-domain,0.0000,0.0000,3.642,0,-1.61077,0,-6.243,-2.772,-4.378,0,-8.793,0.7093,1.851,-0.7684,-0.1211
100.00,101.27,101.28,0,-1.64167,0,|r_qp|,cross-domain,0.0000,0.0000,3.567,0,-1.64167,0,-6.243,-2.772,-4.378,0,-8.793,1.036,1.251,-1.099,-0.8904
100.40,101.67,101.68,0,-0.85400,0,|r_qp|,cross-domain,0.0000,0.0000,3.742,0,-0.85400,0,-6.243,-2.772,-4.378,0,-8.793,1.63,1.406,2.603,18.09
100.80,102.07,102.08,0,-1.24462,0,|r_qp|,cross-domain,0.0000,0.0000,4.453,0,-1.24462,0,-6.243,-2.772,-4.378,0,-8.793,2.368,1.569,0.1308,0.11
101.20,102.47,102.48,0,-1.31383,0,|r_qp|,cross-domain,0.0000,0.0000,3.867,0,-1.31383,0,-6.243,-2.772,-4.378,0,-8.793,3.212,1.583,-0.2349,-0.8573
101.60,102.87,102.88,0,-0.81947,0,|r_qp|,cross-domain,0.0000,0.0000,3.721,0,-0.81947,0,-6.243,-2.772,-4.378,0,-8.793,4.191,2.075,2.696,19.46
102.00,103.27,103.28,0,-1.59909,0,|r_qp|,cross-domain,0.0000,0.0000,3.620,0,-1.59909,0,-6.243,-2.772,-4.378,0,-8.793,4.32,2.035,-1.073,-0.1584
102.40,103.67,103.68,0,-1.62427,0,|r_qp|,cross-domain,0.0000,0.0000,3.734,0,-1.62427,0,-6.243,-2.772,-4.378,0,-8.793,3.065,1.8,-1.126,-0.898
102.80,104.07,104.08,0,-1.18429,0,|r_qp|,cross-domain,0.0000,0.0000,3.595,0,-1.18429,0,-6.243,-2.772,-4.378,0,-8.793,1.694,1.735,2.019,23.37
103.20,104.47,104.48,0,-1.55288,0,|r_qp|,cross-domain,0.0000,0.0000,3.621,0,-1.55288,0,-6.243,-2.772,-4.378,0,-8.793,1.107,0.01645,-1.09,-0.2173
103.60,104.87,104.88,0,-1.58737,0,|r_qp|,cross-domain,0.0000,0.0000,3.491,0,-1.58737,0,-6.243,-2.772,-4.378,0,-8.793,0.9489,-0.2312,-1.286,-0.8843
104.00,105.27,105.28,0,-1.71205,0,|r_qp|,cross-domain,0.0000,0.0000,3.546,0,-1.71205,0,-6.243,-2.772,-4.378,0,-8.793,0.6726,0.133,1.454,43.07
104.40,105.67,105.68,0,-1.52777,0,|r_qp|,cross-domain,0.0000,0.0000,3.617,0,-1.52777,0,-6.243,-2.772,-4.378,0,-8.793,0.1179,-0.2193,-0.9769,-0.3828
104.80,106.07,106.08,0,-1.56152,0,|r_qp|,cross-domain,0.0000,0.0000,3.518,0,-1.56152,0,-6.243,-2.772,-4.378,0,-8.793,0.08078,-0.425,-1.143,-0.6107
105.20,106.47,106.48,0,-1.39717,0,|r_qp|,cross-domain,0.0000,0.0000,3.732,0,-1.39717,0,-6.243,-2.772,-4.378,0,-8.793,0.3071,-0.2993,2.213,40.96
105.60,106.87,106.88,0,-1.26829,0,|r_qp|,cross-domain,0.0000,0.0000,3.600,0,-1.26829,0,-6.243,-2.772,-4.378,0,-8.793,0.5087,-0.1497,-0.1953,-0.2956
106.00,107.27,107.28,0,-1.59242,0,|r_qp|,cross-domain,0.0000,0.0000,3.599,0,-1.59242,0,-6.243,-2.772,-4.378,0,-8.793,0.7102,-0.2361,-1.259,-0.6152
106.40,107.67,107.68,0,-1.23964,0,|r_qp|,cross-domain,0.0000,0.0000,3.688,0,-1.23964,0,-6.243,-2.772,-4.378,0,-8.793,0.5068,-0.3511,2.875,44.04
106.80,108.07,108.08,0,-1.25525,0,|r_qp|,cross-domain,0.0000,0.0000,3.507,0,-1.25525,0,-6.243,-2.772,-4.378,0,-8.793,0.8226,-0.2112,-0.1543,0.4253
107.20,108.47,108.48,0,-1.26250,0,|r_qp|,cross-domain,0.0000,0.0000,3.629,0,-1.26250,0,-6.243,-2.772,-4.378,0,-8.793,1.683,-0.7183,-0.4657,-0.6389
107.60,108.87,108.88,0,-1.03095,0,|r_qp|,cross-domain,0.0000,0.0000,3.527,0,-1.03095,0,-6.243,-2.772,-4.378,0,-8.793,2.844,-0.2906,3.441,46.33
108.00,109.27,109.28,0,-1.10856,0,|r_qp|,cross-domain,0.0000,0.0000,3.520,0,-1.10856,0,-6.243,-2.772,-4.378,0,-8.793,3.496,0.2272,0.1284,0.5231
108.40,109.67,109.68,0,-1.14840,0,|r_qp|,cross-domain,0.0000,0.0000,3.678,0,-1.14840,0,-6.243,-2.772,-4.378,0,-8.793,3.744,1.006,0.08265,-0.7678
108.80,110.07,110.08,0,-1.48449,0,|r_qp|,cross-domain,0.0000,0.0000,3.508,0,-1.48449,0,-6.243,-2.772,-4.378,0,-8.793,3.931,2.203,2.756,49.47
109.20,110.47,110.48,0,-1.70542,0,|r_qp|,cross-domain,0.0000,0.0000,3.490,0,-1.70542,0,-6.243,-2.772,-4.378,0,-8.793,3.383,2.877,-1.107,-0.3416
109.60,110.87,110.88,0,-1.78531,0,|r_qp|,cross-domain,0.0000,0.0000,3.714,0,-1.78531,0,-6.243,-2.772,-4.378,0,-8.793,1.242,2.032,-1.325,-0.2171
110.00,111.27,111.28,0,-1.56756,0,|r_qp|,cross-domain,0.0000,0.0000,3.492,0,-1.56756,0,-6.243,-2.772,-4.378,0,-8.793,-0.5366,0.7141,2.09,41.89
110.40,111.67,111.68,0,-1.25265,0,|r_qp|,cross-domain,0.0000,0.0000,3.625,0,-1.25265,0,-6.243,-2.772,-4.378,0,-8.793,-0.6939,0.01214,0.04597,0.07428
110.80,112.07,112.08,0,-1.40910,0,|r_qp|,cross-domain,0.0000,0.0000,3.565,0,-1.40910,0,-6.243,-2.772,-4.378,0,-8.793,1.058,-0.3882,-0.7746,-0.7043
111.20,112.47,112.48,0,-1.44794,0,|r_qp|,cross-domain,0.0000,0.0000,3.517,0,-1.44794,0,-6.243,-2.772,-4.378,0,-8.793,2.42,-0.4516,2.058,44.82
111.60,112.87,112.88,0,-0.91834,0,|r_qp|,cross-domain,0.0000,0.0000,3.617,0,-0.91834,0,-6.243,-2.772,-4.378,0,-8.793,2.957,-0.1025,0.7126,0.8368
112.00,113.27,113.28,0,-1.08827,0,|r_qp|,cross-domain,0.0000,0.0000,3.643,0,-1.08827,0,-6.243,-2.772,-4.378,0,-8.793,3.527,-0.2582,-0.01918,-0.7547
112.40,113.67,113.68,0,-1.33135,0,|r_qp|,cross-domain,0.0000,0.0000,3.626,0,-1.33135,0,-6.243,-2.772,-4.378,0,-8.793,3.88,-0.2097,2.291,44.38
112.80,114.07,114.08,0,-1.32250,0,|r_qp|,cross-domain,0.0000,0.0000,3.574,0,-1.32250,0,-6.243,-2.772,-4.378,0,-8.793,3.544,-0.2782,-0.7229,-0.3847
113.20,114.47,114.48,0,-1.47886,0,|r_qp|,cross-domain,0.0000,0.0000,3.528,0,-1.47886,0,-6.243,-2.772,-4.378,0,-8.793,1.277,-0.5644,-1.061,-0.7788
113.60,114.87,114.88,0,-1.98050,0,|r_qp|,cross-domain,0.0000,0.0000,3.608,0,-1.98050,0,-6.243,-2.772,-4.378,0,-8.793,-0.5239,-0.2802,1.039,48.74
114.00,115.27,115.28,0,-1.40812,0,|r_qp|,cross-domain,0.0000,0.0000,3.486,0,-1.40812,0,-6.243,-2.772,-4.378,0,-8.793,-0.9312,0.1829,-0.369,0.0327
114.40,115.67,115.68,-1,14.24983,1,e_rec,cross-domain,0.0000,0.0000,3.692,0,14.24983,1,-6.243,-2.772,-4.378,0,-8.793,0.2701,8.633,50,1.975
114.80,116.07,116.08,-1,0.99308,1,e_rec,cross-domain,0.0000,0.0000,3.632,0,0.99308,1,-6.243,-2.772,-4.378,0,-8.793,1.097,28.96,17.32,50
115.20,116.47,116.48,1,8.41931,1,e_rec,cross-domain,0.0000,0.0000,3.633,0,8.41931,1,-6.243,-2.772,-4.378,0,-8.793,1.365,39.23,39.58,4.021
115.60,116.87,116.88,1,11.03349,1,e_rec,cross-domain,0.0000,0.0000,3.579,0,11.03349,1,-6.243,-2.772,-4.378,0,-8.793,3.187,50,50,2.638
116.00,117.27,117.28,1,-0.51160,0,e_rec,cross-domain,0.0000,0.0000,3.570,0,-0.51160,0,-6.243,-2.772,-4.378,0,-8.793,5.961,49.21,17.15,50
116.40,117.67,117.68,1,11.28667,1,e_rec,cross-domain,0.0000,0.0000,3.788,0,11.28667,1,-6.243,-2.772,-4.378,0,-8.793,8.076,48.07,50,5.762
116.80,118.07,118.08,1,11.19975,1,e_rec,cross-domain,0.0000,0.0000,3.515,0,11.19975,1,-6.243,-2.772,-4.378,0,-8.793,8.449,50,50,3.324
117.20,118.47,118.48,1,0.06646,1,e_rec,cross-domain,0.0000,0.0000,3.563,0,0.06646,1,-6.243,-2.772,-4.378,0,-8.793,7.258,50,18.99,50
117.60,118.87,118.88,1,8.83350,1,e_rec,cross-domain,0.0000,0.0000,3.627,0,8.83350,1,-6.243,-2.772,-4.378,0,-8.793,6.304,50,43.07,5.409
118.00,119.27,119.28,1,11.12998,1,e_rec,cross-domain,0.0000,0.0000,3.610,0,11.12998,1,-6.243,-2.772,-4.378,0,-8.793,6.311,50,50,3.146
118.40,119.67,119.68,1,0.53744,1,e_rec,cross-domain,0.0000,0.0000,3.668,0,0.53744,1,-6.243,-2.772,-4.378,0,-8.793,7.235,50,20.44,50
118.80,120.07,120.08,1,10.25856,1,e_rec,cross-domain,0.0000,0.0000,3.596,0,10.25856,1,-6.243,-2.772,-4.378,0,-8.793,8.557,50,47.36,7.309
119.20,120.47,120.48,1,11.23797,1,e_rec,cross-domain,0.0000,0.0000,3.601,0,11.23797,1,-6.243,-2.772,-4.378,0,-8.793,9.877,50,50,3.82
119.60,120.87,120.88,1,0.70286,1,e_rec,cross-domain,0.0000,0.0000,3.574,0,0.70286,1,-6.243,-2.772,-4.378,0,-8.793,10.65,50,20.59,50
120.00,121.27,121.28,1,10.04845,1,e_rec,cross-domain,0.0000,0.0000,3.575,0,10.04845,1,-6.243,-2.772,-4.378,0,-8.793,9.821,50,46.43,5.221
120.40,121.67,121.68,1,11.19446,1,e_rec,cross-domain,0.0000,0.0000,3.550,0,11.19446,1,-6.243,-2.772,-4.378,0,-8.793,7.606,50,50,2.252
120.80,122.07,122.08,1,-0.58097,0,e_rec,cross-domain,0.0000,0.0000,3.646,0,-0.58097,0,-6.243,-2.772,-4.378,0,-8.793,5.647,50,17.16,50
121.20,122.47,122.48,1,8.14480,1,e_rec,cross-domain,0.0000,0.0000,3.672,0,8.14480,1,-6.243,-2.772,-4.378,0,-8.793,5.153,49.75,41.01,5.457
121.60,122.87,122.88,1,11.13647,1,e_rec,cross-domain,0.0000,0.0000,3.617,0,11.13647,1,-6.243,-2.772,-4.378,0,-8.793,6.67,50,50,3.411
122.00,123.27,123.28,1,0.86970,1,e_rec,cross-domain,0.0000,0.0000,3.578,0,0.86970,1,-6.243,-2.772,-4.378,0,-8.793,8.529,50,21.33,50
122.40,123.67,123.68,1,9.04506,1,e_rec,cross-domain,0.0000,0.0000,4.144,0,9.04506,1,-6.243,-2.772,-4.378,0,-8.793,10.22,50,43.5,8.131
122.80,124.07,124.08,1,11.28077,1,e_rec,cross-domain,0.0000,0.0000,3.790,0,11.28077,1,-6.243,-2.772,-4.378,0,-8.793,11.55,50,50,4.491
123.20,124.47,124.48,1,0.43694,1,e_rec,cross-domain,0.0000,0.0000,3.567,0,0.43694,1,-6.243,-2.772,-4.378,0,-8.793,12.12,50,19.61,50
123.60,124.87,124.88,1,11.23754,1,e_rec,cross-domain,0.0000,0.0000,3.720,0,11.23754,1,-6.243,-2.772,-4.378,0,-8.793,10.95,50,50,5.51
124.00,125.27,125.28,1,11.20538,1,e_rec,cross-domain,0.0000,0.0000,3.621,0,11.20538,1,-6.243,-2.772,-4.378,0,-8.793,8.594,50,50,3.295
124.40,125.67,125.68,1,0.98832,1,e_rec,cross-domain,0.0000,0.0000,3.567,0,0.98832,1,-6.243,-2.772,-4.378,0,-8.793,6.594,50,21.9,50
124.80,126.07,126.08,1,11.05212,1,e_rec,cross-domain,0.0000,0.0000,3.716,0,11.05212,1,-6.243,-2.772,-4.378,0,-8.793,6.256,50,50,6.572
125.20,126.47,126.48,1,11.14446,1,e_rec,cross-domain,0.0000,0.0000,3.510,0,11.14446,1,-6.243,-2.772,-4.378,0,-8.793,7.219,50,50,3.904
125.60,126.87,126.88,1,1.72312,1,e_rec,cross-domain,0.0000,0.0000,3.497,0,1.72312,1,-6.243,-2.772,-4.378,0,-8.793,8.121,50,24,50
126.00,127.27,127.28,1,11.09971,1,e_rec,cross-domain,0.0000,0.0000,3.591,0,11.09971,1,-6.243,-2.772,-4.378,0,-8.793,8.704,50,50,8.232
126.40,127.67,127.68,1,11.21292,1,e_rec,cross-domain,0.0000,0.0000,3.663,0,11.21292,1,-6.243,-2.772,-4.378,0,-8.793,9.329,50,50,4.098
126.80,128.07,128.08,1,1.79946,1,e_rec,cross-domain,0.0000,0.0000,3.641,0,1.79946,1,-6.243,-2.772,-4.378,0,-8.793,10.11,50,24.03,50
127.20,128.47,128.48,1,9.20813,1,e_rec,cross-domain,0.0000,0.0000,3.474,0,9.20813,1,-6.243,-2.772,-4.378,0,-8.793,10.21,50,43.83,5.607
127.60,128.87,128.88,1,11.22273,1,e_rec,cross-domain,0.0000,0.0000,3.549,0,11.22273,1,-6.243,-2.772,-4.378,0,-8.793,8.832,50,50,2.882
128.00,129.27,129.28,1,0.38763,1,e_rec,cross-domain,0.0000,0.0000,3.656,0,0.38763,1,-6.243,-2.772,-4.378,0,-8.793,7.739,50,19.93,50
128.40,129.67,129.68,1,11.07838,1,e_rec,cross-domain,0.0000,0.0000,3.556,0,11.07838,1,-6.243,-2.772,-4.378,0,-8.793,7.736,50,50,7.689
128.80,130.07,130.08,1,11.19782,1,e_rec,cross-domain,0.0000,0.0000,3.619,0,11.19782,1,-6.243,-2.772,-4.378,0,-8.793,9.234,50,50,4.631
129.20,130.47,130.48,1,2.09567,1,e_rec,cross-domain,0.0000,0.0000,3.533,0,2.09567,1,-6.243,-2.772,-4.378,0,-8.793,10.36,50,24.91,50
129.60,130.87,130.88,1,11.17901,1,e_rec,cross-domain,0.0000,0.0000,3.600,0,11.17901,1,-6.243,-2.772,-4.378,0,-8.793,9.91,50,50,6.531
130.00,131.27,131.28,1,11.21141,1,e_rec,cross-domain,0.0000,0.0000,3.659,0,11.21141,1,-6.243,-2.772,-4.378,0,-8.793,9.028,50,50,3.698
130.40,131.67,131.68,1,1.63894,1,e_rec,cross-domain,0.0000,0.0000,3.610,0,1.63894,1,-6.243,-2.772,-4.378,0,-8.793,8.067,50,23.75,50
130.80,132.07,132.08,1,11.11817,1,e_rec,cross-domain,0.0000,0.0000,3.621,0,11.11817,1,-6.243,-2.772,-4.378,0,-8.793,7.877,50,50,6.113
131.20,132.47,132.48,1,11.15685,1,e_rec,cross-domain,0.0000,0.0000,3.161,0,11.15685,1,-6.243,-2.772,-4.378,0,-8.793,7.33,50,50,3.518
131.60,132.87,132.88,1,0.50368,1,e_rec,cross-domain,0.0000,0.0000,5.208,0,0.50368,1,-6.243,-2.772,-4.378,0,-8.793,6.72,50,20.39,50
132.00,133.27,133.28,1,11.07364,1,e_rec,cross-domain,0.0000,0.0000,4.807,0,11.07364,1,-6.243,-2.772,-4.378,0,-8.793,6.437,50,50,5.882
132.40,133.67,133.68,1,11.12530,1,e_rec,cross-domain,0.0000,0.0000,4.479,0,11.12530,1,-6.243,-2.772,-4.378,0,-8.793,6.44,50,50,3.557
132.80,134.07,134.08,1,1.47397,1,e_rec,cross-domain,0.0000,0.0000,4.501,0,1.47397,1,-6.243,-2.772,-4.378,0,-8.793,7.072,50,23.35,50
133.20,134.47,134.48,1,-5.07302,0,|r_qp|,cross-domain,0.0000,0.0000,2.704,0,-5.07302,0,-6.243,-2.772,-4.378,0,-8.793,6.449,45.74,-1.135,1.574
133.60,134.87,134.88,1,-3.28025,0,|r_qp|,cross-domain,0.0000,0.0000,5.064,0,-3.28025,0,-6.243,-2.772,-4.378,0,-8.793,4.145,26.43,-0.2541,-0.4558
134.00,135.27,135.28,1,-0.22553,1,|r_qp|,cross-domain,0.0000,0.0000,5.042,0,-0.22553,1,-6.243,-2.772,-4.378,0,-8.793,2.064,7.002,7.729,45.24
134.40,135.67,135.68,1,-1.78796,0,|r_qp|,cross-domain,0.0000,0.0000,6.472,0,-1.78796,0,-6.243,-2.772,-4.378,0,-8.793,0.6533,3.592,-0.8896,-0.2581
134.80,136.07,136.08,1,-1.74010,0,|r_qp|,cross-domain,0.0000,0.0000,4.361,0,-1.74010,0,-6.243,-2.772,-4.378,0,-8.793,0.7807,4.023,-0.6535,-0.3177
135.20,136.47,136.48,1,-1.43462,0,|r_qp|,cross-domain,0.0000,0.0000,4.552,0,-1.43462,0,-6.243,-2.772,-4.378,0,-8.793,0.9899,4.57,3.841,50
135.60,136.87,136.88,1,-1.93529,0,|r_qp|,cross-domain,0.0000,0.0000,4.002,0,-1.93529,0,-6.243,-2.772,-4.378,0,-8.793,0.5879,3.863,-1.173,1.159
136.00,137.27,137.28,1,-1.79787,0,|r_qp|,cross-domain,0.0000,0.0000,4.323,0,-1.79787,0,-6.243,-2.772,-4.378,0,-8.793,-0.06733,2.409,-1.169,-0.7685
136.40,137.67,137.68,1,-1.50906,0,|r_qp|,cross-domain,0.0000,0.0000,4.115,0,-1.50906,0,-6.243,-2.772,-4.378,0,-8.793,-0.9957,1.633,3.1,50
136.80,138.07,138.08,1,-1.66273,0,|r_qp|,cross-domain,0.0000,0.0000,3.798,0,-1.66273,0,-6.243,-2.772,-4.378,0,-8.793,-1.214,1.17,-0.7912,1.346
137.20,138.47,138.48,1,-1.35472,0,|r_qp|,cross-domain,0.0000,0.0000,3.950,0,-1.35472,0,-6.243,-2.772,-4.378,0,-8.793,0.3519,1.539,-0.06325,-0.791
137.60,138.87,138.88,1,0.13061,1,|r_qp|,cross-domain,0.0000,0.0000,5.285,0,0.13061,1,-6.243,-2.772,-4.378,0,-8.793,2.409,2.402,7.61,44.54
138.00,139.27,139.28,1,-1.45342,0,|r_qp|,cross-domain,0.0000,0.0000,4.704,0,-1.45342,0,-6.243,-2.772,-4.378,0,-8.793,2.986,2.369,-0.3465,0.6255
138.40,139.67,139.68,1,-1.73889,0,|r_qp|,cross-domain,0.0000,0.0000,4.284,0,-1.73889,0,-6.243,-2.772,-4.378,0,-8.793,2.101,2.36,-1.217,-0.579
138.80,140.07,140.08,1,-1.02106,0,|r_qp|,cross-domain,0.0000,0.0000,4.025,0,-1.02106,0,-6.243,-2.772,-4.378,0,-8.793,0.4747,2.61,4.689,50
139.20,140.47,140.48,1,-1.83746,0,|r_qp|,cross-domain,0.0000,0.0000,4.105,0,-1.83746,0,-6.243,-2.772,-4.378,0,-8.793,-0.1645,2.846,-1.087,0.5025
139.60,140.87,140.88,1,-1.76918,0,|r_qp|,cross-domain,0.0000,0.0000,4.383,0,-1.76918,0,-6.243,-2.772,-4.378,0,-8.793,-0.4228,2.528,-0.9954,-0.4989
140.00,141.27,141.28,1,-0.44341,0,|r_qp|,cross-domain,0.0000,0.0000,4.225,0,-0.44341,0,-6.243,-2.772,-4.378,0,-8.793,-0.4515,2.519,6.287,46.21
140.40,141.67,141.68,1,-1.72018,0,|r_qp|,cross-domain,0.0000,0.0000,3.766,0,-1.72018,0,-6.243,-2.772,-4.378,0,-8.793,-0.3962,1.938,-0.8714,1.272
140.80,142.07,142.08,1,-1.68890,0,|r_qp|,cross-domain,0.0000,0.0000,5.226,0,-1.68890,0,-6.243,-2.772,-4.378,0,-8.793,0.2208,1.46,-1.103,-0.8425
141.20,142.47,142.48,1,-0.08904,1,|r_qp|,cross-domain,0.0000,0.0000,4.670,0,-0.08904,1,-6.243,-2.772,-4.378,0,-8.793,0.4567,1.493,6.624,40.26
141.60,142.87,142.88,1,-1.60149,0,|r_qp|,cross-domain,0.0000,0.0000,4.070,0,-1.60149,0,-6.243,-2.772,-4.378,0,-8.793,0.3792,1.097,-0.8378,0.6464
142.00,143.27,143.28,1,-1.74095,0,|r_qp|,cross-domain,0.0000,0.0000,4.388,0,-1.74095,0,-6.243,-2.772,-4.378,0,-8.793,-0.4977,0.8341,-1.327,-0.6373
142.40,143.67,143.68,1,-0.42643,0,|r_qp|,cross-domain,0.0000,0.0000,3.962,0,-0.42643,0,-6.243,-2.772,-4.378,0,-8.793,-0.869,0.8167,5.866,44.76
142.80,144.07,144.08,1,-1.63571,0,|r_qp|,cross-domain,0.0000,0.0000,3.769,0,-1.63571,0,-6.243,-2.772,-4.378,0,-8.793,-0.5569,0.5174,-0.9767,0.7876
143.20,144.47,144.48,1,-1.66196,0,|r_qp|,cross-domain,0.0000,0.0000,3.864,0,-1.66196,0,-6.243,-2.772,-4.378,0,-8.793,0.09855,0.3786,-1.267,-0.7575
143.60,144.87,144.88,1,-1.10202,0,|r_qp|,cross-domain,0.0000,0.0000,5.911,0,-1.10202,0,-6.243,-2.772,-4.378,0,-8.793,0.6481,0.9749,4.018,50
144.00,145.27,145.28,1,-1.51828,0,|r_qp|,cross-domain,0.0000,0.0000,5.002,0,-1.51828,0,-6.243,-2.772,-4.378,0,-8.793,0.8037,1.35,-0.5456,0.9165
144.40,145.67,145.68,1,-1.50208,0,|r_qp|,cross-domain,0.0000,0.0000,4.671,0,-1.50208,0,-6.243,-2.772,-4.378,0,-8.793,1.493,1.897,-0.5481,-0.7494
144.80,146.07,146.08,1,-0.77845,0,|r_qp|,cross-domain,0.0000,0.0000,4.249,0,-0.77845,0,-6.243,-2.772,-4.378,0,-8.793,2.246,2.769,5.115,47.48
145.20,146.47,146.48,1,-1.73053,0,|r_qp|,cross-domain,0.0000,0.0000,4.266,0,-1.73053,0,-6.243,-2.772,-4.378,0,-8.793,2.379,2.863,-1.036,0.3171
145.60,146.87,146.88,1,-1.25705,0,|r_qp|,cross-domain,0.0000,0.0000,3.850,0,-1.25705,0,-6.243,-2.772,-4.378,0,-8.793,1.67,3.458,0.5732,-0.7475
146.00,147.27,147.28,1,-1.20261,0,|r_qp|,cross-domain,0.0000,0.0000,3.603,0,-1.20261,0,-6.243,-2.772,-4.378,0,-8.793,0.3439,4.41,4.586,50
146.40,147.67,147.68,1,-1.65685,0,|r_qp|,cross-domain,0.0000,0.0000,3.925,0,-1.65685,0,-6.243,-2.772,-4.378,0,-8.793,-0.2262,4.595,-0.09291,0.502
146.80,148.07,148.08,1,-1.47422,0,|r_qp|,cross-domain,0.0000,0.0000,5.330,0,-1.47422,0,-6.243,-2.772,-4.378,0,-8.793,-0.471,5.683,0.6835,-0.6779
147.20,148.47,148.48,1,-1.30821,0,|r_qp|,cross-domain,0.0000,0.0000,4.864,0,-1.30821,0,-6.243,-2.772,-4.378,0,-8.793,0.08568,7.461,5.039,50
147.60,148.87,148.88,1,-2.05795,0,|r_qp|,cross-domain,0.0000,0.0000,4.124,0,-2.05795,0,-6.243,-2.772,-4.378,0,-8.793,0.6764,7.072,-0.753,1.42
148.00,149.27,149.28,1,-1.89617,0,|r_qp|,cross-domain,0.0000,0.0000,3.879,0,-1.89617,0,-6.243,-2.772,-4.378,0,-8.793,1.505,4.931,-1.018,-0.7504
148.40,149.67,149.68,1,-1.76331,0,|r_qp|,cross-domain,0.0000,0.0000,4.130,0,-1.76331,0,-6.243,-2.772,-4.378,0,-8.793,1.861,1.661,2.001,49.74
148.80,150.07,150.08,-1,-1.45037,0,|r_qp|,cross-domain,0.0000,0.0000,3.945,0,-1.45037,0,-6.243,-2.772,-4.378,0,-8.793,1.707,0.4357,-0.7312,-0.1674
149.20,150.47,150.48,-1,-1.42184,0,|r_qp|,cross-domain,0.0000,0.0000,3.950,0,-1.42184,0,-6.243,-2.772,-4.378,0,-8.793,1.111,1.071,-0.4274,-0.2248
149.60,150.87,150.88,-1,-1.81661,0,|r_qp|,cross-domain,0.0000,0.0000,3.954,0,-1.81661,0,-6.243,-2.772,-4.378,0,-8.793,0.6076,2.067,2.088,50
150.00,151.27,151.28,-1,-1.69254,0,|r_qp|,cross-domain,0.0000,0.0000,5.327,0,-1.69254,0,-6.243,-2.772,-4.378,0,-8.793,0.4202,2.934,-0.7261,-0.1655
150.40,151.67,151.68,-1,-1.74653,0,|r_qp|,cross-domain,0.0000,0.0000,4.829,0,-1.74653,0,-6.243,-2.772,-4.378,0,-8.793,0.3422,2.247,-1.087,-0.6499
150.80,152.07,152.08,-1,-1.34481,0,|r_qp|,cross-domain,0.0000,0.0000,4.169,0,-1.34481,0,-6.243,-2.772,-4.378,0,-8.793,1.344,1.943,3.349,48.76
151.20,152.47,152.48,-1,-0.86330,0,|r_qp|,cross-domain,0.0000,0.0000,3.971,0,-0.86330,0,-6.243,-2.772,-4.378,0,-8.793,2.481,1.652,1.347,0.5747
151.60,152.87,152.88,-1,-1.01740,0,|r_qp|,cross-domain,0.0000,0.0000,4.035,0,-1.01740,0,-6.243,-2.772,-4.378,0,-8.793,4.536,1.445,0.5116,-0.7507
152.00,153.27,153.28,-1,-1.36860,0,|r_qp|,cross-domain,0.0000,0.0000,4.100,0,-1.36860,0,-6.243,-2.772,-4.378,0,-8.793,5.391,0.9624,2.587,48.51
152.40,153.67,153.68,-1,-1.04159,0,|r_qp|,cross-domain,0.0000,0.0000,4.014,0,-1.04159,0,-6.243,-2.772,-4.378,0,-8.793,4.625,1.054,0.4087,0.382
152.80,154.07,154.08,-1,-1.20174,0,|r_qp|,cross-domain,0.0000,0.0000,2.729,0,-1.20174,0,-6.243,-2.772,-4.378,0,-8.793,2.702,2.857,0.5024,-0.5074
153.20,154.47,154.48,-1,-2.14602,0,|r_qp|,cross-domain,0.0000,0.0000,4.942,0,-2.14602,0,-6.243,-2.772,-4.378,0,-8.793,0.8603,4.783,1.714,50
153.60,154.87,154.88,-1,-1.87053,0,|r_qp|,cross-domain,0.0000,0.0000,4.337,0,-1.87053,0,-6.243,-2.772,-4.378,0,-8.793,0.3514,5.866,-0.5303,0.06217
154.00,155.27,155.28,-1,-1.80243,0,|r_qp|,cross-domain,0.0000,0.0000,4.014,0,-1.80243,0,-6.243,-2.772,-4.378,0,-8.793,0.5162,3.836,-0.8865,-0.6532
154.40,155.67,155.68,-1,-1.56500,0,|r_qp|,cross-domain,0.0000,0.0000,4.051,0,-1.56500,0,-6.243,-2.772,-4.378,0,-8.793,1.478,1.944,2.741,50
154.80,156.07,156.08,-1,-0.77510,0,|r_qp|,cross-domain,0.0000,0.0000,3.854,0,-0.77510,0,-6.243,-2.772,-4.378,0,-8.793,2.741,0.7878,1.386,0.6882
155.20,156.47,156.48,-1,-1.05942,0,|r_qp|,cross-domain,0.0000,0.0000,3.714,0,-1.05942,0,-6.243,-2.772,-4.378,0,-8.793,4.463,0.9585,0.2793,-0.6145
155.60,156.87,156.88,-1,-1.41188,0,|r_qp|,cross-domain,0.0000,0.0000,3.746,0,-1.41188,0,-6.243,-2.772,-4.378,0,-8.793,5.322,0.9184,2.414,47.98
156.00,157.27,157.28,-1,-1.35259,0,|r_qp|,cross-domain,0.0000,0.0000,5.185,0,-1.35259,0,-6.243,-2.772,-4.378,0,-8.793,4.51,1.199,-0.5442,-0.2309
156.40,157.67,157.68,-1,-1.58889,0,|r_qp|,cross-domain,0.0000,0.0000,5.046,0,-1.58889,0,-6.243,-2.772,-4.378,0,-8.793,2.171,0.8576,-1.133,-0.5894
156.80,158.07,158.08,-1,-1.65664,0,|r_qp|,cross-domain,0.0000,0.0000,4.438,0,-1.65664,0,-6.243,-2.772,-4.378,0,-8.793,0.432,0.5289,1.909,45.44
157.20,158.47,158.48,-1,-1.13675,0,|r_qp|,cross-domain,0.0000,0.0000,4.696,0,-1.13675,0,-6.243,-2.772,-4.378,0,-8.793,0.4023,0.2118,0.3364,0.08073
157.60,158.87,158.88,-1,-1.37307,0,|r_qp|,cross-domain,0.0000,0.0000,4.207,0,-1.37307,0,-6.243,-2.772,-4.378,0,-8.793,1.695,-0.01577,-0.6407,-0.7226
158.00,159.27,159.28,-1,-1.09755,0,|r_qp|,cross-domain,0.0000,0.0000,3.859,0,-1.09755,0,-6.243,-2.772,-4.378,0,-8.793,3.297,-0.07452,3.445,49.31
158.40,159.67,159.68,-1,-0.83995,0,|r_qp|,cross-domain,0.0000,0.0000,3.946,0,-0.83995,0,-6.243,-2.772,-4.378,0,-8.793,4.182,0.07174,0.8353,0.3737
158.80,160.07,160.08,-1,-1.15342,0,|r_qp|,cross-domain,0.0000,0.0000,3.654,0,-1.15342,0,-6.243,-2.772,-4.378,0,-8.793,4.743,0.02552,-0.2791,-0.7493
159.20,160.47,160.48,-1,-1.41421,0,|r_qp|,cross-domain,0.0000,0.0000,5.347,0,-1.41421,0,-6.243,-2.772,-4.378,0,-8.793,4.755,0.1683,1.899,42.38
159.60,160.87,160.88,-1,-1.29360,0,|r_qp|,cross-domain,0.0000,0.0000,4.808,0,-1.29360,0,-6.243,-2.772,-4.378,0,-8.793,3.904,0.02764,-0.5876,-0.2508
160.00,161.27,161.28,-1,-1.39721,0,|r_qp|,cross-domain,0.0000,0.0000,4.746,0,-1.39721,0,-6.243,-2.772,-4.378,0,-8.793,2.608,-0.04378,-0.8159,-0.6758
160.40,161.67,161.68,-1,-1.39132,0,|r_qp|,cross-domain,0.0000,0.0000,4.286,0,-1.39132,0,-6.243,-2.772,-4.378,0,-8.793,1.549,-0.1296,2.723,49.48
160.80,162.07,162.08,-1,-1.22285,0,|r_qp|,cross-domain,0.0000,0.0000,4.754,0,-1.22285,0,-6.243,-2.772,-4.378,0,-8.793,1.583,0.2878,-0.03716,0.06303
161.20,162.47,162.48,-1,-1.29623,0,|r_qp|,cross-domain,0.0000,0.0000,4.033,0,-1.29623,0,-6.243,-2.772,-4.378,0,-8.793,2.454,0.05436,-0.4734,-0.8126
161.60,162.87,162.88,-1,-1.28623,0,|r_qp|,cross-domain,0.0000,0.0000,4.035,0,-1.28623,0,-6.243,-2.772,-4.378,0,-8.793,3.454,0.2547,2.693,45.88
162.00,163.27,163.28,-1,-0.39499,0,|r_qp|,cross-domain,0.0000,0.0000,3.708,0,-0.39499,0,-6.243,-2.772,-4.378,0,-8.793,4.304,0.2927,2.269,0.6742
162.40,163.67,163.68,-1,-0.82749,0,|r_qp|,cross-domain,0.0000,0.0000,5.249,0,-0.82749,0,-6.243,-2.772,-4.378,0,-8.793,5.378,0.019,0.6602,-0.6996
162.80,164.07,164.08,-1,-1.28227,0,|r_qp|,cross-domain,0.0000,0.0000,4.500,0,-1.28227,0,-6.243,-2.772,-4.378,0,-8.793,5.826,0.08259,2.214,43.01
163.20,164.47,164.48,-1,-1.11306,0,|r_qp|,cross-domain,0.0000,0.0000,4.148,0,-1.11306,0,-6.243,-2.772,-4.378,0,-8.793,4.901,-0.000335,-0.149,-0.3264
163.60,164.87,164.88,-1,-1.45351,0,|r_qp|,cross-domain,0.0000,0.0000,4.127,0,-1.45351,0,-6.243,-2.772,-4.378,0,-8.793,2.368,-0.06653,-0.9406,-0.2501
164.00,165.27,165.28,-1,-2.00214,0,|r_qp|,cross-domain,0.0000,0.0000,3.875,0,-2.00214,0,-6.243,-2.772,-4.378,0,-8.793,0.07297,-0.02909,1.057,50
164.40,165.67,165.68,-1,-1.66501,0,|r_qp|,cross-domain,0.0000,0.0000,3.751,0,-1.66501,0,-6.243,-2.772,-4.378,0,-8.793,-0.5827,0.5558,-1.104,0.06167
164.80,166.07,166.08,-1,-1.59037,0,|r_qp|,cross-domain,0.0000,0.0000,4.381,0,-1.59037,0,-6.243,-2.772,-4.378,0,-8.793,-0.8049,0.1432,-1.013,-0.8303
165.20,166.47,166.48,-1,-0.99246,0,|r_qp|,cross-domain,0.0000,0.0000,5.479,0,-0.99246,0,-6.243,-2.772,-4.378,0,-8.793,0.08416,0.02114,3.448,39.28
165.60,166.87,166.88,-1,-0.81857,0,|r_qp|,cross-domain,0.0000,0.0000,4.762,0,-0.81857,0,-6.243,-2.772,-4.378,0,-8.793,1.049,-0.4361,1.114,0.4373
166.00,167.27,167.28,-1,-1.00204,0,|r_qp|,cross-domain,0.0000,0.0000,4.200,0,-1.00204,0,-6.243,-2.772,-4.378,0,-8.793,3.354,-0.4856,0.2071,-0.7846
166.40,167.67,167.68,-1,-1.32285,0,|r_qp|,cross-domain,0.0000,0.0000,4.495,0,-1.32285,0,-6.243,-2.772,-4.378,0,-8.793,4.725,-0.4718,2.307,46.47
166.80,168.07,168.08,-1,-1.46043,0,|r_qp|,cross-domain,0.0000,0.0000,4.159,0,-1.46043,0,-6.243,-2.772,-4.378,0,-8.793,4.17,0.1304,-1.105,-0.2553
167.20,168.47,168.48,-1,-1.55013,0,|r_qp|,cross-domain,0.0000,0.0000,4.049,0,-1.55013,0,-6.243,-2.772,-4.378,0,-8.793,1.659,-0.3561,-1.266,-0.7091
167.60,168.87,168.88,-1,-1.21984,0,|r_qp|,cross-domain,0.0000,0.0000,4.048,0,-1.21984,0,-6.243,-2.772,-4.378,0,-8.793,-0.5053,-0.269,2.713,38.91
168.00,169.27,169.28,-1,-1.51257,0,|r_qp|,cross-domain,0.0000,0.0000,4.897,0,-1.51257,0,-6.243,-2.772,-4.378,0,-8.793,-0.9453,-0.4726,-0.8683,-0.2206
168.40,169.67,169.68,-1,-1.48979,0,|r_qp|,cross-domain,0.0000,0.0000,5.295,0,-1.48979,0,-6.243,-2.772,-4.378,0,-8.793,-0.1631,-0.6159,-0.9476,-0.6749
168.80,170.07,170.08,-1,-1.66039,0,|r_qp|,cross-domain,0.0000,0.0000,4.549,0,-1.66039,0,-6.243,-2.772,-4.378,0,-8.793,1.106,-0.2248,1.952,50
169.20,170.47,170.48,-1,-1.36538,0,|r_qp|,cross-domain,0.0000,0.0000,4.072,0,-1.36538,0,-6.243,-2.772,-4.378,0,-8.793,1.77,0.4808,-0.4189,0.5032
169.60,170.87,170.88,-1,-1.40131,0,|r_qp|,cross-domain,0.0000,0.0000,4.147,0,-1.40131,0,-6.243,-2.772,-4.378,0,-8.793,2.621,0.2112,-0.7821,-0.8943
170.00,171.27,171.28,-1,-0.60476,0,|r_qp|,cross-domain,0.0000,0.0000,4.284,0,-0.60476,0,-6.243,-2.772,-4.378,0,-8.793,3.064,0.06387,4.215,37.49
170.40,171.67,171.68,-1,-1.48832,0,|r_qp|,cross-domain,0.0000,0.0000,3.845,0,-1.48832,0,-6.243,-2.772,-4.378,0,-8.793,2.624,-0.4327,-1.174,-0.3786
170.80,172.07,172.08,-1,-1.51401,0,|r_qp|,cross-domain,0.0000,0.0000,3.834,0,-1.51401,0,-6.243,-2.772,-4.378,0,-8.793,1.502,-0.6903,-1.229,-0.8495
171.20,172.47,172.48,-1,-1.39052,0,|r_qp|,cross-domain,0.0000,0.0000,3.770,0,-1.39052,0,-6.243,-2.772,-4.378,0,-8.793,0.2228,-0.5375,2.187,41.01
171.60,172.87,172.88,-1,-1.42473,0,|r_qp|,cross-domain,0.0000,0.0000,5.199,0,-1.42473,0,-6.243,-2.772,-4.378,0,-8.793,-0.1107,-0.4413,-0.6478,0.2282
172.00,173.27,173.28,-1,-1.41395,0,|r_qp|,cross-domain,0.0000,0.0000,4.696,0,-1.41395,0,-6.243,-2.772,-4.378,0,-8.793,0.6598,-0.5409,-0.7959,-0.8679
172.40,173.67,173.68,-1,-1.54633,0,|r_qp|,cross-domain,0.0000,0.0000,3.919,0,-1.54633,0,-6.243,-2.772,-4.378,0,-8.793,1.622,-0.1765,1.935,45.23
172.80,174.07,174.08,-1,-1.13050,0,|r_qp|,cross-domain,0.0000,0.0000,4.292,0,-1.13050,0,-6.243,-2.772,-4.378,0,-8.793,2.411,-0.07088,0.1354,1.002
173.20,174.47,174.48,-1,-1.34399,0,|r_qp|,cross-domain,0.0000,0.0000,3.899,0,-1.34399,0,-6.243,-2.772,-4.378,0,-8.793,2.798,-0.278,-0.7392,-0.8137
173.60,174.87,174.88,-1,-0.37167,0,|r_qp|,cross-domain,0.0000,0.0000,3.856,0,-0.37167,0,-6.243,-2.772,-4.378,0,-8.793,3.487,-0.3754,4.564,34.32
174.00,175.27,175.28,-1,-1.33170,0,|r_qp|,cross-domain,0.0000,0.0000,4.055,0,-1.33170,0,-6.243,-2.772,-4.378,0,-8.793,3.388,-0.006836,-0.6592,-0.2568
174.40,175.67,175.68,-1,-1.55669,0,|r_qp|,cross-domain,0.0000,0.0000,3.047,0,-1.55669,0,-6.243,-2.772,-4.378,0,-8.793,2.269,-0.2336,-1.314,-0.6161
174.80,176.07,176.08,-1,-1.48262,0,|r_qp|,cross-domain,0.0000,0.0000,4.996,0,-1.48262,0,-6.243,-2.772,-4.378,0,-8.793,1.301,-0.09063,2.158,44.81
175.20,176.47,176.48,-1,-1.23382,0,|r_qp|,cross-domain,0.0000,0.0000,3.996,0,-1.23382,0,-6.243,-2.772,-4.378,0,-8.793,0.9437,0.2321,-0.001289,0.2887
175.60,176.87,176.88,-1,-1.30071,0,|r_qp|,cross-domain,0.0000,0.0000,3.935,0,-1.30071,0,-6.243,-2.772,-4.378,0,-8.793,1.954,0.05339,-0.4342,-0.8116
176.00,177.27,177.28,-1,-1.55653,0,|r_qp|,cross-domain,0.0000,0.0000,4.204,0,-1.55653,0,-6.243,-2.772,-4.378,0,-8.793,2.724,0.009624,1.992,47.57
176.40,177.67,177.68,-1,-1.10023,0,|r_qp|,cross-domain,0.0000,0.0000,3.609,0,-1.10023,0,-6.243,-2.772,-4.378,0,-8.793,3.214,-0.1979,0.09247,0.7138
176.80,178.07,178.08,-1,-1.05419,0,|r_qp|,cross-domain,0.0000,0.0000,3.627,0,-1.05419,0,-6.243,-2.772,-4.378,0,-8.793,3.631,-0.658,-0.02909,-0.8352
177.20,178.47,178.48,-1,-0.63952,0,|r_qp|,cross-domain,0.0000,0.0000,3.829,0,-0.63952,0,-6.243,-2.772,-4.378,0,-8.793,3.9,-0.6489,3.824,37.21
177.60,178.87,178.88,-1,-1.44641,0,|r_qp|,cross-domain,0.0000,0.0000,5.335,0,-1.44641,0,-6.243,-2.772,-4.378,0,-8.793,3.311,-0.5482,-1.129,-0.1245
178.00,179.27,179.28,-1,-1.44913,0,|r_qp|,cross-domain,0.0000,0.0000,5.145,0,-1.44913,0,-6.243,-2.772,-4.378,0,-8.793,1.606,-0.7744,-1.061,-0.8435
178.40,179.67,179.68,-1,-1.15273,0,|r_qp|,cross-domain,0.0000,0.0000,3.974,0,-1.15273,0,-6.243,-2.772,-4.378,0,-8.793,-0.0393,-0.6556,3.022,42.51
178.80,180.07,180.08,-1,-1.41026,0,|r_qp|,cross-domain,0.0000,0.0000,3.853,0,-1.41026,0,-6.243,-2.772,-4.378,0,-8.793,-0.3054,-0.5139,-0.6106,0.0776
179.20,180.47,180.48,-1,-1.44732,0,|r_qp|,cross-domain,0.0000,0.0000,4.131,0,-1.44732,0,-6.243,-2.772,-4.378,0,-8.793,0.3523,-0.503,-0.8556,-0.8504
179.60,180.87,180.88,0,-1.29870,0,|r_qp|,cross-domain,0.0000,0.0000,3.812,0,-1.29870,0,-6.243,-2.772,-4.378,0,-8.793,1.448,-0.1719,2.481,41.75
180.00,181.27,181.28,0,-1.21145,0,|r_qp|,cross-domain,0.0000,0.0000,3.871,0,-1.21145,0,-6.243,-2.772,-4.378,0,-8.793,2.068,0.03018,-0.07226,0.7172
180.40,181.67,181.68,0,-1.29629,0,|r_qp|,cross-domain,0.0000,0.0000,3.709,0,-1.29629,0,-6.243,-2.772,-4.378,0,-8.793,2.848,-0.5026,-0.6569,-0.8757
180.80,182.07,182.08,0,-1.17409,0,|r_qp|,cross-domain,0.0000,0.0000,5.351,0,-1.17409,0,-6.243,-2.772,-4.378,0,-8.793,3.321,-0.507,2.402,39.1
181.20,182.47,182.48,0,-1.24420,0,|r_qp|,cross-domain,0.0000,0.0000,4.724,0,-1.24420,0,-6.243,-2.772,-4.378,0,-8.793,3.109,-0.4016,-0.4266,0.1863
181.60,182.87,182.88,0,-1.40144,0,|r_qp|,cross-domain,0.0000,0.0000,4.010,0,-1.40144,0,-6.243,-2.772,-4.378,0,-8.793,2.278,-0.4283,-0.8993,-0.8318
182.00,183.27,183.28,0,-1.70801,0,|r_qp|,cross-domain,0.0000,0.0000,4.102,0,-1.70801,0,-6.243,-2.772,-4.378,0,-8.793,1.337,-0.1145,1.493,45.39
182.40,183.67,183.68,0,-1.51251,0,|r_qp|,cross-domain,0.0000,0.0000,3.868,0,-1.51251,0,-6.243,-2.772,-4.378,0,-8.793,1.038,-0.1145,-0.9504,0.3712
182.80,184.07,184.08,0,-1.47725,0,|r_qp|,cross-domain,0.0000,0.0000,3.646,0,-1.47725,0,-6.243,-2.772,-4.378,0,-8.793,0.8737,-0.4416,-0.983,-0.7745
183.20,184.47,184.48,0,-1.10934,0,|r_qp|,cross-domain,0.0000,0.0000,3.772,0,-1.10934,0,-6.243,-2.772,-4.378,0,-8.793,1.611,-0.3322,2.953,40.95
183.60,184.87,184.88,0,-0.90424,0,|r_qp|,cross-domain,0.0000,0.0000,2.752,0,-0.90424,0,-6.243,-2.772,-4.378,0,-8.793,2.393,-0.1714,0.8026,0.888
184.00,185.27,185.28,0,-0.92371,0,|r_qp|,cross-domain,0.0000,0.0000,5.342,0,-0.92371,0,-6.243,-2.772,-4.378,0,-8.793,4.035,-0.3772,0.404,-0.7691
184.40,185.67,185.68,0,-1.19384,0,|r_qp|,cross-domain,0.0000,0.0000,4.509,0,-1.19384,0,-6.243,-2.772,-4.378,0,-8.793,4.941,-0.3001,2.48,42.92
184.80,186.07,186.08,0,-1.29004,0,|r_qp|,cross-domain,0.0000,0.0000,4.137,0,-1.29004,0,-6.243,-2.772,-4.378,0,-8.793,4.317,-0.2968,-0.7052,-0.321
185.20,186.47,186.48,0,-1.52704,0,|r_qp|,cross-domain,0.0000,0.0000,4.050,0,-1.52704,0,-6.243,-2.772,-4.378,0,-8.793,2.05,-0.4883,-1.275,-0.7959
185.60,186.87,186.88,0,-1.31102,0,|r_qp|,cross-domain,0.0000,0.0000,3.484,0,-1.31102,0,-6.243,-2.772,-4.378,0,-8.793,0.03407,-0.5022,2.584,42.82
186.00,187.27,187.28,0,-1.46546,0,|r_qp|,cross-domain,0.0000,0.0000,3.736,0,-1.46546,0,-6.243,-2.772,-4.378,0,-8.793,-0.3822,-0.3132,-0.6941,0.5037
186.40,187.67,187.68,0,-1.52140,0,|r_qp|,cross-domain,0.0000,0.0000,3.989,0,-1.52140,0,-6.243,-2.772,-4.378,0,-8.793,0.3278,-0.6336,-1.107,-0.7582
186.80,188.07,188.08,0,-0.64573,0,|r_qp|,cross-domain,0.0000,0.0000,5.345,0,-0.64573,0,-6.243,-2.772,-4.378,0,-8.793,1.546,-0.6313,3.965,35.82
187.20,188.47,188.48,0,-0.82402,0,|r_qp|,cross-domain,0.0000,0.0000,4.729,0,-0.82402,0,-6.243,-2.772,-4.378,0,-8.793,2.478,-0.4392,0.9777,0.9275
187.60,188.87,188.88,0,-1.05746,0,|r_qp|,cross-domain,0.0000,0.0000,3.678,0,-1.05746,0,-6.243,-2.772,-4.378,0,-8.793,3.873,-0.5338,-0.03436,-0.8359
188.00,189.27,189.28,0,-0.30553,1,|r_qp|,cross-domain,0.0000,0.0000,3.786,0,-0.30553,1,-6.243,-2.772,-4.378,0,-8.793,4.8,-0.3221,4.539,32.82
188.40,189.67,189.68,0,-1.24739,0,|r_qp|,cross-domain,0.0000,0.0000,4.215,0,-1.24739,0,-6.243,-2.772,-4.378,0,-8.793,4.573,0.08262,-0.4614,0.3536
188.80,190.07,190.08,0,-1.50557,0,|r_qp|,cross-domain,0.0000,0.0000,3.643,0,-1.50557,0,-6.243,-2.772,-4.378,0,-8.793,3.254,0.0248,-1.212,-0.8264
189.20,190.47,190.48,0,-0.48147,0,|r_qp|,cross-domain,0.0000,0.0000,3.816,0,-0.48147,0,-6.243,-2.772,-4.378,0,-8.793,1.962,0.1995,4.527,34.28
189.60,190.87,190.88,0,-1.25506,0,|r_qp|,cross-domain,0.0000,0.0000,3.557,0,-1.25506,0,-6.243,-2.772,-4.378,0,-8.793,1.642,0.1886,-0.1264,0.6602
190.00,191.27,191.28,0,-1.46653,0,|r_qp|,cross-domain,0.0000,0.0000,5.308,0,-1.46653,0,-6.243,-2.772,-4.378,0,-8.793,2.008,-0.385,-1.057,-0.7797
190.40,191.67,191.68,0,-0.52847,0,|r_qp|,cross-domain,0.0000,0.0000,4.876,0,-0.52847,0,-6.243,-2.772,-4.378,0,-8.793,2.847,-0.2472,3.936,30.75
190.80,192.07,192.08,0,-0.74718,0,|r_qp|,cross-domain,0.0000,0.0000,4.235,0,-0.74718,0,-6.243,-2.772,-4.378,0,-8.793,3.576,-0.1544,1.13,0.3764
191.20,192.47,192.48,0,-0.85399,0,|r_qp|,cross-domain,0.0000,0.0000,4.255,0,-0.85399,0,-6.243,-2.772,-4.378,0,-8.793,4.86,-0.5045,0.4998,-0.7709
191.60,192.87,192.88,0,-0.92062,0,|r_qp|,cross-domain,0.0000,0.0000,3.594,0,-0.92062,0,-6.243,-2.772,-4.378,0,-8.793,5.433,-0.2029,2.904,37.2
192.00,193.27,193.28,0,-1.35656,0,|r_qp|,cross-domain,0.0000,0.0000,3.901,0,-1.35656,0,-6.243,-2.772,-4.378,0,-8.793,4.313,-0.1283,-0.8381,0.1224
192.40,193.67,193.68,0,-1.47122,0,|r_qp|,cross-domain,0.0000,0.0000,3.877,0,-1.47122,0,-6.243,-2.772,-4.378,0,-8.793,1.569,-0.4116,-1.031,-0.7816
192.80,194.07,194.08,0,-0.94715,0,|r_qp|,cross-domain,0.0000,0.0000,3.646,0,-0.94715,0,-6.243,-2.772,-4.378,0,-8.793,-0.6576,-0.3252,3.23,34.14
193.20,194.47,194.48,0,-1.53235,0,|r_qp|,cross-domain,0.0000,0.0000,5.088,0,-1.53235,0,-6.243,-2.772,-4.378,0,-8.793,-0.6382,-0.311,-0.8501,0.8331
193.60,194.87,194.88,0,-1.55476,0,|r_qp|,cross-domain,0.0000,0.0000,3.707,0,-1.55476,0,-6.243,-2.772,-4.378,0,-8.793,0.428,-0.262,-1.132,-0.7974
194.00,195.27,195.28,0,-1.06173,0,|r_qp|,cross-domain,0.0000,0.0000,3.675,0,-1.06173,0,-6.243,-2.772,-4.378,0,-8.793,1.722,0.1323,2.62,32.43
194.40,195.67,195.68,0,-0.75228,0,|r_qp|,cross-domain,0.0000,0.0000,3.675,0,-0.75228,0,-6.243,-2.772,-4.378,0,-8.793,2.548,0.2749,1.379,1.095
194.80,196.07,196.08,0,-1.16554,0,|r_qp|,cross-domain,0.0000,0.0000,3.617,0,-1.16554,0,-6.243,-2.772,-4.378,0,-8.793,3.964,0.03501,-0.2242,-0.6446
195.20,196.47,196.48,0,-0.19071,1,|r_qp|,cross-domain,0.0000,0.0000,3.485,0,-0.19071,1,-6.243,-2.772,-4.378,0,-8.793,4.917,0.1846,4.771,29.39
195.60,196.87,196.88,0,-1.50186,0,|r_qp|,cross-domain,0.0000,0.0000,3.365,0,-1.50186,0,-6.243,-2.772,-4.378,0,-8.793,4.459,0.2959,-1.165,0.5986
196.00,197.27,197.28,0,-1.53862,0,|r_qp|,cross-domain,0.0000,0.0000,4.128,0,-1.53862,0,-6.243,-2.772,-4.378,0,-8.793,2.385,0.06891,-1.196,-0.6058
196.40,197.67,197.68,0,-0.89041,0,|r_qp|,cross-domain,0.0000,0.0000,4.114,0,-0.89041,0,-6.243,-2.772,-4.378,0,-8.793,0.633,0.2476,3.709,38.52
196.80,198.07,198.08,0,-1.52737,0,|r_qp|,cross-domain,0.0000,0.0000,3.804,0,-1.52737,0,-6.243,-2.772,-4.378,0,-8.793,0.3314,0.2393,-0.811,0.7067
197.20,198.47,198.48,0,-1.48447,0,|r_qp|,cross-domain,0.0000,0.0000,3.540,0,-1.48447,0,-6.243,-2.772,-4.378,0,-8.793,1.096,-0.1134,-0.9338,-0.5644
197.60,198.87,198.88,0,-0.37297,0,|r_qp|,cross-domain,0.0000,0.0000,3.414,0,-0.37297,0,-6.243,-2.772,-4.378,0,-8.793,2.499,0.5581,4.408,27.2
198.00,199.27,199.28,0,-0.86457,0,|r_qp|,cross-domain,0.0000,0.0000,3.463,0,-0.86457,0,-6.243,-2.772,-4.378,0,-8.793,3.682,0.6184,1.015,1.364
198.40,199.67,199.68,0,-0.94501,0,|r_qp|,cross-domain,0.0000,0.0000,3.446,0,-0.94501,0,-6.243,-2.772,-4.378,0,-8.793,5.303,0.3631,0.4083,-0.4387
198.80,200.07,200.08,0,-0.26708,1,|r_qp|,cross-domain,0.0000,0.0000,3.437,0,-0.26708,1,-6.243,-2.772,-4.378,0,-8.793,6.162,0.546,4.166,24.62
199.20,200.47,200.48,0,-1.33691,0,|r_qp|,cross-domain,0.0000,0.0000,4.624,0,-1.33691,0,-6.243,-2.772,-4.378,0,-8.793,5.572,0.371,-0.7842,0.1855
199.60,200.87,200.88,0,-1.40281,0,|r_qp|,cross-domain,0.0000,0.0000,3.752,0,-1.40281,0,-6.243,-2.772,-4.378,0,-8.793,3.965,0.0398,-0.9695,-0.86
200.00,201.27,201.28,0,-1.15490,0,|r_qp|,cross-domain,0.0000,0.0000,3.629,0,-1.15490,0,-6.243,-2.772,-4.378,0,-8.793,2.143,-0.4581,2.796,42
200.40,201.67,201.68,0,-1.54314,0,|r_qp|,cross-domain,0.0000,0.0000,3.636,0,-1.54314,0,-6.243,-2.772,-4.378,0,-8.793,1.269,-0.5108,-1.098,1.383
200.80,202.07,202.08,0,-1.56592,0,|r_qp|,cross-domain,0.0000,0.0000,3.509,0,-1.56592,0,-6.243,-2.772,-4.378,0,-8.793,0.6027,-0.9254,-1.333,-0.5672
201.20,202.47,202.48,0,-0.85577,0,|r_qp|,cross-domain,0.0000,0.0000,3.587,0,-0.85577,0,-6.243,-2.772,-4.378,0,-8.793,0.7175,-0.3164,2.904,27.36
201.60,202.87,202.88,0,-0.98766,0,|r_qp|,cross-domain,0.0000,0.0000,3.377,0,-0.98766,0,-6.243,-2.772,-4.378,0,-8.793,1.471,0.1898,0.7369,0.9561
202.00,203.27,203.28,0,-1.25168,0,|r_qp|,cross-domain,0.0000,0.0000,3.479,0,-1.25168,0,-6.243,-2.772,-4.378,0,-8.793,3.007,0.5081,-0.2636,-0.5272
202.40,203.67,203.68,0,-0.65914,0,|r_qp|,cross-domain,0.0000,0.0000,4.684,0,-0.65914,0,-6.243,-2.772,-4.378,0,-8.793,4.282,0.592,3.569,30.48
202.80,204.07,204.08,0,-1.51915,0,|r_qp|,cross-domain,0.0000,0.0000,3.857,0,-1.51915,0,-6.243,-2.772,-4.378,0,-8.793,3.979,0.4131,-1.139,0.5914
203.20,204.47,204.48,0,-1.55558,0,|r_qp|,cross-domain,0.0000,0.0000,3.610,0,-1.55558,0,-6.243,-2.772,-4.378,0,-8.793,2.311,-0.321,-1.332,-0.5394
203.60,204.87,204.88,0,-1.25514,0,|r_qp|,cross-domain,0.0000,0.0000,3.469,0,-1.25514,0,-6.243,-2.772,-4.378,0,-8.793,0.6685,-0.06831,1.752,27.55
204.00,205.27,205.28,0,-1.37433,0,|r_qp|,cross-domain,0.0000,0.0000,3.639,0,-1.37433,0,-6.243,-2.772,-4.378,0,-8.793,0.3178,0.05196,-0.3783,0.7861
204.40,205.67,205.68,0,-1.44614,0,|r_qp|,cross-domain,0.0000,0.0000,3.627,0,-1.44614,0,-6.243,-2.772,-4.378,0,-8.793,1.326,0.08458,-0.7992,-0.6797
204.80,206.07,206.08,0,-0.98560,0,|r_qp|,cross-domain,0.0000,0.0000,3.596,0,-0.98560,0,-6.243,-2.772,-4.378,0,-8.793,2.373,0.103,2.558,29.22
205.20,206.47,206.48,0,-1.30682,0,|r_qp|,cross-domain,0.0000,0.0000,3.499,0,-1.30682,0,-6.243,-2.772,-4.378,0,-8.793,2.753,0.04996,-0.3694,1.667
205.60,206.87,206.88,0,-1.36504,0,|r_qp|,cross-domain,0.0000,0.0000,4.882,0,-1.36504,0,-6.243,-2.772,-4.378,0,-8.793,2.949,-0.4786,-0.8447,-0.4519
206.00,207.27,207.28,0,-0.87630,0,|r_qp|,cross-domain,0.0000,0.0000,4.128,0,-0.87630,0,-6.243,-2.772,-4.378,0,-8.793,3.117,-0.1476,2.844,30.53
206.40,207.67,207.68,0,-1.49321,0,|r_qp|,cross-domain,0.0000,0.0000,4.067,0,-1.49321,0,-6.243,-2.772,-4.378,0,-8.793,3.035,-0.01591,-1.04,0.945
206.80,208.07,208.08,0,-1.53423,0,|r_qp|,cross-domain,0.0000,0.0000,4.097,0,-1.53423,0,-6.243,-2.772,-4.378,0,-8.793,2.167,-0.1053,-1.21,-0.7293
207.20,208.47,208.48,0,-1.06615,0,|r_qp|,cross-domain,0.0000,0.0000,3.954,0,-1.06615,0,-6.243,-2.772,-4.378,0,-8.793,1.403,0.3546,2.366,27.62
207.60,208.87,208.88,0,-1.22598,0,|r_qp|,cross-domain,0.0000,0.0000,3.933,0,-1.22598,0,-6.243,-2.772,-4.378,0,-8.793,1.307,0.2668,0.02104,0.7019
208.00,209.27,209.28,0,-1.40192,0,|r_qp|,cross-domain,0.0000,0.0000,3.812,0,-1.40192,0,-6.243,-2.772,-4.378,0,-8.793,2.064,-0.07845,-0.7776,-0.6241
208.40,209.67,209.68,0,-1.11828,0,|r_qp|,cross-domain,0.0000,0.0000,5.775,0,-1.11828,0,-6.243,-2.772,-4.378,0,-8.793,2.917,-0.5452,2.814,42.13
208.80,210.07,210.08,0,-1.08740,0,|r_qp|,cross-domain,0.0000,0.0000,4.668,0,-1.08740,0,-6.243,-2.772,-4.378,0,-8.793,3.23,-0.551,0.03418,0.578
209.20,210.47,210.48,0,-1.18123,0,|r_qp|,cross-domain,0.0000,0.0000,3.923,0,-1.18123,0,-6.243,-2.772,-4.378,0,-8.793,3.712,-0.8374,-0.4726,-0.8213
209.60,210.87,210.88,0,-0.57656,0,|r_qp|,cross-domain,0.0000,0.0000,4.343,0,-0.57656,0,-6.243,-2.772,-4.378,0,-8.793,3.755,-0.6136,3.862,34.57
210.00,211.27,211.28,0,-1.52135,0,|r_qp|,cross-domain,0.0000,0.0000,4.360,0,-1.52135,0,-6.243,-2.772,-4.378,0,-8.793,3.11,-0.2277,-1.182,1.015
210.40,211.67,211.68,0,-1.58121,0,|r_qp|,cross-domain,0.0000,0.0000,3.773,0,-1.58121,0,-6.243,-2.772,-4.378,0,-8.793,1.026,-0.7434,-1.374,-0.4858
210.80,212.07,212.08,0,-1.10325,0,|r_qp|,cross-domain,0.0000,0.0000,3.843,0,-1.10325,0,-6.243,-2.772,-4.378,0,-8.793,-0.5049,-0.3843,2.281,27.75
211.20,212.47,212.48,0,-1.39794,0,|r_qp|,cross-domain,0.0000,0.0000,3.751,0,-1.39794,0,-6.243,-2.772,-4.378,0,-8.793,-0.342,-0.366,-0.509,0.4189
211.60,212.87,212.88,0,-1.39988,0,|r_qp|,cross-domain,0.0000,0.0000,5.422,0,-1.39988,0,-6.243,-2.772,-4.378,0,-8.793,1.178,-0.411,-0.7737,-0.839
212.00,213.27,213.28,0,-0.17871,1,|r_qp|,cross-domain,0.0000,0.0000,4.613,0,-0.17871,1,-6.243,-2.772,-4.378,0,-8.793,3.062,-0.3303,5.381,36.74
212.40,213.67,213.68,0,-0.83994,0,|r_qp|,cross-domain,0.0000,0.0000,4.161,0,-0.83994,0,-6.243,-2.772,-4.378,0,-8.793,3.837,-0.3184,0.8089,0.8551
212.80,214.07,214.08,0,-1.16392,0,|r_qp|,cross-domain,0.0000,0.0000,4.202,0,-1.16392,0,-6.243,-2.772,-4.378,0,-8.793,4.429,-0.5186,-0.4076,-0.6837
213.20,214.47,214.48,0,-0.58177,0,|r_qp|,cross-domain,0.0000,0.0000,3.700,0,-0.58177,0,-6.243,-2.772,-4.378,0,-8.793,4.264,-0.2068,3.675,31.39
213.60,214.87,214.88,0,-1.52612,0,|r_qp|,cross-domain,0.0000,0.0000,3.915,0,-1.52612,0,-6.243,-2.772,-4.378,0,-8.793,3.259,-0.0996,-1.208,0.6222
214.00,215.27,215.28,0,-1.60173,0,|r_qp|,cross-domain,0.0000,0.0000,3.845,0,-1.60173,0,-6.243,-2.772,-4.378,0,-8.793,1.242,-0.4526,-1.386,-0.4443
214.40,215.67,215.68,0,-1.43124,0,|r_qp|,cross-domain,0.0000,0.0000,3.741,0,-1.43124,0,-6.243,-2.772,-4.378,0,-8.793,-0.4863,-0.06236,1.782,34.11
214.80,216.07,216.08,0,-1.37882,0,|r_qp|,cross-domain,0.0000,0.0000,5.186,0,-1.37882,0,-6.243,-2.772,-4.378,0,-8.793,-0.583,-0.03345,-0.3179,0.7787
215.20,216.47,216.48,0,-1.53612,0,|r_qp|,cross-domain,0.0000,0.0000,4.082,0,-1.53612,0,-6.243,-2.772,-4.378,0,-8.793,0.6221,-0.02181,-1.03,-0.7151
215.60,216.87,216.88,0,-0.99495,0,|r_qp|,cross-domain,0.0000,0.0000,4.090,0,-0.99495,0,-6.243,-2.772,-4.378,0,-8.793,1.962,0.07504,2.641,30.3
216.00,217.27,217.28,0,-0.83507,0,|r_qp|,cross-domain,0.0000,0.0000,4.148,0,-0.83507,0,-6.243,-2.772,-4.378,0,-8.793,2.739,0.2524,1.115,1.343
216.40,217.67,217.68,0,-1.13453,0,|r_qp|,cross-domain,0.0000,0.0000,3.939,0,-1.13453,0,-6.243,-2.772,-4.378,0,-8.793,3.68,-0.2241,-0.1674,-0.7211
216.80,218.07,218.08,0,-0.14038,1,|r_qp|,cross-domain,0.0000,0.0000,4.011,0,-0.14038,1,-6.243,-2.772,-4.378,0,-8.793,4.557,-0.2835,4.94,30.71
217.20,218.47,218.48,0,-1.48913,0,|r_qp|,cross-domain,0.0000,0.0000,3.741,0,-1.48913,0,-6.243,-2.772,-4.378,0,-8.793,4.293,-0.1621,-1.196,0.962
217.60,218.87,218.88,0,-1.53131,0,|r_qp|,cross-domain,0.0000,0.0000,4.646,0,-1.53131,0,-6.243,-2.772,-4.378,0,-8.793,2.203,-0.5826,-1.309,-0.5241
218.00,219.27,219.28,0,-1.22267,0,|r_qp|,cross-domain,0.0000,0.0000,4.894,0,-1.22267,0,-6.243,-2.772,-4.378,0,-8.793,0.4414,0.1072,2.08,29.9
218.40,219.67,219.68,0,-1.48438,0,|r_qp|,cross-domain,0.0000,0.0000,4.306,0,-1.48438,0,-6.243,-2.772,-4.378,0,-8.793,0.1543,-0.04174,-0.7179,0.8663
218.80,220.07,220.08,0,-1.50882,0,|r_qp|,cross-domain,0.0000,0.0000,4.232,0,-1.50882,0,-6.243,-2.772,-4.378,0,-8.793,1.287,-0.07031,-1.02,-0.5804
219.20,220.47,220.48,0,-1.01195,0,|r_qp|,cross-domain,0.0000,0.0000,3.887,0,-1.01195,0,-6.243,-2.772,-4.378,0,-8.793,2.345,0.2734,2.36,26.84
219.60,220.87,220.88,0,-0.83769,0,|r_qp|,cross-domain,0.0000,0.0000,3.812,0,-0.83769,0,-6.243,-2.772,-4.378,0,-8.793,2.84,0.3821,1.106,1.025
220.00,221.27,221.28,0,-1.18983,0,|r_qp|,cross-domain,0.0000,0.0000,4.029,0,-1.18983,0,-6.243,-2.772,-4.378,0,-8.793,3.856,0.152,-0.2451,-0.4439
220.40,221.67,221.68,0,-1.22682,0,|r_qp|,cross-domain,0.0000,0.0000,3.907,0,-1.22682,0,-6.243,-2.772,-4.378,0,-8.793,4.403,0.1762,1.627,29.36
220.80,222.07,222.08,0,-1.51633,0,|r_qp|,cross-domain,0.0000,0.0000,5.312,0,-1.51633,0,-6.243,-2.772,-4.378,0,-8.793,3.85,0.1746,-1.14,1.104
221.20,222.47,222.48,0,-1.59424,0,|r_qp|,cross-domain,0.0000,0.0000,4.911,0,-1.59424,0,-6.243,-2.772,-4.378,0,-8.793,1.766,-0.3042,-1.386,-0.4955
221.60,222.87,222.88,0,-1.44257,0,|r_qp|,cross-domain,0.0000,0.0000,4.074,0,-1.44257,0,-6.243,-2.772,-4.378,0,-8.793,-0.1289,-0.1336,1.144,26.11
222.00,223.27,223.28,0,-1.50778,0,|r_qp|,cross-domain,0.0000,0.0000,4.151,0,-1.50778,0,-6.243,-2.772,-4.378,0,-8.793,-0.3319,-0.09527,-0.7801,0.4481
222.40,223.67,223.68,0,-1.46722,0,|r_qp|,cross-domain,0.0000,0.0000,4.003,0,-1.46722,0,-6.243,-2.772,-4.378,0,-8.793,0.4878,-0.2237,-0.8407,-0.5303
222.80,224.07,224.08,0,-0.48073,0,|r_qp|,cross-domain,0.0000,0.0000,3.757,0,-0.48073,0,-6.243,-2.772,-4.378,0,-8.793,1.925,-0.324,4.262,32.2
223.20,224.47,224.48,0,-0.86691,0,|r_qp|,cross-domain,0.0000,0.0000,3.815,0,-0.86691,0,-6.243,-2.772,-4.378,0,-8.793,2.716,-0.2786,0.8716,1.103
223.60,224.87,224.88,0,-1.17227,0,|r_qp|,cross-domain,0.0000,0.0000,3.671,0,-1.17227,0,-6.243,-2.772,-4.378,0,-8.793,3.75,-0.6712,-0.3857,-0.4944
224.00,225.27,225.28,0,-0.81485,0,|r_qp|,cross-domain,0.0000,0.0000,5.304,0,-0.81485,0,-6.243,-2.772,-4.378,0,-8.793,4.18,-0.4766,3.396,38.66
224.40,225.67,225.68,0,-1.48502,0,|r_qp|,cross-domain,0.0000,0.0000,4.510,0,-1.48502,0,-6.243,-2.772,-4.378,0,-8.793,3.553,-0.4044,-1.144,1.258
224.80,226.07,226.08,0,-1.58656,0,|r_qp|,cross-domain,0.0000,0.0000,4.014,0,-1.58656,0,-6.243,-2.772,-4.378,0,-8.793,1.564,-0.5804,-1.406,-0.453
225.20,226.47,226.48,0,-1.21212,0,|r_qp|,cross-domain,0.0000,0.0000,4.127,0,-1.21212,0,-6.243,-2.772,-4.378,0,-8.793,-0.2579,0.04797,2.254,31.1
225.60,226.87,226.88,0,-1.59609,0,|r_qp|,cross-domain,0.0000,0.0000,3.807,0,-1.59609,0,-6.243,-2.772,-4.378,0,-8.793,-0.5312,0.1646,-0.9303,0.9899
226.00,227.27,227.28,0,-1.62098,0,|r_qp|,cross-domain,0.0000,0.0000,3.955,0,-1.62098,0,-6.243,-2.772,-4.378,0,-8.793,0.05165,-0.04218,-1.247,-0.8626
226.40,227.67,227.68,0,-1.16070,0,|r_qp|,cross-domain,0.0000,0.0000,3.835,0,-1.16070,0,-6.243,-2.772,-4.378,0,-8.793,1.11,-0.2972,2.746,39.33
226.80,228.07,228.08,0,-0.89236,0,|r_qp|,cross-domain,0.0000,0.0000,2.970,0,-0.89236,0,-6.243,-2.772,-4.378,0,-8.793,1.766,-0.3354,0.8661,0.8964
227.20,228.47,228.48,0,-1.08979,0,|r_qp|,cross-domain,0.0000,0.0000,5.255,0,-1.08979,0,-6.243,-2.772,-4.378,0,-8.793,3.117,-0.7101,-0.09286,-0.7751
227.60,228.87,228.88,0,-0.34544,0,|r_qp|,cross-domain,0.0000,0.0000,4.231,0,-0.34544,0,-6.243,-2.772,-4.378,0,-8.793,4.121,-0.5304,4.243,29.99
228.00,229.27,229.28,0,-1.48613,0,|r_qp|,cross-domain,0.0000,0.0000,4.095,0,-1.48613,0,-6.243,-2.772,-4.378,0,-8.793,3.905,-0.2879,-1.17,1.056
228.40,229.67,229.68,0,-1.52748,0,|r_qp|,cross-domain,0.0000,0.0000,4.244,0,-1.52748,0,-6.243,-2.772,-4.378,0,-8.793,2.146,-0.6857,-1.319,-0.5605
228.80,230.07,230.08,0,-1.37353,0,|r_qp|,cross-domain,0.0000,0.0000,3.777,0,-1.37353,0,-6.243,-2.772,-4.378,0,-8.793,0.2948,-0.2622,1.23,25.37
229.20,230.47,230.48,0,-1.38788,0,|r_qp|,cross-domain,0.0000,0.0000,3.817,0,-1.38788,0,-6.243,-2.772,-4.378,0,-8.793,-0.0007688,-0.272,-0.4756,0.6456
229.60,230.87,230.88,0,-1.47101,0,|r_qp|,cross-domain,0.0000,0.0000,3.803,0,-1.47101,0,-6.243,-2.772,-4.378,0,-8.793,1.053,-0.2757,-0.936,-0.686
230.00,231.27,231.28,0,-0.65975,0,|r_qp|,cross-domain,0.0000,0.0000,5.412,0,-0.65975,0,-6.243,-2.772,-4.378,0,-8.793,2.453,-0.2894,3.796,34.17
230.40,231.67,231.68,0,-1.19935,0,|r_qp|,cross-domain,0.0000,0.0000,4.653,0,-1.19935,0,-6.243,-2.772,-4.378,0,-8.793,3.075,-0.2131,-0.1373,1.662
230.80,232.07,232.08,0,-1.26492,0,|r_qp|,cross-domain,0.0000,0.0000,3.896,0,-1.26492,0,-6.243,-2.772,-4.378,0,-8.793,3.47,-0.3234,-0.5589,-0.5341
231.20,232.47,232.48,0,-0.86646,0,|r_qp|,cross-domain,0.0000,0.0000,4.019,0,-0.86646,0,-6.243,-2.772,-4.378,0,-8.793,3.732,0.313,2.763,28.19
231.60,232.87,232.88,0,-1.53618,0,|r_qp|,cross-domain,0.0000,0.0000,3.849,0,-1.53618,0,-6.243,-2.772,-4.378,0,-8.793,3.435,0.4561,-1.085,1.137
232.00,233.27,233.28,0,-1.56746,0,|r_qp|,cross-domain,0.0000,0.0000,3.825,0,-1.56746,0,-6.243,-2.772,-4.378,0,-8.793,2.19,-0.02929,-1.282,-0.5151
232.40,233.67,233.68,0,-1.38313,0,|r_qp|,cross-domain,0.0000,0.0000,3.770,0,-1.38313,0,-6.243,-2.772,-4.378,0,-8.793,0.8464,-0.1999,1.621,32.15
232.80,234.07,234.08,0,-1.41208,0,|r_qp|,cross-domain,0.0000,0.0000,3.584,0,-1.41208,0,-6.243,-2.772,-4.378,0,-8.793,0.4906,-0.3801,-0.6542,0.2779
233.20,234.47,234.48,0,-1.52068,0,|r_qp|,cross-domain,0.0000,0.0000,5.417,0,-1.52068,0,-6.243,-2.772,-4.378,0,-8.793,0.9195,-0.445,-1.118,-0.7092
233.60,234.87,234.88,0,-1.12209,0,|r_qp|,cross-domain,0.0000,0.0000,4.611,0,-1.12209,0,-6.243,-2.772,-4.378,0,-8.793,1.593,-0.137,2.069,27.87
234.00,235.27,235.28,0,-1.19558,0,|r_qp|,cross-domain,0.0000,0.0000,4.203,0,-1.19558,0,-6.243,-2.772,-4.378,0,-8.793,1.886,0.1297,0.02018,0.7124
234.40,235.67,235.68,0,-1.19603,0,|r_qp|,cross-domain,0.0000,0.0000,4.334,0,-1.19603,0,-6.243,-2.772,-4.378,0,-8.793,2.873,-0.299,-0.2873,-0.6874
234.80,236.07,236.08,0,-0.82912,0,|r_qp|,cross-domain,0.0000,0.0000,3.812,0,-0.82912,0,-6.243,-2.772,-4.378,0,-8.793,3.662,-0.3558,3.31,36.82
235.20,236.47,236.48,0,-1.43888,0,|r_qp|,cross-domain,0.0000,0.0000,4.017,0,-1.43888,0,-6.243,-2.772,-4.378,0,-8.793,3.513,-0.3242,-1.049,0.2047
235.60,236.87,236.88,0,-1.45338,0,|r_qp|,cross-domain,0.0000,0.0000,3.881,0,-1.45338,0,-6.243,-2.772,-4.378,0,-8.793,2.119,-0.6315,-1.096,-0.8902
236.00,237.27,237.28,0,-1.16757,0,|r_qp|,cross-domain,0.0000,0.0000,3.861,0,-1.16757,0,-6.243,-2.772,-4.378,0,-8.793,0.6851,-0.6493,2.859,41.91
236.40,237.67,237.68,0,-1.30359,0,|r_qp|,cross-domain,0.0000,0.0000,5.140,0,-1.30359,0,-6.243,-2.772,-4.378,0,-8.793,0.5963,-0.5352,-0.3395,0.7108
236.80,238.07,238.08,0,-1.45107,0,|r_qp|,cross-domain,0.0000,0.0000,3.586,0,-1.45107,0,-6.243,-2.772,-4.378,0,-8.793,1.198,-0.7613,-1.009,-0.6851
237.20,238.47,238.48,0,-0.35629,0,|r_qp|,cross-domain,0.0000,0.0000,3.519,0,-0.35629,0,-6.243,-2.772,-4.378,0,-8.793,2.334,-0.5707,4.566,32.56
237.60,238.87,238.88,0,-1.10655,0,|r_qp|,cross-domain,0.0000,0.0000,3.594,0,-1.10655,0,-6.243,-2.772,-4.378,0,-8.793,2.985,-0.374,0.0478,0.6229
238.00,239.27,239.28,0,-1.19536,0,|r_qp|,cross-domain,0.0000,0.0000,3.589,0,-1.19536,0,-6.243,-2.772,-4.378,0,-8.793,3.786,-0.5363,-0.45,-0.8222
238.40,239.67,239.68,0,-0.61700,0,|r_qp|,cross-domain,0.0000,0.0000,3.545,0,-0.61700,0,-6.243,-2.772,-4.378,0,-8.793,3.957,-0.4233,3.991,37.9
238.80,240.07,240.08,0,-1.45004,0,|r_qp|,cross-domain,0.0000,0.0000,3.469,0,-1.45004,0,-6.243,-2.772,-4.378,0,-8.793,3.223,-0.1949,-0.9776,0.8415
239.20,240.47,240.48,0,-1.61718,0,|r_qp|,cross-domain,0.0000,0.0000,3.946,0,-1.61718,0,-6.243,-2.772,-4.378,0,-8.793,1.383,-0.3793,-1.453,-0.7728
239.60,240.87,240.88,0,-1.84592,0,|r_qp|,cross-domain,0.0000,0.0000,4.277,0,-1.84592,0,-6.243,-2.772,-4.378,0,-8.793,0.1031,-0.1751,0.5558,36.2
240.00,241.27,241.28,0,-1.59922,0,|r_qp|,cross-domain,0.0000,0.0000,4.065,0,-1.59922,0,-6.243,-2.772,-4.378,0,-8.793,0.02196,-0.1442,-1.083,0.863
240.40,241.67,241.68,0,-1.57974,0,|r_qp|,cross-domain,0.0000,0.0000,4.039,0,-1.57974,0,-6.243,-2.772,-4.378,0,-8.793,-0.2775,-0.6008,-1.214,-0.7451
240.80,242.07,242.08,0,-1.66404,0,|r_qp|,cross-domain,0.0000,0.0000,3.804,0,-1.66404,0,-6.243,-2.772,-4.378,0,-8.793,-0.662,-0.4341,1.374,39.7
241.20,242.47,242.48,0,-1.48466,0,|r_qp|,cross-domain,0.0000,0.0000,3.786,0,-1.48466,0,-6.243,-2.772,-4.378,0,-8.793,-1.077,-0.1455,-0.4806,2.808
241.60,242.87,242.88,0,-1.54588,0,|r_qp|,cross-domain,0.0000,0.0000,3.986,0,-1.54588,0,-6.243,-2.772,-4.378,0,-8.793,-0.01853,-0.3194,-1.063,-0.6773
242.00,243.27,243.28,0,-0.52949,0,|r_qp|,cross-domain,0.0000,0.0000,3.876,0,-0.52949,0,-6.243,-2.772,-4.378,0,-8.793,1.618,-0.1991,4.369,35.04
242.40,243.67,243.68,0,-1.48022,0,|r_qp|,cross-domain,0.0000,0.0000,5.307,0,-1.48022,0,-6.243,-2.772,-4.378,0,-8.793,2.193,-0.2194,-0.9477,1.127
242.80,244.07,244.08,0,-1.35542,0,|r_qp|,cross-domain,0.0000,0.0000,4.379,0,-1.35542,0,-6.243,-2.772,-4.378,0,-8.793,1.818,-0.6797,-0.7723,-0.8604
243.20,244.47,244.48,0,0.03917,1,|r_qp|,cross-domain,0.0000,0.0000,3.959,0,0.03917,1,-6.243,-2.772,-4.378,0,-8.793,2.941,-0.3911,6.023,36.33
243.60,244.87,244.88,0,-0.77504,0,|r_qp|,cross-domain,0.0000,0.0000,4.119,0,-0.77504,0,-6.243,-2.772,-4.378,0,-8.793,4.118,-0.1477,1.035,1.06
244.00,245.27,245.28,0,-1.08138,0,|r_qp|,cross-domain,0.0000,0.0000,3.859,0,-1.08138,0,-6.243,-2.772,-4.378,0,-8.793,5.756,-0.3798,-0.267,-0.7852
244.40,245.67,245.68,0,0.34631,1,|r_qp|,cross-domain,0.0000,0.0000,4.061,0,0.34631,1,-6.243,-2.772,-4.378,0,-8.793,6.296,-0.4265,6.451,34.08
244.80,246.07,246.08,0,-0.82489,0,|r_qp|,cross-domain,0.0000,0.0000,3.777,0,-0.82489,0,-6.243,-2.772,-4.378,0,-8.793,5.821,-0.2569,0.6438,0.6252
245.20,246.47,246.48,0,-1.13165,0,|r_qp|,cross-domain,0.0000,0.0000,3.606,0,-1.13165,0,-6.243,-2.772,-4.378,0,-8.793,5.606,-0.5078,-0.4381,-0.7937
245.60,246.87,246.88,0,-0.83111,0,|r_qp|,cross-domain,0.0000,0.0000,5.384,0,-0.83111,0,-6.243,-2.772,-4.378,0,-8.793,4.88,-0.2994,2.781,30.85
246.00,247.27,247.28,0,-1.36282,0,|r_qp|,cross-domain,0.0000,0.0000,5.316,0,-1.36282,0,-6.243,-2.772,-4.378,0,-8.793,3.701,-0.2745,-0.8379,-0.01698
246.40,247.67,247.68,0,-1.29402,0,|r_qp|,cross-domain,0.0000,0.0000,4.403,0,-1.29402,0,-6.243,-2.772,-4.378,0,-8.793,2.841,-0.7423,-0.7033,-0.8044
246.80,248.07,248.08,0,-1.07031,0,|r_qp|,cross-domain,0.0000,0.0000,4.421,0,-1.07031,0,-6.243,-2.772,-4.378,0,-8.793,1.999,-0.5737,2.968,40.89
247.20,248.47,248.48,0,-1.48137,0,|r_qp|,cross-domain,0.0000,0.0000,3.926,0,-1.48137,0,-6.243,-2.772,-4.378,0,-8.793,1.72,-0.5153,-1.006,0.6514
247.60,248.87,248.88,0,-1.53110,0,|r_qp|,cross-domain,0.0000,0.0000,4.046,0,-1.53110,0,-6.243,-2.772,-4.378,0,-8.793,1.267,-0.3502,-1.161,-0.6668
248.00,249.27,249.28,0,-0.61167,0,|r_qp|,cross-domain,0.0000,0.0000,3.739,0,-0.61167,0,-6.243,-2.772,-4.378,0,-8.793,1.461,0.0605,4.195,35.03
248.40,249.67,249.68,0,-1.08720,0,|r_qp|,cross-domain,0.0000,0.0000,2.755,0,-1.08720,0,-6.243,-2.772,-4.378,0,-8.793,1.825,0.2657,0.3515,0.08564
248.80,250.07,250.08,0,-1.19361,0,|r_qp|,cross-domain,0.0000,0.0000,5.097,0,-1.19361,0,-6.243,-2.772,-4.378,0,-8.793,3.046,-0.05409,-0.2463,-0.8085
249.20,250.47,250.48,0,-1.18540,0,|r_qp|,cross-domain,0.0000,0.0000,4.106,0,-1.18540,0,-6.243,-2.772,-4.378,0,-8.793,3.83,0.06348,2.427,38.72
249.60,250.87,250.88,0,-1.32678,0,|r_qp|,cross-domain,0.0000,0.0000,4.302,0,-1.32678,0,-6.243,-2.772,-4.378,0,-8.793,3.319,0.1513,-0.5584,0.3176
250.00,251.27,251.28,0,-1.57018,0,|r_qp|,cross-domain,0.0000,0.0000,3.877,0,-1.57018,0,-6.243,-2.772,-4.378,0,-8.793,1.599,-0.2865,-1.307,-0.7531
250.40,251.67,251.68,0,-1.14350,0,|r_qp|,cross-domain,0.0000,0.0000,3.926,0,-1.14350,0,-6.243,-2.772,-4.378,0,-8.793,-0.1279,-0.5756,2.943,40.51
250.80,252.07,252.08,0,-1.49478,0,|r_qp|,cross-domain,0.0000,0.0000,3.874,0,-1.49478,0,-6.243,-2.772,-4.378,0,-8.793,-0.2911,-0.4673,-0.8195,0.6894
251.20,252.47,252.48,0,-1.47593,0,|r_qp|,cross-domain,0.0000,0.0000,3.663,0,-1.47593,0,-6.243,-2.772,-4.378,0,-8.793,0.3481,-0.5442,-0.9396,-0.6467
251.60,252.87,252.88,0,-0.91772,0,|r_qp|,cross-domain,0.0000,0.0000,5.323,0,-0.91772,0,-6.243,-2.772,-4.378,0,-8.793,1.537,-0.1741,2.695,27.85
252.00,253.27,253.28,0,-0.83311,0,|r_qp|,cross-domain,0.0000,0.0000,4.014,0,-0.83311,0,-6.243,-2.772,-4.378,0,-8.793,2.3,-0.1562,1.027,0.7627
252.40,253.67,253.68,0,-1.18357,0,|r_qp|,cross-domain,0.0000,0.0000,4.161,0,-1.18357,0,-6.243,-2.772,-4.378,0,-8.793,3.607,-0.4334,-0.355,-0.6142
252.80,254.07,254.08,0,-0.25618,1,|r_qp|,cross-domain,0.0000,0.0000,4.051,0,-0.25618,1,-6.243,-2.772,-4.378,0,-8.793,4.376,-0.07862,4.695,31.34
253.20,254.47,254.48,0,-1.45783,0,|r_qp|,cross-domain,0.0000,0.0000,3.798,0,-1.45783,0,-6.243,-2.772,-4.378,0,-8.793,3.852,0.1057,-1.059,-0.09387
253.60,254.87,254.88,0,-1.52404,0,|r_qp|,cross-domain,0.0000,0.0000,3.631,0,-1.52404,0,-6.243,-2.772,-4.378,0,-8.793,2.242,-0.322,-1.243,-0.7695
254.00,255.27,255.28,0,-1.22444,0,|r_qp|,cross-domain,0.0000,0.0000,3.907,0,-1.22444,0,-6.243,-2.772,-4.378,0,-8.793,0.6033,-0.4323,2.618,40.03
254.40,255.67,255.68,0,-1.44664,0,|r_qp|,cross-domain,0.0000,0.0000,3.616,0,-1.44664,0,-6.243,-2.772,-4.378,0,-8.793,0.2004,-0.3703,-0.6967,0.7288
254.80,256.07,256.08,0,-1.60546,0,|r_qp|,cross-domain,0.0000,0.0000,5.331,0,-1.60546,0,-6.243,-2.772,-4.378,0,-8.793,0.1126,-0.4637,-1.303,-0.7741
255.20,256.47,256.48,0,-0.41417,0,|r_qp|,cross-domain,0.0000,0.0000,4.274,0,-0.41417,0,-6.243,-2.772,-4.378,0,-8.793,1.061,-0.08342,4.674,33.01
255.60,256.87,256.88,0,-0.81627,0,|r_qp|,cross-domain,0.0000,0.0000,3.933,0,-0.81627,0,-6.243,-2.772,-4.378,0,-8.793,1.957,0.0842,1.148,0.3706
256.00,257.27,257.28,0,-1.14528,0,|r_qp|,cross-domain,0.0000,0.0000,4.956,0,-1.14528,0,-6.243,-2.772,-4.378,0,-8.793,3.517,-0.1457,-0.1649,-0.7358
256.40,257.67,257.68,0,-1.16021,0,|r_qp|,cross-domain,0.0000,0.0000,4.022,0,-1.16021,0,-6.243,-2.772,-4.378,0,-8.793,4.39,0.1305,2.549,39.99
256.80,258.07,258.08,0,-1.16291,0,|r_qp|,cross-domain,0.0000,0.0000,3.891,0,-1.16291,0,-6.243,-2.772,-4.378,0,-8.793,4.005,0.09197,-0.1612,0.01671
257.20,258.47,258.48,0,-1.37277,0,|r_qp|,cross-domain,0.0000,0.0000,3.626,0,-1.37277,0,-6.243,-2.772,-4.378,0,-8.793,3.019,-0.4721,-0.9029,-0.8686
257.60,258.87,258.88,0,-1.21204,0,|r_qp|,cross-domain,0.0000,0.0000,3.608,0,-1.21204,0,-6.243,-2.772,-4.378,0,-8.793,1.66,-0.5331,2.806,44.23
258.00,259.27,259.28,0,-1.24065,0,|r_qp|,cross-domain,0.0000,0.0000,5.089,0,-1.24065,0,-6.243,-2.772,-4.378,0,-8.793,1.362,-0.2243,-0.1783,0.3014
258.40,259.67,259.68,0,-1.46890,0,|r_qp|,cross-domain,0.0000,0.0000,4.269,0,-1.46890,0,-6.243,-2.772,-4.378,0,-8.793,1.401,-0.3791,-1.002,-0.828
258.80,260.07,260.08,0,-1.55850,0,|r_qp|,cross-domain,0.0000,0.0000,4.246,0,-1.55850,0,-6.243,-2.772,-4.378,0,-8.793,1.988,-0.2496,1.943,46.73
259.20,260.47,260.48,0,-1.17144,0,|r_qp|,cross-domain,0.0000,0.0000,3.735,0,-1.17144,0,-6.243,-2.772,-4.378,0,-8.793,2.475,0.01369,-0.003503,0.6112
259.60,260.87,260.88,0,-1.24978,0,|r_qp|,cross-domain,0.0000,0.0000,4.396,0,-1.24978,0,-6.243,-2.772,-4.378,0,-8.793,2.875,-0.2262,-0.4455,-0.8363
260.00,261.27,261.28,0,-0.79717,0,|r_qp|,cross-domain,0.0000,0.0000,3.953,0,-0.79717,0,-6.243,-2.772,-4.378,0,-8.793,3.074,0.1392,3.765,39.33
260.40,261.67,261.68,0,-1.50773,0,|r_qp|,cross-domain,0.0000,0.0000,3.760,0,-1.50773,0,-6.243,-2.772,-4.378,0,-8.793,2.602,0.01773,-1.099,-0.06684
260.80,262.07,262.08,0,-1.50748,0,|r_qp|,cross-domain,0.0000,0.0000,2.953,0,-1.50748,0,-6.243,-2.772,-4.378,0,-8.793,1.355,-0.2082,-1.065,-0.7057
261.20,262.47,262.48,0,-1.22494,0,|r_qp|,cross-domain,0.0000,0.0000,5.009,0,-1.22494,0,-6.243,-2.772,-4.378,0,-8.793,0.2857,-0.213,2.652,39.28
261.60,262.87,262.88,0,-1.52712,0,|r_qp|,cross-domain,0.0000,0.0000,4.105,0,-1.52712,0,-6.243,-2.772,-4.378,0,-8.793,0.151,-0.1024,-0.8985,0.3667
262.00,263.27,263.28,0,-1.53043,0,|r_qp|,cross-domain,0.0000,0.0000,4.096,0,-1.53043,0,-6.243,-2.772,-4.378,0,-8.793,0.6517,-0.4843,-1.141,-0.8839
262.40,263.67,263.68,0,-1.12279,0,|r_qp|,cross-domain,0.0000,0.0000,3.934,0,-1.12279,0,-6.243,-2.772,-4.378,0,-8.793,1.446,-0.5534,2.788,39.68
262.80,264.07,264.08,0,-1.15373,0,|r_qp|,cross-domain,0.0000,0.0000,3.738,0,-1.15373,0,-6.243,-2.772,-4.378,0,-8.793,1.997,-0.2884,0.02775,0.6142
263.20,264.47,264.48,0,-1.24552,0,|r_qp|,cross-domain,0.0000,0.0000,3.754,0,-1.24552,0,-6.243,-2.772,-4.378,0,-8.793,3.087,-0.4556,-0.5116,-0.8371
263.60,264.87,264.88,0,-0.97364,0,|r_qp|,cross-domain,0.0000,0.0000,3.667,0,-0.97364,0,-6.243,-2.772,-4.378,0,-8.793,3.76,-0.2822,3.08,39.85
264.00,265.27,265.28,0,-1.46682,0,|r_qp|,cross-domain,0.0000,0.0000,5.202,0,-1.46682,0,-6.243,-2.772,-4.378,0,-8.793,3.234,-0.2201,-1.086,0.1292
264.40,265.67,265.68,0,-1.57606,0,|r_qp|,cross-domain,0.0000,0.0000,4.400,0,-1.57606,0,-6.243,-2.772,-4.378,0,-8.793,1.677,-0.3527,-1.357,-0.857
264.80,266.07,266.08,0,-1.63456,0,|r_qp|,cross-domain,0.0000,0.0000,3.979,0,-1.63456,0,-6.243,-2.772,-4.378,0,-8.793,0.1982,-0.2977,1.748,44.7
265.20,266.47,266.48,0,-1.30940,0,|r_qp|,cross-domain,0.0000,0.0000,4.162,0,-1.30940,0,-6.243,-2.772,-4.378,0,-8.793,0.08504,-0.1574,-0.2402,0.2704
265.60,266.87,266.88,0,-1.42786,0,|r_qp|,cross-domain,0.0000,0.0000,3.927,0,-1.42786,0,-6.243,-2.772,-4.378,0,-8.793,0.8366,-0.4583,-0.8347,-0.8296
266.00,267.27,267.28,0,-1.48304,0,|r_qp|,cross-domain,0.0000,0.0000,3.945,0,-1.48304,0,-6.243,-2.772,-4.378,0,-8.793,1.931,-0.4242,2.269,48.63
266.40,267.67,267.68,0,-1.30373,0,|r_qp|,cross-domain,0.0000,0.0000,4.630,0,-1.30373,0,-6.243,-2.772,-4.378,0,-8.793,2.483,-0.0105,-0.4061,0.7893
266.80,268.07,268.08,0,-1.34961,0,|r_qp|,cross-domain,0.0000,0.0000,3.742,0,-1.34961,0,-6.243,-2.772,-4.378,0,-8.793,2.727,-0.4381,-0.793,-0.8829
267.20,268.47,268.48,0,-0.80231,0,|r_qp|,cross-domain,0.0000,0.0000,5.099,0,-0.80231,0,-6.243,-2.772,-4.378,0,-8.793,2.849,-0.3506,3.538,37.65
267.60,268.87,268.88,0,-1.35310,0,|r_qp|,cross-domain,0.0000,0.0000,4.349,0,-1.35310,0,-6.243,-2.772,-4.378,0,-8.793,2.409,-0.4256,-0.7185,-0.1755
268.00,269.27,269.28,0,-1.53826,0,|r_qp|,cross-domain,0.0000,0.0000,4.302,0,-1.53826,0,-6.243,-2.772,-4.378,0,-8.793,1.191,-0.4965,-1.22,-0.8032
268.40,269.67,269.68,0,-1.09813,0,|r_qp|,cross-domain,0.0000,0.0000,3.902,0,-1.09813,0,-6.243,-2.772,-4.378,0,-8.793,-0.04193,-0.1654,2.874,36.13
268.80,270.07,270.08,0,-1.53439,0,|r_qp|,cross-domain,0.0000,0.0000,3.527,0,-1.53439,0,-6.243,-2.772,-4.378,0,-8.793,-0.2848,-0.1502,-0.8619,0.7239
269.20,270.47,270.48,0,-1.54691,0,|r_qp|,cross-domain,0.0000,0.0000,3.830,0,-1.54691,0,-6.243,-2.772,-4.378,0,-8.793,0.3591,-0.5356,-1.173,-0.8803
269.60,270.87,270.88,0,-1.09215,0,|r_qp|,cross-domain,0.0000,0.0000,3.700,0,-1.09215,0,-6.243,-2.772,-4.378,0,-8.793,1.335,-0.5716,3.018,41.56
270.00,271.27,271.28,0,-0.92375,0,|r_qp|,cross-domain,0.0000,0.0000,3.522,0,-0.92375,0,-6.243,-2.772,-4.378,0,-8.793,1.919,-0.5029,0.6892,0.5652
270.40,271.67,271.68,0,-1.16168,0,|r_qp|,cross-domain,0.0000,0.0000,5.040,0,-1.16168,0,-6.243,-2.772,-4.378,0,-8.793,3.005,-0.6736,-0.2956,-0.8031
270.80,272.07,272.08,0,-1.32512,0,|r_qp|,cross-domain,0.0000,0.0000,3.689,0,-1.32512,0,-6.243,-2.772,-4.378,0,-8.793,3.96,-0.338,2.221,43.66
271.20,272.47,272.48,0,-1.35251,0,|r_qp|,cross-domain,0.0000,0.0000,4.375,0,-1.35251,0,-6.243,-2.772,-4.378,0,-8.793,3.729,0.0533,-0.7273,-0.000652
271.60,272.87,272.88,0,-1.53795,0,|r_qp|,cross-domain,0.0000,0.0000,3.961,0,-1.53795,0,-6.243,-2.772,-4.378,0,-8.793,2.367,-0.1893,-1.26,-0.6703
272.00,273.27,273.28,0,-1.82386,0,|r_qp|,cross-domain,0.0000,0.0000,3.840,0,-1.82386,0,-6.243,-2.772,-4.378,0,-8.793,0.7605,-0.2008,1.361,48.1
272.40,273.67,273.68,0,-1.39265,0,|r_qp|,cross-domain,0.0000,0.0000,3.960,0,-1.39265,0,-6.243,-2.772,-4.378,0,-8.793,0.452,-0.306,-0.5682,0.3336
272.80,274.07,274.08,0,-1.45118,0,|r_qp|,cross-domain,0.0000,0.0000,3.569,0,-1.45118,0,-6.243,-2.772,-4.378,0,-8.793,0.5955,-0.6329,-0.9256,-0.8549
273.20,274.47,274.48,0,-1.03183,0,|r_qp|,cross-domain,0.0000,0.0000,5.398,0,-1.03183,0,-6.243,-2.772,-4.378,0,-8.793,1.225,-0.5516,3.043,38.96
273.60,274.87,274.88,0,-1.03113,0,|r_qp|,cross-domain,0.0000,0.0000,4.418,0,-1.03113,0,-6.243,-2.772,-4.378,0,-8.793,1.644,-0.305,0.454,0.8285
274.00,275.27,275.28,0,-1.25131,0,|r_qp|,cross-domain,0.0000,0.0000,4.292,0,-1.25131,0,-6.243,-2.772,-4.378,0,-8.793,2.77,-0.2922,-0.4497,-0.7539
274.40,275.67,275.68,0,-0.97183,0,|r_qp|,cross-domain,0.0000,0.0000,4.455,0,-0.97183,0,-6.243,-2.772,-4.378,0,-8.793,3.687,0.02009,3.109,38.99
274.80,276.07,276.08,0,-1.49927,0,|r_qp|,cross-domain,0.0000,0.0000,3.801,0,-1.49927,0,-6.243,-2.772,-4.378,0,-8.793,3.429,0.005992,-1.145,0.2129
275.20,276.47,276.48,0,-1.53224,0,|r_qp|,cross-domain,0.0000,0.0000,3.908,0,-1.53224,0,-6.243,-2.772,-4.378,0,-8.793,1.646,-0.3884,-1.22,-0.7541
275.60,276.87,276.88,0,-1.80417,0,|r_qp|,cross-domain,0.0000,0.0000,3.732,0,-1.80417,0,-6.243,-2.772,-4.378,0,-8.793,-0.068,-0.514,1.421,47.93
276.00,277.27,277.28,0,-1.33246,0,|r_qp|,cross-domain,0.0000,0.0000,3.640,0,-1.33246,0,-6.243,-2.772,-4.378,0,-8.793,-0.3923,-0.395,-0.3186,0.2763
276.40,277.67,277.68,0,-1.53923,0,|r_qp|,cross-domain,0.0000,0.0000,10.069,0,-1.53923,0,-6.243,-2.772,-4.378,0,-8.793,0.5106,-0.3981,-1.122,-0.7384
276.80,278.07,278.08,0,-1.19571,0,|r_qp|,cross-domain,0.0000,0.0000,5.116,0,-1.19571,0,-6.243,-2.772,-4.378,0,-8.793,1.749,-0.03051,3.005,44.73
277.20,278.47,278.48,0,-0.77815,0,|r_qp|,cross-domain,0.0000,0.0000,4.486,0,-0.77815,0,-6.243,-2.772,-4.378,0,-8.793,2.418,0.1367,1.259,0.8121
277.60,278.87,278.88,0,-0.91570,0,|r_qp|,cross-domain,0.0000,0.0000,4.083,0,-0.91570,0,-6.243,-2.772,-4.378,0,-8.793,3.575,0.1573,0.6201,-0.6088
278.00,279.27,279.28,0,-1.43672,0,|r_qp|,cross-domain,0.0000,0.0000,3.805,0,-1.43672,0,-6.243,-2.772,-4.378,0,-8.793,4.34,0.7158,2.212,45.35
278.40,279.67,279.68,0,-1.48545,0,|r_qp|,cross-domain,0.0000,0.0000,4.110,0,-1.48545,0,-6.243,-2.772,-4.378,0,-8.793,4.039,1.258,-0.8631,0.152
278.80,280.07,280.08,0,-1.58090,0,|r_qp|,cross-domain,0.0000,0.0000,3.754,0,-1.58090,0,-6.243,-2.772,-4.378,0,-8.793,2.405,1.07,-1.089,-0.7085
279.20,280.47,280.48,0,-1.93777,0,|r_qp|,cross-domain,0.0000,0.0000,3.644,0,-1.93777,0,-6.243,-2.772,-4.378,0,-8.793,0.8021,1.026,1.331,48.45
279.60,280.87,280.88,0,-1.44428,0,|r_qp|,cross-domain,0.0000,0.0000,5.129,0,-1.44428,0,-6.243,-2.772,-4.378,0,-8.793,0.5176,1.174,-0.3701,0.3342
280.00,281.27,281.28,0,-1.51818,0,|r_qp|,cross-domain,0.0000,0.0000,4.071,0,-1.51818,0,-6.243,-2.772,-4.378,0,-8.793,0.9289,2.273,-0.4429,-0.7149
280.40,281.67,281.68,0,-1.73464,0,|r_qp|,cross-domain,0.0000,0.0000,4.338,0,-1.73464,0,-6.243,-2.772,-4.378,0,-8.793,1.966,3.574,2.567,50
280.80,282.07,282.08,0,-1.31794,0,|r_qp|,cross-domain,0.0000,0.0000,4.817,0,-1.31794,0,-6.243,-2.772,-4.378,0,-8.793,2.657,4.083,0.5374,0.7603
281.20,282.47,282.48,0,-1.25499,0,|r_qp|,cross-domain,0.0000,0.0000,3.761,0,-1.25499,0,-6.243,-2.772,-4.378,0,-8.793,3.798,4.328,0.5784,-0.5872
281.60,282.87,282.88,0,-1.50554,0,|r_qp|,cross-domain,0.0000,0.0000,3.907,0,-1.50554,0,-6.243,-2.772,-4.378,0,-8.793,4.51,4.413,3.209,50
282.00,283.27,283.28,0,-1.73348,0,|r_qp|,cross-domain,0.0000,0.0000,3.570,0,-1.73348,0,-6.243,-2.772,-4.378,0,-8.793,4.254,4.283,-0.9076,0.1326
282.40,283.67,283.68,0,-1.74845,0,|r_qp|,cross-domain,0.0000,0.0000,2.926,0,-1.74845,0,-6.243,-2.772,-4.378,0,-8.793,2.713,3.133,-1.129,-0.6918
282.80,284.07,284.08,0,-1.83532,0,|r_qp|,cross-domain,0.0000,0.0000,4.802,0,-1.83532,0,-6.243,-2.772,-4.378,0,-8.793,1.204,1.931,1.933,50
283.20,284.47,284.48,0,-1.37225,0,|r_qp|,cross-domain,0.0000,0.0000,3.859,0,-1.37225,0,-6.243,-2.772,-4.378,0,-8.793,0.8338,1.748,-0.02923,0.4933
283.60,284.87,284.88,0,-1.51040,0,|r_qp|,cross-domain,0.0000,0.0000,4.110,0,-1.51040,0,-6.243,-2.772,-4.378,0,-8.793,1.723,2.669,-0.4072,-0.7367
284.00,285.27,285.28,0,-1.48788,0,|r_qp|,cross-domain,0.0000,0.0000,3.657,0,-1.48788,0,-6.243,-2.772,-4.378,0,-8.793,2.87,3.796,3.287,50
284.40,285.67,285.68,0,-1.47573,0,|r_qp|,cross-domain,0.0000,0.0000,3.949,0,-1.47573,0,-6.243,-2.772,-4.378,0,-8.793,3.262,4,-0.05496,0.4528
284.80,286.07,286.08,0,-1.61277,0,|r_qp|,cross-domain,0.0000,0.0000,3.682,0,-1.61277,0,-6.243,-2.772,-4.378,0,-8.793,2.931,2.435,-0.9099,-0.7481
285.20,286.47,286.48,0,-1.27837,0,|r_qp|,cross-domain,0.0000,0.0000,3.565,0,-1.27837,0,-6.243,-2.772,-4.378,0,-8.793,2.616,0.8787,2.542,39.77
285.60,286.87,286.88,0,-1.31788,0,|r_qp|,cross-domain,0.0000,0.0000,5.226,0,-1.31788,0,-6.243,-2.772,-4.378,0,-8.793,2.13,-0.09504,-0.4921,-0.07617
286.00,287.27,287.28,0,-1.50037,0,|r_qp|,cross-domain,0.0000,0.0000,3.886,0,-1.50037,0,-6.243,-2.772,-4.378,0,-8.793,1.67,-0.1276,-1.067,-0.8493
286.40,287.67,287.68,0,-1.78694,0,|r_qp|,cross-domain,0.0000,0.0000,4.827,0,-1.78694,0,-6.243,-2.772,-4.378,0,-8.793,1.081,-0.05451,1.37,46.54
286.80,288.07,288.08,0,-1.26586,0,|r_qp|,cross-domain,0.0000,0.0000,4.856,0,-1.26586,0,-6.243,-2.772,-4.378,0,-8.793,0.7931,0.4007,-0.04617,0.2363
287.20,288.47,288.48,0,-1.56824,0,|r_qp|,cross-domain,0.0000,0.0000,4.059,0,-1.56824,0,-6.243,-2.772,-4.378,0,-8.793,0.7575,0.2446,-1.084,-0.805
287.60,288.87,288.88,0,-1.03013,0,|r_qp|,cross-domain,0.0000,0.0000,4.113,0,-1.03013,0,-6.243,-2.772,-4.378,0,-8.793,1.274,0.4107,3.526,42.56
288.00,289.27,289.28,0,-1.12626,0,|r_qp|,cross-domain,0.0000,0.0000,3.676,0,-1.12626,0,-6.243,-2.772,-4.378,0,-8.793,1.87,0.006701,0.1955,0.5678
288.40,289.67,289.68,0,-0.99661,0,|r_qp|,cross-domain,0.0000,0.0000,3.858,0,-0.99661,0,-6.243,-2.772,-4.378,0,-8.793,3.087,0.5103,0.5292,-0.3201
288.80,290.07,290.08,0,-1.59857,0,|r_qp|,cross-domain,0.0000,0.0000,5.126,0,-1.59857,0,-6.243,-2.772,-4.378,0,-8.793,3.849,1.279,2.221,50
289.20,290.47,290.48,0,-1.64799,0,|r_qp|,cross-domain,0.0000,0.0000,4.047,0,-1.64799,0,-6.243,-2.772,-4.378,0,-8.793,3.228,2.087,-1.09,-0.08347
289.60,290.87,290.88,0,-1.72225,0,|r_qp|,cross-domain,0.0000,0.0000,4.233,0,-1.72225,0,-6.243,-2.772,-4.378,0,-8.793,1.351,1.661,-1.259,-0.595
290.00,291.27,291.28,0,-1.99599,0,|r_qp|,cross-domain,0.0000,0.0000,3.815,0,-1.99599,0,-6.243,-2.772,-4.378,0,-8.793,-0.4303,1.282,1.452,50
290.40,291.67,291.68,0,-1.56364,0,|r_qp|,cross-domain,0.0000,0.0000,3.775,0,-1.56364,0,-6.243,-2.772,-4.378,0,-8.793,-0.6267,1.408,-0.5686,0.1896
290.80,292.07,292.08,0,-1.60487,0,|r_qp|,cross-domain,0.0000,0.0000,3.950,0,-1.60487,0,-6.243,-2.772,-4.378,0,-8.793,0.3471,2.074,-0.7014,-0.7763
291.20,292.47,292.48,0,-1.80216,0,|r_qp|,cross-domain,0.0000,0.0000,3.590,0,-1.80216,0,-6.243,-2.772,-4.378,0,-8.793,1.558,3.131,2.293,50
291.60,292.87,292.88,0,-1.37633,0,|r_qp|,cross-domain,0.0000,0.0000,2.783,0,-1.37633,0,-6.243,-2.772,-4.378,0,-8.793,2.307,3.396,0.2303,0.8334
292.00,293.27,293.28,0,-1.39492,0,|r_qp|,cross-domain,0.0000,0.0000,4.975,0,-1.39492,0,-6.243,-2.772,-4.378,0,-8.793,3.271,3.066,-0.1173,-0.7273
292.40,293.67,293.68,0,-1.61442,0,|r_qp|,cross-domain,0.0000,0.0000,4.368,0,-1.61442,0,-6.243,-2.772,-4.378,0,-8.793,3.921,3.15,2.568,49.16
292.80,294.07,294.08,0,-1.71613,0,|r_qp|,cross-domain,0.0000,0.0000,4.222,0,-1.71613,0,-6.243,-2.772,-4.378,0,-8.793,3.529,3.27,-1.028,0.1033
293.20,294.47,294.48,0,-1.52371,0,|r_qp|,cross-domain,0.0000,0.0000,3.682,0,-1.52371,0,-6.243,-2.772,-4.378,0,-8.793,1.756,3.148,-0.3104,-0.3909
293.60,294.87,294.88,0,-2.02353,0,|r_qp|,cross-domain,0.0000,0.0000,3.863,0,-2.02353,0,-6.243,-2.772,-4.378,0,-8.793,0.1486,2.449,1.593,50
294.00,295.27,295.28,0,-1.52415,0,|r_qp|,cross-domain,0.0000,0.0000,3.690,0,-1.52415,0,-6.243,-2.772,-4.378,0,-8.793,-0.11,2.282,-0.2988,0.01337
294.40,295.67,295.68,0,-1.69958,0,|r_qp|,cross-domain,0.0000,0.0000,3.656,0,-1.69958,0,-6.243,-2.772,-4.378,0,-8.793,0.2623,1.684,-1.083,-0.8114
294.80,296.07,296.08,0,-1.51245,0,|r_qp|,cross-domain,0.0000,0.0000,5.248,0,-1.51245,0,-6.243,-2.772,-4.378,0,-8.793,1.124,0.8062,2.44,46.77
295.20,296.47,296.48,0,-0.83763,0,|r_qp|,cross-domain,0.0000,0.0000,3.808,0,-0.83763,0,-6.243,-2.772,-4.378,0,-8.793,1.858,0.02066,1.096,0.6556
295.60,296.87,296.88,0,-1.00155,0,|r_qp|,cross-domain,0.0000,0.0000,4.293,0,-1.00155,0,-6.243,-2.772,-4.378,0,-8.793,3.565,1.482,0.6815,-0.6235
296.00,297.27,297.28,0,-1.40077,0,|r_qp|,cross-domain,0.0000,0.0000,4.083,0,-1.40077,0,-6.243,-2.772,-4.378,0,-8.793,4.777,3.556,3.213,48.83
296.40,297.67,297.68,0,-1.60026,0,|r_qp|,cross-domain,0.0000,0.0000,3.981,0,-1.60026,0,-6.243,-2.772,-4.378,0,-8.793,4.475,4.722,-0.4228,-0.02247
296.80,298.07,298.08,0,-1.77412,0,|r_qp|,cross-domain,0.0000,0.0000,3.964,0,-1.77412,0,-6.243,-2.772,-4.378,0,-8.793,2.619,2.929,-1.259,-0.8442
297.20,298.47,298.48,0,-2.12014,0,|r_qp|,cross-domain,0.0000,0.0000,4.376,0,-2.12014,0,-6.243,-2.772,-4.378,0,-8.793,0.7484,0.9211,0.8548,50
297.60,298.87,298.88,0,-1.46040,0,|r_qp|,cross-domain,0.0000,0.0000,3.822,0,-1.46040,0,-6.243,-2.772,-4.378,0,-8.793,0.3075,0.172,-0.6512,0.2287
298.00,299.27,299.28,0,-1.50078,0,|r_qp|,cross-domain,0.0000,0.0000,4.882,0,-1.50078,0,-6.243,-2.772,-4.378,0,-8.793,0.6607,-0.09886,-0.9309,-0.5163
298.40,299.67,299.68,0,-1.43792,0,|r_qp|,cross-domain,0.0000,0.0000,4.305,0,-1.43792,0,-6.243,-2.772,-4.378,0,-8.793,1.538,-0.2168,2.374,46.77
