t_start,t_end,t_release,label,score,alarm,dominant,domain,csec_corr,csec_unc,decision_ms_after_target,csec_wait_ms,prov_score,prov_alarm,|r_bal|,|r_aux|,|r_cool|,|r_ups|,|r_qp|,|r_pv|,|r_reg|,e_rec,e_fc
2.00,3.27,3.28,0,5.79378,1,e_rec,single-domain,0.0000,0.0000,4.832,0,5.79378,1,-2.44,12.68,-0.5916,0,-0.8876,31.17,50,28.71,37.92
2.40,3.67,3.68,0,2.39917,1,e_rec,single-domain,0.0000,0.0000,3.779,0,2.39917,1,-2.483,13.8,-0.4191,0,-0.876,27.3,48.32,17.05,34.28
2.80,4.07,4.08,0,12.83521,1,e_rec,single-domain,0.0000,0.0000,3.714,0,12.83521,1,-2.167,13.42,-0.3544,0,-0.858,17.78,47.15,50,8.856
3.20,4.47,4.48,0,-0.47044,0,e_rec,single-domain,0.0000,0.0000,3.718,0,-0.47044,0,-0.9902,10.52,0.6235,0,0.1148,8.951,50,11.43,8.971
3.60,4.87,4.88,0,7.79406,1,e_rec,single-domain,0.0000,0.0000,3.622,0,7.79406,1,-0.7319,9.036,0.4308,0,-0.1449,2.722,44.57,37.93,5.961
4.00,5.27,5.28,0,6.36639,1,e_rec,single-domain,0.0000,0.0000,3.649,0,6.36639,1,0.8036,5.769,0.573,0,-0.06899,2.993,47.63,35.06,3.358
4.40,5.67,5.68,0,-2.58416,0,e_rec,single-domain,0.0000,0.0000,3.536,0,-2.58416,0,0.07175,4.152,1.136,0,-0.04566,4.408,41.78,6.645,5.25
4.80,6.07,6.08,0,-0.52813,0,e_rec,single-domain,0.0000,0.0000,3.650,0,-0.52813,0,0.1579,4.02,0.2386,0,0.1101,6.311,37.87,12.09,-0.7223
5.20,6.47,6.48,0,-1.61979,0,e_rec,cross-domain,0.0000,0.0000,4.146,0,-1.61979,0,0.2296,2.765,-0.05782,0,0.1149,5.951,28.71,7.561,-0.7427
5.60,6.87,6.88,0,-3.76341,0,|r_aux|,cross-domain,0.0000,0.0000,3.580,0,-3.76341,0,0.4592,1.819,1.074,0,-0.3272,3.258,18.84,-1.054,-0.1119
6.00,7.27,7.28,0,-2.54553,0,e_rec,cross-domain,0.0000,0.0000,3.664,0,-2.54553,0,0.3301,1.676,0.3578,0,-0.8037,1.464,14.29,1.734,-0.1017
6.40,7.67,7.68,0,-3.12613,0,|r_aux|,cross-domain,0.0000,0.0000,3.622,0,-3.12613,0,0.574,0.723,0.4135,0,-0.3707,1.044,6.111,-0.7045,-0.03662
6.80,8.07,8.08,0,-2.60842,0,|r_aux|,cross-domain,0.0000,0.0000,3.674,0,-2.60842,0,0.531,1.328,2.131,0,-0.1642,2.064,0.621,-0.413,0.249
7.20,8.47,8.48,0,-2.77284,0,|r_aux|,cross-domain,0.0000,0.0000,3.648,0,-2.77284,0,1.205,1.179,1.599,0,-0.09938,1.914,1.44,-1.037,-0.4899
7.60,8.87,8.88,0,-2.24727,0,e_rec,cross-domain,0.0000,0.0000,3.703,0,-2.24727,0,1.005,0.8483,1.658,0,0.4715,1.262,1.019,1.749,-0.1199
8.00,9.27,9.28,0,-2.86834,0,|r_bal|,cross-domain,0.0000,0.0000,3.938,0,-2.86834,0,0.8898,0.818,2.672,0,0.6363,1.756,0.8667,-0.04951,-0.093
8.40,9.67,9.68,0,-3.17346,0,|r_aux|,cross-domain,0.0000,0.0000,3.628,0,-3.17346,0,0.7032,1.159,1.265,0,1.335,1.255,0.02505,-0.2877,0.399
8.80,10.07,10.08,0,-2.34313,0,e_rec,cross-domain,0.0000,0.0000,3.575,0,-2.34313,0,1.177,1.031,0.6924,0,0.723,1.277,-0.3338,1.31,0.429
9.20,10.47,10.48,0,-1.89699,0,e_rec,cross-domain,0.0000,0.0000,3.685,0,-1.89699,0,0.6458,1.218,1.985,0,0.4389,0.317,-0.1756,2.77,1.261
9.60,10.87,10.88,0,-2.83340,0,|r_aux|,cross-domain,0.0000,0.0000,3.736,0,-2.83340,0,0.8036,1.389,1.198,0,0.07942,-0.1873,0.6684,-0.7482,-0.1765
10.00,11.27,11.28,0,-1.95086,0,e_rec,cross-domain,0.0000,0.0000,3.625,0,-1.95086,0,0.6314,1.142,1.03,0,-0.5289,-0.7021,0.1367,1.6,0.8994
10.40,11.67,11.68,0,-2.53463,0,|r_aux|,cross-domain,0.0000,0.0000,3.484,0,-2.53463,0,1.033,1.124,2.71,0,-0.286,0.08974,0.2316,-0.3579,0.2362
10.80,12.07,12.08,0,-2.89340,0,|r_aux|,cross-domain,0.0000,0.0000,3.746,0,-2.89340,0,0.8611,1.357,1.121,0,0.08048,0.6188,0.6034,-1.038,0.3175
11.20,12.47,12.48,0,-1.91927,0,e_rec,cross-domain,0.0000,0.0000,3.633,0,-1.91927,0,0.9041,1.14,0.8445,0,0.7194,1.755,0.1277,2.82,0.808
11.60,12.87,12.88,0,-2.57782,0,|r_aux|,cross-domain,0.0000,0.0000,3.537,0,-2.57782,0,0.8324,1.175,2.328,0,0.1561,1.858,0.3043,-0.03214,0.2963
12.00,13.27,13.28,0,-2.49396,0,|r_aux|,cross-domain,0.0000,0.0000,3.682,0,-2.49396,0,0.9041,1.38,0.8395,0,0.4373,1.406,0.6973,0.6056,0.6653
12.40,13.67,13.68,0,-2.38902,0,|r_bal|,cross-domain,0.0000,0.0000,3.609,0,-2.38902,0,1.55,1.093,0.5781,0,0.02988,0.5731,0.2832,0.1857,0.04657
12.80,14.07,14.08,0,-2.18732,0,e_rec,cross-domain,0.0000,0.0000,3.475,0,-2.18732,0,0.8036,0.9368,1.779,0,0.02982,-0.1077,-0.002462,1.498,1.377
13.20,14.47,14.48,0,-2.90807,0,|r_aux|,cross-domain,0.0000,0.0000,3.762,0,-2.90807,0,1.119,1.249,0.6481,0,0.4346,-0.3328,0.3176,-0.6678,0.04305
13.60,14.87,14.88,0,-2.26187,0,e_rec,cross-domain,0.0000,0.0000,3.473,0,-2.26187,0,0.9472,0.988,0.7735,0,0.4501,-0.7113,-0.1538,1.721,1.086
14.00,15.27,15.28,0,-2.83851,0,|r_aux|,cross-domain,0.0000,0.0000,3.727,0,-2.83851,0,0.8754,1.03,2.118,0,0.5227,-1.125,0.04853,0.008099,0.3958
14.40,15.67,15.68,0,-3.05219,0,|r_aux|,cross-domain,0.0000,0.0000,3.538,0,-3.05219,0,0.818,1.239,0.8168,0,0.4701,-1.423,0.8437,-0.6109,0.5848
14.80,16.07,16.08,0,-2.01544,0,e_rec,cross-domain,0.0000,0.0000,3.479,0,-2.01544,0,0.5597,1.074,0.7573,0,0.4724,-1.288,0.3145,2.861,0.4688
15.20,16.47,16.48,0,-2.42928,0,|r_aux|,cross-domain,0.0000,0.0000,3.637,0,-2.42928,0,0.4592,1.283,1.814,0,0.03619,-0.4466,0.1733,0.6925,-0.3349
15.60,16.87,16.88,0,-3.08485,0,|r_aux|,cross-domain,0.0000,0.0000,3.475,0,-3.08485,0,0.6888,1.48,0.8102,0,0.6962,-0.01167,1.245,-0.6355,-0.009184
16.00,17.27,17.28,0,-3.08993,0,|r_aux|,cross-domain,0.0000,0.0000,3.628,0,-3.08993,0,0.7032,1.073,0.5833,0,0.9964,0.9585,0.2193,-0.3434,-0.1791
16.40,17.67,17.68,0,-3.19524,0,|r_aux|,cross-domain,0.0000,0.0000,3.654,0,-3.19524,0,0.5884,0.7105,2.012,0,1.037,0.816,0.08654,-0.3195,0.3536
16.80,18.07,18.08,0,-2.40742,0,e_rec,cross-domain,0.0000,0.0000,3.449,0,-2.40742,0,0.8324,1.074,0.7575,0,0.6685,0.8114,0.2455,1.384,0.1755
17.20,18.47,18.48,0,-2.48790,0,|r_bal|,cross-domain,0.0000,0.0000,3.678,0,-2.48790,0,1.607,0.9717,0.24,0,0.7038,-0.04478,0.411,0.8787,-0.1409
17.60,18.87,18.88,0,-2.96013,0,|r_bal|,cross-domain,0.0000,0.0000,3.529,0,-2.96013,0,1.464,1.291,1.295,0,0.7236,-0.2691,0.4965,-0.6682,0.4615
18.00,19.27,19.28,0,-2.68848,0,|r_bal|,cross-domain,0.0000,0.0000,3.518,0,-2.68848,0,1.622,1.425,-0.0008333,0,0.5344,-0.2089,1.722,-0.01021,-0.3134
18.40,19.67,19.68,0,-2.45505,0,e_rec,cross-domain,0.0000,0.0000,3.633,0,-2.45505,0,0.5597,0.9637,0.4509,0,0.004932,0.6498,0.354,0.6389,-0.3705
18.80,20.07,20.08,0,-2.09838,0,e_rec,cross-domain,0.0000,0.0000,3.502,0,-2.09838,0,0.6888,0.6494,2.281,0,-0.4191,0.8169,0.1849,1.306,0.1698
19.20,20.47,20.48,0,-2.44918,0,|r_bal|,cross-domain,0.0000,0.0000,3.601,0,-2.44918,0,1.148,1.057,1.047,0,-0.3125,1.034,0.1083,-0.264,0.1589
19.60,20.87,20.88,0,-2.40303,0,|r_qp|,cross-domain,0.0000,0.0000,3.503,0,-2.40303,0,0.9328,0.8562,0.8145,0,-0.5565,0.9523,-0.1879,-0.215,0.009964
20.00,21.27,21.28,0,-2.23614,0,e_rec,cross-domain,0.0000,0.0000,3.529,0,-2.23614,0,0.5023,1.001,1.877,0,-0.3451,1.066,-0.01752,0.789,0.3119
20.40,21.67,21.68,0,-2.75778,0,|r_aux|,cross-domain,0.0000,0.0000,3.643,0,-2.75778,0,0.6027,1.224,0.6718,0,-0.1936,0.7621,0.6283,-0.7046,0.3737
20.80,22.07,22.08,0,-2.69646,0,|r_aux|,cross-domain,0.0000,0.0000,3.476,0,-2.69646,0,0.5884,0.9292,0.4888,0,-0.428,-0.2403,-0.02458,-0.6482,-0.2906
21.20,22.47,22.48,0,-2.48742,0,e_rec,cross-domain,0.0000,0.0000,3.648,0,-2.48742,0,0.9185,0.8898,2.099,0,0.3992,-0.9307,0.04928,0.9861,-0.1018
21.60,22.87,22.88,0,-2.89710,0,|r_aux|,cross-domain,0.0000,0.0000,3.508,0,-2.89710,0,1.091,1.184,0.8636,0,0.479,-0.6157,0.4652,-0.4794,-0.3921
22.00,23.27,23.28,0,-2.77805,0,|r_bal|,cross-domain,0.0000,0.0000,3.530,0,-2.77805,0,1.091,0.8648,1.069,0,0.5504,-0.3751,-0.04624,0.06906,-0.3668
22.40,23.67,23.68,0,-2.38841,0,|r_bal|,cross-domain,0.0000,0.0000,3.560,0,-2.38841,0,1.019,0.8783,2.428,0,-0.124,-0.2105,-0.002695,0.434,-0.6257
22.80,24.07,24.08,0,-1.80381,0,e_rec,cross-domain,0.0000,0.0000,3.440,0,-1.80381,0,0.9615,1.169,1.016,0,-0.2151,-0.2784,0.9939,2.322,0.1353
23.20,24.47,24.48,0,-1.96225,0,e_rec,cross-domain,0.0000,0.0000,3.656,0,-1.96225,0,0.5166,0.991,-0.01361,0,-0.5626,0.07343,1.491,1.867,0.527
23.60,24.87,24.88,0,-2.62127,0,|r_aux|,cross-domain,0.0000,0.0000,3.473,0,-2.62127,0,0.7175,1.17,0.8554,0,-0.4759,0.381,1.777,-0.4001,0.1872
24.00,25.27,25.28,0,-2.28988,0,e_rec,cross-domain,0.0000,0.0000,3.455,0,-2.28988,0,0.4736,1.349,-0.4648,0,-0.3608,0.1468,3.33,1.237,0.4939
24.40,25.67,25.68,0,-1.98761,0,e_rec,cross-domain,0.0000,0.0000,3.633,0,-1.98761,0,0.8611,1.085,-0.6279,0,-0.0238,-0.2272,2.583,2.424,-0.22
24.80,26.07,26.08,0,-2.83684,0,|r_bal|,cross-domain,0.0000,0.0000,3.550,0,-2.83684,0,1.162,1.064,0.8152,0,-0.3082,-0.4684,2.271,-0.853,0.618
25.20,26.47,26.48,0,-2.57605,0,|r_bal|,cross-domain,0.0000,0.0000,3.567,0,-2.57605,0,1.363,1.3,-0.4613,0,-0.1819,-0.2866,3.019,-0.0486,-0.4242
25.60,26.87,26.88,0,-2.21518,0,e_rec,cross-domain,0.0000,0.0000,3.625,0,-2.21518,0,1.148,0.9552,0.1072,0,0.2125,0.835,1.388,1.473,-0.8227
26.00,27.27,27.28,0,-2.51804,0,|r_bal|,cross-domain,0.0000,0.0000,3.581,0,-2.51804,0,0.9615,0.8614,1.933,0,-0.2741,1.02,1.024,-0.0801,-0.8747
26.40,27.67,27.68,0,-2.33545,0,|r_aux|,cross-domain,0.0000,0.0000,3.669,0,-2.33545,0,0.9328,1.187,0.7135,0,-0.1487,1.256,1.21,0.5961,0.6763
26.80,28.07,28.08,0,-2.30055,0,e_rec,cross-domain,0.0000,0.0000,3.525,0,-2.30055,0,0.6314,0.9967,0.04285,0,0.1174,0.9107,1.434,1.467,0.6101
27.20,28.47,28.48,0,-2.56613,0,|r_aux|,cross-domain,0.0000,0.0000,3.590,0,-2.56613,0,0.7175,1.093,0.8586,0,0.261,1.393,2.064,0.6838,-0.1827
27.60,28.87,28.88,0,-1.80454,0,e_rec,cross-domain,0.0000,0.0000,3.659,0,-1.80454,0,0.5453,1.297,-0.2134,0,0.2173,2.148,3.605,3.38,1.385
28.00,29.27,29.28,0,-2.15064,0,e_rec,cross-domain,0.0000,0.0000,3.556,0,-2.15064,0,0.8324,1.044,-0.8659,0,0.398,2.029,3.47,2.439,0.6045
28.40,29.67,29.68,0,-2.87535,0,|r_aux|,cross-domain,0.0000,0.0000,3.662,0,-2.87535,0,0.6601,1.05,0.1371,0,0.3606,1.404,3.64,0.2214,-0.1251
28.80,30.07,30.08,0,-3.19365,0,|r_aux|,cross-domain,0.0000,0.0000,3.498,0,-3.19365,0,1.048,1.259,-1.168,0,0.4576,0.8098,4.565,-0.7222,0.6804
29.20,30.47,30.48,0,-2.84036,0,|r_aux|,cross-domain,0.0000,0.0000,3.546,0,-2.84036,0,0.7175,0.9142,-0.1543,0,0.3165,1.024,2.522,0.1961,0.5201
29.60,30.87,30.88,0,-2.94357,0,|r_bal|,cross-domain,0.0000,0.0000,3.622,0,-2.94357,0,1.134,0.8161,2.255,0,0.1049,0.8879,1.5,-0.842,0.552
30.00,31.27,31.28,0,-2.66785,0,|r_aux|,cross-domain,0.0000,0.0000,3.573,0,-2.66785,0,1.191,1.161,1.272,0,0.004685,1.041,1.078,-0.4661,0.09192
30.40,31.67,31.68,0,-2.61409,0,|r_bal|,cross-domain,0.0000,0.0000,3.719,0,-2.61409,0,1.421,0.8491,1.1,0,0.1308,1.001,0.3859,-0.2502,-0.6722
30.80,32.07,32.08,0,-2.88345,0,|r_bal|,cross-domain,0.0000,0.0000,3.494,0,-2.88345,0,0.9041,0.735,2.68,0,0.293,1.166,0.6364,-0.468,-0.1227
31.20,32.47,32.48,0,-2.30169,0,e_rec,cross-domain,0.0000,0.0000,4.220,0,-2.30169,0,0.7462,1.093,1.362,0,-0.1859,1.377,0.9776,0.8318,1.805
31.60,32.87,32.88,0,-2.13613,0,e_rec,cross-domain,0.0000,0.0000,3.785,0,-2.13613,0,0.0574,0.8996,0.3765,0,-0.6682,0.8108,1.781,1.487,0.5782
32.00,33.27,33.28,0,-2.62404,0,|r_aux|,cross-domain,0.0000,0.0000,3.630,0,-2.62404,0,0.5453,1.116,1.057,0,-0.3197,-0.04863,2.027,0.0226,-0.07413
32.40,33.67,33.68,0,-2.39405,0,e_rec,cross-domain,0.0000,0.0000,3.701,0,-2.39405,0,0.9041,1.268,-0.6126,0,0.4917,-0.4172,3.946,2.074,2.035
32.80,34.07,34.08,0,-2.67916,0,e_rec,cross-domain,0.0000,0.0000,3.726,0,-2.67916,0,0.8036,0.984,-1.222,0,0.9849,0.1455,3.373,1.73,-0.2403
33.20,34.47,34.48,0,-3.34788,0,|r_aux|,cross-domain,0.0000,0.0000,3.577,0,-3.34788,0,0.6314,1.044,-0.1745,0,1.197,0.5531,3.518,-0.1519,-0.847
33.60,34.87,34.88,0,-3.78434,0,|r_aux|,cross-domain,0.0000,0.0000,3.670,0,-3.78434,0,0.531,1.294,-1.21,0,1.893,0.7202,4.109,-0.554,0.5324
34.00,35.27,35.28,0,-3.64911,0,|r_bal|,cross-domain,0.0000,0.0000,3.553,0,-3.64911,0,1.033,0.9629,-0.3751,0,1.657,-0.05554,2.021,-0.944,-0.7133
34.40,35.67,35.68,0,-3.22935,0,|r_aux|,cross-domain,0.0000,0.0000,3.528,0,-3.22935,0,0.3588,0.8095,2.258,0,0.7936,-0.505,1.2,-0.3071,-0.2116
34.80,36.07,36.08,0,-2.92930,0,|r_aux|,cross-domain,0.0000,0.0000,3.635,0,-2.92930,0,0.7319,1.152,1.229,0,-0.1051,-0.6182,0.6236,-1.021,0.2221
35.20,36.47,36.48,0,-2.61347,0,|r_aux|,cross-domain,0.0000,0.0000,3.576,0,-2.61347,0,0.7606,0.8545,1.114,0,0.0551,-0.8638,0.03673,0.2433,-0.5459
35.60,36.87,36.88,0,-2.69519,0,|r_bal|,cross-domain,0.0000,0.0000,3.562,0,-2.69519,0,1.019,0.8139,2.389,0,0.2038,-1.158,0.318,0.1172,-0.349
36.00,37.27,37.28,0,-2.60021,0,|r_bal|,cross-domain,0.0000,0.0000,3.631,0,-2.60021,0,1.435,1.122,1.186,0,0.07148,-1.27,0.694,-0.0859,-0.07004
36.40,37.67,37.68,0,-2.33646,0,|r_bal|,cross-domain,0.0000,0.0000,3.521,0,-2.33646,0,1.134,0.7952,1.04,0,-0.2609,-1.237,0.222,0.608,-0.6389
36.80,38.07,38.08,0,-2.42792,0,|r_bal|,cross-domain,0.0000,0.0000,3.599,0,-2.42792,0,1.378,0.8115,2.634,0,-0.05845,-1.123,0.1879,0.4105,0.2305
37.20,38.47,38.48,0,-2.90966,0,|r_bal|,cross-domain,0.0000,0.0000,3.476,0,-2.90966,0,1.205,1.157,1.457,0,0.3093,-1.037,0.5461,-0.7301,-0.3149
37.60,38.87,38.88,0,-2.81881,0,|r_bal|,cross-domain,0.0000,0.0000,3.682,0,-2.81881,0,1.536,0.8051,1.389,0,0.3649,-1.143,0.1027,-0.4532,-0.8668
38.00,39.27,39.28,0,-2.48405,0,e_rec,cross-domain,0.0000,0.0000,3.604,0,-2.48405,0,0.7462,0.7035,2.782,0,-0.008005,-0.9614,-0.06469,0.6548,-0.4049
38.40,39.67,39.68,0,-1.84898,0,e_rec,cross-domain,0.0000,0.0000,3.566,0,-1.84898,0,1.162,1.046,1.362,0,-0.3444,-0.9742,0.4793,2.03,1.6
38.80,40.07,40.08,0,-2.42031,0,|r_qp|,cross-domain,0.0000,0.0000,3.539,0,-2.42031,0,0.531,0.8193,0.8638,0,-0.8065,-0.8853,0.2321,-0.006906,-0.187
39.20,40.47,40.48,0,-2.67871,0,|r_aux|,cross-domain,0.0000,0.0000,3.488,0,-2.67871,0,0.4879,1.054,1.898,0,0.1164,-0.6115,0.07861,0.09591,-0.8667
39.60,40.87,40.88,0,-2.92161,0,|r_aux|,cross-domain,0.0000,0.0000,3.607,0,-2.92161,0,0.818,1.234,0.9137,0,0.7861,-0.5698,1.409,0.227,0.6556
40.00,41.27,41.28,0,-2.51108,0,e_rec,cross-domain,0.0000,0.0000,3.528,0,-2.51108,0,0.7175,0.9554,0.09814,0,1.279,-0.1103,1.099,2.261,-0.3211
40.40,41.67,41.68,0,-3.45231,0,|r_bal|,cross-domain,0.0000,0.0000,3.555,0,-3.45231,0,1.249,1.065,1.096,0,1.414,0.2277,1.31,-0.949,0.7399
40.80,42.07,42.08,0,-3.41003,0,|r_aux|,cross-domain,0.0000,0.0000,3.538,0,-3.41003,0,1.32,1.305,-0.4943,0,1.307,-0.07152,2.183,-0.9311,0.3874
41.20,42.47,42.48,0,-3.17670,0,|r_bal|,cross-domain,0.0000,0.0000,4.778,0,-3.17670,0,1.134,0.9655,0.2255,0,1.08,-0.6566,0.8713,-0.3947,-0.5375
41.60,42.87,42.88,0,-2.11585,0,e_rec,cross-domain,0.0000,0.0000,3.540,0,-2.11585,0,0.8898,0.8132,2.412,0,0.1923,-0.7732,0.8811,2.121,-0.155
42.00,43.27,43.28,0,-2.76512,0,|r_aux|,cross-domain,0.0000,0.0000,4.574,0,-2.76512,0,0.8036,1.152,1.319,0,0.151,-0.5738,1.105,-0.07102,1.029
42.40,43.67,43.68,0,-2.48758,0,e_rec,cross-domain,0.0000,0.0000,3.706,0,-2.48758,0,0.9615,0.9098,0.9252,0,0.1059,-0.5416,0.6684,0.6693,-0.06062
42.80,44.07,44.08,0,-3.04670,0,|r_aux|,cross-domain,0.0000,0.0000,3.534,0,-3.04670,0,0.8036,0.9879,2.04,0,0.3234,-0.4894,0.4318,-0.9015,-0.5415
43.20,44.47,44.48,0,-2.47212,0,e_rec,cross-domain,0.0000,0.0000,3.436,0,-2.47212,0,0.4305,1.225,0.9789,0,0.2585,-0.6287,0.9617,1.138,0.3315
43.60,44.87,44.88,0,-3.11955,0,|r_aux|,cross-domain,0.0000,0.0000,3.546,0,-3.11955,0,0.5884,0.8187,0.8217,0,0.6462,0.8603,0.2469,-0.6705,-0.7768
44.00,45.27,45.28,0,-2.70405,0,|r_bal|,cross-domain,0.0000,0.0000,3.603,0,-2.70405,0,1.306,0.6607,2.28,0,0.5133,1.87,0.2366,0.01573,-0.2217
44.40,45.67,45.68,0,-2.65055,0,|r_aux|,cross-domain,0.0000,0.0000,3.500,0,-2.65055,0,1.033,1.05,0.7724,0,0.3484,1.898,0.6273,0.06167,0.8485
44.80,46.07,46.08,0,-2.61894,0,|r_bal|,cross-domain,0.0000,0.0000,3.463,0,-2.61894,0,1.105,0.895,-0.3373,0,0.4801,1.284,0.6716,0.4697,0.3977
45.20,46.47,46.48,0,-2.70835,0,|r_aux|,cross-domain,0.0000,0.0000,3.503,0,-2.70835,0,0.1148,1.183,-0.06348,0,0.2582,0.7899,1.062,0.4015,-0.7705
45.60,46.87,46.88,0,-3.09764,0,|r_aux|,cross-domain,0.0000,0.0000,3.606,0,-3.09764,0,0.6601,1.349,-1.14,0,0.3164,0.5527,2.304,-0.9182,-0.6499
46.00,47.27,47.28,0,-3.27086,0,|r_aux|,cross-domain,0.0000,0.0000,3.627,0,-3.27086,0,0.4305,0.887,-0.6435,0,0.4468,-0.1023,0.8862,-1.072,-0.6921
46.40,47.67,47.68,0,-3.31997,0,|r_bal|,cross-domain,0.0000,0.0000,3.588,0,-3.31997,0,0.6745,0.5418,1.682,0,0.8841,-0.8858,0.3994,-0.6093,-0.2238
46.80,48.07,48.08,0,-2.83622,0,|r_aux|,cross-domain,0.0000,0.0000,3.533,0,-2.83622,0,0.7175,0.9744,0.8383,0,-0.03809,-0.8129,0.06655,-0.5294,1.228
47.20,48.47,48.48,0,-3.04177,0,|r_aux|,cross-domain,0.0000,0.0000,3.659,0,-3.04177,0,0.1435,0.7779,0.6402,0,-0.08221,-0.4597,-0.2559,-0.9653,-0.539
47.60,48.87,48.88,0,-2.66606,0,|r_aux|,cross-domain,0.0000,0.0000,3.603,0,-2.66606,0,0.0861,1.046,2.406,0,-0.5195,-0.1415,-0.1627,-0.507,-0.3439
48.00,49.27,49.28,0,-2.41989,0,|r_aux|,cross-domain,0.0000,0.0000,3.747,0,-2.41989,0,0.3014,1.273,1.166,0,-0.1328,-0.02425,0.8853,0.7977,0.9961
48.40,49.67,49.68,0,-2.71857,0,|r_aux|,cross-domain,0.0000,0.0000,3.663,0,-2.71857,0,0.8611,0.9534,1.124,0,-0.4342,-0.1256,0.3233,-0.8757,-0.3422
48.80,50.07,50.08,0,-2.76100,0,|r_aux|,cross-domain,0.0000,0.0000,3.569,0,-2.76100,0,0.7462,0.9119,2.04,0,-0.1891,-0.08687,0.5156,-0.5976,-0.6415
49.20,50.47,50.48,0,-2.98475,0,|r_aux|,cross-domain,0.0000,0.0000,3.614,0,-2.98475,0,0.5597,1.217,0.512,0,0.07638,-0.2138,0.6311,-0.9402,0.1408
49.60,50.87,50.88,0,-2.99367,0,|r_bal|,cross-domain,0.0000,0.0000,3.564,0,-2.99367,0,1.048,0.886,0.2322,0,0.7252,-0.4664,0.02928,-0.3389,-0.3249
50.00,51.27,51.28,0,-2.94517,0,|r_bal|,cross-domain,0.0000,0.0000,3.644,0,-2.94517,0,1.177,0.8054,1.669,0,0.7492,-0.8231,-0.126,-0.2007,-0.4118
50.40,51.67,51.68,0,-3.05287,0,|r_bal|,cross-domain,0.0000,0.0000,3.582,0,-3.05287,0,1.335,1.133,1.205,0,0.6026,-0.9764,0.3349,-0.8841,0.3329
50.80,52.07,52.08,0,-2.67964,0,|r_bal|,cross-domain,0.0000,0.0000,3.469,0,-2.67964,0,0.9472,0.8009,0.9735,0,0.06631,-0.8235,0.05168,-0.05342,-0.8123
51.20,52.47,52.48,0,-2.59098,0,|r_bal|,cross-domain,0.0000,0.0000,3.593,0,-2.59098,0,0.8898,0.8501,2.373,0,-0.2609,-0.6298,0.1833,-0.1965,-0.5817
51.60,52.87,52.88,0,-2.13508,0,e_rec,cross-domain,0.0000,0.0000,3.594,0,-2.13508,0,0.7319,1.139,0.9138,0,-0.2422,0.07933,0.5992,1.233,-0.3923
52.00,53.27,53.28,0,-1.93913,0,e_rec,cross-domain,0.0000,0.0000,3.656,0,-1.93913,0,1.062,0.837,0.5907,0,0.008041,1.411,0.162,1.94,-0.1156
52.40,53.67,53.68,0,-2.36074,0,e_rec,cross-domain,0.0000,0.0000,3.471,0,-2.36074,0,0.9472,0.828,1.969,0,0.2493,2.83,0.0988,0.7522,-0.2055
52.80,54.07,54.08,0,-2.33909,0,|r_bal|,cross-domain,0.0000,0.0000,3.526,0,-2.33909,0,1.55,1.155,0.9593,0,0.1396,3.277,0.5249,0.1309,-0.1902
53.20,54.47,54.48,0,-2.44420,0,|r_bal|,cross-domain,0.0000,0.0000,3.589,0,-2.44420,0,1.492,0.8357,0.7928,0,0.0006744,2.099,0.01151,-0.08002,-0.0424
53.60,54.87,54.88,0,-2.63141,0,|r_bal|,cross-domain,0.0000,0.0000,3.565,0,-2.63141,0,1.033,0.8309,2.127,0,0.06052,0.8004,0.08984,-0.1557,-0.07725
54.00,55.27,55.28,0,-2.69737,0,|r_aux|,cross-domain,0.0000,0.0000,3.624,0,-2.69737,0,0.6458,1.152,1.062,0,-0.4161,0.07703,0.5363,-0.7572,-0.295
54.40,55.67,55.68,0,-2.55824,0,|r_aux|,cross-domain,0.0000,0.0000,3.520,0,-2.55824,0,0.2583,0.7563,0.7497,0,-0.2465,0.1516,-0.1799,0.228,-0.9248
54.80,56.07,56.08,0,-3.06930,0,|r_aux|,cross-domain,0.0000,0.0000,3.662,0,-3.06930,0,0.3444,0.6373,2.226,0,-0.1222,4.458e-05,-0.5802,-1.284,-0.376
55.20,56.47,56.48,0,-2.67798,0,|r_aux|,cross-domain,0.0000,0.0000,3.540,0,-2.67798,0,0.5597,1.02,0.9969,0,0.5025,0.091,0.02074,0.5354,-0.1018
55.60,56.87,56.88,0,-2.48852,0,e_rec,cross-domain,0.0000,0.0000,3.642,0,-2.48852,0,0.7893,0.8086,0.7559,0,0.8867,1.15,-0.3069,1.428,-0.2167
56.00,57.27,57.28,0,-2.79813,0,|r_aux|,cross-domain,0.0000,0.0000,3.540,0,-2.79813,0,1.091,1.095,2.061,0,0.5915,1.922,-0.1781,-0.4316,-0.3701
56.40,57.67,57.68,0,-3.10712,0,|r_aux|,cross-domain,0.0000,0.0000,3.484,0,-3.10712,0,0.9328,1.315,0.7439,0,0.5635,1.96,0.3941,-1.358,-0.2049
56.80,58.07,58.08,0,-2.74546,0,|r_aux|,cross-domain,0.0000,0.0000,3.533,0,-2.74546,0,0.8467,0.9086,0.6414,0,0.1597,0.369,-0.06617,-0.3119,-0.6724
57.20,58.47,58.48,0,-3.12667,0,|r_bal|,cross-domain,0.0000,0.0000,3.574,0,-3.12667,0,0.8467,0.7235,1.9,0,0.4556,-0.8931,-0.009264,-0.8827,-0.6462
57.60,58.87,58.88,0,-2.79947,0,|r_aux|,cross-domain,0.0000,0.0000,3.542,0,-2.79947,0,1.019,1.08,0.7263,0,0.3384,-1.071,0.1799,-0.2024,0.06451
58.00,59.27,59.28,0,-2.79358,0,|r_bal|,cross-domain,0.0000,0.0000,3.557,0,-2.79358,0,0.8324,0.7467,0.7253,0,0.1836,-0.1296,-0.2309,-0.2934,-0.7097
58.40,59.67,59.68,0,-2.73824,0,|r_bal|,cross-domain,0.0000,0.0000,3.543,0,-2.73824,0,1.335,0.7879,2.46,0,0.1611,0.5909,-0.09657,-0.574,-0.4683
58.80,60.07,60.08,0,-2.82499,0,|r_bal|,cross-domain,0.0000,0.0000,3.515,0,-2.82499,0,1.234,1.109,1.313,0,0.2221,0.7749,0.4141,-0.7882,0.05299
59.20,60.47,60.48,0,-2.22214,0,|r_bal|,cross-domain,0.0000,0.0000,3.455,0,-2.22214,0,1.837,0.8693,0.9234,0,0.291,0.4314,-0.2127,0.8864,-0.7135
59.60,60.87,60.88,0,-2.80028,0,|r_bal|,cross-domain,0.0000,0.0000,3.532,0,-2.80028,0,1.579,1.039,1.94,0,0.7758,0.4339,-0.4717,-0.3417,-0.3327
60.00,61.27,61.28,0,-2.52892,0,|r_bal|,cross-domain,0.0000,0.0000,3.524,0,-2.52892,0,1.607,1.296,0.7292,0,0.09563,0.8581,0.1576,-0.4085,0.1287
60.40,61.67,61.68,0,-2.24923,0,e_rec,cross-domain,0.0000,0.0000,3.440,0,-2.24923,0,1.119,0.9198,0.728,0,0.7186,0.8932,-0.1935,1.712,-0.8701
60.80,62.07,62.08,0,-2.90892,0,e_rec,cross-domain,0.0000,0.0000,3.506,0,-2.90892,0,0.818,0.7839,2.147,0,1.272,0.6881,0.03164,0.6457,-0.6833
61.20,62.47,62.48,0,-2.90661,0,|r_aux|,cross-domain,0.0000,0.0000,3.456,0,-2.90661,0,0.9615,1.137,0.7631,0,1.226,0.4307,0.3271,0.3992,-0.5161
61.60,62.87,62.88,0,-2.87570,0,|r_bal|,cross-domain,0.0000,0.0000,3.504,0,-2.87570,0,0.9902,0.7322,0.7597,0,0.8269,0.4008,-0.3443,0.0791,-0.874
62.00,63.27,63.28,0,-2.90397,0,|r_bal|,cross-domain,0.0000,0.0000,3.445,0,-2.90397,0,0.9472,0.549,2.341,0,0.05641,0.641,-0.5502,-0.9512,-0.7786
62.40,63.67,63.68,0,-2.77873,0,|r_bal|,cross-domain,0.0000,0.0000,3.514,0,-2.77873,0,1.134,1.002,1.279,0,-0.009325,0.3268,0.1184,-0.8553,-0.7665
62.80,64.07,64.08,0,-2.52159,0,e_rec,cross-domain,0.0000,0.0000,3.453,0,-2.52159,0,0.8467,0.6437,0.9918,0,0.335,0.03658,-0.3651,0.7872,-0.5851
63.20,64.47,64.48,0,-3.20608,0,|r_bal|,cross-domain,0.0000,0.0000,3.450,0,-3.20608,0,1.005,0.6801,2.212,0,1.479,-0.4416,-0.4439,-0.00643,-0.03296
63.60,64.87,64.88,0,-3.23909,0,|r_bal|,cross-domain,0.0000,0.0000,3.419,0,-3.23909,0,1.177,1.04,1.043,0,2.196,-0.2532,0.04204,0.5613,-0.01412
64.00,65.27,65.28,0,-3.38838,0,|r_bal|,cross-domain,0.0000,0.0000,3.504,0,-3.38838,0,1.363,0.7804,0.8481,0,1.941,0.5286,-0.5578,-0.4138,-0.08046
64.40,65.67,65.68,0,-2.81986,0,|r_bal|,cross-domain,0.0000,0.0000,3.486,0,-2.81986,0,1.449,1.036,2.084,0,1.584,1.201,-0.3787,0.6486,-0.172
64.80,66.07,66.08,0,-2.61102,0,|r_aux|,cross-domain,0.0000,0.0000,3.442,0,-2.61102,0,1.263,1.249,1.069,0,0.5601,1.408,0.2321,0.08332,-0.3814
65.20,66.47,66.48,0,-2.76727,0,|r_aux|,cross-domain,0.0000,0.0000,3.471,0,-2.76727,0,0.7462,0.7878,0.803,0,-0.3519,1.412,-0.2261,-1.072,-0.7948
65.60,66.87,66.88,0,-2.55475,0,|r_bal|,cross-domain,0.0000,0.0000,3.464,0,-2.55475,0,1.335,0.571,2.227,0,-0.04353,1.187,-0.3237,-0.2369,-0.7067
66.00,67.27,67.28,0,-2.82825,0,|r_bal|,cross-domain,0.0000,0.0000,3.501,0,-2.82825,0,1.363,1.004,0.9863,0,-0.104,0.5529,-0.06832,-1.291,0.1069
66.40,67.67,67.68,0,-2.77963,0,|r_bal|,cross-domain,0.0000,0.0000,3.430,0,-2.77963,0,1.162,0.7502,0.6284,0,-0.1169,-0.3314,-0.2194,-0.8122,-0.6181
66.80,68.07,68.08,0,-3.24589,0,|r_aux|,cross-domain,0.0000,0.0000,3.439,0,-3.24589,0,0.4736,0.9366,2.198,0,0.4151,-1.07,-0.007876,-1.211,-0.7562
67.20,68.47,68.48,0,-2.65878,0,|r_aux|,cross-domain,0.0000,0.0000,3.457,0,-2.65878,0,0.8467,1.221,0.9339,0,-0.1898,-0.9471,0.4958,-0.3859,-0.1966
67.60,68.87,68.88,0,-2.58334,0,|r_bal|,cross-domain,0.0000,0.0000,3.516,0,-2.58334,0,0.9615,0.8289,0.6481,0,0.09575,-1.127,-0.1597,0.2729,-0.7226
68.00,69.27,69.28,0,-2.27096,0,|r_bal|,cross-domain,0.0000,0.0000,3.568,0,-2.27096,0,1.32,0.6989,1.859,0,-0.2072,-1.149,-0.4695,0.6841,-0.3231
68.40,69.67,69.68,0,-1.95998,0,e_rec,cross-domain,0.0000,0.0000,3.549,0,-1.95998,0,1.019,1.073,0.9465,0,-0.4086,-1.423,0.03217,1.501,-0.6535
68.80,70.07,70.08,0,-2.76416,0,|r_bal|,cross-domain,0.0000,0.0000,3.442,0,-2.76416,0,1.378,0.6569,0.9008,0,0.1681,-1.166,-0.551,-0.4513,-0.8333
69.20,70.47,70.48,0,-2.54154,0,|r_bal|,cross-domain,0.0000,0.0000,3.467,0,-2.54154,0,1.421,0.5321,2.258,0,-0.2032,-0.9568,-0.7256,-0.1947,0.02962
69.60,70.87,70.88,0,-2.73349,0,|r_bal|,cross-domain,0.0000,0.0000,3.459,0,-2.73349,0,1.148,0.9843,1.094,0,0.01919,-0.3175,-0.1098,-0.6163,-0.5018
70.00,71.27,71.28,0,-2.82290,0,|r_bal|,cross-domain,0.0000,0.0000,3.504,0,-2.82290,0,0.6314,0.5965,1.337,0,0.112,0.3246,-0.5991,-0.392,-0.6362
70.40,71.67,71.68,0,-3.02765,0,|r_bal|,cross-domain,0.0000,0.0000,3.443,0,-3.02765,0,0.8754,0.5843,2.683,0,0.4767,0.9907,-0.5356,-0.8165,-0.5138
70.80,72.07,72.08,0,-3.28252,0,|r_aux|,cross-domain,0.0000,0.0000,3.461,0,-3.28252,0,0.818,0.9898,1.321,0,1.348,0.7474,-0.03972,-0.5979,-0.6914
71.20,72.47,72.48,0,-2.87002,0,|r_bal|,cross-domain,0.0000,0.0000,3.467,0,-2.87002,0,0.8898,0.5736,0.8919,0,0.5165,-0.01233,-0.5667,-0.1193,-0.7187
71.60,72.87,72.88,0,-3.29519,0,|r_bal|,cross-domain,0.0000,0.0000,3.497,0,-3.29519,0,0.6458,0.5503,2.345,0,0.9163,-1.001,-0.3872,-0.6593,-0.6397
72.00,73.27,73.28,0,-3.27059,0,|r_bal|,cross-domain,0.0000,0.0000,3.484,0,-3.27059,0,1.119,0.9474,1.281,0,1.211,-1.116,0.179,-0.5544,0.3497
72.40,73.67,73.68,0,-3.22890,0,|r_bal|,cross-domain,0.0000,0.0000,3.466,0,-3.22890,0,1.292,0.6171,1.27,0,1.393,-1.193,-0.06651,-0.1691,-0.4857
72.80,74.07,74.08,0,-3.02245,0,|r_bal|,cross-domain,0.0000,0.0000,3.424,0,-3.02245,0,1.492,0.9622,2.716,0,0.6035,-0.7432,0.08075,-0.9358,-0.5258
73.20,74.47,74.48,0,-2.60984,0,|r_bal|,cross-domain,0.0000,0.0000,3.489,0,-2.60984,0,1.392,1.22,1.38,0,0.2969,-0.4782,0.4594,-0.06226,-0.8205
73.60,74.87,74.88,0,-2.57903,0,|r_aux|,cross-domain,0.0000,0.0000,3.442,0,-2.57903,0,0.7749,0.8078,1.233,0,-0.1876,-0.03188,-0.2847,-0.1323,-0.9131
74.00,75.27,75.28,0,-2.73598,0,|r_aux|,cross-domain,0.0000,0.0000,3.462,0,-2.73598,0,0.574,0.6118,2.328,0,-0.0479,0.4465,-0.6428,-0.3157,-0.3076
74.40,75.67,75.68,0,-3.09067,0,|r_aux|,cross-domain,0.0000,0.0000,3.484,0,-3.09067,0,0.7462,1.032,0.814,0,0.4321,0.5241,-0.07546,-1.09,-0.3218
74.80,76.07,76.08,0,-1.99928,0,e_rec,cross-domain,0.0000,0.0000,3.391,0,-1.99928,0,0.6888,0.7257,0.5329,0,0.5712,0.5672,-0.265,2.79,-0.3305
75.20,76.47,76.48,0,-2.66849,0,|r_bal|,cross-domain,0.0000,0.0000,3.431,0,-2.66849,0,1.177,0.8503,2.255,0,0.1737,-0.0795,-0.1369,-0.19,-0.3989
75.60,76.87,76.88,0,-2.65415,0,|r_aux|,cross-domain,0.0000,0.0000,3.476,0,-2.65415,0,0.6601,1.14,1.266,0,-0.4392,-0.4676,0.232,-0.646,-0.289
76.00,77.27,77.28,0,-2.17474,0,e_rec,cross-domain,0.0000,0.0000,3.459,0,-2.17474,0,0.7606,0.7027,1.216,0,0.0187,0.1152,-0.3664,1.481,-0.8062
76.40,77.67,77.68,0,-2.93053,0,|r_bal|,cross-domain,0.0000,0.0000,3.481,0,-2.93053,0,0.6314,0.5963,1.909,0,0.9276,0.77,-0.5836,0.2563,-0.5028
76.80,78.07,78.08,0,-2.61490,0,e_rec,cross-domain,0.0000,0.0000,3.421,0,-2.61490,0,0.9041,1.009,1.097,0,0.7646,0.9026,-0.08952,0.6971,-0.7385
77.20,78.47,78.48,0,-2.74056,0,e_rec,cross-domain,0.0000,0.0000,3.427,0,-2.74056,0,0.6745,0.6292,0.8887,0,1.399,-0.1506,-0.6189,1.53,-0.861
77.60,78.87,78.88,0,-2.99254,0,|r_bal|,cross-domain,0.0000,0.0000,3.501,0,-2.99254,0,0.7749,0.5553,2.361,0,0.3472,-0.7719,-0.4871,-0.555,-0.6249
78.00,79.27,79.28,0,-2.82831,0,|r_aux|,cross-domain,0.0000,0.0000,3.497,0,-2.82831,0,0.2727,1.007,1.101,0,0.2265,-0.8794,0.1597,0.02117,-0.3889
78.40,79.67,79.68,0,-2.75158,0,e_rec,cross-domain,0.0000,0.0000,3.428,0,-2.75158,0,0.6745,0.6163,0.7751,0,0.7022,-0.6611,-0.3391,0.7291,-0.8828
78.80,80.07,80.08,0,-3.16598,0,|r_aux|,cross-domain,0.0000,0.0000,3.397,0,-3.16598,0,0.5453,0.6953,2.204,0,0.3044,-0.4084,-0.3606,-1.148,-0.9204
79.20,80.47,80.48,0,-2.97091,0,|r_aux|,cross-domain,0.0000,0.0000,3.448,0,-2.97091,0,0.7175,1.034,1.147,0,0.3918,-0.3068,0.07561,-0.5848,0.1134
79.60,80.87,80.88,0,-2.91157,0,|r_bal|,cross-domain,0.0000,0.0000,3.484,0,-2.91157,0,0.8754,0.6544,1.101,0,0.09374,0.7149,-0.2743,-0.8911,-0.9415
80.00,81.27,81.28,0,-2.75697,0,|r_bal|,cross-domain,0.0000,0.0000,3.489,0,-2.75697,0,1.55,0.78,2.283,0,0.4433,1.42,-0.2356,-0.5445,-0.6612
80.40,81.67,81.68,0,-2.15045,0,|r_bal|,cross-domain,0.0000,0.0000,3.469,0,-2.15045,0,1.88,1.118,0.904,0,0.4376,1.314,0.09139,1.06,-0.7697
80.80,82.07,82.08,0,-2.87414,0,|r_bal|,cross-domain,0.0000,0.0000,3.494,0,-2.87414,0,2.038,0.6956,0.9503,0,0.6547,0.1585,-0.6039,-0.8029,-0.8317
81.20,82.47,82.48,0,-2.69108,0,|r_bal|,cross-domain,0.0000,0.0000,3.441,0,-2.69108,0,1.249,0.5234,2.092,0,-0.3718,-0.5748,-0.5626,-0.7856,0.07072
81.60,82.87,82.88,0,-2.77668,0,|r_aux|,cross-domain,0.0000,0.0000,3.494,0,-2.77668,0,0.531,0.9873,1.258,0,-0.0679,-0.6076,0.09268,-0.407,-0.5918
82.00,83.27,83.28,0,-2.71751,0,|r_aux|,cross-domain,0.0000,0.0000,3.461,0,-2.71751,0,0.1435,0.5398,0.9288,0,-0.1757,-0.6716,-0.1586,0.1336,-0.8602
82.40,83.67,83.68,0,-3.41431,0,|r_aux|,cross-domain,0.0000,0.0000,3.507,0,-3.41431,0,0.3444,0.3957,1.84,0,0.4457,-0.7546,0.03788,-1.246,0.03901
82.80,84.07,84.08,0,-3.25961,0,|r_aux|,cross-domain,0.0000,0.0000,3.497,0,-3.25961,0,0.6458,0.8323,0.6486,0,0.9193,-0.8104,0.3567,-0.517,0.1963
83.20,84.47,84.48,0,-3.20895,0,|r_bal|,cross-domain,0.0000,0.0000,3.440,0,-3.20895,0,1.263,0.4989,0.5857,0,0.8439,-0.2787,-0.1568,-0.862,-0.9124
83.60,84.87,84.88,0,-2.76893,0,|r_bal|,cross-domain,0.0000,0.0000,3.818,0,-2.76893,0,1.177,0.9009,2.208,0,0.3299,0.246,-0.3332,-0.4125,-0.196
84.00,85.27,85.28,0,-2.63054,0,|r_aux|,cross-domain,0.0000,0.0000,3.584,0,-2.63054,0,0.7606,1.178,1.435,0,0.195,0.02528,0.08599,0.03706,-0.683
84.40,85.67,85.68,0,-1.92153,0,e_rec,cross-domain,0.0000,0.0000,3.947,0,-1.92153,0,0.4879,0.7242,1.127,0,0.3375,-0.1147,-0.4323,2.874,-0.892
84.80,86.07,86.08,0,-3.28675,0,|r_aux|,cross-domain,0.0000,0.0000,3.440,0,-3.28675,0,0.4449,0.4696,2.712,0,0.5014,-0.5049,-0.2019,-1.013,-0.5773
85.20,86.47,86.48,0,-3.31728,0,|r_aux|,cross-domain,0.0000,0.0000,3.555,0,-3.31728,0,0.6745,0.9598,1.496,0,0.7939,-0.4775,0.4056,-1.03,-0.06513
85.60,86.87,86.88,0,-3.18165,0,|r_aux|,cross-domain,0.0000,0.0000,3.549,0,-3.18165,0,0.6458,0.6224,1.202,0,0.2258,-0.6563,0.0669,-1.165,-0.7103
86.00,87.27,87.28,0,-3.27558,0,|r_aux|,cross-domain,0.0000,0.0000,3.505,0,-3.27558,0,0.2296,0.8048,2.263,0,0.4942,-0.7806,-0.1034,-0.9708,0.03006
86.40,87.67,87.68,0,-3.06956,0,|r_aux|,cross-domain,0.0000,0.0000,3.482,0,-3.06956,0,-0.0287,1.108,0.5943,0,-0.02215,-0.7929,0.1623,-0.9298,-0.07574
86.80,88.07,88.08,0,-2.67951,0,|r_qp|,cross-domain,0.0000,0.0000,3.414,0,-2.67951,0,-0.3301,0.647,0.3003,0,-0.5445,0.1623,-0.6157,-0.1759,-0.871
87.20,88.47,88.48,0,-2.61368,0,|r_qp|,cross-domain,0.0000,0.0000,3.619,0,-2.61368,0,0.244,0.4978,1.571,0,-0.6662,1.427,-0.5581,-0.4431,1.04
87.60,88.87,88.88,0,-2.08113,0,e_rec,cross-domain,0.0000,0.0000,3.578,0,-2.08113,0,0.5023,0.9629,0.8295,0,-0.04637,1.681,0.1207,1.618,-0.4763
88.00,89.27,89.28,0,-2.99954,0,|r_bal|,cross-domain,0.0000,0.0000,3.520,0,-2.99954,0,0.6171,0.529,0.784,0,1.029,0.4437,-0.2987,0.3206,-0.8113
88.40,89.67,89.68,0,-3.58721,0,|r_bal|,cross-domain,0.0000,0.0000,3.415,0,-3.58721,0,0.9041,0.3198,2.186,0,1.845,-0.6302,-0.3478,-0.396,0.2103
88.80,90.07,90.08,0,-3.59896,0,|r_aux|,cross-domain,0.0000,0.0000,3.461,0,-3.59896,0,0.5884,0.8736,1.06,0,1.593,-1.009,0.2715,-0.7718,-0.4901
89.20,90.47,90.48,0,-3.65423,0,|r_bal|,cross-domain,0.0000,0.0000,3.489,0,-3.65423,0,0.9185,0.4092,0.6415,0,1.419,-0.9436,-0.2502,-1.204,-0.851
89.60,90.87,90.88,0,-3.08007,0,|r_bal|,cross-domain,0.0000,0.0000,3.535,0,-3.08007,0,0.6745,0.3959,2.002,0,-0.03441,-1.07,0.0205,-1.004,-0.5433
90.00,91.27,91.28,0,-2.67464,0,|r_aux|,cross-domain,0.0000,0.0000,3.512,0,-2.67464,0,0.8754,0.8626,0.8532,0,-0.03995,-1.12,0.4503,-0.0296,-0.5069
90.40,91.67,91.68,0,-2.50815,0,|r_qp|,cross-domain,0.0000,0.0000,3.724,0,-2.50815,0,0.6314,0.4055,1.033,0,-0.3771,-0.8709,-0.04011,0.3672,-0.9386
90.80,92.07,92.08,0,-2.98622,0,|r_aux|,cross-domain,0.0000,0.0000,3.396,0,-2.98622,0,0.574,0.7327,2.457,0,-0.2315,-0.8108,-0.1619,-1.204,-0.6913
91.20,92.47,92.48,0,-2.93120,0,|r_aux|,cross-domain,0.0000,0.0000,4.574,0,-2.93120,0,0.3588,1.067,1.049,0,-0.1598,-0.5595,0.3663,-0.9268,-0.859
91.60,92.87,92.88,0,-2.82426,0,|r_bal|,cross-domain,0.0000,0.0000,3.767,0,-2.82426,0,0.7175,0.6078,0.705,0,-0.2557,-0.2082,-0.05679,-0.751,-0.786
92.00,93.27,93.28,0,-2.46588,0,|r_bal|,cross-domain,0.0000,0.0000,3.622,0,-2.46588,0,0.9185,0.4221,2.018,0,-0.1482,0.4211,0.2718,0.5484,0.09739
92.40,93.67,93.68,0,-2.98856,0,|r_aux|,cross-domain,0.0000,0.0000,3.496,0,-2.98856,0,0.7032,0.9237,0.7865,0,0.6268,0.6619,0.5283,-0.3161,-0.4719
92.80,94.07,94.08,0,-2.38262,0,e_rec,cross-domain,0.0000,0.0000,3.510,0,-2.38262,0,0.6745,0.5112,0.7689,0,0.7984,0.297,-0.1276,2.026,-0.9129
93.20,94.47,94.48,0,-3.60944,0,|r_bal|,cross-domain,0.0000,0.0000,3.584,0,-3.60944,0,1.205,0.6967,1.872,0,1.547,-0.09578,-0.4263,-1.404,-0.3359
93.60,94.87,94.88,0,-2.69146,0,|r_bal|,cross-domain,0.0000,0.0000,3.685,0,-2.69146,0,1.234,1.038,0.7134,0,0.6552,-0.4171,0.03212,0.2953,-0.5013
94.00,95.27,95.28,0,-2.82089,0,|r_bal|,cross-domain,0.0000,0.0000,3.520,0,-2.82089,0,1.062,0.5732,0.2413,0,0.2356,0.598,-0.4474,-0.4614,-0.5315
94.40,95.67,95.68,0,-2.64906,0,|r_qp|,cross-domain,0.0000,0.0000,3.559,0,-2.64906,0,-0.1005,0.4543,1.645,0,-1.117,1.247,-0.1515,-0.9001,-0.832
94.80,96.07,96.08,0,-2.53471,0,|r_qp|,cross-domain,0.0000,0.0000,3.523,0,-2.53471,0,-0.01435,0.9484,0.5006,0,-0.6492,1.239,0.3485,-0.1799,-0.6967
95.20,96.47,96.48,0,-2.99399,0,|r_bal|,cross-domain,0.0000,0.0000,3.538,0,-2.99399,0,0.8898,0.5138,0.7093,0,0.2481,0.4516,0.09691,-0.7452,-0.7553
95.60,96.87,96.88,0,-3.16122,0,|r_bal|,cross-domain,0.0000,0.0000,3.584,0,-3.16122,0,1.622,0.4758,1.989,0,0.8997,-0.1562,0.1316,-0.8218,-0.718
96.00,97.27,97.28,0,-2.57787,0,|r_bal|,cross-domain,0.0000,0.0000,3.582,0,-2.57787,0,1.823,0.9661,0.7577,0,1.209,-0.2354,0.5124,1.118,-0.5212
96.40,97.67,97.68,0,-2.88370,0,|r_bal|,cross-domain,0.0000,0.0000,3.479,0,-2.88370,0,1.421,0.4878,0.7003,0,0.5775,-0.438,0.09479,-0.1671,-0.6184
96.80,98.07,98.08,0,-2.86475,0,|r_bal|,cross-domain,0.0000,0.0000,3.534,0,-2.86475,0,1.349,0.424,2.15,0,0.683,-0.5942,-0.0005114,0.1055,-0.3635
97.20,98.47,98.48,0,-2.98605,0,|r_bal|,cross-domain,0.0000,0.0000,3.637,0,-2.98605,0,1.449,0.8759,1.064,0,0.3344,-0.6337,0.6528,-0.9364,-0.3602
97.60,98.87,98.88,0,-2.62400,0,|r_bal|,cross-domain,0.0000,0.0000,3.543,0,-2.62400,0,1.005,0.4426,0.6424,0,-0.3662,-0.9134,-0.1642,-0.2575,-0.8197
98.00,99.27,99.28,0,-2.15635,0,e_rec,cross-domain,0.0000,0.0000,3.451,0,-2.15635,0,0.574,0.7388,1.715,0,-0.6723,-1.047,-0.3276,0.9319,-0.1352
98.40,99.67,99.68,0,-2.73456,0,|r_aux|,cross-domain,0.0000,0.0000,3.515,0,-2.73456,0,0.5453,1.072,0.5183,0,-0.3071,-1.056,0.1218,-0.5776,-0.7462
98.80,100.07,100.08,0,-2.68416,0,|r_bal|,cross-domain,0.0000,0.0000,3.561,0,-2.68416,0,0.8611,0.6146,0.6823,0,-0.05798,-0.8459,-0.2431,-0.09522,-0.7132
99.20,100.47,100.48,0,-3.41476,0,|r_bal|,cross-domain,0.0000,0.0000,3.675,0,-3.41476,0,0.8611,0.4307,1.991,0,1.04,-0.4334,0.09723,-0.8603,0.1434
99.60,100.87,100.88,0,-3.40859,0,|r_bal|,cross-domain,0.0000,0.0000,3.628,0,-3.40859,0,1.378,0.9231,0.9563,0,1.404,-0.2843,0.5131,-0.9942,-0.7351
100.00,101.27,101.28,0,-2.93272,0,e_rec,cross-domain,0.0000,0.0000,3.588,0,-2.93272,0,1.148,0.4848,0.6218,0,1.619,-0.3568,0.1961,1.187,-0.8851
100.40,101.67,101.68,0,-3.01451,0,|r_bal|,cross-domain,0.0000,0.0000,3.598,0,-3.01451,0,1.536,0.494,1.835,0,1.114,-0.7304,0.2221,0.08679,-0.3121
100.80,102.07,102.08,0,-2.61153,0,|r_bal|,cross-domain,0.0000,0.0000,3.573,0,-2.61153,0,1.292,0.932,0.9183,0,0.4538,-1.104,0.7317,0.5345,-0.7844
101.20,102.47,102.48,0,-2.69017,0,|r_bal|,cross-domain,0.0000,0.0000,3.628,0,-2.69017,0,1.162,0.4844,1.074,0,0.2697,-0.6883,0.124,0.2819,-0.1754
101.60,102.87,102.88,0,-2.80728,0,e_rec,cross-domain,0.0000,0.0000,3.639,0,-2.80728,0,0.5884,0.498,2.373,0,0.7099,-0.03644,0.1514,0.6828,-0.8932
102.00,103.27,103.28,0,-3.04313,0,|r_aux|,cross-domain,0.0000,0.0000,4.539,0,-3.04313,0,0.5023,0.9678,1.068,0,0.4213,0.3163,0.5449,-0.6346,-0.788
102.40,103.67,103.68,0,-2.84577,0,|r_aux|,cross-domain,0.0000,0.0000,5.124,0,-2.84577,0,0.5166,0.5207,0.9992,0,0.2944,0.2701,-0.0979,-0.01201,-0.9593
102.80,104.07,104.08,0,-2.58269,0,|r_bal|,cross-domain,0.0000,0.0000,3.520,0,-2.58269,0,0.8754,0.5989,2.398,0,-0.3092,0.1231,-0.1467,-0.2173,-0.5446
103.20,104.47,104.48,0,-2.76516,0,|r_bal|,cross-domain,0.0000,0.0000,3.502,0,-2.76516,0,1.177,1.018,1.116,0,0.3773,0.1048,0.3549,-0.2696,-0.7064
103.60,104.87,104.88,0,-2.29919,0,|r_bal|,cross-domain,0.0000,0.0000,3.542,0,-2.29919,0,1.421,0.573,0.7955,0,-0.6745,0.2281,-0.2104,-0.1257,-0.9126
104.00,105.27,105.28,0,-2.73407,0,|r_bal|,cross-domain,0.0000,0.0000,3.641,0,-2.73407,0,1.162,0.62,2.277,0,0.09511,0.2827,-0.2367,-0.3713,0.1753
104.40,105.67,105.68,0,-2.58421,0,|r_aux|,cross-domain,0.0000,0.0000,3.579,0,-2.58421,0,0.9185,0.9777,0.9885,0,0.3077,0.4897,0.1399,0.3162,-0.808
104.80,106.07,106.08,0,-2.72638,0,|r_bal|,cross-domain,0.0000,0.0000,3.575,0,-2.72638,0,0.8467,0.5432,1.218,0,0.5111,0.4609,-0.2352,0.3935,-0.5559
105.20,106.47,106.48,0,-2.82237,0,|r_bal|,cross-domain,0.0000,0.0000,3.574,0,-2.82237,0,1.076,0.5601,2.366,0,0.8969,0.148,-0.2731,0.505,0.5891
105.60,106.87,106.88,0,-3.11733,0,|r_bal|,cross-domain,0.0000,0.0000,3.529,0,-3.11733,0,1.406,1.012,1.159,0,0.8125,-0.2049,0.1625,-0.9856,-0.7597
106.00,107.27,107.28,0,-2.87909,0,|r_bal|,cross-domain,0.0000,0.0000,3.571,0,-2.87909,0,0.8467,0.5832,0.813,0,0.8393,-0.8408,-0.2032,0.4722,-0.6593
106.40,107.67,107.68,0,-2.58155,0,e_rec,cross-domain,0.0000,0.0000,3.617,0,-2.58155,0,0.7175,0.4243,1.887,0,0.1739,-0.8552,-0.04316,0.7861,-0.4254
106.80,108.07,108.08,0,-3.01614,0,|r_aux|,cross-domain,0.0000,0.0000,3.590,0,-3.01614,0,0.818,0.9412,0.8488,0,0.07619,-0.6314,0.384,-1.064,-0.4652
107.20,108.47,108.48,0,-3.00806,0,|r_bal|,cross-domain,0.0000,0.0000,3.569,0,-3.00806,0,1.55,0.4612,0.6453,0,0.9799,-0.0424,-0.2903,-0.2403,-0.6189
107.60,108.87,108.88,0,-3.45578,0,|r_bal|,cross-domain,0.0000,0.0000,3.597,0,-3.45578,0,1.378,0.3552,2.025,0,1.575,0.2251,-0.1377,-0.7472,-0.4082
108.00,109.27,109.28,0,-3.05557,0,|r_bal|,cross-domain,0.0000,0.0000,3.568,0,-3.05557,0,1.736,0.8878,1.06,0,1.886,-0.03262,0.6137,0.5701,-0.2489
108.40,109.67,109.68,0,-2.31125,0,e_rec,cross-domain,0.0000,0.0000,3.492,0,-2.31125,0,1.277,0.4484,1.011,0,1.479,0.2309,0.7039,3.02,0.03768
108.80,110.07,110.08,0,-3.02633,0,|r_bal|,cross-domain,0.0000,0.0000,3.623,0,-3.02633,0,1.191,0.386,2.33,0,0.9835,0.4227,1.829,0.3183,-0.7072
109.20,110.47,110.48,0,-2.86837,0,|r_bal|,cross-domain,0.0000,0.0000,3.554,0,-2.86837,0,1.564,0.9437,1.093,0,0.8412,0.6913,2.68,0.1941,-0.7743
109.60,110.87,110.88,0,-2.76779,0,|r_bal|,cross-domain,0.0000,0.0000,3.576,0,-2.76779,0,1.091,0.3737,1.107,0,0.315,0.9473,1.802,0.3135,-0.6667
110.00,111.27,111.28,0,-3.12111,0,|r_bal|,cross-domain,0.0000,0.0000,3.558,0,-3.12111,0,0.6458,0.6167,2.103,0,0.03216,0.9118,0.7876,-1.149,1.519
110.40,111.67,111.68,0,-2.18587,0,e_rec,cross-domain,0.0000,0.0000,3.568,0,-2.18587,0,0.7893,0.999,0.7553,0,-0.393,0.6228,0.4413,0.8313,-0.4526
110.80,112.07,112.08,0,-2.80215,0,|r_bal|,cross-domain,0.0000,0.0000,3.549,0,-2.80215,0,1.105,0.4938,0.485,0,-0.1485,0.2168,-0.09592,-0.7779,-0.9017
111.20,112.47,112.48,0,-2.75077,0,|r_bal|,cross-domain,0.0000,0.0000,3.530,0,-2.75077,0,1.277,0.3825,1.678,0,0.6614,-0.3625,-0.2127,0.5311,0.9078
111.60,112.87,112.88,0,-2.99872,0,|r_bal|,cross-domain,0.0000,0.0000,3.510,0,-2.99872,0,1.177,0.8936,1.013,0,1.49,-0.1498,0.5499,0.6029,-0.1582
112.00,113.27,113.28,0,-3.64360,0,|r_bal|,cross-domain,0.0000,0.0000,3.502,0,-3.64360,0,0.8036,0.4166,0.5906,0,1.732,0.3524,0.03109,-0.8069,-0.8822
112.40,113.67,113.68,0,-3.55929,0,|r_aux|,cross-domain,0.0000,0.0000,3.498,0,-3.55929,0,-0.0287,0.461,1.839,0,1.141,0.6593,0.1056,-0.791,-0.000753
112.80,114.07,114.08,0,-2.51591,0,|r_aux|,cross-domain,0.0000,0.0000,3.587,0,-2.51591,0,-0.3444,0.9475,0.9482,0,-0.3626,1.265,0.3496,0.4326,-0.9502
113.20,114.47,114.48,0,-2.62547,0,e_rec,cross-domain,0.0000,0.0000,3.572,0,-2.62547,0,-0.1866,0.4578,0.7396,0,-0.2305,1.521,-0.1354,0.355,-0.8337
113.60,114.87,114.88,0,-2.73814,0,|r_bal|,cross-domain,0.0000,0.0000,3.513,0,-2.73814,0,0.6171,0.5297,1.838,0,-0.08047,1.843,0.118,-0.3622,-0.5025
114.00,115.27,115.28,0,-2.84029,0,|r_aux|,cross-domain,0.0000,0.0000,3.516,0,-2.84029,0,0.7606,1.007,0.728,0,0.1287,1.79,0.7918,-0.6662,-0.5566
114.40,115.67,115.68,0,-2.59992,0,|r_bal|,cross-domain,0.0000,0.0000,3.438,0,-2.59992,0,0.9902,0.5731,0.5297,0,-0.4689,0.5141,0.8715,-0.3653,-0.9473
114.80,116.07,116.08,0,-1.97746,0,e_rec,cross-domain,0.0000,0.0000,3.588,0,-1.97746,0,1.492,0.3479,2.127,0,-0.6676,-0.5405,1.894,1.534,-0.6624
115.20,116.47,116.48,0,-2.40962,0,|r_bal|,cross-domain,0.0000,0.0000,3.488,0,-2.40962,0,1.507,0.9165,1.066,0,-0.3405,-0.8051,2.66,0.4081,-0.4125
115.60,116.87,116.88,0,-2.34058,0,e_rec,cross-domain,0.0000,0.0000,3.556,0,-2.34058,0,1.952,0.3585,0.8341,0,0.3666,-0.7422,1.701,1.421,-0.5113
116.00,117.27,117.28,0,-3.06550,0,|r_bal|,cross-domain,0.0000,0.0000,3.522,0,-3.06550,0,1.88,0.6746,1.948,0,0.5727,-0.2662,0.7568,-1.099,-0.8735
116.40,117.67,117.68,0,-2.65968,0,|r_bal|,cross-domain,0.0000,0.0000,3.466,0,-2.65968,0,1.636,1.041,0.7978,0,-0.1927,-0.3984,0.5528,-0.8539,-0.5787
116.80,118.07,118.08,0,-2.70248,0,e_rec,cross-domain,0.0000,0.0000,3.592,0,-2.70248,0,0.6314,0.5835,0.7911,0,0.3162,-0.5523,0.5012,0.6169,-0.5399
117.20,118.47,118.48,0,-2.39475,0,e_rec,cross-domain,0.0000,0.0000,3.571,0,-2.39475,0,0.3014,0.3171,1.997,0,-0.02339,-0.8902,1.378,1.862,1.256
117.60,118.87,118.88,0,-3.12990,0,|r_aux|,cross-domain,0.0000,0.0000,3.569,0,-3.12990,0,0.04305,0.9329,1.06,0,0.05389,-0.9285,2.354,-0.5413,-0.7329
118.00,119.27,119.28,0,-2.22354,0,e_rec,cross-domain,0.0000,0.0000,3.552,0,-2.22354,0,0.9902,0.3906,0.8105,0,-0.2252,-0.8247,1.444,1.584,-0.5179
118.40,119.67,119.68,0,-2.69568,0,|r_bal|,cross-domain,0.0000,0.0000,3.487,0,-2.69568,0,1.564,0.4805,2.09,0,0.2395,-0.6362,0.8763,0.1376,0.4471
118.80,120.07,120.08,0,-2.91042,0,|r_bal|,cross-domain,0.0000,0.0000,3.595,0,-2.91042,0,1.636,0.9286,1.167,0,0.941,-0.5434,0.8457,-0.05467,-0.5825
119.20,120.47,120.48,0,-2.01625,0,e_rec,cross-domain,0.0000,0.0000,3.539,0,-2.01625,0,1.909,0.4123,1.022,0,1.536,1.313,0.2895,3.408,-0.4956
119.60,120.87,122.54,0,-3.19578,0,e_rec,cross-domain,0.0905,0.0000,1660.996,1660,-2.47165,0,0.9759,0.5216,2.16,0,1.61,6.047,0.234,1.961,-0.002464
120.00,121.27,122.54,0,-3.67853,0,e_rec,cross-domain,0.1267,0.0000,1260.996,1260,-2.66475,0,1.091,0.9889,0.7958,0,1.673,7.802,0.9697,1.061,1.094
120.40,121.67,122.54,0,-4.30307,0,|r_pv|,cross-domain,0.1267,0.0000,860.996,860,-3.28929,0,0.4018,0.4791,0.6715,0,0.919,6.482,0.5482,-0.9167,3.321
120.80,122.07,122.54,0,-3.37658,0,|r_aux|,cross-domain,0.0569,0.0000,460.996,460,-2.92142,0,0.4449,0.5997,2.241,0,0.5874,2.949,0.6966,0.1622,3.078
121.20,122.47,122.48,0,-2.75362,0,|r_aux|,cross-domain,0.0000,0.0000,3.597,0,-2.75362,0,0.531,1.041,1.336,0,0.3873,0.5968,0.9467,0.3132,0.6475
121.60,122.87,122.88,0,-1.88339,0,e_rec,cross-domain,0.0000,0.0000,3.538,0,-1.88339,0,1.205,0.5567,0.9542,0,0.354,2.183,0.4853,2.717,1.482
122.00,123.27,123.28,0,-3.19947,0,|r_bal|,cross-domain,0.0000,0.0000,3.566,0,-3.19947,0,1.148,0.4131,2.077,0,0.5628,2.464,0.3792,-1.028,4.01
122.40,123.67,123.68,0,-2.41184,0,|r_bal|,cross-domain,0.0000,0.0000,3.424,0,-2.41184,0,1.536,0.9138,0.8513,0,0.4601,2.095,0.9121,0.7584,0.6082
122.80,124.07,124.08,0,-2.61654,0,|r_bal|,cross-domain,0.0000,0.0000,3.529,0,-2.61654,0,1.751,0.4425,0.7089,0,0.07327,1.866,0.3165,-0.3536,-0.09553
123.20,124.47,124.48,0,-2.80932,0,|r_bal|,cross-domain,0.0000,0.0000,3.528,0,-2.80932,0,1.765,0.4358,1.686,0,0.1181,1.223,0.288,-0.6833,2.817
123.60,124.87,124.88,-1,10.86773,1,e_rec,single-domain,0.0000,0.0000,3.588,0,10.86773,1,50,41.96,50,0,50,1.312,0.5809,50,30.06
124.00,125.27,125.28,1,12.02433,1,e_rec,single-domain,0.0000,0.0000,3.595,0,12.02433,1,50,50,50,0,50,0.2348,1.824,50,50
124.40,125.67,125.68,1,11.86162,1,e_rec,single-domain,0.0000,0.0000,3.499,0,11.86162,1,50,50,50,0,50,-0.07084,4.199,50,50
124.80,126.07,126.08,1,12.36596,1,e_rec,single-domain,0.0000,0.0000,3.577,0,12.36596,1,50,50,50,0,50,0.1442,5.801,50,18.79
125.20,126.47,126.48,1,11.74860,1,e_rec,single-domain,0.0000,0.0000,3.659,0,11.74860,1,50,50,50,0,50,0.8935,6.582,50,50
125.60,126.87,126.88,1,11.69360,1,e_rec,single-domain,0.0000,0.0000,4.480,0,11.69360,1,50,50,50,0,50,0.86,7.428,50,50
126.00,127.27,127.28,1,12.37531,1,e_rec,single-domain,0.0000,0.0000,3.699,0,12.37531,1,50,50,50,0,50,0.8478,7.506,50,14.11
126.40,127.67,127.68,1,11.71339,1,e_rec,single-domain,0.0000,0.0000,3.489,0,11.71339,1,50,50,50,0,50,0.1121,6.65,50,50
126.80,128.07,128.08,1,11.73903,1,e_rec,single-domain,0.0000,0.0000,3.539,0,11.73903,1,50,50,50,0,50,-0.5271,5.848,50,50
127.20,128.47,128.48,1,12.22467,1,e_rec,single-domain,0.0000,0.0000,3.559,0,12.22467,1,50,50,50,0,50,-0.5735,5.63,50,25.26
127.60,128.87,128.88,1,11.87757,1,e_rec,single-domain,0.0000,0.0000,3.576,0,11.87757,1,50,50,50,0,50,-0.4866,3.689,50,50
128.00,129.27,129.28,1,12.02109,1,e_rec,single-domain,0.0000,0.0000,3.538,0,12.02109,1,50,50,50,0,50,-0.3357,1.52,50,50
128.40,129.67,129.68,1,12.61200,1,e_rec,single-domain,0.0000,0.0000,3.454,0,12.61200,1,50,50,50,0,50,-0.0994,0.44,50,23.2
128.80,130.07,130.08,1,12.05382,1,e_rec,single-domain,0.0000,0.0000,3.554,0,12.05382,1,50,50,50,0,50,0.7924,1.706,50,50
129.20,130.47,130.48,1,11.92735,1,e_rec,single-domain,0.0000,0.0000,3.559,0,11.92735,1,50,50,50,0,50,1.139,3.916,50,50
129.60,130.87,130.88,1,12.41595,1,e_rec,single-domain,0.0000,0.0000,3.601,0,12.41595,1,50,50,50,0,50,1.356,5.736,50,18.9
130.00,131.27,131.28,1,11.80650,1,e_rec,single-domain,0.0000,0.0000,3.558,0,11.80650,1,50,50,50,0,50,0.1848,5.227,50,50
130.40,131.67,131.68,1,11.79942,1,e_rec,single-domain,0.0000,0.0000,3.528,0,11.79942,1,50,50,50,0,50,-0.4176,4.964,50,50
130.80,132.07,132.08,1,12.44280,1,e_rec,single-domain,0.0000,0.0000,3.550,0,12.44280,1,50,50,50,0,50,-0.01529,4.471,50,18.86
131.20,132.47,132.48,1,11.96724,1,e_rec,single-domain,0.0000,0.0000,3.548,0,11.96724,1,50,50,50,0,50,0.4189,2.839,50,50
131.60,132.87,132.88,1,12.05355,1,e_rec,single-domain,0.0000,0.0000,3.645,0,12.05355,1,50,50,50,0,50,0.6851,1.644,50,50
132.00,133.27,133.28,1,12.66383,1,e_rec,single-domain,0.0000,0.0000,4.734,0,12.66383,1,50,50,50,0,50,0.5012,1.188,50,19.25
132.40,133.67,133.68,1,12.08767,1,e_rec,single-domain,0.0000,0.0000,3.489,0,12.08767,1,50,50,50,0,50,0.01848,0.6906,50,50
132.80,134.07,134.08,1,12.07518,1,e_rec,single-domain,0.0000,0.0000,3.531,0,12.07518,1,50,50,50,0,50,-0.6851,0.4495,50,50
133.20,134.47,134.48,1,12.67699,1,e_rec,single-domain,0.0000,0.0000,3.554,0,12.67699,1,50,50,50,0,50,-1.097,0.8178,50,16.49
133.60,134.87,134.88,1,12.03363,1,e_rec,single-domain,0.0000,0.0000,3.533,0,12.03363,1,50,50,50,0,50,-0.4344,1.261,50,50
134.00,135.27,135.28,1,11.99140,1,e_rec,single-domain,0.0000,0.0000,3.448,0,11.99140,1,50,50,50,0,50,0.1773,2.307,50,50
134.40,135.67,135.68,1,-1.96823,0,|r_aux|,single-domain,0.0000,0.0000,3.504,0,-1.96823,0,50,50,50,0,50,0.8969,3.274,2.325,1.203
134.80,136.07,136.08,1,-2.08312,0,|r_aux|,single-domain,0.0000,0.0000,3.579,0,-2.08312,0,50,50,50,0,50,1.788,2.281,1.515,-0.853
135.20,136.47,136.48,-1,-5.59002,0,|r_bal|,single-domain,0.0000,0.0000,3.556,0,-5.59002,0,50,35.51,50,0,50,2.91,1.301,-0.4125,0.3242
135.60,136.87,136.88,0,-3.09655,0,|r_aux|,cross-domain,0.0000,0.0000,3.541,0,-3.09655,0,0.2296,1.004,1.211,0,0.3959,3.017,0.676,-0.9614,-0.04188
136.00,137.27,137.28,0,-2.99145,0,e_rec,cross-domain,0.0000,0.0000,3.498,0,-2.99145,0,0.3157,0.3919,1.093,0,0.9347,1.333,0.2282,0.4959,-0.8238
136.40,137.67,137.68,0,-3.00252,0,|r_bal|,cross-domain,0.0000,0.0000,3.563,0,-3.00252,0,0.6601,0.43,2.755,0,0.1926,-0.3588,0.2141,-0.546,-0.607
136.80,138.07,138.08,0,-2.68933,0,e_rec,cross-domain,0.0000,0.0000,3.537,0,-2.68933,0,0.5023,0.9432,1.533,0,0.3949,-0.9385,0.5246,0.6818,0.07939
137.20,138.47,138.48,0,-3.09147,0,|r_aux|,cross-domain,0.0000,0.0000,3.557,0,-3.09147,0,0.3588,0.5231,1.41,0,0.4611,-0.6774,-0.02426,-0.3596,-0.9559
137.60,138.87,138.88,0,-3.14934,0,e_rec,cross-domain,0.0000,0.0000,3.517,0,-3.14934,0,-0.0574,0.5244,2.333,0,1.186,0.0278,-0.0743,0.56,-0.5283
138.00,139.27,139.28,0,-3.36830,0,|r_aux|,cross-domain,0.0000,0.0000,3.537,0,-3.36830,0,-0.3014,1.114,0.9594,0,0.6253,-0.08026,0.3674,-0.9767,-0.6581
138.40,139.67,139.68,0,-2.44757,0,e_rec,cross-domain,0.0000,0.0000,3.521,0,-2.44757,0,0.01435,0.755,0.8219,0,0.2785,-0.2812,1.164,1.769,-0.4857
138.80,140.07,140.08,0,-2.73886,0,|r_aux|,cross-domain,0.0000,0.0000,3.561,0,-2.73886,0,-0.1292,0.94,2.418,0,-0.423,-0.7023,3.04,0.3729,0.6285
139.20,140.47,140.48,0,-3.04537,0,|r_aux|,cross-domain,0.0000,0.0000,3.571,0,-3.04537,0,0.244,1.614,1.163,0,0.5081,-1.118,4.388,0.1936,-0.3717
139.60,140.87,140.88,0,-2.54406,0,|r_aux|,cross-domain,0.0000,0.0000,3.610,0,-2.54406,0,0.8898,1.106,0.8971,0,-0.1544,-0.634,4.12,0.7318,-0.8991
140.00,141.27,141.28,0,-2.72868,0,|r_aux|,cross-domain,0.0000,0.0000,3.447,0,-2.72868,0,1.005,1.13,1.935,0,0.2789,-0.4785,4.54,0.6596,-0.8054
140.40,141.67,141.68,0,-2.80620,0,|r_aux|,cross-domain,0.0000,0.0000,3.525,0,-2.80620,0,1.363,1.656,0.7742,0,0.7708,-0.5163,4.656,0.5566,-0.1758
140.80,142.07,142.08,0,-3.30801,0,|r_aux|,cross-domain,0.0000,0.0000,3.566,0,-3.30801,0,0.7749,1.026,0.644,0,0.7349,-0.7904,3.208,-0.6097,-0.9006
141.20,142.47,142.48,0,-3.62351,0,|r_aux|,cross-domain,0.0000,0.0000,3.558,0,-3.62351,0,0.5597,0.8191,1.921,0,1.065,-0.9843,1.402,-1.227,0.1295
141.60,142.87,142.88,0,-2.16666,0,e_rec,cross-domain,0.0000,0.0000,3.558,0,-2.16666,0,0.3588,1.202,0.9279,0,-0.001903,-0.4286,0.5617,1.69,-0.4504
142.00,143.27,143.28,0,-2.79546,0,|r_aux|,cross-domain,0.0000,0.0000,3.494,0,-2.79546,0,0.3014,0.5075,0.8424,0,-0.1513,0.473,0.1091,-0.2488,-0.7939
142.40,143.67,143.68,0,-2.24044,0,|r_qp|,cross-domain,0.0000,0.0000,3.599,0,-2.24044,0,0.5884,0.5355,2.074,0,-0.8843,1.055,0.08705,0.2909,-0.707
142.80,144.07,144.08,0,-2.12195,0,|r_qp|,cross-domain,0.0000,0.0000,3.553,0,-2.12195,0,0.7319,1.01,0.7125,0,-0.9843,0.9084,0.5188,0.2916,-0.349
143.20,144.47,144.48,0,-2.24165,0,|r_qp|,cross-domain,0.0000,0.0000,3.583,0,-2.24165,0,1.392,0.5745,0.5569,0,-0.8412,0.4263,0.08819,-0.09709,-0.895
143.60,144.87,144.88,0,-2.66063,0,|r_bal|,cross-domain,0.0000,0.0000,3.567,0,-2.66063,0,1.22,0.5383,1.894,0,-0.5662,0.04681,0.2338,-0.9065,-0.9713
144.00,145.27,145.28,0,-2.30835,0,|r_aux|,cross-domain,0.0000,0.0000,3.558,0,-2.30835,0,1.033,1.144,0.8942,0,-0.4656,0.09953,0.9531,0.272,-0.2857
144.40,145.67,145.68,0,-2.91671,0,|r_bal|,cross-domain,0.0000,0.0000,3.612,0,-2.91671,0,1.076,0.7591,0.9273,0,0.1329,0.04218,1.382,-0.6237,-0.8585
144.80,146.07,146.08,0,-2.60303,0,e_rec,cross-domain,0.0000,0.0000,3.530,0,-2.60303,0,1.277,0.8297,1.814,0,0.5307,0.03433,2.735,1.038,0.107
145.20,146.47,146.48,0,-3.05068,0,|r_bal|,cross-domain,0.0000,0.0000,3.560,0,-3.05068,0,1.837,1.423,0.5997,0,0.8716,0.07974,3.567,-0.5605,-0.5379
145.60,146.87,146.88,0,-2.92313,0,|r_bal|,cross-domain,0.0000,0.0000,3.553,0,-2.92313,0,1.363,0.8776,0.4318,0,0.7108,-0.1713,3.223,0.2446,-0.9379
146.00,147.27,147.28,0,-2.78379,0,e_rec,cross-domain,0.0000,0.0000,3.588,0,-2.78379,0,0.9472,0.861,2.105,0,0.471,-0.4262,3.068,0.6396,-0.7378
146.40,147.67,147.68,0,-3.14638,0,|r_aux|,cross-domain,0.0000,0.0000,3.498,0,-3.14638,0,0.8898,1.42,1.074,0,0.4332,-0.6,3.541,-0.7444,-0.3575
146.80,148.07,148.08,0,-3.04898,0,|r_aux|,cross-domain,0.0000,0.0000,2.498,0,-3.04898,0,0.6458,0.6954,0.9205,0,-0.2026,-0.8097,2.356,-0.8622,-0.9369
147.20,148.47,148.48,0,-3.08984,0,|r_aux|,cross-domain,0.0000,0.0000,3.518,0,-3.08984,0,0.6601,0.637,2.001,0,-0.04527,-0.9519,1.235,-0.9585,-0.3872
147.60,148.87,148.88,0,-3.01948,0,|r_aux|,cross-domain,0.0000,0.0000,3.545,0,-3.01948,0,0.2296,0.9643,0.9563,0,-0.3471,-0.8681,0.4469,-1.224,-0.5314
148.00,149.27,149.28,0,-2.71981,0,|r_qp|,cross-domain,0.0000,0.0000,3.501,0,-2.71981,0,0.1579,0.4111,0.8398,0,-0.396,-0.7839,-0.02441,-0.04155,-0.9193
148.40,149.67,149.68,0,-3.11114,0,|r_aux|,cross-domain,0.0000,0.0000,3.502,0,-3.11114,0,0.1722,0.4873,2.156,0,0.5058,-0.8974,-0.01068,-0.1985,-0.825
148.80,150.07,150.08,0,-2.74009,0,|r_aux|,cross-domain,0.0000,0.0000,3.495,0,-2.74009,0,0.4879,1.005,1.149,0,0.4883,-0.4865,0.5552,0.5173,-0.6807
149.20,150.47,150.48,0,-2.23364,0,e_rec,cross-domain,0.0000,0.0000,3.603,0,-2.23364,0,0.574,0.5893,0.9115,0,0.6335,-0.1107,0.2048,2.433,-0.7013
149.60,150.87,150.88,0,-2.86181,0,|r_bal|,cross-domain,0.0000,0.0000,3.575,0,-2.86181,0,0.8754,0.4772,2.504,0,0.3377,0.183,0.3503,-0.1108,-0.5849
150.00,151.27,151.28,0,-2.48054,0,e_rec,cross-domain,0.0000,0.0000,3.580,0,-2.48054,0,0.8898,1.085,0.9999,0,0.2548,-0.01797,1.054,0.7998,-0.4525
150.40,151.67,151.68,0,-2.70663,0,|r_bal|,cross-domain,0.0000,0.0000,3.551,0,-2.70663,0,0.7749,0.4973,0.8025,0,0.2918,-0.5057,0.3989,0.4911,-0.8652
150.80,152.07,152.08,0,-3.27335,0,|r_aux|,cross-domain,0.0000,0.0000,3.601,0,-3.27335,0,0.4592,0.4741,1.966,0,0.6559,-0.6157,0.3348,-0.6108,-0.003508
151.20,152.47,152.48,0,-2.84836,0,|r_aux|,cross-domain,0.0000,0.0000,4.506,0,-2.84836,0,0.3588,0.959,0.6557,0,0.1678,-0.5154,0.6431,-0.09221,-0.5692
151.60,152.87,152.88,0,-3.16965,0,|r_aux|,cross-domain,0.0000,0.0000,3.789,0,-3.16965,0,0.2583,0.4168,0.5235,0,0.2286,0.2264,0.3642,-0.7906,-0.9046
152.00,153.27,153.28,0,-3.22315,0,|r_aux|,cross-domain,0.0000,0.0000,3.501,0,-3.22315,0,0.3444,0.4424,1.978,0,0.422,0.3817,0.3898,-0.823,-0.8312
152.40,153.67,153.68,0,-2.89721,0,|r_aux|,cross-domain,0.0000,0.0000,3.727,0,-2.89721,0,0.3157,0.9888,1.318,0,0.5824,0.5589,0.6634,0.1524,-0.4917
152.80,154.07,154.08,0,-2.42322,0,e_rec,cross-domain,0.0000,0.0000,3.531,0,-2.42322,0,0.9902,0.6008,1.173,0,0.6082,0.316,0.5411,1.537,-0.5807
153.20,154.47,154.48,0,-3.33705,0,|r_bal|,cross-domain,0.0000,0.0000,3.582,0,-3.33705,0,1.134,0.6919,2.321,0,0.7143,0.2372,1.843,-1.104,0.2703
153.60,154.87,154.88,0,-2.82944,0,|r_aux|,cross-domain,0.0000,0.0000,3.697,0,-2.82944,0,1.234,1.319,0.9595,0,0.6599,0.1828,3.044,0.2044,-0.5095
154.00,155.27,155.28,0,-3.06161,0,|r_bal|,cross-domain,0.0000,0.0000,3.474,0,-3.06161,0,0.9041,0.6587,0.7628,0,0.6609,-0.2266,2.056,-0.05499,-0.7964
154.40,155.67,155.68,0,-3.14210,0,|r_bal|,cross-domain,0.0000,0.0000,3.716,0,-3.14210,0,0.7032,0.5663,1.932,0,0.2584,-0.3593,0.956,-0.8793,-0.9215
154.80,156.07,156.08,0,-2.22318,0,e_rec,cross-domain,0.0000,0.0000,3.556,0,-2.22318,0,1.033,0.9893,1.084,0,-0.191,-0.268,0.5399,0.9878,0.1752
155.20,156.47,156.48,0,-2.83857,0,|r_bal|,cross-domain,0.0000,0.0000,3.493,0,-2.83857,0,0.9328,0.4646,0.9123,0,-0.0976,0.2872,-0.04767,-0.7014,-0.8007
155.60,156.87,156.88,0,-2.84313,0,|r_bal|,cross-domain,0.0000,0.0000,3.704,0,-2.84313,0,1.191,0.4647,2.498,0,-0.2598,0.2858,0.1075,-1.036,0.03684
156.00,157.27,157.28,0,-2.54650,0,|r_bal|,cross-domain,0.0000,0.0000,3.500,0,-2.54650,0,1.148,1.007,1.475,0,0.209,0.4818,0.6682,0.2538,-0.6416
156.40,157.67,157.68,0,-2.61567,0,|r_bal|,cross-domain,0.0000,0.0000,3.659,0,-2.61567,0,1.091,0.4032,1.144,0,0.3876,0.8856,0.1318,0.54,-0.7095
156.80,158.07,158.08,0,-3.09991,0,|r_bal|,cross-domain,0.0000,0.0000,3.512,0,-3.09991,0,1.134,0.5374,2.024,0,1.145,1.04,0.1544,-0.139,0.07346
157.20,158.47,158.48,0,-2.74099,0,|r_aux|,cross-domain,0.0000,0.0000,3.650,0,-2.74099,0,0.9759,0.9994,0.8713,0,0.7065,0.931,0.3811,0.2857,-0.5657
157.60,158.87,158.88,0,-2.98876,0,|r_bal|,cross-domain,0.0000,0.0000,4.764,0,-2.98876,0,0.6027,0.4796,0.7108,0,0.4396,0.583,0.1039,-0.2905,-0.7309
158.00,159.27,159.28,0,-2.97006,0,|r_bal|,cross-domain,0.0000,0.0000,3.493,0,-2.97006,0,0.9902,0.4111,2.154,0,0.6465,0.5954,0.2531,-0.1512,-0.5183
158.40,159.67,159.68,0,-3.04959,0,|r_bal|,cross-domain,0.0000,0.0000,3.730,0,-3.04959,0,1.191,0.9265,1.289,0,0.6911,0.7479,0.8602,-0.7017,-0.591
158.80,160.07,160.08,0,-3.22077,0,|r_bal|,cross-domain,0.0000,0.0000,3.529,0,-3.22077,0,1.091,0.3869,0.998,0,0.7141,0.1976,0.121,-0.8875,-0.7901
159.20,160.47,160.48,0,-2.94324,0,|r_bal|,cross-domain,0.0000,0.0000,3.600,0,-2.94324,0,0.574,0.5386,2.216,0,0.155,-0.6054,0.06137,-0.3357,0.6162
159.60,160.87,160.88,0,-2.96300,0,|r_aux|,cross-domain,0.0000,0.0000,3.738,0,-2.96300,0,0.2296,0.9839,0.7702,0,0.08994,-0.4148,0.228,-0.6096,-0.8244
160.00,161.27,161.28,0,-2.32854,0,e_rec,cross-domain,0.0000,0.0000,3.503,0,-2.32854,0,0.8898,0.497,0.6958,0,0.8021,-0.007872,-0.1864,2.108,-0.8612
160.40,161.67,161.68,0,-3.14432,0,|r_bal|,cross-domain,0.0000,0.0000,3.809,0,-3.14432,0,1.177,0.4618,2.147,0,0.8278,0.2406,0.03528,-0.626,-0.4778
160.80,162.07,162.08,0,-2.79701,0,|r_bal|,cross-domain,0.0000,0.0000,3.586,0,-2.79701,0,1.191,0.995,1.071,0,0.4267,0.1014,0.5153,-0.2686,-0.7131
161.20,162.47,162.48,0,-2.27065,0,e_rec,cross-domain,0.0000,0.0000,3.586,0,-2.27065,0,1.191,0.4747,0.8603,0,0.02344,0.1959,0.09128,1.141,-0.8767
161.60,162.87,162.88,0,-3.01480,0,|r_bal|,cross-domain,0.0000,0.0000,3.674,0,-3.01480,0,0.8898,0.4794,2.044,0,0.2482,0.4019,0.129,-0.7882,-0.5336
162.00,163.27,163.28,0,-2.48571,0,e_rec,cross-domain,0.0000,0.0000,4.945,0,-2.48571,0,0.6601,0.9537,1.21,0,1.102,0.5165,0.4522,1.9,-0.6368
162.40,163.67,163.68,0,-3.51848,0,|r_aux|,cross-domain,0.0000,0.0000,3.741,0,-3.51848,0,0.2727,0.4533,0.6417,0,1.693,0.3584,0.03145,-0.1416,-0.8495
162.80,164.07,164.08,0,-3.90412,0,|r_aux|,cross-domain,0.0000,0.0000,3.806,0,-3.90412,0,0.07175,0.4637,1.699,0,1.952,-0.1824,0.05633,-0.7939,0.4116
163.20,164.47,164.48,0,-2.72340,0,e_rec,cross-domain,0.0000,0.0000,3.573,0,-2.72340,0,-0.0574,0.9668,0.8527,0,1.683,0.2903,0.571,2.382,-0.8372
163.60,164.87,164.88,0,-3.12099,0,|r_aux|,cross-domain,0.0000,0.0000,3.754,0,-3.12099,0,-0.0574,0.5237,0.6923,0,0.6535,0.5732,0.1002,-0.06015,-0.9303
164.00,165.27,165.28,0,-2.61166,0,|r_qp|,cross-domain,0.0000,0.0000,3.678,0,-2.61166,0,0.3875,0.4015,2.135,0,-0.4762,1.047,-0.04687,-0.1827,-0.657
164.40,165.67,165.68,-1,2.36632,1,e_rec,single-domain,0.0000,0.0000,3.645,0,2.36632,1,38.37,14.61,22.46,0,50,1.142,0.5607,50,50
164.80,166.07,166.08,-1,12.17049,1,e_rec,single-domain,0.0000,0.0000,3.697,0,12.17049,1,50,50,50,0,50,0.7827,-0.1396,50,50
165.20,166.47,166.48,1,12.14603,1,e_rec,single-domain,0.0000,0.0000,3.604,0,12.14603,1,50,50,50,0,50,0.02086,-0.2282,50,50
165.60,166.87,166.88,1,12.11681,1,e_rec,single-domain,0.0000,0.0000,3.725,0,12.11681,1,50,50,50,0,50,-0.2972,0.03468,50,50
166.00,167.27,167.28,1,12.14793,1,e_rec,single-domain,0.0000,0.0000,3.602,0,12.14793,1,50,50,50,0,50,-0.121,-0.3464,50,50
166.40,167.67,167.68,1,12.14426,1,e_rec,single-domain,0.0000,0.0000,3.661,0,12.14426,1,50,50,50,0,50,0.1884,-0.09592,50,50
166.80,168.07,168.08,1,12.12037,1,e_rec,single-domain,0.0000,0.0000,3.689,0,12.12037,1,50,50,50,0,50,0.6916,0.5939,50,50
167.20,168.47,168.48,1,12.19364,1,e_rec,single-domain,0.0000,0.0000,3.561,0,12.19364,1,50,50,50,0,50,1.326,-0.1665,50,50
167.60,168.87,168.88,1,12.22561,1,e_rec,single-domain,0.0000,0.0000,3.679,0,12.22561,1,50,50,50,0,50,1.726,-0.4215,50,50
168.00,169.27,169.28,1,12.20298,1,e_rec,single-domain,0.0000,0.0000,3.613,0,12.20298,1,50,50,50,0,50,1.7,-0.0812,50,50
168.40,169.67,169.68,1,12.17957,1,e_rec,single-domain,0.0000,0.0000,3.596,0,12.17957,1,50,50,50,0,50,0.403,-0.5191,50,50
168.80,170.07,170.08,1,12.13155,1,e_rec,single-domain,0.0000,0.0000,3.684,0,12.13155,1,50,50,50,0,50,-0.6185,-0.3978,50,50
169.20,170.47,170.48,1,12.06514,1,e_rec,single-domain,0.0000,0.0000,3.627,0,12.06514,1,50,50,50,0,50,-0.9785,0.4253,50,50
169.60,170.87,170.88,1,12.10355,1,e_rec,single-domain,0.0000,0.0000,3.533,0,12.10355,1,50,50,50,0,50,-0.9557,-0.1662,50,50
170.00,171.27,171.28,1,12.09772,1,e_rec,single-domain,0.0000,0.0000,3.730,0,12.09772,1,50,50,50,0,50,-1.056,-0.1367,50,50
170.40,171.67,171.68,1,12.10047,1,e_rec,single-domain,0.0000,0.0000,3.601,0,12.10047,1,50,50,50,0,50,-0.7942,-0.01708,50,50
170.80,172.07,172.08,1,12.15917,1,e_rec,single-domain,0.0000,0.0000,3.642,0,12.15917,1,50,50,50,0,50,-0.1374,-0.5339,50,50
171.20,172.47,172.48,1,12.18826,1,e_rec,single-domain,0.0000,0.0000,3.565,0,12.18826,1,50,50,50,0,50,0.6853,-0.4805,50,50
171.60,172.87,172.88,1,12.17203,1,e_rec,single-domain,0.0000,0.0000,3.575,0,12.17203,1,50,50,50,0,50,0.9955,-0.03155,50,50
172.00,173.27,173.28,1,12.19164,1,e_rec,single-domain,0.0000,0.0000,3.682,0,12.19164,1,50,50,50,0,50,0.7856,-0.4713,50,50
172.40,173.67,173.68,1,12.16190,1,e_rec,single-domain,0.0000,0.0000,3.574,0,12.16190,1,50,50,50,0,50,0.1031,-0.4271,50,50
172.80,174.07,174.08,1,12.10325,1,e_rec,single-domain,0.0000,0.0000,3.690,0,12.10325,1,50,50,50,0,50,-0.4283,0.1668,50,50
173.20,174.47,174.48,1,12.08920,1,e_rec,single-domain,0.0000,0.0000,3.755,0,12.08920,1,50,50,50,0,50,-1.1,-0.02958,50,50
173.60,174.87,174.88,1,12.07779,1,e_rec,single-domain,0.0000,0.0000,3.529,0,12.07779,1,50,50,50,0,50,-1.304,0.02295,50,50
174.00,175.27,175.28,1,12.07461,1,e_rec,single-domain,0.0000,0.0000,3.594,0,12.07461,1,50,50,50,0,50,-0.7776,0.401,50,50
174.40,175.67,175.68,1,12.14410,1,e_rec,single-domain,0.0000,0.0000,3.545,0,12.14410,1,50,50,50,0,50,0.1025,-0.1469,50,50
174.80,176.07,176.08,1,12.15724,1,e_rec,single-domain,0.0000,0.0000,3.630,0,12.15724,1,50,50,50,0,50,0.4604,-0.1313,50,50
175.20,176.47,176.48,1,12.09964,1,e_rec,single-domain,0.0000,0.0000,3.536,0,12.09964,1,50,50,50,0,50,0.1424,0.5789,50,50
175.60,176.87,176.88,1,12.13005,1,e_rec,single-domain,0.0000,0.0000,3.609,0,12.13005,1,50,50,50,0,50,0.2248,0.1508,50,50
176.00,177.27,177.28,1,12.12089,1,e_rec,single-domain,0.0000,0.0000,3.653,0,12.12089,1,50,50,50,0,50,0.2579,0.3158,50,50
176.40,177.67,177.68,1,12.10549,1,e_rec,single-domain,0.0000,0.0000,3.617,0,12.10549,1,50,50,50,0,50,0.2039,0.525,50,50
176.80,178.07,178.08,1,-2.71989,0,|r_aux|,single-domain,0.0000,0.0000,3.652,0,-2.71989,0,50,50,50,0,50,-0.6828,-0.1085,-0.7034,-0.8879
177.20,178.47,178.48,-1,-2.63598,0,|r_aux|,single-domain,0.0000,0.0000,3.538,0,-2.63598,0,50,50,50,0,50,-1.242,-0.3904,-0.4241,-0.9431
177.60,178.87,178.88,-1,-10.89277,0,|r_bal|,single-domain,0.0000,0.0000,3.532,0,-10.89277,0,25.42,10.15,17.4,0,37.66,-0.566,0.02621,-0.1278,-0.5899
178.00,179.27,179.28,0,-1.63306,0,e_rec,cross-domain,0.0000,0.0000,3.661,0,-1.63306,0,0.3588,0.5219,1.162,0,0.5901,0.7315,-0.5357,4.225,-0.6754
178.40,179.67,179.68,0,-2.59666,0,|r_bal|,cross-domain,0.0000,0.0000,3.554,0,-2.59666,0,1.033,0.6075,2.23,0,0.3715,1.775,-0.4562,0.2257,-0.7557
178.80,180.07,180.08,0,-2.60655,0,|r_bal|,cross-domain,0.0000,0.0000,3.508,0,-2.60655,0,1.205,1.051,1.003,0,-0.06516,1.598,0.1388,-0.5791,-0.3492
179.20,180.47,180.48,-1,10.73160,1,e_rec,single-domain,0.0000,0.0000,3.647,0,10.73160,1,4.483,0.5671,2.474,0,4.957,0.6835,-0.2986,50,50
179.60,180.87,180.88,-1,2.03345,1,e_rec,single-domain,0.0000,0.0000,3.533,0,2.03345,1,50,1.093,50,0,50,-0.2029,-0.05843,50,50
180.00,181.27,181.28,1,2.68666,1,e_rec,single-domain,0.0000,0.0000,3.636,0,2.68666,1,50,4.485,50,0,50,-0.5191,0.4807,50,50
180.40,181.67,181.68,1,3.53696,1,e_rec,single-domain,0.0000,0.0000,3.531,0,3.53696,1,50,8.485,50,0,50,-0.7631,-0.0606,50,50
180.80,182.07,182.08,1,4.69849,1,e_rec,single-domain,0.0000,0.0000,3.546,0,4.69849,1,50,14.08,50,0,50,-1.191,-0.4455,50,50
181.20,182.47,182.48,1,6.01202,1,e_rec,single-domain,0.0000,0.0000,3.744,0,6.01202,1,50,20.47,50,0,50,-0.6802,-0.0295,50,50
181.60,182.87,182.88,1,7.15860,1,e_rec,single-domain,0.0000,0.0000,3.531,0,7.15860,1,50,25.83,50,0,50,-0.2637,-0.415,50,50
182.00,183.27,183.28,1,8.37970,1,e_rec,single-domain,0.0000,0.0000,3.600,0,8.37970,1,50,31.72,50,0,50,0.1229,-0.2493,50,50
182.40,183.67,183.68,1,9.69716,1,e_rec,single-domain,0.0000,0.0000,3.496,0,9.69716,1,50,38.3,50,0,50,-0.2079,0.1562,50,50
182.80,184.07,184.08,1,10.79040,1,e_rec,single-domain,0.0000,0.0000,3.602,0,10.79040,1,50,43.49,50,0,50,-0.6606,-0.4662,50,50
183.20,184.47,184.48,1,11.96144,1,e_rec,single-domain,0.0000,0.0000,3.710,0,11.96144,1,50,49.17,50,0,50,-0.7861,-0.5114,50,50
183.60,184.87,184.88,1,12.10413,1,e_rec,single-domain,0.0000,0.0000,3.608,0,12.10413,1,50,50,50,0,50,-0.6051,0.04294,50,50
184.00,185.27,185.28,1,12.15580,1,e_rec,single-domain,0.0000,0.0000,3.639,0,12.15580,1,50,50,50,0,50,-0.05225,-0.4277,50,50
184.40,185.67,185.68,1,12.15818,1,e_rec,single-domain,0.0000,0.0000,3.528,0,12.15818,1,50,50,50,0,50,0.03613,-0.4102,50,50
184.80,186.07,186.08,1,12.15134,1,e_rec,single-domain,0.0000,0.0000,3.586,0,12.15134,1,50,50,50,0,50,0.4688,-0.03309,50,50
185.20,186.47,186.48,1,12.20563,1,e_rec,single-domain,0.0000,0.0000,3.628,0,12.20563,1,50,50,50,0,50,1.065,-0.5183,50,50
185.60,186.87,186.88,1,12.23220,1,e_rec,single-domain,0.0000,0.0000,3.600,0,12.23220,1,50,50,50,0,50,1.616,-0.5941,50,50
186.00,187.27,187.28,1,12.19843,1,e_rec,single-domain,0.0000,0.0000,3.666,0,12.19843,1,50,50,50,0,50,1.384,-0.2056,50,50
186.40,187.67,187.68,1,12.17305,1,e_rec,single-domain,0.0000,0.0000,3.661,0,12.17305,1,50,50,50,0,50,0.1774,-0.5568,50,50
186.80,188.07,188.08,1,12.12307,1,e_rec,single-domain,0.0000,0.0000,3.537,0,12.12307,1,50,50,50,0,50,-0.98,-0.4891,50,50
187.20,188.47,188.48,1,12.08408,1,e_rec,single-domain,0.0000,0.0000,3.600,0,12.08408,1,50,50,50,0,50,-1.258,-0.0472,50,50
187.60,188.87,188.88,1,12.12912,1,e_rec,single-domain,0.0000,0.0000,3.631,0,12.12912,1,50,50,50,0,50,-0.7989,-0.4718,50,50
188.00,189.27,189.28,1,12.13557,1,e_rec,single-domain,0.0000,0.0000,3.531,0,12.13557,1,50,50,50,0,50,-0.5266,-0.4039,50,50
188.40,189.67,189.68,1,12.10867,1,e_rec,single-domain,0.0000,0.0000,3.673,0,12.10867,1,50,50,50,0,50,-0.1792,0.2365,50,50
188.80,190.07,190.08,1,12.12841,1,e_rec,single-domain,0.0000,0.0000,3.582,0,12.12841,1,50,50,50,0,50,-0.2582,-0.1241,50,50
189.20,190.47,190.48,1,12.12638,1,e_rec,single-domain,0.0000,0.0000,3.666,0,12.12638,1,50,50,50,0,50,-0.1986,-0.05494,50,50
189.60,190.87,190.88,1,12.09312,1,e_rec,single-domain,0.0000,0.0000,3.614,0,12.09312,1,50,50,50,0,50,-0.3241,0.3914,50,50
190.00,191.27,191.28,1,12.12528,1,e_rec,single-domain,0.0000,0.0000,3.550,0,12.12528,1,50,50,50,0,50,-0.3125,-0.1084,50,50
190.40,191.67,191.68,1,12.12948,1,e_rec,single-domain,0.0000,0.0000,3.641,0,12.12948,1,50,50,50,0,50,-0.1867,-0.09631,50,50
190.80,192.07,192.08,1,12.10761,1,e_rec,single-domain,0.0000,0.0000,3.595,0,12.10761,1,50,50,50,0,50,0.04571,0.393,50,50
191.20,192.47,192.48,1,12.17203,1,e_rec,single-domain,0.0000,0.0000,3.681,0,12.17203,1,50,50,50,0,50,0.5568,-0.3045,50,50
191.60,192.87,192.88,1,12.17883,1,e_rec,single-domain,0.0000,0.0000,3.556,0,12.17883,1,50,50,50,0,50,0.6008,-0.3844,50,50
192.00,193.27,193.28,1,12.16632,1,e_rec,single-domain,0.0000,0.0000,3.492,0,12.16632,1,50,50,50,0,50,1.158,0.1595,50,50
192.40,193.67,193.68,1,12.20412,1,e_rec,single-domain,0.0000,0.0000,3.690,0,12.20412,1,50,50,50,0,50,1.637,-0.1382,50,50
192.80,194.07,194.08,1,12.21588,1,e_rec,single-domain,0.0000,0.0000,3.501,0,12.21588,1,50,50,50,0,50,1.891,-0.1656,50,50
193.20,194.47,194.48,1,12.17573,1,e_rec,single-domain,0.0000,0.0000,3.751,0,12.17573,1,50,50,50,0,50,1.386,0.1536,50,50
193.60,194.87,194.88,1,12.16582,1,e_rec,single-domain,0.0000,0.0000,3.578,0,12.16582,1,50,50,50,0,50,0.2832,-0.377,50,50
194.00,195.27,195.28,1,12.11272,1,e_rec,single-domain,0.0000,0.0000,3.513,0,12.11272,1,50,50,50,0,50,-0.7255,-0.1675,50,50
194.40,195.67,195.68,1,12.08470,1,e_rec,single-domain,0.0000,0.0000,3.639,0,12.08470,1,50,50,50,0,50,-0.6294,0.3341,50,50
194.80,196.07,196.08,1,12.11282,1,e_rec,single-domain,0.0000,0.0000,3.525,0,12.11282,1,50,50,50,0,50,-0.4597,-0.003554,50,50
195.20,196.47,196.48,1,12.10452,1,e_rec,single-domain,0.0000,0.0000,3.487,0,12.10452,1,50,50,50,0,50,-0.4631,0.1251,50,50
195.60,196.87,196.88,1,12.09457,1,e_rec,single-domain,0.0000,0.0000,3.682,0,12.09457,1,50,50,50,0,50,0.05322,0.6033,50,50
196.00,197.27,197.28,1,12.14389,1,e_rec,single-domain,0.0000,0.0000,3.540,0,12.14389,1,50,50,50,0,50,0.6213,0.1792,50,50
196.40,197.67,197.68,1,12.16888,1,e_rec,single-domain,0.0000,0.0000,3.635,0,12.16888,1,50,50,50,0,50,1,0.02122,50,50
196.80,198.07,198.08,1,12.13330,1,e_rec,single-domain,0.0000,0.0000,3.538,0,12.13330,1,50,50,50,0,50,0.8395,0.4822,50,50
197.20,198.47,198.48,1,12.14848,1,e_rec,single-domain,0.0000,0.0000,3.561,0,12.14848,1,50,50,50,0,50,-0.07667,-0.3275,50,50
197.60,198.87,198.88,1,12.12737,1,e_rec,single-domain,0.0000,0.0000,3.715,0,12.12737,1,50,50,50,0,50,-0.5148,-0.2673,50,50
198.00,199.27,199.28,1,12.09104,1,e_rec,single-domain,0.0000,0.0000,3.579,0,12.09104,1,50,50,50,0,50,-0.3517,0.4071,50,50
198.40,199.67,199.68,1,12.16308,1,e_rec,single-domain,0.0000,0.0000,3.663,0,12.16308,1,50,50,50,0,50,0.3614,-0.285,50,50
198.80,200.07,200.08,1,12.18128,1,e_rec,single-domain,0.0000,0.0000,3.530,0,12.18128,1,50,50,50,0,50,0.5181,-0.4745,50,50
199.20,200.47,200.48,1,12.15006,1,e_rec,single-domain,0.0000,0.0000,3.456,0,12.15006,1,50,50,50,0,50,0.4624,-0.01686,50,50
199.60,200.87,200.88,1,12.13945,1,e_rec,single-domain,0.0000,0.0000,3.706,0,12.13945,1,50,50,50,0,50,-0.3658,-0.3651,50,50
200.00,201.27,201.28,1,12.12108,1,e_rec,single-domain,0.0000,0.0000,3.495,0,12.12108,1,50,50,50,0,50,-0.7558,-0.3182,50,50
200.40,201.67,201.68,1,12.08688,1,e_rec,single-domain,0.0000,0.0000,3.689,0,12.08688,1,50,50,50,0,50,-0.735,0.2341,50,50
200.80,202.07,202.08,1,12.14661,1,e_rec,single-domain,0.0000,0.0000,3.497,0,12.14661,1,50,50,50,0,50,-0.5938,-0.62,50,50
201.20,202.47,202.48,1,12.15143,1,e_rec,single-domain,0.0000,0.0000,3.474,0,12.15143,1,50,50,50,0,50,-0.6769,-0.7476,50,50
201.60,202.87,202.88,1,12.09117,1,e_rec,single-domain,0.0000,0.0000,3.649,0,12.09117,1,50,50,50,0,50,-0.9457,0.03518,50,50
202.00,203.27,203.28,1,12.10917,1,e_rec,single-domain,0.0000,0.0000,3.545,0,12.10917,1,50,50,50,0,50,-0.9746,-0.2667,50,50
202.40,203.67,203.68,1,12.08330,1,e_rec,single-domain,0.0000,0.0000,3.769,0,12.08330,1,50,50,50,0,50,-0.7913,0.2555,50,50
202.80,204.07,204.08,1,12.08417,1,e_rec,single-domain,0.0000,0.0000,3.499,0,12.08417,1,50,50,50,0,50,-0.2553,0.5754,50,50
203.20,204.47,204.48,1,12.17373,1,e_rec,single-domain,0.0000,0.0000,3.467,0,12.17373,1,50,50,50,0,50,0.5182,-0.3553,50,50
203.60,204.87,204.88,1,12.22088,1,e_rec,single-domain,0.0000,0.0000,3.618,0,12.22088,1,50,50,50,0,50,1.107,-0.732,50,50
204.00,205.27,205.28,1,12.17946,1,e_rec,single-domain,0.0000,0.0000,3.486,0,12.17946,1,50,50,50,0,50,0.9182,-0.1967,50,50
204.40,205.67,205.68,1,12.18066,1,e_rec,single-domain,0.0000,0.0000,4.403,0,12.18066,1,50,50,50,0,50,0.7917,-0.2944,50,50
204.80,206.07,206.08,1,12.15004,1,e_rec,single-domain,0.0000,0.0000,3.778,0,12.15004,1,50,50,50,0,50,0.3414,-0.09181,50,50
205.20,206.47,206.48,1,12.12000,1,e_rec,single-domain,0.0000,0.0000,3.474,0,12.12000,1,50,50,50,0,50,0.2132,0.302,50,50
205.60,206.87,206.88,1,12.14373,1,e_rec,single-domain,0.0000,0.0000,4.006,0,12.14373,1,50,50,50,0,50,-0.667,-0.6201,50,50
206.00,207.27,207.28,1,12.13447,1,e_rec,single-domain,0.0000,0.0000,3.676,0,12.13447,1,50,50,50,0,50,-1.252,-0.8383,50,50
206.40,207.67,207.68,1,12.10326,1,e_rec,single-domain,0.0000,0.0000,3.700,0,12.10326,1,50,50,50,0,50,-0.9264,-0.1434,50,50
206.80,208.07,208.08,1,12.16767,1,e_rec,single-domain,0.0000,0.0000,3.618,0,12.16767,1,50,50,50,0,50,-0.1451,-0.6726,50,50
207.20,208.47,208.48,1,12.14900,1,e_rec,single-domain,0.0000,0.0000,3.596,0,12.14900,1,50,50,50,0,50,0.2989,-0.102,50,50
207.60,208.87,208.88,1,12.13322,1,e_rec,single-domain,0.0000,0.0000,3.644,0,12.13322,1,50,50,50,0,50,0.2329,0.1059,50,50
208.00,209.27,209.28,1,12.17071,1,e_rec,single-domain,0.0000,0.0000,3.567,0,12.17071,1,50,50,50,0,50,0.4481,-0.3514,50,50
208.40,209.67,209.68,1,12.17747,1,e_rec,single-domain,0.0000,0.0000,3.660,0,12.17747,1,50,50,50,0,50,0.4632,-0.4486,50,50
208.80,210.07,210.08,1,12.14896,1,e_rec,single-domain,0.0000,0.0000,3.672,0,12.14896,1,50,50,50,0,50,0.4731,0.007209,50,50
209.20,210.47,210.48,1,12.13817,1,e_rec,single-domain,0.0000,0.0000,3.575,0,12.13817,1,50,50,50,0,50,-0.4845,-0.4187,50,50
209.60,210.87,210.88,1,12.11460,1,e_rec,single-domain,0.0000,0.0000,3.762,0,12.11460,1,50,50,50,0,50,-1.117,-0.4408,50,50
210.00,211.27,211.28,1,12.10743,1,e_rec,single-domain,0.0000,0.0000,3.600,0,12.10743,1,50,50,50,0,50,-0.3414,0.1549,50,50
210.40,211.67,211.68,1,12.22130,1,e_rec,single-domain,0.0000,0.0000,3.566,0,12.22130,1,50,50,50,0,50,1.387,-0.5645,50,50
210.80,212.07,212.08,1,12.28276,1,e_rec,single-domain,0.0000,0.0000,3.670,0,12.28276,1,50,50,50,0,50,2.436,-0.8808,50,50
211.20,212.47,212.48,1,12.23009,1,e_rec,single-domain,0.0000,0.0000,4.522,0,12.23009,1,50,50,50,0,50,2.052,-0.2894,50,50
211.60,212.87,212.88,1,12.22676,1,e_rec,single-domain,0.0000,0.0000,3.852,0,12.22676,1,50,50,50,0,50,1.003,-0.89,50,50
212.00,213.27,213.28,1,12.17717,1,e_rec,single-domain,0.0000,0.0000,3.828,0,12.17717,1,50,50,50,0,50,0.4056,-0.4797,50,50
212.40,213.67,213.68,1,12.15806,1,e_rec,single-domain,0.0000,0.0000,3.776,0,12.15806,1,50,50,50,0,50,0.372,-0.1993,50,50
212.80,214.07,214.08,1,12.15544,1,e_rec,single-domain,0.0000,0.0000,3.687,0,12.15544,1,50,50,50,0,50,-0.06608,-0.4306,50,50
213.20,214.47,214.48,1,12.12537,1,e_rec,single-domain,0.0000,0.0000,3.556,0,12.12537,1,50,50,50,0,50,-0.6561,-0.3238,50,50
213.60,214.87,214.88,1,12.11888,1,e_rec,single-domain,0.0000,0.0000,3.678,0,12.11888,1,50,50,50,0,50,-0.1263,0.1083,50,50
214.00,215.27,215.28,1,12.20487,1,e_rec,single-domain,0.0000,0.0000,3.723,0,12.20487,1,50,50,50,0,50,0.9861,-0.555,50,50
214.40,215.67,215.68,1,12.24540,1,e_rec,single-domain,0.0000,0.0000,3.319,0,12.24540,1,50,50,50,0,50,1.95,-0.5942,50,50
214.80,216.07,216.08,1,12.20944,1,e_rec,single-domain,0.0000,0.0000,3.710,0,12.20944,1,50,50,50,0,50,1.863,-0.08136,50,50
215.20,216.47,216.48,1,12.19299,1,e_rec,single-domain,0.0000,0.0000,3.612,0,12.19299,1,50,50,50,0,50,1.106,-0.2932,50,50
215.60,216.87,216.88,1,12.14255,1,e_rec,single-domain,0.0000,0.0000,3.627,0,12.14255,1,50,50,50,0,50,0.1701,-0.08038,50,50
216.00,217.27,217.28,1,12.10260,1,e_rec,single-domain,0.0000,0.0000,3.656,0,12.10260,1,50,50,50,0,50,-0.2192,0.3073,50,50
216.40,217.67,217.68,1,12.12416,1,e_rec,single-domain,0.0000,0.0000,3.646,0,12.12416,1,50,50,50,0,50,-0.5013,-0.2083,50,50
216.80,218.07,218.08,1,12.12373,1,e_rec,single-domain,0.0000,0.0000,3.584,0,12.12373,1,50,50,50,0,50,-0.7552,-0.3595,50,50
217.20,218.47,218.48,1,12.11011,1,e_rec,single-domain,0.0000,0.0000,3.530,0,12.11011,1,50,50,50,0,50,-0.268,0.1585,50,50
217.60,218.87,218.88,1,12.19627,1,e_rec,single-domain,0.0000,0.0000,3.578,0,12.19627,1,50,50,50,0,50,0.8359,-0.513,50,50
218.00,219.27,219.28,1,12.21739,1,e_rec,single-domain,0.0000,0.0000,3.678,0,12.21739,1,50,50,50,0,50,1.442,-0.4691,50,50
218.40,219.67,219.68,1,12.17742,1,e_rec,single-domain,0.0000,0.0000,3.573,0,12.17742,1,50,50,50,0,50,1.201,0.01127,50,50
218.80,220.07,220.08,1,-2.47139,0,|r_aux|,single-domain,0.0000,0.0000,3.859,0,-2.47139,0,50,50,50,0,50,0.3378,-0.4396,-0.1009,-0.857
219.20,220.47,220.48,-1,-2.42583,0,|r_aux|,single-domain,0.0000,0.0000,3.539,0,-2.42583,0,50,50,50,0,50,-0.4697,-0.1664,0.2147,-0.668
219.60,220.87,220.88,-1,-9.71751,0,|r_bal|,single-domain,0.0000,0.0000,3.677,0,-9.71751,0,22.53,9.146,7.955,0,32.33,-0.2926,0.386,-0.4157,0.5856
220.00,221.27,221.28,0,-2.80205,0,|r_aux|,cross-domain,0.0000,0.0000,3.692,0,-2.80205,0,0.2009,0.7227,-0.09457,0,-0.007539,-0.1375,0.06903,-0.05831,-0.4988
220.40,221.67,221.68,0,-2.44657,0,|r_aux|,cross-domain,0.0000,0.0000,3.540,0,-2.44657,0,0.4879,0.72,1.535,0,-0.3649,-0.2577,-4.744e-06,0.4446,0.04196
220.80,222.07,222.08,0,-2.79577,0,|r_aux|,cross-domain,0.0000,0.0000,3.612,0,-2.79577,0,0.287,1.115,0.4767,0,0.2307,0.4543,0.4457,0.009898,0.5623
221.20,222.47,222.48,0,-2.23799,0,|r_qp|,cross-domain,0.0000,0.0000,3.655,0,-2.23799,0,0.4162,0.7826,0.02956,0,-0.6899,0.9934,-0.3925,0.4982,0.1694
221.60,222.87,222.88,0,-2.38426,0,|r_qp|,cross-domain,0.0000,0.0000,3.588,0,-2.38426,0,0.9902,0.8459,0.8709,0,-0.5874,1.634,-0.564,-0.4391,-0.8201
222.00,223.27,223.28,0,-2.61314,0,|r_aux|,cross-domain,0.0000,0.0000,4.906,0,-2.61314,0,1.191,1.163,-0.05121,0,-0.5204,1.519,-0.06844,-1.244,-0.04017
222.40,223.67,223.68,0,-2.65802,0,|r_aux|,cross-domain,0.0000,0.0000,3.649,0,-2.65802,0,0.4018,0.7268,0.2361,0,-0.09616,0.7919,-0.3019,-0.06574,-0.9134
222.80,224.07,224.08,0,-2.63154,0,|r_qp|,cross-domain,0.0000,0.0000,3.539,0,-2.63154,0,0.4162,0.5255,2.035,0,-0.7352,0.1472,-0.3037,-0.5764,-0.006228
223.20,224.47,224.48,0,-2.66804,0,|r_aux|,cross-domain,0.0000,0.0000,3.677,0,-2.66804,0,0.1866,0.9889,1.03,0,-0.2047,-0.08182,0.06227,-0.06202,-0.2189
223.60,224.87,224.88,0,-2.80032,0,|r_aux|,cross-domain,0.0000,0.0000,3.660,0,-2.80032,0,0.5023,0.5781,0.6452,0,0.1472,-0.2468,-0.6398,-0.08816,-0.4008
224.00,225.27,225.28,0,-3.34847,0,|r_aux|,cross-domain,0.0000,0.0000,3.732,0,-3.34847,0,0.5166,0.5692,2.327,0,0.6409,-0.6693,-0.6389,-1.226,-0.9323
224.40,225.67,225.68,0,-3.16855,0,|r_aux|,cross-domain,0.0000,0.0000,3.545,0,-3.16855,0,0.6745,1.005,0.9171,0,1.327,-0.09899,0.1057,0.06482,0.9173
224.80,226.07,226.08,0,-2.53238,0,e_rec,cross-domain,0.0000,0.0000,3.614,0,-2.53238,0,1.076,0.6584,0.3186,0,0.8635,1.075,-0.3904,1.189,-0.003702
225.20,226.47,226.48,0,-2.92140,0,|r_bal|,cross-domain,0.0000,0.0000,3.786,0,-2.92140,0,1.249,0.8763,1.141,0,0.7292,2.178,-0.2123,-0.6463,-0.6759
225.60,226.87,226.88,0,-2.43234,0,|r_bal|,cross-domain,0.0000,0.0000,3.587,0,-2.43234,0,1.335,1.177,0.2315,0,-0.1781,2.197,0.1888,-0.3371,0.3794
226.00,227.27,227.28,0,-1.81163,0,e_rec,cross-domain,0.0000,0.0000,3.676,0,-1.81163,0,1.162,0.7406,0.5576,0,-0.01295,0.6751,-0.3499,2.269,-0.8062
226.40,227.67,227.68,0,-2.85446,0,|r_bal|,cross-domain,0.0000,0.0000,3.513,0,-2.85446,0,1.363,0.6277,2.485,0,0.4356,-0.6906,-0.3302,-0.418,-0.899
226.80,228.07,228.08,0,-3.16305,0,|r_bal|,cross-domain,0.0000,0.0000,3.496,0,-3.16305,0,1.636,1.033,1.633,0,0.9385,-1.155,0.1472,-0.9924,-0.2763
227.20,228.47,228.48,0,-3.02871,0,|r_bal|,cross-domain,0.0000,0.0000,3.768,0,-3.02871,0,1.55,0.6164,1.554,0,0.8239,-1.097,-0.3357,-0.4975,-0.5268
227.60,228.87,228.88,0,-2.89351,0,|r_bal|,cross-domain,0.0000,0.0000,3.548,0,-2.89351,0,1.292,0.5207,2.581,0,0.1735,-1.126,-0.5419,-0.7344,-0.5823
228.00,229.27,229.28,0,-2.69311,0,|r_bal|,cross-domain,0.0000,0.0000,3.794,0,-2.69311,0,1.292,0.9686,0.8142,0,0.1042,-0.8713,0.1505,-0.272,0.4383
228.40,229.67,229.68,0,-2.78110,0,|r_aux|,cross-domain,0.0000,0.0000,3.541,0,-2.78110,0,0.5884,0.6602,-0.3891,0,0.138,0.1643,-0.515,-0.13,-0.00467
228.80,230.07,230.08,0,-2.35193,0,e_rec,cross-domain,0.0000,0.0000,3.556,0,-2.35193,0,0.3014,0.9345,0.2886,0,-0.02615,1.05,-0.5728,0.8454,-0.8892
229.20,230.47,230.48,0,-2.58064,0,|r_aux|,cross-domain,0.0000,0.0000,3.748,0,-2.58064,0,0.3444,1.194,-0.5487,0,-0.2198,1.052,-0.01563,-0.129,0.3907
229.60,230.87,230.88,0,-2.29199,0,|r_qp|,cross-domain,0.0000,0.0000,3.909,0,-2.29199,0,0.9328,0.7248,-0.03844,0,-0.6919,0.5836,-0.4642,0.01227,-0.7805
230.00,231.27,231.28,0,-2.49452,0,|r_bal|,cross-domain,0.0000,0.0000,3.485,0,-2.49452,0,1.32,0.5103,1.912,0,-0.2188,-0.02272,-0.2842,-0.05234,-0.7014
230.40,231.67,231.68,0,-2.86355,0,|r_bal|,cross-domain,0.0000,0.0000,3.673,0,-2.86355,0,1.421,0.9602,0.8874,0,-0.014,-0.2104,0.1951,-1.115,0.5705
230.80,232.07,232.08,0,-2.90125,0,|r_bal|,cross-domain,0.0000,0.0000,3.474,0,-2.90125,0,0.9185,0.6316,0.5895,0,-0.02892,-0.7966,-0.3114,-0.8278,-0.834
231.20,232.47,232.48,0,-2.51226,0,|r_aux|,cross-domain,0.0000,0.0000,3.660,0,-2.51226,0,0.7032,0.8219,1.962,0,-0.4041,-1.331,-0.08852,0.02922,-0.9277
231.60,232.87,232.88,0,-2.15709,0,e_rec,cross-domain,0.0000,0.0000,3.496,0,-2.15709,0,0.6027,1.133,0.4215,0,-0.3671,-0.8052,0.5007,1.265,0.824
232.00,233.27,233.28,0,-2.32667,0,e_rec,cross-domain,0.0000,0.0000,3.565,0,-2.32667,0,0.8467,0.7901,-0.09524,0,-0.2974,0.1794,-0.2112,0.5577,-0.2306
232.40,233.67,233.68,0,-2.50318,0,|r_bal|,cross-domain,0.0000,0.0000,3.852,0,-2.50318,0,0.9328,0.8595,1.052,0,-0.3033,0.92,-0.607,-0.2638,0.5743
232.80,234.07,234.08,0,-2.52339,0,|r_aux|,cross-domain,0.0000,0.0000,3.513,0,-2.52339,0,1.048,1.183,0.02806,0,-0.286,0.7863,-0.3551,-0.5339,0.115
233.20,234.47,234.48,0,-2.77804,0,|r_bal|,cross-domain,0.0000,0.0000,3.691,0,-2.77804,0,1.449,0.7961,0.2996,0,-0.03658,-0.2033,-0.7102,-1.04,-0.8316
233.60,234.87,234.88,0,-2.82489,0,|r_bal|,cross-domain,0.0000,0.0000,3.577,0,-2.82489,0,1.105,0.6675,2.18,0,0.2815,-1.173,-0.3503,-0.3192,-0.8741
234.00,235.27,235.28,0,-2.55846,0,|r_aux|,cross-domain,0.0000,0.0000,3.556,0,-2.55846,0,0.8611,1.082,1.028,0,0.3729,-1.164,0.1572,0.702,-0.1659
234.40,235.67,235.68,0,-2.47071,0,|r_bal|,cross-domain,0.0000,0.0000,3.798,0,-2.47071,0,1.449,0.6402,0.7918,0,0.006196,-0.7725,-0.3453,0.2392,-0.8669
234.80,236.07,236.08,0,-2.71516,0,|r_bal|,cross-domain,0.0000,0.0000,3.503,0,-2.71516,0,1.564,0.5078,1.832,0,-0.4051,-0.5483,-0.5359,-1.132,-0.6364
235.20,236.47,236.48,0,-1.50516,0,e_rec,cross-domain,0.0000,0.0000,3.667,0,-1.50516,0,1.952,0.9855,0.6435,0,-0.4835,0.02209,0.09495,2.173,-0.4933
235.60,236.87,236.88,0,-2.34685,0,|r_bal|,cross-domain,0.0000,0.0000,3.620,0,-2.34685,0,2.454,0.5851,0.2573,0,0.2482,0.5569,-0.3315,0.2016,-0.6819
236.00,237.27,237.28,0,-2.71222,0,|r_bal|,cross-domain,0.0000,0.0000,3.631,0,-2.71222,0,2.44,0.5869,1.854,0,0.8342,0.9154,-0.3353,-0.2756,-0.5211
236.40,237.67,237.68,0,-2.41542,0,|r_bal|,cross-domain,0.0000,0.0000,3.658,0,-2.41542,0,2.253,1.009,1.086,0,0.6586,0.6129,0.03039,0.4796,0.494
236.80,238.07,238.08,0,-2.91513,0,|r_bal|,cross-domain,0.0000,0.0000,3.627,0,-2.91513,0,1.091,0.5837,1.04,0,0.7588,-0.05487,-0.4451,-0.06936,-0.8822
237.20,238.47,238.48,0,-3.08113,0,|r_bal|,cross-domain,0.0000,0.0000,3.709,0,-3.08113,0,0.8898,0.6154,2.369,0,0.6049,-0.4538,-0.4062,-0.6165,-0.1703
237.60,238.87,238.88,0,-1.69927,0,e_rec,cross-domain,0.0000,0.0000,3.645,0,-1.69927,0,0.4736,0.9969,1.187,0,0.3004,-0.4086,0.09364,3.548,-0.2976
238.00,239.27,239.28,0,-2.66012,0,|r_bal|,cross-domain,0.0000,0.0000,3.534,0,-2.66012,0,1.019,0.5433,0.9707,0,0.3638,-0.2202,-0.4504,0.3382,-0.8147
238.40,239.67,239.68,0,-2.83141,0,|r_bal|,cross-domain,0.0000,0.0000,3.560,0,-2.83141,0,1.607,0.4579,2.123,0,0.5491,-0.4336,-0.5,-0.3036,-0.9417
238.80,240.07,240.08,0,-2.73497,0,|r_bal|,cross-domain,0.0000,0.0000,3.575,0,-2.73497,0,1.622,0.9431,1.033,0,0.2435,-0.04793,0.2639,-0.5116,0.3386
239.20,240.47,240.48,0,-2.70126,0,|r_bal|,cross-domain,0.0000,0.0000,3.514,0,-2.70126,0,0.7032,0.5488,0.7665,0,0.2517,0.7555,-0.02896,0.2665,-0.1437
239.60,240.87,240.88,0,-2.44114,0,e_rec,cross-domain,0.0000,0.0000,3.693,0,-2.44114,0,-0.07175,0.7193,2.183,0,0.7896,2.669,-0.001038,1.881,-0.6008
240.00,241.27,241.28,0,-2.80181,0,|r_aux|,cross-domain,0.0000,0.0000,3.621,0,-2.80181,0,0.0861,1.085,1.375,0,0.9978,4.226,0.2871,0.586,0.3672
240.40,241.67,241.68,0,-2.76018,0,|r_pv|,cross-domain,0.0000,0.0000,3.647,0,-2.76018,0,0.7032,0.6292,1.21,0,0.6354,3.954,-0.4449,0.04254,0.2279
240.80,242.07,242.08,0,-2.58548,0,|r_bal|,cross-domain,0.0000,0.0000,3.624,0,-2.58548,0,0.7175,0.4506,2.289,0,0.01992,3.181,-0.4493,-0.01249,0.08226
241.20,242.47,242.48,0,-2.62363,0,|r_aux|,cross-domain,0.0000,0.0000,3.569,0,-2.62363,0,0.6601,0.9164,1.26,0,0.1401,1.689,0.1305,0.1918,1.99
241.60,242.87,242.88,0,-1.95961,0,e_rec,cross-domain,0.0000,0.0000,3.709,0,-1.95961,0,0.6458,0.5031,1.162,0,-0.1922,1.285,-0.2875,1.996,-0.4427
242.00,243.27,243.28,0,-3.07436,0,|r_bal|,cross-domain,0.0000,0.0000,3.608,0,-3.07436,0,1.091,0.6973,2.866,0,0.4814,0.3552,-0.2045,-0.9991,-0.04956
242.40,243.67,243.68,0,-2.30561,0,e_rec,cross-domain,0.0000,0.0000,3.650,0,-2.30561,0,1.421,1.068,1.86,0,0.4394,-0.09901,0.1942,1.122,0.06234
242.80,244.07,244.08,0,-3.09647,0,|r_bal|,cross-domain,0.0000,0.0000,3.545,0,-3.09647,0,1.062,0.6119,1.479,0,0.7447,0.04306,-0.3985,-0.6828,-0.9115
243.20,244.47,244.48,0,-2.85932,0,|r_bal|,cross-domain,0.0000,0.0000,3.568,0,-2.85932,0,0.4449,0.4166,2.288,0,0.3944,1.027,-0.3805,0.1161,0.7721
243.60,244.87,244.88,0,-2.83110,0,|r_aux|,cross-domain,0.0000,0.0000,4.698,0,-2.83110,0,0.8036,0.9129,1.131,0,0.5683,1.514,0.1824,-0.08353,0.248
244.00,245.27,245.28,0,-2.74574,0,|r_bal|,cross-domain,0.0000,0.0000,3.708,0,-2.74574,0,1.119,0.5016,0.8599,0,0.6159,1.812,-0.2014,0.1388,-0.9489
244.40,245.67,245.68,0,-2.73060,0,|r_bal|,cross-domain,0.0000,0.0000,3.912,0,-2.73060,0,1.205,0.7229,2.239,0,0.03059,2.158,-0.4285,-0.8758,-0.8232
244.80,246.07,246.08,0,-2.26903,0,|r_qp|,cross-domain,0.0000,0.0000,3.627,0,-2.26903,0,1.091,1.043,1.016,0,-0.6743,1.529,-0.06467,-0.2189,-0.09136
245.20,246.47,246.48,0,-2.97607,0,|r_aux|,cross-domain,0.0000,0.0000,3.580,0,-2.97607,0,0.1148,0.6408,0.7387,0,-0.1775,0.6233,-0.5274,-0.9826,-0.8678
245.60,246.87,246.88,0,-2.83454,0,|r_aux|,cross-domain,0.0000,0.0000,3.732,0,-2.83454,0,0.287,0.7256,1.904,0,0.4187,-0.4922,-0.3269,0.2399,-0.7477
246.00,247.27,247.28,0,-3.00098,0,|r_aux|,cross-domain,0.0000,0.0000,3.892,0,-3.00098,0,0.8324,1.103,0.6996,0,0.5331,-0.9912,0.1957,-0.5476,-0.694
246.40,247.67,247.68,0,-2.44340,0,|r_bal|,cross-domain,0.0000,0.0000,3.582,0,-2.44340,0,1.22,0.6679,0.3949,0,-0.08217,-1.163,-0.4078,0.3824,-0.9138
246.80,248.07,248.08,0,-2.67593,0,|r_bal|,cross-domain,0.0000,0.0000,3.754,0,-2.67593,0,1.033,0.4443,1.972,0,0.3304,-1.107,-0.4235,0.4157,-0.5498
247.20,248.47,248.48,0,-2.88762,0,|r_bal|,cross-domain,0.0000,0.0000,3.618,0,-2.88762,0,1.249,0.9222,1.23,0,0.4011,-1.13,0.05519,-0.479,-0.02402
247.60,248.87,248.88,0,-3.05015,0,|r_bal|,cross-domain,0.0000,0.0000,3.665,0,-3.05015,0,1.435,0.5845,0.9874,0,1.172,-0.986,-0.302,-0.02478,-0.5858
248.00,249.27,249.28,0,-2.44112,0,|r_bal|,cross-domain,0.0000,0.0000,3.548,0,-2.44112,0,1.148,0.9038,2.234,0,0.2661,-0.944,-0.1194,0.7222,-0.9262
248.40,249.67,249.68,0,-3.00032,0,|r_aux|,cross-domain,0.0000,0.0000,3.499,0,-3.00032,0,1.019,1.2,0.94,0,0.5238,-1.037,0.4239,-0.6917,-0.6728
248.80,250.07,250.08,0,-2.27650,0,e_rec,cross-domain,0.0000,0.0000,3.712,0,-2.27650,0,0.6171,0.7147,0.8241,0,-0.0138,-1.071,-0.1095,1.414,-0.6698
249.20,250.47,250.48,0,-3.07788,0,|r_bal|,cross-domain,0.0000,0.0000,3.527,0,-3.07788,0,0.6888,0.3559,2.13,0,0.1264,-1.113,-0.1222,-0.7692,-0.05509
249.60,250.87,250.88,0,-2.70757,0,|r_aux|,cross-domain,0.0000,0.0000,3.651,0,-2.70757,0,0.5884,0.9047,0.8202,0,0.02007,-0.5244,0.5161,0.03277,-0.5472
250.00,251.27,251.28,0,-2.41282,0,e_rec,cross-domain,0.0000,0.0000,3.504,0,-2.41282,0,0.7175,0.5292,0.7249,0,0.168,0.6282,-0.0003962,1.089,-0.504
250.40,251.67,251.68,0,-3.16062,0,|r_aux|,cross-domain,0.0000,0.0000,3.434,0,-3.16062,0,0.6745,0.7997,2.359,0,0.7879,1.57,-0.1719,-0.8374,-0.2986
250.80,252.07,252.08,0,-3.47823,0,|r_aux|,cross-domain,0.0000,0.0000,3.628,0,-3.47823,0,0.7319,1.136,1.411,0,1.583,1.485,0.2054,-0.9529,0.2562
251.20,252.47,252.48,0,-3.30013,0,|r_aux|,cross-domain,0.0000,0.0000,3.547,0,-3.30013,0,0.7175,0.7297,0.9309,0,1.223,0.1698,-0.3556,-0.5738,-0.8588
251.60,252.87,252.88,0,-3.17895,0,|r_bal|,cross-domain,0.0000,0.0000,3.689,0,-3.17895,0,0.8467,0.7664,2.295,0,0.8877,-0.9262,-0.1795,-0.5676,-0.7557
252.00,253.27,253.28,0,-2.45662,0,e_rec,cross-domain,0.0000,0.0000,3.554,0,-2.45662,0,0.5453,1.072,0.8559,0,0.33,-1.242,0.1548,1.181,-0.3647
252.40,253.67,253.68,0,-3.02447,0,|r_aux|,cross-domain,0.0000,0.0000,5.618,0,-3.02447,0,0.6171,0.655,0.4587,0,0.7822,-0.9722,-0.2624,0.03931,-0.7067
252.80,254.07,254.08,0,-3.35228,0,|r_bal|,cross-domain,0.0000,0.0000,3.497,0,-3.35228,0,0.7749,0.6918,1.67,0,0.8874,-0.9045,-0.1819,-0.9796,-0.09455
253.20,254.47,254.48,0,-3.03316,0,|r_aux|,cross-domain,0.0000,0.0000,3.397,0,-3.03316,0,1.019,1.096,0.8267,0,1.032,-0.3014,0.3211,-0.1803,-0.5801
253.60,254.87,254.88,0,-3.08964,0,|r_bal|,cross-domain,0.0000,0.0000,3.497,0,-3.08964,0,0.8611,0.6846,0.6318,0,0.3776,0.2307,-0.3498,-1.028,-0.5352
254.00,255.27,255.28,0,-2.70916,0,|r_qp|,cross-domain,0.0000,0.0000,3.322,0,-2.70916,0,0.4449,0.5035,2.184,0,-0.4691,0.8269,-0.5146,-0.6651,-0.7628
254.40,255.67,255.68,0,-2.29193,0,|r_qp|,cross-domain,0.0000,0.0000,4.083,0,-2.29193,0,0.7175,0.9815,0.9765,0,-0.9372,0.6202,-0.09721,-0.2259,0.1914
254.80,256.07,256.08,0,-2.41814,0,|r_qp|,cross-domain,0.0000,0.0000,3.772,0,-2.41814,0,1.177,0.6052,0.7325,0,-0.9729,-0.258,-0.346,-0.7057,-0.6436
255.20,256.47,256.48,0,-2.31839,0,|r_bal|,cross-domain,0.0000,0.0000,3.547,0,-2.31839,0,1.421,0.7696,2.185,0,-0.428,-0.7438,-0.1778,0.1346,-0.394
255.60,256.87,256.88,0,-2.15264,0,|r_bal|,cross-domain,0.0000,0.0000,5.122,0,-2.15264,0,1.851,1.098,0.9495,0,-0.007314,-1.003,0.2468,0.8488,-0.5677
256.00,257.27,257.28,0,-2.91383,0,|r_bal|,cross-domain,0.0000,0.0000,3.482,0,-2.91383,0,1.32,0.6204,0.7078,0,-0.09219,-0.5268,-0.1573,-1.205,-0.8674
256.40,257.67,257.68,0,-2.68468,0,|r_bal|,cross-domain,0.0000,0.0000,3.358,0,-2.68468,0,1.148,0.2594,1.669,0,-0.442,-0.4881,-0.05791,-0.5568,-0.5793
256.80,258.07,258.08,0,-2.52111,0,|r_aux|,cross-domain,0.0000,0.0000,3.376,0,-2.52111,0,0.8898,0.8598,0.5757,0,-0.3389,-0.3917,0.5821,0.001129,-0.6668
257.20,258.47,258.48,0,-2.58369,0,|r_bal|,cross-domain,0.0000,0.0000,3.346,0,-2.58369,0,1.134,0.4303,0.5381,0,0.04746,-0.3844,-0.0188,0.2887,-0.9185
257.60,258.87,258.88,0,-3.15722,0,|r_bal|,cross-domain,0.0000,0.0000,3.416,0,-3.15722,0,1.134,0.3801,1.912,0,0.2133,-0.2939,-0.02421,-1.336,-0.8001
258.00,259.27,259.28,0,-3.01062,0,|r_aux|,cross-domain,0.0000,0.0000,3.414,0,-3.01062,0,0.8754,0.959,0.9064,0,0.4228,-0.4109,0.517,-0.6489,-0.4382
258.40,259.67,259.68,0,-2.89055,0,|r_bal|,cross-domain,0.0000,0.0000,3.330,0,-2.89055,0,1.119,0.4355,0.9933,0,0.3804,-0.1837,-0.01173,-0.2932,-0.9001
258.80,260.07,260.08,0,-2.99566,0,|r_bal|,cross-domain,0.0000,0.0000,5.120,0,-2.99566,0,1.019,0.4036,2.424,0,0.7617,-0.1209,-0.04827,-0.1004,-0.9454
259.20,260.47,260.48,0,-3.01455,0,|r_aux|,cross-domain,0.0000,0.0000,3.526,0,-3.01455,0,0.7893,0.9079,1.309,0,0.3592,-0.09866,0.5894,-0.6922,-0.5173
259.60,260.87,260.88,0,-3.12046,0,|r_bal|,cross-domain,0.0000,0.0000,3.437,0,-3.12046,0,0.5884,0.3403,0.9611,0,-0.01365,-0.7931,0.1289,-1.032,-0.9144
260.00,261.27,261.28,0,-2.61089,0,|r_qp|,cross-domain,0.0000,0.0000,3.325,0,-2.61089,0,0.8754,0.4967,2.379,0,-1.102,-1.34,0.3112,-0.9788,-0.4947
260.40,261.67,261.68,0,-2.14445,0,|r_qp|,cross-domain,0.0000,0.0000,3.319,0,-2.14445,0,0.7749,0.9418,1.067,0,-0.709,-1.008,0.4503,0.7924,-0.6893
260.80,262.07,262.08,0,-2.18959,0,e_rec,cross-domain,0.0000,0.0000,3.338,0,-2.18959,0,1.091,0.4384,0.9434,0,-0.5443,0.07984,-0.09168,0.7352,-0.8703
261.20,262.47,262.48,0,-3.06254,0,|r_bal|,cross-domain,0.0000,0.0000,3.417,0,-3.06254,0,1.177,0.4996,2.319,0,0.2842,0.8122,-0.2034,-1.158,0.4075
261.60,262.87,262.88,0,-2.90283,0,|r_bal|,cross-domain,0.0000,0.0000,3.548,0,-2.90283,0,1.449,0.9625,1.087,0,0.1062,0.7671,0.3555,-1.263,-0.4245
262.00,263.27,263.28,0,-2.94240,0,|r_bal|,cross-domain,0.0000,0.0000,4.742,0,-2.94240,0,1.119,0.4747,0.9954,0,0.3818,0.04379,-0.2529,-0.5624,-0.9127
262.40,263.67,263.68,0,-2.47031,0,|r_qp|,cross-domain,0.0000,0.0000,3.435,0,-2.47031,0,0.5453,0.5883,2.057,0,-0.5328,-0.6391,-0.4402,0.1083,-0.6677
262.80,264.07,264.08,0,-2.64708,0,|r_qp|,cross-domain,0.0000,0.0000,3.483,0,-2.64708,0,0.8467,0.9797,1.092,0,-0.7701,-0.7608,0.1442,-1.046,-0.4071
263.20,264.47,264.48,0,-2.76247,0,|r_qp|,cross-domain,0.0000,0.0000,3.347,0,-2.76247,0,0.9185,0.5074,0.5622,0,-0.6015,-1.195,-0.2521,-0.9762,-0.8661
263.60,264.87,264.88,0,-2.67435,0,|r_bal|,cross-domain,0.0000,0.0000,3.346,0,-2.67435,0,1.751,0.451,1.443,0,-0.3182,-1.357,-0.2253,-0.8167,-0.9462
264.00,265.27,265.28,0,-2.37475,0,|r_bal|,cross-domain,0.0000,0.0000,3.344,0,-2.37475,0,1.55,0.9262,0.5199,0,-0.702,-0.6398,0.1795,-0.5022,-0.5418
264.40,265.67,265.68,0,-2.48066,0,|r_bal|,cross-domain,0.0000,0.0000,3.388,0,-2.48066,0,1.349,0.4748,0.9826,0,-0.3304,0.6095,-0.2609,-0.193,-0.5275
264.80,266.07,266.08,0,-2.36221,0,|r_qp|,cross-domain,0.0000,0.0000,5.209,0,-2.36221,0,1.005,0.4712,2.69,0,-0.7084,1.492,-0.2301,-0.2281,-0.7215
265.20,266.47,266.48,0,-2.60338,0,|r_aux|,cross-domain,0.0000,0.0000,4.018,0,-2.60338,0,0.9328,0.9867,1.359,0,0.006895,1.222,0.2621,-0.1901,-0.2798
265.60,266.87,266.88,0,-2.85092,0,|r_bal|,cross-domain,0.0000,0.0000,3.449,0,-2.85092,0,0.9041,0.5759,0.9484,0,0.5673,0.6315,-0.1923,-0.01725,-0.8428
266.00,267.27,267.28,0,-3.40962,0,|r_bal|,cross-domain,0.0000,0.0000,3.509,0,-3.40962,0,0.9041,0.3632,2.52,0,0.9774,0.03415,0.0006797,-1.036,-0.5171
266.40,267.67,267.68,0,-3.51735,0,|r_bal|,cross-domain,0.0000,0.0000,3.400,0,-3.51735,0,1.076,0.9363,1.605,0,1.242,-0.335,0.7366,-1.309,-0.392
266.80,268.07,268.08,0,-3.38378,0,|r_bal|,cross-domain,0.0000,0.0000,3.386,0,-3.38378,0,1.177,0.3692,1.238,0,1.167,-0.7355,0.1318,-0.7592,-0.8566
267.20,268.47,268.48,0,-3.18039,0,|r_bal|,cross-domain,0.0000,0.0000,3.355,0,-3.18039,0,1.033,0.6597,2.465,0,0.6317,-1.133,0.0715,-0.8408,-0.1887
267.60,268.87,268.88,0,-2.92010,0,|r_aux|,cross-domain,0.0000,0.0000,3.383,0,-2.92010,0,0.8036,1.009,0.9792,0,0.893,-0.5542,0.22,0.201,-0.6697
268.00,269.27,269.28,0,-3.05986,0,|r_aux|,cross-domain,0.0000,0.0000,5.099,0,-3.05986,0,0.04305,0.5276,0.851,0,0.268,0.3478,-0.3101,-0.4571,-0.4861
268.40,269.67,269.68,0,-3.21235,0,|r_aux|,cross-domain,0.0000,0.0000,3.852,0,-3.21235,0,0.1148,0.4901,1.851,0,0.5526,1.005,-0.3105,-0.6695,0.06649
268.80,270.07,270.08,0,-2.72651,0,|r_aux|,cross-domain,0.0000,0.0000,3.540,0,-2.72651,0,-0.0574,0.9533,0.7674,0,0.2794,0.8424,0.06612,0.4309,-0.3812
269.20,270.47,270.48,0,-2.97649,0,|r_aux|,cross-domain,0.0000,0.0000,3.463,0,-2.97649,0,0.1148,0.4712,0.6876,0,0.2552,0.07023,-0.374,-0.2067,-0.7702
269.60,270.87,270.88,0,-3.02770,0,|r_aux|,cross-domain,0.0000,0.0000,5.174,0,-3.02770,0,0.2583,0.5549,2.209,0,0.06922,-0.7026,-0.4366,-0.6811,-0.4466
270.00,271.27,271.28,0,-2.66245,0,|r_aux|,cross-domain,0.0000,0.0000,3.564,0,-2.66245,0,0.244,0.9826,0.959,0,-0.171,-0.8211,0.1871,0.0916,-0.1499
270.40,271.67,271.68,0,-2.36634,0,e_rec,cross-domain,0.0000,0.0000,3.372,0,-2.36634,0,0.5453,0.6071,0.8086,0,-0.3832,-0.7857,-0.367,0.666,-0.8837
270.80,272.07,272.08,0,-2.34596,0,|r_bal|,cross-domain,0.0000,0.0000,3.415,0,-2.34596,0,1.205,0.3171,2.38,0,-0.3193,-0.6722,-0.1007,0.601,-0.7914
271.20,272.47,272.48,0,-1.62716,0,e_rec,cross-domain,0.0000,0.0000,4.860,0,-1.62716,0,1.105,0.9585,1.211,0,-0.3921,-0.3579,0.7548,2.652,-0.09893
271.60,272.87,272.88,0,-2.62892,0,|r_bal|,cross-domain,0.0000,0.0000,3.662,0,-2.62892,0,0.9041,0.4369,1.206,0,-0.2231,0.04822,0.2569,-0.07508,-0.9312
272.00,273.27,273.28,0,-2.58428,0,|r_qp|,cross-domain,0.0000,0.0000,3.537,0,-2.58428,0,0.4449,0.4601,2.646,0,-0.5408,0.2464,0.4363,-0.06499,-0.6842
272.40,273.67,273.68,0,-3.01612,0,|r_aux|,cross-domain,0.0000,0.0000,3.420,0,-3.01612,0,0.7319,0.9525,1.857,0,-0.1113,-0.05065,0.6629,-1.288,-0.3662
272.80,274.07,274.08,0,-2.94190,0,|r_bal|,cross-domain,0.0000,0.0000,3.603,0,-2.94190,0,0.8324,0.3601,1.332,0,0.1195,-0.7362,0.04312,-0.4898,-0.9516
273.20,274.47,274.48,0,-2.91653,0,|r_qp|,cross-domain,0.0000,0.0000,3.379,0,-2.91653,0,0.6027,0.5571,2.331,0,-0.5589,-1.388,-0.1104,-1.105,1.143
273.60,274.87,274.88,0,-1.94297,0,e_rec,cross-domain,0.0000,0.0000,3.368,0,-1.94297,0,0.6458,0.9549,0.7186,0,-0.3166,-1.405,0.2263,2.054,-0.2758
274.00,275.27,275.28,0,-2.36129,0,|r_bal|,cross-domain,0.0000,0.0000,5.003,0,-2.36129,0,0.9759,0.4559,0.7283,0,-0.4336,-1.212,-0.05182,0.567,-0.8226
274.40,275.67,275.68,0,-3.04499,0,|r_bal|,cross-domain,0.0000,0.0000,4.023,0,-3.04499,0,1.306,0.3901,2.052,0,-0.01827,-1.067,0.2341,-1.177,0.2708
274.80,276.07,276.08,0,-2.58664,0,|r_bal|,cross-domain,0.0000,0.0000,3.545,0,-2.58664,0,1.306,0.897,0.9892,0,0.04286,-0.5377,0.7447,0.04719,-0.49
275.20,276.47,276.48,0,-2.92780,0,|r_bal|,cross-domain,0.0000,0.0000,3.407,0,-2.92780,0,1.349,0.4182,0.72,0,1.092,0.5798,0.1004,0.3397,-0.2433
275.60,276.87,276.88,0,-2.94956,0,|r_bal|,cross-domain,0.0000,0.0000,3.381,0,-2.94956,0,0.9615,0.5349,2.114,0,0.8486,1.564,-0.07244,-0.09287,-0.7734
276.00,277.27,277.28,0,-2.57102,0,|r_bal|,cross-domain,0.0000,0.0000,3.394,0,-2.57102,0,1.521,0.991,1.118,0,0.5374,1.636,0.3453,0.1848,-0.3374
276.40,277.67,277.68,0,-2.94926,0,|r_bal|,cross-domain,0.0000,0.0000,3.510,0,-2.94926,0,1.378,0.4921,0.9697,0,0.2607,0.338,-0.01989,-0.9086,-0.9633
276.80,278.07,278.08,0,-2.50147,0,e_rec,cross-domain,0.0000,0.0000,3.398,0,-2.50147,0,0.818,0.4061,2.247,0,-0.1381,-0.9355,0.2993,0.651,-0.613
277.20,278.47,278.48,0,-2.92112,0,|r_aux|,cross-domain,0.0000,0.0000,4.828,0,-2.92112,0,0.7893,0.921,1.115,0,-0.2233,-1.244,0.7782,-0.9216,0.1631
277.60,278.87,278.88,0,-2.04487,0,|r_qp|,cross-domain,0.0000,0.0000,3.542,0,-2.04487,0,0.2727,0.5757,0.9005,0,-1.174,-0.7519,0.4824,1.051,-0.7241
278.00,279.27,279.28,0,-2.57728,0,|r_qp|,cross-domain,0.0000,0.0000,3.415,0,-2.57728,0,0.1435,0.442,2.298,0,-0.4695,-0.4287,0.7922,0.4044,-0.897
278.40,279.67,279.68,0,-2.66878,0,|r_aux|,cross-domain,0.0000,0.0000,3.443,0,-2.66878,0,0.0287,1.07,1.043,0,-0.2719,-0.09387,1.632,0.1782,-0.8469
278.80,280.07,280.08,0,-2.49868,0,e_rec,cross-domain,0.0000,0.0000,3.335,0,-2.49868,0,0.6171,0.5458,0.8218,0,0.4931,0.2757,1.16,1.551,-0.6995
279.20,280.47,280.48,0,-2.64094,0,e_rec,cross-domain,0.0000,0.0000,3.398,0,-2.64094,0,0.287,0.5342,2.148,0,-0.1342,0.5474,1.25,0.5051,-0.02691
279.60,280.87,280.88,0,-2.96283,0,|r_aux|,cross-domain,0.0000,0.0000,3.389,0,-2.96283,0,0.7749,1.079,1.275,0,-0.08365,0.3748,1.645,-1.038,-0.4056
280.00,281.27,281.28,0,-3.00512,0,|r_bal|,cross-domain,0.0000,0.0000,3.357,0,-3.00512,0,0.8324,0.6248,0.9898,0,-0.1159,-0.175,2.282,-0.7799,-0.956
280.40,281.67,281.68,0,-2.72551,0,|r_bal|,cross-domain,0.0000,0.0000,4.975,0,-2.72551,0,0.7893,0.7177,1.934,0,-0.2599,-0.5744,3.625,0.2964,0.5583
280.80,282.07,282.08,0,-2.63633,0,|r_aux|,cross-domain,0.0000,0.0000,3.715,0,-2.63633,0,0.6027,1.306,0.8334,0,0.02994,-0.6064,4.317,0.8087,-0.1224
281.20,282.47,282.48,0,-2.39963,0,e_rec,cross-domain,0.0000,0.0000,3.510,0,-2.39963,0,0.7319,0.8131,0.7325,0,-0.4436,-0.457,4.273,1.151,-0.5515
281.60,282.87,282.88,0,-2.85659,0,|r_qp|,cross-domain,0.0000,0.0000,3.387,0,-2.85659,0,0.4879,0.7942,2.032,0,-0.5568,-0.4905,4.379,-0.3135,-0.8953
282.00,283.27,283.28,0,-2.70341,0,|r_aux|,cross-domain,0.0000,0.0000,3.508,0,-2.70341,0,0.2153,1.348,1.163,0,-0.3767,-0.2297,4.535,0.2474,-0.6467
282.40,283.67,283.68,0,-2.79826,0,|r_aux|,cross-domain,0.0000,0.0000,3.497,0,-2.79826,0,0.1292,0.7289,0.6645,0,-0.3591,0.1469,3.145,0.09955,-0.8033
282.80,284.07,284.08,0,-2.79283,0,|r_qp|,cross-domain,0.0000,0.0000,3.371,0,-2.79283,0,0.01435,0.624,1.85,0,-0.3973,0.3686,2.181,-0.02931,-0.6856
283.20,284.47,284.48,0,-1.32938,0,e_rec,cross-domain,0.0000,0.0000,2.636,0,-1.32938,0,0.818,1.12,0.8776,0,-0.8183,0.2736,1.901,3.307,0.1136
283.60,284.87,284.88,0,-2.75088,0,|r_bal|,cross-domain,0.0000,0.0000,4.787,0,-2.75088,0,1.048,0.6464,0.7877,0,-0.1219,0.4359,2.54,-0.1212,-0.5823
284.00,285.27,285.28,0,-2.74893,0,|r_bal|,cross-domain,0.0000,0.0000,3.431,0,-2.74893,0,0.8467,0.7433,2.248,0,-0.2601,0.5128,3.736,-0.03118,-0.7056
284.40,285.67,285.68,0,-2.91476,0,|r_aux|,cross-domain,0.0000,0.0000,3.405,0,-2.91476,0,0.9615,1.31,1.067,0,0.4325,0.6602,4.174,-0.0171,-0.5387
284.80,286.07,286.08,0,-2.91862,0,|r_bal|,cross-domain,0.0000,0.0000,3.471,0,-2.91862,0,1.492,0.5913,1.238,0,-0.1909,0.07727,2.774,-0.928,-0.8675
285.20,286.47,286.48,0,-3.05563,0,|r_bal|,cross-domain,0.0000,0.0000,3.383,0,-3.05563,0,1.636,0.6814,2.433,0,0.3365,-0.4723,1.093,-0.934,2.405
285.60,286.87,286.88,0,-2.62241,0,|r_bal|,cross-domain,0.0000,0.0000,3.334,0,-2.62241,0,1.162,1.009,1.119,0,0.1925,-0.2154,0.4318,0.02302,-0.6937
286.00,287.27,287.28,0,-2.93768,0,|r_aux|,cross-domain,0.0000,0.0000,3.428,0,-2.93768,0,0.4018,0.5548,0.9508,0,0.5297,-0.09805,0.04548,0.1239,-0.9465
286.40,287.67,287.68,0,-2.48096,0,e_rec,cross-domain,0.0000,0.0000,4.855,0,-2.48096,0,0.6314,0.3589,2.441,0,0.1772,-0.03958,0.2067,1.175,0.00854
286.80,288.07,288.08,0,-2.84414,0,|r_aux|,cross-domain,0.0000,0.0000,3.836,0,-2.84414,0,0.574,0.9645,1.325,0,-0.1898,-0.2269,1.005,-0.6388,-0.3055
287.20,288.47,288.48,0,-2.61177,0,|r_qp|,cross-domain,0.0000,0.0000,3.503,0,-2.61177,0,0.7175,0.3721,0.9468,0,-0.4331,-0.7204,0.5362,0.03058,-0.9277
287.60,288.87,288.88,0,-2.81738,0,|r_aux|,cross-domain,0.0000,0.0000,3.504,0,-2.81738,0,0.5023,0.5292,2.155,0,-0.01532,-1.151,0.5942,0.007018,-0.564
288.00,289.27,289.28,0,-2.58649,0,e_rec,cross-domain,0.0000,0.0000,3.399,0,-2.58649,0,1.062,0.9667,1.096,0,0.4074,-1.2,0.5445,0.6773,-0.3178
288.40,289.67,289.68,0,-2.90164,0,|r_bal|,cross-domain,0.0000,0.0000,3.363,0,-2.90164,0,1.564,0.6026,0.6159,0,0.7293,-0.7534,0.7065,-0.03972,-0.7657
288.80,290.07,290.08,0,-2.29809,0,e_rec,cross-domain,0.0000,0.0000,3.359,0,-2.29809,0,1.937,0.4809,2.149,0,0.423,-0.462,1.441,1.419,-0.9275
289.20,290.47,290.48,0,-2.85677,0,|r_bal|,cross-domain,0.0000,0.0000,3.355,0,-2.85677,0,1.966,1.12,1.146,0,0.6168,0.2545,2.572,-0.4033,-0.8716
289.60,290.87,290.88,0,-2.62230,0,e_rec,cross-domain,0.0000,0.0000,4.747,0,-2.62230,0,0.9472,0.5911,1.244,0,0.7775,1.023,1.85,1.31,-0.8327
290.00,291.27,291.28,0,-2.92828,0,e_rec,cross-domain,0.0000,0.0000,3.457,0,-2.92828,0,0.6888,0.5459,2.665,0,1.157,1.559,1.672,0.8903,-0.6521
290.40,291.67,291.68,0,-3.21883,0,|r_aux|,cross-domain,0.0000,0.0000,3.337,0,-3.21883,0,0.4879,1.096,1.253,0,0.6844,1.357,1.848,-0.7691,-0.1934
290.80,292.07,292.08,0,-2.64483,0,e_rec,cross-domain,0.0000,0.0000,3.475,0,-2.64483,0,0.4592,0.6132,1.106,0,-0.141,0.2923,2.156,0.5201,-0.6554
291.20,292.47,292.48,0,-3.08299,0,|r_aux|,cross-domain,0.0000,0.0000,3.367,0,-3.08299,0,0.7175,0.7004,2.094,0,0.7588,-0.6535,3.288,0.4247,0.05172
291.60,292.87,292.88,0,-3.09509,0,|r_aux|,cross-domain,0.0000,0.0000,3.414,0,-3.09509,0,0.6027,1.261,0.6185,0,0.2098,-1.062,3.658,-0.4718,-0.08582
292.00,293.27,293.28,0,-3.72967,0,|r_aux|,cross-domain,0.0000,0.0000,3.364,0,-3.72967,0,0.1866,0.7287,0.813,0,0.9487,-1.083,3.098,-1.106,-0.9159
292.40,293.67,293.68,0,-3.16343,0,|r_aux|,cross-domain,0.0000,0.0000,3.328,0,-3.16343,0,0.4018,0.7007,1.807,0,0.5847,-1.188,3.298,0.1776,-0.6162
292.80,294.07,294.08,0,-3.11735,0,|r_aux|,cross-domain,0.0000,0.0000,4.707,0,-3.11735,0,0.4449,1.26,0.6941,0,0.387,-0.5968,3.586,-0.331,-0.7634
293.20,294.47,294.48,0,-3.17000,0,|r_bal|,cross-domain,0.0000,0.0000,3.447,0,-3.17000,0,1.148,0.7145,0.5957,0,0.3648,0.3236,3.209,-0.8175,-0.9533
293.60,294.87,294.88,0,-2.74451,0,e_rec,cross-domain,0.0000,0.0000,3.401,0,-2.74451,0,0.4736,0.6553,1.916,0,0.388,0.9837,2.645,0.8432,-0.6098
294.00,295.27,295.28,0,-3.40192,0,|r_aux|,cross-domain,0.0000,0.0000,3.348,0,-3.40192,0,0.4449,1.172,1.062,0,0.9476,0.6312,2.654,-0.8068,-0.6162
294.40,295.67,295.68,0,-3.05779,0,|r_bal|,cross-domain,0.0000,0.0000,3.338,0,-3.05779,0,0.5884,0.4849,1.148,0,0.775,-0.4147,1.782,0.373,-0.9179
294.80,296.07,296.08,0,-3.07368,0,|r_bal|,cross-domain,0.0000,0.0000,3.337,0,-3.07368,0,0.9328,0.5944,2.78,0,0.4543,-1.259,1.084,-0.444,-0.8465
295.20,296.47,296.48,0,-3.07105,0,|r_bal|,cross-domain,0.0000,0.0000,3.422,0,-3.07105,0,1.234,0.9851,1.525,0,0.4373,-1.193,0.5058,-0.9927,-0.567
295.60,296.87,296.88,0,-2.99631,0,|r_bal|,cross-domain,0.0000,0.0000,3.973,0,-2.99631,0,1.019,0.6851,0.8695,0,0.9044,-0.7078,1.727,0.3645,-0.8757
296.00,297.27,297.28,0,-2.74120,0,e_rec,cross-domain,0.0000,0.0000,3.618,0,-2.74120,0,1.162,0.6717,2.186,0,0.794,-0.3826,3.775,1.307,-0.9004
296.40,297.67,297.68,0,-3.15053,0,|r_aux|,cross-domain,0.0000,0.0000,3.353,0,-3.15053,0,0.7606,1.358,1.253,0,1.04,-0.179,5.17,0.3955,-0.7705
296.80,298.07,298.08,0,-3.21883,0,|r_aux|,cross-domain,0.0000,0.0000,3.327,0,-3.21883,0,0.4305,0.7117,0.9763,0,0.03486,0.1473,3.193,-0.9294,-0.968
297.20,298.47,298.48,0,-2.57752,0,e_rec,cross-domain,0.0000,0.0000,3.305,0,-2.57752,0,-0.1148,0.589,2.133,0,-0.2217,0.3919,1.368,0.8918,0.5007
297.60,298.87,298.88,0,-2.50021,0,e_rec,cross-domain,0.0000,0.0000,3.438,0,-2.50021,0,0.1148,1.017,0.7127,0,-0.1462,0.3896,0.8441,0.6868,-0.1809
298.00,299.27,299.28,0,-2.76626,0,|r_aux|,cross-domain,0.0000,0.0000,3.339,0,-2.76626,0,0.2583,0.4205,0.5581,0,-0.1271,-0.3123,0.3611,0.1202,-0.7435
298.40,299.67,299.68,0,-2.92044,0,|r_qp|,cross-domain,0.0000,0.0000,3.377,0,-2.92044,0,0.5453,0.4364,1.777,0,-0.3133,-0.8871,0.2107,-0.7479,-0.08615
