t_s,phase,proc_cpu_pct,proc_rss_MiB,sys_cpu_pct,sys_mem_used_MiB,ram_used_MiB,gpu_load_pct,vdd_in_mW,vdd_cpu_gpu_cv_mW,vdd_soc_mW,cpu_temp_C,tj_temp_C
0.507,calibration,99.1,146.4921875,38.3,1793.890625,,,,,,,
1.009,calibration,99.6,163.11328125,35.8,1803.94921875,1918.0,5.0,4752.0,1355.0,1158.0,46.0,46.0
1.517,features,100.5,161.453125,24.1,1811.78515625,1928.0,5.0,4864.0,1472.0,1156.0,45.937,45.937
2.021,features,99.2,192.140625,18.0,1831.60546875,1936.0,0.0,4560.0,1198.0,1158.0,45.625,45.843
2.522,features,99.7,208.01171875,17.6,1847.30078125,1955.0,0.0,4407.0,1080.0,1161.0,45.625,45.812
3.024,features,97.7,207.5390625,32.2,1853.01953125,1955.0,0.0,4407.0,1040.0,1160.0,45.75,45.781
3.527,features,101.5,220.7421875,36.1,1872.40234375,1981.0,4.0,4752.0,1355.0,1156.0,46.0,46.0
4.029,features,99.5,247.44921875,29.8,1905.9375,1998.0,22.0,4904.0,1472.0,1196.0,45.906,45.906
4.531,features,99.6,262.0546875,39.3,1922.36328125,2032.0,26.0,4792.0,1355.0,1196.0,45.906,46.031
5.034,features,97.5,273.921875,19.1,1933.1875,2046.0,0.0,5023.0,1515.0,1196.0,45.687,46.062
5.535,features,99.7,282.51953125,18.2,1937.6171875,2057.0,0.0,4560.0,1158.0,1160.0,45.781,46.0
6.039,features,99.2,281.75,17.9,1949.0,2062.0,0.0,4447.0,1040.0,1160.0,45.812,46.0
6.542,features,99.4,313.8125,18.1,1972.7421875,2076.0,0.0,4407.0,1040.0,1160.0,45.812,45.906
7.044,features,101.6,323.92578125,18.3,1981.109375,2096.0,0.0,4400.0,1000.0,1160.0,46.093,46.093
7.547,features,97.5,334.34375,18.3,2015.99609375,2105.0,0.0,4366.0,1000.0,1160.0,45.781,45.843
8.049,features,101.6,346.546875,19.7,2028.36328125,2132.0,0.0,4326.0,1001.0,1161.0,45.75,45.75
8.551,features,99.6,348.16015625,17.7,2035.6171875,2156.0,0.0,4366.0,1040.0,1161.0,45.75,46.031
9.054,train:DC1,99.3,463.484375,20.3,2145.75,2195.0,0.0,4326.0,1001.0,1161.0,45.687,45.812
9.556,train:DC1,97.6,463.48828125,17.3,2140.16796875,2269.0,0.0,4366.0,1040.0,1161.0,45.812,45.843
10.058,train:DC1,101.6,463.4921875,19.0,2140.3359375,2264.0,36.0,4366.0,1000.0,1160.0,45.843,45.875
10.560,train:DC1,99.6,461.2421875,20.9,2136.6875,2264.0,0.0,4326.0,1000.0,1161.0,46.0,46.0
11.062,train:DC1,99.6,454.74609375,18.6,2130.42578125,2255.0,0.0,4366.0,1040.0,1160.0,45.937,45.937
11.564,train:DC1,101.6,448.24609375,21.0,2127.44921875,2254.0,0.0,4326.0,1000.0,1161.0,45.875,45.906
12.065,train:DC1,99.6,434.26171875,17.3,2111.58203125,2251.0,0.0,4366.0,1000.0,1160.0,45.875,45.875
12.567,train:DC1,99.7,417.33203125,18.1,2123.32421875,2251.0,0.0,4366.0,1000.0,1160.0,46.031,46.031
13.069,train:DC2,99.7,439.98828125,17.1,2113.8359375,2245.0,0.0,4326.0,1001.0,1161.0,45.75,45.812
13.571,train:DC2,99.6,429.0234375,17.6,2119.46484375,2245.0,0.0,4286.0,961.0,1161.0,45.812,45.812
14.073,train:DC2,99.6,416.64453125,17.8,2103.71484375,2243.0,0.0,4286.0,961.0,1161.0,45.968,45.968
14.575,train:DC2,99.6,404.45703125,17.3,2108.77734375,2231.0,0.0,4326.0,1001.0,1161.0,45.812,45.937
15.077,train:DC2,101.6,388.42578125,19.1,2116.75,2233.0,0.0,4366.0,1000.0,1160.0,45.781,45.968
15.579,train:DC2,99.6,463.5234375,21.1,2114.734375,2240.0,0.0,4326.0,1001.0,1161.0,45.75,45.812
16.080,train:DC2,99.6,463.5234375,19.8,2110.734375,2230.0,0.0,4326.0,1000.0,1161.0,46.031,46.031
16.582,train:DC2,99.7,463.5234375,18.3,2106.67578125,2227.0,0.0,4326.0,1001.0,1161.0,45.718,45.718
17.084,train:DC2,99.6,445.390625,17.8,2099.09765625,2223.0,0.0,4326.0,1001.0,1161.0,45.906,45.906
17.586,train:DC3,99.6,463.5234375,17.8,2105.4609375,2223.0,0.0,4366.0,1000.0,1160.0,45.812,45.937
18.088,train:DC3,101.6,463.5546875,17.7,2109.0625,2218.0,0.0,4326.0,1001.0,1161.0,45.781,45.843
18.590,train:DC3,99.6,463.5546875,18.1,2107.4453125,2233.0,0.0,4326.0,1001.0,1161.0,45.75,45.75
19.091,train:DC3,99.7,463.5546875,16.8,2103.5703125,2223.0,0.0,4326.0,1001.0,1161.0,45.687,45.843
19.593,train:DC3,99.6,455.0,17.9,2096.03515625,2227.0,0.0,4326.0,1001.0,1161.0,46.0,46.0
20.095,train:DC3,99.6,450.3046875,17.4,2094.73046875,2227.0,0.0,4326.0,1001.0,1161.0,45.968,45.968
20.597,train:DC3,99.6,437.6640625,20.0,2109.86328125,2234.0,0.0,4326.0,1001.0,1161.0,45.875,45.875
21.099,train:DC3,99.6,422.46875,18.3,2094.2421875,2234.0,0.0,4326.0,1001.0,1161.0,45.812,45.812
21.601,train:DC4,101.6,441.80859375,17.6,2094.109375,2218.0,0.0,4286.0,1001.0,1161.0,46.0,46.0
22.103,train:DC4,97.7,429.05859375,20.5,2101.88671875,2233.0,0.0,4286.0,961.0,1161.0,45.843,45.843
22.605,train:DC4,101.6,416.6796875,19.7,2097.4375,2226.0,0.0,4366.0,1000.0,1160.0,45.812,45.812
23.107,train:DC4,99.6,405.97265625,17.1,2097.6953125,2229.0,0.0,4326.0,960.0,1161.0,45.75,45.781
23.608,train:DC4,101.6,391.80859375,17.1,2097.6875,2225.0,0.0,4286.0,961.0,1161.0,45.875,45.875
24.120,train:DC4,99.6,384.6015625,18.6,2105.16796875,2221.0,0.0,4286.0,961.0,1161.0,45.718,45.843
24.625,train:DC4,97.2,463.57421875,17.4,2105.16796875,2229.0,0.0,4286.0,961.0,1161.0,45.968,45.968
25.126,train:DC4,101.7,463.57421875,17.5,2101.19140625,2224.0,0.0,4286.0,961.0,1161.0,46.031,46.031
25.628,train:DC4,97.6,445.44140625,17.6,2094.4296875,2218.0,0.0,4293.0,961.0,1161.0,45.781,45.937
26.130,train:DC5,101.6,463.57421875,17.0,2102.05859375,2210.0,0.0,4286.0,961.0,1161.0,45.843,45.843
26.632,train:DC5,99.7,463.57421875,17.3,2102.05859375,2226.0,0.0,4286.0,961.0,1161.0,45.75,45.781
27.133,train:DC5,101.7,463.57421875,17.9,2101.875,2218.0,0.0,4286.0,961.0,1161.0,46.031,46.031
27.635,train:DC5,99.6,463.57421875,17.3,2105.56640625,2222.0,0.0,4286.0,1001.0,1161.0,45.687,45.687
28.137,train:DC5,99.6,461.32421875,17.5,2105.3203125,2222.0,0.0,4286.0,1001.0,1161.0,45.812,45.968
28.639,train:DC5,99.6,450.32421875,17.7,2105.3125,2229.0,0.0,4366.0,1000.0,1160.0,45.781,45.781
29.141,train:DC5,99.6,441.82421875,17.5,2089.5625,2229.0,0.0,4326.0,1001.0,1161.0,45.812,45.843
29.643,train:DC5,99.6,422.48828125,18.1,2093.4765625,2229.0,0.0,4286.0,961.0,1161.0,45.781,45.781
30.145,train:DC6,101.7,441.82421875,18.3,2093.67578125,2217.0,0.0,4326.0,1000.0,1160.0,45.843,45.843
30.647,train:DC6,97.6,427.08984375,18.2,2093.4296875,2225.0,0.0,4326.0,1000.0,1161.0,46.062,46.062
31.149,train:DC6,101.6,410.5859375,17.8,2108.93359375,2233.0,0.0,4326.0,1000.0,1161.0,45.812,45.812
31.650,train:DC6,99.7,396.5234375,17.2,2095.69921875,2233.0,0.0,4326.0,1001.0,1161.0,45.875,45.875
32.158,train:DC6,100.5,384.6171875,17.2,2092.20703125,2223.0,0.0,4286.0,1001.0,1161.0,45.781,45.875
32.659,train:DC6,97.7,463.58984375,17.1,2099.53125,2216.0,0.0,4286.0,961.0,1161.0,46.062,46.062
33.161,train:DC6,99.7,463.60546875,18.0,2099.28515625,2216.0,0.0,4286.0,961.0,1161.0,45.656,45.843
33.663,train:DC6,99.7,463.60546875,18.3,2099.28515625,2223.0,0.0,4326.0,1001.0,1161.0,45.906,45.906
34.164,train:DC6,101.7,445.47265625,17.8,2083.53515625,2207.0,0.0,4326.0,1000.0,1160.0,45.625,45.968
34.666,train:DC1,99.6,463.60546875,17.3,2099.03125,2207.0,0.0,4326.0,1001.0,1161.0,45.781,45.843
35.168,train:DC1,99.7,463.60546875,17.7,2098.78515625,2215.0,0.0,4326.0,961.0,1161.0,45.718,45.781
35.670,train:DC1,101.6,461.35546875,17.1,2098.78515625,2223.0,0.0,4286.0,961.0,1161.0,45.718,45.812
36.171,train:DC1,97.7,450.35546875,17.2,2091.05859375,2215.0,0.0,4286.0,1001.0,1161.0,46.0,46.0
36.673,train:DC1,99.7,441.85546875,17.5,2090.98046875,2215.0,0.0,4286.0,1001.0,1161.0,45.75,45.75
37.175,train:DC1,99.7,429.10546875,17.1,2090.984375,2222.0,0.0,4286.0,961.0,1161.0,45.843,45.906
37.677,train:DC1,101.6,414.046875,17.3,2090.8359375,2222.0,0.0,4286.0,961.0,1161.0,45.812,45.812
38.179,train:DC1,99.6,397.53515625,17.4,2098.46484375,2222.0,0.0,4286.0,961.0,1161.0,46.156,46.156
38.681,train:DC2,101.6,415.45703125,17.1,2090.7265625,2222.0,0.0,4286.0,1001.0,1161.0,45.812,45.812
39.182,train:DC2,99.7,398.04296875,18.7,2098.20703125,2222.0,0.0,4286.0,961.0,1161.0,45.937,45.937
39.689,train:DC2,98.7,384.6328125,18.6,2017.68359375,2222.0,0.0,4326.0,961.0,1161.0,45.968,45.968
40.191,train:DC2,99.6,463.60546875,18.2,2097.171875,2221.0,0.0,4286.0,961.0,1161.0,45.843,46.031
40.693,train:DC2,99.6,463.60546875,19.7,2104.80078125,2221.0,0.0,4286.0,961.0,1161.0,45.593,45.968
41.194,train:DC2,97.7,463.60546875,19.7,2112.4296875,2228.0,0.0,4326.0,1000.0,1161.0,45.562,45.812
41.696,train:DC2,101.6,463.60546875,18.9,2112.4296875,2236.0,0.0,4326.0,1000.0,1161.0,45.781,45.687
42.198,train:DC2,99.6,461.35546875,17.7,2112.1796875,2221.0,0.0,4326.0,1001.0,1161.0,45.687,45.843
42.700,train:DC2,99.6,445.47265625,17.9,2112.1796875,2236.0,0.0,4286.0,961.0,1161.0,45.625,45.75
43.202,train:DC3,101.7,463.60546875,17.2,2111.93359375,2228.0,0.0,4286.0,1001.0,1161.0,45.531,45.875
43.704,train:DC3,97.6,459.328125,17.9,2111.93359375,2236.0,0.0,4286.0,1001.0,1161.0,45.5,45.718
44.205,train:DC3,99.6,450.35546875,18.2,2097.90625,2220.0,0.0,4286.0,1001.0,1161.0,45.625,45.843
44.707,train:DC3,99.7,441.85546875,18.2,2107.6796875,2227.0,0.0,4360.0,1000.0,1160.0,45.562,45.812
45.209,train:DC3,101.6,429.10546875,19.7,2099.953125,2224.0,0.0,4326.0,1000.0,1160.0,45.656,45.812
45.711,train:DC3,99.7,416.7265625,18.9,2099.5703125,2231.0,0.0,4366.0,1000.0,1160.0,45.625,45.843
46.212,train:DC3,99.6,404.5390625,18.1,2095.83203125,2227.0,0.0,4326.0,1000.0,1161.0,45.625,45.812
46.714,train:DC3,99.7,384.6328125,19.1,2095.6953125,2227.0,4.0,4366.0,1000.0,1160.0,45.468,45.75
47.216,train:DC4,99.6,410.48046875,17.3,2095.68359375,2219.0,0.0,4326.0,1001.0,1161.0,45.718,45.812
47.718,train:DC4,99.6,396.5390625,17.6,2083.93359375,2223.0,0.0,4286.0,961.0,1161.0,45.75,45.75
48.227,train:DC4,100.3,384.6328125,18.5,2099.4375,2223.0,0.0,4286.0,1001.0,1161.0,45.562,45.75
48.731,train:DC4,101.1,463.60546875,17.3,2099.4375,2223.0,0.0,4286.0,1001.0,1161.0,45.656,45.812
49.233,train:DC4,99.7,463.60546875,18.2,2097.28515625,2221.0,0.0,4286.0,1001.0,1161.0,45.562,45.875
49.734,train:DC4,97.7,463.60546875,18.3,2106.8828125,2223.0,0.0,4286.0,1001.0,1161.0,45.531,45.781
50.236,train:DC4,101.6,463.60546875,17.6,2099.15625,2223.0,0.0,4326.0,960.0,1161.0,45.5,45.781
50.738,train:DC4,99.7,463.60546875,17.5,2099.23828125,2223.0,0.0,4326.0,960.0,1160.0,45.625,45.906
51.240,train:DC4,99.6,445.47265625,17.7,2091.375,2215.0,0.0,4286.0,1000.0,1161.0,45.562,45.75
51.741,train:DC5,99.6,463.60546875,17.3,2099.0546875,2219.0,0.0,4286.0,961.0,1161.0,45.562,45.843
52.245,train:DC5,101.2,461.35546875,18.2,2102.74609375,2212.0,0.0,4286.0,961.0,1161.0,45.406,45.75
52.747,train:DC5,99.6,450.35546875,16.7,2095.41015625,2219.0,0.0,4286.0,961.0,1161.0,45.718,45.843
53.249,train:DC5,99.7,441.85546875,17.6,2091.375,2215.0,0.0,4286.0,961.0,1161.0,45.656,45.75
53.751,train:DC5,99.6,429.10546875,17.0,2091.375,2215.0,0.0,4286.0,961.0,1161.0,45.625,45.812
54.252,train:DC5,101.7,416.7265625,17.6,2098.85546875,2223.0,0.0,4286.0,1001.0,1161.0,45.531,45.968
54.754,train:DC5,97.6,404.5390625,16.7,2090.9921875,2215.0,0.0,4286.0,1001.0,1161.0,45.5,45.812
55.256,train:DC5,99.7,391.03515625,17.9,2094.8828125,2222.0,0.0,4326.0,1000.0,1161.0,45.625,45.781
55.758,train:DC6,101.6,410.6015625,17.3,2086.19140625,2210.0,0.0,4286.0,961.0,1161.0,45.562,45.718
56.259,train:DC6,99.7,396.5390625,17.1,2101.79296875,2226.0,0.0,4326.0,1000.0,1160.0,45.625,45.625
56.764,train:DC6,99.2,384.6328125,16.9,2093.25,2225.0,0.0,4326.0,961.0,1161.0,45.593,45.875
57.265,train:DC6,99.7,463.60546875,17.3,2100.5625,2224.0,0.0,4286.0,961.0,1161.0,45.593,45.75
57.767,train:DC6,99.6,463.60546875,17.7,2100.31640625,2224.0,0.0,4286.0,961.0,1161.0,45.468,45.781
58.269,train:DC6,101.7,463.60546875,17.9,2100.0703125,2224.0,0.0,4286.0,961.0,1161.0,45.687,45.687
58.771,train:DC6,99.6,463.60546875,16.7,2099.828125,2224.0,0.0,4286.0,961.0,1161.0,45.781,45.843
59.272,train:DC6,97.7,463.60546875,17.3,2095.953125,2220.0,0.0,4286.0,961.0,1161.0,45.625,45.875
59.774,train:DC6,101.6,445.47265625,16.7,2082.171875,2206.0,0.0,4286.0,961.0,1161.0,45.468,45.843
60.276,train:DC1,97.7,463.60546875,17.9,2097.67578125,2221.0,0.0,4286.0,961.0,1161.0,45.468,45.812
60.778,train:DC1,101.6,455.875,17.4,2091.62890625,2215.0,0.0,4366.0,1000.0,1160.0,45.718,45.812
61.280,train:DC1,99.7,450.35546875,19.4,2091.62890625,2215.0,0.0,4366.0,1000.0,1160.0,45.625,45.718
61.783,train:DC1,101.3,435.35546875,18.7,2091.04296875,2215.0,0.0,4366.0,1000.0,1160.0,45.687,45.75
62.285,train:DC1,99.7,422.85546875,18.3,2098.76953125,2215.0,0.0,4366.0,1000.0,1160.0,45.687,45.75
62.786,train:DC1,99.6,409.07421875,18.4,2090.90234375,2222.0,0.0,4326.0,1000.0,1161.0,45.562,45.875
63.288,train:DC1,99.7,388.8828125,19.5,2087.90234375,2215.0,0.0,4326.0,1000.0,1160.0,45.593,45.843
63.790,train:DC1,101.6,463.60546875,21.7,2103.25,2212.0,0.0,4326.0,1000.0,1161.0,45.531,45.781
64.292,train:DC2,97.7,394.76953125,20.3,2095.375,2227.0,0.0,4366.0,1000.0,1160.0,45.75,45.75
64.794,train:DC2,99.6,384.6328125,24.2,2087.7578125,2219.0,0.0,4286.0,1000.0,1161.0,45.656,45.875
65.312,train:DC2,100.3,463.60546875,23.0,2095.4375,2211.0,0.0,4326.0,1000.0,1160.0,45.625,45.718
65.814,train:DC2,101.6,463.60546875,20.9,2096.73046875,2219.0,0.0,4326.0,1000.0,1160.0,45.531,45.906
66.316,train:DC2,97.6,463.60546875,18.2,2092.8515625,2220.0,0.0,4326.0,1000.0,1161.0,45.687,45.906
66.818,train:DC2,101.7,463.60546875,19.6,2092.84765625,2217.0,0.0,4326.0,960.0,1161.0,45.687,45.906
67.320,train:DC2,97.6,461.35546875,17.8,2092.84765625,2217.0,0.0,4326.0,1000.0,1160.0,45.468,45.781
67.822,train:DC2,101.6,451.4609375,18.0,2088.97265625,2217.0,0.0,4326.0,961.0,1161.0,45.875,45.875
68.324,train:DC2,97.7,437.796875,17.8,2081.4921875,2213.0,0.0,4326.0,1000.0,1161.0,45.75,45.75
68.825,train:DC3,101.6,454.85546875,18.0,2088.97265625,2205.0,0.0,4326.0,1001.0,1161.0,45.781,45.906
69.327,train:DC3,99.6,446.578125,17.8,2096.84765625,2213.0,0.0,4326.0,1000.0,1161.0,45.593,45.843
69.829,train:DC3,99.6,433.359375,17.9,2081.2265625,2221.0,0.0,4326.0,1001.0,1161.0,45.656,45.843
70.331,train:DC3,99.6,416.7265625,19.3,2096.6015625,2205.0,0.0,4286.0,961.0,1161.0,45.656,45.781
70.833,train:DC3,99.7,404.5390625,22.5,2088.875,2220.0,0.0,4326.0,1000.0,1161.0,45.656,45.75
71.335,train:DC3,99.7,388.5078125,26.1,2089.46484375,2213.0,0.0,4366.0,1000.0,1160.0,45.812,45.812
71.837,train:DC3,99.6,463.60546875,22.6,2176.98046875,2237.0,0.0,4366.0,1000.0,1160.0,45.5,45.843
72.339,train:DC3,99.6,463.60546875,19.1,2176.98046875,2301.0,0.0,4366.0,1000.0,1160.0,45.593,45.75
72.847,train:DC3,102.4,384.6328125,20.0,2169.0,2301.0,0.0,4366.0,1000.0,1160.0,45.593,45.843
73.354,train:DC4,98.5,463.60546875,17.1,2168.8515625,2293.0,0.0,4326.0,1000.0,1161.0,45.75,45.75
73.856,train:DC4,99.7,463.60546875,18.8,2160.9765625,2293.0,0.0,4326.0,1000.0,1161.0,45.843,45.843
74.357,train:DC4,97.7,463.60546875,17.7,2160.73046875,2285.0,0.0,4366.0,1040.0,1160.0,45.625,45.718
74.859,train:DC4,101.6,463.60546875,18.0,2149.96875,2284.0,0.0,4366.0,1000.0,1160.0,45.562,45.906
75.361,train:DC4,99.6,461.35546875,18.0,2142.07421875,2274.0,0.0,4366.0,1000.0,1160.0,45.593,45.937
75.863,train:DC4,99.7,454.85546875,18.0,2132.69140625,2266.0,0.0,4326.0,1000.0,1160.0,45.687,45.812
76.365,train:DC4,99.6,448.35546875,18.7,2124.96484375,2256.0,0.0,4326.0,1000.0,1160.0,45.593,45.906
76.867,train:DC4,99.6,433.08203125,18.6,2119.74609375,2256.0,0.0,4366.0,1000.0,1160.0,45.718,45.75
77.369,train:DC5,101.6,450.35546875,19.4,2119.74609375,2243.0,0.0,4326.0,1000.0,1160.0,45.562,45.968
77.870,train:DC5,97.7,435.35546875,19.4,2098.8828125,2254.0,0.0,4326.0,1000.0,1160.0,45.625,45.937
78.372,train:DC5,101.6,422.85546875,18.2,2097.90625,2246.0,0.0,4286.0,961.0,1161.0,45.593,45.906
78.874,train:DC5,97.7,404.87109375,17.7,2117.33203125,2241.0,0.0,4286.0,961.0,1161.0,45.625,45.812
79.376,train:DC5,97.6,388.5078125,17.2,2113.60546875,2245.0,0.0,4286.0,1001.0,1161.0,45.968,45.968
79.877,train:DC5,97.7,463.60546875,18.0,2117.49609375,2234.0,0.0,4326.0,1001.0,1161.0,45.625,45.875
80.379,train:DC5,99.7,463.60546875,17.3,2126.109375,2234.0,0.0,4326.0,1000.0,1161.0,45.843,45.968
80.881,train:DC5,99.6,463.60546875,17.4,2119.56640625,2243.0,0.0,4326.0,1000.0,1161.0,45.656,46.0
81.383,train:DC5,99.7,445.47265625,17.2,2111.84765625,2243.0,0.0,4326.0,1000.0,1161.0,45.625,45.812
81.884,train:DC6,97.6,463.60546875,17.7,2114.05859375,2230.0,0.0,4326.0,1000.0,1160.0,45.593,45.781
82.386,train:DC6,99.7,463.60546875,17.3,2113.8125,2231.0,0.0,4326.0,1000.0,1161.0,45.75,45.781
82.888,train:DC6,95.7,461.35546875,17.8,2107.53515625,2235.0,0.0,4326.0,1000.0,1161.0,45.875,45.875
83.390,train:DC6,99.6,450.35546875,17.1,2103.5,2233.0,0.0,4326.0,1000.0,1160.0,45.781,46.031
83.891,train:DC6,97.7,435.35546875,17.6,2112.91796875,2241.0,0.0,4326.0,1000.0,1160.0,45.625,45.906
84.393,train:DC6,99.7,422.85546875,17.6,2105.4375,2237.0,0.0,4326.0,1000.0,1160.0,45.625,45.875
84.895,train:DC6,99.7,404.5390625,17.3,2099.5,2227.0,0.0,4286.0,961.0,1161.0,45.906,45.906
85.396,train:DC6,99.7,384.6328125,17.7,2106.98046875,2223.0,0.0,4326.0,1000.0,1161.0,45.656,45.75
85.898,train:DC1,97.7,404.5390625,18.0,2097.7421875,2229.0,0.0,4286.0,961.0,1161.0,45.781,46.0
86.400,train:DC1,99.7,387.859375,19.1,2105.22265625,2221.0,0.0,4286.0,961.0,1161.0,45.656,45.875
86.902,train:DC1,97.6,463.60546875,18.3,2103.515625,2228.0,0.0,4366.0,1000.0,1160.0,45.687,45.843
87.403,train:DC1,97.7,463.60546875,19.1,2101.91015625,2212.0,0.0,4326.0,1000.0,1160.0,45.593,45.843
87.905,train:DC1,99.6,463.60546875,17.8,2099.98046875,2220.0,0.0,4326.0,1000.0,1160.0,45.843,46.0
88.407,train:DC1,97.6,463.60546875,18.2,2123.60546875,2216.0,0.0,4326.0,1000.0,1161.0,45.718,45.781
88.909,train:DC1,101.6,454.85546875,17.6,2137.875,2246.0,0.0,4366.0,1000.0,1160.0,45.687,45.906
89.411,train:DC1,97.6,444.0,18.0,2082.8359375,2265.0,0.0,4326.0,1000.0,1161.0,45.718,45.843
89.913,train:DC1,97.6,424.75390625,18.0,2103.25390625,2227.0,0.0,4326.0,1000.0,1160.0,45.625,45.875
90.416,train:DC2,99.5,441.85546875,18.1,2099.2109375,2250.0,0.0,4326.0,1000.0,1161.0,45.781,45.812
90.918,train:DC2,97.6,422.859375,17.5,2082.66796875,2222.0,0.0,4286.0,1000.0,1161.0,45.593,45.812
91.420,train:DC2,99.6,409.15234375,17.4,2098.00390625,2222.0,0.0,4286.0,961.0,1161.0,45.781,45.781
91.922,train:DC2,99.6,388.5078125,17.3,2090.24609375,2222.0,0.0,4326.0,1000.0,1160.0,45.812,46.0
92.423,train:DC2,97.7,463.60546875,18.3,2097.7265625,2214.0,0.0,4326.0,1000.0,1161.0,45.687,45.812
92.925,train:DC2,101.6,463.60546875,17.3,2097.7265625,2221.0,0.0,4286.0,961.0,1161.0,45.531,45.843
93.427,train:DC2,95.6,463.60546875,17.4,2097.54296875,2214.0,0.0,4286.0,961.0,1161.0,45.656,45.781
93.929,train:DC2,99.6,463.60546875,17.6,2097.29296875,2206.0,0.0,4366.0,1000.0,1160.0,45.875,45.875
94.431,train:DC2,97.6,445.47265625,17.6,2105.16796875,2229.0,0.0,4326.0,1000.0,1161.0,45.625,45.843
94.933,train:DC3,99.6,463.60546875,17.8,2104.921875,2213.0,0.0,4286.0,1001.0,1161.0,45.687,46.0
95.435,train:DC3,97.7,456.62890625,17.7,2104.921875,2229.0,0.0,4326.0,1000.0,1161.0,45.593,45.812
95.937,train:DC3,101.6,450.35546875,17.1,2096.1953125,2228.0,0.0,4326.0,1000.0,1161.0,46.0,46.0
96.439,train:DC3,97.5,435.35546875,17.7,2103.82421875,2228.0,0.0,4326.0,1000.0,1161.0,45.625,45.656
96.941,train:DC3,99.6,422.85546875,17.8,2095.72265625,2227.0,0.0,4326.0,960.0,1161.0,45.75,45.75
97.443,train:DC3,97.6,404.5390625,17.4,2126.828125,2227.0,0.0,4326.0,960.0,1161.0,45.906,45.906
97.945,train:DC3,99.6,386.734375,17.2,2090.21484375,2253.0,0.0,4286.0,961.0,1161.0,45.656,45.843
98.447,train:DC3,97.6,463.60546875,18.1,2105.71875,2222.0,0.0,4286.0,1001.0,1161.0,45.562,45.937
98.949,train:DC4,99.7,384.6328125,16.9,2097.984375,2229.0,0.0,4286.0,1001.0,1161.0,45.593,45.781
99.451,train:DC4,99.7,463.60546875,17.7,2101.52734375,2222.0,0.0,4326.0,1000.0,1160.0,45.875,45.875
99.953,train:DC4,97.6,463.60546875,17.4,2101.52734375,2218.0,0.0,4286.0,961.0,1161.0,45.562,45.687
100.455,train:DC4,99.6,463.60546875,17.4,2101.28125,2218.0,0.0,4286.0,961.0,1161.0,45.687,45.843
100.956,train:DC4,99.6,463.60546875,18.7,2132.53515625,2241.0,0.0,4326.0,1000.0,1161.0,45.531,45.906
101.458,train:DC4,99.6,455.55078125,17.9,2094.453125,2217.0,0.0,4286.0,961.0,1161.0,45.625,45.875
101.968,train:DC4,100.0,448.35546875,17.7,2096.46875,2216.0,0.0,4326.0,1000.0,1160.0,45.562,45.781
102.470,train:DC4,97.6,435.015625,18.2,2091.30859375,2222.0,0.0,4326.0,1000.0,1160.0,45.687,45.718
102.972,train:DC4,97.6,415.3671875,17.1,2098.7890625,2230.0,0.0,4326.0,1001.0,1161.0,45.937,45.937
103.474,train:DC5,99.6,434.484375,17.3,2098.7890625,2223.0,0.0,4286.0,1001.0,1161.0,45.656,45.906
103.976,train:DC5,99.6,416.7265625,17.3,2091.171875,2223.0,0.0,4286.0,961.0,1161.0,45.718,45.812
104.478,train:DC5,97.6,399.4296875,17.7,2091.125,2223.0,0.0,4326.0,1000.0,1161.0,45.656,45.875
104.985,train:DC5,98.6,384.6328125,17.7,2098.74609375,2222.0,0.0,4366.0,1000.0,1160.0,45.875,45.875
105.489,train:DC5,99.1,463.60546875,17.3,2106.2265625,2230.0,0.0,4326.0,1000.0,1161.0,45.531,45.781
105.991,train:DC5,99.6,463.60546875,17.6,2165.10546875,2281.0,0.0,4326.0,1000.0,1161.0,45.656,45.718
106.493,train:DC5,99.6,463.60546875,18.1,2165.10546875,2289.0,0.0,4286.0,961.0,1161.0,45.625,45.906
106.995,train:DC5,99.6,463.60546875,19.5,2165.09765625,2289.0,0.0,4326.0,1000.0,1160.0,45.5,45.812
107.498,train:DC5,99.5,445.47265625,19.0,2165.34375,2289.0,0.0,4286.0,961.0,1161.0,45.468,45.812
108.000,train:DC6,99.6,463.60546875,18.2,2116.4140625,2220.0,0.0,4286.0,961.0,1161.0,45.593,45.75
108.502,train:DC6,99.6,461.35546875,20.2,2116.4140625,2240.0,0.0,4286.0,961.0,1161.0,45.75,45.75
109.004,train:DC6,97.7,450.35546875,20.5,2100.79296875,2225.0,0.0,4326.0,1000.0,1161.0,45.625,45.75
109.506,train:DC6,97.7,437.35546875,17.3,2115.921875,2240.0,0.0,4326.0,1000.0,1161.0,45.718,46.031
110.008,train:DC6,101.6,422.85546875,17.8,2108.05859375,2240.0,0.0,4326.0,1000.0,1161.0,45.625,45.875
110.510,train:DC6,97.6,410.6015625,17.8,2096.1015625,2267.0,0.0,4360.0,1000.0,1160.0,45.468,45.781
111.012,train:DC6,101.6,396.5390625,17.4,2143.0546875,2267.0,0.0,4326.0,1000.0,1160.0,45.5,45.718
111.520,train:DC6,100.4,384.6328125,17.8,2127.43359375,2267.0,0.0,4326.0,1000.0,1161.0,45.562,45.75
112.024,train:DC1,97.1,403.07421875,17.4,2129.02734375,2253.0,0.0,4326.0,1000.0,1160.0,45.718,45.718
112.526,train:DC1,101.6,387.48046875,18.1,2136.796875,2268.0,0.0,4326.0,1000.0,1160.0,45.562,45.906
113.028,train:DC1,99.7,463.60546875,21.5,2144.27734375,2268.0,0.0,4366.0,1000.0,1160.0,45.625,45.812
113.529,train:DC1,99.7,463.60546875,20.1,2144.27734375,2268.0,0.0,4326.0,1000.0,1160.0,45.531,45.75
114.031,train:DC1,99.6,463.60546875,17.9,2144.09375,2264.0,0.0,4286.0,961.0,1161.0,45.812,45.875
114.533,train:DC1,99.7,463.60546875,17.6,2147.77734375,2264.0,0.0,4286.0,961.0,1161.0,45.593,45.687
115.035,train:DC1,99.6,463.60546875,17.3,2143.90234375,2268.0,0.0,4286.0,961.0,1161.0,45.531,45.875
115.537,train:DC1,101.6,461.35546875,18.1,2140.4140625,2260.0,0.0,4326.0,1001.0,1161.0,45.5,45.875
116.038,train:DC1,99.7,443.64453125,18.3,2132.78515625,2257.0,0.0,4326.0,1000.0,1160.0,45.531,45.875
116.540,train:DC2,99.6,461.35546875,19.4,2135.98046875,2256.0,0.0,4326.0,1000.0,1160.0,45.406,45.687
117.042,train:DC2,99.7,454.85546875,18.1,2132.10546875,2256.0,0.0,4326.0,1000.0,1161.0,45.625,45.781
117.544,train:DC2,99.6,447.234375,17.9,2128.44140625,2256.0,0.0,4366.0,1000.0,1160.0,45.781,45.781
118.046,train:DC2,99.6,434.296875,17.9,2128.34375,2252.0,0.0,4366.0,1000.0,1160.0,45.781,45.781
118.547,train:DC2,99.6,420.85546875,16.8,2131.05859375,2258.0,0.0,4326.0,1000.0,1161.0,45.5,45.875
119.050,train:DC2,101.6,405.9453125,17.9,2123.109375,2247.0,0.0,4326.0,1000.0,1161.0,45.468,45.875
119.552,train:DC2,99.6,388.5078125,18.0,2106.23046875,2248.0,0.0,4366.0,1000.0,1160.0,45.5,45.718
120.054,train:DC2,101.6,463.60546875,17.8,2129.48046875,2253.0,0.0,4326.0,1000.0,1161.0,45.437,45.687
120.556,train:DC3,97.6,396.5390625,17.6,2109.03515625,2253.0,0.0,4286.0,961.0,1161.0,45.5,45.75
121.065,train:DC3,102.0,384.6328125,18.2,2124.64453125,2248.0,0.0,4326.0,1000.0,1161.0,45.656,45.718
121.570,train:DC3,99.1,463.60546875,18.5,2120.37890625,2246.0,0.0,4366.0,1000.0,1160.0,45.687,45.875
122.072,train:DC3,97.6,463.60546875,17.8,2113.48828125,2237.0,0.0,4326.0,1000.0,1160.0,45.531,45.718
122.574,train:DC3,101.6,463.60546875,17.7,2109.984375,2236.0,0.0,4360.0,960.0,1160.0,45.406,45.812
123.075,train:DC3,99.6,463.60546875,17.3,2109.80078125,2232.0,0.0,4326.0,960.0,1160.0,45.687,45.781
123.577,train:DC3,99.6,461.35546875,17.6,2110.42578125,2228.0,0.0,4326.0,1000.0,1161.0,45.718,45.718
124.079,train:DC3,101.7,452.56640625,17.9,2102.55078125,2226.0,0.0,4286.0,961.0,1161.0,45.562,45.625
124.581,train:DC3,97.7,436.9296875,19.2,2115.36328125,2239.0,0.0,4286.0,1000.0,1161.0,45.656,45.656
125.083,train:DC4,99.6,454.85546875,18.9,2101.3359375,2223.0,0.0,4286.0,1001.0,1161.0,45.437,45.875
125.584,train:DC4,101.7,441.85546875,19.5,2159.47265625,2283.0,0.0,4286.0,961.0,1161.0,45.468,45.75
126.086,train:DC4,99.6,429.890625,17.4,2175.37109375,2299.0,0.0,4286.0,961.0,1161.0,45.312,45.75
126.588,train:DC4,99.6,420.109375,17.3,2158.12109375,2282.0,0.0,4286.0,961.0,1161.0,45.687,45.687
127.090,train:DC4,99.6,409.08984375,17.3,2173.87109375,2298.0,0.0,4326.0,960.0,1160.0,45.718,45.718
127.592,train:DC4,99.6,396.5390625,17.4,2157.1171875,2281.0,0.0,4326.0,960.0,1160.0,45.5,45.718
128.104,train:DC4,101.4,384.6328125,19.7,2079.34375,2286.0,0.0,4326.0,1000.0,1160.0,45.687,45.843
128.609,train:DC4,99.1,463.60546875,19.0,2094.84765625,2219.0,0.0,4326.0,1000.0,1160.0,45.406,45.75
129.111,train:DC5,97.5,384.6328125,19.9,2085.98828125,2210.0,0.0,4326.0,1000.0,1160.0,45.468,45.781
129.613,train:DC5,101.6,463.60546875,21.8,2105.4921875,2229.0,0.0,4326.0,1000.0,1160.0,45.375,45.781
130.115,train:DC5,97.6,463.60546875,20.1,2101.6171875,2229.0,0.0,4326.0,1000.0,1160.0,45.375,45.781
130.618,train:DC5,101.5,463.60546875,18.4,2135.140625,2225.0,0.0,4326.0,1000.0,1160.0,45.593,45.656
131.120,train:DC5,95.6,463.60546875,18.2,2134.89453125,2259.0,0.0,4286.0,1000.0,1161.0,45.718,45.718
131.622,train:DC5,101.6,454.85546875,17.0,2134.89453125,2259.0,0.0,4326.0,1000.0,1161.0,45.625,45.875
132.123,train:DC5,97.7,444.25390625,18.2,2131.01953125,2259.0,0.0,4286.0,961.0,1161.0,45.656,45.875
132.625,train:DC5,99.6,429.10546875,17.9,2130.765625,2255.0,0.0,4326.0,1000.0,1161.0,45.5,45.812
133.127,train:DC5,97.6,407.38671875,17.6,2130.66796875,2254.0,0.0,4326.0,1000.0,1160.0,45.875,45.875
133.629,train:DC6,97.6,422.85546875,18.2,2125.87890625,2254.0,0.0,4326.0,1000.0,1160.0,45.468,45.843
134.131,train:DC6,99.6,406.5390625,18.2,2133.5078125,2250.0,0.0,4326.0,1000.0,1161.0,45.656,45.656
134.633,train:DC6,97.6,388.5078125,18.4,2127.50390625,2257.0,0.0,4326.0,1000.0,1160.0,45.75,45.875
135.135,train:DC6,99.6,463.60546875,18.2,2134.984375,2251.0,0.0,4326.0,1000.0,1161.0,45.593,45.781
135.637,train:DC6,97.7,463.60546875,17.6,2129.97265625,2259.0,0.0,4326.0,1000.0,1160.0,45.468,45.875
136.139,train:DC6,99.6,463.60546875,17.7,2129.54296875,2254.0,0.0,4326.0,1000.0,1161.0,45.593,45.75
136.640,train:DC6,97.7,463.60546875,18.1,2125.0625,2253.0,0.0,4286.0,961.0,1161.0,45.812,45.812
137.142,train:DC6,101.7,461.35546875,18.0,2133.15625,2249.0,0.0,4326.0,1000.0,1161.0,45.5,45.937
137.644,train:DC6,99.5,443.64453125,18.0,2133.1484375,2257.0,0.0,4366.0,1000.0,1160.0,45.656,45.875
138.146,train:DC1,95.6,455.9140625,17.2,2140.77734375,2257.0,0.0,4326.0,1000.0,1161.0,45.531,45.656
138.648,train:DC1,99.7,448.35546875,18.2,2133.16015625,2265.0,0.0,4326.0,960.0,1160.0,45.812,45.718
139.150,train:DC1,99.6,433.2890625,17.7,2125.28515625,2257.0,0.0,4326.0,1000.0,1160.0,45.593,45.718
139.652,train:DC1,97.5,416.7265625,17.6,2097.8046875,2249.0,0.0,4326.0,1000.0,1160.0,45.625,45.625
140.154,train:DC1,101.7,404.5390625,18.3,2125.3046875,2227.0,0.0,4326.0,1000.0,1160.0,45.687,45.937
140.655,train:DC1,99.6,386.4140625,17.4,2124.921875,2249.0,0.0,4326.0,1000.0,1160.0,45.437,45.781
141.157,train:DC1,99.6,463.60546875,20.2,2128.91015625,2249.0,0.0,4326.0,1000.0,1161.0,45.406,45.687
141.659,train:DC1,101.7,463.60546875,22.2,2128.6640625,2245.0,0.0,4326.0,1000.0,1160.0,45.593,45.75
142.161,train:DC1,97.7,445.47265625,20.5,2144.16796875,2245.0,0.0,4366.0,1000.0,1160.0,45.75,45.75
142.663,train:DC2,101.6,463.60546875,18.5,2129.51171875,2236.0,0.0,4286.0,1001.0,1161.0,45.687,45.718
143.165,train:DC2,97.6,463.60546875,18.9,2125.3828125,2222.0,0.0,4366.0,1000.0,1160.0,45.593,45.687
143.667,train:DC2,97.6,463.60546875,18.0,2125.13671875,2249.0,0.0,4360.0,1000.0,1160.0,45.718,45.843
144.169,train:DC2,99.6,454.85546875,18.4,2117.41015625,2249.0,0.0,4366.0,1000.0,1160.0,45.625,45.781
144.671,train:DC2,97.6,441.85546875,17.5,2124.890625,2249.0,0.0,4326.0,1000.0,1160.0,45.5,45.781
145.172,train:DC2,99.6,424.85546875,17.6,2117.0234375,2249.0,0.0,4326.0,1000.0,1160.0,45.5,45.843
145.674,train:DC2,97.6,408.6015625,17.3,2106.4921875,2245.0,0.0,4326.0,1000.0,1160.0,45.718,45.718
146.177,train:DC2,99.6,384.6328125,17.5,2121.99609375,2230.0,0.0,4326.0,1000.0,1160.0,45.531,45.843
146.678,train:DC3,97.7,404.5390625,17.6,2110.41015625,2246.0,0.0,4326.0,1000.0,1161.0,45.625,45.781
147.180,train:DC3,99.6,387.73046875,17.3,2125.9140625,2234.0,0.0,4286.0,961.0,1161.0,45.531,45.656
147.682,train:DC3,99.6,463.60546875,17.7,2120.76171875,2250.0,0.0,4286.0,961.0,1161.0,45.687,45.687
148.184,train:DC3,97.7,463.60546875,20.5,2120.515625,2229.0,0.0,4366.0,960.0,1160.0,45.625,45.656
148.686,train:DC3,99.7,463.60546875,18.2,2116.2109375,2244.0,0.0,4326.0,1000.0,1161.0,45.5,45.656
149.187,train:DC3,97.7,463.60546875,18.5,2112.3359375,2232.0,0.0,4326.0,960.0,1161.0,45.656,45.75
149.689,train:DC3,99.7,460.49609375,17.1,2102.42578125,2236.0,0.0,4326.0,961.0,1161.0,45.625,45.718
150.191,train:DC3,97.7,449.5390625,17.5,2100.60546875,2232.0,0.0,4286.0,961.0,1161.0,45.5,45.687
150.692,train:DC3,99.6,433.08203125,17.7,2089.671875,2232.0,0.0,4286.0,960.0,1161.0,45.562,45.625
151.194,train:DC4,99.6,448.35546875,17.0,2089.671875,2213.0,0.0,4286.0,961.0,1161.0,45.687,45.718
151.696,train:DC4,99.6,435.35546875,17.5,2094.546875,2229.0,0.0,4246.0,961.0,1161.0,45.562,45.656
152.198,train:DC4,99.6,416.7265625,16.4,2098.23828125,2222.0,0.0,4246.0,961.0,1161.0,45.531,45.75
152.700,train:DC4,97.6,403.65234375,17.3,2085.42578125,2222.0,0.0,4246.0,961.0,1161.0,45.531,45.781
153.202,train:DC4,99.6,384.6328125,17.0,2089.31640625,2213.0,0.0,4246.0,961.0,1161.0,45.625,45.75
153.704,train:DC4,99.6,463.60546875,17.6,2102.76171875,2213.0,0.0,4326.0,960.0,1160.0,45.625,45.656
154.206,train:DC4,99.6,463.60546875,16.7,2095.1328125,2219.0,0.0,4286.0,961.0,1161.0,45.625,45.687
154.708,train:DC4,99.6,463.60546875,17.5,2093.46875,2219.0,0.0,4286.0,960.0,1161.0,45.687,45.843
155.210,train:DC4,97.6,445.47265625,16.7,2079.44140625,2202.0,0.0,4286.0,961.0,1161.0,45.5,45.75
155.712,train:DC5,99.6,463.60546875,17.3,2093.48828125,2203.0,0.0,4246.0,961.0,1161.0,45.375,45.718
156.214,train:DC5,99.6,463.60546875,17.2,2093.2421875,2209.0,0.0,4246.0,961.0,1161.0,45.468,45.75
156.716,train:DC5,97.6,454.85546875,17.3,2091.96875,2217.0,0.0,4246.0,961.0,1161.0,45.656,45.656
157.218,train:DC5,101.6,448.35546875,16.9,2088.09375,2216.0,0.0,4286.0,961.0,1161.0,45.843,45.843
157.720,train:DC5,99.6,433.2890625,17.3,2071.22265625,2212.0,0.0,4286.0,961.0,1161.0,45.656,45.656
158.222,train:DC5,99.5,416.7265625,16.9,2086.7265625,2210.0,0.0,4246.0,961.0,1161.0,45.562,45.843
158.724,train:DC5,97.7,401.47265625,17.3,2077.88671875,2210.0,0.0,4286.0,961.0,1161.0,45.593,45.656
159.228,train:DC5,101.3,384.6328125,16.9,2081.77734375,2206.0,0.0,4326.0,960.0,1161.0,45.593,45.687
159.729,train:DC6,97.7,396.57421875,17.6,2072.88671875,2206.0,0.0,4326.0,960.0,1161.0,45.562,45.718
160.238,train:DC6,98.2,384.6328125,16.5,2088.390625,2212.0,0.0,4286.0,961.0,1161.0,45.625,45.75
160.740,train:DC6,99.6,463.60546875,18.9,2087.484375,2212.0,0.0,4286.0,961.0,1161.0,45.531,45.812
161.242,train:DC6,99.5,463.62109375,17.3,2093.7734375,2202.0,0.0,4286.0,961.0,1161.0,45.437,45.625
161.744,train:DC6,99.6,463.62109375,16.7,2093.7734375,2217.0,0.0,4286.0,961.0,1161.0,45.593,45.843
162.246,train:DC6,97.6,463.62109375,17.5,2093.7734375,2217.0,0.0,4246.0,961.0,1161.0,45.406,45.781
162.748,train:DC6,99.7,456.3984375,17.9,2093.7734375,2217.0,0.0,4286.0,961.0,1161.0,45.531,45.687
163.250,train:DC6,99.6,450.37109375,16.7,2085.8984375,2210.0,0.0,4286.0,961.0,1161.0,45.437,45.75
163.752,train:DC6,99.5,434.0,17.6,2085.80078125,2217.0,0.0,4286.0,961.0,1161.0,45.406,45.718
164.254,train:DC1,97.7,450.37109375,16.4,2085.65234375,2209.0,0.0,4326.0,960.0,1161.0,45.687,45.687
164.756,train:DC1,99.7,436.18359375,17.6,2077.65234375,2217.0,0.0,4326.0,960.0,1160.0,45.531,45.656
165.258,train:DC1,99.6,422.87109375,16.7,2093.02734375,2217.0,0.0,4326.0,960.0,1160.0,45.687,45.687
165.759,train:DC1,99.6,410.49609375,17.1,2085.29296875,2217.0,0.0,4286.0,961.0,1161.0,45.625,45.625
166.261,train:DC1,99.6,390.5234375,17.5,2092.76953125,2216.0,0.0,4286.0,961.0,1161.0,45.531,45.812
166.764,train:DC1,99.6,463.62109375,17.0,2092.76953125,2216.0,0.0,4286.0,961.0,1161.0,45.593,45.781
167.265,train:DC1,99.6,463.62109375,17.6,2088.89453125,2213.0,0.0,4286.0,961.0,1161.0,45.531,45.718
167.767,train:DC1,97.7,463.62109375,16.4,2088.89453125,2205.0,0.0,4286.0,961.0,1161.0,45.625,45.656
168.269,train:DC1,99.7,445.48828125,17.9,2081.01953125,2205.0,0.0,4246.0,961.0,1161.0,45.812,45.812
168.771,train:DC2,99.6,463.62109375,17.3,2090.125,2205.0,0.0,4246.0,961.0,1161.0,45.5,45.625
169.272,train:DC2,97.7,463.62109375,17.3,2089.94140625,2210.0,0.0,4286.0,961.0,1161.0,45.593,45.781
169.774,train:DC2,99.7,463.53515625,16.7,2094.125,2210.0,0.0,4246.0,961.0,1161.0,45.437,45.625
170.276,train:DC2,99.6,454.87109375,17.6,2086.25,2210.0,0.0,4286.0,961.0,1161.0,45.468,45.687
170.778,train:DC2,97.6,447.90625,17.0,2086.14453125,2210.0,0.0,4326.0,960.0,1161.0,45.375,45.656
171.280,train:DC2,99.7,429.12109375,17.0,2093.625,2217.0,0.0,4286.0,961.0,1161.0,45.468,45.718
171.781,train:DC2,99.6,416.62109375,17.3,2078.00390625,2217.0,0.0,4286.0,961.0,1161.0,45.781,45.781
172.283,train:DC2,99.6,397.55078125,17.3,2093.37890625,2217.0,0.0,4286.0,961.0,1161.0,45.562,45.656
172.785,train:DC3,99.6,414.96875,17.5,2085.50390625,2217.0,0.0,4286.0,961.0,1161.0,45.625,45.781
173.287,train:DC3,99.6,396.5546875,16.8,2093.1328125,2217.0,0.0,4286.0,961.0,1161.0,45.531,45.812
173.793,train:DC3,98.8,384.6484375,17.6,2077.26171875,2217.0,0.0,4286.0,961.0,1161.0,45.5,45.718
174.295,train:DC3,99.6,463.62109375,17.1,2092.63671875,2216.0,0.0,4286.0,961.0,1161.0,45.5,45.656
174.797,train:DC3,99.6,463.62109375,17.3,2092.63671875,2216.0,0.0,4246.0,961.0,1161.0,45.562,45.593
175.299,train:DC3,97.7,463.62109375,17.6,2092.390625,2210.0,0.0,4286.0,961.0,1161.0,45.625,45.625
175.800,train:DC3,99.7,463.62109375,16.7,2092.3828125,2216.0,0.0,4286.0,960.0,1161.0,45.531,45.75
176.302,train:DC3,97.6,457.296875,17.5,2088.5078125,2212.0,0.0,4286.0,961.0,1161.0,45.625,45.718
176.804,train:DC3,101.6,443.66015625,17.0,2072.7578125,2197.0,0.0,4286.0,961.0,1161.0,45.468,45.687
177.306,train:DC4,97.6,459.37109375,17.0,2089.984375,2198.0,0.0,4246.0,961.0,1161.0,45.718,45.718
177.808,train:DC4,99.6,450.37109375,17.2,2086.1015625,2206.0,0.0,4253.0,961.0,1161.0,45.531,45.625
178.311,train:DC4,99.5,435.37109375,16.8,2083.05078125,2207.0,0.0,4246.0,961.0,1161.0,45.625,45.625
178.812,train:DC4,99.7,420.10546875,18.2,2082.65625,2206.0,0.0,4246.0,961.0,1161.0,45.656,45.656
179.314,train:DC4,99.6,404.5546875,16.7,2086.41015625,2214.0,0.0,4286.0,961.0,1161.0,45.625,45.781
179.816,train:DC4,97.6,384.6484375,17.3,2086.3125,2218.0,0.0,4286.0,961.0,1161.0,45.468,45.656
180.318,train:DC4,99.6,463.62109375,17.1,2093.79296875,2218.0,0.0,4286.0,961.0,1161.0,45.468,45.625
180.820,train:DC4,97.7,463.62109375,17.0,2093.79296875,2218.0,0.0,4286.0,961.0,1161.0,45.718,45.718
181.321,train:DC4,101.6,445.48828125,17.3,2085.91796875,2210.0,0.0,4286.0,960.0,1161.0,45.781,45.781
181.823,train:DC5,97.6,463.62109375,16.7,2093.5390625,2217.0,0.0,4286.0,961.0,1161.0,45.5,45.687
182.325,train:DC5,99.6,463.62109375,17.6,2093.29296875,2217.0,0.0,4286.0,961.0,1161.0,45.625,45.625
182.827,train:DC5,97.6,463.62109375,17.0,2093.29296875,2217.0,0.0,4293.0,961.0,1161.0,45.593,45.812
183.329,train:DC5,101.7,455.46484375,17.3,2087.140625,2209.0,0.0,4286.0,961.0,1161.0,45.531,45.812
183.830,train:DC5,97.7,448.37109375,16.7,2085.3203125,2209.0,0.0,4293.0,961.0,1161.0,45.625,45.781
184.332,train:DC5,99.7,435.37109375,17.3,2092.80078125,2217.0,0.0,4253.0,961.0,1161.0,45.343,45.875
184.834,train:DC5,99.6,416.7421875,17.3,2077.1796875,2201.0,0.0,4286.0,961.0,1161.0,45.468,45.687
185.336,train:DC5,97.7,401.73828125,17.0,2092.5546875,2216.0,0.0,4286.0,961.0,1161.0,45.343,45.781
185.837,train:DC6,99.7,416.7421875,17.6,2084.828125,2209.0,0.0,4253.0,961.0,1161.0,45.468,45.687
186.339,train:DC6,99.7,403.1640625,17.0,2100.18359375,2224.0,0.0,4286.0,961.0,1161.0,45.625,45.718
186.841,train:DC6,99.7,384.6484375,17.3,2084.55078125,2208.0,0.0,4286.0,961.0,1161.0,45.75,45.75
187.342,train:DC6,97.7,463.62109375,16.7,2099.92578125,2208.0,0.0,4286.0,961.0,1161.0,45.75,45.75
187.844,train:DC6,101.6,463.62109375,17.3,2099.92578125,2224.0,0.0,4286.0,961.0,1161.0,45.656,45.656
188.345,train:DC6,97.6,463.62109375,17.1,2096.05078125,2224.0,0.0,4286.0,961.0,1161.0,45.625,45.75
188.847,train:DC6,97.7,463.62109375,17.0,2091.50390625,2220.0,0.0,4286.0,961.0,1161.0,45.5,45.75
189.349,train:DC6,101.7,456.87109375,16.7,2091.50390625,2215.0,0.0,4246.0,961.0,1161.0,45.5,45.718
189.851,train:DC6,97.6,442.88671875,17.3,2075.8828125,2215.0,0.0,4286.0,961.0,1161.0,45.562,45.718
190.352,train:DC1,101.7,455.81640625,17.6,2083.3828125,2200.0,0.0,4253.0,961.0,1161.0,45.625,45.687
190.854,train:DC1,95.7,448.37109375,17.3,2087.375,2215.0,0.0,4246.0,961.0,1161.0,45.468,45.812
191.356,train:DC1,101.7,435.37109375,17.0,2083.33984375,2211.0,0.0,4286.0,961.0,1161.0,45.593,45.656
191.857,train:DC1,97.7,416.7421875,17.0,2083.0859375,2207.0,0.0,4286.0,961.0,1161.0,45.468,45.687
192.359,train:DC1,99.7,404.203125,17.3,2090.56640625,2207.0,0.0,4286.0,961.0,1161.0,45.656,45.656
192.861,train:DC1,99.6,384.6484375,17.3,2082.703125,2214.0,0.0,4286.0,961.0,1161.0,45.75,45.75
193.362,train:DC1,97.7,463.62109375,16.9,2088.4140625,2206.0,0.0,4286.0,961.0,1161.0,45.531,45.625
193.864,train:DC1,101.6,463.62109375,17.4,2098.01171875,2206.0,0.0,4286.0,961.0,1161.0,45.562,45.812
194.366,train:DC1,99.7,445.48828125,16.7,2090.28515625,2222.0,0.0,4286.0,961.0,1161.0,45.593,45.75
194.868,train:DC2,97.7,463.62109375,17.8,2090.3828125,2214.0,0.0,4286.0,961.0,1161.0,45.5,45.687
195.370,train:DC2,101.6,463.62109375,16.7,2098.01171875,2214.0,0.0,4286.0,961.0,1161.0,45.406,45.656
195.872,train:DC2,95.6,463.62109375,17.5,2097.765625,2222.0,0.0,4286.0,961.0,1161.0,45.625,45.625
196.374,train:DC2,101.6,454.87109375,17.0,2097.765625,2221.0,0.0,4286.0,961.0,1161.0,45.656,45.656
196.875,train:DC2,97.7,448.125,17.8,2093.8828125,2221.0,0.0,4286.0,960.0,1161.0,45.562,45.75
197.377,train:DC2,99.6,429.12109375,17.3,2086.40234375,2218.0,0.0,4286.0,961.0,1161.0,45.5,45.687
197.879,train:DC2,99.6,414.7421875,17.0,2082.0703125,2210.0,0.0,4286.0,961.0,1161.0,45.437,45.687
198.381,train:DC2,99.6,397.0234375,17.5,2089.69921875,2206.0,0.0,4286.0,961.0,1161.0,45.687,45.687
198.883,train:DC3,97.7,410.6171875,17.1,2081.82421875,2213.0,0.0,4286.0,961.0,1161.0,45.531,45.718
199.385,train:DC3,99.6,396.5546875,17.0,2089.453125,2206.0,0.0,4286.0,961.0,1161.0,45.562,45.687
199.887,train:DC3,103.6,384.6484375,17.3,2073.83203125,2213.0,0.0,4286.0,961.0,1161.0,45.687,45.781
200.408,train:DC3,95.9,463.62109375,17.5,2089.20703125,2198.0,0.0,4286.0,961.0,1161.0,45.625,45.781
200.910,train:DC3,97.6,463.62109375,16.7,2089.20703125,2213.0,0.0,4286.0,961.0,1161.0,45.5,45.781
201.412,train:DC3,99.6,463.62109375,17.3,2088.9609375,2213.0,0.0,4286.0,961.0,1161.0,45.375,45.656
201.914,train:DC3,99.6,463.62109375,17.3,2088.71484375,2213.0,0.0,4286.0,961.0,1161.0,45.656,45.687
202.416,train:DC3,97.6,454.87109375,16.7,2088.71484375,2212.0,0.0,4326.0,960.0,1160.0,45.437,45.656
202.918,train:DC3,101.6,438.37890625,17.9,2073.33203125,2212.0,0.0,4286.0,961.0,1161.0,45.593,45.812
203.419,train:DC4,97.7,454.87109375,16.4,2082.5546875,2199.0,0.0,4286.0,961.0,1161.0,45.5,45.687
203.921,train:DC4,99.6,446.37109375,17.3,2082.375,2214.0,0.0,4286.0,961.0,1161.0,45.593,45.718
204.423,train:DC4,99.6,429.12109375,17.0,2090.00390625,2214.0,0.0,4286.0,961.0,1161.0,45.375,45.687
204.925,train:DC4,99.6,416.69921875,17.3,2082.046875,2214.0,0.0,4246.0,961.0,1161.0,45.593,45.656
205.427,train:DC4,97.6,396.5546875,16.4,2085.94921875,2210.0,0.0,4286.0,961.0,1161.0,45.625,45.625
205.936,train:DC4,100.2,384.6484375,17.9,2085.56640625,2210.0,0.0,4246.0,961.0,1161.0,45.562,45.875
206.438,train:DC4,99.7,463.62109375,16.7,2089.5546875,2209.0,0.0,4246.0,961.0,1161.0,45.375,45.687
206.939,train:DC4,99.6,463.62109375,17.0,2089.30859375,2205.0,0.0,4246.0,961.0,1161.0,45.531,45.656
207.441,train:DC4,97.6,445.48828125,17.3,2081.58203125,2205.0,0.0,4326.0,960.0,1161.0,45.718,45.718
207.943,train:DC5,99.7,463.62109375,17.0,2092.140625,2200.0,0.0,4326.0,960.0,1161.0,45.5,45.625
208.445,train:DC5,101.6,463.62109375,17.3,2092.140625,2216.0,0.0,4286.0,961.0,1161.0,45.531,45.625
208.947,train:DC5,97.7,462.2734375,16.8,2091.89453125,2216.0,0.0,4286.0,961.0,1161.0,45.593,45.718
209.448,train:DC5,99.7,454.87109375,17.3,2091.89453125,2216.0,0.0,4286.0,961.0,1161.0,45.531,45.656
209.950,train:DC5,99.6,442.22265625,17.1,2103.5234375,2216.0,0.0,4286.0,961.0,1161.0,45.437,45.625
210.453,train:DC5,99.6,429.12109375,17.5,2095.40234375,2243.0,0.0,4286.0,961.0,1161.0,45.593,45.687
210.955,train:DC5,99.6,416.7421875,16.8,2119.02734375,2251.0,0.0,4286.0,961.0,1161.0,45.843,45.843
211.457,train:DC5,99.6,400.80859375,17.8,2119.2734375,2243.0,0.0,4286.0,961.0,1161.0,45.5,45.562
211.959,train:DC6,101.6,419.25,16.8,2111.3984375,2243.0,0.0,4286.0,961.0,1161.0,45.718,45.718
212.461,train:DC6,99.6,406.5546875,17.3,2126.90234375,2243.0,0.0,4286.0,961.0,1161.0,45.562,45.718
212.963,train:DC6,99.6,390.5234375,17.0,2111.15234375,2251.0,0.0,4286.0,961.0,1161.0,45.625,45.625
213.465,train:DC6,99.6,463.62109375,17.5,2126.6484375,2235.0,0.0,4286.0,961.0,1161.0,45.5,45.656
213.967,train:DC6,99.7,463.62109375,16.8,2124.78515625,2248.0,0.0,4286.0,961.0,1161.0,45.687,45.687
214.469,train:DC6,99.6,463.62109375,17.8,2120.6015625,2241.0,0.0,4286.0,961.0,1161.0,45.812,45.812
214.970,train:DC6,99.6,463.62109375,17.1,2120.41796875,2236.0,0.0,4286.0,961.0,1161.0,45.75,45.75
215.472,train:DC6,101.6,463.62109375,17.5,2124.109375,2240.0,0.0,4286.0,961.0,1161.0,45.625,45.625
215.974,train:DC6,99.6,445.48828125,16.8,2116.2265625,2240.0,0.0,4286.0,961.0,1161.0,45.625,45.625
216.476,train:DC1,99.6,463.62109375,17.0,2120.2265625,2240.0,0.0,4286.0,961.0,1161.0,45.968,45.968
216.978,train:DC1,99.7,461.37109375,17.5,2117.0234375,2225.0,0.0,4286.0,961.0,1161.0,45.562,45.625
217.480,train:DC1,101.6,454.87109375,17.0,2117.0234375,2241.0,0.0,4286.0,961.0,1161.0,45.625,45.625
217.982,train:DC1,97.6,448.37109375,17.7,2109.55078125,2237.0,0.0,4286.0,961.0,1161.0,45.656,45.656
218.484,train:DC1,101.5,435.37109375,17.0,2109.3046875,2237.0,0.0,4286.0,961.0,1161.0,45.625,45.656
218.986,train:DC1,99.6,421.59375,17.1,2106.0546875,2238.0,0.0,4326.0,960.0,1160.0,45.75,45.75
219.488,train:DC1,97.7,405.8984375,17.8,2113.53515625,2237.0,0.0,4286.0,960.0,1161.0,45.625,45.718
219.990,train:DC1,101.6,390.234375,17.3,2095.16015625,2235.0,0.0,4286.0,961.0,1161.0,45.625,45.625
220.492,train:DC2,99.6,410.6171875,17.3,2095.27734375,2219.0,0.0,4286.0,961.0,1161.0,45.656,45.687
220.994,train:DC2,99.6,390.046875,18.1,2024.015625,2228.0,0.0,4286.0,961.0,1161.0,45.406,45.593
221.496,train:DC2,99.6,463.62109375,17.5,2090.76953125,2214.0,0.0,4286.0,961.0,1161.0,45.625,45.656
221.998,train:DC2,99.6,463.62109375,16.7,2098.3984375,2207.0,0.0,4286.0,961.0,1161.0,45.687,45.781
222.500,train:DC2,99.7,463.62109375,17.3,2098.3984375,2222.0,0.0,4286.0,961.0,1161.0,45.468,45.656
223.002,train:DC2,97.6,463.62109375,17.0,2097.16796875,2207.0,0.0,4286.0,961.0,1161.0,45.375,45.656
223.503,train:DC2,99.6,463.62109375,17.0,2097.16796875,2221.0,0.0,4286.0,961.0,1161.0,45.5,45.562
224.005,train:DC2,99.6,454.87109375,17.3,2089.44140625,2213.0,0.0,4286.0,961.0,1161.0,45.718,45.718
224.507,train:DC2,97.7,439.2890625,17.1,2096.9140625,2221.0,0.0,4326.0,960.0,1161.0,45.593,45.75
225.009,train:DC3,101.7,455.515625,17.5,2088.79296875,2205.0,0.0,4253.0,961.0,1161.0,45.562,45.75
225.510,train:DC3,97.7,449.375,17.0,2096.66796875,2220.0,0.0,4286.0,961.0,1161.0,45.343,45.687
226.012,train:DC3,101.6,435.37109375,16.7,2088.94140625,2220.0,0.0,4286.0,961.0,1161.0,45.406,45.656
226.514,train:DC3,97.7,422.87109375,17.3,2096.421875,2220.0,0.0,4246.0,961.0,1161.0,45.406,45.593
227.016,train:DC3,99.6,408.6171875,16.7,2080.80078125,2220.0,0.0,4286.0,961.0,1161.0,45.625,45.625
227.518,train:DC3,99.6,389.6640625,17.6,2095.16796875,2220.0,0.0,4286.0,961.0,1161.0,45.75,45.75
228.020,train:DC3,99.6,463.62109375,16.7,2095.15625,2219.0,0.0,4246.0,961.0,1161.0,45.406,45.593
228.521,train:DC3,99.7,463.62109375,17.5,2094.7578125,2215.0,0.0,4286.0,961.0,1161.0,45.437,45.593
229.023,train:DC3,97.7,384.6484375,16.9,2087.03125,2211.0,0.0,4253.0,961.0,1161.0,45.375,45.781
229.541,train:DC4,98.5,463.62109375,17.0,2094.51171875,2218.0,0.0,4253.0,961.0,1161.0,45.625,45.625
230.043,train:DC4,99.6,463.62109375,16.9,2094.2578125,2210.0,0.0,4286.0,961.0,1161.0,45.437,45.75
230.545,train:DC4,101.7,463.62109375,17.3,2094.2578125,2218.0,0.0,4286.0,961.0,1161.0,45.562,45.687
231.046,train:DC4,97.7,463.62109375,17.0,2090.3828125,2214.0,0.0,4253.0,961.0,1161.0,45.468,45.656
231.548,train:DC4,97.7,461.37109375,17.3,2090.13671875,2206.0,0.0,4286.0,961.0,1161.0,45.468,45.625
232.050,train:DC4,99.6,450.37109375,16.7,2082.26171875,2206.0,0.0,4253.0,961.0,1161.0,45.468,45.562
232.552,train:DC4,99.6,441.87109375,17.1,2089.890625,2214.0,0.0,4326.0,960.0,1161.0,45.531,45.593
233.053,train:DC4,99.6,422.53515625,17.2,2082.1640625,2214.0,0.0,4286.0,961.0,1161.0,45.625,45.781
233.555,train:DC5,99.7,441.87109375,17.1,2082.015625,2206.0,0.0,4246.0,961.0,1161.0,45.437,45.656
234.057,train:DC5,97.6,426.015625,17.5,2073.89453125,2198.0,0.0,4246.0,961.0,1161.0,45.343,45.625
234.559,train:DC5,99.7,410.6171875,16.8,2089.3984375,2213.0,0.0,4286.0,961.0,1161.0,45.468,45.625
235.060,train:DC5,99.7,396.5546875,17.3,2081.671875,2213.0,0.0,4326.0,960.0,1161.0,45.687,45.687
235.562,train:DC5,97.7,463.62109375,17.0,2089.14453125,2213.0,0.0,4326.0,960.0,1161.0,45.593,45.781
236.064,train:DC5,99.7,463.62109375,17.0,2086.9921875,2211.0,0.0,4286.0,961.0,1161.0,45.562,45.75
236.565,train:DC5,99.7,463.62109375,17.3,2088.71484375,2212.0,0.0,4286.0,961.0,1161.0,45.437,45.625
237.067,train:DC5,101.6,463.62109375,17.3,2086.5625,2209.0,0.0,4253.0,961.0,1161.0,45.75,45.625
237.569,train:DC5,97.6,445.48828125,17.3,2080.65625,2205.0,0.0,4246.0,961.0,1161.0,45.531,45.562
238.071,train:DC6,99.6,463.62109375,16.7,2088.28515625,2212.0,0.0,4246.0,961.0,1161.0,45.625,45.625
238.573,train:DC6,99.6,463.62109375,17.0,2088.28515625,2212.0,0.0,4286.0,961.0,1161.0,45.625,45.781
239.075,train:DC6,99.6,454.87109375,17.0,2084.41015625,2208.0,0.0,4286.0,961.0,1161.0,45.468,45.687
239.576,train:DC6,97.7,448.37109375,17.7,2084.1640625,2208.0,0.0,4286.0,961.0,1161.0,45.343,45.656
240.078,train:DC6,99.6,429.12109375,17.1,2083.91796875,2208.0,0.0,4326.0,1001.0,1161.0,45.562,45.625
240.580,train:DC6,97.6,410.6171875,18.5,2044.04296875,2152.0,0.0,4366.0,1000.0,1160.0,45.687,45.687
241.082,train:DC6,99.6,396.5546875,19.4,2099.16015625,2223.0,0.0,4400.0,1000.0,1160.0,45.437,45.656
241.589,train:DC6,100.6,384.6484375,18.9,2083.78515625,2223.0,0.0,4326.0,1000.0,1161.0,45.531,45.625
242.090,train:DC1,99.7,402.80859375,18.1,2084.03125,2208.0,0.0,4326.0,1001.0,1161.0,45.468,45.687
242.592,train:DC1,101.6,385.04296875,18.1,2091.6796875,2223.0,0.0,4366.0,1000.0,1161.0,45.625,45.718
243.094,train:DC1,99.6,463.62109375,18.3,2093.25390625,2217.0,0.0,4326.0,1001.0,1161.0,45.343,45.593
243.596,train:DC1,99.7,463.62109375,21.2,2093.25390625,2217.0,0.0,4326.0,1000.0,1161.0,45.437,45.687
244.098,train:DC1,99.6,463.62109375,17.1,2100.8828125,2225.0,0.0,4286.0,961.0,1161.0,45.468,45.75
244.599,train:DC1,99.7,463.62109375,18.2,2100.8828125,2225.0,0.0,4286.0,961.0,1161.0,45.343,45.718
245.101,train:DC1,99.7,463.62109375,20.8,2100.63671875,2211.0,0.0,4326.0,1001.0,1161.0,45.312,45.625
245.603,train:DC1,99.7,455.30859375,17.4,2100.63671875,2224.0,0.0,4286.0,961.0,1161.0,45.468,45.625
246.105,train:DC1,101.6,443.5703125,18.5,2092.75390625,2217.0,0.0,4326.0,960.0,1161.0,45.687,45.687
246.606,train:DC2,99.6,456.828125,20.5,2103.64453125,2220.0,0.0,4326.0,1001.0,1161.0,45.375,45.593
247.108,train:DC2,97.7,448.37109375,18.8,2096.26171875,2212.0,0.0,4286.0,961.0,1161.0,45.562,45.781
247.610,train:DC2,97.6,435.37109375,19.3,2112.01171875,2236.0,0.0,4286.0,1001.0,1161.0,45.406,45.625
248.112,train:DC2,99.6,418.3828125,20.7,2096.390625,2220.0,0.0,4326.0,1000.0,1161.0,45.437,45.656
248.614,train:DC2,99.6,404.5546875,18.5,2097.14453125,2221.0,0.0,4326.0,1001.0,1161.0,45.5,45.625
249.115,train:DC2,99.7,387.24609375,17.4,2104.625,2228.0,0.0,4326.0,1001.0,1161.0,45.593,45.593
249.617,train:DC2,97.6,463.62109375,20.7,2104.625,2228.0,0.0,4326.0,1001.0,1161.0,45.656,45.656
250.119,train:DC2,97.7,463.62109375,19.1,2100.75,2224.0,0.0,4326.0,1001.0,1161.0,45.5,45.687
250.621,train:DC2,101.7,445.48828125,18.8,2116.25390625,2240.0,0.0,4286.0,961.0,1161.0,45.468,45.5
251.122,train:DC3,97.7,463.62109375,22.7,2110.26171875,2240.0,0.0,4286.0,961.0,1161.0,45.468,45.5
251.624,train:DC3,99.5,463.62109375,24.2,2116.53125,2234.0,0.0,4407.0,1000.0,1160.0,45.437,45.687
252.127,train:DC3,99.5,463.62109375,19.2,2159.66015625,2240.0,12.0,4407.0,1040.0,1160.0,45.218,45.593
252.629,train:DC3,99.6,456.40625,20.8,2175.1640625,2283.0,0.0,4366.0,1000.0,1161.0,45.25,45.562
253.131,train:DC3,97.6,449.45703125,22.7,2120.21875,2299.0,0.0,4326.0,1000.0,1161.0,45.531,45.562
253.633,train:DC3,99.6,435.37109375,23.4,2117.3203125,2244.0,0.0,4326.0,1000.0,1161.0,45.625,45.812
254.135,train:DC3,99.7,422.87109375,18.4,2109.47265625,2241.0,0.0,4366.0,1000.0,1160.0,45.5,45.718
254.637,train:DC3,99.6,407.40234375,22.1,2114.921875,2233.0,0.0,4326.0,1001.0,1161.0,45.468,45.687
255.139,train:DC4,99.6,423.93359375,18.3,2130.80078125,2239.0,0.0,4366.0,1040.0,1160.0,45.5,45.625
255.641,train:DC4,101.6,410.65234375,18.3,2154.0625,2258.0,0.0,4326.0,1001.0,1161.0,45.718,45.718
256.143,train:DC4,97.6,396.5546875,18.7,2157.94921875,2278.0,0.0,4326.0,1001.0,1161.0,45.593,45.625
256.681,train:DC4,100.2,396.02734375,19.1,2157.5625,2282.0,0.0,4400.0,1000.0,1160.0,45.562,45.781
257.192,train:DC4,101.8,384.6484375,17.5,2153.82421875,2281.0,0.0,4400.0,1000.0,1160.0,45.468,45.781
257.697,train:DC4,97.1,463.62109375,21.8,2157.12109375,2278.0,0.0,4326.0,961.0,1161.0,45.437,45.656
258.199,train:DC4,99.6,463.62109375,18.2,2157.12109375,2281.0,0.0,4366.0,1040.0,1160.0,45.437,45.562
258.700,train:DC4,99.7,463.62109375,22.4,2151.53515625,2281.0,0.0,4326.0,1001.0,1161.0,45.593,45.625
259.202,train:DC4,99.6,445.48828125,19.8,2143.671875,2275.0,0.0,4326.0,1000.0,1160.0,45.75,45.75
259.704,train:DC5,99.7,463.62109375,21.4,2144.58203125,2267.0,0.0,4326.0,1000.0,1161.0,45.5,45.718
260.206,train:DC5,99.5,463.62109375,17.4,2148.2734375,2268.0,0.0,4326.0,1000.0,1160.0,45.562,45.593
260.708,train:DC5,101.6,461.75390625,21.4,2138.5234375,2272.0,0.0,4286.0,960.0,1161.0,45.625,45.656
261.210,train:DC5,99.6,454.87109375,17.3,2134.6484375,2262.0,0.0,4366.0,1000.0,1160.0,45.625,45.625
261.712,train:DC5,99.7,448.37109375,18.1,2116.26953125,2258.0,0.0,4326.0,960.0,1161.0,45.593,45.625
262.213,train:DC5,99.6,435.37109375,17.5,2127.8359375,2252.0,0.0,4326.0,960.0,1161.0,45.593,45.625
262.715,train:DC5,99.6,422.87109375,17.3,2114.62890625,2252.0,0.0,4286.0,961.0,1161.0,45.687,45.687
263.217,train:DC5,99.6,407.40234375,17.5,2118.2734375,2242.0,0.0,4286.0,961.0,1161.0,45.718,45.843
263.719,train:DC6,97.6,422.87109375,21.7,2107.23046875,2242.0,0.0,4286.0,960.0,1161.0,45.593,45.593
264.221,train:DC6,101.6,410.6171875,17.4,2130.4609375,2231.0,0.0,4366.0,1000.0,1160.0,45.656,45.75
264.723,train:DC6,97.6,396.5546875,17.1,2111.72265625,2254.0,0.0,4286.0,1001.0,1161.0,45.375,45.656
265.233,train:DC6,102.0,384.6484375,17.9,2127.34375,2235.0,0.0,4286.0,961.0,1161.0,45.5,45.781
265.737,train:DC6,99.1,463.62109375,16.7,2123.43359375,2251.0,0.0,4286.0,961.0,1161.0,45.5,45.593
266.239,train:DC6,99.7,463.62109375,17.3,2119.55078125,2239.0,0.0,4293.0,961.0,1161.0,45.625,45.625
266.741,train:DC6,99.7,463.62109375,21.5,2109.4140625,2243.0,0.0,4286.0,961.0,1161.0,45.687,45.687
267.242,train:DC6,99.7,463.62109375,19.7,2109.16796875,2233.0,0.0,4440.0,1040.0,1160.0,45.625,45.625
267.744,train:DC6,99.6,445.48828125,19.5,2107.3359375,2233.0,0.0,4366.0,1000.0,1160.0,45.593,45.718
268.246,train:DC1,99.6,463.62109375,17.8,2114.96484375,2231.0,0.0,4326.0,1000.0,1161.0,45.468,45.687
268.748,train:DC1,99.5,461.37109375,18.3,2110.2734375,2239.0,0.0,4326.0,1000.0,1161.0,45.812,45.812
269.251,train:DC1,99.6,454.87109375,17.3,2102.54296875,2234.0,0.0,4326.0,1001.0,1161.0,45.375,45.625
269.753,train:DC1,99.6,446.84375,22.5,2085.93359375,2230.0,0.0,4326.0,960.0,1161.0,45.562,45.562
270.256,train:DC1,99.4,430.0625,18.6,2100.8984375,2225.0,0.0,4407.0,1040.0,1160.0,45.562,45.75
270.758,train:DC1,99.6,416.7734375,18.1,2091.6015625,2225.0,0.0,4326.0,1000.0,1161.0,45.375,45.656
271.260,train:DC1,99.7,404.5546875,18.1,2099.08203125,2215.0,0.0,4326.0,1000.0,1161.0,45.375,45.625
271.761,train:DC1,101.7,390.0859375,17.0,2089.5078125,2223.0,0.0,4286.0,961.0,1161.0,45.437,45.625
272.262,train:DC2,97.7,410.6171875,17.6,2089.75390625,2213.0,0.0,4286.0,961.0,1161.0,45.656,45.656
272.763,train:DC2,99.7,396.5546875,17.3,2080.671875,2213.0,0.0,4326.0,960.0,1160.0,45.468,45.593
273.277,train:DC2,101.2,384.6484375,22.9,2095.44140625,2204.0,0.0,4440.0,1080.0,1160.0,45.656,45.656
273.782,train:DC2,99.0,463.62109375,18.6,2095.28125,2219.0,6.0,4366.0,1040.0,1160.0,45.406,45.687
274.284,train:DC2,97.7,463.62109375,19.1,2095.03515625,2211.0,0.0,4326.0,1000.0,1161.0,45.468,45.625
274.785,train:DC2,101.7,463.62109375,17.1,2094.515625,2219.0,0.0,4326.0,1000.0,1161.0,45.343,45.656
275.287,train:DC2,99.7,463.62109375,19.0,2094.26953125,2211.0,0.0,4326.0,961.0,1161.0,45.375,45.625
275.788,train:DC2,99.7,461.37109375,17.8,2094.1015625,2218.0,0.0,4326.0,1000.0,1161.0,45.75,45.75
276.290,train:DC2,97.7,445.48828125,21.7,2094.41796875,2226.0,0.0,4480.0,1038.0,1160.0,45.687,45.687
276.792,train:DC3,101.6,461.68359375,18.3,2093.21875,2218.0,0.0,4366.0,1000.0,1160.0,45.531,45.687
277.294,train:DC3,97.7,454.87109375,17.4,2095.1875,2219.0,0.0,4326.0,1000.0,1161.0,45.593,45.718
277.795,train:DC3,99.7,448.37109375,17.7,2081.16015625,2219.0,0.0,4326.0,960.0,1160.0,45.406,45.687
278.297,train:DC3,101.7,435.37109375,17.0,2094.94140625,2219.0,0.0,4366.0,960.0,1160.0,45.437,45.625
278.798,train:DC3,97.7,420.71484375,18.4,2087.203125,2219.0,0.0,4286.0,961.0,1161.0,45.437,45.656
279.301,train:DC3,101.5,404.5546875,21.7,2093.33984375,2218.0,0.0,4326.0,1000.0,1161.0,45.687,45.562
279.803,train:DC3,97.6,388.5234375,18.3,2085.609375,2217.0,0.0,4326.0,1001.0,1161.0,45.562,45.625
280.304,train:DC3,99.7,463.62109375,17.9,2093.08984375,2209.0,0.0,4286.0,1001.0,1161.0,45.593,45.593
280.806,train:DC4,101.6,393.06640625,18.7,2077.46875,2217.0,0.0,4286.0,961.0,1161.0,45.468,45.656
281.321,train:DC4,99.0,384.6484375,17.1,2092.84375,2209.0,0.0,4286.0,961.0,1161.0,45.531,45.625
281.826,train:DC4,99.1,463.62109375,17.0,2092.8359375,2217.0,0.0,4326.0,960.0,1161.0,45.468,45.625
282.327,train:DC4,99.7,463.62109375,21.7,2100.921875,2209.0,0.0,4246.0,961.0,1161.0,45.343,45.562
282.829,train:DC4,99.6,463.62109375,17.9,2098.96875,2223.0,0.0,4326.0,1001.0,1161.0,45.531,45.531
283.331,train:DC4,99.7,463.62109375,17.7,2095.2578125,2215.0,0.0,4286.0,961.0,1161.0,45.625,45.625
283.833,train:DC4,101.5,461.37109375,18.2,2095.2578125,2204.0,0.0,4286.0,961.0,1161.0,45.468,45.625
284.336,train:DC4,99.6,454.87109375,17.0,2095.2578125,2219.0,0.0,4286.0,961.0,1161.0,45.5,45.718
284.837,train:DC4,99.6,438.37890625,17.3,2087.39453125,2219.0,0.0,4326.0,960.0,1160.0,45.468,45.656
285.339,train:DC5,99.7,454.87109375,22.2,2090.59765625,2211.0,0.0,4286.0,961.0,1161.0,45.687,45.625
285.841,train:DC5,99.6,448.37109375,19.9,2081.8984375,2216.0,0.0,4366.0,1040.0,1160.0,45.562,45.593
286.343,train:DC5,99.5,433.96875,21.7,2101.5859375,2225.0,0.0,4400.0,1040.0,1160.0,45.531,45.562
286.846,train:DC5,99.6,416.7421875,20.4,2085.96484375,2225.0,0.0,4400.0,1040.0,1160.0,45.625,45.625
287.348,train:DC5,99.6,404.5546875,17.8,2101.33984375,2225.0,0.0,4400.0,1040.0,1160.0,45.343,45.687
287.850,train:DC5,99.6,388.12109375,18.0,2093.60546875,2225.0,0.0,4366.0,1000.0,1160.0,45.531,45.687
288.352,train:DC5,99.6,463.62109375,24.9,2094.921875,2217.0,3.0,4400.0,1040.0,1200.0,45.406,45.625
288.854,train:DC5,99.6,463.62109375,26.5,2094.87109375,2219.0,3.0,4552.0,1158.0,1198.0,45.5,45.593
289.356,train:DC5,99.6,445.48828125,17.3,2087.14453125,2211.0,0.0,4400.0,1080.0,1160.0,45.75,45.75
289.858,train:DC6,101.6,463.62109375,20.5,2094.62109375,2211.0,0.0,4400.0,1040.0,1160.0,45.625,45.687
290.360,train:DC6,97.6,463.62109375,18.3,2102.25,2203.0,0.0,4326.0,1000.0,1160.0,45.562,45.843
290.862,train:DC6,101.6,463.62109375,20.8,2094.5234375,2218.0,0.0,4366.0,1000.0,1160.0,45.468,45.75
291.364,train:DC6,97.5,461.37109375,38.0,2095.00390625,2218.0,4.0,4440.0,1080.0,1160.0,45.687,45.75
291.866,train:DC6,99.6,450.37109375,44.5,2086.5,2210.0,22.0,5143.0,1552.0,1236.0,45.687,45.687
292.368,train:DC6,101.6,435.37109375,37.3,2101.85546875,2226.0,22.0,5023.0,1472.0,1234.0,45.781,45.781
292.871,train:DC6,97.5,418.22265625,37.4,2086.2265625,2226.0,8.0,4944.0,1433.0,1194.0,45.75,45.75
293.373,train:DC6,101.6,401.3671875,36.2,2101.6015625,2225.0,4.0,4904.0,1472.0,1194.0,45.625,45.625
293.875,train:DC1,97.7,416.7421875,37.7,2093.875,2225.0,4.0,4944.0,1512.0,1194.0,45.656,45.75
294.377,train:DC1,101.6,396.5546875,37.1,2094.46484375,2218.0,22.0,4984.0,1512.0,1194.0,45.875,45.75
294.888,train:DC1,99.7,384.6484375,40.4,2079.58203125,2219.0,4.0,4984.0,1552.0,1194.0,45.937,45.937
295.393,train:DC1,99.1,463.62109375,35.0,2094.95703125,2219.0,4.0,4904.0,1512.0,1194.0,45.75,45.75
295.895,train:DC1,99.6,463.62109375,36.6,2094.95703125,2219.0,3.0,4904.0,1472.0,1194.0,45.843,45.843
296.397,train:DC1,101.5,463.62109375,35.1,2102.5859375,2211.0,9.0,4904.0,1472.0,1194.0,45.843,45.843
296.900,train:DC1,97.5,463.32421875,37.5,2102.33984375,2211.0,22.0,4944.0,1433.0,1194.0,46.093,46.093
297.402,train:DC1,101.5,454.87109375,36.3,2102.33984375,2226.0,21.0,4904.0,1433.0,1194.0,45.718,45.875
297.904,train:DC1,99.5,434.72265625,42.1,2094.1640625,2218.0,4.0,5023.0,1512.0,1194.0,45.781,45.843
298.406,train:DC2,97.6,450.37109375,35.1,2094.1640625,2218.0,7.0,4944.0,1472.0,1194.0,45.781,45.875
298.908,train:DC2,101.6,436.14453125,36.4,2086.77734375,2211.0,4.0,4904.0,1472.0,1194.0,45.843,45.843
299.411,train:DC2,99.6,421.9296875,35.1,2094.2578125,2218.0,4.0,4904.0,1472.0,1194.0,45.656,45.812
299.913,train:DC2,99.6,404.5546875,36.9,2078.63671875,2218.0,29.0,4904.0,1472.0,1194.0,45.781,45.781
300.415,train:DC2,99.5,384.6484375,35.1,2101.88671875,2226.0,4.0,4904.0,1472.0,1194.0,46.0,46.0
300.917,train:DC2,99.6,463.62109375,40.9,2102.1875,2226.0,5.0,4976.0,1512.0,1194.0,45.875,45.875
301.419,train:DC2,99.6,463.62109375,25.7,2098.3125,2222.0,0.0,4792.0,1355.0,1196.0,45.75,45.75
301.921,train:DC2,99.6,463.625,18.0,2097.91796875,2210.0,0.0,4440.0,1080.0,1160.0,45.781,45.781
302.423,train:DC2,99.6,445.4921875,28.3,2097.91796875,2222.0,4.0,4440.0,1080.0,1160.0,45.843,45.843
302.925,train:DC3,99.6,463.625,38.1,2093.734375,2214.0,4.0,4824.0,1395.0,1196.0,45.687,45.906
303.427,train:DC3,99.6,463.625,32.7,2093.734375,2217.0,2.0,4904.0,1433.0,1196.0,45.687,45.75
303.929,train:DC3,101.6,454.890625,23.3,2094.20703125,2202.0,0.0,4560.0,1158.0,1198.0,45.937,45.937
304.431,train:DC3,97.6,448.375,18.9,2094.19921875,2218.0,0.0,4407.0,1040.0,1160.0,45.937,45.937
304.933,train:DC3,99.6,431.0,26.6,2086.44140625,2210.0,23.0,4560.0,1118.0,1198.0,45.812,45.843
305.437,train:DC3,99.3,414.078125,37.5,2093.921875,2218.0,22.0,4824.0,1355.0,1196.0,45.812,45.812
305.939,train:DC3,101.6,396.55859375,31.3,2086.19140625,2218.0,0.0,4824.0,1353.0,1196.0,45.625,45.875
306.456,train:DC3,98.5,384.65234375,25.4,2085.9453125,2217.0,8.0,4592.0,1196.0,1198.0,45.718,45.781
306.961,train:DC4,101.0,396.55859375,34.7,2140.98828125,2265.0,0.0,4632.0,1196.0,1198.0,45.781,45.843
307.464,train:DC4,97.4,384.65234375,37.4,2152.18359375,2284.0,9.0,5103.0,1512.0,1234.0,45.906,45.906
307.967,train:DC4,101.4,463.625,31.8,2152.25,2276.0,16.0,4864.0,1393.0,1236.0,45.593,45.937
308.469,train:DC4,99.6,463.625,20.1,2156.61328125,2280.0,0.0,4520.0,1118.0,1198.0,45.937,45.937
308.971,train:DC4,97.7,463.625,17.8,2203.453125,2327.0,0.0,4400.0,1040.0,1160.0,45.625,45.718
309.473,train:DC4,99.6,463.625,18.7,2196.28125,2319.0,0.0,4366.0,1000.0,1160.0,45.75,45.781
309.975,train:DC4,99.7,461.375,17.9,2190.99609375,2315.0,0.0,4326.0,1000.0,1160.0,45.812,45.937
310.477,train:DC4,97.6,450.375,22.3,2178.7890625,2309.0,0.0,4366.0,1000.0,1160.0,45.625,45.812
310.979,train:DC4,99.6,434.7265625,22.5,2171.53515625,2295.0,21.0,4366.0,1040.0,1160.0,45.625,45.718
311.480,train:DC5,99.6,450.375,19.9,2150.125,2279.0,0.0,4326.0,1000.0,1160.0,45.531,45.781
311.983,train:DC5,99.5,437.8125,37.9,2182.73046875,2307.0,0.0,4752.0,1275.0,1196.0,45.937,45.937
312.485,train:DC5,99.6,416.74609375,55.6,2175.1484375,2299.0,4.0,5183.0,1632.0,1234.0,45.875,45.875
312.987,train:DC5,99.6,404.55859375,37.9,2166.8515625,2291.0,4.0,5023.0,1552.0,1194.0,45.843,45.843
313.491,train:DC5,99.2,384.65234375,46.8,2172.9765625,2297.0,22.0,5095.0,1552.0,1194.0,45.843,46.0
313.993,train:DC5,101.7,463.625,39.5,2175.11328125,2297.0,22.0,5095.0,1552.0,1194.0,45.843,46.0
314.495,train:DC5,99.5,463.625,26.4,2163.5859375,2299.0,8.0,4984.0,1472.0,1194.0,45.718,46.0
314.997,train:DC5,99.6,463.625,21.9,2171.28125,2287.0,0.0,4632.0,1238.0,1198.0,45.718,45.906
315.499,train:DC5,99.6,445.4921875,18.0,2166.7109375,2295.0,0.0,4480.0,1078.0,1158.0,45.562,45.875
316.001,train:DC6,99.6,463.625,18.2,2158.0234375,2289.0,0.0,4400.0,1040.0,1160.0,45.625,45.843
316.503,train:DC6,99.6,463.625,22.5,2155.62109375,2282.0,0.0,4326.0,1000.0,1160.0,45.937,45.937
317.004,train:DC6,99.7,461.375,31.4,2149.0,2273.0,0.0,4366.0,1040.0,1160.0,45.75,45.875
317.506,train:DC6,99.6,450.375,37.6,2168.42578125,2281.0,22.0,4592.0,1196.0,1198.0,45.875,45.875
318.008,train:DC6,101.6,437.9296875,35.8,2152.26171875,2292.0,22.0,4744.0,1315.0,1196.0,45.906,45.906
318.510,train:DC6,99.6,422.875,23.3,2107.83984375,2284.0,23.0,4744.0,1313.0,1196.0,45.75,45.968
319.013,train:DC6,99.5,404.55859375,21.5,2073.66015625,2243.0,0.0,4480.0,1118.0,1200.0,45.625,45.906
319.515,train:DC6,99.6,384.65234375,25.2,2133.69921875,2213.0,0.0,4407.0,1040.0,1160.0,45.625,45.875
320.017,train:DC1,99.6,404.55859375,18.4,2133.69921875,2257.0,33.0,4520.0,1118.0,1200.0,46.031,46.031
320.518,train:DC1,99.7,384.65234375,32.8,2121.171875,2257.0,0.0,4407.0,1040.0,1160.0,45.687,45.875
321.021,train:DC1,99.4,463.625,36.0,2132.7890625,2245.0,37.0,4672.0,1236.0,1198.0,45.656,45.906
321.523,train:DC1,97.6,463.625,23.4,2131.640625,2249.0,3.0,4864.0,1393.0,1196.0,45.843,45.875
322.025,train:DC1,101.6,463.625,18.9,2131.39453125,2255.0,0.0,4560.0,1158.0,1198.0,46.0,46.0
322.527,train:DC1,99.6,463.625,37.4,2130.05859375,2255.0,0.0,4440.0,1080.0,1160.0,45.718,45.812
323.029,train:DC1,99.6,461.375,36.2,2129.78125,2254.0,4.0,4824.0,1395.0,1196.0,45.968,45.968
323.531,train:DC1,99.6,450.375,24.1,2124.1875,2254.0,4.0,4904.0,1472.0,1194.0,46.062,46.062
324.033,train:DC1,99.6,434.7265625,19.7,2108.56640625,2248.0,0.0,4592.0,1198.0,1198.0,45.75,45.968
324.535,train:DC2,99.5,450.375,20.7,2109.2109375,2234.0,0.0,4400.0,1080.0,1160.0,45.625,45.875
325.037,train:DC2,99.6,435.375,33.6,2113.296875,2245.0,0.0,4400.0,1040.0,1160.0,45.687,45.906
325.539,train:DC2,99.6,422.875,38.7,2114.6484375,2241.0,4.0,4744.0,1355.0,1196.0,45.968,45.968
326.041,train:DC2,99.5,404.55859375,25.0,2080.98828125,2246.0,4.0,5023.0,1512.0,1194.0,46.25,46.25
326.543,train:DC2,97.6,384.65234375,21.7,2128.38671875,2236.0,0.0,4560.0,1158.0,1198.0,45.875,45.875
327.045,train:DC2,99.7,463.625,22.2,2135.8671875,2252.0,0.0,4440.0,1080.0,1160.0,45.812,45.937
327.547,train:DC2,97.6,463.625,18.8,2135.8671875,2260.0,0.0,4366.0,1040.0,1160.0,45.625,45.906
328.049,train:DC2,99.6,463.625,34.6,2175.31640625,2224.0,47.0,4366.0,1040.0,1160.0,46.218,46.218
328.551,train:DC2,99.6,445.4921875,39.2,2175.31640625,2299.0,25.0,4792.0,1355.0,1196.0,46.187,46.187
329.053,train:DC3,99.6,463.625,33.9,2175.5625,2284.0,4.0,5023.0,1552.0,1194.0,46.187,46.187
329.555,train:DC3,99.6,463.625,21.0,2175.21875,2299.0,0.0,4592.0,1198.0,1198.0,46.0,46.0
330.056,train:DC3,101.7,461.375,21.4,2167.74609375,2299.0,0.0,4440.0,1080.0,1160.0,45.906,45.968
330.558,train:DC3,99.6,450.375,33.1,2165.3203125,2294.0,5.0,4480.0,1118.0,1160.0,45.937,45.937
331.060,train:DC3,99.6,441.875,36.5,2161.26953125,2289.0,4.0,4824.0,1395.0,1196.0,46.031,46.031
331.562,train:DC3,99.6,429.125,22.2,2156.4609375,2289.0,0.0,4864.0,1433.0,1196.0,46.406,46.406
332.064,train:DC3,101.6,416.74609375,24.7,2155.2421875,2288.0,0.0,4600.0,1198.0,1198.0,46.093,45.937
332.566,train:DC3,97.6,401.390625,17.7,2141.4921875,2287.0,0.0,4440.0,1080.0,1160.0,45.937,45.937
333.068,train:DC4,99.6,416.74609375,34.0,2143.33203125,2265.0,6.0,4480.0,1118.0,1158.0,46.125,46.125
333.570,train:DC4,101.6,404.55859375,36.8,2142.85546875,2283.0,21.0,4824.0,1395.0,1196.0,46.093,46.093
334.072,train:DC4,97.6,388.52734375,26.4,2150.3359375,2267.0,4.0,4904.0,1472.0,1194.0,46.062,46.062
334.574,train:DC4,101.6,463.625,18.1,2143.2734375,2274.0,0.0,4560.0,1158.0,1198.0,46.0,46.0
335.075,train:DC4,99.6,463.625,24.0,2139.1328125,2263.0,0.0,4440.0,1078.0,1200.0,46.281,45.906
335.578,train:DC4,99.6,463.625,33.1,2134.39453125,2255.0,23.0,4520.0,1158.0,1198.0,45.937,46.0
336.079,train:DC4,101.6,463.625,37.2,2134.03515625,2250.0,22.0,4744.0,1275.0,1196.0,45.968,45.968
336.581,train:DC4,97.6,461.4140625,20.6,2132.35546875,2254.0,0.0,4672.0,1236.0,1196.0,46.0,46.0
337.084,train:DC4,101.4,445.4921875,27.3,2124.5390625,2248.0,0.0,4400.0,1080.0,1160.0,45.937,46.125
337.586,train:DC5,99.6,463.625,36.7,2127.19140625,2248.0,24.0,4672.0,1236.0,1196.0,46.093,46.093
338.090,train:DC5,99.3,454.875,32.4,2122.8203125,2243.0,4.0,4784.0,1353.0,1196.0,45.968,46.125
338.591,train:DC5,99.6,448.375,17.2,2110.87109375,2247.0,0.0,4552.0,1158.0,1198.0,45.937,46.062
339.093,train:DC5,101.6,435.125,30.7,2110.2734375,2242.0,0.0,4440.0,1080.0,1160.0,46.0,46.0
339.596,train:DC5,99.5,416.74609375,35.3,2107.1875,2241.0,4.0,4784.0,1355.0,1196.0,46.031,46.031
340.097,train:DC5,99.6,404.55859375,30.6,2106.75390625,2238.0,4.0,4904.0,1472.0,1194.0,46.062,46.062
340.599,train:DC5,99.6,387.6875,21.1,2102.98046875,2238.0,0.0,4520.0,1158.0,1160.0,46.093,46.093
341.101,train:DC5,101.6,463.625,27.4,2109.6171875,2228.0,0.0,4400.0,1040.0,1160.0,46.156,46.156
341.603,train:DC6,97.7,384.6796875,31.4,2100.74609375,2233.0,24.0,4520.0,1118.0,1198.0,46.0,46.125
342.105,train:DC6,99.5,463.625,35.9,2108.21875,2232.0,8.0,4784.0,1355.0,1196.0,46.062,46.062
342.607,train:DC6,99.7,463.625,26.5,2105.8515625,2232.0,4.0,4864.0,1433.0,1196.0,46.125,46.125
343.109,train:DC6,101.7,463.625,20.4,2105.74609375,2214.0,0.0,4520.0,1118.0,1198.0,46.062,46.062
343.610,train:DC6,99.7,463.625,18.4,2103.24609375,2229.0,0.0,4400.0,1080.0,1160.0,46.0,46.0
344.112,train:DC6,99.6,461.375,19.4,2103.4453125,2219.0,0.0,4366.0,1000.0,1160.0,45.937,45.968
344.615,train:DC6,99.5,448.62890625,34.0,2085.18359375,2159.0,24.0,4480.0,1118.0,1160.0,45.687,45.968
345.117,train:DC6,99.4,435.375,40.3,2093.05859375,2225.0,20.0,4784.0,1315.0,1196.0,46.093,46.093
345.620,train:DC6,99.5,417.4609375,32.3,2078.10546875,2248.0,0.0,4864.0,1393.0,1196.0,46.0,46.0
346.122,train:DC1,101.5,435.375,22.0,2101.73046875,2225.0,0.0,4480.0,1118.0,1160.0,45.812,46.093
346.624,train:DC1,99.6,422.875,31.1,2108.71484375,2241.0,22.0,4672.0,1236.0,1198.0,45.906,46.0
347.127,train:DC1,97.5,404.55859375,33.2,2105.69140625,2237.0,22.0,4672.0,1196.0,1196.0,46.0,46.0
347.629,train:DC1,101.6,384.65234375,43.9,2111.06640625,2243.0,22.0,4984.0,1433.0,1194.0,45.968,46.0
348.131,train:DC1,97.5,463.625,38.1,2115.0546875,2239.0,23.0,4904.0,1393.0,1194.0,46.093,46.093
348.634,train:DC1,99.5,463.625,26.3,2110.640625,2233.0,0.0,4752.0,1315.0,1196.0,46.187,46.187
349.136,train:DC1,101.6,463.625,18.1,2118.26953125,2228.0,0.0,4440.0,1080.0,1160.0,45.875,46.156
349.638,train:DC1,97.6,463.625,20.3,2118.00390625,2242.0,0.0,4366.0,1000.0,1160.0,45.843,46.062
350.140,train:DC1,101.6,445.4921875,31.0,2110.27734375,2234.0,23.0,4480.0,1118.0,1198.0,45.906,46.093
350.642,train:DC2,99.6,463.625,42.4,2111.18359375,2235.0,15.0,4904.0,1433.0,1196.0,46.187,46.187
351.144,train:DC2,97.6,461.375,27.2,2110.9375,2219.0,0.0,4784.0,1395.0,1196.0,46.031,46.125
351.646,train:DC2,101.6,454.875,18.0,2118.8125,2243.0,0.0,4440.0,1080.0,1160.0,46.0,46.0
352.148,train:DC2,99.6,448.375,18.3,2114.9375,2235.0,0.0,4366.0,1040.0,1160.0,45.875,46.062
352.650,train:DC2,99.6,435.375,29.3,2099.55078125,2223.0,4.0,4512.0,1158.0,1158.0,46.125,46.125
353.152,train:DC2,99.6,418.16796875,37.0,2115.14453125,2239.0,4.0,4784.0,1395.0,1196.0,46.093,46.093
353.654,train:DC2,99.6,404.55859375,31.6,2103.24609375,2235.0,0.0,4784.0,1355.0,1196.0,46.093,46.093
354.156,train:DC2,99.6,385.734375,20.8,2099.75390625,2231.0,0.0,4440.0,1118.0,1160.0,45.843,46.093
354.658,train:DC3,99.5,409.66796875,19.2,2089.38671875,2213.0,0.0,4366.0,1040.0,1160.0,45.718,46.062
355.160,train:DC3,99.6,388.52734375,33.7,2112.6171875,2236.0,4.0,4632.0,1238.0,1198.0,46.062,46.062
355.662,train:DC3,99.6,463.625,37.5,2110.375,2234.0,4.0,4864.0,1433.0,1196.0,46.0,46.0
356.164,train:DC3,99.6,463.625,25.0,2110.12890625,2234.0,0.0,4632.0,1275.0,1198.0,46.156,46.156
356.666,train:DC3,99.6,463.625,22.3,2108.01171875,2232.0,0.0,4480.0,1118.0,1200.0,46.0,45.906
357.168,train:DC3,99.6,463.625,19.5,2100.875,2225.0,0.0,4366.0,1040.0,1160.0,46.0,46.093
357.670,train:DC3,99.5,463.625,34.1,2099.671875,2223.0,4.0,4632.0,1196.0,1198.0,45.875,46.156
358.172,train:DC3,99.6,454.875,37.9,2095.7890625,2220.0,4.0,4904.0,1433.0,1196.0,46.093,46.093
358.674,train:DC3,101.6,438.3828125,26.5,2086.3125,2210.0,0.0,4672.0,1275.0,1198.0,45.812,46.093
359.176,train:DC4,99.6,454.875,17.2,2095.53515625,2215.0,0.0,4400.0,1080.0,1160.0,45.906,46.093
359.678,train:DC4,97.6,448.375,23.4,2096.171875,2221.0,0.0,4440.0,1080.0,1160.0,46.093,46.093
360.180,train:DC4,101.5,433.390625,30.1,2088.16015625,2212.0,21.0,4632.0,1198.0,1198.0,46.343,46.125
360.683,train:DC4,97.5,416.74609375,36.0,2086.5859375,2210.0,8.0,4744.0,1315.0,1196.0,45.843,46.031
361.185,train:DC4,101.6,401.01171875,24.4,2090.4765625,2214.0,0.0,4560.0,1158.0,1158.0,46.0,46.0
361.687,train:DC4,99.6,384.65234375,18.9,2089.140625,2213.0,40.0,4400.0,1080.0,1160.0,46.062,46.062
362.189,train:DC4,99.5,463.625,38.5,2093.12890625,2213.0,40.0,4400.0,1080.0,1160.0,46.062,46.062
362.691,train:DC4,99.6,463.625,37.7,2091.8515625,2217.0,21.0,4784.0,1355.0,1196.0,46.312,46.312
363.193,train:DC4,99.5,445.4921875,25.5,2083.33984375,2216.0,2.0,4904.0,1433.0,1194.0,46.156,46.156
363.695,train:DC5,99.6,463.625,26.5,2090.73828125,2207.0,0.0,4592.0,1198.0,1198.0,46.093,46.312
364.198,train:DC5,99.5,463.625,37.1,2090.5546875,2214.0,4.0,4552.0,1158.0,1198.0,46.0,46.125
364.700,train:DC5,99.6,463.625,37.1,2101.91015625,2214.0,4.0,4784.0,1395.0,1196.0,46.0,46.312
365.202,train:DC5,101.6,454.875,30.5,2094.18359375,2226.0,22.0,4904.0,1472.0,1194.0,46.031,46.031
365.704,train:DC5,97.6,446.97265625,26.7,2090.40625,2218.0,22.0,4784.0,1355.0,1196.0,46.031,46.281
366.206,train:DC5,99.6,429.12890625,41.3,2081.41796875,2214.0,4.0,4632.0,1236.0,1198.0,46.218,46.218
366.708,train:DC5,99.6,410.625,34.7,2088.75390625,2205.0,4.0,4864.0,1433.0,1196.0,46.187,46.187
367.210,train:DC5,101.5,394.30859375,19.9,2085.26171875,2212.0,0.0,4824.0,1395.0,1196.0,46.093,46.093
367.712,train:DC6,99.5,412.625,18.3,2077.37890625,2209.0,0.0,4480.0,1118.0,1160.0,46.093,46.187
368.215,train:DC6,99.5,396.5625,20.2,2092.734375,2201.0,0.0,4366.0,1040.0,1160.0,45.937,46.156
368.720,train:DC6,99.0,384.65625,20.8,2085.0,2216.0,0.0,4366.0,1040.0,1160.0,45.812,46.156
369.222,train:DC6,99.5,463.62890625,22.5,2092.30078125,2209.0,0.0,4326.0,1000.0,1161.0,45.906,46.062
369.725,train:DC6,101.5,463.62890625,21.9,2091.9296875,2216.0,0.0,4407.0,1040.0,1160.0,46.093,46.093
370.227,train:DC6,97.6,463.62890625,37.4,2091.68359375,2216.0,21.0,4520.0,1118.0,1198.0,46.093,46.093
370.729,train:DC6,99.6,463.62890625,35.6,2091.68359375,2215.0,4.0,4824.0,1395.0,1196.0,46.125,46.125
371.231,train:DC6,101.6,454.87890625,19.3,2087.80859375,2215.0,0.0,4784.0,1395.0,1196.0,46.125,46.187
371.732,train:DC6,97.6,438.38671875,21.5,2073.91015625,2212.0,0.0,4480.0,1118.0,1160.0,46.0,46.218
372.234,train:DC1,99.6,454.87890625,29.3,2083.95703125,2199.0,0.0,4400.0,1040.0,1160.0,45.843,46.125
372.737,train:DC1,99.5,443.8515625,38.2,2087.6328125,2216.0,24.0,4592.0,1198.0,1198.0,46.0,46.062
373.239,train:DC1,101.6,429.12890625,35.7,2083.3515625,2211.0,4.0,4864.0,1433.0,1196.0,46.312,46.312
373.741,train:DC1,99.6,412.625,21.5,2082.95703125,2208.0,0.0,4824.0,1353.0,1196.0,46.031,46.125
374.243,train:DC1,97.5,396.5625,19.5,2082.91015625,2211.0,0.0,4520.0,1118.0,1158.0,46.031,46.125
374.752,train:DC1,102.2,384.65625,23.3,2082.6640625,2207.0,0.0,4407.0,1040.0,1160.0,45.875,46.125
375.255,train:DC1,97.6,463.62890625,43.7,2097.39453125,2206.0,19.0,4560.0,1158.0,1198.0,46.062,46.093
375.757,train:DC1,101.6,463.62890625,34.9,2097.1484375,2221.0,7.0,4944.0,1472.0,1196.0,46.468,46.468
376.259,train:DC1,97.6,445.49609375,19.3,2089.421875,2213.0,0.0,4784.0,1355.0,1196.0,46.093,46.093
376.761,train:DC2,99.6,463.62890625,18.3,2089.51953125,2213.0,0.0,4480.0,1118.0,1160.0,46.093,46.093
377.263,train:DC2,101.6,463.62890625,22.3,2097.1484375,2198.0,0.0,4400.0,1080.0,1160.0,46.125,46.125
377.765,train:DC2,99.6,463.05859375,36.1,2094.9765625,2221.0,5.0,4632.0,1238.0,1198.0,46.281,46.281
378.267,train:DC2,99.6,454.87890625,38.6,2088.234375,2219.0,4.0,4864.0,1433.0,1196.0,46.187,46.187
378.769,train:DC2,99.6,444.31640625,21.8,2084.94140625,2213.0,0.0,4824.0,1313.0,1196.0,46.093,46.093
379.271,train:DC2,99.5,429.12890625,18.3,2084.84375,2212.0,0.0,4520.0,1118.0,1198.0,46.156,46.156
379.773,train:DC2,99.6,415.62890625,23.3,2092.3359375,2224.0,0.0,4366.0,1000.0,1160.0,46.093,46.125
380.275,train:DC2,99.6,395.64453125,35.9,2088.59765625,2220.0,20.0,4672.0,1238.0,1198.0,46.281,46.281
380.777,train:DC3,99.6,411.05859375,34.3,2080.71484375,2212.0,4.0,4824.0,1433.0,1196.0,46.093,46.093
381.279,train:DC3,99.6,396.5625,20.6,2096.0703125,2206.0,0.0,4672.0,1275.0,1198.0,46.281,46.281
381.794,train:DC3,101.0,384.65625,28.2,2079.84765625,2219.0,0.0,4560.0,1158.0,1198.0,46.093,46.093
382.299,train:DC3,99.0,463.62890625,22.8,2095.22265625,2204.0,0.0,4440.0,1080.0,1160.0,46.031,46.093
382.802,train:DC3,99.5,463.62890625,37.9,2095.44140625,2219.0,6.0,4632.0,1198.0,1198.0,46.281,46.281
383.304,train:DC3,99.6,463.62890625,33.3,2088.3046875,2211.0,9.0,4864.0,1433.0,1196.0,46.343,46.343
383.806,train:DC3,99.6,463.62890625,18.7,2089.0,2205.0,0.0,4704.0,1275.0,1196.0,46.125,46.125
384.307,train:DC3,97.7,455.05078125,19.2,2082.1015625,2213.0,0.0,4512.0,1118.0,1158.0,46.093,46.25
384.809,train:DC3,101.6,438.38671875,28.5,2083.234375,2215.0,0.0,4520.0,1118.0,1198.0,46.093,46.187
385.311,train:DC4,99.6,454.87890625,36.3,2083.82421875,2207.0,20.0,4752.0,1315.0,1196.0,46.156,46.156
385.813,train:DC4,99.6,445.42578125,33.4,2086.671875,2214.0,4.0,4904.0,1472.0,1196.0,46.062,46.093
386.316,train:DC4,99.5,429.12890625,19.5,2086.57421875,2214.0,0.0,4712.0,1275.0,1196.0,46.0,46.312
386.818,train:DC4,101.6,416.75,17.3,2086.25,2218.0,0.0,4440.0,1080.0,1160.0,46.25,46.25
387.320,train:DC4,97.6,396.5625,23.0,2101.60546875,2225.0,0.0,4326.0,1000.0,1161.0,46.031,46.062
387.839,train:DC4,100.2,384.65625,41.3,2086.4765625,2226.0,23.0,4752.0,1315.0,1198.0,46.093,46.093
388.344,train:DC4,99.0,463.62890625,36.5,2101.8515625,2210.0,21.0,4864.0,1393.0,1196.0,46.25,46.25
388.846,train:DC4,101.5,463.62890625,36.5,2101.8515625,2226.0,23.0,4824.0,1353.0,1196.0,46.437,46.437
389.348,train:DC4,99.6,445.49609375,18.5,2093.98828125,2218.0,0.0,4592.0,1198.0,1198.0,46.062,46.281
389.851,train:DC5,99.6,463.62890625,19.8,2097.96875,2222.0,0.0,4440.0,1080.0,1160.0,46.062,46.312
390.353,train:DC5,99.6,463.62890625,27.3,2097.72265625,2206.0,0.0,4400.0,1040.0,1160.0,46.031,46.25
390.855,train:DC5,99.6,463.62890625,40.9,2090.5859375,2214.0,4.0,4712.0,1315.0,1196.0,46.187,46.281
391.357,train:DC5,99.6,454.87890625,31.5,2090.5859375,2214.0,4.0,4944.0,1472.0,1194.0,46.062,46.187
391.859,train:DC5,99.6,447.81640625,17.8,2078.52734375,2214.0,0.0,4560.0,1158.0,1198.0,45.968,46.343
392.361,train:DC5,99.6,429.12890625,17.8,2098.21484375,2222.0,0.0,4407.0,1040.0,1160.0,46.187,46.187
392.863,train:DC5,99.6,416.75,25.2,2090.3515625,2222.0,0.0,4326.0,1000.0,1161.0,46.0,46.281
393.365,train:DC5,99.6,397.55859375,37.0,2086.69140625,2218.0,4.0,4712.0,1315.0,1196.0,46.156,46.218
393.867,train:DC6,99.6,411.78515625,34.1,2077.984375,2210.0,4.0,4864.0,1472.0,1196.0,46.218,46.312
394.369,train:DC6,99.6,396.5625,18.1,2093.33984375,2217.0,0.0,4560.0,1158.0,1158.0,46.062,46.125
394.877,train:DC6,100.3,384.65625,18.7,2085.35546875,2217.0,0.0,4440.0,1040.0,1160.0,46.312,46.312
395.382,train:DC6,99.0,463.62890625,25.1,2089.34375,2213.0,0.0,4366.0,1000.0,1160.0,46.093,46.093
395.884,train:DC6,99.6,463.62890625,36.0,2097.21875,2205.0,23.0,4752.0,1315.0,1196.0,46.187,46.187
396.386,train:DC6,99.6,463.62890625,32.4,2089.4921875,2213.0,4.0,4864.0,1433.0,1196.0,46.343,46.343
396.889,train:DC6,101.5,463.62890625,21.7,2097.375,2206.0,0.0,4520.0,1158.0,1158.0,46.093,46.156
397.391,train:DC6,97.6,454.95703125,18.7,2097.375,2221.0,0.0,4400.0,1080.0,1160.0,46.093,46.125
397.893,train:DC6,101.5,438.87109375,19.5,2081.1484375,2205.0,0.0,4366.0,1040.0,1160.0,45.968,46.093
398.395,train:DC1,97.6,454.890625,18.1,2082.7421875,2205.0,0.0,4366.0,1040.0,1160.0,46.281,46.281
398.898,train:DC1,101.5,448.37890625,21.5,2092.6484375,2212.0,0.0,4366.0,1040.0,1160.0,46.062,46.218
399.400,train:DC1,99.6,435.37890625,17.3,2085.16796875,2217.0,0.0,4326.0,1000.0,1160.0,46.156,46.156
399.902,train:DC1,99.6,420.87890625,18.7,2084.75390625,2216.0,0.0,4286.0,961.0,1161.0,46.218,46.218
400.404,train:DC1,99.5,404.5625,20.4,2092.06640625,2216.0,0.0,4407.0,1000.0,1160.0,46.093,46.312
400.906,train:DC1,101.6,388.53125,19.3,2083.97265625,2216.0,0.0,4326.0,1000.0,1161.0,46.031,46.187
401.409,train:DC1,97.4,463.62890625,19.2,2091.46875,2215.0,0.0,4326.0,1000.0,1161.0,45.937,46.281
401.912,train:DC1,101.6,463.62890625,18.0,2088.98046875,2211.0,0.0,4366.0,1000.0,1160.0,46.218,46.062
402.413,train:DC1,97.7,445.49609375,18.0,2081.25390625,2205.0,0.0,4326.0,1000.0,1160.0,46.0,46.093
402.915,train:DC2,99.7,463.62890625,17.6,2150.33984375,2274.0,0.0,4366.0,1000.0,1160.0,46.093,46.093
403.417,train:DC2,97.6,463.62890625,32.3,2141.45703125,2265.0,4.0,4520.0,1118.0,1198.0,46.156,46.187
403.919,train:DC2,99.6,463.62890625,35.5,2117.40625,2218.0,4.0,4784.0,1355.0,1196.0,46.375,46.375
404.421,train:DC2,101.6,456.80859375,28.1,2117.40625,2241.0,0.0,4784.0,1395.0,1196.0,46.125,46.156
404.923,train:DC2,97.6,450.37890625,18.1,2113.53125,2233.0,0.0,4440.0,1120.0,1160.0,46.093,46.218
405.425,train:DC2,99.6,437.8203125,22.1,2107.91796875,2232.0,0.0,4552.0,1118.0,1158.0,46.156,46.156
405.928,train:DC2,101.6,422.87890625,17.3,2107.4765625,2231.0,0.0,4366.0,1000.0,1160.0,45.968,46.125
406.429,train:DC2,99.7,407.41015625,22.3,2114.46484375,2238.0,0.0,4407.0,1040.0,1160.0,46.093,46.125
406.931,train:DC3,99.5,422.87890625,25.2,2106.73828125,2230.0,21.0,4440.0,1080.0,1160.0,46.0,46.187
407.434,train:DC3,97.6,406.5625,37.1,2114.21875,2238.0,21.0,4744.0,1315.0,1196.0,46.343,46.343
407.936,train:DC3,99.6,388.53125,27.3,2098.59765625,2238.0,0.0,4712.0,1315.0,1196.0,46.375,46.375
408.438,train:DC3,101.6,463.62890625,17.1,2113.97265625,2238.0,0.0,4400.0,1080.0,1160.0,46.093,46.156
408.939,train:DC3,99.8,463.62890625,17.0,2112.68359375,2236.0,0.0,4326.0,1001.0,1161.0,46.093,46.312
409.440,train:DC3,99.8,463.62890625,22.3,2112.15625,2236.0,0.0,4407.0,1040.0,1160.0,46.0,46.25
409.942,train:DC3,99.6,463.62890625,16.7,2119.65234375,2236.0,0.0,4326.0,1001.0,1161.0,46.093,46.218
410.443,train:DC3,99.7,463.62890625,17.9,2119.65234375,2243.0,0.0,4326.0,960.0,1160.0,45.968,46.156
410.945,train:DC3,99.6,445.49609375,17.3,2111.78125,2236.0,0.0,4326.0,960.0,1161.0,46.093,46.125
411.447,train:DC4,97.7,463.62890625,16.7,2115.76953125,2240.0,0.0,4286.0,961.0,1161.0,46.156,46.156
411.948,train:DC4,101.8,461.37890625,17.7,2113.6953125,2223.0,0.0,4286.0,961.0,1161.0,46.062,46.312
412.449,train:DC4,99.7,450.37890625,21.4,2113.26953125,2237.0,0.0,4407.0,1040.0,1160.0,46.0,46.156
412.951,train:DC4,99.6,441.87890625,18.1,2095.16796875,2219.0,0.0,4286.0,1001.0,1161.0,46.031,46.187
413.453,train:DC4,99.6,422.87890625,39.8,2118.41796875,2242.0,15.0,4712.0,1275.0,1198.0,46.593,46.593
413.955,train:DC4,99.6,404.5625,35.7,2108.16015625,2232.0,4.0,4824.0,1393.0,1196.0,46.281,46.281
414.457,train:DC4,99.7,388.53125,16.8,2110.9375,2239.0,0.0,4480.0,1120.0,1160.0,46.187,46.187
414.958,train:DC4,99.7,463.62890625,18.2,2108.484375,2232.0,0.0,4326.0,1000.0,1160.0,46.218,46.281
415.459,train:DC5,99.7,388.53125,23.0,2099.81640625,2224.0,0.0,4440.0,1078.0,1160.0,46.187,46.25
415.962,train:DC5,99.6,463.62890625,37.1,2104.796875,2229.0,22.0,4704.0,1236.0,1196.0,46.218,46.25
416.464,train:DC5,99.6,463.62890625,36.8,2101.16015625,2225.0,21.0,4824.0,1313.0,1196.0,46.125,46.125
416.965,train:DC5,99.6,463.62890625,29.5,2099.71484375,2223.0,0.0,4712.0,1275.0,1196.0,46.375,46.25
417.468,train:DC5,97.6,463.62890625,19.3,2099.71484375,2223.0,0.0,4440.0,1080.0,1160.0,46.156,46.437
417.970,train:DC5,101.5,454.359375,21.4,2078.1015625,2198.0,9.0,4400.0,1080.0,1160.0,46.25,46.25
418.472,train:DC5,99.6,441.87890625,38.9,2095.3828125,2198.0,9.0,4400.0,1080.0,1160.0,46.25,46.25
418.974,train:DC5,99.6,427.12890625,38.9,2080.0078125,2219.0,4.0,4864.0,1435.0,1196.0,46.468,46.468
419.476,train:DC5,97.6,412.38671875,18.8,2095.3828125,2204.0,3.0,4944.0,1472.0,1194.0,46.156,46.343
419.978,train:DC6,101.7,429.12890625,19.3,2087.65625,2219.0,0.0,4480.0,1120.0,1160.0,46.093,46.281
420.480,train:DC6,99.5,416.72265625,36.5,2089.23046875,2211.0,23.0,4440.0,1080.0,1160.0,46.187,46.312
420.982,train:DC6,99.6,396.5625,36.9,2081.50390625,2213.0,15.0,4752.0,1355.0,1196.0,46.281,46.281
421.488,train:DC6,100.9,384.65625,24.4,2081.23828125,2205.0,4.0,4864.0,1433.0,1196.0,46.25,46.281
421.989,train:DC6,97.6,463.62890625,25.6,2097.09765625,2205.0,0.0,4552.0,1156.0,1158.0,46.093,46.187
422.491,train:DC6,99.6,463.62890625,21.7,2097.09765625,2221.0,0.0,4520.0,1118.0,1198.0,46.093,46.187
422.993,train:DC6,101.6,463.62890625,37.4,2093.22265625,2221.0,25.0,4480.0,1118.0,1198.0,46.156,46.218
423.495,train:DC6,99.6,463.62890625,35.0,2089.28515625,2217.0,22.0,4704.0,1275.0,1196.0,46.437,46.468
423.997,train:DC6,99.7,445.49609375,21.9,2081.421875,2213.0,4.0,4824.0,1393.0,1196.0,46.093,46.25
424.499,train:DC1,97.6,463.62890625,18.1,2089.1015625,2205.0,0.0,4480.0,1118.0,1160.0,46.187,46.375
425.001,train:DC1,101.6,455.8046875,24.3,2092.79296875,2213.0,0.0,4366.0,1040.0,1160.0,46.25,46.25
425.502,train:DC1,99.7,450.03125,18.8,2092.79296875,2217.0,0.0,4366.0,1040.0,1160.0,46.093,46.343
426.004,train:DC1,99.6,435.37890625,18.3,2088.91796875,2217.0,0.0,4326.0,1000.0,1161.0,46.093,46.125
426.506,train:DC1,99.6,422.87890625,19.3,2081.04296875,2213.0,0.0,4286.0,1001.0,1161.0,46.187,46.343
427.008,train:DC1,99.6,404.5625,36.5,2080.9375,2205.0,24.0,4440.0,1080.0,1200.0,46.093,46.281
427.510,train:DC1,99.6,384.65625,34.3,2080.5546875,2205.0,22.0,4712.0,1236.0,1196.0,46.156,46.25
428.012,train:DC1,99.6,463.62890625,23.3,2089.46484375,2204.0,0.0,4632.0,1236.0,1198.0,46.031,46.25
428.515,train:DC1,99.5,384.65625,35.9,2077.80078125,2209.0,29.0,4592.0,1198.0,1198.0,46.093,46.156
429.017,train:DC2,99.5,463.62890625,36.4,2093.15625,2202.0,18.0,4784.0,1355.0,1196.0,46.5,46.5
429.519,train:DC2,99.6,463.62890625,21.8,2093.15625,2217.0,0.0,4712.0,1315.0,1196.0,46.187,46.187
430.021,train:DC2,99.6,463.62890625,17.3,2092.91015625,2201.0,0.0,4480.0,1118.0,1160.0,46.156,46.156
430.523,train:DC2,99.7,463.62890625,17.3,2092.91015625,2217.0,0.0,4366.0,1040.0,1160.0,46.281,46.281
431.024,train:DC2,99.7,461.03125,22.5,2093.15625,2217.0,0.0,4286.0,961.0,1161.0,46.093,46.25
431.526,train:DC2,99.6,450.37890625,17.8,2093.1484375,2217.0,0.0,4366.0,1040.0,1160.0,46.093,46.218
432.028,train:DC2,99.6,435.37890625,37.2,2089.265625,2217.0,21.0,4560.0,1118.0,1198.0,46.093,46.156
432.530,train:DC2,99.6,417.46484375,34.0,2081.390625,2213.0,21.0,4784.0,1355.0,1196.0,46.406,46.406
433.032,train:DC3,99.6,435.37890625,17.6,2073.5703125,2205.0,0.0,4672.0,1275.0,1198.0,46.093,46.406
433.534,train:DC3,101.6,422.87890625,16.9,2095.921875,2221.0,0.0,4407.0,1040.0,1160.0,46.093,46.187
434.035,train:DC3,99.6,407.11328125,23.1,2080.87109375,2220.0,0.0,4326.0,1001.0,1161.0,46.062,46.343
434.538,train:DC3,97.6,388.53125,36.6,2088.38671875,2205.0,23.0,4592.0,1198.0,1198.0,46.531,46.531
435.040,train:DC3,99.6,463.62890625,35.5,2088.97265625,2212.0,22.0,4784.0,1355.0,1196.0,46.187,46.312
435.541,train:DC3,101.7,463.62890625,17.3,2088.8046875,2213.0,0.0,4672.0,1275.0,1198.0,46.187,46.343
436.043,train:DC3,99.6,463.62890625,19.4,2088.703125,2205.0,0.0,4407.0,1040.0,1160.0,46.062,46.218
436.545,train:DC3,99.6,463.62890625,17.9,2100.1015625,2209.0,0.0,4366.0,1040.0,1160.0,46.343,46.218
437.047,train:DC3,97.7,445.49609375,18.7,2092.16015625,2224.0,0.0,4360.0,1000.0,1160.0,46.187,46.281
437.549,train:DC4,101.6,463.62890625,20.8,2095.85546875,2216.0,0.0,4440.0,1040.0,1160.0,46.156,46.218
438.051,train:DC4,99.7,461.37890625,19.0,2087.734375,2204.0,0.0,4366.0,1000.0,1160.0,46.406,46.406
438.552,train:DC4,99.6,454.87890625,17.9,2095.609375,2219.0,0.0,4326.0,1000.0,1160.0,46.125,46.218
439.054,train:DC4,99.6,448.37890625,17.3,2087.8828125,2219.0,0.0,4286.0,961.0,1161.0,46.093,46.218
439.556,train:DC4,99.7,434.54296875,18.1,2088.47265625,2212.0,0.0,4286.0,961.0,1161.0,46.062,46.218
440.057,train:DC4,99.7,417.89453125,17.3,2072.8515625,2212.0,0.0,4286.0,961.0,1161.0,46.281,46.281
440.559,train:DC4,99.7,404.5625,21.5,2079.15625,2211.0,0.0,4407.0,1040.0,1160.0,46.125,46.125
441.061,train:DC4,99.7,384.65625,17.8,2094.4609375,2206.0,0.0,4326.0,1001.0,1161.0,46.093,46.125
441.562,train:DC5,99.7,404.578125,19.1,2078.83984375,2218.0,0.0,4286.0,961.0,1161.0,46.218,46.281
442.064,train:DC5,99.6,386.62890625,37.3,2094.21484375,2210.0,21.0,4600.0,1198.0,1198.0,46.156,46.281
442.566,train:DC5,99.6,463.62890625,35.5,2094.20703125,2218.0,4.0,4864.0,1395.0,1196.0,46.156,46.312
443.068,train:DC5,97.7,463.640625,19.3,2086.90234375,2210.0,0.0,4672.0,1275.0,1198.0,46.062,46.218
443.569,train:DC5,101.7,463.640625,22.3,2087.0625,2211.0,0.0,4520.0,1158.0,1200.0,46.125,46.343
444.071,train:DC5,97.6,463.640625,18.7,2086.87890625,2203.0,0.0,4366.0,1000.0,1160.0,46.343,46.343
444.573,train:DC5,103.6,461.390625,37.7,2090.5703125,2207.0,22.0,4592.0,1198.0,1198.0,46.125,46.125
445.075,train:DC5,97.6,450.390625,34.8,2082.84375,2207.0,8.0,4744.0,1315.0,1196.0,46.093,46.187
445.577,train:DC5,99.6,434.7421875,23.3,2098.19921875,2222.0,0.0,4712.0,1275.0,1196.0,46.312,46.312
446.079,train:DC6,99.6,450.390625,16.8,2082.578125,2206.0,0.0,4407.0,1080.0,1160.0,46.125,46.125
446.581,train:DC6,101.6,439.65234375,22.8,2098.38671875,2222.0,0.0,4480.0,1078.0,1160.0,46.281,46.281
447.083,train:DC6,97.6,422.890625,16.7,2090.5234375,2222.0,0.0,4366.0,1000.0,1160.0,46.093,46.25
447.584,train:DC6,99.7,410.63671875,19.8,2078.890625,2218.0,0.0,4326.0,960.0,1161.0,45.968,46.187
448.087,train:DC6,99.5,388.54296875,36.3,2094.265625,2218.0,25.0,4632.0,1158.0,1198.0,46.031,46.125
448.588,train:DC6,99.6,463.640625,36.5,2094.2578125,2218.0,29.0,4744.0,1275.0,1196.0,46.125,46.187
449.090,train:DC6,99.6,463.640625,26.2,2087.12109375,2210.0,0.0,4744.0,1315.0,1196.0,46.281,46.281
449.592,train:DC6,99.6,463.640625,22.0,2087.12109375,2211.0,0.0,4440.0,1080.0,1160.0,46.5,46.5
450.094,train:DC6,99.6,445.5078125,19.7,2073.09375,2195.0,9.0,4366.0,1040.0,1160.0,46.156,46.156
450.596,train:DC1,99.6,463.640625,36.8,2088.59765625,2198.0,32.0,4592.0,1198.0,1198.0,46.218,46.218
451.097,train:DC1,101.6,463.640625,36.0,2088.3515625,2205.0,24.0,4744.0,1275.0,1196.0,46.281,46.281
451.599,train:DC1,97.6,454.890625,37.3,2088.59375,2212.0,20.0,4864.0,1393.0,1194.0,46.312,46.312
452.101,train:DC1,101.6,448.390625,17.6,2084.71875,2204.0,0.0,4520.0,1158.0,1158.0,46.093,46.25
452.603,train:DC1,97.6,430.59375,24.5,2083.71875,2208.0,0.0,4326.0,1000.0,1160.0,45.968,46.25
453.105,train:DC1,101.6,414.984375,36.3,2083.44921875,2215.0,22.0,4752.0,1236.0,1196.0,46.468,46.281
453.607,train:DC1,97.6,396.57421875,37.6,2075.30859375,2215.0,24.0,4784.0,1313.0,1196.0,46.187,46.218
454.110,train:DC1,101.4,463.640625,36.5,2090.68359375,2214.0,8.0,4784.0,1353.0,1196.0,46.093,46.156
454.612,train:DC2,97.7,390.54296875,18.8,2082.95703125,2214.0,0.0,4520.0,1158.0,1198.0,46.218,46.218
455.114,train:DC2,101.6,463.640625,18.1,2090.65625,2214.0,0.0,4366.0,1040.0,1160.0,46.312,46.312
455.616,train:DC2,99.7,463.640625,25.0,2091.14453125,2214.0,0.0,4326.0,1000.0,1160.0,46.062,46.218
456.118,train:DC2,99.5,463.640625,38.9,2087.76171875,2211.0,4.0,4752.0,1355.0,1196.0,46.093,46.25
456.620,train:DC2,101.6,463.640625,34.0,2095.3828125,2204.0,4.0,4864.0,1472.0,1196.0,46.187,46.375
457.122,train:DC2,97.7,461.390625,18.9,2087.65625,2211.0,0.0,4592.0,1158.0,1198.0,46.093,46.281
457.624,train:DC2,99.7,454.890625,17.4,2087.75390625,2211.0,0.0,4366.0,1000.0,1160.0,46.25,46.25
458.126,train:DC2,99.6,441.890625,21.0,2069.86328125,2158.0,0.0,4407.0,1040.0,1160.0,46.156,46.187
458.628,train:DC2,101.6,422.83203125,18.4,2093.484375,2217.0,0.0,4366.0,1000.0,1160.0,46.312,46.312
459.130,train:DC3,97.6,441.890625,25.1,2078.35546875,2202.0,21.0,4440.0,1080.0,1160.0,46.593,46.593
459.631,train:DC3,99.6,429.140625,18.7,2096.6171875,2220.0,0.0,4366.0,1040.0,1160.0,46.281,46.281
460.134,train:DC3,101.6,416.734375,17.9,2088.98828125,2213.0,0.0,4326.0,1000.0,1161.0,46.031,46.187
460.635,train:DC3,97.6,399.7578125,20.7,2081.26171875,2213.0,0.0,4366.0,1040.0,1160.0,46.312,46.312
461.137,train:DC3,103.6,384.66796875,17.9,2088.7421875,2212.0,0.0,4326.0,1000.0,1161.0,46.281,46.281
461.639,train:DC3,97.7,463.640625,17.0,2088.7421875,2212.0,0.0,4286.0,961.0,1161.0,46.218,46.093
462.141,train:DC3,99.6,463.640625,22.3,2086.58984375,2210.0,0.0,4366.0,1040.0,1160.0,46.5,46.5
462.643,train:DC3,99.5,463.640625,19.7,2088.3125,2212.0,0.0,4366.0,1000.0,1160.0,46.093,46.156
463.145,train:DC3,99.6,445.5078125,20.0,2080.4375,2204.0,0.0,4407.0,1040.0,1160.0,46.25,46.25
463.647,train:DC4,101.6,463.640625,17.0,2088.05859375,2212.0,0.0,4326.0,1000.0,1161.0,46.093,46.281
464.149,train:DC4,101.6,463.640625,20.3,2085.90625,2210.0,0.0,4400.0,1000.0,1160.0,46.468,46.468
464.652,train:DC4,97.6,463.640625,17.8,2095.50390625,2211.0,0.0,4286.0,960.0,1161.0,46.468,46.468
465.153,train:DC4,101.6,461.390625,22.8,2087.875,2212.0,0.0,4400.0,1040.0,1160.0,46.281,46.281
465.655,train:DC4,97.6,450.390625,17.3,2087.875,2212.0,0.0,4326.0,1000.0,1161.0,46.125,46.25
466.157,train:DC4,101.6,441.890625,22.3,2083.73046875,2203.0,0.0,4407.0,1040.0,1160.0,46.187,46.375
466.659,train:DC4,97.7,429.140625,17.3,2075.73828125,2199.0,0.0,4326.0,1001.0,1161.0,46.093,46.25
467.161,train:DC4,101.6,412.3984375,21.3,2091.11328125,2215.0,0.0,4407.0,1040.0,1160.0,46.25,46.343
467.662,train:DC5,99.6,433.32421875,17.0,2083.23828125,2207.0,0.0,4286.0,1001.0,1161.0,46.343,46.343
468.165,train:DC5,99.6,414.76171875,22.3,2042.90625,2159.0,0.0,4366.0,1040.0,1160.0,46.25,46.25
468.667,train:DC5,97.6,396.57421875,18.6,2016.11328125,2136.0,0.0,4326.0,1000.0,1161.0,46.0,46.218
469.174,train:DC5,102.4,384.66796875,20.7,2083.109375,2207.0,0.0,4400.0,1040.0,1160.0,45.906,46.156
469.676,train:DC5,97.7,463.640625,19.4,2083.09765625,2207.0,23.0,4407.0,1040.0,1160.0,46.0,46.156
470.178,train:DC5,101.7,463.640625,18.9,2090.7265625,2214.0,0.0,4407.0,1000.0,1160.0,46.125,46.156
470.679,train:DC5,97.7,463.640625,17.1,2090.7265625,2214.0,0.0,4326.0,1000.0,1161.0,46.031,46.187
471.181,train:DC5,101.6,463.640625,24.8,2082.40625,2206.0,0.0,4480.0,1080.0,1200.0,46.187,46.312
471.682,train:DC5,99.7,445.5078125,22.1,2082.48046875,2206.0,0.0,4480.0,1080.0,1200.0,46.187,46.312
472.184,train:DC6,97.7,463.640625,28.4,2090.109375,2206.0,0.0,4366.0,1040.0,1160.0,45.968,46.218
472.686,train:DC6,101.6,463.640625,34.9,2090.328125,2214.0,4.0,4560.0,1158.0,1198.0,46.093,46.25
473.188,train:DC6,99.5,454.890625,34.2,2076.30078125,2214.0,25.0,4824.0,1435.0,1196.0,46.093,46.156
473.690,train:DC6,101.6,448.11328125,17.0,2087.91015625,2206.0,0.0,4752.0,1355.0,1196.0,45.968,46.25
474.192,train:DC6,99.6,431.140625,22.5,2080.75390625,2212.0,0.0,4440.0,1080.0,1160.0,45.968,46.125
474.694,train:DC6,99.5,416.76171875,22.2,2077.07421875,2204.0,2.0,4560.0,1118.0,1198.0,46.125,46.25
475.196,train:DC6,99.7,404.57421875,22.3,2080.81640625,2201.0,0.0,4366.0,1040.0,1160.0,45.906,46.156
475.698,train:DC6,99.6,384.66796875,17.1,2080.58203125,2205.0,0.0,4447.0,1080.0,1160.0,46.125,46.156
476.200,train:DC1,101.7,404.57421875,19.7,2080.5703125,2204.0,0.0,4326.0,1000.0,1161.0,46.25,46.343
476.701,train:DC1,99.7,388.54296875,17.7,2072.9453125,2208.0,0.0,4326.0,1001.0,1161.0,45.937,46.281
477.203,train:DC1,99.7,463.640625,21.9,2088.3203125,2197.0,14.0,4366.0,1000.0,1161.0,46.031,46.25
477.705,train:DC1,99.6,463.640625,22.1,2089.53515625,2212.0,0.0,4366.0,1040.0,1160.0,46.0,46.125
478.207,train:DC1,99.6,463.640625,25.4,2087.3828125,2213.0,24.0,4400.0,1040.0,1160.0,46.218,46.281
478.709,train:DC1,99.5,463.640625,34.8,2089.95703125,2211.0,14.0,4592.0,1158.0,1198.0,45.937,46.187
479.211,train:DC1,99.5,460.8671875,23.8,2111.9609375,2214.0,0.0,4552.0,1158.0,1198.0,46.125,46.125
479.713,train:DC1,101.6,450.390625,22.9,2112.1953125,2236.0,0.0,4520.0,1118.0,1198.0,46.218,46.218
480.215,train:DC1,97.7,434.7421875,23.5,2135.57421875,2236.0,0.0,4480.0,1080.0,1200.0,45.906,46.218
480.718,train:DC2,99.4,449.203125,28.8,2155.0078125,2275.0,0.0,4480.0,1080.0,1160.0,46.093,46.25
481.220,train:DC2,99.6,435.390625,23.7,2178.6328125,2302.0,0.0,4480.0,1120.0,1200.0,46.218,46.25
481.722,train:DC2,99.6,422.890625,24.3,2162.875,2302.0,0.0,4440.0,1080.0,1200.0,46.218,46.218
482.224,train:DC2,99.6,409.15625,21.7,2170.50390625,2287.0,0.0,4440.0,1080.0,1200.0,46.125,46.125
482.726,train:DC2,101.6,391.609375,22.3,2162.13671875,2294.0,0.0,4407.0,1040.0,1160.0,46.343,46.218
483.227,train:DC2,99.6,463.640625,21.4,2169.765625,2286.0,0.0,4440.0,1040.0,1160.0,46.375,46.375
483.729,train:DC2,99.7,463.640625,26.4,2160.4921875,2294.0,0.0,4407.0,1040.0,1160.0,46.218,46.218
484.231,train:DC2,99.6,463.640625,17.3,2156.6171875,2276.0,0.0,4440.0,1080.0,1200.0,46.281,46.281
484.733,train:DC2,101.6,445.5078125,20.9,2141.5625,2273.0,21.0,4480.0,1080.0,1200.0,46.156,46.187
485.234,train:DC3,97.7,463.640625,17.1,2148.9453125,2258.0,0.0,4366.0,1000.0,1160.0,46.125,46.25
485.736,train:DC3,99.7,463.640625,17.1,2148.9453125,2273.0,0.0,4326.0,1001.0,1161.0,46.125,46.343
486.237,train:DC3,101.6,463.640625,17.1,2142.35546875,2265.0,0.0,4286.0,961.0,1161.0,46.218,46.218
486.739,train:DC3,99.7,461.390625,28.6,2146.7734375,2266.0,0.0,4326.0,1001.0,1161.0,46.343,46.375
487.241,train:DC3,99.6,450.390625,38.3,2138.65234375,2278.0,20.0,4672.0,1277.0,1198.0,46.218,46.312
487.743,train:DC3,99.6,441.890625,37.0,2143.97265625,2278.0,19.0,4744.0,1315.0,1196.0,46.125,46.312
488.245,train:DC3,99.6,422.890625,20.9,2098.50390625,2268.0,0.0,4744.0,1315.0,1196.0,46.0,46.312
488.747,train:DC3,99.7,407.421875,21.2,2051.25390625,2246.0,0.0,4520.0,1118.0,1198.0,46.062,46.312
489.249,train:DC4,99.6,422.890625,22.6,2090.3828125,2214.0,6.0,4440.0,1040.0,1160.0,46.343,46.343
489.751,train:DC4,99.6,410.0625,28.9,2097.15625,2230.0,15.0,4480.0,1078.0,1200.0,46.0,46.156
490.252,train:DC4,99.7,390.109375,22.4,2093.484375,2225.0,19.0,4560.0,1158.0,1198.0,46.218,46.125
490.754,train:DC4,101.6,463.640625,19.0,2100.96484375,2217.0,0.0,4440.0,1080.0,1200.0,46.187,46.187
491.256,train:DC4,97.7,463.640625,20.8,2100.71875,2217.0,9.0,4407.0,1040.0,1160.0,46.062,46.218
491.758,train:DC4,101.6,463.640625,22.1,2120.22265625,2224.0,0.0,4326.0,1000.0,1161.0,46.031,46.312
492.260,train:DC4,97.6,463.640625,21.7,2123.73046875,2213.0,0.0,4366.0,1040.0,1160.0,45.875,46.187
492.762,train:DC4,101.6,461.390625,18.1,2121.5,2179.0,0.0,4407.0,1040.0,1160.0,46.093,46.187
493.263,train:DC4,99.7,445.5078125,21.3,2121.14453125,2245.0,0.0,4407.0,1040.0,1160.0,46.093,46.156
493.765,train:DC5,99.7,463.640625,19.5,2128.48828125,2245.0,0.0,4326.0,1001.0,1161.0,45.968,46.156
494.267,train:DC5,99.7,454.890625,19.2,2121.34375,2252.0,0.0,4400.0,1040.0,1160.0,46.218,46.218
494.769,train:DC5,99.7,448.390625,18.8,2120.5,2252.0,0.0,4480.0,1038.0,1198.0,46.312,46.312
495.270,train:DC5,99.7,435.390625,18.8,2127.98046875,2252.0,0.0,4400.0,1000.0,1160.0,46.093,46.312
495.772,train:DC5,99.6,416.76171875,28.9,2112.359375,2252.0,0.0,4400.0,1040.0,1160.0,46.093,46.187
496.274,train:DC5,99.6,403.359375,40.6,2127.98046875,2252.0,4.0,4832.0,1395.0,1196.0,46.062,46.25
496.775,train:DC5,97.7,384.66796875,32.5,2120.3515625,2252.0,4.0,4904.0,1472.0,1196.0,46.093,46.125
497.277,train:DC5,101.6,463.640625,22.6,2124.3203125,2248.0,0.0,4592.0,1198.0,1198.0,46.062,46.312
497.779,train:DC6,99.7,386.765625,25.3,2108.71875,2240.0,0.0,4407.0,1040.0,1160.0,46.218,46.218
498.281,train:DC6,99.6,463.640625,35.5,2131.94921875,2248.0,4.0,4712.0,1315.0,1196.0,46.375,46.375
498.783,train:DC6,99.7,463.640625,29.7,2131.94921875,2256.0,4.0,4864.0,1472.0,1196.0,46.218,46.218
499.284,train:DC6,97.7,463.640625,23.7,2131.94921875,2240.0,0.0,4672.0,1275.0,1198.0,46.25,46.312
499.786,train:DC6,99.7,463.640625,17.6,2132.18359375,2256.0,0.0,4440.0,1040.0,1160.0,46.093,46.343
500.288,train:DC6,99.6,461.390625,24.7,2128.30859375,2248.0,0.0,4326.0,1000.0,1161.0,46.093,46.187
500.790,train:DC6,101.6,450.390625,36.3,2112.6875,2236.0,29.0,4712.0,1275.0,1196.0,46.187,46.25
501.292,train:DC6,99.6,439.1875,29.1,2128.0625,2252.0,4.0,4864.0,1393.0,1196.0,46.093,46.156
501.794,train:DC6,99.6,422.5546875,17.5,2112.44140625,2252.0,0.0,4520.0,1118.0,1158.0,46.218,46.406
502.295,train:DC1,97.7,440.95703125,21.9,2111.76953125,2236.0,0.0,4440.0,1080.0,1160.0,46.531,46.531
502.797,train:DC1,101.6,424.21484375,17.6,2118.67578125,2251.0,0.0,4366.0,1000.0,1161.0,46.0,46.375
503.299,train:DC1,99.7,410.63671875,17.6,2120.25,2244.0,0.0,4286.0,961.0,1161.0,46.062,46.25
503.801,train:DC1,99.6,396.57421875,17.6,2100.99609375,2241.0,0.0,4286.0,961.0,1161.0,45.937,46.406
504.311,train:DC1,100.0,384.66796875,17.3,2124.0,2240.0,0.0,4286.0,961.0,1161.0,46.093,46.25
504.816,train:DC1,99.2,463.640625,16.8,2119.32421875,2244.0,0.0,4253.0,961.0,1161.0,45.906,46.218
505.317,train:DC1,99.7,463.640625,25.6,2118.51953125,2235.0,0.0,4286.0,961.0,1161.0,46.25,46.25
505.819,train:DC1,99.6,463.640625,40.4,2115.95703125,2240.0,19.0,4672.0,1236.0,1196.0,46.281,46.281
506.321,train:DC1,99.6,445.5078125,36.3,2099.5859375,2224.0,3.0,4784.0,1313.0,1196.0,46.093,46.25
506.823,train:DC2,99.7,463.640625,20.8,2111.70703125,2220.0,0.0,4560.0,1158.0,1198.0,46.093,46.281
507.325,train:DC2,101.6,463.640625,20.3,2111.4609375,2228.0,0.0,4407.0,1040.0,1160.0,46.093,46.156
507.826,train:DC2,97.7,454.890625,24.7,2104.8828125,2225.0,0.0,4407.0,1040.0,1160.0,46.5,46.312
508.328,train:DC2,99.7,442.15625,39.6,2097.3828125,2221.0,4.0,4792.0,1315.0,1196.0,46.093,46.25
508.830,train:DC2,99.6,427.140625,39.5,2093.54296875,2217.0,4.0,4944.0,1472.0,1194.0,46.125,46.218
509.333,train:DC2,101.4,410.63671875,37.7,2090.05078125,2221.0,22.0,5023.0,1512.0,1194.0,46.343,46.343
509.835,train:DC2,97.6,388.54296875,35.4,2087.51953125,2219.0,23.0,4944.0,1472.0,1194.0,46.593,46.593
510.336,train:DC2,99.6,463.640625,35.7,2095.0,2219.0,3.0,4904.0,1472.0,1194.0,46.125,46.437
510.838,train:DC3,101.6,384.69140625,34.9,2086.96875,2218.0,0.0,4824.0,1433.0,1194.0,46.25,46.281
511.340,train:DC3,97.6,463.640625,37.7,2094.86328125,2218.0,25.0,4864.0,1433.0,1194.0,46.5,46.5
511.843,train:DC3,101.6,463.640625,40.3,2093.421875,2217.0,22.0,4944.0,1472.0,1194.0,46.281,46.281
512.345,train:DC3,97.6,463.640625,35.3,2100.97265625,2217.0,21.0,4904.0,1472.0,1194.0,46.25,46.25
512.847,train:DC3,99.6,461.390625,35.5,2093.4921875,2217.0,21.0,4904.0,1472.0,1194.0,46.187,46.406
513.348,train:DC3,101.6,452.85546875,35.7,2093.4921875,2217.0,4.0,4944.0,1472.0,1194.0,46.218,46.25
513.850,train:DC3,97.6,441.26953125,35.1,2089.70703125,2209.0,22.0,4904.0,1472.0,1194.0,46.187,46.25
514.352,train:DC3,99.6,422.890625,35.7,2089.609375,2213.0,22.0,4904.0,1393.0,1194.0,46.125,46.218
514.854,train:DC3,99.6,399.64453125,41.0,2090.3203125,2222.0,21.0,4944.0,1472.0,1194.0,46.468,46.312
515.356,train:DC4,99.6,416.76171875,35.7,2090.3203125,2214.0,21.0,4904.0,1472.0,1194.0,46.593,46.593
515.858,train:DC4,99.6,396.57421875,35.8,2078.3984375,2218.0,3.0,4984.0,1472.0,1194.0,46.406,46.406
516.370,train:DC4,101.6,384.66796875,34.9,2101.6484375,2225.0,21.0,4944.0,1472.0,1194.0,46.406,46.406
516.875,train:DC4,99.0,463.640625,35.0,2101.6484375,2225.0,4.0,4904.0,1472.0,1194.0,46.25,46.343
517.377,train:DC4,99.6,463.640625,35.2,2097.7734375,2222.0,3.0,4864.0,1433.0,1194.0,46.281,46.375
517.879,train:DC4,97.6,463.640625,40.3,2098.015625,2222.0,4.0,4984.0,1472.0,1194.0,46.5,46.5
518.383,train:DC4,101.2,461.390625,36.3,2098.015625,2222.0,26.0,4944.0,1472.0,1194.0,46.343,46.343
518.885,train:DC4,99.6,450.390625,31.1,2083.53515625,2206.0,0.0,4864.0,1433.0,1194.0,46.468,46.468
519.387,train:DC4,99.6,434.7421875,35.7,2097.30859375,2221.0,3.0,4824.0,1393.0,1196.0,46.468,46.468
519.889,train:DC5,99.6,450.390625,36.1,2089.58203125,2213.0,21.0,4904.0,1393.0,1194.0,46.281,46.531
520.392,train:DC5,99.4,435.390625,35.5,2097.0625,2221.0,21.0,4904.0,1433.0,1194.0,46.25,46.343
520.895,train:DC5,99.5,416.76171875,40.2,2089.30859375,2213.0,23.0,4984.0,1512.0,1194.0,46.343,46.343
521.396,train:DC5,101.6,396.57421875,37.2,2087.29296875,2211.0,4.0,4944.0,1472.0,1194.0,46.5,46.375
521.898,train:DC5,97.7,463.640625,38.0,2102.31640625,2226.0,4.0,4944.0,1512.0,1194.0,46.25,46.312
522.400,train:DC5,97.7,463.640625,38.1,2094.58984375,2218.0,22.0,4944.0,1472.0,1194.0,46.437,46.437
522.902,train:DC5,101.5,463.640625,36.1,2094.421875,2218.0,4.0,4904.0,1433.0,1194.0,46.593,46.593
523.404,train:DC5,101.5,463.640625,36.9,2098.11328125,2222.0,4.0,4904.0,1472.0,1194.0,46.343,46.5
523.906,train:DC5,97.7,445.5078125,40.7,2088.49609375,2212.0,34.0,5015.0,1552.0,1194.0,46.531,46.531
524.408,train:DC6,99.7,463.640625,37.0,2092.73046875,2216.0,24.0,4944.0,1512.0,1194.0,46.5,46.5
524.910,train:DC6,99.7,454.890625,35.5,2092.484375,2208.0,4.0,4904.0,1472.0,1194.0,46.312,46.375
525.411,train:DC6,99.7,441.90625,34.8,2092.484375,2208.0,4.0,4904.0,1472.0,1194.0,46.312,46.375
525.913,train:DC6,101.6,425.37890625,36.3,2084.62109375,2216.0,4.0,4904.0,1472.0,1194.0,46.406,46.343
526.415,train:DC6,99.6,410.65234375,36.6,2088.51171875,2208.0,4.0,4904.0,1472.0,1194.0,46.437,46.437
526.917,train:DC6,99.6,388.55859375,37.9,2089.25,2212.0,4.0,4944.0,1512.0,1194.0,46.437,46.468
527.419,train:DC6,97.7,463.65625,37.5,2104.68359375,2213.0,4.0,5055.0,1592.0,1194.0,46.718,46.718
527.921,train:DC6,99.6,463.65625,35.8,2099.58203125,2228.0,4.0,4984.0,1552.0,1194.0,46.187,46.312
528.423,train:DC6,99.7,445.5234375,37.1,2091.85546875,2223.0,4.0,4984.0,1512.0,1194.0,46.5,46.5
528.925,train:DC1,99.6,463.65625,36.7,2093.32421875,2209.0,4.0,4944.0,1512.0,1194.0,46.562,46.562
529.426,train:DC1,99.7,463.65625,36.2,2093.32421875,2217.0,4.0,4944.0,1512.0,1194.0,46.75,46.75
529.928,train:DC1,99.6,463.65625,35.4,2093.078125,2217.0,4.0,4944.0,1512.0,1194.0,46.281,46.437
530.430,train:DC1,101.6,454.90625,41.7,2093.32421875,2217.0,7.0,4944.0,1512.0,1194.0,46.593,46.593
530.932,train:DC1,97.6,446.40625,35.0,2085.59765625,2217.0,4.0,4984.0,1552.0,1194.0,46.687,46.687
531.434,train:DC1,99.6,429.15625,36.8,2100.953125,2217.0,4.0,4944.0,1512.0,1194.0,46.343,46.343
531.936,train:DC1,99.6,410.65234375,37.0,2085.33203125,2225.0,9.0,4944.0,1512.0,1194.0,46.531,46.531
532.438,train:DC1,99.6,391.0859375,29.9,2100.70703125,2209.0,4.0,4944.0,1512.0,1194.0,46.562,46.562
532.940,train:DC2,99.6,409.6796875,36.1,2092.97265625,2224.0,24.0,4752.0,1315.0,1196.0,46.562,46.562
533.443,train:DC2,99.6,386.59375,43.3,2093.80859375,2217.0,22.0,4784.0,1353.0,1196.0,46.343,46.406
533.945,train:DC2,101.5,463.65625,30.8,2093.80078125,2218.0,4.0,5023.0,1472.0,1194.0,46.5,46.5
534.447,train:DC2,99.6,463.65625,27.9,2093.6171875,2210.0,2.0,4784.0,1315.0,1196.0,46.25,46.406
534.949,train:DC2,99.6,463.65625,42.8,2097.30859375,2206.0,36.0,4752.0,1275.0,1196.0,46.375,46.375
535.451,train:DC2,97.6,461.40625,39.5,2097.30859375,2221.0,22.0,4904.0,1393.0,1194.0,46.312,46.406
535.953,train:DC2,99.6,452.90625,35.9,2089.58203125,2221.0,24.0,4904.0,1393.0,1194.0,46.312,46.312
536.455,train:DC2,99.6,435.40625,46.5,2104.8515625,2229.0,3.0,4944.0,1472.0,1194.0,46.718,46.718
536.958,train:DC2,101.6,417.4921875,22.8,2089.20703125,2229.0,0.0,4984.0,1512.0,1194.0,46.593,46.593
537.460,train:DC3,99.6,435.40625,19.7,2089.20703125,2213.0,0.0,4520.0,1158.0,1198.0,46.312,46.531
537.962,train:DC3,99.5,418.77734375,20.5,2096.71875,2228.0,0.0,4366.0,1040.0,1160.0,46.25,46.437
538.464,train:DC3,99.6,404.58984375,19.5,2092.83203125,2224.0,0.0,4440.0,1040.0,1200.0,46.156,46.437
538.967,train:DC3,99.5,388.55859375,17.8,2085.81640625,2217.0,0.0,4400.0,1040.0,1200.0,46.218,46.343
539.469,train:DC3,101.6,463.65625,22.2,2093.0859375,2210.0,0.0,4360.0,1000.0,1160.0,46.125,46.375
539.971,train:DC3,97.5,463.65625,18.0,2096.83984375,2209.0,0.0,4400.0,1040.0,1160.0,46.406,46.406
540.473,train:DC3,101.5,463.65625,18.2,2104.46875,2221.0,0.0,4360.0,1000.0,1160.0,46.406,46.406
540.976,train:DC3,97.6,463.65625,31.3,2100.8359375,2220.0,0.0,4366.0,1000.0,1160.0,46.187,46.25
541.477,train:DC3,99.6,445.5234375,26.5,2092.9609375,2225.0,22.0,4912.0,1435.0,1196.0,46.437,46.437
541.980,train:DC4,101.5,463.65625,18.2,2100.25390625,2209.0,0.0,4520.0,1158.0,1200.0,46.156,46.312
542.482,train:DC4,99.6,459.40625,22.1,2101.2265625,2224.0,0.0,4407.0,1040.0,1160.0,46.187,46.343
542.984,train:DC4,97.6,450.40625,19.7,2087.046875,2225.0,0.0,4440.0,1040.0,1200.0,46.312,46.312
543.485,train:DC4,99.7,437.40625,17.4,2100.8203125,2225.0,0.0,4366.0,1000.0,1160.0,46.218,46.25
543.988,train:DC4,101.5,422.90625,18.5,2092.84765625,2224.0,0.0,4366.0,1000.0,1160.0,46.281,46.281
544.490,train:DC4,97.6,410.65234375,18.9,2100.328125,2224.0,0.0,4286.0,961.0,1161.0,46.187,46.5
544.991,train:DC4,99.7,392.53125,17.1,2084.70703125,2224.0,0.0,4366.0,1000.0,1160.0,46.187,46.312
545.493,train:DC4,101.7,463.65625,19.8,2100.08203125,2210.0,0.0,4286.0,961.0,1161.0,46.031,46.281
545.995,train:DC5,97.6,395.22265625,20.7,2092.59375,2216.0,0.0,4366.0,1040.0,1160.0,46.25,46.25
546.509,train:DC5,103.1,384.68359375,17.5,2092.34765625,2216.0,24.0,4326.0,1001.0,1161.0,46.25,46.437
547.013,train:DC5,99.1,463.65625,18.3,2099.828125,2216.0,0.0,4326.0,1000.0,1161.0,46.312,46.312
547.515,train:DC5,97.6,463.65625,17.7,2099.828125,2224.0,0.0,4286.0,961.0,1161.0,46.125,46.281
548.017,train:DC5,101.7,463.65625,17.7,2099.58203125,2208.0,0.0,4286.0,961.0,1161.0,46.406,46.312
548.518,train:DC5,99.8,463.65625,16.9,2099.57421875,2223.0,0.0,4326.0,961.0,1161.0,46.093,46.375
549.019,train:DC5,97.7,461.40625,21.8,2096.3671875,2216.0,0.0,4440.0,1040.0,1160.0,46.093,46.281
549.521,train:DC5,99.6,450.40625,17.6,2088.3828125,2220.0,0.0,4326.0,1000.0,1161.0,46.406,46.406
550.023,train:DC5,101.6,434.7578125,18.3,2088.28515625,2220.0,0.0,4326.0,1001.0,1161.0,46.468,46.468
550.525,train:DC6,99.5,450.40625,18.1,2088.13671875,2212.0,0.0,4286.0,961.0,1161.0,46.125,46.281
551.027,train:DC6,99.6,441.90625,19.9,2091.72265625,2219.0,0.0,4366.0,1000.0,1160.0,46.218,46.281
551.530,train:DC6,99.6,425.28515625,16.7,2091.3984375,2219.0,0.0,4326.0,960.0,1161.0,46.343,46.343
552.032,train:DC6,97.6,410.65234375,22.0,2090.6796875,2222.0,0.0,4407.0,1040.0,1160.0,46.093,46.437
552.534,train:DC6,101.6,395.34765625,16.7,2090.43359375,2222.0,0.0,4286.0,961.0,1161.0,46.031,46.281
553.052,train:DC6,100.4,384.68359375,17.7,2097.9140625,2222.0,0.0,4286.0,961.0,1161.0,46.093,46.375
553.556,train:DC6,97.1,463.65625,17.2,2097.9140625,2222.0,0.0,4253.0,961.0,1161.0,46.343,46.218
554.058,train:DC6,99.6,463.65625,17.4,2097.66796875,2210.0,0.0,4286.0,961.0,1161.0,46.125,46.187
554.560,train:DC6,99.6,445.5234375,17.3,2097.66015625,2221.0,0.0,4286.0,961.0,1161.0,45.968,46.25
555.062,train:DC1,101.6,463.65625,20.9,2097.66015625,2214.0,0.0,4366.0,1040.0,1161.0,46.343,46.343
555.564,train:DC1,99.6,463.65625,17.3,2097.66015625,2221.0,0.0,4326.0,1001.0,1161.0,46.093,46.281
556.066,train:DC1,99.7,463.65625,18.6,2105.2890625,2206.0,0.0,4286.0,961.0,1161.0,46.125,46.187
556.568,train:DC1,99.6,461.40625,17.3,2105.2890625,2229.0,0.0,4286.0,961.0,1161.0,45.968,46.218
557.069,train:DC1,99.7,450.40625,17.1,2097.5625,2221.0,0.0,4286.0,961.0,1161.0,46.218,46.375
557.571,train:DC1,99.7,439.921875,16.7,2097.66015625,2221.0,0.0,4286.0,961.0,1161.0,46.312,46.312
558.072,train:DC1,101.7,422.90625,22.8,2080.9140625,2221.0,0.0,4366.0,1000.0,1160.0,46.375,46.375
558.574,train:DC1,97.6,406.97265625,17.6,2096.51953125,2228.0,0.0,4326.0,1000.0,1161.0,46.0,46.218
559.076,train:DC2,99.6,422.90625,17.9,2096.51953125,2220.0,0.0,4366.0,960.0,1160.0,46.093,46.281
559.579,train:DC2,101.5,410.65234375,17.0,2088.88671875,2220.0,0.0,4286.0,960.0,1161.0,46.093,46.187
560.080,train:DC2,97.7,390.328125,17.4,2104.234375,2228.0,0.0,4286.0,961.0,1161.0,46.031,46.187
560.582,train:DC2,101.6,463.65625,17.5,2104.234375,2228.0,0.0,4246.0,961.0,1161.0,46.125,46.187
561.083,train:DC2,97.7,463.65625,17.4,2103.98828125,2220.0,0.0,4253.0,921.0,1161.0,46.0,46.25
561.585,train:DC2,99.7,463.65625,17.5,2103.99609375,2228.0,0.0,4253.0,961.0,1161.0,46.093,46.343
562.086,train:DC2,99.7,463.65625,17.1,2096.859375,2220.0,0.0,4246.0,961.0,1161.0,46.031,46.25
562.588,train:DC2,99.7,463.65625,17.0,2096.859375,2221.0,0.0,4286.0,961.0,1161.0,46.062,46.406
563.089,train:DC2,99.7,445.5234375,17.5,2082.83203125,2205.0,0.0,4246.0,961.0,1161.0,46.343,46.25
563.590,train:DC3,99.7,463.65625,17.3,2098.3359375,2207.0,0.0,4246.0,961.0,1161.0,46.156,46.343
564.092,train:DC3,99.7,454.90625,16.7,2090.609375,2214.0,0.0,4286.0,961.0,1161.0,46.062,46.187
564.593,train:DC3,101.7,448.40625,17.3,2098.08203125,2222.0,0.0,4286.0,961.0,1161.0,46.25,46.187
565.095,train:DC3,99.7,433.515625,17.3,2090.35546875,2214.0,0.0,4286.0,961.0,1161.0,46.437,46.437
565.596,train:DC3,97.7,416.77734375,17.0,2082.21484375,2206.0,0.0,4286.0,961.0,1161.0,46.031,46.281
566.097,train:DC3,99.7,402.90625,17.6,2097.58984375,2221.0,0.0,4286.0,961.0,1161.0,46.093,46.25
566.600,train:DC3,101.6,384.68359375,17.3,2089.7265625,2221.0,0.0,4286.0,961.0,1161.0,46.375,46.375
567.101,train:DC3,99.7,463.65625,17.0,2093.71484375,2217.0,0.0,4286.0,961.0,1161.0,46.062,46.093
567.602,train:DC4,97.7,384.68359375,17.3,2078.11328125,2210.0,0.0,4246.0,961.0,1161.0,46.093,46.312
568.104,train:DC4,99.7,463.65625,16.7,2093.46875,2217.0,0.0,4286.0,961.0,1161.0,46.062,46.218
568.605,train:DC4,99.7,463.65625,17.5,2093.46875,2217.0,0.0,4246.0,961.0,1161.0,46.093,46.25
569.107,train:DC4,99.7,463.65625,17.0,2093.28515625,2217.0,0.0,4286.0,960.0,1161.0,46.125,46.218
569.608,train:DC4,101.7,463.65625,17.6,2096.96875,2217.0,0.0,4286.0,961.0,1161.0,46.0,46.312
570.109,train:DC4,97.7,461.40625,17.5,2096.72265625,2213.0,0.0,4286.0,961.0,1161.0,46.062,46.343
570.612,train:DC4,99.5,450.40625,16.8,2096.71484375,2220.0,0.0,4326.0,961.0,1161.0,46.25,46.156
571.114,train:DC4,101.6,439.765625,17.5,2088.98828125,2213.0,0.0,4286.0,961.0,1161.0,46.156,46.312
571.616,train:DC4,99.6,422.5703125,17.0,2088.72265625,2212.0,0.0,4286.0,961.0,1161.0,46.062,46.125
572.117,train:DC5,99.7,440.62890625,17.3,2088.72265625,2212.0,0.0,4253.0,961.0,1161.0,46.156,46.218
572.618,train:DC5,97.7,422.90625,16.8,2088.7421875,2212.0,0.0,4253.0,961.0,1161.0,46.0,46.312
573.120,train:DC5,99.7,410.65234375,17.5,2096.22265625,2220.0,0.0,4253.0,961.0,1161.0,45.968,46.218
573.621,train:DC5,101.7,394.109375,17.3,2088.359375,2212.0,0.0,4326.0,960.0,1160.0,46.062,46.187
574.139,train:DC5,100.5,384.68359375,16.7,2085.359375,2216.0,0.0,4286.0,961.0,1161.0,46.25,46.25
574.643,train:DC5,97.1,463.65625,17.3,2100.71484375,2224.0,0.0,4286.0,961.0,1161.0,46.093,46.187
575.144,train:DC5,99.7,463.65625,17.3,2096.83984375,2221.0,0.0,4286.0,961.0,1161.0,46.125,46.281
575.646,train:DC5,99.7,463.65625,17.3,2092.89453125,2217.0,0.0,4286.0,961.0,1161.0,45.968,46.218
576.147,train:DC5,99.7,445.5234375,17.1,2085.16796875,2209.0,0.0,4246.0,961.0,1161.0,46.031,46.25
576.648,train:DC6,99.7,463.65625,17.0,2100.515625,2224.0,0.0,4286.0,961.0,1161.0,46.093,46.125
577.150,train:DC6,99.7,463.65625,17.0,2096.640625,2220.0,0.0,4286.0,961.0,1161.0,45.937,46.187
577.651,train:DC6,99.8,461.40625,17.0,2090.734375,2220.0,0.0,4286.0,961.0,1161.0,45.937,46.187
578.153,train:DC6,99.7,450.40625,17.5,2088.9140625,2214.0,0.0,4286.0,961.0,1161.0,46.125,46.125
578.654,train:DC6,99.7,439.07421875,16.8,2092.51953125,2213.0,0.0,4246.0,961.0,1161.0,46.281,46.281
579.155,train:DC6,99.7,422.921875,17.0,2085.53125,2216.0,0.0,4286.0,961.0,1161.0,46.093,46.281
579.657,train:DC6,99.7,410.66796875,17.3,2093.0234375,2209.0,0.0,4246.0,961.0,1161.0,46.0,46.25
580.158,train:DC6,99.7,391.1015625,17.6,2089.53125,2217.0,0.0,4246.0,961.0,1161.0,45.906,46.375
580.660,train:DC1,97.7,410.1640625,18.3,2081.65234375,2213.0,0.0,4286.0,961.0,1161.0,46.031,46.093
581.162,train:DC1,101.6,388.57421875,17.1,2097.0078125,2205.0,0.0,4286.0,1000.0,1161.0,46.062,46.281
581.664,train:DC1,99.6,463.671875,17.5,2097.0,2221.0,0.0,4286.0,961.0,1161.0,46.187,46.187
582.165,train:DC1,99.7,463.671875,17.0,2096.75390625,2205.0,0.0,4286.0,961.0,1161.0,45.906,46.25
582.667,train:DC1,99.7,463.671875,16.7,2104.62890625,2220.0,0.0,4286.0,961.0,1161.0,45.937,46.125
583.168,train:DC1,99.8,463.671875,17.3,2100.4453125,2228.0,0.0,4286.0,961.0,1161.0,46.031,46.187
583.669,train:DC1,99.7,461.421875,17.6,2100.4375,2224.0,0.0,4246.0,961.0,1161.0,46.093,46.156
584.170,train:DC1,99.8,453.36328125,17.0,2092.31640625,2224.0,0.0,4286.0,961.0,1161.0,46.281,46.281
584.671,train:DC1,99.7,436.8046875,17.3,2094.96484375,2224.0,0.0,4253.0,921.0,1161.0,46.0,46.218
585.173,train:DC2,99.7,454.921875,16.9,2095.1328125,2219.0,0.0,4253.0,961.0,1161.0,45.906,46.218
585.674,train:DC2,99.8,445.44140625,17.3,2091.953125,2219.0,0.0,4246.0,961.0,1161.0,45.968,46.125
586.175,train:DC2,99.8,429.171875,17.0,2085.94921875,2216.0,0.0,4286.0,961.0,1161.0,46.031,46.125
586.676,train:DC2,97.8,416.79296875,17.3,2085.94921875,2210.0,0.0,4246.0,961.0,1161.0,46.093,46.093
587.178,train:DC2,101.7,401.02734375,16.8,2093.4296875,2210.0,0.0,4286.0,961.0,1161.0,46.093,46.187
587.679,train:DC2,97.8,384.69921875,17.5,2085.55859375,2217.0,0.0,4286.0,961.0,1161.0,45.937,46.218
588.180,train:DC2,99.8,463.671875,16.8,2093.23828125,2209.0,0.0,4286.0,961.0,1161.0,46.093,46.156
588.681,train:DC2,99.7,463.671875,17.3,2096.9296875,2213.0,0.0,4246.0,961.0,1161.0,45.937,46.062
589.182,train:DC2,99.8,445.5390625,17.0,2089.203125,2213.0,0.0,4286.0,961.0,1161.0,46.093,46.125
589.684,train:DC3,99.8,463.671875,17.1,2096.68359375,2213.0,0.0,4253.0,961.0,1161.0,45.906,46.062
590.185,train:DC3,101.8,463.671875,17.3,2092.80859375,2213.0,0.0,4246.0,961.0,1161.0,45.968,46.125
590.686,train:DC3,97.7,463.671875,17.1,2100.4375,2217.0,0.0,4286.0,961.0,1161.0,45.906,46.187
591.187,train:DC3,97.7,461.421875,20.0,2092.7109375,2224.0,0.0,4286.0,961.0,1161.0,46.187,46.187
591.689,train:DC3,101.7,450.421875,20.7,2092.80859375,2216.0,0.0,4366.0,1000.0,1160.0,46.093,46.093
592.191,train:DC3,99.6,441.921875,18.3,2088.93359375,2217.0,0.0,4366.0,1000.0,1160.0,46.093,46.093
592.693,train:DC3,101.6,426.20703125,18.0,2080.93359375,2216.0,0.0,4366.0,1000.0,1160.0,45.937,46.343
593.195,train:DC3,97.6,407.453125,17.1,2104.18359375,2220.0,0.0,4326.0,960.0,1161.0,46.0,46.062
593.696,train:DC4,99.7,428.41015625,17.0,2088.5625,2228.0,0.0,4246.0,961.0,1161.0,46.093,46.218
594.198,train:DC4,99.7,411.2421875,17.6,2103.9375,2220.0,0.0,4246.0,961.0,1161.0,46.031,46.062
594.699,train:DC4,99.8,396.60546875,16.4,2096.2109375,2228.0,0.0,4246.0,961.0,1161.0,46.093,46.218
595.206,train:DC4,98.5,384.69921875,17.4,2096.80078125,2220.0,0.0,4286.0,961.0,1161.0,46.0,46.0
595.707,train:DC4,99.7,463.671875,17.3,2096.79296875,2221.0,0.0,4286.0,961.0,1161.0,46.062,46.187
596.208,train:DC4,99.8,463.671875,17.1,2096.546875,2205.0,0.0,4286.0,961.0,1161.0,45.937,46.156
596.710,train:DC4,99.8,463.671875,17.0,2096.546875,2220.0,0.0,4286.0,961.0,1161.0,45.937,46.125
597.211,train:DC4,99.8,463.671875,17.6,2104.17578125,2213.0,0.0,4286.0,961.0,1161.0,45.843,46.125
597.712,train:DC4,99.8,445.5390625,16.7,2104.17578125,2228.0,0.0,4326.0,960.0,1161.0,45.968,46.031
598.213,train:DC5,99.8,463.671875,17.1,2096.046875,2212.0,0.0,4326.0,960.0,1160.0,46.093,46.125
598.714,train:DC5,97.8,461.421875,17.6,2103.921875,2228.0,0.0,4286.0,961.0,1161.0,46.187,46.187
599.215,train:DC5,99.8,450.421875,17.4,2096.1953125,2228.0,0.0,4286.0,961.0,1161.0,46.062,46.062
599.716,train:DC5,99.7,441.921875,17.0,2088.0546875,2227.0,0.0,4286.0,961.0,1161.0,46.093,46.093
600.217,train:DC5,99.8,427.51953125,17.3,2103.4296875,2227.0,0.0,4286.0,961.0,1161.0,45.937,46.156
600.719,train:DC5,101.8,410.66796875,16.8,2095.703125,2227.0,0.0,4246.0,961.0,1161.0,45.875,46.156
601.220,train:DC5,97.7,396.60546875,17.6,2103.18359375,2223.0,0.0,4286.0,961.0,1161.0,45.906,46.031
601.727,train:DC5,100.5,384.69921875,16.8,2087.55859375,2227.0,0.0,4286.0,961.0,1161.0,45.875,46.062
602.229,train:DC6,99.7,401.9296875,17.6,2087.55859375,2211.0,0.0,4246.0,961.0,1161.0,46.156,46.156
602.730,train:DC6,99.7,384.69921875,17.0,2095.20703125,2219.0,0.0,4253.0,961.0,1161.0,46.062,46.062
603.231,train:DC6,97.8,463.671875,17.1,2102.6875,2219.0,0.0,4246.0,961.0,1161.0,46.031,46.031
603.732,train:DC6,101.8,463.671875,17.0,2102.67578125,2226.0,0.0,4286.0,961.0,1161.0,45.906,46.187
604.233,train:DC6,99.8,463.671875,17.3,2102.4296875,2211.0,0.0,4286.0,961.0,1161.0,45.968,46.125
604.734,train:DC6,97.8,463.671875,17.1,2102.4296875,2226.0,0.0,4286.0,961.0,1161.0,46.0,46.093
605.235,train:DC6,101.8,461.421875,17.4,2098.5546875,2218.0,0.0,4286.0,961.0,1161.0,46.0,46.125
605.737,train:DC6,99.8,450.421875,16.7,2086.49609375,2222.0,0.0,4286.0,961.0,1161.0,46.093,46.093
606.238,train:DC6,97.8,434.7734375,17.3,2098.30859375,2222.0,0.0,4286.0,961.0,1161.0,46.062,46.218
606.739,train:DC1,101.8,450.421875,16.7,2090.58203125,2214.0,0.0,4286.0,961.0,1161.0,45.812,46.218
607.240,train:DC1,97.8,441.921875,17.1,2098.0625,2222.0,0.0,4286.0,961.0,1161.0,46.0,46.187
607.741,train:DC1,101.7,424.921875,17.3,2082.44140625,2222.0,0.0,4286.0,961.0,1161.0,46.031,46.125
608.243,train:DC1,97.7,410.66796875,17.3,2097.81640625,2222.0,0.0,4286.0,961.0,1161.0,45.937,46.156
608.744,train:DC1,99.8,396.60546875,16.7,2089.9375,2222.0,0.0,4326.0,960.0,1160.0,45.906,46.062
609.252,train:DC1,100.3,384.69921875,17.6,2086.19921875,2218.0,0.0,4286.0,961.0,1161.0,46.093,46.093
609.756,train:DC1,97.2,463.671875,17.0,2093.6796875,2217.0,0.0,4286.0,961.0,1161.0,46.187,46.312
610.257,train:DC1,101.8,463.671875,17.0,2093.43359375,2210.0,0.0,4286.0,961.0,1161.0,45.937,46.156
610.758,train:DC1,99.8,445.5390625,17.1,2093.43359375,2217.0,0.0,4246.0,961.0,1161.0,45.906,46.343
611.259,train:DC2,99.8,463.671875,17.3,2093.1875,2209.0,0.0,4246.0,961.0,1161.0,45.906,46.062
611.761,train:DC2,99.8,463.671875,17.0,2093.1875,2217.0,0.0,4253.0,961.0,1161.0,46.281,46.281
612.262,train:DC2,97.8,463.671875,17.1,2092.94140625,2201.0,0.0,4246.0,961.0,1161.0,46.093,46.093
612.763,train:DC2,99.8,461.421875,17.0,2094.82421875,2211.0,0.0,4246.0,961.0,1161.0,46.0,46.25
613.264,train:DC2,99.8,450.421875,17.1,2094.82421875,2219.0,0.0,4286.0,961.0,1161.0,45.937,46.218
613.765,train:DC2,101.8,441.703125,17.3,2079.1953125,2203.0,0.0,4286.0,961.0,1161.0,45.968,46.125
614.266,train:DC2,97.8,422.921875,16.8,2094.5703125,2218.0,0.0,4286.0,961.0,1161.0,46.031,46.093
614.767,train:DC2,99.8,407.453125,17.0,2086.84375,2218.0,0.0,4286.0,961.0,1161.0,46.062,46.125
615.268,train:DC3,97.8,424.921875,17.3,2086.84375,2211.0,0.0,4253.0,961.0,1161.0,46.218,46.218
615.769,train:DC3,103.8,410.66796875,17.3,2094.47265625,2226.0,0.0,4253.0,961.0,1161.0,46.0,46.125
616.270,train:DC3,97.8,396.60546875,16.4,2094.47265625,2218.0,0.0,4293.0,961.0,1161.0,45.968,46.125
616.784,train:DC3,101.3,384.69921875,17.2,2078.94921875,2218.0,0.0,4286.0,961.0,1161.0,45.906,46.031
617.288,train:DC3,99.2,463.671875,17.1,2102.19921875,2226.0,0.0,4253.0,961.0,1161.0,46.218,46.218
617.789,train:DC3,97.8,463.671875,17.6,2102.19921875,2226.0,0.0,4253.0,961.0,1161.0,46.156,46.156
618.290,train:DC3,99.8,463.671875,16.7,2098.32421875,2222.0,0.0,4286.0,961.0,1161.0,46.093,46.218
618.791,train:DC3,99.8,463.671875,17.4,2094.25,2211.0,0.0,4286.0,961.0,1161.0,46.031,46.187
619.292,train:DC3,99.8,445.5390625,17.0,2086.5234375,2210.0,0.0,4246.0,961.0,1161.0,46.0,46.125
619.793,train:DC4,99.8,463.671875,17.3,2094.00390625,2210.0,0.0,4253.0,961.0,1161.0,45.937,46.093
620.294,train:DC4,99.8,461.421875,17.3,2093.7578125,2210.0,0.0,4253.0,961.0,1161.0,46.093,46.093
620.795,train:DC4,99.8,450.421875,17.1,2089.8828125,2210.0,0.0,4253.0,961.0,1161.0,45.968,46.156
621.296,train:DC4,99.8,439.921875,17.1,2089.78515625,2214.0,0.0,4253.0,961.0,1161.0,45.875,46.093
621.798,train:DC4,99.7,422.921875,17.5,2089.53125,2213.0,0.0,4286.0,961.0,1161.0,45.843,46.187
622.299,train:DC4,99.8,410.66796875,16.4,2097.01171875,2221.0,0.0,4286.0,961.0,1161.0,46.156,46.125
622.800,train:DC4,97.8,394.34375,16.8,2081.38671875,2221.0,0.0,4286.0,961.0,1161.0,46.25,46.25
623.318,train:DC4,102.3,384.69921875,17.8,2096.76171875,2221.0,0.0,4286.0,961.0,1161.0,45.968,46.031
623.822,train:DC5,97.2,400.2734375,16.8,2089.03515625,2221.0,0.0,4293.0,961.0,1161.0,45.875,46.125
624.323,train:DC5,99.7,384.69921875,17.1,2096.515625,2220.0,0.0,4286.0,961.0,1161.0,45.937,46.281
624.824,train:DC5,99.8,463.671875,17.6,2096.5078125,2220.0,0.0,4286.0,961.0,1161.0,45.968,46.093
625.325,train:DC5,99.8,463.671875,17.3,2092.6328125,2216.0,0.0,4286.0,961.0,1161.0,46.062,46.218
625.826,train:DC5,99.8,463.671875,17.1,2100.26171875,2216.0,0.0,4286.0,961.0,1161.0,46.031,46.031
626.327,train:DC5,99.8,463.671875,17.0,2092.53515625,2216.0,0.0,4293.0,961.0,1161.0,45.781,46.218
626.828,train:DC5,99.8,461.421875,17.6,2092.38671875,2209.0,0.0,4286.0,961.0,1161.0,45.937,46.125
627.330,train:DC5,99.8,450.421875,16.5,2100.26171875,2224.0,0.0,4286.0,961.0,1161.0,45.875,46.062
627.831,train:DC5,97.8,434.7734375,17.0,2084.640625,2208.0,0.0,4286.0,961.0,1161.0,46.125,46.125
628.332,train:DC6,101.8,450.421875,17.3,2084.640625,2208.0,0.0,4253.0,961.0,1161.0,45.875,46.062
628.833,train:DC6,99.8,441.921875,17.3,2096.140625,2216.0,0.0,4253.0,961.0,1161.0,46.0,46.0
629.334,train:DC6,97.8,426.34375,17.8,2088.66015625,2212.0,0.0,4253.0,961.0,1161.0,46.0,46.156
629.835,train:DC6,99.8,410.66796875,16.8,2088.40625,2212.0,0.0,4286.0,961.0,1161.0,45.968,46.093
630.336,train:DC6,101.8,395.53515625,17.6,2095.88671875,2220.0,0.0,4286.0,961.0,1161.0,45.968,46.031
630.855,train:DC6,98.4,384.69921875,17.0,2088.16015625,2220.0,0.0,4286.0,961.0,1161.0,45.968,46.125
631.359,train:DC6,99.2,463.671875,17.0,2095.640625,2219.0,0.0,4286.0,961.0,1161.0,46.093,46.093
631.860,train:DC6,99.8,463.671875,17.1,2095.640625,2219.0,0.0,4286.0,961.0,1161.0,46.281,46.281
632.361,train:DC6,99.8,445.5390625,17.3,2080.01953125,2204.0,0.0,4286.0,961.0,1161.0,45.968,46.093
632.862,train:DC1,99.8,463.671875,17.1,2095.39453125,2219.0,0.0,4286.0,961.0,1161.0,45.781,46.031
633.363,train:DC1,99.8,463.671875,17.3,2095.140625,2219.0,0.0,4246.0,961.0,1161.0,45.968,46.062
633.864,train:DC1,99.8,463.671875,17.3,2092.98828125,2215.0,0.0,4286.0,961.0,1161.0,45.937,46.093
634.365,train:DC1,99.8,460.76171875,17.0,2094.7109375,2212.0,0.0,4253.0,961.0,1161.0,45.937,45.968
634.867,train:DC1,97.8,450.421875,17.3,2090.8359375,2215.0,0.0,4286.0,961.0,1161.0,45.937,46.125
635.368,train:DC1,99.8,436.69921875,17.1,2086.80078125,2211.0,0.0,4286.0,961.0,1161.0,45.906,46.062
635.869,train:DC1,99.8,422.921875,17.3,2094.421875,2218.0,0.0,4286.0,961.0,1161.0,45.875,46.281
636.370,train:DC1,101.8,406.86328125,17.3,2094.421875,2218.0,0.0,4286.0,961.0,1161.0,45.875,46.281
636.871,train:DC2,97.8,422.921875,16.5,2086.79296875,2218.0,0.0,4253.0,961.0,1161.0,46.062,46.093
637.372,train:DC2,99.8,410.66796875,16.7,2102.1484375,2211.0,0.0,4253.0,961.0,1161.0,45.906,46.125
637.873,train:DC2,99.7,389.171875,17.3,2086.52734375,2226.0,0.0,4253.0,961.0,1161.0,46.125,46.125
638.374,train:DC2,101.8,463.671875,17.3,2101.90234375,2210.0,0.0,4253.0,961.0,1161.0,46.0,46.0
638.875,train:DC2,97.8,463.671875,17.1,2101.90234375,2226.0,0.0,4253.0,961.0,1161.0,45.937,46.031
639.376,train:DC2,99.8,463.671875,17.0,2098.02734375,2226.0,0.0,4286.0,961.0,1161.0,46.093,46.093
639.877,train:DC2,99.8,463.671875,17.3,2098.02734375,2222.0,0.0,4286.0,961.0,1161.0,46.0,46.125
640.378,train:DC2,99.8,461.421875,17.1,2098.02734375,2222.0,0.0,4293.0,961.0,1161.0,45.906,46.125
640.880,train:DC2,99.7,445.5390625,19.3,2082.3984375,2222.0,0.0,4326.0,961.0,1161.0,45.843,46.062
641.382,train:DC3,99.6,461.421875,16.7,2097.7734375,2206.0,0.0,4326.0,960.0,1161.0,46.125,46.031
641.883,train:DC3,101.7,454.921875,17.0,2090.046875,2222.0,0.0,4286.0,961.0,1161.0,45.906,46.0
642.384,train:DC3,97.8,446.3046875,17.6,2093.58984375,2217.0,0.0,4286.0,961.0,1161.0,46.031,46.062
642.886,train:DC3,99.7,429.171875,17.3,2085.7265625,2217.0,0.0,4286.0,961.0,1161.0,46.031,46.031
643.387,train:DC3,99.8,416.79296875,16.8,2089.6171875,2213.0,0.0,4286.0,961.0,1161.0,45.937,46.093
643.888,train:DC3,99.8,399.7734375,17.3,2089.3671875,2213.0,0.0,4286.0,961.0,1161.0,45.937,46.093
644.389,train:DC3,99.8,384.69921875,17.1,2096.84765625,2213.0,0.0,4286.0,961.0,1161.0,45.968,46.062
644.891,train:DC3,99.6,463.671875,16.7,2096.84765625,2221.0,0.0,4246.0,961.0,1161.0,46.031,46.093
645.392,train:DC4,99.8,384.69921875,17.9,2082.8203125,2205.0,0.0,4286.0,961.0,1161.0,46.343,46.343
645.894,train:DC4,99.8,463.671875,17.0,2098.32421875,2207.0,0.0,4293.0,961.0,1161.0,45.875,46.25
646.395,train:DC4,97.8,463.671875,16.8,2098.3125,2214.0,0.0,4326.0,961.0,1161.0,46.031,46.125
646.896,train:DC4,99.8,463.671875,17.3,2094.4296875,2214.0,0.0,4286.0,961.0,1161.0,45.812,46.218
647.397,train:DC4,101.8,463.671875,17.1,2094.18359375,2218.0,0.0,4286.0,961.0,1161.0,46.031,46.125
647.898,train:DC4,99.8,461.421875,17.3,2093.9375,2218.0,0.0,4286.0,961.0,1161.0,45.906,46.0
648.399,train:DC4,97.8,450.421875,17.3,2093.9375,2218.0,0.0,4253.0,961.0,1161.0,45.875,46.0
648.900,train:DC4,99.8,439.09375,17.0,2086.2109375,2218.0,0.0,4253.0,961.0,1161.0,46.125,46.125
649.401,train:DC4,101.8,422.5859375,17.3,2093.69140625,2217.0,0.0,4253.0,961.0,1161.0,46.0,46.0
649.902,train:DC5,97.8,439.078125,17.3,2078.0703125,2217.0,0.0,4253.0,961.0,1161.0,46.031,46.218
650.403,train:DC5,99.8,422.921875,16.8,2093.4453125,2217.0,0.0,4253.0,961.0,1161.0,45.75,46.125
650.905,train:DC5,99.8,408.66796875,17.6,2085.71875,2217.0,0.0,4293.0,961.0,1161.0,46.156,46.093
651.406,train:DC5,99.7,388.57421875,17.1,2093.19921875,2209.0,0.0,4253.0,961.0,1161.0,45.656,46.031
651.907,train:DC5,99.8,463.671875,16.7,2093.19140625,2217.0,0.0,4326.0,960.0,1160.0,46.062,46.062
652.408,train:DC5,99.8,463.671875,17.3,2092.9453125,2209.0,0.0,4286.0,961.0,1161.0,46.218,46.218
652.909,train:DC5,99.7,463.671875,17.3,2100.57421875,2201.0,0.0,4286.0,961.0,1161.0,45.843,46.093
653.411,train:DC5,97.7,463.671875,17.3,2100.57421875,2224.0,0.0,4286.0,961.0,1161.0,45.968,46.156
653.912,train:DC5,101.8,445.5390625,16.7,2092.7109375,2224.0,0.0,4286.0,961.0,1161.0,45.781,46.062
654.413,train:DC6,97.8,463.671875,17.6,2096.69921875,2216.0,0.0,4253.0,961.0,1161.0,46.218,46.062
654.914,train:DC6,101.8,461.42578125,17.0,2096.69921875,2205.0,0.0,4286.0,961.0,1161.0,46.0,46.0
655.415,train:DC6,99.8,454.92578125,17.1,2096.69921875,2220.0,0.0,4286.0,961.0,1161.0,45.937,45.968
655.916,train:DC6,97.8,443.92578125,17.0,2092.82421875,2220.0,0.0,4286.0,961.0,1161.0,45.875,46.062
656.417,train:DC6,99.7,429.17578125,17.6,2085.34375,2217.0,0.0,4286.0,961.0,1161.0,45.968,46.125
656.919,train:DC6,101.8,416.39453125,16.4,2092.97265625,2224.0,0.0,4286.0,961.0,1161.0,45.781,46.093
657.420,train:DC6,97.8,398.18359375,17.7,2092.97265625,2217.0,0.0,4326.0,961.0,1161.0,45.781,46.0
657.922,train:DC6,101.6,384.703125,16.7,2085.3359375,2217.0,0.0,4286.0,961.0,1161.0,46.125,46.125
658.423,fusion_fit,99.7,343.7578125,17.3,2044.53125,2209.0,0.0,4286.0,961.0,1161.0,45.906,45.906
658.924,fusion_fit,97.7,429.48046875,16.4,2076.74609375,2164.0,0.0,4253.0,961.0,1161.0,45.875,46.125
659.425,fusion_fit,99.8,429.1171875,17.9,2070.7265625,2204.0,0.0,4366.0,960.0,1200.0,45.718,46.0
659.926,fusion_fit,99.8,399.953125,17.0,2040.69921875,2198.0,0.0,4407.0,960.0,1200.0,45.906,46.062
660.429,fusion_fit,99.5,353.5234375,17.1,2037.05078125,2184.0,0.0,4407.0,920.0,1200.0,45.875,46.0
660.930,fusion_fit,97.7,436.00390625,17.3,2072.4296875,2184.0,0.0,4407.0,960.0,1200.0,45.968,46.0
661.432,fusion_fit,101.8,435.27734375,17.0,2072.4296875,2176.0,0.0,4407.0,960.0,1200.0,45.968,46.031
661.933,fusion_fit,99.8,429.1171875,17.3,2060.41015625,2168.0,0.0,4407.0,960.0,1200.0,45.875,46.125
662.439,fusion_fit,98.8,361.984375,17.0,2039.234375,2189.0,0.0,4440.0,960.0,1200.0,45.781,46.062
662.944,fusion_fit,99.0,449.45703125,17.0,2082.35546875,2202.0,0.0,4407.0,960.0,1200.0,45.781,46.031
663.445,fusion_fit,99.8,442.3046875,17.6,2082.35546875,2206.0,0.0,4400.0,960.0,1200.0,46.093,45.968
663.946,fusion_fit,99.8,436.30078125,16.8,2072.3515625,2196.0,0.0,4440.0,960.0,1200.0,45.906,45.968
664.447,fusion_fit,99.8,389.7421875,17.3,2070.3515625,2204.0,0.0,4400.0,920.0,1200.0,45.937,45.937
664.948,fusion_fit,99.8,447.94921875,17.3,2078.3515625,2198.0,0.0,4407.0,960.0,1200.0,45.937,45.968
665.450,fusion_fit,99.8,448.17578125,17.3,2082.3515625,2198.0,0.0,4407.0,960.0,1200.0,45.843,46.125
665.951,fusion_fit,99.8,442.17578125,16.4,2080.3515625,2176.0,0.0,4407.0,960.0,1200.0,45.781,46.062
666.452,fusion_fit,97.8,370.25390625,17.1,2052.3359375,2204.0,0.0,4407.0,960.0,1200.0,45.75,46.093
666.953,fusion_fit,101.8,452.0703125,17.6,2087.83984375,2200.0,0.0,4366.0,960.0,1200.0,45.875,46.031
667.454,fusion_fit,97.8,444.23828125,17.0,2073.4296875,2193.0,0.0,4366.0,960.0,1200.0,45.843,46.062
667.955,fusion_fit,101.8,440.61328125,16.8,2075.2890625,2191.0,0.0,4366.0,960.0,1200.0,45.781,46.0
668.456,fusion_fit,99.8,390.08203125,17.6,2070.02734375,2204.0,0.0,4440.0,958.0,1200.0,45.718,46.031
668.957,fusion_fit,97.8,448.29296875,17.3,2082.01953125,2206.0,0.0,4440.0,960.0,1200.0,46.031,46.093
669.459,fusion_fit,101.8,448.2734375,16.7,2079.62890625,2195.0,0.0,4407.0,960.0,1200.0,46.125,46.125
669.960,fusion_fit,99.8,442.609375,17.1,2075.62890625,2183.0,0.0,4407.0,960.0,1200.0,45.875,46.156
670.464,fusion_fit,99.1,367.4140625,17.5,2055.765625,2183.0,0.0,4400.0,960.0,1200.0,45.812,46.062
670.966,fusion_fit,99.7,438.8515625,16.8,2071.30859375,2180.0,0.0,4293.0,961.0,1161.0,45.75,45.937
671.467,fusion_fit,97.8,430.0625,17.3,2070.91796875,2191.0,0.0,4326.0,960.0,1201.0,45.906,45.906
671.968,fusion_fit,99.8,431.98046875,17.1,2062.97265625,2183.0,0.0,4366.0,960.0,1201.0,45.875,45.968
672.469,fusion_fit,99.8,403.28125,17.3,2066.70703125,2198.0,0.0,4407.0,960.0,1200.0,45.968,45.968
672.971,fusion_fit,99.8,421.359375,17.3,2064.2109375,2188.0,0.0,4366.0,960.0,1200.0,45.875,46.125
673.472,fusion_fit,99.7,407.20703125,17.1,2068.2109375,2192.0,0.0,4440.0,960.0,1200.0,45.968,46.031
673.978,fusion_fit,100.7,370.50390625,17.5,2060.30859375,2192.0,0.0,4400.0,960.0,1200.0,45.656,45.937
674.487,fusion_fit,100.3,439.9921875,17.3,2071.87890625,2184.0,0.0,4253.0,961.0,1161.0,46.031,46.031
674.988,fusion_fit,97.8,425.04296875,16.7,2062.5390625,2186.0,0.0,4366.0,960.0,1201.0,46.187,46.187
675.489,fusion_fit,99.8,417.796875,17.3,2069.4296875,2193.0,0.0,4366.0,960.0,1200.0,45.906,45.968
675.990,fusion_fit,99.8,386.234375,17.3,2057.4296875,2201.0,0.0,4400.0,960.0,1200.0,46.031,46.031
676.491,fusion_fit,97.8,408.6796875,16.4,2061.4296875,2185.0,0.0,4407.0,960.0,1200.0,45.781,46.125
676.992,fusion_fit,101.8,393.8203125,17.9,2049.4296875,2193.0,0.0,4407.0,960.0,1200.0,45.875,45.906
677.494,fusion_fit,99.7,370.73828125,16.4,2049.26171875,2193.0,0.0,4407.0,960.0,1200.0,45.781,46.093
677.996,fusion_fit,99.6,370.73828125,17.5,2049.26171875,2173.0,0.0,4213.0,963.0,1163.0,46.0,45.875
678.498,fusion_fit,99.7,370.73828125,17.4,2042.88671875,2173.0,0.0,4139.0,963.0,1123.0,46.093,46.093
678.999,fusion_fit,99.7,370.73828125,17.0,2042.88671875,2167.0,0.0,4139.0,963.0,1123.0,45.875,45.875
679.501,fusion_fit,97.7,370.73828125,17.0,2037.40625,2167.0,0.0,4139.0,963.0,1123.0,45.875,46.062
680.002,fusion_fit,99.7,370.73828125,17.1,2037.3984375,2161.0,0.0,4139.0,963.0,1125.0,45.75,46.093
680.504,fusion_fit,99.7,370.73828125,17.2,2032.5390625,2161.0,0.0,4099.0,963.0,1125.0,45.812,46.0
681.005,fusion_fit,97.7,370.73828125,17.3,2032.5390625,2156.0,0.0,4099.0,963.0,1125.0,45.718,45.906
681.507,fusion_fit,99.7,370.73828125,17.2,2028.203125,2156.0,0.0,4099.0,963.0,1125.0,45.781,45.906
682.008,fusion_fit,97.8,370.73828125,16.8,2028.203125,2152.0,0.0,4099.0,963.0,1125.0,45.875,45.875
682.509,fusion_fit,99.7,370.73828125,17.2,2024.47265625,2148.0,0.0,4099.0,963.0,1125.0,46.125,46.125
683.011,fusion_fit,99.7,370.73828125,16.4,2024.47265625,2148.0,0.0,4099.0,963.0,1125.0,45.843,45.937
683.512,fusion_fit,97.7,370.73828125,17.5,2021.26953125,2148.0,0.0,4099.0,922.0,1125.0,45.75,45.937
684.014,fusion_fit,99.7,370.73828125,16.7,2021.26953125,2145.0,0.0,4099.0,963.0,1125.0,45.687,45.968
684.516,fusion_fit,99.5,370.73828125,17.0,2016.50390625,2140.0,0.0,4099.0,963.0,1125.0,45.781,45.968
685.019,fusion_fit,99.5,370.73828125,17.2,2016.49609375,2140.0,0.0,4139.0,963.0,1125.0,45.656,46.156
685.521,fusion_fit,97.7,370.73828125,16.7,2014.49609375,2138.0,0.0,4099.0,963.0,1125.0,45.968,45.968
686.023,fusion_fit,99.6,370.73828125,17.3,2014.49609375,2138.0,0.0,4099.0,963.0,1125.0,45.968,46.062
686.524,fusion_fit,99.7,370.73828125,17.0,2012.49609375,2136.0,0.0,4099.0,922.0,1125.0,45.687,45.843
687.026,fusion_fit,99.7,370.73828125,17.3,2012.49609375,2136.0,0.0,4099.0,963.0,1125.0,45.781,46.031
687.527,fusion_fit,99.7,370.73828125,16.9,2010.49609375,2134.0,0.0,4099.0,922.0,1125.0,45.625,46.0
688.030,fusion_fit,99.5,370.73828125,17.0,2010.49609375,2134.0,0.0,4099.0,922.0,1125.0,45.625,46.0
688.531,fusion_fit,97.7,370.73828125,16.7,2008.49609375,2134.0,0.0,4099.0,963.0,1125.0,45.718,45.906
689.034,fusion_fit,99.5,370.73828125,17.2,2008.49609375,2132.0,0.0,4099.0,963.0,1125.0,45.593,45.906
689.535,fusion_fit,99.7,370.73828125,16.7,2008.49609375,2132.0,0.0,4099.0,963.0,1125.0,45.625,45.937
690.037,fusion_fit,99.6,370.73828125,17.5,2008.49609375,2132.0,0.0,4099.0,964.0,1125.0,45.781,45.968
690.540,fusion_fit,97.5,370.73828125,17.5,2006.48828125,2132.0,0.0,4099.0,963.0,1123.0,46.093,46.093
691.042,fusion_fit,99.6,370.73828125,16.7,2006.48828125,2130.0,0.0,4139.0,963.0,1125.0,45.75,45.812
691.544,fusion_fit,97.6,370.73828125,16.9,2004.48828125,2130.0,0.0,4099.0,963.0,1125.0,45.843,45.875
692.046,fusion_fit,99.6,370.73828125,17.0,2004.48828125,2128.0,0.0,4099.0,963.0,1125.0,45.656,45.937
692.548,fusion_fit,99.7,370.73828125,16.7,2004.48828125,2128.0,0.0,4099.0,963.0,1125.0,45.687,45.875
693.050,fusion_fit,99.6,370.73828125,16.9,2004.48828125,2128.0,0.0,4099.0,922.0,1125.0,45.656,46.0
693.552,fusion_fit,97.7,370.73828125,16.7,2004.48828125,2128.0,0.0,4099.0,922.0,1125.0,45.718,45.875
694.054,fusion_fit,99.4,370.73828125,17.5,2004.48828125,2128.0,0.0,4099.0,964.0,1125.0,45.906,45.906
694.557,fusion_fit,99.5,370.73828125,17.3,2004.48828125,2128.0,0.0,4139.0,963.0,1125.0,45.718,45.75
695.059,fusion_fit,99.6,370.73828125,16.4,2004.48828125,2128.0,0.0,4099.0,963.0,1125.0,45.781,45.968
695.561,fusion_fit,97.6,370.73828125,17.5,2004.48828125,2128.0,0.0,4099.0,924.0,1125.0,45.562,45.843
696.064,fusion_fit,101.5,370.73828125,16.9,2004.48828125,2128.0,0.0,4099.0,922.0,1125.0,45.968,45.968
696.565,fusion_fit,97.7,370.73828125,17.0,2004.48046875,2128.0,0.0,4099.0,963.0,1125.0,45.687,45.781
697.068,fusion_fit,99.6,370.73828125,16.9,2004.48046875,2128.0,0.0,4099.0,963.0,1125.0,45.781,45.937
697.569,fusion_fit,99.7,370.73828125,16.7,2004.47265625,2128.0,0.0,4099.0,924.0,1125.0,45.593,45.875
698.071,fusion_fit,97.7,370.73828125,17.3,2004.47265625,2128.0,0.0,4099.0,922.0,1125.0,45.625,45.937
698.573,fusion_fit,99.6,370.73828125,16.7,2004.47265625,2128.0,0.0,4099.0,964.0,1125.0,45.593,45.781
699.075,fusion_fit,99.7,370.73828125,16.7,2004.47265625,2128.0,0.0,4099.0,963.0,1125.0,45.843,45.843
699.576,fusion_fit,99.7,370.73828125,17.5,2004.47265625,2128.0,0.0,4099.0,922.0,1125.0,45.593,45.968
700.078,fusion_fit,97.6,370.73828125,17.0,2004.47265625,2128.0,0.0,4099.0,963.0,1125.0,45.531,45.906
700.580,fusion_fit,99.7,370.73828125,16.7,2004.47265625,2128.0,0.0,4099.0,924.0,1125.0,45.593,45.781
701.082,fusion_fit,99.6,370.73828125,19.1,2004.47265625,2128.0,0.0,4139.0,963.0,1123.0,45.875,45.875
701.584,fusion_fit,99.6,370.73828125,16.8,2003.3515625,2128.0,0.0,4179.0,963.0,1123.0,45.718,45.906
702.086,fusion_fit,97.6,370.73828125,16.9,2003.3515625,2127.0,0.0,4139.0,963.0,1123.0,45.687,45.937
702.587,fusion_fit,99.7,370.73828125,17.3,2003.3515625,2127.0,0.0,4099.0,963.0,1125.0,45.562,45.843
703.089,fusion_fit,99.6,370.73828125,16.9,2003.3515625,2127.0,0.0,4099.0,922.0,1125.0,45.843,45.843
703.591,fusion_fit,97.7,370.73828125,17.0,2003.3515625,2127.0,0.0,4099.0,963.0,1125.0,45.625,45.843
704.092,fusion_fit,99.7,370.73828125,17.0,2003.3515625,2127.0,0.0,4099.0,963.0,1125.0,45.656,45.968
704.594,fusion_fit,99.6,370.73828125,16.7,2003.34765625,2127.0,0.0,4139.0,922.0,1125.0,45.562,45.937
705.096,fusion_fit,99.5,370.73828125,17.2,2003.34765625,2127.0,0.0,4099.0,922.0,1125.0,45.625,45.812
705.598,fusion_fit,99.7,370.73828125,16.7,2003.34765625,2127.0,0.0,4099.0,924.0,1125.0,45.562,45.75
706.100,fusion_fit,99.6,370.73828125,17.2,2003.34765625,2127.0,0.0,4099.0,964.0,1125.0,45.625,45.812
706.602,fusion_fit,99.7,370.73828125,17.3,2003.34765625,2127.0,0.0,4099.0,924.0,1125.0,45.718,45.937
707.104,fusion_fit,97.6,370.73828125,16.7,2003.34765625,2127.0,0.0,4139.0,922.0,1125.0,45.687,45.812
707.606,fusion_fit,99.6,370.73828125,17.3,2003.33984375,2127.0,0.0,4099.0,922.0,1125.0,45.562,45.781
708.109,fusion_fit,99.4,370.73828125,16.9,2003.33984375,2127.0,0.0,4099.0,964.0,1125.0,45.781,45.781
708.611,fusion_fit,97.6,370.73828125,17.3,2003.33984375,2127.0,0.0,4099.0,924.0,1125.0,45.843,45.843
709.113,fusion_fit,99.6,370.73828125,16.9,2003.33984375,2127.0,0.0,4099.0,964.0,1125.0,45.687,45.937
709.614,fusion_fit,99.7,370.73828125,17.0,2003.33203125,2127.0,0.0,4099.0,924.0,1125.0,45.562,45.75
710.116,fusion_fit,97.7,370.73828125,17.3,2003.33203125,2127.0,0.0,4099.0,924.0,1125.0,45.812,45.812
710.617,fusion_fit,99.7,370.73828125,17.3,2003.33203125,2127.0,0.0,4099.0,964.0,1125.0,45.593,45.718
711.119,fusion_fit,97.6,370.73828125,16.7,2003.33203125,2127.0,0.0,4099.0,964.0,1125.0,45.593,45.687
711.621,fusion_fit,101.7,370.73828125,16.7,2003.33203125,2127.0,0.0,4099.0,964.0,1125.0,45.468,45.75
712.122,fusion_fit,99.7,370.73828125,17.0,2003.33203125,2127.0,0.0,4139.0,963.0,1125.0,45.687,45.687
712.623,fusion_fit,97.7,370.73828125,17.0,2003.32421875,2127.0,0.0,4179.0,963.0,1125.0,45.531,45.937
713.125,fusion_fit,99.7,370.73828125,17.3,2003.32421875,2127.0,0.0,4099.0,963.0,1125.0,45.625,45.625
713.627,fusion_fit,99.6,370.73828125,16.4,2003.32421875,2127.0,0.0,4099.0,964.0,1125.0,45.562,45.843
714.128,fusion_fit,97.7,370.73828125,17.2,2003.32421875,2127.0,0.0,4099.0,924.0,1125.0,45.656,45.781
714.630,fusion_fit,99.6,370.73828125,17.3,2003.32421875,2127.0,0.0,4099.0,964.0,1125.0,45.531,45.718
715.132,fusion_fit,99.6,370.73828125,16.4,2003.32421875,2127.0,0.0,4099.0,963.0,1125.0,45.75,45.75
715.634,fusion_fit,97.7,370.73828125,17.5,2003.32421875,2127.0,0.0,4099.0,963.0,1125.0,45.75,45.906
716.135,fusion_fit,99.6,370.73828125,16.7,2003.32421875,2127.0,0.0,4099.0,963.0,1125.0,45.625,45.687
716.637,fusion_fit,99.7,370.73828125,17.3,2003.32421875,2127.0,0.0,4099.0,964.0,1125.0,45.562,45.875
717.139,fusion_fit,97.7,370.73828125,17.0,2003.32421875,2127.0,0.0,4099.0,963.0,1125.0,45.531,45.718
717.640,fusion_fit,99.7,370.73828125,16.7,2003.32421875,2127.0,0.0,4099.0,964.0,1125.0,45.812,45.812
718.141,fusion_fit,101.7,370.73828125,17.3,2003.32421875,2127.0,0.0,4139.0,963.0,1125.0,45.531,45.625
718.644,fusion_fit,97.6,370.73828125,17.0,2003.31640625,2127.0,0.0,4099.0,964.0,1125.0,45.5,45.75
719.145,fusion_fit,99.8,370.73828125,17.3,2003.31640625,2127.0,0.0,4099.0,963.0,1125.0,45.531,45.687
719.646,fusion_fit,97.7,370.73828125,16.7,2003.31640625,2127.0,0.0,4099.0,964.0,1125.0,45.625,45.625
720.148,fusion_fit,99.7,370.73828125,17.3,2003.31640625,2127.0,0.0,4099.0,963.0,1125.0,45.625,45.625
720.649,fusion_fit,97.7,370.73828125,17.3,2003.31640625,2127.0,0.0,4099.0,964.0,1125.0,45.656,45.781
721.150,fusion_fit,99.7,370.73828125,17.0,2003.31640625,2127.0,0.0,4099.0,963.0,1125.0,45.562,45.718
721.653,fusion_fit,99.6,370.73828125,16.9,2003.31640625,2127.0,0.0,4099.0,963.0,1125.0,45.5,45.718
722.154,fusion_fit,97.6,370.73828125,16.7,2003.31640625,2127.0,0.0,4139.0,963.0,1125.0,45.625,45.625
722.656,fusion_fit,99.7,370.73828125,17.3,2003.30859375,2127.0,0.0,4099.0,964.0,1125.0,45.812,45.812
723.158,fusion_fit,99.6,370.73828125,16.7,2003.30859375,2127.0,0.0,4139.0,963.0,1125.0,45.531,45.781
723.660,fusion_fit,99.6,370.73828125,17.0,2003.30078125,2127.0,0.0,4139.0,963.0,1125.0,45.5,45.75
724.161,fusion_fit,97.7,370.73828125,17.5,2003.30078125,2127.0,0.0,4139.0,963.0,1125.0,45.5,45.625
724.663,fusion_fit,101.6,370.73828125,16.7,2003.296875,2127.0,0.0,4099.0,963.0,1125.0,45.75,45.75
725.165,fusion_fit,97.7,370.73828125,17.0,2003.296875,2127.0,0.0,4139.0,963.0,1123.0,45.562,45.781
725.667,fusion_fit,99.7,370.73828125,17.3,2003.296875,2127.0,0.0,4099.0,963.0,1125.0,45.531,45.656
726.168,fusion_fit,99.7,370.73828125,17.0,2003.296875,2127.0,0.0,4099.0,963.0,1125.0,45.5,45.656
726.671,fusion_fit,97.4,370.73828125,16.9,2003.296875,2127.0,0.0,4099.0,963.0,1125.0,45.812,45.812
727.173,fusion_fit,99.6,370.73828125,17.8,2003.296875,2127.0,0.0,4099.0,963.0,1125.0,45.406,45.625
727.675,fusion_fit,97.6,370.73828125,16.4,2003.296875,2127.0,0.0,4099.0,964.0,1125.0,45.593,45.812
728.177,fusion_fit,101.6,370.73828125,17.0,2003.296875,2127.0,0.0,4099.0,963.0,1125.0,45.562,45.625
728.679,fusion_fit,99.7,370.73828125,17.0,2003.296875,2127.0,0.0,4099.0,963.0,1125.0,45.437,45.687
729.181,fusion_fit,97.6,370.73828125,17.5,2003.28515625,2127.0,0.0,4139.0,963.0,1125.0,45.468,45.625
729.682,fusion_fit,99.7,370.73828125,16.7,2003.28515625,2127.0,0.0,4099.0,963.0,1125.0,45.625,45.625
730.184,fusion_fit,99.7,370.73828125,16.7,2003.28515625,2127.0,0.0,4099.0,963.0,1125.0,45.406,45.812
730.685,fusion_fit,97.7,370.73828125,17.5,2003.28515625,2127.0,0.0,4099.0,963.0,1125.0,45.5,45.656
731.187,fusion_fit,99.7,370.73828125,16.7,2003.28515625,2127.0,0.0,4139.0,963.0,1125.0,45.468,45.625
731.689,fusion_fit,99.6,370.73828125,17.0,2003.28515625,2127.0,0.0,4099.0,963.0,1125.0,45.625,45.625
732.191,fusion_fit,99.7,370.73828125,17.0,2003.28515625,2127.0,0.0,4099.0,963.0,1125.0,45.75,45.75
732.692,fusion_fit,99.6,370.73828125,17.2,2003.28515625,2127.0,0.0,4099.0,922.0,1125.0,45.5,45.687
733.194,fusion_fit,97.7,370.73828125,17.0,2003.28515625,2127.0,0.0,4099.0,922.0,1125.0,45.312,45.718
733.695,fusion_fit,99.7,370.73828125,16.7,2003.28515625,2127.0,0.0,4099.0,922.0,1125.0,45.687,45.625
734.197,fusion_fit,99.6,370.73828125,17.0,2003.28515625,2127.0,0.0,4139.0,963.0,1123.0,45.437,45.687
734.700,fusion_fit,99.5,370.73828125,17.2,2003.5234375,2127.0,0.0,4139.0,963.0,1125.0,45.5,45.812
735.202,fusion_fit,97.5,370.73828125,16.9,2003.5234375,2127.0,0.0,4099.0,963.0,1125.0,45.343,45.625
735.705,fusion_fit,93.4,370.73828125,17.4,2005.88671875,2127.0,0.0,4099.0,922.0,1125.0,45.437,45.562
