t_s,phase,proc_cpu_pct,proc_rss_MiB,sys_cpu_pct,sys_mem_used_MiB,ram_used_MiB,gpu_load_pct,vdd_in_mW,vdd_cpu_gpu_cv_mW,vdd_soc_mW,cpu_temp_C,tj_temp_C
0.507,calibration,101.1,145.75,22.8,1960.171875,,,,,,,
1.009,calibration,97.6,166.85546875,17.1,1970.46484375,2091.0,0.0,4052.0,1003.0,1083.0,45.5,45.5
1.516,features,100.6,161.44921875,18.8,1979.75390625,2102.0,0.0,4059.0,963.0,1083.0,45.375,45.468
2.019,features,97.5,193.54296875,17.3,2003.50390625,2111.0,0.0,4093.0,1003.0,1083.0,45.281,45.375
2.521,features,99.7,208.9765625,16.7,2017.59765625,2135.0,0.0,4059.0,1003.0,1083.0,45.25,45.593
3.023,features,99.5,207.54296875,20.9,2026.765625,2149.0,0.0,4059.0,963.0,1123.0,45.531,45.531
3.526,features,97.5,217.98046875,17.6,2042.0859375,2158.0,0.0,4093.0,1003.0,1123.0,45.437,45.531
4.028,features,99.5,241.91796875,17.0,2059.4375,2173.0,0.0,4099.0,963.0,1123.0,45.343,45.343
4.530,features,97.6,257.9375,18.7,2066.1484375,2191.0,0.0,4059.0,963.0,1123.0,45.125,45.468
5.032,features,101.6,277.58203125,17.0,2087.4375,2203.0,0.0,4059.0,963.0,1123.0,45.281,45.343
5.534,features,99.7,288.90234375,17.3,2095.4375,2219.0,0.0,4019.0,963.0,1083.0,45.187,45.187
6.036,features,97.7,297.58984375,20.8,2107.7421875,2227.0,0.0,4059.0,963.0,1123.0,45.343,45.343
6.538,features,99.6,289.609375,17.3,2119.125,2239.0,0.0,4093.0,1003.0,1123.0,45.218,45.312
7.043,features,100.9,308.7265625,17.2,2120.64453125,2250.0,0.0,4059.0,1003.0,1123.0,45.218,45.437
7.546,train:DC1,97.4,406.41796875,16.7,2222.4140625,2271.0,0.0,4059.0,963.0,1123.0,45.187,45.281
8.047,train:DC1,99.7,399.93359375,17.5,2228.5390625,2365.0,0.0,4019.0,963.0,1123.0,45.312,45.312
8.549,train:DC1,99.6,386.4453125,17.0,2214.24609375,2368.0,0.0,4019.0,963.0,1123.0,45.531,45.531
9.051,train:DC1,99.6,374.83203125,21.6,2224.453125,2361.0,0.0,4019.0,963.0,1123.0,45.281,45.281
9.553,train:DC1,97.7,366.0078125,16.4,2220.88671875,2356.0,0.0,4093.0,1003.0,1123.0,45.406,45.406
10.054,train:DC1,99.7,354.64453125,17.5,2203.16015625,2358.0,0.0,4059.0,1003.0,1123.0,45.125,45.343
10.556,train:DC1,99.7,344.73828125,18.3,2193.0625,2353.0,0.0,4059.0,963.0,1123.0,45.156,45.406
11.058,train:DC1,97.7,420.20703125,16.7,2239.0859375,2344.0,0.0,4059.0,963.0,1123.0,45.156,45.187
11.559,train:DC2,101.7,344.7421875,17.3,2192.40234375,2336.0,0.0,4059.0,963.0,1123.0,45.343,45.375
12.061,train:DC2,97.7,420.2109375,20.9,2240.16015625,2350.0,0.0,4019.0,963.0,1123.0,45.218,45.25
12.563,train:DC2,99.6,421.7421875,17.0,2239.87109375,2371.0,0.0,4213.0,1041.0,1121.0,45.25,45.406
13.065,train:DC2,97.6,420.2109375,17.6,2238.87890625,2338.0,0.0,4093.0,1003.0,1123.0,45.093,45.375
13.566,train:DC2,99.7,421.72265625,17.0,2241.40625,2328.0,0.0,4059.0,963.0,1123.0,45.437,45.406
14.068,train:DC2,99.7,420.22265625,17.0,2243.90625,2323.0,0.0,4019.0,963.0,1123.0,45.25,45.406
14.570,train:DC2,99.7,421.72265625,17.0,2246.13671875,2375.0,0.0,4019.0,963.0,1123.0,45.281,45.281
15.072,train:DC2,99.6,420.22265625,21.3,2241.86328125,2377.0,0.0,4019.0,963.0,1123.0,45.375,45.375
15.574,train:DC2,97.6,407.265625,17.3,2239.62890625,2373.0,0.0,4133.0,1043.0,1123.0,45.281,45.437
16.076,train:DC3,99.6,420.22265625,17.3,2243.83984375,2371.0,0.0,4059.0,1003.0,1123.0,45.156,45.406
16.577,train:DC3,99.7,419.48828125,17.0,2239.171875,2375.0,0.0,4059.0,963.0,1123.0,45.25,45.312
17.079,train:DC3,99.6,409.08203125,17.3,2232.50390625,2378.0,0.0,4059.0,963.0,1123.0,45.406,45.5
17.581,train:DC3,99.6,405.3359375,16.8,2226.90234375,2371.0,0.0,4093.0,963.0,1123.0,45.281,45.406
18.083,train:DC3,97.7,391.48828125,17.6,2223.48046875,2374.0,0.0,4059.0,963.0,1123.0,45.406,45.468
18.584,train:DC3,101.7,381.08203125,21.3,2214.63671875,2371.0,0.0,4133.0,1041.0,1123.0,45.187,45.312
19.086,train:DC3,97.6,366.73828125,17.1,2215.578125,2372.0,0.0,4052.0,963.0,1123.0,45.375,45.375
19.588,train:DC3,99.7,359.29296875,17.3,2212.2890625,2360.0,0.0,4059.0,963.0,1123.0,45.187,45.218
20.090,train:DC4,99.7,372.8671875,17.0,2224.80078125,2363.0,0.0,4019.0,963.0,1123.0,45.25,45.406
20.591,train:DC4,99.7,420.2421875,17.3,2246.30078125,2362.0,0.0,4019.0,963.0,1123.0,45.125,45.375
21.093,train:DC4,99.7,365.33984375,16.7,2217.18359375,2378.0,0.0,4019.0,963.0,1123.0,45.187,45.312
21.595,train:DC4,97.7,350.71484375,22.3,2189.03515625,2369.0,0.0,4133.0,1041.0,1123.0,45.281,45.281
22.103,train:DC4,102.3,344.7890625,16.8,2189.73046875,2354.0,0.0,4052.0,963.0,1123.0,45.343,45.343
22.607,train:DC4,97.2,420.2578125,17.6,2234.8515625,2362.0,0.0,4093.0,963.0,1123.0,45.375,45.375
23.109,train:DC4,99.7,421.7578125,17.0,2242.59765625,2355.0,0.0,4059.0,963.0,1123.0,45.218,45.406
23.610,train:DC4,95.7,420.2578125,17.0,2232.20703125,2341.0,0.0,4019.0,963.0,1123.0,45.218,45.406
24.112,train:DC4,101.7,407.30078125,17.3,2223.28515625,2334.0,0.0,4019.0,963.0,1123.0,45.125,45.25
24.614,train:DC5,99.7,420.2578125,21.4,2231.31640625,2346.0,0.0,4052.0,1003.0,1123.0,45.531,45.531
25.115,train:DC5,97.7,421.7578125,17.1,2229.46484375,2335.0,0.0,4052.0,1003.0,1123.0,45.218,45.406
25.617,train:DC5,99.7,420.2578125,17.3,2237.46875,2322.0,0.0,4059.0,1003.0,1123.0,45.312,45.312
26.119,train:DC5,99.7,419.5078125,17.3,2232.49609375,2326.0,0.0,4059.0,963.0,1123.0,45.281,45.406
26.621,train:DC5,99.6,411.1015625,16.7,2223.78125,2364.0,0.0,4059.0,963.0,1123.0,45.312,45.343
27.122,train:DC5,97.6,404.36328125,17.5,2232.07421875,2370.0,0.0,4019.0,963.0,1123.0,45.125,45.406
27.624,train:DC5,97.6,390.88671875,21.3,2218.85546875,2367.0,0.0,4059.0,963.0,1123.0,45.218,45.281
28.126,train:DC5,99.6,378.9296875,16.4,2218.23828125,2366.0,0.0,4093.0,1003.0,1123.0,45.437,45.437
28.628,train:DC6,99.6,391.5078125,17.9,2217.01953125,2356.0,0.0,4059.0,963.0,1123.0,45.343,45.375
29.130,train:DC6,101.6,381.1015625,17.0,2220.67578125,2364.0,0.0,4019.0,963.0,1123.0,45.187,45.343
29.632,train:DC6,97.6,366.7734375,17.5,2206.29296875,2360.0,0.0,4019.0,963.0,1123.0,45.25,45.281
30.133,train:DC6,97.7,354.7109375,17.0,2201.00390625,2368.0,0.0,4019.0,963.0,1123.0,45.468,45.468
30.638,train:DC6,99.0,344.8046875,20.7,2183.01953125,2359.0,0.0,4019.0,963.0,1123.0,45.25,45.437
31.140,train:DC6,99.7,420.2734375,17.0,2238.0390625,2355.0,0.0,4133.0,1003.0,1123.0,45.25,45.468
31.642,train:DC6,97.7,421.78125,17.7,2231.4921875,2357.0,0.0,4052.0,963.0,1123.0,45.218,45.406
32.143,train:DC6,101.6,420.2890625,17.5,2233.09375,2360.0,0.0,4019.0,963.0,1123.0,45.187,45.437
32.645,train:DC6,99.6,407.33203125,16.8,2226.32421875,2341.0,0.0,4059.0,963.0,1123.0,45.125,45.406
33.147,train:DC1,99.7,420.2890625,17.8,2242.171875,2358.0,0.0,4093.0,963.0,1123.0,45.343,45.343
33.649,train:DC1,97.7,421.7890625,21.4,2234.08203125,2353.0,0.0,4059.0,963.0,1123.0,45.531,45.531
34.150,train:DC1,99.7,420.2890625,17.0,2240.94140625,2336.0,0.0,4093.0,1003.0,1123.0,45.312,45.468
34.652,train:DC1,97.6,417.13671875,17.6,2232.91015625,2326.0,0.0,4059.0,1003.0,1123.0,45.218,45.437
35.154,train:DC1,99.6,406.5390625,16.7,2231.9609375,2315.0,0.0,4059.0,963.0,1123.0,45.156,45.406
35.656,train:DC1,99.7,400.0390625,17.3,2223.78125,2370.0,0.0,4059.0,963.0,1123.0,45.437,45.437
36.158,train:DC1,97.7,386.1640625,17.0,2223.46484375,2363.0,0.0,4019.0,963.0,1123.0,45.312,45.312
36.659,train:DC1,101.6,375.84765625,18.7,2224.015625,2370.0,0.0,4019.0,963.0,1123.0,45.437,45.468
37.161,train:DC2,97.6,391.5390625,19.4,2233.7109375,2365.0,0.0,4093.0,1003.0,1123.0,45.218,45.406
37.663,train:DC2,99.6,379.1328125,18.1,2229.0,2372.0,0.0,4059.0,963.0,1123.0,45.187,45.406
38.166,train:DC2,97.5,366.7890625,16.4,2211.953125,2365.0,0.0,4019.0,963.0,1123.0,45.187,45.343
38.668,train:DC2,99.6,352.203125,17.9,2197.8515625,2371.0,0.0,4059.0,963.0,1123.0,45.375,45.375
39.176,train:DC2,102.4,344.8203125,17.0,2186.16015625,2365.0,0.0,4019.0,963.0,1123.0,45.312,45.312
39.680,train:DC2,97.2,420.2890625,17.0,2242.28515625,2373.0,0.0,4019.0,963.0,1123.0,45.25,45.468
40.181,train:DC2,97.7,421.7890625,21.1,2233.71484375,2361.0,0.0,4093.0,1003.0,1123.0,45.218,45.375
40.683,train:DC2,99.7,420.2890625,17.3,2230.53125,2354.0,0.0,4059.0,963.0,1123.0,45.156,45.343
41.185,train:DC2,99.7,407.33203125,17.0,2223.0625,2354.0,0.0,4019.0,963.0,1123.0,45.5,45.5
41.686,train:DC3,97.7,420.2890625,17.5,2227.62109375,2351.0,0.0,4019.0,963.0,1123.0,45.218,45.343
42.188,train:DC3,101.7,421.7890625,17.0,2228.50390625,2352.0,0.0,4019.0,963.0,1123.0,45.312,45.468
42.690,train:DC3,97.7,420.2890625,16.8,2225.30078125,2349.0,0.0,4019.0,963.0,1123.0,45.187,45.343
43.191,train:DC3,99.7,418.07421875,21.9,2225.203125,2344.0,0.0,4133.0,1041.0,1123.0,45.187,45.312
43.693,train:DC3,97.7,406.5390625,17.1,2226.36328125,2332.0,0.0,4093.0,963.0,1123.0,45.156,45.406
44.195,train:DC3,99.7,400.0390625,17.0,2223.8984375,2322.0,0.0,4059.0,963.0,1123.0,45.437,45.437
44.696,train:DC3,99.7,385.2890625,17.0,2223.9453125,2314.0,0.0,4059.0,963.0,1123.0,45.437,45.437
45.198,train:DC3,99.7,374.22265625,17.0,2211.2578125,2363.0,0.0,4019.0,963.0,1123.0,45.156,45.468
45.700,train:DC4,99.7,391.5390625,17.1,2222.51953125,2315.0,0.0,4019.0,963.0,1123.0,45.218,45.343
46.201,train:DC4,97.7,374.91796875,21.0,2214.65234375,2362.0,0.0,4133.0,1043.0,1123.0,45.281,45.406
46.703,train:DC4,99.6,365.23046875,17.3,2205.76171875,2362.0,0.0,4059.0,1003.0,1123.0,45.468,45.468
47.205,train:DC4,99.7,354.44921875,16.4,2190.15234375,2371.0,0.0,4019.0,963.0,1123.0,45.156,45.406
47.712,train:DC4,100.5,344.8203125,17.4,2182.6796875,2362.0,0.0,4019.0,963.0,1123.0,45.437,45.468
48.214,train:DC4,97.7,420.2890625,17.0,2245.98046875,2377.0,0.0,4019.0,963.0,1123.0,45.218,45.406
48.715,train:DC4,97.7,421.7890625,17.3,2234.390625,2366.0,0.0,4019.0,963.0,1123.0,45.25,45.437
49.217,train:DC4,101.6,420.2890625,21.3,2234.45703125,2366.0,0.0,4173.0,1041.0,1121.0,45.25,45.406
49.719,train:DC4,97.6,407.33203125,18.2,2228.46484375,2358.0,0.0,4052.0,963.0,1123.0,45.343,45.281
50.221,train:DC5,99.6,420.2890625,16.4,2236.4453125,2368.0,0.0,4019.0,963.0,1123.0,45.468,45.468
50.723,train:DC5,97.7,421.7890625,17.3,2232.04296875,2356.0,0.0,4019.0,963.0,1123.0,45.312,45.562
51.224,train:DC5,101.7,420.2890625,16.9,2240.45703125,2356.0,0.0,4019.0,963.0,1123.0,45.125,45.406
51.726,train:DC5,95.7,419.5390625,17.1,2230.16796875,2358.0,0.0,4019.0,963.0,1123.0,45.25,45.437
52.228,train:DC5,101.7,406.5390625,21.4,2227.203125,2355.0,0.0,4133.0,1003.0,1123.0,45.625,45.625
52.729,train:DC5,97.7,401.44921875,17.0,2223.46484375,2347.0,0.0,4093.0,1003.0,1123.0,45.125,45.25
53.231,train:DC5,101.6,387.7421875,18.2,2223.99609375,2333.0,0.0,4059.0,963.0,1123.0,45.25,45.5
53.733,train:DC5,97.7,374.22265625,17.1,2217.48046875,2325.0,0.0,4059.0,963.0,1123.0,45.187,45.531
54.234,train:DC6,99.7,391.5390625,17.3,2253.296875,2366.0,0.0,4059.0,963.0,1123.0,45.218,45.281
54.736,train:DC6,99.6,381.1328125,17.3,2256.3984375,2366.0,0.0,4059.0,963.0,1123.0,45.25,45.312
55.238,train:DC6,97.7,366.7890625,20.8,2238.5546875,2353.0,0.0,4059.0,963.0,1123.0,45.031,45.343
55.740,train:DC6,101.6,354.7265625,17.6,2233.953125,2396.0,0.0,4093.0,1003.0,1123.0,45.531,45.531
56.241,train:DC6,99.6,344.8203125,17.1,2209.8046875,2393.0,0.0,4059.0,963.0,1123.0,45.25,45.25
56.743,train:DC6,99.6,420.2890625,17.8,2262.65234375,2394.0,0.0,4019.0,963.0,1123.0,45.25,45.375
57.246,train:DC6,99.6,421.7890625,17.3,2261.64453125,2396.0,0.0,4019.0,963.0,1123.0,45.125,45.343
57.747,train:DC6,99.7,420.2890625,17.0,2259.6953125,2391.0,0.0,4019.0,963.0,1123.0,45.25,45.406
58.249,train:DC6,99.7,407.33203125,17.6,2260.35546875,2392.0,0.0,4019.0,963.0,1123.0,45.125,45.312
58.750,train:DC1,99.7,420.2890625,21.6,2257.0234375,2388.0,0.0,4052.0,1003.0,1123.0,45.312,45.406
59.252,train:DC1,101.7,421.7890625,17.3,2254.0625,2387.0,0.0,4059.0,963.0,1123.0,45.437,45.437
59.754,train:DC1,97.7,420.2890625,16.8,2249.56640625,2381.0,0.0,4052.0,963.0,1123.0,45.156,45.437
60.256,train:DC1,101.6,421.7890625,17.9,2251.44140625,2385.0,0.0,4059.0,963.0,1123.0,45.25,45.312
60.757,train:DC1,99.7,418.0390625,16.7,2249.8828125,2374.0,0.0,4019.0,963.0,1123.0,45.125,45.281
61.259,train:DC1,99.6,413.1328125,17.3,2245.140625,2372.0,0.0,4019.0,963.0,1123.0,45.593,45.593
61.761,train:DC1,97.7,404.5390625,21.6,2235.609375,2367.0,0.0,4052.0,1003.0,1123.0,45.281,45.312
62.262,train:DC1,101.7,394.0078125,16.8,2237.8203125,2371.0,0.0,4019.0,963.0,1123.0,45.218,45.406
62.764,train:DC2,97.7,406.5390625,17.5,2235.07421875,2366.0,0.0,4019.0,963.0,1123.0,45.125,45.375
63.266,train:DC2,99.5,400.0390625,17.3,2233.71875,2366.0,0.0,4019.0,963.0,1123.0,45.125,45.375
63.768,train:DC2,99.7,385.2890625,16.4,2235.96875,2365.0,0.0,4019.0,963.0,1123.0,45.281,45.281
64.270,train:DC2,101.7,374.9140625,17.3,2228.9140625,2371.0,0.0,4019.0,963.0,1123.0,45.125,45.281
64.771,train:DC2,99.7,360.7890625,22.7,2218.04296875,2364.0,0.0,4019.0,963.0,1123.0,45.375,45.187
65.273,train:DC2,99.6,349.9921875,17.1,2202.921875,2356.0,0.0,4133.0,1003.0,1123.0,45.406,45.406
65.781,train:DC2,100.4,344.8203125,17.3,2199.8515625,2339.0,0.0,4093.0,1003.0,1123.0,45.281,45.437
66.286,train:DC2,99.1,420.2890625,17.3,2239.2734375,2331.0,0.0,4059.0,963.0,1123.0,45.281,45.312
66.787,train:DC3,99.7,344.8203125,16.7,2194.06640625,2370.0,0.0,4059.0,963.0,1123.0,45.218,45.437
67.289,train:DC3,99.6,420.2890625,17.6,2242.34765625,2333.0,0.0,4019.0,963.0,1123.0,45.531,45.531
67.791,train:DC3,99.6,421.7890625,21.3,2241.5625,2317.0,0.0,4019.0,963.0,1123.0,45.281,45.281
68.293,train:DC3,99.6,420.2890625,17.1,2238.99609375,2373.0,0.0,4093.0,1003.0,1123.0,45.343,45.437
68.794,train:DC3,99.7,421.7890625,17.6,2242.26171875,2370.0,0.0,4059.0,1003.0,1123.0,45.218,45.375
69.296,train:DC3,99.7,420.2890625,16.7,2241.54296875,2373.0,0.0,4059.0,963.0,1123.0,45.218,45.281
69.798,train:DC3,99.6,419.5390625,17.3,2235.48046875,2373.0,0.0,4019.0,963.0,1123.0,45.25,45.312
70.300,train:DC3,101.7,411.5390625,17.3,2233.234375,2370.0,0.0,4019.0,963.0,1123.0,45.312,45.312
70.801,train:DC3,97.7,400.453125,21.4,2229.765625,2380.0,0.0,4059.0,963.0,1123.0,45.281,45.375
71.303,train:DC4,101.7,414.82421875,17.6,2235.48046875,2365.0,0.0,4093.0,1003.0,1123.0,45.25,45.437
71.805,train:DC4,97.7,408.5390625,17.0,2227.39453125,2367.0,0.0,4052.0,1003.0,1123.0,45.125,45.468
72.307,train:DC4,99.6,399.63671875,17.7,2225.73828125,2374.0,0.0,4019.0,963.0,1123.0,45.25,45.375
72.809,train:DC4,99.6,392.80859375,17.0,2228.625,2358.0,0.0,4019.0,963.0,1123.0,45.562,45.25
73.310,train:DC4,99.7,379.1484375,17.3,2219.08203125,2360.0,0.0,4019.0,963.0,1123.0,44.937,45.375
73.812,train:DC4,99.6,368.8046875,21.1,2217.53125,2366.0,0.0,4019.0,963.0,1123.0,45.343,45.281
74.314,train:DC4,99.6,352.7421875,17.1,2196.0,2357.0,0.0,4133.0,1001.0,1123.0,45.437,45.437
74.816,train:DC4,101.6,344.8359375,17.3,2192.88671875,2350.0,0.0,4052.0,1003.0,1123.0,45.218,45.375
75.318,train:DC5,97.6,360.8046875,17.3,2201.78125,2357.0,0.0,4019.0,963.0,1123.0,45.25,45.375
75.820,train:DC5,101.6,346.7109375,17.0,2187.52734375,2354.0,0.0,4019.0,963.0,1123.0,45.125,45.343
76.322,train:DC5,99.7,344.8359375,17.5,2182.16796875,2356.0,0.0,4059.0,963.0,1123.0,45.156,45.343
76.837,train:DC5,99.0,420.3046875,18.5,2244.828125,2340.0,0.0,4019.0,963.0,1123.0,45.25,45.281
77.338,train:DC5,99.7,421.8046875,20.2,2244.41796875,2333.0,0.0,4133.0,1041.0,1123.0,45.343,45.531
77.840,train:DC5,99.6,420.3046875,16.7,2246.64453125,2324.0,0.0,4052.0,1003.0,1123.0,45.406,45.406
78.342,train:DC5,99.7,421.8046875,17.0,2247.24609375,2378.0,0.0,4059.0,963.0,1123.0,45.312,45.531
78.844,train:DC5,99.6,420.3046875,17.6,2247.2265625,2378.0,0.0,4059.0,963.0,1123.0,45.312,45.375
79.346,train:DC5,99.6,407.34765625,16.7,2240.54296875,2378.0,0.0,4019.0,963.0,1123.0,45.125,45.468
79.847,train:DC6,101.7,420.3046875,17.3,2249.125,2372.0,0.0,4019.0,963.0,1123.0,45.375,45.343
80.349,train:DC6,99.6,421.8359375,21.4,2248.8125,2380.0,0.0,4133.0,1041.0,1123.0,45.437,45.437
80.851,train:DC6,99.6,420.3046875,17.3,2247.8515625,2380.0,0.0,4093.0,1003.0,1123.0,45.156,45.25
81.353,train:DC6,99.6,417.34765625,17.3,2234.90625,2379.0,0.0,4052.0,963.0,1123.0,45.375,45.437
81.855,train:DC6,97.6,406.5546875,17.0,2234.55859375,2370.0,0.0,4093.0,963.0,1123.0,45.125,45.281
82.357,train:DC6,101.7,400.0546875,17.0,2226.70703125,2382.0,0.0,4052.0,963.0,1123.0,45.281,45.406
82.858,train:DC6,99.7,387.3046875,17.6,2229.55859375,2369.0,0.0,4059.0,963.0,1123.0,45.218,45.312
83.361,train:DC6,97.6,375.54296875,20.8,2214.90625,2365.0,0.0,4052.0,1003.0,1123.0,45.625,45.625
83.862,train:DC1,99.6,391.5546875,17.6,2229.4921875,2368.0,0.0,4052.0,1003.0,1123.0,45.468,45.468
84.364,train:DC1,101.6,381.1484375,17.0,2218.09765625,2368.0,0.0,4019.0,963.0,1123.0,45.25,45.437
84.866,train:DC1,97.7,366.8046875,17.1,2217.98046875,2369.0,0.0,4019.0,963.0,1123.0,45.218,45.343
85.368,train:DC1,101.7,354.7421875,17.3,2189.33203125,2368.0,0.0,4019.0,963.0,1123.0,45.218,45.343
85.869,train:DC1,99.7,344.8359375,17.3,2191.078125,2357.0,0.0,4019.0,963.0,1123.0,45.25,45.312
86.371,train:DC1,99.7,420.3046875,21.1,2236.1796875,2363.0,0.0,4019.0,963.0,1123.0,45.187,45.281
86.873,train:DC1,99.6,421.8046875,17.3,2238.0078125,2350.0,0.0,4093.0,1003.0,1123.0,45.406,45.531
87.374,train:DC1,99.6,420.3046875,17.0,2235.47265625,2354.0,0.0,4093.0,963.0,1123.0,45.187,45.312
87.876,train:DC1,101.6,407.34765625,17.3,2237.60546875,2334.0,0.0,4059.0,963.0,1123.0,45.156,45.343
88.378,train:DC2,99.7,420.3046875,17.3,2235.81640625,2353.0,0.0,4019.0,963.0,1123.0,45.187,45.343
88.880,train:DC2,97.6,421.8046875,17.0,2239.66796875,2345.0,0.0,4019.0,963.0,1123.0,45.218,45.468
89.382,train:DC2,99.6,420.3046875,21.4,2235.0078125,2337.0,0.0,4019.0,963.0,1123.0,45.406,45.406
89.883,train:DC2,99.7,421.8046875,17.6,2236.8359375,2320.0,0.0,4093.0,1003.0,1123.0,45.281,45.437
90.385,train:DC2,99.6,412.6328125,17.0,2232.25,2368.0,0.0,4059.0,963.0,1123.0,45.25,45.312
90.887,train:DC2,101.6,408.5546875,17.6,2228.21484375,2365.0,0.0,4019.0,963.0,1123.0,45.187,45.343
91.389,train:DC2,97.7,398.0546875,17.0,2226.046875,2369.0,0.0,4019.0,963.0,1123.0,45.031,45.281
91.891,train:DC2,101.6,386.30078125,17.5,2226.09765625,2380.0,0.0,4019.0,963.0,1123.0,45.093,45.406
92.393,train:DC3,99.6,399.87890625,21.9,2225.80078125,2373.0,0.0,4059.0,963.0,1123.0,45.312,45.312
92.895,train:DC3,97.6,389.80078125,17.1,2226.94140625,2372.0,0.0,4133.0,1003.0,1123.0,45.562,45.562
93.397,train:DC3,101.6,377.06640625,17.0,2222.68359375,2374.0,0.0,4093.0,963.0,1123.0,45.218,45.468
93.899,train:DC3,99.5,366.8046875,17.0,2209.2265625,2369.0,0.0,4059.0,963.0,1123.0,45.062,45.406
94.401,train:DC3,99.6,352.7421875,17.3,2187.66015625,2369.0,0.0,4019.0,963.0,1123.0,45.187,45.343
94.910,train:DC3,100.3,344.8359375,17.1,2187.71484375,2368.0,0.0,4019.0,963.0,1123.0,45.406,45.406
95.411,train:DC3,97.7,421.8046875,21.1,2237.6875,2356.0,0.0,4019.0,963.0,1123.0,45.312,45.312
95.913,train:DC3,101.7,420.3046875,17.3,2233.03125,2357.0,0.0,4052.0,1003.0,1123.0,45.25,45.25
96.415,train:DC3,97.7,407.34765625,17.3,2229.6015625,2357.0,0.0,4019.0,963.0,1123.0,45.375,45.468
96.916,train:DC4,101.7,420.3046875,17.0,2237.546875,2361.0,0.0,4019.0,963.0,1123.0,45.062,45.375
97.417,train:DC4,97.8,421.8046875,17.1,2232.20703125,2360.0,0.0,4019.0,963.0,1123.0,45.093,45.281
97.919,train:DC4,99.7,420.3046875,17.5,2235.5078125,2355.0,0.0,4093.0,963.0,1123.0,45.125,45.281
98.420,train:DC4,99.7,421.8046875,16.8,2238.140625,2357.0,0.0,4059.0,963.0,1123.0,45.281,45.281
98.921,train:DC4,99.7,420.3046875,21.4,2232.62109375,2348.0,0.0,4133.0,1003.0,1123.0,45.156,45.281
99.424,train:DC4,101.6,415.1484375,17.3,2236.86328125,2340.0,0.0,4059.0,963.0,1123.0,45.25,45.468
99.925,train:DC4,99.7,406.5546875,17.3,2222.69140625,2316.0,0.0,4059.0,963.0,1123.0,45.218,45.343
100.426,train:DC4,97.7,396.58203125,17.7,2221.34375,2329.0,0.0,4059.0,963.0,1123.0,45.093,45.406
100.928,train:DC5,99.7,411.1484375,17.3,2233.421875,2333.0,0.0,4019.0,963.0,1123.0,45.375,45.375
101.429,train:DC5,101.7,406.5546875,17.0,2223.75,2318.0,0.0,4019.0,963.0,1123.0,45.281,45.406
101.931,train:DC5,97.7,391.5546875,21.9,2228.93359375,2368.0,0.0,4133.0,1043.0,1123.0,45.312,45.312
102.433,train:DC5,99.6,381.1484375,17.0,2222.99609375,2371.0,0.0,4059.0,1003.0,1123.0,45.5,45.5
102.934,train:DC5,101.7,366.8046875,17.1,2210.63671875,2370.0,0.0,4019.0,963.0,1123.0,45.281,45.406
103.436,train:DC5,97.7,354.7421875,17.7,2190.38671875,2378.0,0.0,4059.0,963.0,1123.0,45.156,45.312
103.937,train:DC5,99.7,344.8359375,17.0,2190.5078125,2374.0,0.0,4019.0,963.0,1123.0,45.093,45.25
104.438,train:DC5,99.7,420.3046875,17.1,2235.3359375,2367.0,0.0,4019.0,963.0,1123.0,45.281,45.25
104.940,train:DC6,99.7,344.8359375,21.1,2189.4921875,2361.0,0.0,4133.0,1043.0,1123.0,45.218,45.281
105.442,train:DC6,99.6,420.3046875,17.6,2236.125,2367.0,0.0,4059.0,1003.0,1123.0,45.312,45.312
105.943,train:DC6,99.7,421.8046875,17.0,2236.1953125,2367.0,0.0,4019.0,963.0,1123.0,45.187,45.437
106.445,train:DC6,99.7,420.3046875,17.1,2234.5234375,2364.0,0.0,4019.0,963.0,1123.0,45.218,45.343
106.946,train:DC6,97.7,421.8046875,16.8,2236.73046875,2358.0,0.0,4019.0,963.0,1123.0,45.125,45.312
107.447,train:DC6,101.7,420.3046875,17.6,2235.90625,2359.0,0.0,4019.0,963.0,1123.0,45.156,45.375
107.949,train:DC6,99.7,421.8046875,20.8,2236.1953125,2356.0,0.0,4133.0,1041.0,1123.0,45.281,45.281
108.451,train:DC6,99.6,416.98828125,17.9,2234.10546875,2354.0,0.0,4093.0,963.0,1123.0,45.25,45.281
108.952,train:DC6,99.7,405.51953125,17.0,2230.66796875,2352.0,0.0,4019.0,963.0,1123.0,45.218,45.437
109.454,train:DC1,99.7,418.0546875,17.0,2240.0390625,2356.0,0.0,4019.0,963.0,1123.0,45.125,45.343
109.956,train:DC1,99.7,413.1484375,17.3,2232.93359375,2360.0,0.0,4019.0,963.0,1123.0,45.156,45.406
110.457,train:DC1,99.7,404.5546875,17.3,2221.3828125,2344.0,0.0,4019.0,963.0,1123.0,45.125,45.25
110.959,train:DC1,99.7,393.5546875,21.4,2227.8203125,2339.0,0.0,4133.0,1043.0,1123.0,45.593,45.593
111.461,train:DC1,99.6,379.1484375,17.1,2216.94140625,2317.0,0.0,4059.0,1003.0,1123.0,45.437,45.437
111.963,train:DC1,99.7,368.8046875,17.3,2217.3671875,2339.0,0.0,4019.0,963.0,1123.0,45.125,45.406
112.464,train:DC1,99.7,352.7421875,17.3,2188.546875,2369.0,0.0,4019.0,963.0,1123.0,45.125,45.281
112.965,train:DC1,99.7,344.8359375,16.7,2191.91015625,2364.0,0.0,4019.0,963.0,1123.0,45.187,45.281
113.467,train:DC2,97.7,360.8046875,17.5,2203.17578125,2363.0,0.0,4019.0,963.0,1123.0,45.187,45.281
113.969,train:DC2,103.6,345.86328125,21.5,2193.17578125,2373.0,0.0,4059.0,1003.0,1123.0,45.156,45.187
114.471,train:DC2,99.6,421.8046875,18.8,2234.44921875,2366.0,0.0,4093.0,1003.0,1123.0,45.343,45.343
114.973,train:DC2,99.6,420.3046875,16.9,2235.203125,2366.0,0.0,4059.0,963.0,1123.0,45.125,45.468
115.474,train:DC2,99.7,421.8046875,17.1,2239.9453125,2371.0,0.0,4059.0,963.0,1123.0,45.156,45.312
115.976,train:DC2,97.7,420.3046875,17.3,2239.3125,2371.0,0.0,4019.0,963.0,1123.0,45.156,45.343
116.477,train:DC2,101.8,421.8046875,17.3,2238.109375,2365.0,0.0,4019.0,963.0,1123.0,45.187,45.218
116.978,train:DC2,97.7,418.0546875,17.7,2243.4375,2367.0,0.0,4019.0,963.0,1123.0,45.5,45.5
117.480,train:DC2,99.7,405.51953125,20.7,2237.625,2361.0,0.0,4052.0,1003.0,1123.0,45.406,45.281
117.981,train:DC3,99.6,418.0546875,16.7,2238.0078125,2362.0,0.0,4019.0,963.0,1123.0,45.281,45.468
118.483,train:DC3,99.8,413.1484375,17.8,2233.78125,2365.0,0.0,4019.0,963.0,1123.0,45.093,45.312
118.984,train:DC3,99.7,404.5546875,16.7,2230.89453125,2362.0,0.0,4059.0,963.0,1123.0,45.25,45.312
119.485,train:DC3,99.7,393.5546875,17.1,2220.5,2347.0,0.0,4059.0,963.0,1123.0,45.125,45.375
119.987,train:DC3,99.7,381.1484375,17.3,2224.44921875,2356.0,0.0,4019.0,963.0,1123.0,45.031,45.375
120.489,train:DC3,101.7,368.8046875,20.9,2215.1171875,2346.0,0.0,4052.0,1003.0,1123.0,45.125,45.25
120.990,train:DC3,97.7,355.5546875,17.3,2198.2734375,2329.0,0.0,4059.0,963.0,1123.0,45.187,45.25
121.492,train:DC3,99.7,346.12109375,17.3,2187.4921875,2329.0,0.0,4059.0,963.0,1123.0,45.187,45.25
121.993,train:DC4,99.7,360.8046875,16.7,2203.55078125,2319.0,0.0,4059.0,963.0,1123.0,45.218,45.218
122.494,train:DC4,99.7,346.7109375,17.9,2188.62109375,2335.0,0.0,3979.0,963.0,1123.0,45.312,45.312
122.996,train:DC4,99.7,421.8046875,17.3,2232.04296875,2327.0,0.0,4019.0,963.0,1123.0,45.218,45.406
123.497,train:DC4,99.7,420.3046875,21.7,2241.8125,2318.0,0.0,4019.0,963.0,1123.0,45.218,45.25
123.999,train:DC4,101.6,421.8046875,17.3,2237.77734375,2373.0,0.0,4093.0,1003.0,1123.0,44.968,45.25
124.500,train:DC4,97.7,420.3046875,18.7,2239.78125,2369.0,0.0,4059.0,963.0,1123.0,45.406,45.406
125.002,train:DC4,99.6,421.8046875,17.0,2231.1875,2371.0,0.0,4059.0,963.0,1123.0,45.468,45.468
125.504,train:DC4,99.7,420.3046875,17.5,2244.1328125,2362.0,0.0,4019.0,963.0,1123.0,45.281,45.281
126.006,train:DC4,99.7,407.34765625,17.3,2225.1796875,2375.0,0.0,4019.0,963.0,1123.0,45.281,45.343
126.507,train:DC5,101.7,420.3046875,21.9,2235.62109375,2356.0,0.0,3979.0,963.0,1123.0,45.156,45.375
127.009,train:DC5,99.6,419.5546875,16.7,2236.6796875,2367.0,0.0,4093.0,1003.0,1123.0,45.218,45.375
127.510,train:DC5,97.7,406.5546875,17.3,2224.59375,2368.0,0.0,4019.0,963.0,1123.0,45.125,45.343
128.012,train:DC5,99.6,404.07421875,17.3,2224.87109375,2367.0,0.0,4019.0,963.0,1123.0,45.218,45.312
128.513,train:DC5,99.7,391.5546875,17.0,2224.3203125,2360.0,0.0,4019.0,963.0,1123.0,45.156,45.437
129.015,train:DC5,99.7,381.1484375,17.3,2226.55078125,2356.0,0.0,4019.0,963.0,1123.0,45.312,45.312
129.516,train:DC5,99.7,366.8046875,20.8,2206.1640625,2364.0,0.0,4019.0,963.0,1123.0,45.187,45.437
130.018,train:DC5,99.6,355.19140625,17.7,2201.5,2354.0,0.0,4133.0,1003.0,1123.0,45.281,45.312
130.520,train:DC6,99.7,369.63671875,17.3,2212.87109375,2358.0,0.0,4059.0,963.0,1123.0,45.156,45.406
131.021,train:DC6,101.7,360.74609375,16.7,2198.58984375,2352.0,0.0,4019.0,963.0,1123.0,45.218,45.312
131.523,train:DC6,97.7,344.8359375,17.3,2184.9765625,2350.0,0.0,4019.0,963.0,1123.0,45.062,45.406
132.024,train:DC6,99.7,420.3046875,17.3,2243.54296875,2347.0,0.0,4019.0,963.0,1123.0,45.125,45.437
132.525,train:DC6,99.7,421.8046875,20.8,2236.84765625,2340.0,0.0,4059.0,963.0,1123.0,45.156,45.375
133.028,train:DC6,99.6,420.3046875,18.1,2231.10546875,2329.0,0.0,4133.0,1043.0,1123.0,45.312,45.312
133.529,train:DC6,99.7,421.8046875,17.1,2237.8828125,2319.0,0.0,4059.0,1003.0,1123.0,45.343,45.5
134.031,train:DC6,101.6,420.3046875,17.3,2228.6796875,2369.0,0.0,4059.0,963.0,1123.0,45.312,45.312
134.532,train:DC6,97.7,407.34765625,17.5,2230.55859375,2360.0,0.0,4059.0,963.0,1123.0,45.218,45.343
135.034,train:DC1,99.7,420.3046875,16.8,2233.484375,2326.0,0.0,4059.0,963.0,1123.0,45.125,45.281
135.535,train:DC1,99.7,421.8046875,19.2,2243.55859375,2365.0,0.0,4099.0,963.0,1123.0,45.437,45.437
136.037,train:DC1,99.6,416.984375,20.3,2230.796875,2374.0,0.0,4213.0,1041.0,1121.0,45.593,45.593
136.539,train:DC1,99.6,408.5546875,17.5,2223.37890625,2366.0,0.0,4093.0,963.0,1123.0,45.281,45.375
137.040,train:DC1,99.7,401.58984375,17.1,2224.04296875,2363.0,0.0,4059.0,963.0,1123.0,45.281,45.281
137.542,train:DC1,99.7,392.00390625,17.3,2231.765625,2367.0,0.0,4019.0,963.0,1123.0,45.468,45.468
138.043,train:DC1,101.7,379.1484375,17.6,2214.11328125,2371.0,0.0,4059.0,963.0,1123.0,45.093,45.5
138.545,train:DC1,97.8,368.546875,17.0,2210.4921875,2369.0,0.0,4019.0,963.0,1123.0,45.125,45.312
139.046,train:DC2,99.7,379.1484375,21.1,2220.671875,2363.0,0.0,4133.0,1043.0,1123.0,45.156,45.406
139.548,train:DC2,101.6,368.8515625,17.3,2209.33203125,2367.0,0.0,4059.0,963.0,1123.0,45.437,45.437
140.050,train:DC2,99.6,359.93359375,17.0,2206.2578125,2361.0,0.0,4019.0,963.0,1123.0,45.218,45.5
140.552,train:DC2,99.7,346.7109375,17.3,2187.98828125,2355.0,0.0,4059.0,963.0,1123.0,45.312,45.437
141.053,train:DC2,97.7,421.8046875,17.1,2231.2421875,2355.0,0.0,4099.0,963.0,1123.0,45.156,45.437
141.554,train:DC2,99.8,420.3046875,17.3,2238.4765625,2354.0,0.0,4059.0,963.0,1123.0,45.187,45.406
142.056,train:DC2,99.7,421.8046875,20.9,2240.80078125,2353.0,0.0,4133.0,1041.0,1123.0,45.375,45.375
142.558,train:DC2,99.6,420.3046875,17.9,2234.7734375,2344.0,0.0,4052.0,1003.0,1123.0,45.187,45.312
143.059,train:DC2,101.7,407.34765625,17.3,2230.34375,2345.0,0.0,4059.0,963.0,1123.0,45.281,45.312
143.561,train:DC3,99.7,420.3046875,17.3,2235.12109375,2352.0,0.0,4019.0,963.0,1123.0,45.531,45.531
144.063,train:DC3,97.7,421.8046875,17.8,2238.9453125,2344.0,0.0,4019.0,963.0,1123.0,45.281,45.281
144.564,train:DC3,99.8,420.3046875,16.7,2233.48046875,2334.0,0.0,4019.0,963.0,1123.0,45.312,45.312
145.065,train:DC3,99.7,419.5546875,22.2,2235.0703125,2317.0,0.0,4059.0,1003.0,1123.0,45.312,45.437
145.568,train:DC3,99.5,409.1484375,17.5,2222.66015625,2368.0,0.0,4133.0,1001.0,1123.0,45.25,45.375
146.070,train:DC3,101.6,402.671875,17.1,2233.92578125,2373.0,0.0,4059.0,963.0,1123.0,45.156,45.343
146.571,train:DC3,99.7,391.5546875,17.3,2225.15625,2372.0,0.0,4019.0,963.0,1123.0,45.187,45.281
147.073,train:DC3,99.7,379.31640625,17.3,2226.44140625,2368.0,0.0,4019.0,963.0,1123.0,45.437,45.312
147.574,train:DC4,97.7,393.5546875,16.7,2219.234375,2365.0,0.0,4059.0,963.0,1123.0,45.281,45.281
148.075,train:DC4,101.7,381.1484375,21.3,2222.09765625,2366.0,0.0,4019.0,963.0,1123.0,45.218,45.218
148.578,train:DC4,99.6,369.51171875,17.3,2212.37109375,2365.0,0.0,4093.0,1003.0,1123.0,45.437,45.437
149.079,train:DC4,99.7,360.25390625,17.6,2203.30078125,2374.0,0.0,4059.0,963.0,1123.0,45.218,45.468
149.580,train:DC4,99.7,344.8359375,16.4,2182.4921875,2368.0,0.0,4019.0,963.0,1123.0,45.125,45.343
150.082,train:DC4,97.7,420.3046875,17.3,2235.49609375,2367.0,0.0,4019.0,963.0,1123.0,45.093,45.312
150.583,train:DC4,101.7,421.8046875,17.0,2236.65234375,2362.0,0.0,4059.0,963.0,1123.0,45.343,45.281
151.085,train:DC4,97.7,420.3046875,21.3,2236.85546875,2359.0,0.0,4019.0,963.0,1123.0,45.468,45.468
151.587,train:DC4,101.6,407.34765625,17.3,2237.26953125,2353.0,0.0,4052.0,1003.0,1123.0,45.187,45.187
152.089,train:DC5,99.7,420.3046875,17.3,2246.75,2366.0,0.0,4019.0,963.0,1123.0,45.281,45.406
152.590,train:DC5,99.7,421.8046875,16.7,2243.62109375,2363.0,0.0,4019.0,963.0,1123.0,45.156,45.343
153.091,train:DC5,99.7,420.3046875,17.5,2240.25390625,2360.0,0.0,4019.0,963.0,1123.0,45.25,45.281
153.592,train:DC5,99.7,421.8046875,17.1,2241.15625,2357.0,0.0,4052.0,963.0,1123.0,45.187,45.375
154.094,train:DC5,97.7,418.0546875,20.1,2238.88671875,2349.0,0.0,4019.0,963.0,1123.0,45.187,45.343
154.596,train:DC5,101.6,408.5546875,18.6,2224.1484375,2335.0,0.0,4093.0,1003.0,1123.0,45.437,45.437
155.098,train:DC5,99.6,402.41015625,17.0,2227.01171875,2324.0,0.0,4059.0,963.0,1123.0,45.312,45.312
155.599,train:DC5,99.7,389.67578125,17.9,2221.51171875,2314.0,0.0,4059.0,963.0,1123.0,45.375,45.375
156.101,train:DC6,99.7,404.5546875,16.7,2227.84765625,2343.0,0.0,4019.0,963.0,1123.0,45.125,45.406
156.602,train:DC6,97.7,393.5546875,17.0,2226.09375,2318.0,0.0,4019.0,963.0,1123.0,45.187,45.281
157.103,train:DC6,101.7,381.1484375,17.5,2226.1875,2335.0,0.0,4019.0,963.0,1123.0,45.187,45.25
157.605,train:DC6,99.7,368.8046875,21.7,2209.171875,2370.0,0.0,4093.0,1003.0,1123.0,45.281,45.312
158.107,train:DC6,99.6,354.7421875,17.3,2204.2578125,2366.0,0.0,4059.0,963.0,1123.0,45.406,45.406
158.608,train:DC6,97.7,344.8359375,17.3,2186.69140625,2363.0,0.0,4019.0,963.0,1123.0,45.281,45.312
159.110,train:DC6,101.7,421.8046875,16.7,2232.734375,2364.0,0.0,4019.0,963.0,1123.0,45.281,45.187
159.611,train:DC6,99.7,420.3046875,17.3,2242.64453125,2374.0,0.0,4059.0,963.0,1123.0,45.312,45.312
160.113,train:DC6,97.7,407.34765625,17.0,2225.69921875,2357.0,0.0,4019.0,963.0,1123.0,45.187,45.5
160.614,train:DC1,101.7,420.3046875,22.3,2235.31640625,2367.0,0.0,4093.0,1003.0,1123.0,45.187,45.406
161.116,train:DC1,97.6,421.8046875,17.5,2239.51953125,2371.0,0.0,4019.0,963.0,1123.0,45.093,45.343
161.617,train:DC1,99.7,420.3046875,17.1,2237.51171875,2369.0,0.0,4059.0,963.0,1123.0,45.156,45.375
162.119,train:DC1,101.7,421.8046875,17.3,2235.4296875,2356.0,0.0,4019.0,963.0,1123.0,45.5,45.25
162.620,train:DC1,97.7,418.0546875,17.3,2233.73046875,2359.0,0.0,4019.0,963.0,1123.0,45.093,45.281
163.122,train:DC1,99.7,413.1484375,16.7,2224.19140625,2354.0,0.0,3979.0,922.0,1123.0,45.093,45.25
163.623,train:DC1,101.7,405.8125,22.7,2226.0234375,2351.0,0.0,4093.0,1003.0,1123.0,45.187,45.343
164.125,train:DC1,97.6,394.95703125,16.7,2226.9375,2358.0,0.0,4019.0,963.0,1123.0,45.375,45.375
164.626,train:DC2,99.7,406.5546875,17.3,2227.94921875,2352.0,0.0,4019.0,963.0,1123.0,45.375,45.375
165.128,train:DC2,99.7,400.0546875,17.3,2224.3046875,2356.0,0.0,4019.0,963.0,1123.0,45.218,45.437
165.629,train:DC2,99.7,385.3046875,17.1,2230.546875,2350.0,0.0,4059.0,963.0,1123.0,45.156,45.437
166.131,train:DC2,97.7,374.9296875,17.5,2219.80078125,2338.0,0.0,4019.0,963.0,1123.0,45.187,45.343
166.632,train:DC2,101.7,360.8046875,22.0,2195.40625,2311.0,0.0,4133.0,1043.0,1123.0,45.187,45.343
167.134,train:DC2,99.6,346.7109375,16.9,2191.34765625,2374.0,0.0,4093.0,963.0,1123.0,45.375,45.218
167.636,train:DC2,99.7,421.8046875,17.6,2235.25,2366.0,0.0,4059.0,963.0,1123.0,45.437,45.437
168.137,train:DC2,99.7,420.3046875,16.7,2229.19921875,2360.0,0.0,4019.0,963.0,1123.0,45.218,45.375
168.646,train:DC2,102.2,344.8359375,17.7,2189.921875,2356.0,0.0,4019.0,963.0,1123.0,45.25,45.312
169.154,train:DC3,96.5,420.3046875,17.0,2228.15625,2359.0,0.0,4019.0,963.0,1123.0,45.218,45.312
169.655,train:DC3,101.7,421.8046875,22.2,2238.45703125,2370.0,0.0,4133.0,1041.0,1123.0,45.5,45.5
170.157,train:DC3,99.6,420.3046875,16.7,2231.63671875,2363.0,0.0,4059.0,963.0,1123.0,45.312,45.312
170.659,train:DC3,97.7,421.8046875,17.3,2240.7421875,2372.0,0.0,4059.0,963.0,1123.0,45.281,45.343
171.160,train:DC3,99.7,420.3046875,17.5,2232.8515625,2364.0,0.0,4019.0,963.0,1123.0,45.437,45.437
171.661,train:DC3,99.8,419.5546875,17.3,2229.6015625,2361.0,0.0,4019.0,963.0,1123.0,45.25,45.281
172.163,train:DC3,99.7,406.5546875,16.7,2226.80859375,2361.0,0.0,4019.0,963.0,1123.0,45.25,45.281
172.664,train:DC3,99.6,396.58203125,22.1,2222.8515625,2358.0,0.0,4059.0,963.0,1123.0,45.218,45.343
173.166,train:DC4,101.6,411.1484375,17.5,2225.73046875,2356.0,0.0,4173.0,1041.0,1121.0,45.25,45.281
173.668,train:DC4,97.6,405.24609375,18.0,2225.421875,2357.0,0.0,4052.0,963.0,1123.0,45.187,45.312
174.170,train:DC4,101.6,391.5546875,17.0,2226.28125,2357.0,0.0,4052.0,963.0,1123.0,45.218,45.312
174.672,train:DC4,99.7,381.1484375,17.5,2225.734375,2357.0,0.0,4052.0,963.0,1123.0,45.156,45.406
175.174,train:DC4,97.7,366.8046875,16.7,2212.34765625,2357.0,0.0,4019.0,963.0,1123.0,45.343,45.343
175.675,train:DC4,99.7,354.7421875,17.7,2193.10546875,2350.0,0.0,4019.0,963.0,1123.0,45.218,45.468
176.177,train:DC4,101.6,344.8359375,21.0,2188.6484375,2340.0,0.0,4093.0,1003.0,1123.0,45.437,45.437
176.679,train:DC4,99.6,420.3046875,17.3,2240.24609375,2325.0,0.0,4059.0,1003.0,1123.0,45.125,45.437
177.181,train:DC5,99.7,344.8359375,17.0,2184.40625,2320.0,0.0,4059.0,963.0,1123.0,45.343,45.343
177.682,train:DC5,97.8,420.3046875,16.8,2239.07421875,2331.0,0.0,4019.0,963.0,1123.0,45.406,45.406
178.183,train:DC5,99.7,421.8046875,17.8,2239.80859375,2320.0,0.0,4059.0,963.0,1123.0,45.156,45.281
178.685,train:DC5,101.7,420.3046875,17.0,2231.64453125,2370.0,0.0,4059.0,963.0,1123.0,45.218,45.406
179.186,train:DC5,97.7,421.8046875,22.2,2233.01953125,2363.0,0.0,4059.0,963.0,1123.0,45.187,45.312
179.688,train:DC5,99.6,420.3046875,17.0,2232.11328125,2364.0,0.0,4052.0,1003.0,1123.0,45.218,45.281
180.190,train:DC5,99.7,419.5546875,17.3,2231.9296875,2363.0,0.0,4059.0,963.0,1123.0,45.156,45.25
180.692,train:DC5,101.7,411.1484375,17.3,2223.76953125,2363.0,0.0,4019.0,963.0,1123.0,45.343,45.343
181.193,train:DC5,99.7,400.23828125,16.7,2229.07421875,2367.0,0.0,4019.0,963.0,1123.0,45.25,45.375
181.694,train:DC6,97.7,411.5546875,17.5,2222.62890625,2361.0,0.0,4019.0,963.0,1123.0,45.125,45.343
182.196,train:DC6,99.7,406.5546875,21.1,2232.77734375,2369.0,0.0,4019.0,963.0,1123.0,45.156,45.312
182.698,train:DC6,99.6,391.5546875,17.3,2219.62890625,2368.0,0.0,4052.0,1003.0,1123.0,45.156,45.25
183.199,train:DC6,101.7,381.1484375,17.6,2226.70703125,2359.0,0.0,4019.0,963.0,1123.0,45.187,45.25
183.701,train:DC6,97.7,368.8046875,16.7,2202.54296875,2364.0,0.0,4093.0,963.0,1123.0,45.125,45.312
184.203,train:DC6,101.6,357.65234375,17.6,2201.45703125,2353.0,0.0,4059.0,963.0,1123.0,45.343,45.437
184.704,train:DC6,99.7,344.8359375,18.3,2194.4296875,2356.0,0.0,4059.0,963.0,1123.0,45.437,45.437
185.206,train:DC6,99.7,420.3046875,22.2,2240.94921875,2357.0,0.0,4019.0,963.0,1123.0,45.187,45.375
185.708,train:DC1,99.6,344.8359375,17.0,2184.88671875,2342.0,0.0,4093.0,1003.0,1123.0,45.281,45.281
186.210,train:DC1,99.7,420.3046875,17.6,2232.69140625,2353.0,0.0,4019.0,963.0,1123.0,45.125,45.531
186.711,train:DC1,99.7,421.8046875,17.1,2245.265625,2347.0,0.0,4019.0,963.0,1123.0,45.187,45.312
187.212,train:DC1,99.7,420.3046875,17.3,2239.5078125,2339.0,0.0,4019.0,963.0,1123.0,45.093,45.406
187.714,train:DC1,99.7,421.8046875,17.3,2239.77734375,2328.0,0.0,4019.0,963.0,1123.0,45.125,45.343
188.215,train:DC1,99.7,420.3046875,21.4,2231.41796875,2321.0,0.0,4019.0,963.0,1123.0,45.375,45.406
188.717,train:DC1,99.6,419.5546875,17.0,2231.6484375,2363.0,0.0,4093.0,1003.0,1123.0,45.562,45.562
189.219,train:DC1,99.7,411.5546875,17.3,2227.91796875,2363.0,0.0,4133.0,963.0,1123.0,45.281,45.375
189.720,train:DC1,99.7,400.6875,17.5,2229.0390625,2367.0,0.0,4059.0,963.0,1123.0,45.156,45.437
190.222,train:DC2,99.7,413.19140625,17.0,2229.09765625,2362.0,0.0,4019.0,963.0,1123.0,45.125,45.343
190.723,train:DC2,99.7,408.5546875,17.3,2222.953125,2368.0,0.0,4019.0,963.0,1123.0,45.187,45.281
191.224,train:DC2,99.7,398.0546875,21.7,2230.11328125,2364.0,0.0,4019.0,963.0,1123.0,45.156,45.281
191.726,train:DC2,97.6,386.43359375,17.4,2225.04296875,2376.0,0.0,4093.0,1003.0,1123.0,45.406,45.406
192.228,train:DC2,101.7,372.6875,17.6,2217.390625,2364.0,0.0,4059.0,963.0,1123.0,45.25,45.375
192.730,train:DC2,99.7,361.61328125,17.3,2202.09375,2375.0,0.0,4019.0,963.0,1123.0,45.187,45.5
193.231,train:DC2,99.7,344.8359375,17.3,2188.41796875,2363.0,0.0,4019.0,963.0,1123.0,45.25,45.375
193.732,train:DC2,99.7,420.3046875,17.0,2233.66015625,2357.0,0.0,4019.0,963.0,1123.0,45.156,45.468
194.234,train:DC3,99.7,347.23046875,18.4,2179.61328125,2359.0,0.0,4059.0,963.0,1123.0,45.312,45.343
194.736,train:DC3,99.6,420.3046875,20.9,2238.0078125,2353.0,0.0,4133.0,1001.0,1123.0,45.312,45.437
195.238,train:DC3,99.6,421.8046875,17.6,2234.23828125,2357.0,0.0,4052.0,963.0,1123.0,45.25,45.281
195.739,train:DC3,99.7,420.3046875,17.6,2244.2734375,2356.0,0.0,4059.0,963.0,1123.0,45.406,45.406
196.241,train:DC3,99.7,421.8046875,17.3,2233.80859375,2353.0,0.0,4019.0,963.0,1123.0,45.25,45.25
196.742,train:DC3,97.7,420.3046875,17.0,2244.11328125,2336.0,0.0,4019.0,963.0,1123.0,45.25,45.343
197.243,train:DC3,101.7,419.5546875,17.4,2229.7109375,2330.0,0.0,4019.0,963.0,1123.0,45.125,45.312
197.744,train:DC3,99.7,411.5546875,21.6,2226.9453125,2317.0,0.0,4173.0,1041.0,1121.0,45.187,45.343
198.246,train:DC3,99.6,400.23828125,17.6,2226.95703125,2372.0,0.0,4052.0,1003.0,1123.0,45.312,45.312
198.748,train:DC4,99.7,411.9375,17.0,2223.53125,2312.0,0.0,4019.0,963.0,1123.0,45.25,45.312
199.249,train:DC4,99.7,408.5546875,17.1,2227.95703125,2367.0,0.0,4019.0,963.0,1123.0,45.375,45.375
199.752,train:DC4,99.5,395.75,17.3,2215.71484375,2367.0,0.0,4093.0,963.0,1123.0,45.156,45.375
200.254,train:DC4,99.7,383.1484375,17.3,2221.84765625,2366.0,0.0,4019.0,963.0,1123.0,45.25,45.406
200.755,train:DC4,99.6,367.62890625,22.4,2214.36328125,2366.0,0.0,4133.0,1041.0,1123.0,45.156,45.343
201.257,train:DC4,99.6,355.6171875,17.1,2194.29296875,2377.0,0.0,4059.0,963.0,1123.0,45.312,45.312
201.759,train:DC4,97.7,344.8359375,16.7,2189.16796875,2371.0,0.0,4019.0,963.0,1123.0,45.5,45.281
202.260,train:DC4,101.7,420.3046875,17.5,2237.1484375,2367.0,0.0,4019.0,963.0,1123.0,45.125,45.343
202.762,train:DC5,99.7,344.8359375,16.8,2188.09765625,2368.0,0.0,4019.0,963.0,1123.0,45.156,45.218
203.263,train:DC5,99.7,420.3046875,17.3,2238.7578125,2372.0,0.0,4019.0,963.0,1123.0,45.437,45.437
203.764,train:DC5,99.7,421.8046875,21.7,2234.76171875,2362.0,0.0,4133.0,1041.0,1121.0,45.375,45.375
204.266,train:DC5,97.6,420.3046875,17.3,2243.90234375,2364.0,0.0,4052.0,1003.0,1123.0,45.218,45.406
204.768,train:DC5,101.7,421.8046875,17.1,2239.81640625,2356.0,0.0,4059.0,963.0,1123.0,45.25,45.406
205.270,train:DC5,99.7,420.3046875,17.1,2231.2734375,2355.0,0.0,4052.0,963.0,1123.0,45.156,45.5
205.771,train:DC5,99.7,419.5546875,17.5,2228.109375,2354.0,0.0,4019.0,963.0,1123.0,45.156,45.437
206.273,train:DC5,99.7,411.1484375,17.0,2227.3828125,2347.0,0.0,4019.0,963.0,1123.0,45.125,45.406
206.774,train:DC5,99.7,400.23828125,21.7,2226.53515625,2337.0,0.0,4093.0,1003.0,1123.0,45.375,45.375
207.276,train:DC6,99.6,411.5546875,17.3,2229.58203125,2344.0,0.0,4059.0,1003.0,1123.0,45.437,45.437
207.778,train:DC6,99.7,406.5546875,17.0,2225.34765625,2335.0,0.0,4019.0,963.0,1123.0,45.375,45.375
208.279,train:DC6,99.7,393.5546875,17.5,2224.8046875,2327.0,0.0,4019.0,963.0,1123.0,45.281,45.437
208.781,train:DC6,99.7,383.1484375,16.4,2224.0546875,2322.0,0.0,4019.0,963.0,1123.0,45.187,45.406
209.282,train:DC6,99.7,368.8046875,17.3,2211.03125,2363.0,0.0,4019.0,963.0,1123.0,45.406,45.406
209.783,train:DC6,99.7,355.93359375,21.4,2200.95703125,2370.0,0.0,4059.0,963.0,1123.0,45.125,45.312
210.285,train:DC6,97.6,344.8359375,17.9,2185.140625,2362.0,0.0,4093.0,1003.0,1123.0,45.281,45.375
210.787,train:DC6,101.7,420.3046875,17.0,2238.4609375,2370.0,0.0,4059.0,963.0,1123.0,45.437,45.437
211.289,train:DC1,99.7,344.8359375,17.5,2190.0078125,2363.0,0.0,4019.0,963.0,1123.0,45.218,45.437
211.790,train:DC1,99.7,420.3046875,17.1,2240.39453125,2372.0,0.0,4019.0,963.0,1123.0,45.093,45.343
212.292,train:DC1,99.7,421.8046875,17.0,2238.140625,2370.0,0.0,4019.0,963.0,1123.0,45.125,45.312
212.793,train:DC1,99.7,420.3046875,19.3,2237.97265625,2369.0,0.0,4019.0,963.0,1123.0,45.562,45.562
213.295,train:DC1,99.6,421.8046875,19.6,2237.8359375,2361.0,0.0,4052.0,1003.0,1123.0,45.218,45.281
213.797,train:DC1,99.6,420.3046875,17.1,2232.31640625,2356.0,0.0,4019.0,963.0,1123.0,45.343,45.437
214.299,train:DC1,99.6,419.5546875,17.3,2236.015625,2359.0,0.0,4019.0,963.0,1123.0,45.218,45.5
214.800,train:DC1,99.7,411.5546875,17.3,2223.52734375,2351.0,0.0,4019.0,963.0,1123.0,45.156,45.406
215.302,train:DC1,99.7,400.88671875,17.0,2229.2421875,2360.0,0.0,4019.0,963.0,1123.0,45.125,45.281
215.803,train:DC2,99.7,413.87890625,17.1,2231.0625,2351.0,0.0,4019.0,963.0,1123.0,45.343,45.406
216.305,train:DC2,99.7,408.5546875,21.4,2227.6796875,2357.0,0.0,4093.0,1003.0,1123.0,45.437,45.437
216.807,train:DC2,99.6,398.0546875,17.8,2228.65625,2356.0,0.0,4052.0,963.0,1123.0,45.343,45.437
217.309,train:DC2,99.7,387.3046875,17.0,2221.1640625,2345.0,0.0,4019.0,963.0,1123.0,45.312,45.312
217.810,train:DC2,97.8,372.9296875,17.1,2220.90234375,2336.0,0.0,4019.0,963.0,1123.0,45.375,45.437
218.311,train:DC2,101.7,362.7421875,17.5,2207.6171875,2318.0,0.0,4019.0,963.0,1123.0,45.156,45.343
218.813,train:DC2,99.8,350.01953125,17.1,2194.83203125,2367.0,0.0,4059.0,963.0,1123.0,45.218,45.218
219.314,train:DC2,99.7,344.8359375,21.9,2185.12109375,2365.0,0.0,4093.0,1003.0,1123.0,45.125,45.343
219.831,train:DC3,98.7,356.7109375,17.1,2196.9609375,2321.0,0.0,4059.0,1003.0,1123.0,45.156,45.312
220.333,train:DC3,99.6,344.8359375,17.1,2186.99609375,2371.0,0.0,4059.0,963.0,1123.0,45.531,45.25
220.835,train:DC3,99.6,421.8046875,17.3,2235.953125,2367.0,0.0,4059.0,963.0,1123.0,45.406,45.406
221.336,train:DC3,101.7,420.3046875,17.3,2235.5703125,2367.0,0.0,4019.0,963.0,1123.0,45.375,45.375
221.837,train:DC3,97.7,421.8046875,16.8,2239.77734375,2371.0,0.0,4059.0,963.0,1123.0,45.125,45.406
222.339,train:DC3,101.7,420.3046875,21.3,2238.06640625,2369.0,0.0,4133.0,1003.0,1123.0,45.156,45.343
222.841,train:DC3,99.6,421.8046875,17.3,2237.05859375,2368.0,0.0,4052.0,963.0,1123.0,45.156,45.312
223.343,train:DC3,99.7,418.0546875,17.3,2232.9375,2364.0,0.0,4019.0,963.0,1123.0,45.125,45.25
223.844,train:DC3,97.7,407.34765625,17.5,2234.0546875,2365.0,0.0,4019.0,963.0,1123.0,45.406,45.406
224.345,train:DC4,99.7,420.3046875,17.1,2240.26953125,2371.0,0.0,4019.0,963.0,1123.0,45.343,45.343
224.847,train:DC4,99.7,415.1484375,17.3,2236.94140625,2371.0,0.0,4019.0,963.0,1123.0,45.343,45.343
225.348,train:DC4,99.7,406.5546875,21.9,2224.94921875,2368.0,0.0,4019.0,963.0,1123.0,45.187,45.406
225.850,train:DC4,99.6,400.0546875,17.1,2232.7578125,2356.0,0.0,4133.0,1001.0,1123.0,45.156,45.468
226.352,train:DC4,101.7,385.3046875,17.0,2222.68359375,2364.0,0.0,4052.0,963.0,1123.0,45.25,45.312
226.853,train:DC4,99.8,374.9296875,17.3,2222.8046875,2354.0,0.0,4059.0,963.0,1123.0,45.062,45.25
227.354,train:DC4,97.8,362.8046875,17.1,2207.015625,2358.0,0.0,4093.0,963.0,1123.0,45.343,45.187
227.856,train:DC4,99.7,352.859375,17.0,2202.32421875,2344.0,0.0,4059.0,963.0,1123.0,45.406,45.406
228.357,train:DC5,99.7,366.8046875,21.7,2205.09765625,2338.0,0.0,4059.0,963.0,1123.0,45.218,45.343
228.859,train:DC5,99.6,354.7421875,17.3,2202.5546875,2344.0,0.0,4173.0,1041.0,1121.0,45.218,45.406
229.361,train:DC5,101.7,344.8359375,17.3,2187.85546875,2347.0,0.0,4093.0,1003.0,1123.0,45.156,45.281
229.862,train:DC5,97.8,420.3046875,17.0,2250.4140625,2327.0,0.0,4059.0,963.0,1123.0,45.5,45.5
230.363,train:DC5,101.7,421.8046875,17.1,2248.73046875,2322.0,0.0,4019.0,963.0,1123.0,45.437,45.281
230.865,train:DC5,97.8,420.3046875,17.6,2247.0625,2380.0,0.0,4059.0,963.0,1123.0,45.375,45.375
231.366,train:DC5,101.7,421.8046875,20.2,2246.5546875,2378.0,0.0,4059.0,963.0,1123.0,45.343,45.343
231.868,train:DC5,99.7,420.3046875,18.2,2243.921875,2377.0,0.0,4133.0,1041.0,1123.0,45.218,45.25
232.369,train:DC5,99.7,407.34765625,16.8,2233.82421875,2375.0,0.0,4052.0,963.0,1123.0,45.187,45.281
232.871,train:DC6,97.7,420.3046875,17.6,2243.5859375,2365.0,0.0,4059.0,963.0,1123.0,45.093,45.312
233.372,train:DC6,99.7,421.8046875,17.3,2243.41015625,2375.0,0.0,4059.0,963.0,1123.0,45.406,45.406
233.874,train:DC6,99.7,416.0546875,17.1,2242.26953125,2375.0,0.0,4019.0,963.0,1123.0,45.25,45.281
234.375,train:DC6,101.7,408.5546875,18.2,2239.58984375,2381.0,0.0,4019.0,963.0,1123.0,45.312,45.312
234.877,train:DC6,97.6,398.0546875,21.4,2226.42578125,2375.0,0.0,4133.0,1041.0,1121.0,45.531,45.531
235.379,train:DC6,99.6,387.3046875,17.5,2229.6796875,2369.0,0.0,4052.0,963.0,1123.0,45.125,45.406
235.880,train:DC6,99.7,372.9296875,16.8,2219.90234375,2367.0,0.0,4019.0,963.0,1123.0,45.187,45.375
236.382,train:DC6,99.7,364.28515625,17.6,2210.67578125,2359.0,0.0,4019.0,963.0,1123.0,45.156,45.375
236.884,train:DC1,101.6,372.9296875,16.7,2224.46484375,2358.0,0.0,4019.0,963.0,1123.0,45.125,45.218
237.385,train:DC1,97.7,364.71484375,17.6,2210.83984375,2364.0,0.0,4019.0,963.0,1123.0,45.5,45.5
237.887,train:DC1,99.7,349.57421875,21.1,2201.953125,2359.0,0.0,4093.0,1003.0,1123.0,45.406,45.343
238.397,train:DC1,99.9,344.8359375,17.8,2192.85546875,2362.0,0.0,4133.0,963.0,1123.0,45.312,45.343
238.902,train:DC1,101.1,421.8046875,16.7,2246.3203125,2356.0,0.0,4059.0,963.0,1123.0,45.125,45.375
239.403,train:DC1,99.8,420.3046875,17.1,2239.9765625,2342.0,0.0,4019.0,963.0,1123.0,45.187,45.343
239.904,train:DC1,97.7,421.8046875,17.0,2246.04296875,2341.0,0.0,4019.0,963.0,1123.0,45.062,45.343
240.406,train:DC1,101.8,420.3046875,17.4,2241.5,2323.0,0.0,4019.0,963.0,1123.0,45.281,45.281
240.907,train:DC1,97.7,407.34765625,21.6,2233.6640625,2373.0,0.0,4019.0,963.0,1123.0,45.5,45.5
241.409,train:DC2,99.6,420.3046875,17.1,2240.8515625,2322.0,0.0,4093.0,1003.0,1123.0,45.156,45.406
241.911,train:DC2,99.7,421.8046875,17.3,2238.5,2336.0,0.0,4059.0,963.0,1123.0,45.125,45.375
242.412,train:DC2,99.7,418.0546875,17.1,2242.640625,2370.0,0.0,4059.0,963.0,1123.0,45.125,45.437
242.913,train:DC2,99.8,413.1484375,17.0,2232.7109375,2374.0,0.0,4059.0,963.0,1123.0,45.468,45.5
243.414,train:DC2,99.8,405.65625,17.7,2234.7421875,2370.0,0.0,4019.0,963.0,1123.0,45.312,45.343
243.916,train:DC2,99.7,393.5546875,21.9,2226.53125,2374.0,0.0,4059.0,963.0,1123.0,45.312,45.5
244.418,train:DC2,99.6,381.15234375,18.7,2225.2734375,2365.0,0.0,4093.0,1003.0,1123.0,45.125,45.375
244.920,train:DC2,99.6,372.06640625,16.7,2218.58203125,2362.0,0.0,4052.0,1003.0,1123.0,45.187,45.343
245.421,train:DC3,99.7,385.3046875,17.6,2222.09375,2365.0,0.0,4019.0,963.0,1123.0,45.156,45.25
245.923,train:DC3,99.8,374.9296875,17.3,2222.21875,2369.0,0.0,4019.0,963.0,1123.0,45.281,45.281
246.424,train:DC3,99.8,360.8046875,17.3,2200.83203125,2367.0,0.0,4019.0,963.0,1123.0,45.187,45.406
246.925,train:DC3,97.7,344.90234375,21.7,2182.51953125,2359.0,0.0,4059.0,963.0,1123.0,45.312,45.406
247.427,train:DC3,101.6,421.87109375,17.9,2236.6015625,2369.0,0.0,4093.0,1003.0,1123.0,45.125,45.312
247.928,train:DC3,97.7,420.37109375,16.8,2236.62890625,2360.0,0.0,4052.0,963.0,1123.0,45.156,45.312
248.430,train:DC3,99.7,421.87109375,17.6,2235.921875,2348.0,0.0,4019.0,963.0,1123.0,45.343,45.343
248.931,train:DC3,101.8,420.37109375,17.3,2235.67578125,2328.0,0.0,4059.0,963.0,1123.0,45.375,45.375
249.432,train:DC3,99.8,407.4140625,17.1,2235.28125,2327.0,0.0,4052.0,963.0,1123.0,45.406,45.406
249.934,train:DC4,97.7,420.37109375,21.3,2240.6015625,2337.0,0.0,4019.0,963.0,1123.0,45.375,45.437
250.436,train:DC4,99.6,421.87109375,17.1,2234.5625,2331.0,0.0,4093.0,1003.0,1123.0,45.281,45.406
250.937,train:DC4,101.7,418.12109375,17.5,2241.0234375,2317.0,0.0,4059.0,963.0,1123.0,45.125,45.343
251.439,train:DC4,97.7,408.62109375,17.1,2238.625,2372.0,0.0,4059.0,963.0,1123.0,45.218,45.281
251.940,train:DC4,101.7,398.27734375,17.0,2231.00390625,2370.0,0.0,4019.0,963.0,1123.0,45.531,45.531
252.441,train:DC4,97.7,387.37109375,17.7,2230.48828125,2370.0,0.0,4059.0,963.0,1123.0,45.343,45.343
252.943,train:DC4,99.7,372.99609375,18.3,2215.359375,2370.0,0.0,4059.0,963.0,1123.0,45.187,45.281
253.444,train:DC4,99.7,364.3515625,20.0,2206.04296875,2370.0,0.0,4133.0,1003.0,1123.0,45.281,45.531
253.946,train:DC5,99.6,372.99609375,16.8,2216.15625,2369.0,0.0,4019.0,963.0,1123.0,45.218,45.343
254.448,train:DC5,99.7,362.80859375,17.6,2202.3671875,2367.0,0.0,4059.0,963.0,1123.0,45.125,45.468
254.949,train:DC5,99.7,344.90234375,17.0,2185.31640625,2365.0,0.0,4019.0,963.0,1123.0,45.312,45.312
255.450,train:DC5,99.8,420.37109375,17.1,2240.3203125,2372.0,0.0,4019.0,963.0,1123.0,45.531,45.531
255.951,train:DC5,99.8,421.87109375,17.6,2232.953125,2362.0,0.0,4019.0,963.0,1123.0,45.312,45.312
256.453,train:DC5,99.8,420.37109375,21.7,2235.34765625,2363.0,0.0,4093.0,1003.0,1123.0,45.312,45.312
256.955,train:DC5,99.6,421.87109375,17.1,2234.05078125,2365.0,0.0,4052.0,963.0,1123.0,45.187,45.437
257.456,train:DC5,99.7,420.37109375,17.3,2236.7890625,2353.0,0.0,4019.0,963.0,1123.0,45.218,45.375
257.957,train:DC5,99.7,407.4140625,16.8,2227.73828125,2343.0,0.0,4059.0,963.0,1123.0,45.125,45.375
258.459,train:DC6,99.8,420.37109375,17.8,2236.65234375,2352.0,0.0,4019.0,963.0,1123.0,45.187,45.343
258.960,train:DC6,99.7,419.62109375,17.3,2243.0546875,2351.0,0.0,4019.0,963.0,1123.0,45.375,45.375
259.461,train:DC6,99.7,411.21484375,21.7,2232.65625,2332.0,0.0,4173.0,1001.0,1123.0,45.531,45.531
259.963,train:DC6,99.6,406.62109375,17.6,2232.88671875,2325.0,0.0,4093.0,963.0,1123.0,45.218,45.343
260.465,train:DC6,99.7,391.62109375,17.0,2225.23046875,2309.0,0.0,4059.0,963.0,1123.0,45.312,45.406
260.966,train:DC6,97.7,381.21484375,17.3,2223.703125,2368.0,0.0,4059.0,963.0,1123.0,45.187,45.468
261.468,train:DC6,99.7,366.0625,16.7,2205.08984375,2371.0,0.0,4019.0,963.0,1123.0,45.343,45.375
261.969,train:DC6,101.8,352.92578125,17.6,2195.37890625,2376.0,0.0,4019.0,963.0,1123.0,45.156,45.312
262.470,train:DC1,99.8,362.87109375,21.9,2196.6484375,2366.0,0.0,4133.0,1041.0,1123.0,45.437,45.437
262.972,train:DC1,97.6,350.4453125,17.1,2191.05078125,2375.0,0.0,4059.0,1003.0,1123.0,45.468,45.562
263.485,train:DC1,101.4,344.90234375,17.4,2181.2109375,2369.0,0.0,4059.0,963.0,1123.0,45.312,45.375
263.989,train:DC1,99.2,420.37109375,17.1,2239.90234375,2371.0,0.0,4019.0,963.0,1123.0,45.187,45.5
264.490,train:DC1,99.8,421.87109375,17.1,2240.13671875,2367.0,0.0,4019.0,963.0,1123.0,45.156,45.312
264.992,train:DC1,99.7,420.37109375,17.3,2240.4375,2370.0,0.0,4093.0,963.0,1123.0,45.375,45.5
265.493,train:DC1,99.7,421.87109375,21.3,2238.58984375,2370.0,0.0,4133.0,1041.0,1121.0,45.468,45.468
265.995,train:DC1,97.6,420.37109375,18.2,2244.6796875,2361.0,0.0,4093.0,1003.0,1123.0,45.406,45.437
266.496,train:DC1,101.6,407.4140625,16.8,2235.0546875,2351.0,0.0,4019.0,963.0,1123.0,45.156,45.312
266.998,train:DC2,99.7,420.37109375,17.5,2243.24609375,2367.0,0.0,4019.0,963.0,1123.0,45.218,45.281
267.499,train:DC2,99.7,419.0625,17.1,2233.0390625,2363.0,0.0,4019.0,963.0,1123.0,45.093,45.312
268.000,train:DC2,99.8,406.62109375,16.8,2229.77734375,2349.0,0.0,4019.0,963.0,1123.0,45.281,45.281
268.501,train:DC2,97.8,400.12109375,21.7,2229.96484375,2337.0,0.0,4059.0,963.0,1123.0,45.312,45.593
269.004,train:DC2,101.5,385.37109375,17.5,2228.2421875,2320.0,0.0,4052.0,1003.0,1123.0,45.25,45.343
269.505,train:DC2,99.7,374.46875,17.0,2206.9609375,2315.0,0.0,4019.0,963.0,1123.0,45.218,45.375
270.007,train:DC2,99.7,360.87109375,17.3,2203.859375,2370.0,0.0,4019.0,963.0,1123.0,45.187,45.406
270.508,train:DC2,99.7,346.40234375,17.3,2182.57421875,2370.0,0.0,4059.0,963.0,1123.0,45.5,45.5
271.009,train:DC3,97.8,360.87109375,17.3,2199.73046875,2361.0,0.0,4019.0,963.0,1123.0,45.343,45.406
271.510,train:DC3,99.7,346.77734375,19.7,2183.24609375,2370.0,0.0,4019.0,963.0,1123.0,45.125,45.312
272.012,train:DC3,101.7,421.87109375,18.7,2238.08203125,2369.0,0.0,4052.0,1003.0,1123.0,45.25,45.375
272.514,train:DC3,99.6,420.37109375,16.7,2244.2421875,2375.0,0.0,4019.0,963.0,1123.0,45.343,45.343
273.016,train:DC3,99.7,421.87109375,17.6,2236.30078125,2368.0,0.0,4019.0,963.0,1123.0,45.187,45.187
273.517,train:DC3,99.7,420.37109375,16.7,2239.55859375,2371.0,0.0,4019.0,963.0,1123.0,45.343,45.343
274.018,train:DC3,99.7,421.87109375,17.6,2238.09765625,2363.0,0.0,4019.0,963.0,1123.0,45.25,45.312
274.519,train:DC3,99.8,418.12109375,17.1,2242.875,2360.0,0.0,4019.0,963.0,1123.0,45.187,45.343
275.021,train:DC3,97.7,405.5859375,21.7,2231.453125,2363.0,0.0,4133.0,1001.0,1123.0,45.125,45.25
275.523,train:DC4,99.6,418.12109375,17.5,2240.34765625,2360.0,0.0,4093.0,963.0,1123.0,45.531,45.531
276.024,train:DC4,99.7,408.62109375,16.8,2231.0625,2362.0,0.0,4019.0,963.0,1123.0,45.5,45.5
276.526,train:DC4,99.8,398.12109375,17.5,2225.46484375,2357.0,0.0,4019.0,963.0,1123.0,45.218,45.437
277.027,train:DC4,99.7,387.37109375,17.3,2232.2890625,2355.0,0.0,4019.0,963.0,1123.0,45.125,45.375
277.528,train:DC4,101.7,372.99609375,16.8,2205.625,2337.0,0.0,4019.0,963.0,1123.0,45.187,45.5
278.029,train:DC4,99.7,362.80859375,22.1,2205.0703125,2328.0,0.0,4093.0,1003.0,1123.0,45.187,45.375
278.531,train:DC4,99.6,344.90234375,17.6,2180.00390625,2311.0,0.0,4052.0,963.0,1123.0,45.093,45.468
279.033,train:DC4,97.7,420.37109375,17.0,2242.6328125,2374.0,0.0,4019.0,963.0,1123.0,45.312,45.312
279.534,train:DC5,99.8,347.1328125,17.1,2178.8515625,2310.0,0.0,4019.0,963.0,1123.0,45.5,45.5
280.036,train:DC5,99.7,420.37109375,17.5,2241.32421875,2373.0,0.0,4052.0,963.0,1123.0,45.218,45.468
280.537,train:DC5,99.8,421.87109375,16.8,2238.91015625,2370.0,0.0,4019.0,963.0,1123.0,45.218,45.406
281.038,train:DC5,101.7,420.37109375,22.1,2245.86328125,2370.0,0.0,4019.0,963.0,1123.0,45.218,45.406
281.540,train:DC5,97.6,421.87109375,17.3,2236.8125,2377.0,0.0,4093.0,1003.0,1123.0,45.218,45.312
282.042,train:DC5,99.7,420.37109375,16.4,2235.09375,2368.0,0.0,4059.0,963.0,1123.0,45.187,45.312
282.543,train:DC5,99.7,419.62109375,18.2,2229.98828125,2366.0,0.0,4019.0,963.0,1123.0,45.125,45.187
283.045,train:DC5,101.7,411.62109375,16.4,2240.50390625,2365.0,0.0,4019.0,963.0,1123.0,45.156,45.312
283.546,train:DC5,97.7,400.3046875,17.4,2231.28125,2372.0,0.0,4019.0,963.0,1123.0,45.437,45.437
284.047,train:DC6,99.7,411.62109375,18.0,2225.76953125,2362.0,0.0,4019.0,963.0,1123.0,45.531,45.531
284.549,train:DC6,99.7,406.62109375,17.1,2228.0546875,2365.0,0.0,4019.0,963.0,1123.0,45.312,45.312
285.050,train:DC6,101.7,393.23828125,17.3,2226.70703125,2363.0,0.0,4019.0,963.0,1123.0,45.187,45.343
285.551,train:DC6,97.7,381.21484375,17.5,2214.5234375,2358.0,0.0,4019.0,963.0,1123.0,45.218,45.281
286.052,train:DC6,99.8,366.87109375,16.8,2201.359375,2358.0,0.0,4019.0,963.0,1123.0,45.312,45.312
286.553,train:DC6,99.8,354.80859375,17.3,2200.0625,2348.0,0.0,4052.0,963.0,1123.0,45.25,45.437
287.055,train:DC6,99.8,344.90234375,16.7,2186.9609375,2355.0,0.0,4019.0,963.0,1123.0,45.343,45.343
287.556,train:DC6,99.8,420.37109375,17.9,2235.078125,2334.0,0.0,4019.0,963.0,1123.0,45.125,45.531
288.057,train:DC1,97.8,344.90234375,17.0,2180.71484375,2318.0,0.0,4059.0,963.0,1123.0,45.25,45.375
288.558,train:DC1,101.8,420.37109375,17.1,2235.31640625,2335.0,0.0,4019.0,963.0,1123.0,45.156,45.406
289.059,train:DC1,99.7,421.87109375,17.3,2233.8359375,2333.0,0.0,4059.0,963.0,1123.0,45.156,45.25
289.561,train:DC1,97.7,420.37109375,17.6,2235.9375,2317.0,0.0,4093.0,963.0,1123.0,45.218,45.406
290.062,train:DC1,101.8,421.87109375,16.4,2234.21875,2367.0,0.0,4059.0,963.0,1123.0,45.125,45.218
290.563,train:DC1,99.8,420.37109375,17.9,2234.64453125,2365.0,0.0,4059.0,963.0,1123.0,45.406,45.406
291.064,train:DC1,99.8,419.62109375,17.0,2237.4296875,2366.0,0.0,4019.0,963.0,1123.0,45.531,45.531
291.566,train:DC1,99.8,406.62109375,17.3,2230.3828125,2369.0,0.0,4019.0,963.0,1123.0,45.281,45.281
292.067,train:DC1,97.7,396.6484375,17.0,2232.609375,2373.0,0.0,4019.0,963.0,1123.0,45.312,45.437
292.568,train:DC2,101.8,406.62109375,17.3,2229.70703125,2364.0,0.0,4019.0,963.0,1123.0,45.25,45.437
293.069,train:DC2,97.8,400.12109375,16.7,2232.234375,2373.0,0.0,4019.0,963.0,1123.0,45.187,45.343
293.571,train:DC2,99.7,385.37109375,17.6,2218.76171875,2367.0,0.0,4019.0,963.0,1123.0,45.125,45.312
294.072,train:DC2,101.7,374.99609375,17.7,2229.12890625,2373.0,0.0,4052.0,963.0,1123.0,45.187,45.281
294.574,train:DC2,99.6,360.87109375,17.3,2201.7578125,2368.0,0.0,4093.0,963.0,1123.0,45.312,45.312
295.076,train:DC2,97.7,346.77734375,17.1,2186.26953125,2365.0,0.0,4019.0,963.0,1123.0,45.468,45.468
295.577,train:DC2,99.7,421.87109375,17.6,2242.98046875,2370.0,0.0,4019.0,963.0,1123.0,45.312,45.312
296.079,train:DC2,99.7,420.37109375,16.7,2236.12890625,2351.0,0.0,4019.0,963.0,1123.0,45.281,45.375
296.580,train:DC2,99.7,407.4140625,17.3,2226.953125,2335.0,0.0,4019.0,963.0,1123.0,45.25,45.375
297.095,train:DC3,99.1,420.37109375,17.2,2235.14453125,2351.0,0.0,4019.0,963.0,1123.0,45.125,45.312
297.596,train:DC3,99.6,421.87109375,17.1,2235.1875,2347.0,0.0,4019.0,963.0,1123.0,45.187,45.343
298.098,train:DC3,101.7,420.37109375,17.3,2241.2265625,2325.0,0.0,4019.0,963.0,1123.0,45.343,45.343
298.599,train:DC3,99.7,421.87109375,17.3,2234.26953125,2311.0,0.0,4019.0,963.0,1123.0,45.468,45.468
299.100,train:DC3,99.7,418.12109375,17.0,2234.578125,2345.0,0.0,4019.0,963.0,1123.0,45.312,45.312
299.602,train:DC3,99.7,413.21484375,17.3,2231.3984375,2372.0,0.0,4059.0,963.0,1123.0,45.125,45.25
300.103,train:DC3,99.7,404.62109375,17.0,2232.234375,2366.0,0.0,4093.0,963.0,1123.0,45.187,45.312
300.605,train:DC3,99.7,395.0234375,17.1,2230.26953125,2371.0,0.0,4059.0,963.0,1123.0,45.593,45.593
301.106,train:DC4,99.7,406.62109375,17.0,2231.5546875,2361.0,0.0,4019.0,963.0,1123.0,45.343,45.375
301.609,train:DC4,99.5,393.62109375,17.5,2229.89453125,2370.0,0.0,4019.0,963.0,1123.0,45.281,45.375
302.110,train:DC4,97.7,379.21484375,16.8,2216.359375,2369.0,0.0,4019.0,963.0,1123.0,45.218,45.375
302.612,train:DC4,99.7,368.87109375,17.5,2206.390625,2375.0,0.0,4019.0,963.0,1123.0,45.125,45.375
303.113,train:DC4,99.7,352.80859375,17.1,2188.91796875,2363.0,0.0,4019.0,963.0,1123.0,45.156,45.406
303.618,train:DC4,101.1,344.90234375,17.5,2187.62109375,2360.0,0.0,4019.0,963.0,1123.0,45.343,45.343
304.120,train:DC4,99.6,421.87109375,17.1,2235.9765625,2360.0,0.0,4019.0,963.0,1123.0,45.5,45.5
304.621,train:DC4,99.7,420.37109375,18.9,2237.8828125,2361.0,0.0,4019.0,963.0,1123.0,45.187,45.343
305.123,train:DC4,99.6,407.4140625,17.6,2228.9140625,2344.0,0.0,4059.0,963.0,1123.0,45.312,45.343
305.625,train:DC5,99.7,420.37109375,16.7,2239.13671875,2355.0,0.0,4059.0,963.0,1123.0,45.156,45.437
306.126,train:DC5,97.7,421.87109375,17.3,2237.66796875,2361.0,0.0,4019.0,963.0,1123.0,45.5,45.5
306.628,train:DC5,101.7,420.37109375,17.1,2242.37890625,2334.0,0.0,4019.0,963.0,1123.0,45.125,45.218
307.129,train:DC5,99.7,421.87109375,17.0,2235.05078125,2333.0,0.0,4019.0,963.0,1123.0,45.25,45.25
307.630,train:DC5,97.7,418.12109375,17.5,2241.08984375,2317.0,0.0,4019.0,963.0,1123.0,45.281,45.437
308.132,train:DC5,99.7,408.62109375,17.3,2231.8046875,2316.0,0.0,4019.0,963.0,1123.0,45.25,45.312
308.633,train:DC5,101.7,398.12109375,16.7,2234.19921875,2367.0,0.0,4019.0,963.0,1123.0,45.156,45.343
309.135,train:DC5,99.7,389.49609375,17.9,2228.66796875,2369.0,0.0,4019.0,963.0,1123.0,45.187,45.187
309.636,train:DC6,97.7,402.1328125,16.7,2231.03515625,2368.0,0.0,4019.0,963.0,1123.0,45.5,45.5
310.138,train:DC6,99.7,391.32421875,17.3,2229.57421875,2370.0,0.0,4019.0,963.0,1123.0,45.281,45.343
310.640,train:DC6,101.6,373.96875,17.3,2210.8515625,2369.0,0.0,4019.0,963.0,1123.0,45.312,45.406
311.141,train:DC6,97.7,362.83203125,17.3,2201.43359375,2373.0,0.0,4059.0,963.0,1123.0,45.156,45.312
311.643,train:DC6,99.6,350.7578125,17.0,2185.359375,2366.0,0.0,4019.0,963.0,1123.0,45.531,45.437
312.158,train:DC6,103.0,344.90234375,17.2,2184.0625,2372.0,0.0,4019.0,963.0,1123.0,45.125,45.312
312.662,train:DC6,95.1,421.87109375,17.1,2234.83203125,2363.0,0.0,4019.0,963.0,1123.0,45.281,45.406
313.164,train:DC6,101.7,420.37109375,17.5,2237.109375,2365.0,0.0,4019.0,963.0,1123.0,45.468,45.468
313.666,train:DC6,99.7,407.4140625,16.7,2235.76953125,2367.0,0.0,4019.0,963.0,1123.0,45.187,45.5
314.167,train:DC1,99.7,420.37109375,17.6,2238.125,2362.0,0.0,4019.0,963.0,1123.0,45.093,45.343
314.668,train:DC1,99.7,421.87109375,17.1,2237.8828125,2361.0,0.0,4019.0,963.0,1123.0,45.218,45.343
315.170,train:DC1,99.7,420.37109375,17.3,2236.71484375,2360.0,0.0,4019.0,963.0,1123.0,45.437,45.437
315.671,train:DC1,99.7,421.87109375,17.1,2235.5,2355.0,0.0,4019.0,963.0,1123.0,45.343,45.343
316.173,train:DC1,99.7,411.9921875,17.0,2232.6484375,2340.0,0.0,4019.0,963.0,1123.0,45.218,45.437
316.674,train:DC1,99.7,406.62109375,17.1,2230.859375,2323.0,0.0,4059.0,963.0,1123.0,45.218,45.343
317.176,train:DC1,99.7,393.62109375,17.9,2233.1328125,2317.0,0.0,4019.0,963.0,1123.0,45.218,45.281
317.677,train:DC1,99.7,383.765625,16.7,2221.1328125,2368.0,0.0,4019.0,963.0,1123.0,45.156,45.25
318.179,train:DC2,97.7,397.28125,17.7,2230.0546875,2314.0,0.0,4019.0,963.0,1123.0,45.218,45.5
318.680,train:DC2,101.7,386.3125,16.7,2221.9375,2369.0,0.0,4019.0,963.0,1123.0,45.5,45.5
319.182,train:DC2,99.7,370.99609375,17.3,2212.27734375,2369.0,0.0,4019.0,963.0,1123.0,45.187,45.5
319.684,train:DC2,99.6,360.015625,17.5,2196.04296875,2368.0,0.0,4019.0,963.0,1123.0,45.218,45.437
320.185,train:DC2,99.7,344.90234375,17.1,2185.5625,2367.0,0.0,4059.0,963.0,1123.0,45.187,45.406
320.686,train:DC2,97.7,420.37109375,17.0,2237.82421875,2369.0,0.0,4019.0,963.0,1123.0,45.5,45.281
321.188,train:DC2,101.7,421.87109375,17.5,2236.28125,2367.0,0.0,4019.0,963.0,1123.0,45.343,45.468
321.689,train:DC2,97.7,420.37109375,16.8,2242.3203125,2362.0,0.0,4019.0,963.0,1123.0,45.312,45.312
322.191,train:DC2,99.7,407.4140625,17.3,2234.5,2366.0,0.0,4019.0,963.0,1123.0,45.343,45.343
322.692,train:DC3,99.7,420.37109375,16.8,2243.16796875,2367.0,0.0,4019.0,963.0,1123.0,45.125,45.375
323.193,train:DC3,99.7,421.87109375,17.3,2234.31640625,2366.0,0.0,4019.0,963.0,1123.0,45.125,45.375
323.695,train:DC3,101.6,420.37109375,16.7,2240.359375,2364.0,0.0,4019.0,963.0,1123.0,45.125,45.281
324.197,train:DC3,99.7,419.62109375,17.5,2239.18359375,2370.0,0.0,4019.0,963.0,1123.0,45.531,45.531
324.698,train:DC3,99.7,406.62109375,16.5,2228.4609375,2348.0,0.0,4019.0,963.0,1123.0,45.25,45.25
325.200,train:DC3,99.7,400.12109375,17.3,2234.49609375,2342.0,0.0,4019.0,963.0,1123.0,45.375,45.406
325.701,train:DC3,97.8,385.37109375,17.6,2217.453125,2325.0,0.0,4019.0,963.0,1123.0,45.156,45.406
326.202,train:DC3,99.7,374.3046875,17.3,2215.09375,2317.0,0.0,4059.0,963.0,1123.0,45.156,45.312
326.704,train:DC4,99.7,386.1015625,17.3,2216.38671875,2324.0,0.0,4019.0,963.0,1123.0,45.375,45.375
327.205,train:DC4,101.7,374.99609375,17.5,2215.77734375,2316.0,0.0,4059.0,963.0,1123.0,45.25,45.281
327.706,train:DC4,97.7,360.87109375,17.3,2194.421875,2367.0,0.0,4099.0,963.0,1123.0,45.437,45.437
328.208,train:DC4,101.7,346.77734375,17.0,2184.0703125,2373.0,0.0,4059.0,963.0,1123.0,45.156,45.468
328.709,train:DC4,99.7,421.87109375,17.1,2234.08203125,2365.0,0.0,4059.0,963.0,1123.0,45.218,45.375
329.211,train:DC4,97.7,420.37109375,17.0,2240.296875,2372.0,0.0,4019.0,963.0,1123.0,45.187,45.312
329.712,train:DC4,99.7,421.87109375,17.3,2234.88671875,2366.0,0.0,4019.0,963.0,1123.0,45.5,45.5
330.214,train:DC4,99.7,420.37109375,17.3,2237.1640625,2368.0,0.0,4019.0,963.0,1123.0,45.281,45.312
330.715,train:DC4,101.7,407.4140625,17.6,2227.87109375,2359.0,0.0,4019.0,963.0,1123.0,45.281,45.406
331.217,train:DC5,97.7,420.37109375,17.0,2243.93359375,2375.0,0.0,4019.0,963.0,1123.0,45.125,45.375
331.718,train:DC5,99.7,421.87109375,17.3,2234.46875,2366.0,0.0,4019.0,963.0,1123.0,45.187,45.437
332.220,train:DC5,99.7,418.12109375,17.3,2240.68359375,2360.0,0.0,4019.0,963.0,1123.0,45.312,45.343
332.722,train:DC5,99.7,408.62109375,17.1,2234.95703125,2366.0,0.0,4019.0,963.0,1123.0,45.25,45.406
333.223,train:DC5,99.7,402.3828125,17.5,2233.48046875,2365.0,0.0,4059.0,963.0,1123.0,45.375,45.375
333.725,train:DC5,99.7,390.18359375,16.8,2229.47265625,2349.0,0.0,4019.0,963.0,1123.0,45.156,45.406
334.226,train:DC5,101.7,373.7421875,17.0,2211.93359375,2335.0,0.0,4019.0,963.0,1123.0,45.156,45.375
334.727,train:DC5,97.7,364.3515625,17.4,2204.56640625,2328.0,0.0,4019.0,963.0,1123.0,45.156,45.312
335.229,train:DC6,101.7,379.21484375,17.3,2216.5625,2344.0,0.0,4019.0,963.0,1123.0,45.437,45.437
335.730,train:DC6,97.7,366.33984375,17.1,2211.09375,2342.0,0.0,4019.0,963.0,1123.0,45.25,45.25
336.231,train:DC6,99.7,352.80859375,16.7,2182.3984375,2314.0,0.0,4019.0,963.0,1123.0,45.218,45.406
336.740,train:DC6,100.3,344.90234375,17.6,2189.20703125,2343.0,0.0,4019.0,963.0,1123.0,45.125,45.312
337.244,train:DC6,99.2,421.87109375,16.7,2236.3359375,2368.0,0.0,4019.0,963.0,1123.0,45.125,45.218
337.746,train:DC6,99.8,420.37109375,17.3,2237.17578125,2368.0,0.0,4019.0,963.0,1123.0,45.125,45.218
338.247,train:DC6,99.7,421.87109375,17.3,2235.5859375,2368.0,0.0,4019.0,963.0,1123.0,45.187,45.218
338.748,train:DC6,99.7,420.37109375,17.4,2241.91015625,2367.0,0.0,4019.0,963.0,1123.0,45.187,45.218
339.250,train:DC6,99.7,407.4140625,16.4,2234.08984375,2373.0,0.0,4019.0,963.0,1123.0,45.343,45.375
339.751,train:DC1,97.8,420.37109375,17.9,2242.765625,2365.0,0.0,4019.0,963.0,1123.0,45.156,45.406
340.252,train:DC1,99.7,421.87109375,17.3,2234.15625,2374.0,0.0,4019.0,963.0,1123.0,45.187,45.406
340.754,train:DC1,99.7,411.62109375,17.1,2232.86328125,2365.0,0.0,4019.0,963.0,1123.0,45.187,45.375
341.255,train:DC1,101.7,406.62109375,17.0,2236.04296875,2366.0,0.0,4019.0,963.0,1123.0,45.5,45.343
341.757,train:DC1,99.8,391.62109375,17.6,2227.0,2367.0,0.0,4019.0,963.0,1123.0,45.343,45.5
342.258,train:DC1,99.8,381.21484375,16.4,2221.19921875,2358.0,0.0,4019.0,963.0,1123.0,45.406,45.406
342.759,train:DC1,97.8,366.8125,17.9,2201.76953125,2364.0,0.0,4019.0,963.0,1123.0,45.281,45.281
343.261,train:DC1,101.7,352.92578125,16.7,2184.61328125,2345.0,0.0,4019.0,963.0,1123.0,45.156,45.343
343.762,train:DC2,97.8,366.87109375,17.1,2205.20703125,2332.0,0.0,4019.0,963.0,1123.0,45.125,45.312
344.263,train:DC2,99.7,354.80859375,17.3,2189.453125,2353.0,0.0,4059.0,963.0,1123.0,45.156,45.187
344.769,train:DC2,100.7,344.90234375,17.2,2188.03515625,2344.0,0.0,4019.0,963.0,1123.0,45.312,45.312
345.271,train:DC2,97.7,420.37109375,16.7,2236.88671875,2335.0,0.0,4019.0,963.0,1123.0,45.25,45.281
345.772,train:DC2,101.7,421.87109375,17.3,2236.8203125,2314.0,0.0,4019.0,963.0,1123.0,45.281,45.406
346.273,train:DC2,99.7,420.37109375,17.1,2237.12890625,2368.0,0.0,4059.0,963.0,1123.0,45.187,45.343
346.775,train:DC2,97.8,421.87109375,17.1,2235.6640625,2368.0,0.0,4019.0,963.0,1123.0,45.468,45.468
347.276,train:DC2,99.8,420.37109375,17.0,2237.94140625,2367.0,0.0,4019.0,963.0,1123.0,45.312,45.312
347.777,train:DC2,99.8,407.4140625,17.1,2236.51953125,2369.0,0.0,4019.0,963.0,1123.0,45.375,45.375
348.278,train:DC3,99.7,420.37109375,17.3,2237.08203125,2368.0,0.0,4019.0,963.0,1123.0,45.156,45.406
348.780,train:DC3,99.8,419.62109375,17.1,2235.1875,2368.0,0.0,4019.0,963.0,1123.0,45.125,45.375
349.281,train:DC3,99.8,406.62109375,17.3,2233.890625,2366.0,0.0,4019.0,963.0,1123.0,45.156,45.281
349.782,train:DC3,99.7,400.12109375,16.8,2229.8828125,2369.0,0.0,4059.0,963.0,1123.0,45.125,45.312
350.284,train:DC3,99.7,387.2578125,17.3,2228.21875,2365.0,0.0,4059.0,963.0,1123.0,45.375,45.375
350.785,train:DC3,99.7,374.99609375,17.3,2211.86328125,2367.0,0.0,4052.0,963.0,1123.0,45.187,45.218
351.286,train:DC3,97.8,360.87109375,16.7,2194.703125,2367.0,0.0,4059.0,963.0,1123.0,45.343,45.406
351.787,train:DC3,101.8,350.53515625,17.3,2187.25390625,2358.0,0.0,4019.0,963.0,1123.0,45.281,45.281
352.289,train:DC4,99.8,362.87109375,17.0,2200.46875,2356.0,0.0,4019.0,963.0,1123.0,45.437,45.437
352.790,train:DC4,99.7,350.7421875,17.1,2190.29296875,2363.0,0.0,4019.0,963.0,1123.0,45.281,45.281
353.302,train:DC4,101.6,344.90234375,17.2,2180.98828125,2361.0,0.0,4019.0,963.0,1123.0,45.218,45.218
353.806,train:DC4,97.2,420.37109375,17.7,2239.9921875,2347.0,0.0,4019.0,963.0,1123.0,45.187,45.468
354.308,train:DC4,99.6,421.87109375,17.0,2234.8984375,2338.0,0.0,4059.0,963.0,1123.0,45.125,45.281
354.809,train:DC4,99.7,420.37109375,17.1,2241.11328125,2313.0,0.0,4059.0,963.0,1123.0,45.156,45.406
355.311,train:DC4,99.6,421.87109375,17.9,2235.6171875,2316.0,0.0,4052.0,963.0,1123.0,45.093,45.562
355.813,train:DC4,99.7,420.37109375,16.7,2237.71875,2367.0,0.0,4059.0,963.0,1123.0,45.375,45.375
356.314,train:DC4,99.7,407.4140625,17.3,2228.796875,2369.0,0.0,4059.0,963.0,1123.0,45.281,45.468
356.815,train:DC5,99.8,420.37109375,17.6,2237.7109375,2360.0,0.0,4019.0,963.0,1123.0,45.312,45.437
357.317,train:DC5,99.7,417.21875,17.0,2229.59375,2369.0,0.0,4019.0,963.0,1123.0,45.156,45.406
357.818,train:DC5,99.8,406.62109375,16.8,2235.19140625,2368.0,0.0,4019.0,963.0,1123.0,45.125,45.343
358.319,train:DC5,99.8,399.9375,18.2,2235.6953125,2368.0,0.0,4019.0,963.0,1123.0,45.312,45.312
358.820,train:DC5,99.8,385.37109375,16.7,2224.96875,2367.0,0.0,4019.0,963.0,1123.0,45.218,45.312
359.321,train:DC5,99.8,371.91015625,17.1,2215.13671875,2372.0,0.0,4019.0,963.0,1123.0,45.468,45.468
359.822,train:DC5,99.8,359.23046875,17.3,2201.77734375,2364.0,0.0,4019.0,963.0,1123.0,45.218,45.25
360.324,train:DC5,99.7,346.40234375,17.9,2182.2734375,2365.0,0.0,4059.0,963.0,1123.0,45.156,45.375
360.825,train:DC6,99.7,360.87109375,16.7,2198.69921875,2360.0,0.0,4059.0,963.0,1123.0,45.156,45.343
361.326,train:DC6,99.8,346.78515625,17.3,2182.9453125,2362.0,0.0,4019.0,963.0,1123.0,45.125,45.343
361.828,train:DC6,99.8,421.87890625,17.3,2237.69921875,2361.0,0.0,4019.0,963.0,1123.0,45.218,45.281
362.329,train:DC6,97.8,420.38671875,17.6,2243.9140625,2360.0,0.0,4019.0,963.0,1123.0,45.125,45.187
362.830,train:DC6,99.8,421.88671875,17.1,2238.1875,2354.0,0.0,4019.0,963.0,1123.0,45.375,45.375
363.331,train:DC6,101.7,420.38671875,17.1,2244.34375,2344.0,0.0,4019.0,963.0,1123.0,45.125,45.343
363.832,train:DC6,99.8,421.88671875,17.5,2236.40234375,2336.0,0.0,4019.0,963.0,1123.0,45.031,45.312
364.334,train:DC6,97.7,418.13671875,16.8,2234.98828125,2313.0,0.0,4019.0,963.0,1123.0,45.125,45.25
364.835,train:DC6,99.8,405.6015625,18.7,2235.37109375,2368.0,0.0,4052.0,963.0,1123.0,45.406,45.406
365.337,train:DC1,99.6,418.13671875,17.1,2235.890625,2322.0,0.0,4019.0,963.0,1123.0,45.437,45.437
365.838,train:DC1,99.8,408.63671875,16.7,2235.8984375,2319.0,0.0,4019.0,963.0,1123.0,45.187,45.375
366.340,train:DC1,101.6,400.046875,17.3,2237.78515625,2367.0,0.0,4059.0,963.0,1123.0,45.25,45.343
366.841,train:DC1,97.7,387.40234375,17.3,2221.06640625,2369.0,0.0,4019.0,963.0,1123.0,45.187,45.468
367.342,train:DC1,97.7,373.01171875,16.8,2209.9609375,2368.0,0.0,4019.0,963.0,1123.0,45.281,45.281
367.844,train:DC1,101.8,362.82421875,17.3,2200.06640625,2372.0,0.0,4019.0,963.0,1123.0,45.125,45.531
368.345,train:DC1,99.8,344.91796875,17.1,2178.96484375,2367.0,0.0,4019.0,963.0,1123.0,45.406,45.406
368.846,train:DC1,97.8,420.38671875,17.3,2241.59375,2373.0,0.0,4019.0,963.0,1123.0,45.125,45.406
369.347,train:DC2,101.8,345.828125,17.1,2179.87890625,2365.0,0.0,4019.0,963.0,1123.0,45.125,45.312
369.849,train:DC2,99.8,420.38671875,17.3,2242.44921875,2366.0,0.0,3979.0,963.0,1123.0,45.093,45.406
370.350,train:DC2,97.8,421.88671875,16.5,2240.9765625,2372.0,0.0,4019.0,963.0,1123.0,45.375,45.375
370.851,train:DC2,99.8,420.38671875,17.9,2239.51953125,2363.0,0.0,4019.0,963.0,1123.0,45.468,45.468
371.352,train:DC2,99.8,421.88671875,17.3,2238.30078125,2370.0,0.0,4019.0,963.0,1123.0,45.25,45.25
371.853,train:DC2,101.8,420.38671875,17.0,2244.515625,2352.0,0.0,4052.0,963.0,1123.0,45.125,45.312
372.355,train:DC2,97.7,419.63671875,17.3,2233.1640625,2343.0,0.0,4019.0,963.0,1123.0,45.0,45.187
372.856,train:DC2,101.7,406.63671875,17.1,2228.8671875,2325.0,0.0,4019.0,963.0,1123.0,45.187,45.312
373.357,train:DC2,97.7,396.6640625,17.5,2231.58203125,2317.0,0.0,4019.0,963.0,1123.0,45.093,45.187
373.859,train:DC3,99.8,406.63671875,16.8,2228.32421875,2324.0,0.0,4019.0,963.0,1123.0,45.312,45.312
374.360,train:DC3,101.7,400.13671875,17.3,2231.28125,2317.0,0.0,4019.0,963.0,1123.0,45.187,45.437
374.861,train:DC3,97.8,385.38671875,17.0,2219.6484375,2366.0,0.0,4019.0,963.0,1123.0,45.25,45.343
375.362,train:DC3,99.8,375.01171875,17.4,2211.09765625,2374.0,0.0,4019.0,963.0,1123.0,45.218,45.25
375.863,train:DC3,99.8,360.88671875,17.3,2194.0,2366.0,0.0,4019.0,963.0,1123.0,45.406,45.406
376.365,train:DC3,99.8,346.79296875,17.3,2188.83984375,2368.0,0.0,4019.0,963.0,1123.0,45.218,45.25
376.866,train:DC3,99.8,421.88671875,17.0,2235.96875,2367.0,0.0,4019.0,963.0,1123.0,45.25,45.281
377.367,train:DC3,99.7,420.38671875,17.6,2236.80078125,2368.0,0.0,4019.0,963.0,1123.0,45.093,45.375
377.868,train:DC3,99.8,407.4296875,16.7,2230.66015625,2362.0,0.0,3979.0,963.0,1123.0,45.25,45.281
378.369,train:DC4,99.8,420.38671875,17.0,2241.37890625,2373.0,0.0,3979.0,922.0,1123.0,45.281,45.281
378.871,train:DC4,99.8,421.88671875,17.3,2235.4765625,2367.0,0.0,4019.0,963.0,1123.0,45.312,45.312
379.372,train:DC4,99.7,420.38671875,17.4,2241.6328125,2359.0,0.0,4019.0,963.0,1123.0,45.281,45.281
379.873,train:DC4,97.7,421.88671875,17.3,2234.18359375,2365.0,0.0,4019.0,963.0,1123.0,45.187,45.375
380.375,train:DC4,99.8,418.13671875,17.3,2238.14453125,2361.0,0.0,4019.0,963.0,1123.0,45.093,45.5
380.876,train:DC4,101.7,408.63671875,17.6,2229.296875,2349.0,0.0,4019.0,963.0,1123.0,45.125,45.25
381.377,train:DC4,97.8,398.13671875,17.1,2233.828125,2341.0,0.0,4059.0,963.0,1123.0,45.281,45.406
381.878,train:DC4,99.8,388.26171875,16.5,2228.1484375,2328.0,0.0,4019.0,963.0,1123.0,45.187,45.281
382.380,train:DC5,99.7,398.13671875,18.1,2229.43359375,2345.0,0.0,4019.0,963.0,1123.0,45.218,45.375
382.881,train:DC5,99.7,387.38671875,16.8,2235.640625,2335.0,0.0,4059.0,963.0,1123.0,45.156,45.312
383.382,train:DC5,99.8,373.01171875,16.7,2210.48046875,2310.0,0.0,4019.0,963.0,1123.0,45.468,45.468
383.883,train:DC5,99.8,362.82421875,17.6,2204.5078125,2373.0,0.0,4019.0,963.0,1123.0,45.281,45.281
384.384,train:DC5,99.8,344.91796875,17.3,2179.65625,2367.0,0.0,4019.0,963.0,1123.0,45.218,45.218
384.886,train:DC5,99.7,420.38671875,16.8,2242.28515625,2374.0,0.0,4019.0,963.0,1123.0,45.187,45.406
385.387,train:DC5,99.8,421.88671875,17.3,2234.58984375,2366.0,0.0,4019.0,963.0,1123.0,45.156,45.406
385.888,train:DC5,99.8,420.38671875,17.1,2236.8671875,2368.0,0.0,4019.0,963.0,1123.0,45.125,45.281
386.389,train:DC5,99.8,407.4296875,17.3,2235.52734375,2367.0,0.0,4019.0,963.0,1123.0,45.218,45.437
386.890,train:DC6,97.8,420.38671875,17.3,2237.8828125,2369.0,0.0,4059.0,963.0,1123.0,45.343,45.343
387.392,train:DC6,101.7,421.88671875,17.1,2244.0390625,2375.0,0.0,4019.0,963.0,1123.0,45.218,45.406
387.893,train:DC6,97.8,420.38671875,17.3,2248.75390625,2380.0,0.0,4059.0,963.0,1123.0,45.062,45.281
388.394,train:DC6,99.7,419.63671875,17.1,2247.32421875,2371.0,0.0,4059.0,963.0,1123.0,45.125,45.375
388.896,train:DC6,99.8,411.23046875,17.9,2233.80078125,2361.0,0.0,4019.0,963.0,1123.0,45.468,45.468
389.397,train:DC6,99.7,403.78125,16.7,2222.8125,2354.0,0.0,4019.0,963.0,1123.0,45.281,45.281
389.898,train:DC6,99.8,391.421875,17.1,2233.140625,2352.0,0.0,4019.0,963.0,1123.0,45.25,45.25
390.399,train:DC6,99.7,378.6484375,17.6,2216.05078125,2339.0,0.0,3979.0,963.0,1123.0,45.125,45.375
390.901,train:DC1,99.8,391.63671875,17.3,2226.2890625,2350.0,0.0,4019.0,963.0,1123.0,45.187,45.312
391.402,train:DC1,99.8,379.23046875,16.7,2216.69140625,2348.0,0.0,4019.0,963.0,1123.0,45.156,45.218
391.903,train:DC1,101.7,365.765625,18.2,2203.46875,2327.0,0.0,4019.0,963.0,1123.0,45.312,45.312
392.405,train:DC1,97.7,353.05078125,17.0,2187.40234375,2313.0,0.0,4019.0,963.0,1123.0,45.343,45.343
392.914,train:DC1,102.2,344.91796875,17.0,2178.484375,2358.0,0.0,4059.0,963.0,1123.0,45.218,45.468
393.418,train:DC1,97.2,420.38671875,17.0,2237.17578125,2368.0,0.0,4019.0,963.0,1123.0,45.218,45.312
393.919,train:DC1,101.8,421.88671875,17.3,2235.95703125,2367.0,0.0,4059.0,963.0,1123.0,45.125,45.531
394.420,train:DC1,97.8,420.38671875,17.3,2239.5625,2367.0,0.0,4059.0,963.0,1123.0,45.125,45.531
394.921,train:DC1,99.8,407.4296875,16.8,2230.26953125,2371.0,0.0,4019.0,963.0,1123.0,45.437,45.437
395.423,train:DC2,99.8,420.38671875,17.0,2238.578125,2361.0,0.0,4019.0,963.0,1123.0,45.281,45.468
395.924,train:DC2,99.7,421.88671875,17.3,2236.7421875,2370.0,0.0,4019.0,963.0,1123.0,45.375,45.375
396.425,train:DC2,99.8,420.38671875,16.7,2242.95703125,2368.0,0.0,4019.0,963.0,1123.0,45.218,45.312
396.926,train:DC2,99.8,413.23046875,17.3,2237.9140625,2374.0,0.0,4019.0,963.0,1123.0,45.125,45.25
397.428,train:DC2,99.7,405.09375,17.3,2228.31640625,2373.0,0.0,4019.0,963.0,1123.0,45.093,45.187
397.929,train:DC2,97.8,393.79296875,16.8,2235.0234375,2360.0,0.0,4019.0,963.0,1123.0,45.187,45.25
398.430,train:DC2,101.7,381.23046875,17.0,2213.9765625,2366.0,0.0,4059.0,963.0,1123.0,45.468,45.468
398.932,train:DC2,99.7,369.34375,17.9,2212.4453125,2353.0,0.0,4019.0,963.0,1123.0,45.218,45.406
399.433,train:DC3,97.8,383.6015625,16.7,2214.8046875,2352.0,0.0,4052.0,963.0,1123.0,45.125,45.25
399.934,train:DC3,99.8,368.88671875,16.8,2213.20703125,2354.0,0.0,4019.0,963.0,1123.0,45.125,45.343
400.435,train:DC3,101.8,355.0546875,17.3,2189.703125,2356.0,0.0,4019.0,963.0,1123.0,45.343,45.406
400.937,train:DC3,97.7,344.91796875,17.3,2180.48046875,2345.0,0.0,4019.0,963.0,1123.0,45.343,45.343
401.438,train:DC3,99.8,421.88671875,17.1,2240.7109375,2329.0,0.0,4019.0,963.0,1123.0,45.281,45.406
401.939,train:DC3,99.8,420.38671875,17.0,2241.01953125,2319.0,0.0,4019.0,963.0,1123.0,45.156,45.343
402.440,train:DC3,99.7,421.88671875,17.3,2238.953125,2365.0,0.0,4019.0,963.0,1123.0,45.187,45.312
402.941,train:DC3,99.8,420.38671875,16.7,2243.65234375,2370.0,0.0,4019.0,963.0,1123.0,45.093,45.312
403.442,train:DC3,97.8,407.4296875,17.7,2232.66015625,2375.0,0.0,4052.0,963.0,1123.0,45.343,45.375
403.943,train:DC4,101.7,420.38671875,17.0,2240.86328125,2364.0,0.0,4019.0,963.0,1123.0,45.375,45.375
404.445,train:DC4,99.8,421.88671875,17.1,2235.08984375,2372.0,0.0,4059.0,963.0,1123.0,45.281,45.468
404.946,train:DC4,99.8,415.0625,17.1,2233.67578125,2366.0,0.0,4093.0,963.0,1123.0,45.218,45.375
405.447,train:DC4,99.8,408.63671875,17.6,2232.3046875,2369.0,0.0,4059.0,963.0,1123.0,45.281,45.343
405.948,train:DC4,99.8,398.13671875,16.4,2234.51953125,2367.0,0.0,4019.0,963.0,1123.0,45.531,45.218
406.449,train:DC4,99.8,387.38671875,17.9,2228.92578125,2366.0,0.0,4019.0,963.0,1123.0,45.0,45.312
406.951,train:DC4,99.8,373.01171875,16.7,2211.83984375,2368.0,0.0,4019.0,963.0,1123.0,45.312,45.312
407.452,train:DC4,97.8,359.44140625,17.1,2196.59375,2367.0,0.0,4019.0,963.0,1123.0,45.343,45.375
407.953,train:DC5,99.8,373.01171875,17.0,2206.70703125,2359.0,0.0,3979.0,963.0,1123.0,45.187,45.375
408.454,train:DC5,99.8,362.82421875,17.3,2197.375,2362.0,0.0,4019.0,963.0,1123.0,45.156,45.312
408.955,train:DC5,99.8,344.91796875,16.8,2186.64453125,2360.0,0.0,4019.0,963.0,1123.0,45.187,45.187
409.457,train:DC5,99.8,420.38671875,17.9,2237.46484375,2365.0,0.0,4059.0,963.0,1123.0,45.343,45.343
409.958,train:DC5,97.8,421.88671875,16.4,2235.62890625,2348.0,0.0,4019.0,963.0,1123.0,45.218,45.406
410.459,train:DC5,99.8,420.38671875,17.6,2237.109375,2342.0,0.0,4059.0,963.0,1123.0,45.218,45.437
410.960,train:DC5,101.7,421.88671875,17.0,2236.30859375,2328.0,0.0,4019.0,963.0,1123.0,45.125,45.406
411.461,train:DC5,99.8,420.38671875,17.1,2236.8203125,2319.0,0.0,4019.0,963.0,1123.0,45.062,45.281
411.963,train:DC5,99.8,407.4296875,17.5,2235.4765625,2368.0,0.0,4019.0,963.0,1123.0,45.187,45.406
412.464,train:DC6,99.8,420.38671875,17.1,2237.58203125,2314.0,0.0,4019.0,963.0,1123.0,45.25,45.25
412.965,train:DC6,97.7,419.63671875,17.3,2232.1875,2369.0,0.0,4019.0,963.0,1123.0,45.125,45.343
413.467,train:DC6,99.7,411.2890625,17.1,2236.96484375,2367.0,0.0,4019.0,963.0,1123.0,45.218,45.25
413.968,train:DC6,99.7,406.63671875,17.9,2235.75390625,2368.0,0.0,4059.0,963.0,1123.0,45.125,45.343
414.470,train:DC6,99.6,391.63671875,17.0,2225.03125,2367.0,0.0,4059.0,963.0,1123.0,45.375,45.281
414.971,train:DC6,101.7,381.23046875,17.3,2219.25,2372.0,0.0,4019.0,963.0,1123.0,45.375,45.375
415.472,train:DC6,99.7,366.16015625,17.7,2201.77734375,2366.0,0.0,4059.0,963.0,1123.0,45.187,45.375
415.973,train:DC6,97.8,352.94140625,17.0,2193.8359375,2364.0,0.0,4059.0,963.0,1123.0,45.156,45.281
416.475,train:DC1,99.8,364.984375,16.8,2202.625,2364.0,0.0,4019.0,963.0,1123.0,45.218,45.343
416.976,train:DC1,101.7,352.29296875,17.8,2192.7421875,2373.0,0.0,4019.0,963.0,1123.0,45.187,45.343
417.485,train:DC1,100.2,344.91796875,16.8,2181.9453125,2371.0,0.0,4019.0,963.0,1123.0,45.312,45.281
417.989,train:DC1,97.2,420.38671875,17.0,2236.69921875,2360.0,0.0,4019.0,963.0,1123.0,45.312,45.437
418.490,train:DC1,97.8,421.88671875,17.6,2234.9921875,2365.0,0.0,4019.0,963.0,1123.0,45.156,45.343
418.992,train:DC1,101.7,420.38671875,17.0,2241.03125,2345.0,0.0,4019.0,963.0,1123.0,45.125,45.281
419.493,train:DC1,99.7,421.88671875,17.3,2235.39453125,2339.0,0.0,4059.0,963.0,1123.0,45.156,45.406
419.994,train:DC1,99.8,420.38671875,17.0,2241.609375,2318.0,0.0,4019.0,963.0,1123.0,45.406,45.406
420.496,train:DC1,99.7,407.4296875,17.1,2225.79296875,2310.0,0.0,4019.0,963.0,1123.0,45.437,45.437
420.997,train:DC2,99.8,420.38671875,17.3,2234.52734375,2326.0,0.0,4019.0,963.0,1123.0,45.218,45.437
421.498,train:DC2,97.7,415.23046875,17.1,2226.70703125,2311.0,0.0,4059.0,963.0,1123.0,45.125,45.375
421.999,train:DC2,101.7,406.63671875,17.3,2240.796875,2366.0,0.0,4059.0,963.0,1123.0,45.25,45.281
422.501,train:DC2,99.7,396.98828125,16.8,2231.70703125,2372.0,0.0,4019.0,963.0,1123.0,45.187,45.468
423.002,train:DC2,97.8,384.171875,17.6,2224.66796875,2367.0,0.0,4019.0,963.0,1123.0,45.312,45.312
423.503,train:DC2,101.7,369.5,17.1,2206.9609375,2371.0,0.0,4019.0,963.0,1123.0,45.406,45.562
424.004,train:DC2,97.8,355.26171875,17.5,2201.4765625,2366.0,0.0,4019.0,963.0,1123.0,45.218,45.406
424.506,train:DC2,99.8,344.91796875,18.5,2180.49609375,2368.0,0.0,4019.0,963.0,1123.0,45.156,45.406
425.007,train:DC3,101.7,358.55859375,17.3,2198.3984375,2360.0,0.0,4059.0,963.0,1123.0,45.125,45.25
425.509,train:DC3,97.7,344.91796875,17.1,2181.17578125,2369.0,0.0,4019.0,963.0,1123.0,45.531,45.531
426.010,train:DC3,99.7,421.88671875,17.0,2236.421875,2364.0,0.0,4019.0,963.0,1123.0,45.25,45.25
426.511,train:DC3,99.8,420.38671875,17.1,2236.84765625,2366.0,0.0,4019.0,963.0,1123.0,45.187,45.343
427.013,train:DC3,101.7,421.88671875,17.3,2235.6328125,2367.0,0.0,4052.0,963.0,1123.0,45.062,45.281
427.514,train:DC3,97.7,420.38671875,16.7,2238.265625,2362.0,0.0,4019.0,963.0,1123.0,45.406,45.406
428.015,train:DC3,99.7,421.88671875,17.3,2236.4296875,2348.0,0.0,4019.0,963.0,1123.0,45.312,45.312
428.516,train:DC3,99.8,416.13671875,17.0,2234.88671875,2335.0,0.0,4019.0,963.0,1123.0,45.25,45.343
429.018,train:DC3,99.7,405.546875,17.1,2236.9140625,2337.0,0.0,4019.0,963.0,1123.0,45.125,45.343
429.519,train:DC4,97.7,417.65625,17.3,2237.58984375,2337.0,0.0,3979.0,922.0,1123.0,45.218,45.343
430.020,train:DC4,101.8,408.63671875,17.9,2236.05859375,2336.0,0.0,4019.0,963.0,1123.0,45.343,45.343
430.521,train:DC4,99.8,398.13671875,16.8,2226.890625,2311.0,0.0,4059.0,963.0,1123.0,45.25,45.406
431.023,train:DC4,99.8,387.38671875,17.6,2234.69921875,2374.0,0.0,4059.0,963.0,1123.0,45.468,45.468
431.524,train:DC4,99.7,372.3046875,17.0,2211.00390625,2366.0,0.0,4019.0,963.0,1123.0,45.156,45.437
432.025,train:DC4,99.8,359.921875,17.3,2201.46875,2374.0,0.0,4019.0,963.0,1123.0,45.187,45.312
432.526,train:DC4,99.8,344.91796875,17.1,2183.2890625,2372.0,0.0,4059.0,963.0,1123.0,45.187,45.281
433.028,train:DC4,97.7,420.38671875,17.3,2238.04296875,2369.0,0.0,4019.0,963.0,1123.0,45.468,45.468
433.529,train:DC5,99.7,344.91796875,16.8,2187.203125,2365.0,0.0,4019.0,963.0,1123.0,45.218,45.218
434.030,train:DC5,99.8,420.38671875,17.3,2241.921875,2373.0,0.0,4019.0,963.0,1123.0,45.281,45.562
434.532,train:DC5,101.7,421.88671875,17.3,2236.08984375,2367.0,0.0,4019.0,963.0,1123.0,45.156,45.343
435.033,train:DC5,97.8,420.38671875,16.8,2242.421875,2374.0,0.0,4019.0,963.0,1123.0,45.625,45.625
435.534,train:DC5,99.7,421.88671875,17.5,2234.94140625,2363.0,0.0,4019.0,963.0,1123.0,45.375,45.375
436.035,train:DC5,99.7,420.38671875,17.3,2237.21875,2365.0,0.0,4059.0,963.0,1123.0,45.343,45.343
436.537,train:DC5,99.7,419.63671875,17.1,2236.00390625,2367.0,0.0,4019.0,963.0,1123.0,45.156,45.406
437.038,train:DC5,99.7,406.63671875,17.6,2233.15234375,2352.0,0.0,4019.0,963.0,1123.0,45.281,45.312
437.539,train:DC5,99.8,396.6640625,16.7,2227.2578125,2335.0,0.0,4019.0,963.0,1123.0,45.156,45.281
438.040,train:DC6,99.8,409.23046875,17.3,2229.27734375,2353.0,0.0,4019.0,963.0,1123.0,45.312,45.312
438.542,train:DC6,99.7,400.5,17.3,2227.61328125,2343.0,0.0,4019.0,963.0,1123.0,45.406,45.406
439.043,train:DC6,97.8,388.63671875,17.9,2233.82421875,2333.0,0.0,4019.0,963.0,1123.0,45.25,45.437
439.544,train:DC6,101.8,375.01171875,16.4,2221.0859375,2321.0,0.0,4019.0,963.0,1123.0,45.156,45.375
440.046,train:DC6,99.7,362.5703125,17.6,2201.5234375,2366.0,0.0,4059.0,963.0,1123.0,45.25,45.406
440.547,train:DC6,97.7,350.49609375,17.3,2184.7265625,2368.0,0.0,4019.0,963.0,1123.0,45.437,45.437
441.059,train:DC6,101.5,344.91796875,17.5,2187.36328125,2367.0,0.0,4059.0,963.0,1123.0,45.25,45.375
441.563,train:DC6,99.2,420.38671875,16.7,2238.21484375,2369.0,0.0,4019.0,963.0,1123.0,45.343,45.437
442.065,train:DC1,99.8,344.91796875,17.1,2177.0078125,2360.0,0.0,4019.0,963.0,1123.0,45.281,45.343
442.566,train:DC1,99.8,420.38671875,17.3,2239.4765625,2371.0,0.0,4019.0,963.0,1123.0,45.218,45.437
443.067,train:DC1,99.7,421.88671875,17.3,2235.296875,2367.0,0.0,4059.0,963.0,1123.0,45.218,45.375
443.569,train:DC1,99.7,420.38671875,16.5,2238.01953125,2369.0,0.0,4059.0,963.0,1123.0,45.406,45.406
444.070,train:DC1,99.8,421.88671875,17.7,2236.55859375,2364.0,0.0,4059.0,963.0,1123.0,45.25,45.468
444.571,train:DC1,99.7,420.38671875,17.3,2241.3359375,2361.0,0.0,4019.0,963.0,1123.0,45.281,45.375
445.072,train:DC1,99.8,415.23046875,17.1,2231.875,2363.0,0.0,4019.0,963.0,1123.0,45.093,45.375
445.573,train:DC1,97.8,406.63671875,17.5,2229.83984375,2361.0,0.0,4019.0,963.0,1123.0,45.156,45.375
446.075,train:DC1,99.7,395.0390625,17.1,2236.28515625,2360.0,0.0,4019.0,963.0,1123.0,45.468,45.468
446.576,train:DC2,99.8,406.63671875,17.3,2228.9765625,2360.0,0.0,4059.0,963.0,1123.0,45.218,45.218
447.077,train:DC2,99.8,397.35546875,17.0,2234.95703125,2366.0,0.0,4019.0,963.0,1123.0,45.343,45.468
447.578,train:DC2,99.8,383.38671875,17.1,2217.91015625,2341.0,0.0,4019.0,963.0,1123.0,45.125,45.531
448.080,train:DC2,99.7,368.88671875,17.3,2211.8125,2335.0,0.0,4019.0,963.0,1123.0,45.125,45.343
448.581,train:DC2,99.8,352.82421875,17.3,2186.71484375,2310.0,0.0,4019.0,963.0,1123.0,45.156,45.25
449.085,train:DC2,99.1,344.91796875,16.9,2185.41796875,2373.0,0.0,4059.0,963.0,1123.0,45.437,45.437
449.587,train:DC2,99.7,421.88671875,17.3,2235.26171875,2366.0,0.0,4059.0,963.0,1123.0,45.25,45.437
450.088,train:DC2,99.8,420.38671875,17.5,2237.48046875,2369.0,0.0,4019.0,963.0,1123.0,45.25,45.437
450.589,train:DC2,99.8,407.4296875,16.8,2235.859375,2367.0,0.0,4019.0,963.0,1123.0,45.125,45.312
451.090,train:DC3,99.8,420.38671875,17.1,2238.4609375,2370.0,0.0,4019.0,963.0,1123.0,45.437,45.437
451.591,train:DC3,99.8,421.88671875,17.5,2234.28125,2370.0,0.0,4019.0,963.0,1123.0,45.437,45.437
452.093,train:DC3,99.7,420.38671875,17.0,2240.7421875,2366.0,0.0,4019.0,963.0,1123.0,45.156,45.406
452.594,train:DC3,97.8,421.88671875,17.3,2235.34375,2372.0,0.0,4019.0,963.0,1123.0,45.312,45.312
453.095,train:DC3,101.7,411.71484375,16.8,2232.4921875,2367.0,0.0,4019.0,963.0,1123.0,45.25,45.437
453.596,train:DC3,99.8,406.63671875,17.6,2230.66015625,2367.0,0.0,4019.0,963.0,1123.0,45.125,45.5
454.097,train:DC3,99.8,392.578125,17.0,2233.05078125,2362.0,0.0,4019.0,963.0,1123.0,45.062,45.406
454.598,train:DC3,97.8,382.59765625,16.8,2223.50390625,2364.0,0.0,4059.0,963.0,1123.0,45.156,45.312
455.100,train:DC4,99.7,395.328125,17.3,2233.98046875,2363.0,0.0,4019.0,963.0,1123.0,45.406,45.406
455.601,train:DC4,101.8,381.23046875,17.3,2216.390625,2365.0,0.0,4019.0,963.0,1123.0,45.437,45.437
456.102,train:DC4,97.8,366.88671875,17.1,2202.97265625,2359.0,0.0,4019.0,963.0,1123.0,45.218,45.531
456.603,train:DC4,101.8,354.82421875,17.3,2193.6171875,2350.0,0.0,4019.0,963.0,1123.0,45.156,45.312
457.104,train:DC4,97.8,344.91796875,17.3,2188.51171875,2345.0,0.0,4019.0,963.0,1123.0,45.218,45.343
457.605,train:DC4,99.8,420.38671875,16.8,2236.953125,2335.0,0.0,4019.0,963.0,1123.0,45.343,45.343
458.106,train:DC4,99.8,421.88671875,17.3,2235.41015625,2320.0,0.0,4019.0,963.0,1123.0,45.156,45.281
458.608,train:DC4,99.8,420.38671875,17.3,2241.44921875,2367.0,0.0,4019.0,963.0,1123.0,45.375,45.375
459.109,train:DC4,99.8,407.4296875,17.3,2232.6484375,2373.0,0.0,4019.0,963.0,1123.0,45.406,45.406
459.610,train:DC5,99.8,420.38671875,16.8,2247.21484375,2323.0,0.0,4019.0,963.0,1123.0,45.312,45.437
460.111,train:DC5,99.7,421.88671875,17.5,2245.7421875,2378.0,0.0,4059.0,963.0,1123.0,45.375,45.375
460.612,train:DC5,97.7,418.13671875,17.4,2238.8828125,2377.0,0.0,4019.0,963.0,1123.0,45.156,45.406
461.114,train:DC5,101.6,413.23046875,17.3,2229.8359375,2370.0,0.0,4019.0,963.0,1123.0,45.125,45.281
461.616,train:DC5,99.7,404.234375,16.8,2232.046875,2373.0,0.0,4019.0,963.0,1123.0,45.281,45.375
462.117,train:DC5,99.8,392.5859375,17.3,2227.32421875,2368.0,0.0,4019.0,963.0,1123.0,45.281,45.343
462.618,train:DC5,99.8,374.390625,17.1,2213.90625,2362.0,0.0,4019.0,963.0,1123.0,45.343,45.406
463.119,train:DC5,99.8,364.3671875,17.3,2208.50390625,2369.0,0.0,4019.0,963.0,1123.0,45.218,45.437
463.620,train:DC6,99.8,379.23046875,17.1,2211.3515625,2368.0,0.0,4019.0,963.0,1123.0,45.156,45.375
464.122,train:DC6,97.7,363.8515625,16.8,2201.11328125,2362.0,0.0,4019.0,963.0,1123.0,45.125,45.375
464.623,train:DC6,99.8,351.109375,17.6,2193.484375,2364.0,0.0,4019.0,963.0,1123.0,45.437,45.437
465.136,train:DC6,101.4,344.91796875,16.6,2184.31640625,2364.0,0.0,4059.0,963.0,1123.0,45.281,45.312
465.640,train:DC6,99.2,421.88671875,17.6,2235.3125,2351.0,0.0,4059.0,963.0,1123.0,45.281,45.406
466.141,train:DC6,99.7,420.38671875,16.7,2237.53125,2334.0,0.0,4059.0,963.0,1123.0,45.156,45.25
466.642,train:DC6,97.8,421.88671875,17.3,2236.3125,2324.0,0.0,4019.0,963.0,1123.0,45.218,45.281
467.143,train:DC6,101.8,420.38671875,17.1,2237.15234375,2318.0,0.0,4019.0,963.0,1123.0,45.312,45.312
467.644,train:DC6,99.8,407.4296875,17.9,2227.859375,2368.0,0.0,4019.0,963.0,1123.0,45.437,45.437
468.145,train:DC1,97.8,420.38671875,16.4,2244.04296875,2313.0,0.0,4019.0,963.0,1123.0,45.406,45.437
468.646,train:DC1,99.8,421.88671875,17.7,2234.578125,2375.0,0.0,4059.0,963.0,1123.0,45.187,45.312
469.148,train:DC1,99.7,414.0390625,16.7,2233.16796875,2366.0,0.0,4059.0,963.0,1123.0,45.125,45.343
469.649,train:DC1,99.8,408.63671875,17.3,2235.62890625,2368.0,0.0,4019.0,963.0,1123.0,45.187,45.343
470.150,train:DC1,99.8,398.13671875,17.0,2232.77734375,2367.0,0.0,4019.0,963.0,1123.0,45.375,45.375
470.651,train:DC1,101.8,387.38671875,17.9,2223.36328125,2372.0,0.0,4019.0,963.0,1123.0,45.343,45.343
471.153,train:DC1,97.7,371.45703125,17.0,2217.4609375,2366.0,0.0,4059.0,963.0,1123.0,45.375,45.437
471.654,train:DC1,99.8,359.44140625,17.3,2200.65625,2367.0,0.0,4019.0,963.0,1123.0,45.156,45.375
472.155,train:DC2,101.8,373.01171875,17.3,2217.328125,2363.0,0.0,4019.0,963.0,1123.0,45.218,45.343
472.656,train:DC2,97.8,362.82421875,17.0,2207.28515625,2367.0,0.0,4019.0,963.0,1123.0,45.187,45.375
473.157,train:DC2,99.8,344.91796875,17.1,2186.296875,2362.0,0.0,4019.0,963.0,1123.0,45.281,45.25
473.658,train:DC2,99.8,420.38671875,18.0,2238.05859375,2369.0,0.0,4019.0,963.0,1123.0,45.468,45.468
474.159,train:DC2,97.8,421.88671875,17.3,2236.59765625,2360.0,0.0,4052.0,963.0,1123.0,45.156,45.437
474.660,train:DC2,99.8,420.38671875,17.3,2241.375,2349.0,0.0,4019.0,963.0,1123.0,45.125,45.25
475.161,train:DC2,101.8,421.88671875,17.1,2235.6015625,2347.0,0.0,4019.0,963.0,1123.0,45.125,45.406
475.663,train:DC2,97.7,420.38671875,17.6,2241.93359375,2326.0,0.0,4019.0,963.0,1123.0,45.437,45.437
476.164,train:DC2,99.7,407.4296875,16.7,2234.1171875,2326.0,0.0,4019.0,963.0,1123.0,45.218,45.312
476.666,train:DC3,99.7,420.38671875,17.3,2242.77734375,2335.0,0.0,4059.0,963.0,1123.0,45.281,45.312
477.167,train:DC3,99.8,419.63671875,17.6,2233.92578125,2334.0,0.0,4019.0,963.0,1123.0,45.343,45.375
477.668,train:DC3,99.8,411.63671875,16.7,2233.3671875,2310.0,0.0,4019.0,963.0,1123.0,45.218,45.343
478.169,train:DC3,99.7,406.63671875,17.1,2235.83984375,2368.0,0.0,4019.0,963.0,1123.0,45.156,45.406
478.671,train:DC3,99.8,391.63671875,17.5,2225.1171875,2367.0,0.0,4019.0,963.0,1123.0,45.218,45.375
479.172,train:DC3,99.8,381.23046875,16.8,2219.33984375,2372.0,0.0,4059.0,963.0,1123.0,45.531,45.531
479.673,train:DC3,99.7,366.88671875,17.5,2209.73828125,2366.0,0.0,4059.0,963.0,1123.0,45.312,45.312
480.174,train:DC3,99.8,354.09765625,17.3,2191.95703125,2368.0,0.0,4019.0,963.0,1123.0,45.25,45.5
480.675,train:DC4,99.8,366.88671875,17.3,2208.50390625,2363.0,0.0,4019.0,963.0,1123.0,45.156,45.312
481.176,train:DC4,97.8,354.82421875,17.0,2191.0390625,2371.0,0.0,4019.0,963.0,1123.0,45.468,45.468
481.678,train:DC4,101.8,344.91796875,17.3,2185.67578125,2365.0,0.0,4059.0,963.0,1123.0,45.281,45.343
482.179,train:DC4,97.8,420.38671875,17.3,2240.43359375,2366.0,0.0,4059.0,963.0,1123.0,45.281,45.281
482.680,train:DC4,99.8,421.88671875,16.7,2234.69921875,2358.0,0.0,4059.0,963.0,1123.0,45.218,45.375
483.181,train:DC4,99.8,420.38671875,17.6,2240.85546875,2357.0,0.0,4059.0,963.0,1123.0,45.218,45.343
483.682,train:DC4,99.8,421.88671875,16.4,2235.375,2363.0,0.0,4019.0,963.0,1123.0,45.0,45.437
484.184,train:DC4,99.7,420.38671875,17.9,2240.3359375,2352.0,0.0,4059.0,963.0,1123.0,45.25,45.312
484.685,train:DC4,99.8,407.4296875,18.7,2231.1640625,2339.0,0.0,4093.0,963.0,1123.0,45.25,45.5
485.187,train:DC5,101.7,420.38671875,17.1,2239.3515625,2355.0,0.0,4059.0,963.0,1123.0,45.281,45.281
485.688,train:DC5,97.8,419.63671875,17.3,2233.75390625,2345.0,0.0,4019.0,963.0,1123.0,45.312,45.468
486.189,train:DC5,99.7,406.63671875,17.1,2236.1015625,2336.0,0.0,4019.0,963.0,1123.0,45.093,45.375
486.690,train:DC5,99.8,400.13671875,17.3,2230.1328125,2314.0,0.0,4019.0,963.0,1123.0,45.156,45.406
487.192,train:DC5,101.8,385.38671875,17.3,2228.47265625,2369.0,0.0,4052.0,963.0,1123.0,45.25,45.312
487.693,train:DC5,97.8,375.01171875,17.1,2212.109375,2368.0,0.0,4059.0,963.0,1123.0,45.125,45.312
488.194,train:DC5,99.7,360.88671875,17.0,2201.3828125,2367.0,0.0,4019.0,963.0,1123.0,45.25,45.25
488.695,train:DC5,101.8,347.609375,17.9,2182.2734375,2369.0,0.0,4019.0,963.0,1123.0,45.187,45.531
489.196,train:DC6,97.8,360.88671875,17.0,2198.2109375,2360.0,0.0,4019.0,963.0,1123.0,45.281,45.375
489.697,train:DC6,99.8,347.35546875,16.8,2188.921875,2369.0,0.0,4019.0,963.0,1123.0,45.125,45.375
490.198,train:DC6,99.8,421.88671875,17.5,2179.63671875,2367.0,0.0,4059.0,963.0,1123.0,45.437,45.25
490.717,train:DC6,98.4,420.38671875,17.4,2242.265625,2373.0,0.0,4019.0,963.0,1123.0,45.218,45.375
491.218,train:DC6,101.8,421.88671875,17.3,2236.5390625,2368.0,0.0,4019.0,963.0,1123.0,45.312,45.312
491.719,train:DC6,99.7,420.38671875,17.3,2242.6953125,2362.0,0.0,4019.0,963.0,1123.0,45.437,45.437
492.220,train:DC6,99.8,421.88671875,17.3,2235.0,2366.0,0.0,4019.0,963.0,1123.0,45.156,45.406
492.721,train:DC6,97.8,420.38671875,17.1,2237.27734375,2365.0,0.0,4059.0,963.0,1123.0,45.125,45.281
493.223,train:DC6,99.7,407.4296875,17.5,2235.9375,2359.0,0.0,4019.0,963.0,1123.0,45.125,45.281
493.724,train:DC1,101.8,420.38671875,16.4,2238.28515625,2355.0,0.0,4019.0,963.0,1123.0,45.218,45.312
494.225,train:DC1,97.8,415.23046875,17.3,2230.4140625,2362.0,0.0,4019.0,963.0,1123.0,45.531,45.531
494.726,train:DC1,99.8,406.63671875,17.3,2236.625,2348.0,0.0,4019.0,963.0,1123.0,45.125,45.312
495.228,train:DC1,99.7,396.7421875,17.1,2236.14453125,2344.0,0.0,4019.0,963.0,1123.0,45.218,45.406
495.729,train:DC1,99.8,384.05859375,17.3,2225.41796875,2321.0,0.0,4059.0,963.0,1123.0,45.125,45.343
496.230,train:DC1,99.7,368.88671875,16.8,2207.58203125,2319.0,0.0,4019.0,963.0,1123.0,45.312,45.312
496.731,train:DC1,97.8,354.203125,17.3,2193.984375,2366.0,0.0,4019.0,963.0,1123.0,45.125,45.25
497.233,train:DC1,99.8,344.91796875,17.6,2176.80859375,2372.0,0.0,4019.0,963.0,1123.0,45.437,45.437
497.734,train:DC2,99.8,358.1015625,17.0,2194.7109375,2357.0,0.0,4019.0,963.0,1123.0,45.218,45.437
498.235,train:DC2,101.7,344.91796875,16.8,2177.55078125,2365.0,0.0,4019.0,963.0,1123.0,45.281,45.406
498.736,train:DC2,99.7,421.88671875,17.9,2237.7734375,2369.0,0.0,4059.0,963.0,1123.0,45.093,45.406
499.238,train:DC2,97.7,420.38671875,17.1,2243.98828125,2375.0,0.0,4019.0,963.0,1123.0,45.375,45.406
499.739,train:DC2,101.7,421.88671875,17.0,2242.40625,2374.0,0.0,4019.0,963.0,1123.0,45.531,45.531
500.241,train:DC2,97.7,420.38671875,17.6,2238.98828125,2370.0,0.0,4019.0,922.0,1123.0,45.125,45.406
500.742,train:DC2,99.8,421.88671875,16.8,2237.15234375,2361.0,0.0,4019.0,963.0,1123.0,45.125,45.312
501.243,train:DC2,99.8,415.15234375,17.3,2235.609375,2359.0,0.0,4019.0,963.0,1123.0,45.187,45.375
501.744,train:DC2,99.8,405.6015625,17.1,2235.66796875,2367.0,0.0,4019.0,963.0,1123.0,45.25,45.312
502.245,train:DC3,99.7,418.13671875,16.8,2236.7109375,2368.0,0.0,4019.0,963.0,1123.0,45.187,45.218
502.747,train:DC3,97.7,408.63671875,17.6,2229.33203125,2359.0,0.0,4019.0,963.0,1123.0,45.281,45.281
503.248,train:DC3,101.8,398.13671875,17.3,2234.76953125,2366.0,0.0,4019.0,963.0,1123.0,45.156,45.406
503.749,train:DC3,99.8,387.38671875,17.1,2232.84375,2352.0,0.0,4019.0,963.0,1123.0,45.343,45.343
504.250,train:DC3,97.7,373.01171875,17.0,2214.75390625,2338.0,0.0,4059.0,963.0,1123.0,45.125,45.25
504.752,train:DC3,101.7,362.82421875,17.9,2198.03125,2317.0,0.0,4019.0,963.0,1123.0,45.375,45.375
505.253,train:DC3,97.7,344.91796875,16.8,2187.05859375,2318.0,0.0,4019.0,963.0,1123.0,45.531,45.531
505.754,train:DC3,99.8,420.38671875,17.3,2241.81640625,2373.0,0.0,4019.0,963.0,1123.0,45.218,45.218
506.256,train:DC4,101.7,344.91796875,17.0,2186.16015625,2373.0,0.0,4019.0,963.0,1123.0,45.218,45.218
506.757,train:DC4,99.8,420.38671875,17.1,2236.89453125,2317.0,0.0,3979.0,963.0,1123.0,45.156,45.406
507.258,train:DC4,97.7,421.88671875,17.0,2235.296875,2368.0,0.0,4059.0,963.0,1123.0,45.125,45.437
507.759,train:DC4,99.8,420.38671875,17.6,2241.51171875,2367.0,0.0,4059.0,963.0,1123.0,45.187,45.312
508.261,train:DC4,101.7,421.88671875,16.7,2236.4609375,2373.0,0.0,4059.0,963.0,1123.0,45.312,45.312
508.762,train:DC4,97.7,420.38671875,17.3,2242.6171875,2368.0,0.0,4019.0,963.0,1123.0,45.375,45.375
509.263,train:DC4,99.7,419.63671875,17.3,2234.8046875,2374.0,0.0,4019.0,963.0,1123.0,45.156,45.281
509.765,train:DC4,99.8,406.63671875,17.1,2228.71484375,2366.0,0.0,4059.0,963.0,1123.0,45.093,45.281
510.266,train:DC4,99.8,396.6640625,17.3,2233.78515625,2364.0,0.0,4059.0,963.0,1123.0,45.125,45.281
510.767,train:DC5,97.8,409.23046875,17.3,2227.69140625,2365.0,0.0,4019.0,963.0,1123.0,45.343,45.343
511.268,train:DC5,101.7,401.52734375,17.3,2233.6484375,2366.0,0.0,4019.0,963.0,1123.0,45.25,45.406
511.770,train:DC5,97.8,389.0390625,16.8,2225.109375,2365.0,0.0,4019.0,963.0,1123.0,45.125,45.343
512.271,train:DC5,101.7,375.02734375,17.5,2215.5390625,2356.0,0.0,4019.0,963.0,1123.0,45.125,45.406
512.772,train:DC5,99.8,360.90234375,17.3,2194.06640625,2363.0,0.0,4052.0,963.0,1123.0,45.406,45.406
513.273,train:DC5,99.7,348.80859375,17.0,2188.91015625,2345.0,0.0,4019.0,963.0,1123.0,45.25,45.406
513.787,train:DC5,99.2,344.93359375,16.9,2186.05859375,2344.0,0.0,4019.0,963.0,1123.0,45.218,45.281
514.292,train:DC5,99.2,420.40234375,17.5,2236.87890625,2333.0,0.0,4019.0,963.0,1123.0,45.156,45.468
514.793,train:DC6,99.8,344.93359375,16.5,2182.33984375,2312.0,0.0,4059.0,963.0,1123.0,45.281,45.406
515.294,train:DC6,97.8,420.40234375,17.0,2236.93359375,2329.0,0.0,4059.0,963.0,1123.0,45.218,45.343
515.795,train:DC6,101.8,421.90234375,17.9,2235.2734375,2313.0,0.0,4019.0,963.0,1123.0,45.312,45.312
516.296,train:DC6,99.8,420.40234375,17.0,2237.55078125,2366.0,0.0,4019.0,963.0,1123.0,45.312,45.406
516.797,train:DC6,97.8,421.90234375,17.1,2235.97265625,2369.0,0.0,4019.0,963.0,1123.0,45.281,45.406
517.299,train:DC6,101.7,420.40234375,16.7,2240.42578125,2367.0,0.0,4019.0,963.0,1123.0,45.093,45.343
517.800,train:DC6,99.8,417.25,17.3,2230.96484375,2372.0,0.0,4019.0,963.0,1123.0,45.187,45.312
518.301,train:DC6,97.7,406.65234375,17.0,2230.921875,2366.0,0.0,4019.0,963.0,1123.0,45.437,45.437
518.802,train:DC6,99.8,396.6796875,17.3,2236.6015625,2370.0,0.0,4019.0,963.0,1123.0,45.281,45.281
519.303,train:DC1,101.8,406.65234375,17.0,2229.98828125,2368.0,0.0,4019.0,963.0,1123.0,45.281,45.343
519.805,train:DC1,99.8,400.15234375,17.3,2231.8671875,2369.0,0.0,4019.0,963.0,1123.0,45.125,45.281
520.306,train:DC1,97.8,385.40234375,16.8,2223.22265625,2363.0,0.0,4019.0,963.0,1123.0,45.25,45.375
520.807,train:DC1,99.8,375.02734375,17.9,2214.9140625,2362.0,0.0,4052.0,963.0,1123.0,45.062,45.375
521.308,train:DC1,99.8,360.90234375,16.7,2193.55859375,2362.0,0.0,4019.0,963.0,1123.0,45.343,45.343
521.809,train:DC1,99.8,346.80859375,17.6,2188.40234375,2364.0,0.0,4019.0,963.0,1123.0,45.312,45.343
522.310,train:DC1,97.8,421.90234375,17.1,2235.53125,2359.0,0.0,4019.0,963.0,1123.0,45.281,45.468
522.812,train:DC1,101.8,420.40234375,17.6,2240.30859375,2340.0,0.0,4019.0,963.0,1123.0,45.125,45.312
523.324,train:DC1,101.4,344.93359375,16.8,2184.75390625,2338.0,0.0,4019.0,963.0,1123.0,45.187,45.281
523.832,train:DC2,98.5,420.40234375,17.3,2239.453125,2351.0,0.0,4019.0,963.0,1123.0,45.5,45.5
524.333,train:DC2,97.8,421.90234375,16.7,2237.79296875,2338.0,0.0,4019.0,963.0,1123.0,45.312,45.312
524.834,train:DC2,99.8,420.40234375,17.3,2240.25390625,2320.0,0.0,4019.0,963.0,1123.0,45.25,45.25
525.336,train:DC2,101.7,421.90234375,17.0,2235.16015625,2315.0,0.0,4019.0,963.0,1123.0,45.375,45.375
525.837,train:DC2,97.8,420.40234375,16.8,2239.9375,2366.0,0.0,4019.0,963.0,1123.0,45.125,45.406
526.338,train:DC2,99.8,413.24609375,17.3,2230.4609375,2371.0,0.0,4052.0,963.0,1123.0,45.187,45.25
526.839,train:DC2,101.8,404.65234375,17.3,2232.85546875,2365.0,0.0,4019.0,963.0,1123.0,45.125,45.375
527.340,train:DC2,97.7,395.0546875,16.7,2231.1875,2372.0,0.0,4019.0,963.0,1123.0,45.468,45.468
527.841,train:DC3,99.8,406.65234375,17.3,2228.05078125,2362.0,0.0,4019.0,963.0,1123.0,45.281,45.375
528.343,train:DC3,99.7,395.0078125,17.6,2231.0078125,2371.0,0.0,4019.0,963.0,1123.0,45.312,45.406
528.844,train:DC3,99.8,383.25,17.3,2217.8984375,2366.0,0.0,4019.0,963.0,1123.0,45.187,45.375
529.346,train:DC3,97.7,368.90234375,17.3,2212.12890625,2368.0,0.0,4019.0,963.0,1123.0,45.437,45.343
529.847,train:DC3,101.8,357.1171875,16.7,2193.52734375,2367.0,0.0,4019.0,963.0,1123.0,45.281,45.281
530.348,train:DC3,99.8,344.93359375,17.6,2180.12890625,2364.0,0.0,4019.0,963.0,1123.0,45.187,45.25
530.849,train:DC3,99.8,421.90234375,16.7,2234.8828125,2358.0,0.0,4019.0,963.0,1123.0,45.406,45.406
531.350,train:DC3,97.8,420.40234375,17.3,2237.27734375,2365.0,0.0,4019.0,963.0,1123.0,45.187,45.375
531.852,train:DC3,101.7,407.4453125,17.3,2235.359375,2351.0,0.0,4059.0,963.0,1123.0,45.125,45.406
532.353,train:DC4,97.7,420.40234375,17.1,2237.703125,2361.0,0.0,4019.0,963.0,1123.0,45.187,45.187
532.854,train:DC4,99.8,421.90234375,16.8,2237.4609375,2353.0,0.0,4019.0,963.0,1123.0,45.343,45.343
533.355,train:DC4,99.8,420.40234375,17.8,2236.78515625,2344.0,0.0,4019.0,963.0,1123.0,45.25,45.25
533.857,train:DC4,99.8,421.90234375,17.1,2235.5703125,2335.0,0.0,4019.0,963.0,1123.0,45.281,45.375
534.358,train:DC4,101.6,418.15234375,17.1,2237.62109375,2317.0,0.0,4059.0,963.0,1123.0,45.218,45.406
534.860,train:DC4,97.8,408.65234375,17.5,2228.89453125,2369.0,0.0,4019.0,963.0,1123.0,45.281,45.281
535.361,train:DC4,99.8,398.15234375,17.1,2231.0625,2367.0,0.0,4019.0,963.0,1123.0,45.218,45.406
535.862,train:DC4,101.8,384.6953125,17.1,2224.72265625,2370.0,0.0,4019.0,963.0,1123.0,45.281,45.281
536.363,train:DC5,97.8,398.15234375,17.6,2233.3984375,2364.0,0.0,4019.0,963.0,1123.0,45.343,45.468
536.864,train:DC5,101.8,387.40234375,16.7,2235.55859375,2368.0,0.0,4019.0,963.0,1123.0,45.281,45.375
537.365,train:DC5,97.8,373.02734375,17.4,2210.5078125,2367.0,0.0,4059.0,963.0,1123.0,45.25,45.281
537.866,train:DC5,99.8,362.83984375,17.0,2204.53515625,2373.0,0.0,4019.0,963.0,1123.0,45.218,45.343
538.368,train:DC5,99.8,344.93359375,17.4,2179.6796875,2367.0,0.0,4019.0,963.0,1123.0,45.5,45.5
538.869,train:DC5,99.8,420.40234375,17.0,2242.30859375,2366.0,0.0,4019.0,963.0,1123.0,45.312,45.312
539.370,train:DC5,99.8,421.90234375,17.1,2240.89453125,2372.0,0.0,4019.0,963.0,1123.0,45.281,45.468
539.871,train:DC5,99.8,420.40234375,17.6,2239.4375,2363.0,0.0,4019.0,963.0,1123.0,45.125,45.312
540.372,train:DC5,97.8,407.4453125,17.3,2238.09375,2369.0,0.0,4019.0,963.0,1123.0,45.468,45.468
540.873,train:DC6,101.8,420.40234375,17.0,2240.2109375,2364.0,0.0,4019.0,963.0,1123.0,45.125,45.312
541.375,train:DC6,97.7,421.90234375,17.3,2239.0,2370.0,0.0,4019.0,963.0,1123.0,45.187,45.406
541.876,train:DC6,101.8,420.40234375,17.1,2243.77734375,2352.0,0.0,4019.0,963.0,1123.0,45.156,45.437
542.377,train:DC6,99.8,419.65234375,17.3,2232.36328125,2350.0,0.0,4019.0,963.0,1123.0,45.25,45.343
542.878,train:DC6,97.8,411.24609375,17.3,2228.359375,2326.0,0.0,4019.0,963.0,1123.0,45.093,45.343
543.379,train:DC6,101.7,404.90625,17.1,2231.21875,2319.0,0.0,4052.0,963.0,1123.0,45.312,45.312
543.880,train:DC6,97.8,390.65625,17.0,2226.11328125,2366.0,0.0,4059.0,963.0,1123.0,45.437,45.437
544.382,train:DC6,99.8,378.59375,18.1,2220.3359375,2369.0,0.0,4019.0,963.0,1123.0,45.218,45.468
544.883,train:DC1,97.8,390.71875,18.0,2230.8125,2315.0,0.0,4019.0,963.0,1123.0,45.187,45.437
545.384,train:DC1,101.8,375.02734375,17.3,2214.69921875,2370.0,0.0,4019.0,963.0,1123.0,45.187,45.218
545.885,train:DC1,99.8,361.89453125,16.8,2209.09765625,2365.0,0.0,4019.0,963.0,1123.0,45.312,45.312
546.386,train:DC1,99.8,349.94921875,17.9,2184.5078125,2372.0,0.0,4019.0,963.0,1123.0,45.125,45.218
546.888,train:DC1,99.8,421.90234375,17.0,2185.34375,2367.0,0.0,4019.0,963.0,1123.0,45.25,45.25
547.405,train:DC1,98.5,420.40234375,17.2,2240.1015625,2371.0,0.0,4019.0,963.0,1123.0,45.156,45.406
547.906,train:DC1,99.8,421.90234375,17.0,2234.328125,2364.0,0.0,4019.0,963.0,1123.0,45.218,45.406
548.408,train:DC1,99.8,420.40234375,17.1,2236.71484375,2364.0,0.0,4019.0,963.0,1123.0,45.125,45.375
548.909,train:DC1,99.7,407.4453125,17.0,2228.8984375,2360.0,0.0,4019.0,963.0,1123.0,45.156,45.343
549.410,train:DC2,99.8,420.40234375,17.3,2237.5703125,2361.0,0.0,4019.0,963.0,1123.0,45.468,45.218
549.911,train:DC2,99.8,421.90234375,17.1,2235.359375,2363.0,0.0,4019.0,963.0,1123.0,45.281,45.281
550.412,train:DC2,99.8,420.40234375,17.0,2240.71484375,2365.0,0.0,4019.0,963.0,1123.0,45.375,45.375
550.913,train:DC2,99.8,415.25,17.1,2231.25390625,2362.0,0.0,4019.0,963.0,1123.0,45.375,45.375
551.415,train:DC2,99.7,406.65234375,17.5,2238.30859375,2346.0,0.0,4019.0,963.0,1123.0,45.187,45.406
551.916,train:DC2,99.8,399.8984375,17.3,2229.46484375,2329.0,0.0,4019.0,963.0,1123.0,45.0,45.25
552.417,train:DC2,99.8,385.40234375,16.8,2218.4921875,2314.0,0.0,4019.0,963.0,1123.0,45.125,45.187
552.918,train:DC2,99.8,372.7109375,17.3,2216.58203125,2317.0,0.0,4019.0,963.0,1123.0,45.375,45.218
553.420,train:DC3,97.7,385.40234375,16.8,2225.13671875,2333.0,0.0,4059.0,963.0,1123.0,45.25,45.25
553.921,train:DC3,99.8,374.87890625,17.6,2215.3046875,2315.0,0.0,4059.0,963.0,1123.0,45.062,45.218
554.422,train:DC3,101.7,360.90234375,16.8,2193.94921875,2366.0,0.0,4059.0,963.0,1123.0,45.406,45.406
554.923,train:DC3,97.8,346.80859375,17.6,2188.7890625,2368.0,0.0,4019.0,963.0,1123.0,45.25,45.375
555.424,train:DC3,99.8,421.90234375,16.7,2235.91796875,2367.0,0.0,4019.0,963.0,1123.0,45.125,45.281
555.926,train:DC3,99.8,420.40234375,17.1,2240.6953125,2372.0,0.0,4019.0,963.0,1123.0,45.093,45.343
556.427,train:DC3,99.8,421.90234375,17.3,2247.02734375,2378.0,0.0,4019.0,963.0,1123.0,45.281,45.5
556.928,train:DC3,99.8,420.40234375,17.4,2241.18359375,2372.0,0.0,4019.0,963.0,1123.0,45.468,45.468
557.429,train:DC3,99.8,407.4453125,16.7,2231.3046875,2363.0,0.0,3979.0,963.0,1123.0,45.25,45.468
557.930,train:DC4,99.8,420.40234375,17.3,2239.91015625,2371.0,0.0,4019.0,963.0,1123.0,45.218,45.312
558.431,train:DC4,99.8,421.90234375,16.7,2235.0546875,2366.0,0.0,4019.0,963.0,1123.0,45.281,45.406
558.933,train:DC4,99.7,418.15234375,17.6,2241.87890625,2359.0,0.0,4059.0,963.0,1123.0,45.218,45.25
559.434,train:DC4,99.7,411.05859375,17.3,2233.4140625,2365.0,0.0,4059.0,963.0,1123.0,45.125,45.437
559.935,train:DC4,99.7,400.98046875,17.1,2225.7890625,2357.0,0.0,4019.0,963.0,1123.0,45.281,45.312
560.436,train:DC4,99.8,387.828125,17.3,2225.3671875,2345.0,0.0,4019.0,963.0,1123.0,45.156,45.437
560.937,train:DC4,97.8,373.02734375,16.8,2215.703125,2339.0,0.0,4019.0,963.0,1123.0,45.187,45.375
561.438,train:DC4,99.8,364.23828125,16.7,2198.66015625,2330.0,0.0,4019.0,963.0,1123.0,45.062,45.406
561.940,train:DC5,99.8,373.02734375,17.6,2211.34375,2343.0,0.0,3979.0,963.0,1123.0,45.25,45.343
562.441,train:DC5,99.8,362.83984375,16.8,2202.12109375,2333.0,0.0,4019.0,963.0,1123.0,45.531,45.531
562.942,train:DC5,99.8,345.76953125,17.3,2178.5546875,2333.0,0.0,4019.0,963.0,1123.0,45.531,45.531
563.443,train:DC5,99.8,420.40234375,17.5,2237.0,2311.0,0.0,4019.0,963.0,1123.0,45.343,45.343
563.944,train:DC5,99.8,421.90234375,17.4,2235.78515625,2368.0,0.0,4059.0,963.0,1123.0,45.343,45.343
564.445,train:DC5,99.8,420.40234375,17.3,2240.5625,2367.0,0.0,4059.0,963.0,1123.0,45.156,45.375
564.947,train:DC5,97.8,421.90234375,17.1,2234.78515625,2372.0,0.0,4059.0,963.0,1123.0,45.281,45.343
565.448,train:DC5,101.8,420.40234375,17.0,2238.66015625,2366.0,0.0,4059.0,963.0,1123.0,45.093,45.281
565.949,train:DC5,99.8,407.4453125,17.9,2236.7109375,2370.0,0.0,4019.0,963.0,1123.0,45.437,45.437
566.450,train:DC6,99.7,420.40234375,17.3,2237.734375,2368.0,0.0,4019.0,963.0,1123.0,45.468,45.468
566.952,train:DC6,99.7,419.65234375,17.6,2231.984375,2369.0,0.0,4019.0,963.0,1123.0,45.187,45.343
567.454,train:DC6,99.7,411.24609375,16.7,2230.828125,2367.0,0.0,4019.0,963.0,1123.0,45.218,45.343
567.955,train:DC6,99.7,405.03125,17.6,2237.41015625,2370.0,0.0,4019.0,963.0,1123.0,45.25,45.406
568.457,train:DC6,99.7,391.65234375,17.3,2234.4921875,2369.0,0.0,4019.0,963.0,1123.0,45.625,45.625
568.958,train:DC6,99.7,381.24609375,17.6,2225.1328125,2366.0,0.0,4019.0,963.0,1123.0,45.218,45.375
569.460,train:DC6,99.6,366.90234375,16.7,2203.73828125,2368.0,0.0,4019.0,963.0,1123.0,45.406,45.5
569.962,train:DC6,99.7,352.95703125,17.3,2194.3125,2351.0,0.0,4059.0,963.0,1123.0,45.593,45.593
570.463,train:DC1,99.7,366.90234375,17.3,2203.33984375,2349.0,0.0,4052.0,963.0,1123.0,45.281,45.312
570.965,train:DC1,99.7,354.83984375,16.8,2195.22265625,2350.0,0.0,4019.0,963.0,1123.0,45.25,45.406
571.473,train:DC1,100.4,344.93359375,17.4,2178.3046875,2350.0,0.0,4019.0,963.0,1123.0,45.093,45.406
571.974,train:DC1,99.7,420.40234375,17.6,2240.93359375,2333.0,0.0,4019.0,963.0,1123.0,45.218,45.375
572.476,train:DC1,99.7,421.90234375,16.7,2239.63671875,2331.0,0.0,4019.0,963.0,1123.0,45.281,45.343
572.978,train:DC1,97.7,420.40234375,17.7,2244.4140625,2321.0,0.0,4019.0,963.0,1123.0,45.343,45.343
573.479,train:DC1,101.6,421.90234375,17.0,2234.421875,2376.0,0.0,4019.0,963.0,1123.0,45.406,45.406
573.981,train:DC1,99.7,419.91796875,17.3,2240.4609375,2366.0,0.0,4019.0,963.0,1123.0,45.25,45.406
574.483,train:DC1,97.6,407.4453125,17.3,2228.45703125,2372.0,0.0,4019.0,963.0,1123.0,45.218,45.375
574.984,train:DC2,101.7,420.40234375,16.7,2237.01171875,2360.0,0.0,4059.0,963.0,1123.0,45.156,45.312
575.486,train:DC2,97.7,415.24609375,17.7,2238.82421875,2368.0,0.0,4019.0,963.0,1123.0,45.437,45.375
575.988,train:DC2,101.6,406.65234375,17.0,2237.53125,2370.0,0.0,4052.0,963.0,1123.0,45.281,45.312
576.490,train:DC2,97.6,394.59375,17.3,2230.15625,2370.0,0.0,4019.0,963.0,1123.0,45.125,45.343
576.992,train:DC2,101.6,381.24609375,17.0,2227.0546875,2365.0,0.0,4019.0,963.0,1123.0,45.343,45.343
577.493,train:DC2,97.7,368.90234375,17.3,2205.41015625,2366.0,0.0,4019.0,963.0,1123.0,45.218,45.437
577.995,train:DC2,99.7,355.30859375,17.2,2203.86328125,2362.0,0.0,4019.0,963.0,1123.0,45.25,45.406
578.496,train:DC2,101.7,344.9375,17.4,2182.875,2367.0,0.0,4052.0,963.0,1123.0,45.25,45.375
578.998,train:DC3,99.6,360.90234375,16.4,2200.77734375,2363.0,0.0,4019.0,963.0,1123.0,45.156,45.375
579.500,train:DC3,99.7,346.80859375,18.2,2184.046875,2364.0,0.0,4019.0,963.0,1123.0,45.5,45.5
580.002,train:DC3,97.6,421.90234375,16.7,2238.265625,2362.0,0.0,4059.0,963.0,1123.0,45.343,45.343
580.504,train:DC3,103.7,420.40234375,18.5,2248.0078125,2352.0,0.0,4019.0,963.0,1123.0,45.375,45.375
581.006,train:DC3,97.6,421.90234375,16.8,2238.6953125,2338.0,0.0,4059.0,963.0,1123.0,45.343,45.375
581.507,train:DC3,101.7,420.40234375,17.4,2239.00390625,2329.0,0.0,4059.0,963.0,1123.0,45.25,45.25
582.009,train:DC3,97.6,421.90234375,17.0,2237.7890625,2322.0,0.0,4019.0,963.0,1123.0,45.25,45.312
582.510,train:DC3,99.7,417.60546875,17.6,2242.55859375,2369.0,0.0,4019.0,963.0,1123.0,45.156,45.312
583.012,train:DC3,99.6,405.6171875,17.1,2233.03125,2374.0,0.0,4019.0,963.0,1123.0,45.406,45.437
583.514,train:DC4,99.7,418.15234375,17.7,2241.69140625,2364.0,0.0,4059.0,963.0,1123.0,45.343,45.343
584.016,train:DC4,101.6,408.65234375,17.1,2232.40625,2373.0,0.0,4019.0,963.0,1123.0,45.093,45.281
584.517,train:DC4,97.7,398.15234375,17.3,2226.92578125,2367.0,0.0,4019.0,963.0,1123.0,45.5,45.5
585.019,train:DC4,99.7,387.40234375,17.3,2229.38671875,2374.0,0.0,4019.0,963.0,1123.0,45.187,45.437
585.520,train:DC4,101.7,373.02734375,16.7,2212.0390625,2368.0,0.0,4019.0,963.0,1123.0,45.156,45.375
586.022,train:DC4,99.7,362.83984375,17.3,2211.97265625,2375.0,0.0,4019.0,963.0,1123.0,45.187,45.312
586.524,train:DC4,99.7,346.80859375,17.1,2181.765625,2367.0,0.0,4019.0,963.0,1123.0,45.531,45.281
587.026,train:DC4,99.6,420.40234375,16.7,2242.671875,2362.0,0.0,4019.0,963.0,1123.0,45.406,45.406
587.541,train:DC5,98.9,352.83984375,17.3,2186.99609375,2370.0,0.0,4019.0,963.0,1123.0,45.156,45.468
588.043,train:DC5,99.7,344.93359375,17.5,2185.5234375,2359.0,0.0,4019.0,963.0,1123.0,45.125,45.375
588.545,train:DC5,99.7,421.90234375,16.8,2236.01953125,2364.0,0.0,4059.0,963.0,1123.0,45.125,45.5
589.047,train:DC5,99.6,420.40234375,17.5,2238.4140625,2358.0,0.0,4019.0,963.0,1123.0,45.343,45.343
589.548,train:DC5,99.7,421.90234375,16.7,2236.66015625,2360.0,0.0,4019.0,963.0,1123.0,45.125,45.312
590.050,train:DC5,99.7,420.40234375,17.3,2241.4375,2334.0,0.0,4019.0,963.0,1123.0,45.312,45.312
590.551,train:DC5,99.7,421.90234375,17.1,2239.6015625,2324.0,0.0,4019.0,963.0,1123.0,45.125,45.406
591.053,train:DC5,99.6,412.5625,17.3,2230.43359375,2315.0,0.0,4052.0,963.0,1123.0,45.156,45.5
591.554,train:DC5,99.7,401.46875,16.8,2230.2421875,2369.0,0.0,4059.0,963.0,1123.0,45.125,45.437
592.056,train:DC6,99.7,413.8984375,17.5,2231.2890625,2323.0,0.0,3979.0,963.0,1123.0,45.125,45.281
592.558,train:DC6,99.7,408.65234375,16.8,2231.046875,2321.0,0.0,4019.0,963.0,1123.0,45.562,45.562
593.059,train:DC6,99.7,398.15234375,17.3,2233.3203125,2366.0,0.0,4019.0,963.0,1123.0,45.093,45.25
593.561,train:DC6,99.7,387.40234375,17.1,2223.4140625,2368.0,0.0,4059.0,963.0,1123.0,45.218,45.343
594.063,train:DC6,99.6,372.84375,18.2,2217.62890625,2366.0,0.0,4093.0,963.0,1123.0,45.218,45.437
594.564,train:DC6,101.7,362.54296875,17.1,2197.87109375,2368.0,0.0,4059.0,963.0,1123.0,45.187,45.281
595.065,train:DC6,97.8,344.93359375,17.0,2180.70703125,2368.0,0.0,4019.0,963.0,1123.0,45.125,45.281
595.567,train:DC6,99.7,420.40234375,18.0,2237.421875,2367.0,0.0,4019.0,922.0,1123.0,45.281,45.25
596.069,train:DC1,99.6,344.93359375,17.3,2183.84375,2367.0,0.0,4019.0,963.0,1123.0,45.437,45.437
596.570,train:DC1,99.7,420.40234375,16.8,2243.734375,2367.0,0.0,4059.0,963.0,1123.0,45.187,45.375
597.071,train:DC1,99.7,421.90234375,17.3,2235.8671875,2367.0,0.0,4059.0,963.0,1123.0,45.125,45.375
597.573,train:DC1,99.8,420.40234375,17.3,2237.76171875,2369.0,0.0,4019.0,963.0,1123.0,45.218,45.312
598.074,train:DC1,97.8,421.90234375,16.4,2236.30078125,2360.0,0.0,4019.0,963.0,1123.0,45.531,45.531
598.575,train:DC1,101.8,420.40234375,17.6,2241.078125,2349.0,0.0,4019.0,963.0,1123.0,45.125,45.281
599.076,train:DC1,99.8,415.24609375,16.7,2231.67578125,2339.0,0.0,4019.0,963.0,1123.0,45.312,45.437
599.577,train:DC1,99.7,406.65234375,17.4,2227.7890625,2326.0,0.0,4059.0,963.0,1123.0,45.125,45.375
600.078,train:DC1,97.8,395.0546875,17.0,2233.75390625,2318.0,0.0,4019.0,963.0,1123.0,45.031,45.437
600.580,train:DC2,101.7,406.65234375,17.3,2226.921875,2327.0,0.0,4019.0,963.0,1123.0,45.093,45.375
601.081,train:DC2,99.8,398.5625,16.7,2234.5546875,2319.0,0.0,4019.0,963.0,1123.0,45.281,45.281
601.582,train:DC2,99.7,385.40234375,17.5,2225.265625,2366.0,0.0,4019.0,963.0,1123.0,45.437,45.437
602.084,train:DC2,99.7,372.265625,17.1,2223.84375,2372.0,0.0,4059.0,963.0,1123.0,45.281,45.312
602.585,train:DC2,99.7,358.67578125,17.3,2194.74609375,2367.0,0.0,4059.0,963.0,1123.0,45.156,45.375
603.086,train:DC2,97.7,344.93359375,17.3,2185.45703125,2373.0,0.0,4059.0,963.0,1123.0,45.218,45.25
603.588,train:DC2,101.7,421.90234375,17.3,2235.56640625,2367.0,0.0,4059.0,963.0,1123.0,45.156,45.281
604.089,train:DC2,97.7,420.40234375,17.3,2241.78125,2373.0,0.0,4059.0,963.0,1123.0,45.156,45.343
604.591,train:DC2,101.6,407.4453125,18.7,2237.375,2369.0,0.0,4093.0,963.0,1123.0,45.343,45.218
605.093,train:DC3,99.6,420.40234375,17.3,2240.34765625,2372.0,0.0,4059.0,963.0,1123.0,45.375,45.375
605.594,train:DC3,97.7,421.90234375,17.0,2235.17578125,2363.0,0.0,4019.0,963.0,1123.0,45.218,45.281
606.096,train:DC3,99.7,420.40234375,17.3,2237.5703125,2365.0,0.0,4019.0,963.0,1123.0,45.218,45.281
606.597,train:DC3,99.7,421.90234375,17.3,2236.35546875,2368.0,0.0,4019.0,963.0,1123.0,45.156,45.375
607.098,train:DC3,99.8,418.15234375,16.5,2235.2265625,2365.0,0.0,4019.0,963.0,1123.0,45.531,45.281
607.600,train:DC3,99.7,408.65234375,17.3,2229.74609375,2351.0,0.0,4059.0,963.0,1123.0,45.218,45.343
608.101,train:DC3,99.7,398.15234375,17.5,2234.0625,2349.0,0.0,4019.0,963.0,1123.0,45.281,45.343
608.603,train:DC3,99.8,386.1171875,17.1,2229.9296875,2338.0,0.0,4019.0,963.0,1123.0,45.312,45.312
609.104,train:DC4,101.7,398.15234375,17.3,2230.9765625,2346.0,0.0,4019.0,963.0,1123.0,45.031,45.343
609.606,train:DC4,97.7,387.40234375,17.0,2229.2578125,2337.0,0.0,4019.0,963.0,1123.0,45.187,45.312
610.107,train:DC4,97.8,373.02734375,17.9,2211.83984375,2327.0,0.0,4093.0,963.0,1123.0,45.0,45.343
610.608,train:DC4,101.7,362.83984375,17.0,2204.45703125,2320.0,0.0,4059.0,963.0,1123.0,45.406,45.281
611.109,train:DC4,99.7,349.0546875,17.1,2186.77734375,2367.0,0.0,4059.0,963.0,1123.0,45.156,45.25
611.625,train:DC4,100.9,344.93359375,17.1,2189.296875,2369.0,0.0,4019.0,963.0,1123.0,45.343,45.468
612.129,train:DC4,99.2,421.90234375,17.7,2236.1796875,2367.0,0.0,4019.0,963.0,1123.0,45.25,45.375
612.630,train:DC4,99.8,420.40234375,16.7,2237.96875,2369.0,0.0,4019.0,963.0,1123.0,45.187,45.375
613.131,train:DC4,97.8,407.4453125,17.6,2236.6796875,2368.0,0.0,4019.0,963.0,1123.0,45.281,45.312
613.633,train:DC5,101.7,420.40234375,16.7,2239.72265625,2371.0,0.0,4019.0,963.0,1123.0,45.062,45.406
614.134,train:DC5,97.7,421.90234375,17.3,2234.55859375,2366.0,0.0,4019.0,963.0,1123.0,45.5,45.5
614.635,train:DC5,99.7,420.40234375,17.0,2236.953125,2368.0,0.0,4019.0,963.0,1123.0,45.187,45.468
615.137,train:DC5,99.8,421.90234375,17.3,2235.73828125,2367.0,0.0,4019.0,963.0,1123.0,45.25,45.375
615.638,train:DC5,99.8,413.640625,16.7,2232.6328125,2360.0,0.0,4059.0,963.0,1123.0,45.031,45.375
616.139,train:DC5,101.7,408.66796875,17.3,2238.96484375,2363.0,0.0,4019.0,963.0,1123.0,45.125,45.281
616.640,train:DC5,97.8,398.16796875,17.3,2229.375,2361.0,0.0,4019.0,963.0,1123.0,45.187,45.25
617.141,train:DC5,99.8,384.5078125,17.1,2231.21875,2355.0,0.0,4019.0,963.0,1123.0,45.187,45.25
617.642,train:DC6,97.8,398.16796875,16.7,2225.5859375,2357.0,0.0,4019.0,963.0,1123.0,45.406,45.406
618.143,train:DC6,99.8,387.41796875,17.6,2231.515625,2363.0,0.0,4059.0,963.0,1123.0,45.156,45.531
618.645,train:DC6,99.7,373.04296875,16.7,2208.46484375,2340.0,0.0,4019.0,963.0,1123.0,45.062,45.281
619.146,train:DC6,99.8,362.85546875,17.1,2203.05078125,2334.0,0.0,4019.0,963.0,1123.0,45.062,45.25
619.647,train:DC6,101.8,344.94921875,17.5,2184.14453125,2334.0,0.0,4019.0,963.0,1123.0,45.062,45.25
620.148,train:DC6,97.8,420.41796875,17.3,2246.7734375,2315.0,0.0,4019.0,963.0,1123.0,45.437,45.437
620.649,train:DC6,99.8,421.91796875,16.5,2240.79296875,2378.0,0.0,4019.0,963.0,1123.0,45.531,45.531
621.150,train:DC6,99.8,420.41796875,17.6,2239.06640625,2372.0,0.0,4059.0,963.0,1123.0,45.187,45.437
621.652,train:DC6,99.7,407.4609375,17.0,2237.51953125,2370.0,0.0,4059.0,963.0,1123.0,45.125,45.218
622.153,train:DC1,99.8,420.41796875,16.7,2240.56640625,2369.0,0.0,4019.0,963.0,1123.0,45.218,45.312
622.654,train:DC1,99.8,421.91796875,17.3,2243.33984375,2372.0,0.0,4019.0,963.0,1123.0,45.281,45.468
623.155,train:DC1,99.8,420.41796875,17.3,2245.91796875,2375.0,0.0,4019.0,963.0,1123.0,45.343,45.343
623.656,train:DC1,99.7,419.66796875,17.0,2240.58203125,2377.0,0.0,4019.0,963.0,1123.0,45.343,45.375
624.158,train:DC1,99.8,411.26171875,17.1,2237.73046875,2372.0,0.0,4059.0,963.0,1123.0,45.218,45.406
624.659,train:DC1,99.7,404.875,17.5,2235.95703125,2373.0,0.0,4019.0,963.0,1123.0,45.125,45.437
625.160,train:DC1,99.8,391.359375,17.3,2234.16796875,2367.0,0.0,4019.0,963.0,1123.0,45.187,45.25
625.662,train:DC1,99.7,379.4296875,17.1,2224.19921875,2365.0,0.0,4019.0,963.0,1123.0,45.343,45.406
626.163,train:DC2,97.8,391.66796875,17.0,2233.12109375,2363.0,0.0,4019.0,963.0,1123.0,45.5,45.5
626.664,train:DC2,99.8,381.26171875,17.4,2220.99609375,2364.0,0.0,4059.0,963.0,1123.0,45.281,45.281
627.165,train:DC2,99.8,366.91796875,17.0,2207.5234375,2364.0,0.0,4052.0,963.0,1123.0,45.281,45.437
627.666,train:DC2,101.7,354.8046875,17.6,2197.18359375,2362.0,0.0,4019.0,963.0,1123.0,45.156,45.437
628.173,train:DC2,98.7,344.94921875,16.8,2184.20703125,2352.0,0.0,4019.0,963.0,1123.0,45.125,45.312
628.677,train:DC2,99.2,420.41796875,17.3,2246.83203125,2339.0,0.0,4019.0,963.0,1123.0,45.156,45.281
629.178,train:DC2,99.8,421.91796875,17.0,2241.234375,2329.0,0.0,4019.0,963.0,1123.0,45.281,45.281
629.680,train:DC2,99.8,420.41796875,17.3,2243.8125,2316.0,0.0,4059.0,963.0,1123.0,45.5,45.5
630.181,train:DC2,99.7,407.4609375,17.3,2233.39453125,2375.0,0.0,4059.0,963.0,1123.0,45.25,45.25
630.682,train:DC3,97.7,420.41796875,16.8,2234.19140625,2311.0,0.0,4019.0,963.0,1123.0,45.031,45.25
631.183,train:DC3,101.7,421.91796875,17.3,2238.25390625,2365.0,0.0,4019.0,963.0,1123.0,45.125,45.218
631.685,train:DC3,99.8,420.41796875,17.1,2240.1640625,2369.0,0.0,4019.0,963.0,1123.0,45.187,45.281
632.186,train:DC3,97.8,415.26171875,17.3,2235.0703125,2371.0,0.0,4093.0,963.0,1123.0,45.187,45.25
632.687,train:DC3,101.8,406.66796875,17.1,2228.94921875,2371.0,0.0,4019.0,963.0,1123.0,45.281,45.281
633.188,train:DC3,97.8,400.16796875,17.5,2235.046875,2368.0,0.0,4019.0,963.0,1123.0,45.218,45.5
633.690,train:DC3,101.7,385.41796875,17.1,2221.93359375,2370.0,0.0,4019.0,963.0,1123.0,45.187,45.406
634.191,train:DC3,99.7,374.3515625,17.3,2210.91796875,2365.0,0.0,4019.0,963.0,1123.0,45.062,45.437
634.692,train:DC4,97.8,385.41796875,17.1,2219.83984375,2358.0,0.0,4019.0,963.0,1123.0,45.468,45.468
635.193,train:DC4,101.8,375.04296875,16.7,2219.47265625,2367.0,0.0,4019.0,963.0,1123.0,45.468,45.468
635.694,train:DC4,97.7,360.91796875,17.6,2193.9375,2362.0,0.0,4019.0,963.0,1123.0,45.125,45.437
636.197,train:DC4,101.6,346.82421875,17.3,2190.88671875,2355.0,0.0,4019.0,963.0,1123.0,45.281,45.406
636.698,train:DC4,97.7,421.91796875,17.1,2234.5546875,2354.0,0.0,4019.0,963.0,1123.0,45.156,45.343
637.199,train:DC4,99.7,420.41796875,17.6,2236.0703125,2355.0,0.0,4019.0,963.0,1123.0,45.156,45.25
637.701,train:DC4,99.7,421.91796875,16.7,2233.2109375,2341.0,0.0,4059.0,963.0,1123.0,45.125,45.218
638.202,train:DC4,99.8,420.41796875,17.0,2231.99609375,2338.0,0.0,4019.0,963.0,1123.0,45.187,45.187
638.703,train:DC4,99.8,407.4609375,17.6,2237.34375,2314.0,0.0,4019.0,963.0,1123.0,45.125,45.531
639.204,train:DC5,101.7,420.41796875,17.3,2236.67578125,2331.0,0.0,4019.0,963.0,1123.0,45.125,45.25
639.706,train:DC5,97.8,421.91796875,17.1,2235.14453125,2315.0,0.0,4019.0,963.0,1123.0,45.062,45.25
640.207,train:DC5,99.8,418.16796875,17.3,2232.18359375,2326.0,0.0,4052.0,963.0,1123.0,45.312,45.406
640.708,train:DC5,101.8,413.26171875,17.6,2223.2578125,2363.0,0.0,4019.0,963.0,1123.0,45.5,45.5
641.209,train:DC5,95.8,404.66796875,17.1,2228.078125,2362.0,0.0,4019.0,963.0,1123.0,45.156,45.437
641.711,train:DC5,101.7,393.66796875,17.3,2222.65625,2375.0,0.0,4019.0,963.0,1123.0,45.218,45.406
642.212,train:DC5,99.8,379.26171875,17.3,2217.72265625,2362.0,0.0,4019.0,963.0,1123.0,45.093,45.375
642.713,train:DC5,97.8,367.75,17.6,2210.296875,2374.0,0.0,4059.0,963.0,1123.0,45.281,45.281
643.214,train:DC6,101.7,379.26171875,17.1,2219.00390625,2357.0,0.0,4019.0,963.0,1123.0,45.25,45.343
643.716,train:DC6,97.8,368.91796875,17.0,2215.46875,2364.0,0.0,4019.0,963.0,1123.0,45.343,45.343
644.217,train:DC6,99.7,352.85546875,17.0,2197.22265625,2367.0,0.0,4019.0,963.0,1123.0,45.125,45.406
644.719,train:DC6,101.7,344.94921875,17.3,2186.06640625,2358.0,0.0,4019.0,963.0,1123.0,45.093,45.281
645.220,train:DC6,99.7,421.91796875,17.3,2231.0390625,2353.0,0.0,4019.0,963.0,1123.0,45.156,45.312
645.721,train:DC6,97.8,420.41796875,17.6,2236.18359375,2352.0,0.0,4059.0,963.0,1123.0,45.312,45.312
646.222,train:DC6,99.7,421.91796875,16.8,2231.1328125,2354.0,0.0,4019.0,963.0,1123.0,45.468,45.468
646.724,train:DC6,99.8,420.41796875,17.3,2236.6171875,2342.0,0.0,4019.0,963.0,1123.0,45.187,45.5
647.225,train:DC6,101.8,407.4609375,17.0,2226.984375,2343.0,0.0,4019.0,963.0,1123.0,45.093,45.343
647.726,fusion_fit,97.8,390.3984375,17.1,2216.0078125,2278.0,0.0,3979.0,963.0,1123.0,45.125,45.468
648.227,fusion_fit,99.7,343.7421875,18.1,2178.53515625,2359.0,0.0,4133.0,963.0,1123.0,45.312,45.312
648.729,fusion_fit,99.8,403.0703125,16.8,2231.90625,2351.0,0.0,4133.0,963.0,1163.0,45.25,45.437
649.230,fusion_fit,99.8,402.34375,17.5,2225.9140625,2349.0,0.0,4173.0,961.0,1163.0,45.375,45.375
649.731,fusion_fit,97.8,396.1875,17.0,2225.75,2300.0,0.0,4173.0,961.0,1163.0,45.218,45.437
650.232,fusion_fit,101.8,390.390625,17.1,2217.74609375,2361.0,0.0,4173.0,961.0,1161.0,45.281,45.312
650.733,fusion_fit,97.8,342.828125,16.4,2167.65625,2365.0,0.0,4173.0,961.0,1161.0,45.218,45.25
651.234,fusion_fit,101.7,403.0703125,17.9,2227.3125,2355.0,0.0,4173.0,961.0,1161.0,45.5,45.5
651.736,fusion_fit,99.8,409.99609375,16.8,2235.2421875,2321.0,0.0,4052.0,963.0,1123.0,45.562,45.562
652.237,fusion_fit,99.8,380.44921875,17.3,2205.52734375,2378.0,0.0,4133.0,961.0,1163.0,45.312,45.312
652.738,fusion_fit,97.8,403.41796875,17.3,2227.55078125,2376.0,0.0,4173.0,961.0,1163.0,45.156,45.406
653.239,fusion_fit,99.7,416.27734375,17.6,2242.046875,2363.0,0.0,4213.0,961.0,1161.0,45.218,45.375
653.741,fusion_fit,99.7,408.59375,18.1,2236.86328125,2337.0,0.0,4133.0,921.0,1163.0,45.312,45.343
654.243,fusion_fit,101.5,403.69921875,17.6,2224.0,2292.0,0.0,4173.0,961.0,1163.0,45.375,45.312
654.745,fusion_fit,99.7,338.9921875,16.7,2167.73828125,2363.0,0.0,4173.0,961.0,1163.0,45.468,45.468
655.246,fusion_fit,99.7,416.39453125,17.1,2230.30078125,2358.0,0.0,4173.0,961.0,1163.0,45.531,45.531
655.747,fusion_fit,99.7,410.12109375,17.5,2229.69921875,2330.0,0.0,4093.0,963.0,1123.0,45.343,45.375
656.249,fusion_fit,99.7,380.34765625,17.1,2204.30859375,2361.0,0.0,4173.0,961.0,1161.0,45.156,45.343
656.750,fusion_fit,97.7,334.35546875,17.3,2161.60546875,2369.0,0.0,4173.0,961.0,1161.0,45.187,45.437
657.252,fusion_fit,99.7,416.62890625,17.1,2228.7265625,2354.0,0.0,4173.0,961.0,1163.0,45.531,45.531
657.753,fusion_fit,99.8,408.84765625,17.3,2221.703125,2347.0,0.0,4133.0,922.0,1163.0,45.125,45.406
658.254,fusion_fit,99.7,404.05078125,17.1,2223.8984375,2325.0,0.0,4173.0,961.0,1161.0,45.375,45.375
658.755,fusion_fit,99.8,351.60546875,17.0,2178.953125,2363.0,0.0,4173.0,961.0,1161.0,45.406,45.406
659.257,fusion_fit,99.7,416.2890625,17.1,2235.14453125,2367.0,0.0,4173.0,961.0,1163.0,45.187,45.437
659.758,fusion_fit,99.8,354.76953125,17.3,2177.03125,2289.0,0.0,4012.0,963.0,1123.0,45.187,45.437
660.259,fusion_fit,99.8,394.9375,17.1,2220.4921875,2356.0,0.0,4093.0,963.0,1123.0,45.125,45.406
660.760,fusion_fit,99.8,401.30859375,17.1,2217.21484375,2348.0,0.0,4133.0,922.0,1163.0,45.343,45.343
661.261,fusion_fit,97.8,409.53515625,17.6,2220.76953125,2350.0,0.0,4133.0,922.0,1163.0,45.343,45.343
661.763,fusion_fit,101.7,394.80078125,17.0,2226.88671875,2350.0,0.0,4133.0,921.0,1163.0,45.312,45.312
662.264,fusion_fit,99.7,402.44921875,17.1,2226.45703125,2359.0,0.0,4133.0,961.0,1163.0,45.437,45.437
662.765,fusion_fit,97.8,401.0546875,17.3,2223.44140625,2355.0,0.0,4133.0,922.0,1163.0,45.25,45.437
663.269,fusion_fit,101.3,336.3203125,17.5,2171.7109375,2303.0,0.0,4012.0,963.0,1123.0,45.093,45.468
663.770,fusion_fit,99.7,413.22265625,16.5,2230.5625,2362.0,0.0,4093.0,963.0,1123.0,45.312,45.406
664.272,fusion_fit,99.7,403.5859375,17.6,2224.26953125,2352.0,0.0,4133.0,963.0,1163.0,45.531,45.531
664.773,fusion_fit,99.7,405.10546875,18.4,2224.515625,2356.0,0.0,4173.0,961.0,1163.0,45.281,45.281
665.275,fusion_fit,99.7,392.76953125,17.6,2216.3671875,2348.0,0.0,4133.0,963.0,1163.0,45.218,45.375
665.776,fusion_fit,97.7,398.4375,16.7,2221.5234375,2353.0,0.0,4133.0,961.0,1163.0,45.281,45.437
666.277,fusion_fit,99.7,398.66015625,17.3,2218.33984375,2350.0,0.0,4133.0,961.0,1163.0,45.25,45.375
666.779,fusion_fit,99.7,339.28515625,17.0,2169.421875,2301.0,0.0,4012.0,963.0,1123.0,45.312,45.312
667.280,fusion_fit,99.7,339.28515625,17.6,2166.7578125,2298.0,0.0,3898.0,963.0,1085.0,45.281,45.312
667.783,fusion_fit,99.5,339.28515625,16.4,2166.7578125,2298.0,0.0,3818.0,924.0,1085.0,45.312,45.312
668.285,fusion_fit,101.6,339.28515625,17.8,2164.3359375,2296.0,0.0,3858.0,924.0,1085.0,45.218,45.437
668.787,fusion_fit,99.4,339.28515625,16.7,2164.3359375,2296.0,0.0,3858.0,924.0,1085.0,45.156,45.281
669.289,fusion_fit,97.7,339.28515625,17.3,2162.046875,2293.0,0.0,3818.0,964.0,1085.0,45.125,45.312
669.791,fusion_fit,99.6,339.28515625,16.7,2162.046875,2293.0,0.0,3818.0,924.0,1085.0,45.375,45.375
670.293,fusion_fit,99.6,339.28515625,17.3,2160.203125,2291.0,0.0,3818.0,964.0,1085.0,45.218,45.218
670.795,fusion_fit,99.7,339.28515625,16.4,2160.203125,2291.0,0.0,3818.0,924.0,1085.0,45.25,45.468
671.296,fusion_fit,101.7,339.28515625,17.5,2156.53515625,2288.0,0.0,3818.0,924.0,1085.0,45.25,45.343
671.798,fusion_fit,97.6,339.28515625,17.0,2156.53515625,2288.0,0.0,3818.0,924.0,1085.0,45.125,45.437
672.300,fusion_fit,99.7,339.28515625,17.3,2156.53515625,2288.0,0.0,3818.0,924.0,1085.0,45.281,45.375
672.801,fusion_fit,99.7,339.28515625,17.0,2156.53515625,2288.0,0.0,3858.0,924.0,1085.0,45.281,45.406
673.302,fusion_fit,99.7,339.28515625,17.1,2154.53515625,2286.0,0.0,3818.0,924.0,1085.0,45.468,45.468
673.804,fusion_fit,99.7,339.28515625,17.2,2154.53515625,2286.0,0.0,3818.0,924.0,1085.0,45.468,45.468
674.306,fusion_fit,99.6,339.28515625,16.9,2152.52734375,2286.0,0.0,3858.0,924.0,1085.0,45.156,45.375
674.808,fusion_fit,97.7,339.28515625,17.3,2152.52734375,2284.0,0.0,3858.0,924.0,1085.0,45.125,45.281
675.310,fusion_fit,99.5,339.28515625,16.7,2152.52734375,2284.0,0.0,3818.0,924.0,1085.0,45.125,45.343
675.812,fusion_fit,99.5,339.28515625,17.5,2152.52734375,2284.0,0.0,3818.0,924.0,1085.0,45.375,45.375
676.315,fusion_fit,99.6,339.28515625,16.4,2152.52734375,2284.0,0.0,3818.0,964.0,1085.0,45.25,45.281
676.816,fusion_fit,99.7,339.28515625,17.3,2152.52734375,2284.0,0.0,3818.0,924.0,1085.0,45.218,45.406
677.318,fusion_fit,99.7,339.28515625,17.3,2150.52734375,2284.0,0.0,3818.0,964.0,1085.0,45.125,45.312
677.820,fusion_fit,99.5,339.28515625,16.9,2150.52734375,2282.0,0.0,3818.0,924.0,1085.0,45.062,45.343
678.322,fusion_fit,99.5,339.28515625,17.0,2150.52734375,2282.0,0.0,3818.0,924.0,1085.0,45.312,45.312
678.824,fusion_fit,99.7,339.28515625,16.7,2150.52734375,2282.0,0.0,3858.0,964.0,1085.0,45.312,45.312
679.325,fusion_fit,99.7,339.28515625,17.5,2150.52734375,2282.0,0.0,3818.0,924.0,1085.0,45.25,45.312
679.827,fusion_fit,99.7,339.28515625,17.1,2150.51953125,2282.0,0.0,3858.0,964.0,1085.0,45.25,45.406
680.329,fusion_fit,97.7,339.28515625,17.2,2148.51953125,2282.0,0.0,3818.0,924.0,1085.0,45.031,45.343
680.830,fusion_fit,99.7,339.28515625,16.8,2148.51953125,2280.0,0.0,3818.0,924.0,1085.0,45.093,45.343
681.331,fusion_fit,101.7,339.28515625,17.2,2148.51953125,2280.0,0.0,3818.0,924.0,1085.0,45.343,45.343
681.833,fusion_fit,99.7,339.28515625,17.1,2148.51953125,2280.0,0.0,3818.0,924.0,1085.0,45.187,45.25
682.334,fusion_fit,99.7,339.28515625,17.3,2148.51953125,2280.0,0.0,3818.0,924.0,1085.0,45.218,45.25
682.836,fusion_fit,97.6,339.28515625,17.3,2148.51953125,2280.0,0.0,3818.0,924.0,1085.0,45.125,45.375
683.338,fusion_fit,99.7,339.28515625,17.0,2148.515625,2280.0,0.0,3818.0,924.0,1085.0,45.093,45.375
683.839,fusion_fit,99.7,339.28515625,17.0,2148.515625,2280.0,0.0,3818.0,924.0,1085.0,45.281,45.281
684.341,fusion_fit,99.6,339.28515625,17.0,2148.50390625,2280.0,0.0,3818.0,924.0,1085.0,45.187,45.218
684.844,fusion_fit,99.5,339.28515625,16.7,2148.50390625,2280.0,0.0,3818.0,924.0,1085.0,45.281,45.281
685.345,fusion_fit,99.7,339.28515625,17.2,2148.49609375,2280.0,0.0,3858.0,924.0,1085.0,45.125,45.375
685.846,fusion_fit,99.7,339.28515625,17.0,2148.49609375,2280.0,0.0,3818.0,924.0,1085.0,45.218,45.437
686.348,fusion_fit,99.7,339.28515625,17.5,2148.49609375,2280.0,0.0,3818.0,924.0,1085.0,45.062,45.25
686.850,fusion_fit,99.7,339.28515625,17.3,2148.49609375,2280.0,0.0,3818.0,924.0,1085.0,45.125,45.343
687.351,fusion_fit,99.7,339.28515625,17.0,2148.49609375,2280.0,0.0,3818.0,924.0,1085.0,45.218,45.25
687.853,fusion_fit,99.7,339.28515625,17.0,2148.49609375,2280.0,0.0,3818.0,924.0,1085.0,45.156,45.218
688.355,fusion_fit,99.5,339.28515625,17.5,2148.49609375,2280.0,0.0,3818.0,964.0,1085.0,45.375,45.375
688.857,fusion_fit,99.7,339.28515625,17.1,2148.49609375,2280.0,0.0,3818.0,924.0,1085.0,45.25,45.406
689.359,fusion_fit,99.6,339.28515625,16.7,2148.49609375,2280.0,0.0,3858.0,924.0,1085.0,45.187,45.312
689.860,fusion_fit,99.6,339.28515625,17.5,2148.49609375,2280.0,0.0,3818.0,924.0,1085.0,45.125,45.25
690.362,fusion_fit,99.6,339.28515625,16.7,2148.49609375,2280.0,0.0,3858.0,924.0,1085.0,45.343,45.343
690.864,fusion_fit,97.7,339.28515625,17.1,2148.49609375,2280.0,0.0,3858.0,924.0,1085.0,45.156,45.375
691.366,fusion_fit,99.6,339.28515625,16.9,2148.48828125,2280.0,0.0,3818.0,924.0,1085.0,45.218,45.218
691.867,fusion_fit,99.7,339.28515625,17.6,2148.48828125,2280.0,0.0,3818.0,924.0,1085.0,45.125,45.312
692.369,fusion_fit,99.6,339.28515625,16.7,2148.48828125,2280.0,0.0,3818.0,924.0,1085.0,45.125,45.281
692.870,fusion_fit,99.7,339.28515625,17.0,2148.48828125,2280.0,0.0,3818.0,924.0,1085.0,45.156,45.218
693.372,fusion_fit,99.6,339.28515625,16.9,2148.48828125,2280.0,0.0,3818.0,924.0,1085.0,45.156,45.156
693.874,fusion_fit,99.6,339.28515625,17.5,2148.48828125,2280.0,0.0,3818.0,924.0,1085.0,45.281,45.281
694.376,fusion_fit,99.7,339.28515625,17.0,2148.48828125,2280.0,0.0,3818.0,924.0,1085.0,45.093,45.187
694.877,fusion_fit,97.8,339.28515625,17.1,2148.48828125,2280.0,0.0,3818.0,964.0,1085.0,45.187,45.343
695.378,fusion_fit,99.7,339.28515625,17.0,2148.48828125,2280.0,0.0,3818.0,964.0,1085.0,45.125,45.25
695.880,fusion_fit,99.6,339.28515625,17.0,2148.48828125,2280.0,0.0,3818.0,924.0,1085.0,45.156,45.312
696.382,fusion_fit,99.6,339.28515625,17.2,2148.47265625,2280.0,0.0,3858.0,924.0,1085.0,45.187,45.218
696.884,fusion_fit,99.6,339.28515625,17.0,2148.47265625,2280.0,0.0,3818.0,924.0,1085.0,45.218,45.218
697.386,fusion_fit,99.6,339.28515625,17.0,2148.47265625,2280.0,0.0,3818.0,924.0,1085.0,45.187,45.375
697.887,fusion_fit,99.6,339.28515625,17.3,2148.47265625,2280.0,0.0,3818.0,924.0,1085.0,45.125,45.375
698.389,fusion_fit,99.7,339.28515625,16.7,2148.47265625,2280.0,0.0,3818.0,964.0,1085.0,45.25,45.375
698.891,fusion_fit,99.6,339.28515625,16.9,2148.47265625,2280.0,0.0,3818.0,924.0,1085.0,45.156,45.156
699.393,fusion_fit,97.7,339.28515625,17.3,2148.47265625,2280.0,0.0,3818.0,964.0,1085.0,45.25,45.25
699.894,fusion_fit,101.6,339.28515625,16.7,2148.47265625,2280.0,0.0,3818.0,924.0,1085.0,45.125,45.218
700.396,fusion_fit,99.6,339.28515625,17.4,2148.47265625,2280.0,0.0,3858.0,964.0,1085.0,45.062,45.312
700.898,fusion_fit,99.6,339.28515625,17.0,2148.47265625,2280.0,0.0,3818.0,964.0,1085.0,45.125,45.187
701.400,fusion_fit,99.7,339.28515625,17.6,2148.47265625,2280.0,0.0,3818.0,964.0,1085.0,45.312,45.312
701.902,fusion_fit,99.6,339.28515625,16.7,2148.46875,2280.0,0.0,3858.0,924.0,1085.0,45.156,45.25
702.404,fusion_fit,99.6,339.28515625,17.3,2148.46484375,2280.0,0.0,3818.0,924.0,1085.0,45.281,45.312
702.906,fusion_fit,99.6,339.28515625,17.3,2148.296875,2280.0,0.0,3818.0,924.0,1085.0,45.093,45.25
703.408,fusion_fit,99.6,339.28515625,17.3,2148.21484375,2280.0,0.0,3818.0,924.0,1085.0,45.406,45.406
703.910,fusion_fit,99.5,339.28515625,16.7,2148.21484375,2279.0,0.0,3818.0,924.0,1085.0,45.25,45.25
704.412,fusion_fit,99.6,339.28515625,17.3,2148.21484375,2279.0,0.0,3818.0,924.0,1085.0,45.156,45.375
704.914,fusion_fit,99.7,339.28515625,17.2,2148.21484375,2279.0,0.0,3818.0,924.0,1085.0,45.125,45.25
705.416,fusion_fit,99.5,339.28515625,17.1,2148.21484375,2279.0,0.0,3818.0,924.0,1085.0,45.125,45.281
705.918,fusion_fit,99.7,339.28515625,16.4,2148.21484375,2279.0,0.0,3858.0,924.0,1085.0,44.937,45.312
706.420,fusion_fit,99.6,339.28515625,17.8,2148.21484375,2279.0,0.0,3818.0,924.0,1085.0,45.125,45.281
706.921,fusion_fit,99.7,339.28515625,16.4,2148.21484375,2279.0,0.0,3858.0,924.0,1085.0,45.312,45.312
707.423,fusion_fit,99.7,339.28515625,17.3,2148.20703125,2279.0,0.0,3858.0,964.0,1085.0,45.218,45.312
707.925,fusion_fit,99.6,339.28515625,17.0,2148.20703125,2279.0,0.0,3818.0,924.0,1085.0,45.218,45.406
708.427,fusion_fit,99.5,339.28515625,17.8,2148.20703125,2279.0,0.0,3818.0,964.0,1085.0,45.125,45.375
708.929,fusion_fit,99.5,339.28515625,16.4,2148.20703125,2279.0,0.0,3818.0,924.0,1085.0,45.031,45.343
709.431,fusion_fit,99.7,339.28515625,17.5,2148.19921875,2279.0,0.0,3818.0,924.0,1085.0,45.0,45.25
709.933,fusion_fit,97.7,339.28515625,16.7,2148.19921875,2279.0,0.0,3818.0,924.0,1085.0,45.125,45.343
710.434,fusion_fit,99.6,339.28515625,17.6,2148.19921875,2279.0,0.0,3818.0,924.0,1085.0,45.375,45.187
710.936,fusion_fit,99.7,339.28515625,16.7,2148.19921875,2279.0,0.0,3818.0,924.0,1085.0,45.375,45.375
711.438,fusion_fit,99.7,339.28515625,17.0,2148.19921875,2279.0,0.0,3858.0,964.0,1085.0,45.218,45.218
711.939,fusion_fit,99.7,339.28515625,17.0,2148.19921875,2279.0,0.0,3818.0,924.0,1085.0,45.218,45.218
712.440,fusion_fit,99.7,339.28515625,17.3,2148.19921875,2279.0,0.0,3818.0,924.0,1085.0,45.312,45.312
712.942,fusion_fit,99.7,339.28515625,16.7,2148.19921875,2279.0,0.0,3858.0,924.0,1085.0,45.125,45.343
713.444,fusion_fit,99.5,339.28515625,17.6,2148.19140625,2279.0,0.0,3818.0,924.0,1085.0,45.125,45.312
713.945,fusion_fit,99.7,339.28515625,17.3,2148.19140625,2279.0,0.0,3818.0,924.0,1085.0,45.125,45.218
714.447,fusion_fit,99.7,339.28515625,17.0,2148.19140625,2279.0,0.0,3818.0,924.0,1085.0,45.375,45.375
714.948,fusion_fit,99.7,339.28515625,17.0,2148.19140625,2279.0,0.0,3818.0,924.0,1085.0,45.406,45.406
715.450,fusion_fit,99.6,339.28515625,17.3,2148.19140625,2279.0,0.0,3818.0,924.0,1085.0,45.125,45.187
715.952,fusion_fit,97.6,339.28515625,17.9,2148.19140625,2279.0,0.0,3818.0,964.0,1085.0,45.375,45.375
716.454,fusion_fit,97.7,339.28515625,16.7,2148.19140625,2279.0,0.0,3858.0,964.0,1085.0,45.437,45.437
716.956,fusion_fit,99.7,339.28515625,16.9,2148.19140625,2279.0,0.0,3818.0,924.0,1085.0,45.218,45.312
717.457,fusion_fit,99.7,339.28515625,17.0,2148.4375,2280.0,0.0,3818.0,924.0,1085.0,45.125,45.25
717.960,fusion_fit,99.5,339.28515625,16.9,2148.4375,2280.0,0.0,3858.0,924.0,1085.0,45.187,45.312
718.461,fusion_fit,99.7,339.28515625,17.0,2148.4296875,2280.0,0.0,3858.0,924.0,1085.0,45.468,45.468
718.963,fusion_fit,99.7,339.28515625,16.7,2148.4296875,2280.0,0.0,3818.0,964.0,1085.0,45.125,45.187
719.464,fusion_fit,97.7,339.28515625,17.5,2148.4296875,2280.0,0.0,3818.0,964.0,1085.0,45.093,45.406
719.965,fusion_fit,99.8,339.28515625,16.4,2148.4296875,2280.0,0.0,3818.0,924.0,1085.0,45.156,45.25
720.467,fusion_fit,97.7,339.28515625,17.3,2148.4296875,2280.0,0.0,3818.0,924.0,1085.0,45.093,45.218
720.969,fusion_fit,99.5,339.28515625,17.4,2148.4296875,2280.0,0.0,3818.0,924.0,1085.0,45.25,45.25
721.471,fusion_fit,99.5,339.28515625,16.7,2148.4296875,2280.0,0.0,3818.0,924.0,1085.0,45.218,45.312
721.973,fusion_fit,99.7,339.28515625,16.7,2148.4296875,2280.0,0.0,3858.0,924.0,1085.0,45.125,45.468
722.474,fusion_fit,97.7,339.28515625,16.7,2148.421875,2280.0,0.0,3818.0,964.0,1085.0,45.156,45.375
722.976,fusion_fit,99.7,339.28515625,17.5,2148.41796875,2280.0,0.0,3818.0,964.0,1085.0,45.218,45.156
723.477,fusion_fit,99.7,339.28515625,16.7,2148.41796875,2280.0,0.0,3818.0,964.0,1085.0,45.343,45.343
723.979,fusion_fit,97.7,339.28515625,16.7,2148.41015625,2280.0,0.0,3858.0,964.0,1085.0,45.187,45.406
724.481,fusion_fit,99.5,339.28515625,18.3,2148.41015625,2280.0,0.0,3858.0,964.0,1085.0,45.0,45.281
724.984,fusion_fit,71.7,339.34375,18.9,2151.6953125,2281.0,0.0,3898.0,922.0,1083.0,45.031,45.218
