t_start,t_end,t_release,label,score,alarm,dominant,domain,csec_corr,csec_unc,decision_ms_after_target,csec_wait_ms,prov_score,prov_alarm,|r_bal|,|r_aux|,|r_cool|,|r_ups|,|r_qp|,|r_pv|,|r_reg|,e_rec,e_fc
2.00,3.27,4.17,0,1.75332,1,e_rec,cross-domain,0.6455,0.0000,891.197,890,6.91731,1,-6.243,-2.772,-4.378,0,-8.793,33.72,50,35.29,50
2.40,3.67,4.17,0,-0.02012,1,e_rec,cross-domain,0.4611,0.0000,491.197,490,3.66844,1,-6.243,-2.772,-4.378,0,-8.793,29,48.32,25.12,50
2.80,4.07,4.17,0,10.49765,1,e_rec,cross-domain,0.1537,0.0000,91.197,90,11.72717,1,-6.243,-2.772,-4.378,0,-8.793,18.38,47.14,50,16.17
3.20,4.47,4.48,0,-2.12378,0,|r_qp|,cross-domain,0.0000,0.0000,3.638,0,-2.12378,0,-6.243,-2.772,-4.378,0,-8.793,8.336,50,9.495,50
3.60,4.87,4.88,0,8.79276,1,e_rec,cross-domain,0.0000,0.0000,3.591,0,8.79276,1,-6.243,-2.772,-4.378,0,-8.793,1.571,44.57,41.91,11.63
4.00,5.27,5.28,0,8.17989,1,e_rec,cross-domain,0.0000,0.0000,3.663,0,8.17989,1,-6.243,-2.772,-4.378,0,-8.793,2.323,47.63,40.08,5.254
4.40,5.67,5.68,0,-1.18537,0,|r_qp|,cross-domain,0.0000,0.0000,3.662,0,-1.18537,0,-6.243,-2.772,-4.378,0,-8.793,4.932,41.78,11.1,47.35
4.80,6.07,6.08,0,-0.50336,0,|r_qp|,cross-domain,0.0000,0.0000,3.719,0,-0.50336,0,-6.243,-2.772,-4.378,0,-8.793,7.569,37.87,9.301,0.8074
5.20,6.47,6.48,0,-0.62221,0,|r_qp|,cross-domain,0.0000,0.0000,3.528,0,-0.62221,0,-6.243,-2.772,-4.378,0,-8.793,6.629,28.7,7.099,-0.4141
5.60,6.87,6.88,0,-2.16954,0,|r_qp|,cross-domain,0.0000,0.0000,3.492,0,-2.16954,0,-6.243,-2.772,-4.378,0,-8.793,4.111,18.83,3.211,44.62
6.00,7.27,7.28,0,-2.38351,0,|r_qp|,cross-domain,0.0000,0.0000,3.601,0,-2.38351,0,-6.243,-2.772,-4.378,0,-8.793,1.943,14.29,-0.8132,0.8434
6.40,7.67,7.68,0,-1.82934,0,|r_qp|,cross-domain,0.0000,0.0000,3.578,0,-1.82934,0,-6.243,-2.772,-4.378,0,-8.793,1.695,6.11,-0.7437,-0.3857
6.80,8.07,8.08,0,-0.16211,1,|r_qp|,cross-domain,0.0000,0.0000,3.682,0,-0.16211,1,-6.243,-2.772,-4.378,0,-8.793,2.957,0.622,5.625,37.01
7.20,8.47,8.48,0,-1.48134,0,|r_qp|,cross-domain,0.0000,0.0000,3.570,0,-1.48134,0,-6.243,-2.772,-4.378,0,-8.793,3.16,1.445,-0.7631,-0.4013
7.60,8.87,8.88,0,-1.25168,0,|r_qp|,cross-domain,0.0000,0.0000,3.853,0,-1.25168,0,-6.243,-2.772,-4.378,0,-8.793,4.169,1.024,-0.2083,0.1092
8.00,9.27,9.28,0,-0.28826,1,|r_qp|,cross-domain,0.0000,0.0000,3.724,0,-0.28826,1,-6.243,-2.772,-4.378,0,-8.793,4.587,0.8707,5.547,44.86
8.40,9.67,9.68,0,-1.56822,0,|r_qp|,cross-domain,0.0000,0.0000,3.522,0,-1.56822,0,-6.243,-2.772,-4.378,0,-8.793,3.519,0.02623,-1.341,0.1641
8.80,10.07,10.08,0,-1.45531,0,|r_qp|,cross-domain,0.0000,0.0000,3.671,0,-1.45531,0,-6.243,-2.772,-4.378,0,-8.793,2.085,-0.3329,-0.8222,0.948
9.20,10.47,10.48,0,-0.57170,0,|r_qp|,cross-domain,0.0000,0.0000,3.516,0,-0.57170,0,-6.243,-2.772,-4.378,0,-8.793,0.2075,-0.1772,5.045,45.94
9.60,10.87,10.88,0,-1.76620,0,|r_qp|,cross-domain,0.0000,0.0000,3.705,0,-1.76620,0,-6.243,-2.772,-4.378,0,-8.793,-0.5158,0.67,-1.374,-0.4897
10.00,11.27,11.28,0,-1.38485,0,|r_qp|,cross-domain,0.0000,0.0000,3.741,0,-1.38485,0,-6.243,-2.772,-4.378,0,-8.793,0.09867,0.1399,-0.2025,1.697
10.40,11.67,11.68,0,-0.13683,1,|r_qp|,cross-domain,0.0000,0.0000,3.696,0,-0.13683,1,-6.243,-2.772,-4.378,0,-8.793,2.161,0.2384,6.241,45.35
10.80,12.07,12.08,0,-1.29347,0,|r_qp|,cross-domain,0.0000,0.0000,3.622,0,-1.29347,0,-6.243,-2.772,-4.378,0,-8.793,3.197,0.6116,-0.3264,-0.2693
11.20,12.47,12.48,0,-1.11121,0,|r_qp|,cross-domain,0.0000,0.0000,3.571,0,-1.11121,0,-6.243,-2.772,-4.378,0,-8.793,4.671,0.1339,0.08262,1.494
11.60,12.87,12.88,0,0.02659,1,|r_qp|,cross-domain,0.0000,0.0000,3.526,0,0.02659,1,-6.243,-2.772,-4.378,0,-8.793,4.796,0.309,6.379,44.26
12.00,13.27,13.28,0,-1.33060,0,|r_qp|,cross-domain,0.0000,0.0000,3.521,0,-1.33060,0,-6.243,-2.772,-4.378,0,-8.793,4.206,0.7023,-0.5397,-0.02156
12.40,13.67,13.68,0,-1.36874,0,|r_qp|,cross-domain,0.0000,0.0000,3.468,0,-1.36874,0,-6.243,-2.772,-4.378,0,-8.793,3.386,0.2898,-0.6094,0.5107
12.80,14.07,14.08,0,-0.44483,0,|r_qp|,cross-domain,0.0000,0.0000,3.547,0,-0.44483,0,-6.243,-2.772,-4.378,0,-8.793,1.952,0.00401,5.376,47.69
13.20,14.47,14.48,0,-1.59606,0,|r_qp|,cross-domain,0.0000,0.0000,3.623,0,-1.59606,0,-6.243,-2.772,-4.378,0,-8.793,1.088,0.3184,-1.099,-0.4199
13.60,14.87,14.88,0,-1.56000,0,|r_qp|,cross-domain,0.0000,0.0000,3.558,0,-1.56000,0,-6.243,-2.772,-4.378,0,-8.793,0.4473,-0.1543,-0.8926,1.302
14.00,15.27,15.28,0,-1.00796,0,|r_qp|,cross-domain,0.0000,0.0000,3.630,0,-1.00796,0,-6.243,-2.772,-4.378,0,-8.793,0.4754,0.04943,3.907,50
14.40,15.67,15.68,0,-1.37769,0,|r_qp|,cross-domain,0.0000,0.0000,3.573,0,-1.37769,0,-6.243,-2.772,-4.378,0,-8.793,0.7941,0.8527,-0.2379,-0.1809
14.80,16.07,16.08,0,-1.29794,0,|r_qp|,cross-domain,0.0000,0.0000,3.607,0,-1.29794,0,-6.243,-2.772,-4.378,0,-8.793,1.165,0.3303,-0.04745,1.25
15.20,16.47,16.48,0,-0.17480,1,|r_qp|,cross-domain,0.0000,0.0000,3.605,0,-0.17480,1,-6.243,-2.772,-4.378,0,-8.793,2.236,0.1914,5.923,42.46
15.60,16.87,16.88,0,-1.31989,0,|r_qp|,cross-domain,0.0000,0.0000,3.562,0,-1.31989,0,-6.243,-2.772,-4.378,0,-8.793,2.966,1.265,-0.2597,-0.4439
16.00,17.27,17.28,0,-1.09599,0,|r_qp|,cross-domain,0.0000,0.0000,3.686,0,-1.09599,0,-6.243,-2.772,-4.378,0,-8.793,3.962,0.2334,0.1617,0.1938
16.40,17.67,17.68,0,-1.10373,0,|r_qp|,cross-domain,0.0000,0.0000,3.660,0,-1.10373,0,-6.243,-2.772,-4.378,0,-8.793,3.205,0.09622,3.264,50
16.80,18.07,18.08,0,-1.16879,0,|r_qp|,cross-domain,0.0000,0.0000,3.571,0,-1.16879,0,-6.243,-2.772,-4.378,0,-8.793,2.132,0.2479,0.1603,0.1528
17.20,18.47,18.48,0,-1.56877,0,|r_qp|,cross-domain,0.0000,0.0000,3.663,0,-1.56877,0,-6.243,-2.772,-4.378,0,-8.793,0.443,0.4237,-0.8457,0.6004
17.60,18.87,18.88,0,-0.61126,0,|r_qp|,cross-domain,0.0000,0.0000,3.679,0,-0.61126,0,-6.243,-2.772,-4.378,0,-8.793,0.55,0.5196,4.832,42.94
18.00,19.27,19.28,0,-1.35005,0,|r_qp|,cross-domain,0.0000,0.0000,3.602,0,-1.35005,0,-6.243,-2.772,-4.378,0,-8.793,1.488,1.758,-0.07398,-0.5241
18.40,19.67,19.68,0,-1.24865,0,|r_qp|,cross-domain,0.0000,0.0000,3.501,0,-1.24865,0,-6.243,-2.772,-4.378,0,-8.793,3.15,0.3764,-0.2206,-0.2054
18.80,20.07,20.08,0,-1.11571,0,|r_qp|,cross-domain,0.0000,0.0000,3.580,0,-1.11571,0,-6.243,-2.772,-4.378,0,-8.793,3.567,0.2001,3.142,49.04
19.20,20.47,20.48,0,-1.49550,0,|r_qp|,cross-domain,0.0000,0.0000,3.759,0,-1.49550,0,-6.243,-2.772,-4.378,0,-8.793,2.538,0.1085,-0.9694,0.1238
19.60,20.87,20.88,0,-1.53397,0,|r_qp|,cross-domain,0.0000,0.0000,3.603,0,-1.53397,0,-6.243,-2.772,-4.378,0,-8.793,0.5512,-0.1885,-0.8856,0.3846
20.00,21.27,21.28,0,-0.74213,0,|r_qp|,cross-domain,0.0000,0.0000,3.750,0,-0.74213,0,-6.243,-2.772,-4.378,0,-8.793,-0.9154,-0.02011,4.899,49.63
20.40,21.67,21.68,0,-1.60833,0,|r_qp|,cross-domain,0.0000,0.0000,4.073,0,-1.60833,0,-6.243,-2.772,-4.378,0,-8.793,-0.7766,0.6385,-0.8056,0.09361
20.80,22.07,22.08,0,-1.55593,0,|r_qp|,cross-domain,0.0000,0.0000,3.513,0,-1.55593,0,-6.243,-2.772,-4.378,0,-8.793,0.07737,-0.01815,-0.8968,-0.192
21.20,22.47,22.48,0,-0.78722,0,|r_qp|,cross-domain,0.0000,0.0000,3.671,0,-0.78722,0,-6.243,-2.772,-4.378,0,-8.793,0.4022,0.05897,4.585,49.33
21.60,22.87,22.88,0,-1.61802,0,|r_qp|,cross-domain,0.0000,0.0000,3.618,0,-1.61802,0,-6.243,-2.772,-4.378,0,-8.793,0.4971,0.4724,-1.044,-0.09837
22.00,23.27,23.28,0,-1.51306,0,|r_qp|,cross-domain,0.0000,0.0000,3.484,0,-1.51306,0,-6.243,-2.772,-4.378,0,-8.793,0.7472,-0.03724,-0.8557,-0.3188
22.40,23.67,23.68,0,-1.43153,0,|r_qp|,cross-domain,0.0000,0.0000,3.644,0,-1.43153,0,-6.243,-2.772,-4.378,0,-8.793,0.7367,-0.0001071,2.496,49.85
22.80,24.07,24.08,0,-1.22798,0,|r_qp|,cross-domain,0.0000,0.0000,3.684,0,-1.22798,0,-6.243,-2.772,-4.378,0,-8.793,0.5819,1.009,0.3595,0.7704
23.20,24.47,24.48,0,-1.53747,0,|r_qp|,cross-domain,0.0000,0.0000,3.861,0,-1.53747,0,-6.243,-2.772,-4.378,0,-8.793,-0.5452,1.527,-0.4056,0.4365
23.60,24.87,24.88,0,-1.61874,0,|r_qp|,cross-domain,0.0000,0.0000,3.624,0,-1.61874,0,-6.243,-2.772,-4.378,0,-8.793,-1.148,1.84,1.874,39.52
24.00,25.27,25.28,0,-1.54002,0,|r_qp|,cross-domain,0.0000,0.0000,3.508,0,-1.54002,0,-6.243,-2.772,-4.378,0,-8.793,-0.7447,3.401,0.002423,0.5949
24.40,25.67,25.68,0,-1.72512,0,|r_qp|,cross-domain,0.0000,0.0000,3.797,0,-1.72512,0,-6.243,-2.772,-4.378,0,-8.793,-0.3613,2.657,-0.8105,0.283
24.80,26.07,26.08,0,-1.05247,0,|r_qp|,cross-domain,0.0000,0.0000,3.520,0,-1.05247,0,-6.243,-2.772,-4.378,0,-8.793,0.9576,2.346,3.681,42.03
25.20,26.47,26.48,0,-1.39817,0,|r_qp|,cross-domain,0.0000,0.0000,3.578,0,-1.39817,0,-6.243,-2.772,-4.378,0,-8.793,1.612,3.088,0.07317,0.2335
25.60,26.87,26.88,0,-1.24121,0,|r_qp|,cross-domain,0.0000,0.0000,3.560,0,-1.24121,0,-6.243,-2.772,-4.378,0,-8.793,3.404,1.441,0.005106,0.07903
26.00,27.27,27.28,0,-1.06856,0,|r_qp|,cross-domain,0.0000,0.0000,3.534,0,-1.06856,0,-6.243,-2.772,-4.378,0,-8.793,3.621,1.054,3.163,44.21
26.40,27.67,27.68,0,-1.28055,0,|r_qp|,cross-domain,0.0000,0.0000,3.632,0,-1.28055,0,-6.243,-2.772,-4.378,0,-8.793,2.618,1.239,0.002083,1.132
26.80,28.07,28.08,0,-1.50955,0,|r_qp|,cross-domain,0.0000,0.0000,3.575,0,-1.50955,0,-6.243,-2.772,-4.378,0,-8.793,0.3547,1.481,-0.4354,0.5024
27.20,28.47,28.48,0,-1.40420,0,|r_qp|,cross-domain,0.0000,0.0000,3.642,0,-1.40420,0,-6.243,-2.772,-4.378,0,-8.793,-0.9532,2.137,2.954,45.32
27.60,28.87,28.88,0,-1.18749,0,|r_qp|,cross-domain,0.0000,0.0000,3.523,0,-1.18749,0,-6.243,-2.772,-4.378,0,-8.793,-0.8105,3.684,1.282,1.947
28.00,29.27,29.28,0,-1.56582,0,|r_qp|,cross-domain,0.0000,0.0000,3.460,0,-1.56582,0,-6.243,-2.772,-4.378,0,-8.793,-0.9334,3.55,-0.01696,0.7441
28.40,29.67,29.68,0,-1.68767,0,|r_qp|,cross-domain,0.0000,0.0000,3.752,0,-1.68767,0,-6.243,-2.772,-4.378,0,-8.793,-1.267,3.722,2.208,42.08
28.80,30.07,30.08,0,-1.58755,0,|r_qp|,cross-domain,0.0000,0.0000,3.582,0,-1.58755,0,-6.243,-2.772,-4.378,0,-8.793,-0.8513,4.651,0.1844,1.68
29.20,30.47,30.48,0,-1.40576,0,|r_qp|,cross-domain,0.0000,0.0000,3.663,0,-1.40576,0,-6.243,-2.772,-4.378,0,-8.793,1.234,2.595,-0.01974,-0.02757
29.60,30.87,30.88,0,-1.25968,0,|r_qp|,cross-domain,0.0000,0.0000,3.618,0,-1.25968,0,-6.243,-2.772,-4.378,0,-8.793,2.845,1.546,2.607,41.91
30.00,31.27,31.28,0,-1.59105,0,|r_qp|,cross-domain,0.0000,0.0000,3.531,0,-1.59105,0,-6.243,-2.772,-4.378,0,-8.793,2.788,1.116,-1.022,1.428
30.40,31.67,31.68,0,-1.65111,0,|r_qp|,cross-domain,0.0000,0.0000,3.635,0,-1.65111,0,-6.243,-2.772,-4.378,0,-8.793,0.8506,0.4025,-1.24,-0.6161
30.80,32.07,32.08,0,-1.48374,0,|r_qp|,cross-domain,0.0000,0.0000,3.523,0,-1.48374,0,-6.243,-2.772,-4.378,0,-8.793,-0.6716,0.6532,2.489,47.4
31.20,32.47,32.48,0,-1.03218,0,|r_qp|,cross-domain,0.0000,0.0000,3.543,0,-1.03218,0,-6.243,-2.772,-4.378,0,-8.793,-1.048,0.985,1.312,2.773
31.60,32.87,32.88,0,-1.53882,0,|r_qp|,cross-domain,0.0000,0.0000,3.660,0,-1.53882,0,-6.243,-2.772,-4.378,0,-8.793,-0.9062,1.82,-0.3061,0.4159
32.00,33.27,33.28,0,-1.33717,0,|r_qp|,cross-domain,0.0000,0.0000,3.459,0,-1.33717,0,-6.243,-2.772,-4.378,0,-8.793,-0.5735,2.1,2.978,43.12
32.40,33.67,33.68,0,-0.91935,0,|r_qp|,cross-domain,0.0000,0.0000,3.563,0,-0.91935,0,-6.243,-2.772,-4.378,0,-8.793,0.2189,4.035,2.142,2.896
32.80,34.07,34.08,0,-1.32923,0,|r_qp|,cross-domain,0.0000,0.0000,3.558,0,-1.32923,0,-6.243,-2.772,-4.378,0,-8.793,1.946,3.464,0.3216,0.1204
33.20,34.47,34.48,0,-0.95216,0,|r_qp|,cross-domain,0.0000,0.0000,3.533,0,-0.95216,0,-6.243,-2.772,-4.378,0,-8.793,3.282,3.609,3.98,42.27
33.60,34.87,34.88,0,-1.83774,0,|r_qp|,cross-domain,0.0000,0.0000,3.592,0,-1.83774,0,-6.243,-2.772,-4.378,0,-8.793,2.952,4.202,-1.207,1.422
34.00,35.27,35.28,0,-1.75981,0,|r_qp|,cross-domain,0.0000,0.0000,3.567,0,-1.75981,0,-6.243,-2.772,-4.378,0,-8.793,1.441,2.087,-1.311,-0.4475
34.40,35.67,35.68,0,-1.17168,0,|r_qp|,cross-domain,0.0000,0.0000,4.192,0,-1.17168,0,-6.243,-2.772,-4.378,0,-8.793,0.1889,1.225,3.429,46.28
34.80,36.07,36.08,0,-1.70992,0,|r_qp|,cross-domain,0.0000,0.0000,3.661,0,-1.70992,0,-6.243,-2.772,-4.378,0,-8.793,0.03105,0.6397,-1.156,1.358
35.20,36.47,36.48,0,-1.60760,0,|r_qp|,cross-domain,0.0000,0.0000,3.721,0,-1.60760,0,-6.243,-2.772,-4.378,0,-8.793,0.2467,0.05187,-1.096,-0.6127
35.60,36.87,36.88,0,-1.26157,0,|r_qp|,cross-domain,0.0000,0.0000,3.781,0,-1.26157,0,-6.243,-2.772,-4.378,0,-8.793,0.7213,0.3377,3.082,49.37
36.00,37.27,37.28,0,-1.68768,0,|r_qp|,cross-domain,0.0000,0.0000,3.628,0,-1.68768,0,-6.243,-2.772,-4.378,0,-8.793,0.5573,0.7176,-1.166,0.8629
36.40,37.67,37.68,0,-1.62828,0,|r_qp|,cross-domain,0.0000,0.0000,3.661,0,-1.62828,0,-6.243,-2.772,-4.378,0,-8.793,0.5131,0.2347,-1.157,-0.5908
36.80,38.07,38.08,0,-1.15526,0,|r_qp|,cross-domain,0.0000,0.0000,3.493,0,-1.15526,0,-6.243,-2.772,-4.378,0,-8.793,0.3162,0.2028,3.359,47.93
37.20,38.47,38.48,0,-1.62180,0,|r_qp|,cross-domain,0.0000,0.0000,3.599,0,-1.62180,0,-6.243,-2.772,-4.378,0,-8.793,0.08863,0.5552,-0.93,0.8318
37.60,38.87,38.88,0,-1.65424,0,|r_qp|,cross-domain,0.0000,0.0000,3.615,0,-1.65424,0,-6.243,-2.772,-4.378,0,-8.793,0.2012,0.1191,-1.239,-0.8265
38.00,39.27,39.28,0,-1.49132,0,|r_qp|,cross-domain,0.0000,0.0000,3.493,0,-1.49132,0,-6.243,-2.772,-4.378,0,-8.793,0.08381,-0.03324,2.284,48.29
38.40,39.67,39.68,0,-1.09007,0,|r_qp|,cross-domain,0.0000,0.0000,3.510,0,-1.09007,0,-6.243,-2.772,-4.378,0,-8.793,0.2292,0.514,0.886,3.051
38.80,40.07,40.08,0,-1.50957,0,|r_qp|,cross-domain,0.0000,0.0000,3.660,0,-1.50957,0,-6.243,-2.772,-4.378,0,-8.793,0.1124,0.2904,-0.6745,0.05484
39.20,40.47,40.48,0,-0.91707,0,|r_qp|,cross-domain,0.0000,0.0000,3.598,0,-0.91707,0,-6.243,-2.772,-4.378,0,-8.793,1.009,0.1445,3.569,40.53
39.60,40.87,40.88,0,-1.30347,0,|r_qp|,cross-domain,0.0000,0.0000,3.660,0,-1.30347,0,-6.243,-2.772,-4.378,0,-8.793,1.768,1.485,0.1213,1.705
40.00,41.27,41.28,0,-1.38964,0,|r_qp|,cross-domain,0.0000,0.0000,3.511,0,-1.38964,0,-6.243,-2.772,-4.378,0,-8.793,2.532,1.183,-0.4265,-0.1378
40.40,41.67,41.68,0,-1.00053,0,|r_qp|,cross-domain,0.0000,0.0000,3.459,0,-1.00053,0,-6.243,-2.772,-4.378,0,-8.793,3.002,1.41,3.407,42.17
40.80,42.07,42.08,0,-1.65585,0,|r_qp|,cross-domain,0.0000,0.0000,4.115,0,-1.65585,0,-6.243,-2.772,-4.378,0,-8.793,2.451,2.289,-0.9793,0.936
41.20,42.47,42.48,0,-1.64272,0,|r_qp|,cross-domain,0.0000,0.0000,3.644,0,-1.64272,0,-6.243,-2.772,-4.378,0,-8.793,1.807,0.9479,-1.205,-0.3058
41.60,42.87,42.88,0,-1.19070,0,|r_qp|,cross-domain,0.0000,0.0000,3.857,0,-1.19070,0,-6.243,-2.772,-4.378,0,-8.793,0.6502,0.9092,3.259,46.5
42.00,43.27,43.28,0,-1.60116,0,|r_qp|,cross-domain,0.0000,0.0000,3.583,0,-1.60116,0,-6.243,-2.772,-4.378,0,-8.793,0.1033,1.12,-0.6785,2.01
42.40,43.67,43.68,0,-1.48690,0,|r_qp|,cross-domain,0.0000,0.0000,3.650,0,-1.48690,0,-6.243,-2.772,-4.378,0,-8.793,0.04944,0.6997,-0.5033,0.1727
42.80,44.07,44.08,0,-1.09980,0,|r_qp|,cross-domain,0.0000,0.0000,3.663,0,-1.09980,0,-6.243,-2.772,-4.378,0,-8.793,0.8563,0.4729,3.099,41.02
43.20,44.47,44.48,0,-1.13153,0,|r_qp|,cross-domain,0.0000,0.0000,3.529,0,-1.13153,0,-6.243,-2.772,-4.378,0,-8.793,1.984,1.011,0.5084,1.043
43.60,44.87,44.88,0,-1.18167,0,|r_qp|,cross-domain,0.0000,0.0000,3.672,0,-1.18167,0,-6.243,-2.772,-4.378,0,-8.793,3.608,0.2669,-0.1228,-0.8038
44.00,45.27,45.28,0,-0.54462,0,|r_qp|,cross-domain,0.0000,0.0000,3.545,0,-0.54462,0,-6.243,-2.772,-4.378,0,-8.793,4.655,0.2699,4.592,44.84
44.40,45.67,45.68,0,-1.30804,0,|r_qp|,cross-domain,0.0000,0.0000,3.561,0,-1.30804,0,-6.243,-2.772,-4.378,0,-8.793,3.986,0.649,-0.3642,1.381
44.80,46.07,46.08,0,-1.47160,0,|r_qp|,cross-domain,0.0000,0.0000,3.605,0,-1.47160,0,-6.243,-2.772,-4.378,0,-8.793,1.476,0.7312,-0.6209,0.2959
45.20,46.47,46.48,0,-1.44067,0,|r_qp|,cross-domain,0.0000,0.0000,3.521,0,-1.44067,0,-6.243,-2.772,-4.378,0,-8.793,-0.6396,1.154,2.473,43.3
45.60,46.87,46.88,0,-1.78204,0,|r_qp|,cross-domain,0.0000,0.0000,3.636,0,-1.78204,0,-6.243,-2.772,-4.378,0,-8.793,-1.046,2.413,-0.9713,0.03722
46.00,47.27,47.28,0,-1.64926,0,|r_qp|,cross-domain,0.0000,0.0000,3.647,0,-1.64926,0,-6.243,-2.772,-4.378,0,-8.793,0.1633,0.9715,-1.046,-0.8556
46.40,47.67,47.68,0,-1.34347,0,|r_qp|,cross-domain,0.0000,0.0000,3.530,0,-1.34347,0,-6.243,-2.772,-4.378,0,-8.793,1.155,0.4411,2.739,48.61
46.80,48.07,48.08,0,-1.33733,0,|r_qp|,cross-domain,0.0000,0.0000,3.666,0,-1.33733,0,-6.243,-2.772,-4.378,0,-8.793,1.387,0.09074,-0.2207,1.737
47.20,48.47,48.48,0,-1.47236,0,|r_qp|,cross-domain,0.0000,0.0000,3.524,0,-1.47236,0,-6.243,-2.772,-4.378,0,-8.793,1.715,-0.231,-0.8978,-0.4921
47.60,48.87,48.88,0,-0.87123,0,|r_qp|,cross-domain,0.0000,0.0000,3.547,0,-0.87123,0,-6.243,-2.772,-4.378,0,-8.793,2.088,-0.125,3.815,45.27
48.00,49.27,49.28,0,-1.36678,0,|r_qp|,cross-domain,0.0000,0.0000,3.599,0,-1.36678,0,-6.243,-2.772,-4.378,0,-8.793,2.065,0.9438,-0.217,1.908
48.40,49.67,49.68,0,-1.65781,0,|r_qp|,cross-domain,0.0000,0.0000,3.519,0,-1.65781,0,-6.243,-2.772,-4.378,0,-8.793,0.907,0.3784,-1.249,-0.2139
48.80,50.07,50.08,0,-1.40305,0,|r_qp|,cross-domain,0.0000,0.0000,3.612,0,-1.40305,0,-6.243,-2.772,-4.378,0,-8.793,-0.1836,0.5526,2.414,43.29
49.20,50.47,50.48,0,-1.67549,0,|r_qp|,cross-domain,0.0000,0.0000,3.536,0,-1.67549,0,-6.243,-2.772,-4.378,0,-8.793,-0.3786,0.6569,-0.9825,1.481
49.60,50.87,50.88,0,-1.60825,0,|r_qp|,cross-domain,0.0000,0.0000,3.527,0,-1.60825,0,-6.243,-2.772,-4.378,0,-8.793,0.4288,0.04108,-1.126,-0.6634
50.00,51.27,51.28,0,-1.38245,0,|r_qp|,cross-domain,0.0000,0.0000,3.721,0,-1.38245,0,-6.243,-2.772,-4.378,0,-8.793,1.362,-0.09816,2.49,48.8
50.40,51.67,51.68,0,-1.50036,0,|r_qp|,cross-domain,0.0000,0.0000,3.494,0,-1.50036,0,-6.243,-2.772,-4.378,0,-8.793,1.59,0.3662,-0.7516,1.115
50.80,52.07,52.08,0,-1.49296,0,|r_qp|,cross-domain,0.0000,0.0000,3.598,0,-1.49296,0,-6.243,-2.772,-4.378,0,-8.793,1.746,0.06729,-0.9274,-0.8224
51.20,52.47,52.48,0,-1.58855,0,|r_qp|,cross-domain,0.0000,0.0000,3.541,0,-1.58855,0,-6.243,-2.772,-4.378,0,-8.793,1.962,0.1889,1.885,50
51.60,52.87,52.88,0,-1.58009,0,|r_qp|,cross-domain,0.0000,0.0000,4.213,0,-1.58009,0,-6.243,-2.772,-4.378,0,-8.793,1.902,0.6079,-1.039,0.4485
52.00,53.27,53.28,0,-1.52053,0,|r_qp|,cross-domain,0.0000,0.0000,3.820,0,-1.52053,0,-6.243,-2.772,-4.378,0,-8.793,1.346,0.1644,-0.9053,-0.168
52.40,53.67,53.68,0,-1.41953,0,|r_qp|,cross-domain,0.0000,0.0000,3.524,0,-1.41953,0,-6.243,-2.772,-4.378,0,-8.793,0.8816,0.1119,2.492,49.09
52.80,54.07,54.08,0,-1.70409,0,|r_qp|,cross-domain,0.0000,0.0000,3.641,0,-1.70409,0,-6.243,-2.772,-4.378,0,-8.793,0.5082,0.5427,-1.248,0.86
53.20,54.47,54.48,0,-1.71817,0,|r_qp|,cross-domain,0.0000,0.0000,3.555,0,-1.71817,0,-6.243,-2.772,-4.378,0,-8.793,0.01701,0.03593,-1.409,-0.3647
53.60,54.87,54.88,0,-1.32569,0,|r_qp|,cross-domain,0.0000,0.0000,3.574,0,-1.32569,0,-6.243,-2.772,-4.378,0,-8.793,-0.6572,0.1041,2.948,48.46
54.00,55.27,55.28,0,-1.55706,0,|r_qp|,cross-domain,0.0000,0.0000,3.702,0,-1.55706,0,-6.243,-2.772,-4.378,0,-8.793,-0.6389,0.5498,-0.6328,0.8071
54.40,55.67,55.68,0,-1.42619,0,|r_qp|,cross-domain,0.0000,0.0000,4.174,0,-1.42619,0,-6.243,-2.772,-4.378,0,-8.793,0.63,-0.148,-0.6244,-0.9656
54.80,56.07,56.08,0,-1.60901,0,|r_qp|,cross-domain,0.0000,0.0000,3.516,0,-1.60901,0,-6.243,-2.772,-4.378,0,-8.793,1.739,-0.5308,1.663,49.39
55.20,56.47,56.48,0,-1.54725,0,|r_qp|,cross-domain,0.0000,0.0000,3.756,0,-1.54725,0,-6.243,-2.772,-4.378,0,-8.793,1.849,0.05072,-1.002,1.061
55.60,56.87,56.88,0,-1.54814,0,|r_qp|,cross-domain,0.0000,0.0000,3.584,0,-1.54814,0,-6.243,-2.772,-4.378,0,-8.793,1.035,-0.2708,-1.038,-0.0948
56.00,57.27,57.28,0,-1.13501,0,|r_qp|,cross-domain,0.0000,0.0000,3.616,0,-1.13501,0,-6.243,-2.772,-4.378,0,-8.793,0.1328,-0.1514,3.336,47.29
56.40,57.67,57.68,0,-1.68847,0,|r_qp|,cross-domain,0.0000,0.0000,3.438,0,-1.68847,0,-6.243,-2.772,-4.378,0,-8.793,0.1287,0.4377,-1.186,0.614
56.80,58.07,58.08,0,-1.64854,0,|r_qp|,cross-domain,0.0000,0.0000,3.512,0,-1.64854,0,-6.243,-2.772,-4.378,0,-8.793,0.2114,-0.03827,-1.248,-0.7341
57.20,58.47,58.48,0,-1.34962,0,|r_qp|,cross-domain,0.0000,0.0000,3.675,0,-1.34962,0,-6.243,-2.772,-4.378,0,-8.793,0.7689,0.03658,2.607,47.32
57.60,58.87,58.88,0,-1.37179,0,|r_qp|,cross-domain,0.0000,0.0000,3.567,0,-1.37179,0,-6.243,-2.772,-4.378,0,-8.793,1.213,0.2236,-0.3319,0.9269
58.00,59.27,59.28,0,-1.32665,0,|r_qp|,cross-domain,0.0000,0.0000,3.620,0,-1.32665,0,-6.243,-2.772,-4.378,0,-8.793,2.336,-0.1912,-0.5162,-0.7403
58.40,59.67,59.68,0,-0.89392,0,|r_qp|,cross-domain,0.0000,0.0000,3.517,0,-0.89392,0,-6.243,-2.772,-4.378,0,-8.793,3.157,-0.07059,3.688,46.4
58.80,60.07,60.08,0,-1.59376,0,|r_qp|,cross-domain,0.0000,0.0000,3.566,0,-1.59376,0,-6.243,-2.772,-4.378,0,-8.793,3.015,0.4288,-1.231,0.9209
59.20,60.47,60.48,0,-1.61541,0,|r_qp|,cross-domain,0.0000,0.0000,3.684,0,-1.61541,0,-6.243,-2.772,-4.378,0,-8.793,1.278,-0.1959,-1.289,-0.4109
59.60,60.87,60.88,0,-1.35870,0,|r_qp|,cross-domain,0.0000,0.0000,3.579,0,-1.35870,0,-6.243,-2.772,-4.378,0,-8.793,-0.3724,-0.4714,2.759,49.6
60.00,61.27,61.28,0,-1.74040,0,|r_qp|,cross-domain,0.0000,0.0000,3.609,0,-1.74040,0,-6.243,-2.772,-4.378,0,-8.793,-1.043,0.1796,-1.234,0.9948
60.40,61.67,61.68,0,-1.72429,0,|r_qp|,cross-domain,0.0000,0.0000,3.444,0,-1.72429,0,-6.243,-2.772,-4.378,0,-8.793,-1.078,-0.1889,-1.36,-0.7596
60.80,62.07,62.08,0,-1.39123,0,|r_qp|,cross-domain,0.0000,0.0000,3.478,0,-1.39123,0,-6.243,-2.772,-4.378,0,-8.793,-1.106,0.05075,2.769,48.22
61.20,62.47,62.48,0,-1.56849,0,|r_qp|,cross-domain,0.0000,0.0000,3.608,0,-1.56849,0,-6.243,-2.772,-4.378,0,-8.793,-0.8414,0.337,-0.7039,0.5327
61.60,62.87,62.88,0,-1.38999,0,|r_qp|,cross-domain,0.0000,0.0000,3.528,0,-1.38999,0,-6.243,-2.772,-4.378,0,-8.793,0.5574,-0.3326,-0.532,-0.8887
62.00,63.27,63.28,0,-1.49031,0,|r_qp|,cross-domain,0.0000,0.0000,3.903,0,-1.49031,0,-6.243,-2.772,-4.378,0,-8.793,2.267,-0.5568,1.842,47.28
62.40,63.67,63.68,0,-1.57688,0,|r_qp|,cross-domain,0.0000,0.0000,3.602,0,-1.57688,0,-6.243,-2.772,-4.378,0,-8.793,2.539,0.08207,-1.261,-0.2876
62.80,64.07,64.08,0,-1.53648,0,|r_qp|,cross-domain,0.0000,0.0000,3.592,0,-1.53648,0,-6.243,-2.772,-4.378,0,-8.793,1.46,-0.3849,-1.122,-0.812
63.20,64.47,64.48,0,-1.60870,0,|r_qp|,cross-domain,0.0000,0.0000,3.658,0,-1.60870,0,-6.243,-2.772,-4.378,0,-8.793,0.2785,-0.4455,1.904,50
63.60,64.87,64.88,0,-1.55094,0,|r_qp|,cross-domain,0.0000,0.0000,3.539,0,-1.55094,0,-6.243,-2.772,-4.378,0,-8.793,-0.06372,0.0645,-0.762,1.178
64.00,65.27,65.28,0,-1.60911,0,|r_qp|,cross-domain,0.0000,0.0000,3.428,0,-1.60911,0,-6.243,-2.772,-4.378,0,-8.793,-0.368,-0.5255,-1.124,-0.3599
64.40,65.67,65.68,0,-1.36513,0,|r_qp|,cross-domain,0.0000,0.0000,3.665,0,-1.36513,0,-6.243,-2.772,-4.378,0,-8.793,-0.6869,-0.3686,2.73,48.47
64.80,66.07,66.08,0,-1.41975,0,|r_qp|,cross-domain,0.0000,0.0000,3.557,0,-1.41975,0,-6.243,-2.772,-4.378,0,-8.793,-0.7123,0.2601,-0.2572,0.5579
65.20,66.47,66.48,0,-1.33732,0,|r_qp|,cross-domain,0.0000,0.0000,3.571,0,-1.33732,0,-6.243,-2.772,-4.378,0,-8.793,1.138,-0.2052,-0.4106,-0.8874
65.60,66.87,66.88,0,-1.09632,0,|r_qp|,cross-domain,0.0000,0.0000,3.514,0,-1.09632,0,-6.243,-2.772,-4.378,0,-8.793,2.761,-0.29,2.973,45.24
66.00,67.27,67.28,0,-1.55837,0,|r_qp|,cross-domain,0.0000,0.0000,3.493,0,-1.55837,0,-6.243,-2.772,-4.378,0,-8.793,3.14,-0.04371,-1.21,1.235
66.40,67.67,67.68,0,-1.53393,0,|r_qp|,cross-domain,0.0000,0.0000,3.592,0,-1.53393,0,-6.243,-2.772,-4.378,0,-8.793,1.738,-0.2252,-1.102,-0.5697
66.80,68.07,68.08,0,-1.55355,0,|r_qp|,cross-domain,0.0000,0.0000,3.557,0,-1.55355,0,-6.243,-2.772,-4.378,0,-8.793,0.6489,-0.01288,2.105,49.71
67.20,68.47,68.48,0,-1.55110,0,|r_qp|,cross-domain,0.0000,0.0000,3.633,0,-1.55110,0,-6.243,-2.772,-4.378,0,-8.793,0.397,0.5056,-0.7577,0.7443
67.60,68.87,68.88,0,-1.54334,0,|r_qp|,cross-domain,0.0000,0.0000,3.531,0,-1.54334,0,-6.243,-2.772,-4.378,0,-8.793,0.7053,-0.1386,-0.9774,-0.4685
68.00,69.27,69.28,0,-1.04656,0,|r_qp|,cross-domain,0.0000,0.0000,3.501,0,-1.04656,0,-6.243,-2.772,-4.378,0,-8.793,1.137,-0.444,3.505,48.47
68.40,69.67,69.68,0,-1.55475,0,|r_qp|,cross-domain,0.0000,0.0000,3.650,0,-1.55475,0,-6.243,-2.772,-4.378,0,-8.793,1.09,0.05593,-0.9935,0.01381
68.80,70.07,70.08,0,-1.45953,0,|r_qp|,cross-domain,0.0000,0.0000,3.507,0,-1.45953,0,-6.243,-2.772,-4.378,0,-8.793,1.342,-0.5568,-0.8986,-0.8663
69.20,70.47,70.48,0,-1.76390,0,|r_qp|,cross-domain,0.0000,0.0000,3.594,0,-1.76390,0,-6.243,-2.772,-4.378,0,-8.793,1.064,-0.7179,1.251,50
69.60,70.87,70.88,0,-1.61035,0,|r_qp|,cross-domain,0.0000,0.0000,3.591,0,-1.61035,0,-6.243,-2.772,-4.378,0,-8.793,0.4717,-0.1233,-1.086,0.7308
70.00,71.27,71.28,0,-1.62775,0,|r_qp|,cross-domain,0.0000,0.0000,3.538,0,-1.62775,0,-6.243,-2.772,-4.378,0,-8.793,-0.7395,-0.5982,-1.186,-0.9075
70.40,71.67,71.68,0,-1.79314,0,|r_qp|,cross-domain,0.0000,0.0000,3.543,0,-1.79314,0,-6.243,-2.772,-4.378,0,-8.793,-1.26,-0.545,1.47,49.72
70.80,72.07,72.08,0,-1.70408,0,|r_qp|,cross-domain,0.0000,0.0000,3.605,0,-1.70408,0,-6.243,-2.772,-4.378,0,-8.793,-0.8978,-0.06223,-1.233,0.214
71.20,72.47,72.48,0,-1.62475,0,|r_qp|,cross-domain,0.0000,0.0000,3.634,0,-1.62475,0,-6.243,-2.772,-4.378,0,-8.793,-0.1999,-0.5807,-1.241,-0.9119
71.60,72.87,72.88,0,-1.82822,0,|r_qp|,cross-domain,0.0000,0.0000,3.517,0,-1.82822,0,-6.243,-2.772,-4.378,0,-8.793,0.2433,-0.4054,1.212,50
72.00,73.27,73.28,0,-1.63559,0,|r_qp|,cross-domain,0.0000,0.0000,3.451,0,-1.63559,0,-6.243,-2.772,-4.378,0,-8.793,0.2708,0.1861,-1.019,1.695
72.40,73.67,73.68,0,-1.49814,0,|r_qp|,cross-domain,0.0000,0.0000,3.549,0,-1.49814,0,-6.243,-2.772,-4.378,0,-8.793,0.545,-0.05796,-0.7978,-0.5031
72.80,74.07,74.08,0,-1.37090,0,|r_qp|,cross-domain,0.0000,0.0000,3.447,0,-1.37090,0,-6.243,-2.772,-4.378,0,-8.793,1.418,0.09697,2.538,48.46
73.20,74.47,74.48,0,-1.61310,0,|r_qp|,cross-domain,0.0000,0.0000,3.487,0,-1.61310,0,-6.243,-2.772,-4.378,0,-8.793,1.574,0.4791,-1.168,-0.1792
73.60,74.87,74.88,0,-1.54816,0,|r_qp|,cross-domain,0.0000,0.0000,3.615,0,-1.54816,0,-6.243,-2.772,-4.378,0,-8.793,0.9439,-0.2883,-1.075,-0.8193
74.00,75.27,75.28,0,-1.62817,0,|r_qp|,cross-domain,0.0000,0.0000,3.623,0,-1.62817,0,-6.243,-2.772,-4.378,0,-8.793,-0.3017,-0.6355,1.876,50
74.40,75.67,75.68,0,-1.70425,0,|r_qp|,cross-domain,0.0000,0.0000,3.669,0,-1.70425,0,-6.243,-2.772,-4.378,0,-8.793,-0.921,-0.07698,-1.19,0.9152
74.80,76.07,76.08,0,-1.69081,0,|r_qp|,cross-domain,0.0000,0.0000,3.587,0,-1.69081,0,-6.243,-2.772,-4.378,0,-8.793,-0.9881,-0.258,-1.253,-0.355
75.20,76.47,76.48,0,-1.58813,0,|r_qp|,cross-domain,0.0000,0.0000,3.530,0,-1.58813,0,-6.243,-2.772,-4.378,0,-8.793,-0.3614,-0.1433,2.113,50
75.60,76.87,76.88,0,-1.30389,0,|r_qp|,cross-domain,0.0000,0.0000,3.686,0,-1.30389,0,-6.243,-2.772,-4.378,0,-8.793,0.2732,0.2132,-0.01884,0.5745
76.00,77.27,77.28,0,-1.30121,0,|r_qp|,cross-domain,0.0000,0.0000,3.460,0,-1.30121,0,-6.243,-2.772,-4.378,0,-8.793,2.008,-0.3932,-0.4459,-0.9339
76.40,77.67,77.68,0,-0.78906,0,|r_qp|,cross-domain,0.0000,0.0000,3.597,0,-0.78906,0,-6.243,-2.772,-4.378,0,-8.793,3.313,-0.612,3.709,43.38
76.80,78.07,78.08,0,-1.52234,0,|r_qp|,cross-domain,0.0000,0.0000,3.503,0,-1.52234,0,-6.243,-2.772,-4.378,0,-8.793,3.31,-0.1248,-1.227,-0.3086
77.20,78.47,78.48,0,-1.49722,0,|r_qp|,cross-domain,0.0000,0.0000,4.008,0,-1.49722,0,-6.243,-2.772,-4.378,0,-8.793,2.068,-0.6517,-1.132,-0.8819
77.60,78.87,78.88,0,-1.27996,0,|r_qp|,cross-domain,0.0000,0.0000,3.738,0,-1.27996,0,-6.243,-2.772,-4.378,0,-8.793,0.6287,-0.5391,2.712,47.02
78.00,79.27,79.28,0,-1.52078,0,|r_qp|,cross-domain,0.0000,0.0000,3.541,0,-1.52078,0,-6.243,-2.772,-4.378,0,-8.793,0.1081,0.1363,-0.697,0.7766
78.40,79.67,79.68,0,-1.55961,0,|r_qp|,cross-domain,0.0000,0.0000,3.599,0,-1.55961,0,-6.243,-2.772,-4.378,0,-8.793,0.4856,-0.3404,-1.072,-0.9366
78.80,80.07,80.08,0,-1.22943,0,|r_qp|,cross-domain,0.0000,0.0000,3.597,0,-1.22943,0,-6.243,-2.772,-4.378,0,-8.793,1.396,-0.3608,2.86,47.78
79.20,80.47,80.48,0,-1.10425,0,|r_qp|,cross-domain,0.0000,0.0000,3.473,0,-1.10425,0,-6.243,-2.772,-4.378,0,-8.793,2.433,0.0658,0.3636,1.315
79.60,80.87,80.88,0,-1.25106,0,|r_qp|,cross-domain,0.0000,0.0000,3.624,0,-1.25106,0,-6.243,-2.772,-4.378,0,-8.793,3.465,-0.2815,-0.4455,-0.9109
80.00,81.27,81.28,0,-0.97159,0,|r_qp|,cross-domain,0.0000,0.0000,3.506,0,-0.97159,0,-6.243,-2.772,-4.378,0,-8.793,4.18,-0.2344,3.32,47.12
80.40,81.67,81.68,0,-1.50997,0,|r_qp|,cross-domain,0.0000,0.0000,3.541,0,-1.50997,0,-6.243,-2.772,-4.378,0,-8.793,3.756,0.0951,-1.192,-0.1905
80.80,82.07,82.08,0,-1.51291,0,|r_qp|,cross-domain,0.0000,0.0000,3.555,0,-1.51291,0,-6.243,-2.772,-4.378,0,-8.793,2.231,-0.6141,-1.195,-0.8749
81.20,82.47,82.48,0,-1.83719,0,|r_qp|,cross-domain,0.0000,0.0000,3.575,0,-1.83719,0,-6.243,-2.772,-4.378,0,-8.793,0.5635,-0.598,1.104,50
81.60,82.87,82.88,0,-1.60762,0,|r_qp|,cross-domain,0.0000,0.0000,3.652,0,-1.60762,0,-6.243,-2.772,-4.378,0,-8.793,-0.1525,0.05638,-0.9846,0.3566
82.00,83.27,83.28,0,-1.58417,0,|r_qp|,cross-domain,0.0000,0.0000,3.569,0,-1.58417,0,-6.243,-2.772,-4.378,0,-8.793,-0.1239,-0.1819,-1.036,-0.8544
82.40,83.67,83.68,0,-1.35408,0,|r_qp|,cross-domain,0.0000,0.0000,3.512,0,-1.35408,0,-6.243,-2.772,-4.378,0,-8.793,0.5212,0.0416,2.619,47.23
82.80,84.07,84.08,0,-1.51080,0,|r_qp|,cross-domain,0.0000,0.0000,3.617,0,-1.51080,0,-6.243,-2.772,-4.378,0,-8.793,1.414,0.3652,-0.7392,1.503
83.20,84.47,84.48,0,-1.44860,0,|r_qp|,cross-domain,0.0000,0.0000,3.590,0,-1.44860,0,-6.243,-2.772,-4.378,0,-8.793,2.211,-0.1369,-0.8889,-0.8765
83.60,84.87,84.88,0,-0.72559,0,|r_qp|,cross-domain,0.0000,0.0000,3.652,0,-0.72559,0,-6.243,-2.772,-4.378,0,-8.793,2.986,-0.3208,4.022,43.53
84.00,85.27,85.28,0,-1.41044,0,|r_qp|,cross-domain,0.0000,0.0000,3.547,0,-1.41044,0,-6.243,-2.772,-4.378,0,-8.793,2.7,0.09962,-0.7389,-0.2043
84.40,85.67,85.68,0,-1.40313,0,|r_qp|,cross-domain,0.0000,0.0000,3.517,0,-1.40313,0,-6.243,-2.772,-4.378,0,-8.793,2.615,-0.439,-0.8606,-0.9577
84.80,86.07,86.08,0,-1.87245,0,|r_qp|,cross-domain,0.0000,0.0000,3.608,0,-1.87245,0,-6.243,-2.772,-4.378,0,-8.793,1.934,-0.2233,0.8537,49.35
85.20,86.47,86.48,0,-1.60834,0,|r_qp|,cross-domain,0.0000,0.0000,3.561,0,-1.60834,0,-6.243,-2.772,-4.378,0,-8.793,1.224,0.389,-1.052,1.034
85.60,86.87,86.88,0,-1.66591,0,|r_qp|,cross-domain,0.0000,0.0000,3.637,0,-1.66591,0,-6.243,-2.772,-4.378,0,-8.793,0.2772,0.06418,-1.288,-0.6836
86.00,87.27,87.28,0,-1.59036,0,|r_qp|,cross-domain,0.0000,0.0000,3.507,0,-1.59036,0,-6.243,-2.772,-4.378,0,-8.793,0.03155,-0.09803,2.065,50
86.40,87.67,87.68,0,-1.28107,0,|r_qp|,cross-domain,0.0000,0.0000,3.514,0,-1.28107,0,-6.243,-2.772,-4.378,0,-8.793,0.6322,0.173,0.01988,0.8865
86.80,88.07,88.08,0,-1.19025,0,|r_qp|,cross-domain,0.0000,0.0000,3.608,0,-1.19025,0,-6.243,-2.772,-4.378,0,-8.793,2.313,-0.6065,-0.1702,-0.9052
87.20,88.47,88.48,0,-1.34887,0,|r_qp|,cross-domain,0.0000,0.0000,3.566,0,-1.34887,0,-6.243,-2.772,-4.378,0,-8.793,4.064,-0.5681,2.233,50
87.60,88.87,88.88,0,-1.42600,0,|r_qp|,cross-domain,0.0000,0.0000,3.629,0,-1.42600,0,-6.243,-2.772,-4.378,0,-8.793,4.07,0.08922,-0.9806,-0.4678
88.00,89.27,89.28,0,-1.52610,0,|r_qp|,cross-domain,0.0000,0.0000,3.501,0,-1.52610,0,-6.243,-2.772,-4.378,0,-8.793,2.713,-0.3264,-1.232,-0.753
88.40,89.67,89.68,0,-1.60292,0,|r_qp|,cross-domain,0.0000,0.0000,3.508,0,-1.60292,0,-6.243,-2.772,-4.378,0,-8.793,1.036,-0.3631,1.553,45.27
88.80,90.07,90.08,0,-1.60637,0,|r_qp|,cross-domain,0.0000,0.0000,3.674,0,-1.60637,0,-6.243,-2.772,-4.378,0,-8.793,0.4267,0.25,-1.066,-0.488
89.20,90.47,90.48,0,-1.62939,0,|r_qp|,cross-domain,0.0000,0.0000,3.555,0,-1.62939,0,-6.243,-2.772,-4.378,0,-8.793,0.3314,-0.2553,-1.252,-0.8329
89.60,90.87,90.88,0,-1.82133,0,|r_qp|,cross-domain,0.0000,0.0000,3.556,0,-1.82133,0,-6.243,-2.772,-4.378,0,-8.793,0.3724,-0.002514,1.169,47.86
90.00,91.27,91.28,0,-1.55432,0,|r_qp|,cross-domain,0.0000,0.0000,3.602,0,-1.55432,0,-6.243,-2.772,-4.378,0,-8.793,0.3475,0.4502,-0.7941,0.4016
90.40,91.67,91.68,0,-1.52601,0,|r_qp|,cross-domain,0.0000,0.0000,3.526,0,-1.52601,0,-6.243,-2.772,-4.378,0,-8.793,0.848,-0.05792,-0.9518,-0.9298
90.80,92.07,92.08,0,-1.74418,0,|r_qp|,cross-domain,0.0000,0.0000,3.664,0,-1.74418,0,-6.243,-2.772,-4.378,0,-8.793,1.333,-0.1766,1.36,49.5
91.20,92.47,92.48,0,-1.65539,0,|r_qp|,cross-domain,0.0000,0.0000,3.503,0,-1.65539,0,-6.243,-2.772,-4.378,0,-8.793,1.26,0.3507,-1.294,-0.2423
91.60,92.87,92.88,0,-1.64526,0,|r_qp|,cross-domain,0.0000,0.0000,3.542,0,-1.64526,0,-6.243,-2.772,-4.378,0,-8.793,0.1509,-0.0898,-1.245,-0.814
92.00,93.27,93.28,0,-2.05887,0,|r_qp|,cross-domain,0.0000,0.0000,3.580,0,-2.05887,0,-6.243,-2.772,-4.378,0,-8.793,-0.8226,0.2365,0.655,48.65
92.40,93.67,93.68,0,-1.74989,0,|r_qp|,cross-domain,0.0000,0.0000,3.552,0,-1.74989,0,-6.243,-2.772,-4.378,0,-8.793,-1.144,0.4946,-1.193,0.8923
92.80,94.07,94.08,0,-1.68516,0,|r_qp|,cross-domain,0.0000,0.0000,4.161,0,-1.68516,0,-6.243,-2.772,-4.378,0,-8.793,-0.8171,-0.1311,-1.267,-0.9475
93.20,94.47,94.48,0,-1.50299,0,|r_qp|,cross-domain,0.0000,0.0000,3.511,0,-1.50299,0,-6.243,-2.772,-4.378,0,-8.793,0.2771,-0.4255,2.138,48.21
93.60,94.87,94.88,0,-1.25156,0,|r_qp|,cross-domain,0.0000,0.0000,4.229,0,-1.25156,0,-6.243,-2.772,-4.378,0,-8.793,1.171,0.04005,-0.01076,0.3975
94.00,95.27,95.28,0,-1.15583,0,|r_qp|,cross-domain,0.0000,0.0000,3.599,0,-1.15583,0,-6.243,-2.772,-4.378,0,-8.793,2.966,-0.442,-0.1065,-0.8653
94.40,95.67,95.68,0,-1.42198,0,|r_qp|,cross-domain,0.0000,0.0000,3.454,0,-1.42198,0,-6.243,-2.772,-4.378,0,-8.793,3.9,-0.1589,1.745,44.17
94.80,96.07,96.08,0,-1.43556,0,|r_qp|,cross-domain,0.0000,0.0000,3.625,0,-1.43556,0,-6.243,-2.772,-4.378,0,-8.793,3.317,0.3351,-0.8554,-0.2969
95.20,96.47,96.48,0,-1.65147,0,|r_qp|,cross-domain,0.0000,0.0000,3.574,0,-1.65147,0,-6.243,-2.772,-4.378,0,-8.793,1.35,0.0717,-1.374,-0.6418
95.60,96.87,96.88,0,-1.84374,0,|r_qp|,cross-domain,0.0000,0.0000,3.596,0,-1.84374,0,-6.243,-2.772,-4.378,0,-8.793,-0.4182,0.1205,1.244,48.22
96.00,97.27,97.28,0,-1.49555,0,|r_qp|,cross-domain,0.0000,0.0000,3.628,0,-1.49555,0,-6.243,-2.772,-4.378,0,-8.793,-0.6126,0.49,-0.497,0.05728
96.40,97.67,97.68,0,-1.52465,0,|r_qp|,cross-domain,0.0000,0.0000,3.533,0,-1.52465,0,-6.243,-2.772,-4.378,0,-8.793,0.3248,0.08432,-0.8274,-0.5259
96.80,98.07,98.08,0,-1.58455,0,|r_qp|,cross-domain,0.0000,0.0000,3.583,0,-1.58455,0,-6.243,-2.772,-4.378,0,-8.793,1.495,-0.01184,1.916,50
97.20,98.47,98.48,0,-1.62119,0,|r_qp|,cross-domain,0.0000,0.0000,3.581,0,-1.62119,0,-6.243,-2.772,-4.378,0,-8.793,1.722,0.6447,-1.137,0.4954
97.60,98.87,98.88,0,-1.56527,0,|r_qp|,cross-domain,0.0000,0.0000,3.676,0,-1.56527,0,-6.243,-2.772,-4.378,0,-8.793,1.232,-0.1634,-1.14,-0.7951
98.00,99.27,99.28,0,-1.47832,0,|r_qp|,cross-domain,0.0000,0.0000,3.654,0,-1.47832,0,-6.243,-2.772,-4.378,0,-8.793,1.043,-0.333,2.228,49.66
98.40,99.67,99.68,0,-1.51508,0,|r_qp|,cross-domain,0.0000,0.0000,3.605,0,-1.51508,0,-6.243,-2.772,-4.378,0,-8.793,0.7454,0.1155,-0.8431,-0.518
98.80,100.07,100.08,0,-1.54026,0,|r_qp|,cross-domain,0.0000,0.0000,3.560,0,-1.54026,0,-6.243,-2.772,-4.378,0,-8.793,0.5576,-0.2584,-0.9953,-0.8287
99.20,100.47,100.48,0,-1.97627,0,|r_qp|,cross-domain,0.0000,0.0000,3.651,0,-1.97627,0,-6.243,-2.772,-4.378,0,-8.793,-0.05405,0.06809,0.8692,49.96
99.60,100.87,100.88,0,-1.71236,0,|r_qp|,cross-domain,0.0000,0.0000,3.518,0,-1.71236,0,-6.243,-2.772,-4.378,0,-8.793,-0.4627,0.4997,-1.204,0.1487
100.00,101.27,101.28,0,-1.60924,0,|r_qp|,cross-domain,0.0000,0.0000,4.102,0,-1.60924,0,-6.243,-2.772,-4.378,0,-8.793,-0.4271,0.1867,-1.001,-0.8168
100.40,101.67,101.68,0,-1.78007,0,|r_qp|,cross-domain,0.0000,0.0000,3.643,0,-1.78007,0,-6.243,-2.772,-4.378,0,-8.793,-0.09573,0.2149,1.382,47.48
100.80,102.07,102.08,0,-1.52412,0,|r_qp|,cross-domain,0.0000,0.0000,4.116,0,-1.52412,0,-6.243,-2.772,-4.378,0,-8.793,0.346,0.7146,-0.6679,-0.001042
101.20,102.47,102.48,0,-1.50240,0,|r_qp|,cross-domain,0.0000,0.0000,3.852,0,-1.50240,0,-6.243,-2.772,-4.378,0,-8.793,1.265,0.1257,-0.8521,-0.2898
101.60,102.87,102.88,0,-1.60920,0,|r_qp|,cross-domain,0.0000,0.0000,3.858,0,-1.60920,0,-6.243,-2.772,-4.378,0,-8.793,2.315,0.1589,1.678,48.55
102.00,103.27,103.28,0,-1.62277,0,|r_qp|,cross-domain,0.0000,0.0000,3.628,0,-1.62277,0,-6.243,-2.772,-4.378,0,-8.793,2.332,0.5487,-1.295,-0.4133
102.40,103.67,103.68,0,-1.59537,0,|r_qp|,cross-domain,0.0000,0.0000,3.542,0,-1.59537,0,-6.243,-2.772,-4.378,0,-8.793,1.042,-0.09726,-1.201,-0.8376
102.80,104.07,104.08,0,-1.78112,0,|r_qp|,cross-domain,0.0000,0.0000,3.618,0,-1.78112,0,-6.243,-2.772,-4.378,0,-8.793,-0.2969,-0.1941,1.475,50
103.20,104.47,104.48,0,-1.74297,0,|r_qp|,cross-domain,0.0000,0.0000,3.609,0,-1.74297,0,-6.243,-2.772,-4.378,0,-8.793,-0.6744,0.3171,-1.314,0.1168
103.60,104.87,104.88,0,-1.69982,0,|r_qp|,cross-domain,0.0000,0.0000,3.613,0,-1.69982,0,-6.243,-2.772,-4.378,0,-8.793,-0.7989,-0.2445,-1.336,-0.8884
104.00,105.27,105.28,0,-1.90383,0,|r_qp|,cross-domain,0.0000,0.0000,3.738,0,-1.90383,0,-6.243,-2.772,-4.378,0,-8.793,-0.8332,-0.2386,1.14,50
104.40,105.67,105.68,0,-1.74433,0,|r_qp|,cross-domain,0.0000,0.0000,3.685,0,-1.74433,0,-6.243,-2.772,-4.378,0,-8.793,-1.34,0.1387,-1.311,-0.5422
104.80,106.07,106.08,0,-1.69307,0,|r_qp|,cross-domain,0.0000,0.0000,3.524,0,-1.69307,0,-6.243,-2.772,-4.378,0,-8.793,-1.308,-0.2476,-1.231,-0.5701
105.20,106.47,106.48,0,-1.91294,0,|r_qp|,cross-domain,0.0000,0.0000,3.665,0,-1.91294,0,-6.243,-2.772,-4.378,0,-8.793,-1.051,-0.3031,1.125,50
105.60,106.87,106.88,0,-1.62571,0,|r_qp|,cross-domain,0.0000,0.0000,3.523,0,-1.62571,0,-6.243,-2.772,-4.378,0,-8.793,-0.8964,0.1223,-0.9857,-0.4689
106.00,107.27,107.28,0,-1.63852,0,|r_qp|,cross-domain,0.0000,0.0000,3.540,0,-1.63852,0,-6.243,-2.772,-4.378,0,-8.793,-0.2561,-0.2203,-1.194,-0.7339
106.40,107.67,107.68,0,-1.67379,0,|r_qp|,cross-domain,0.0000,0.0000,4.305,0,-1.67379,0,-6.243,-2.772,-4.378,0,-8.793,-0.1657,-0.02651,1.525,44.92
106.80,108.07,108.08,0,-1.46144,0,|r_qp|,cross-domain,0.0000,0.0000,3.616,0,-1.46144,0,-6.243,-2.772,-4.378,0,-8.793,0.08695,0.3885,-0.5037,-0.05462
107.20,108.47,108.48,0,-1.47506,0,|r_qp|,cross-domain,0.0000,0.0000,3.603,0,-1.47506,0,-6.243,-2.772,-4.378,0,-8.793,0.7244,-0.2913,-0.8148,-0.8424
107.60,108.87,108.88,0,-1.43757,0,|r_qp|,cross-domain,0.0000,0.0000,3.503,0,-1.43757,0,-6.243,-2.772,-4.378,0,-8.793,1.811,-0.1852,1.89,43.14
108.00,109.27,109.28,0,-1.30767,0,|r_qp|,cross-domain,0.0000,0.0000,3.542,0,-1.30767,0,-6.243,-2.772,-4.378,0,-8.793,2.487,0.5651,-0.2801,-0.08196
108.40,109.67,109.68,0,-1.06328,0,|r_qp|,cross-domain,0.0000,0.0000,3.634,0,-1.06328,0,-6.243,-2.772,-4.378,0,-8.793,2.742,0.6036,0.4561,-0.4634
108.80,110.07,110.08,0,-1.64360,0,|r_qp|,cross-domain,0.0000,0.0000,3.516,0,-1.64360,0,-6.243,-2.772,-4.378,0,-8.793,2.919,1.696,1.804,48.54
109.20,110.47,110.48,0,-1.69422,0,|r_qp|,cross-domain,0.0000,0.0000,3.604,0,-1.69422,0,-6.243,-2.772,-4.378,0,-8.793,2.491,2.536,-1.128,-0.2259
109.60,110.87,110.88,0,-1.66437,0,|r_qp|,cross-domain,0.0000,0.0000,3.562,0,-1.66437,0,-6.243,-2.772,-4.378,0,-8.793,0.9871,1.681,-1.031,-0.4592
110.00,111.27,111.28,0,-1.90358,0,|r_qp|,cross-domain,0.0000,0.0000,3.545,0,-1.90358,0,-6.243,-2.772,-4.378,0,-8.793,-0.3926,0.7391,1.284,50
110.40,111.67,111.68,0,-1.47624,0,|r_qp|,cross-domain,0.0000,0.0000,3.547,0,-1.47624,0,-6.243,-2.772,-4.378,0,-8.793,-0.4553,0.4269,-0.4906,-0.3144
110.80,112.07,112.08,0,-1.45087,0,|r_qp|,cross-domain,0.0000,0.0000,3.712,0,-1.45087,0,-6.243,-2.772,-4.378,0,-8.793,0.8879,-0.102,-0.7184,-0.8266
111.20,112.47,112.48,0,-1.73427,0,|r_qp|,cross-domain,0.0000,0.0000,3.698,0,-1.73427,0,-6.243,-2.772,-4.378,0,-8.793,1.933,-0.2292,1.336,50
111.60,112.87,112.88,0,-1.06573,0,|r_qp|,cross-domain,0.0000,0.0000,4.039,0,-1.06573,0,-6.243,-2.772,-4.378,0,-8.793,2.35,0.5317,0.5319,0.3285
112.00,113.27,113.28,0,-1.23341,0,|r_qp|,cross-domain,0.0000,0.0000,3.603,0,-1.23341,0,-6.243,-2.772,-4.378,0,-8.793,2.85,0.03119,-0.2451,-0.8755
112.40,113.67,113.68,0,-1.63915,0,|r_qp|,cross-domain,0.0000,0.0000,3.706,0,-1.63915,0,-6.243,-2.772,-4.378,0,-8.793,3.166,0.1211,1.444,48.18
112.80,114.07,114.08,0,-1.38527,0,|r_qp|,cross-domain,0.0000,0.0000,3.603,0,-1.38527,0,-6.243,-2.772,-4.378,0,-8.793,3.037,0.3682,-0.6687,-0.5709
113.20,114.47,114.48,0,-1.51869,0,|r_qp|,cross-domain,0.0000,0.0000,3.726,0,-1.51869,0,-6.243,-2.772,-4.378,0,-8.793,1.497,-0.1078,-1.015,-0.8362
113.60,114.87,114.88,0,-2.02778,0,|r_qp|,cross-domain,0.0000,0.0000,3.717,0,-2.02778,0,-6.243,-2.772,-4.378,0,-8.793,0.1369,0.1444,0.6976,50
114.00,115.27,115.28,0,-1.61944,0,|r_qp|,cross-domain,0.0000,0.0000,3.562,0,-1.61944,0,-6.243,-2.772,-4.378,0,-8.793,-0.3471,0.829,-0.8749,-0.2003
114.40,115.67,115.68,0,-1.45380,0,|r_qp|,cross-domain,0.0000,0.0000,3.710,0,-1.45380,0,-6.243,-2.772,-4.378,0,-8.793,0.1805,0.8397,-0.4498,-0.8786
114.80,116.07,116.08,0,-2.02517,0,|r_qp|,cross-domain,0.0000,0.0000,3.519,0,-2.02517,0,-6.243,-2.772,-4.378,0,-8.793,0.3833,1.765,1.005,50
115.20,116.47,116.48,0,-1.70322,0,|r_qp|,cross-domain,0.0000,0.0000,3.571,0,-1.70322,0,-6.243,-2.772,-4.378,0,-8.793,0.6278,2.499,-0.8725,0.6913
115.60,116.87,116.88,0,-1.53774,0,|r_qp|,cross-domain,0.0000,0.0000,3.671,0,-1.53774,0,-6.243,-2.772,-4.378,0,-8.793,0.671,1.579,-0.6232,-0.7558
116.00,117.27,117.28,0,-1.50205,0,|r_qp|,cross-domain,0.0000,0.0000,3.570,0,-1.50205,0,-6.243,-2.772,-4.378,0,-8.793,1.528,0.681,2.033,45.38
116.40,117.67,117.68,0,-1.58713,0,|r_qp|,cross-domain,0.0000,0.0000,3.708,0,-1.58713,0,-6.243,-2.772,-4.378,0,-8.793,1.98,0.5169,-1.134,-0.2805
116.80,118.07,118.08,0,-1.30108,0,|r_qp|,cross-domain,0.0000,0.0000,3.439,0,-1.30108,0,-6.243,-2.772,-4.378,0,-8.793,1.726,0.4318,-0.2044,-0.3225
117.20,118.47,118.48,0,-1.92244,0,|r_qp|,cross-domain,0.0000,0.0000,3.522,0,-1.92244,0,-6.243,-2.772,-4.378,0,-8.793,0.5947,1.264,1.205,50
117.60,118.87,118.88,0,-1.66210,0,|r_qp|,cross-domain,0.0000,0.0000,3.619,0,-1.66210,0,-6.243,-2.772,-4.378,0,-8.793,-0.02109,2.217,-0.7514,0.1144
118.00,119.27,119.28,0,-1.65761,0,|r_qp|,cross-domain,0.0000,0.0000,3.604,0,-1.65761,0,-6.243,-2.772,-4.378,0,-8.793,-0.1657,1.338,-0.9362,-0.518
118.40,119.67,119.68,0,-1.64516,0,|r_qp|,cross-domain,0.0000,0.0000,3.606,0,-1.64516,0,-6.243,-2.772,-4.378,0,-8.793,0.6855,0.799,1.989,50
118.80,120.07,120.08,0,-1.15317,0,|r_qp|,cross-domain,0.0000,0.0000,3.554,0,-1.15317,0,-6.243,-2.772,-4.378,0,-8.793,1.611,0.8043,0.3706,-0.1565
119.20,120.47,122.44,0,0.07536,1,|r_qp|,cross-domain,0.0123,0.0000,1961.268,1960,0.17357,1,-6.243,-2.772,-4.378,0,-8.793,3.821,0.256,4.228,-0.2838
119.60,120.87,122.44,0,0.93944,1,e_rec,cross-domain,0.1105,0.0000,1561.268,1560,1.82326,1,-6.243,-2.772,-4.378,0,-8.793,8.706,0.1777,11.43,41.11
120.00,121.27,122.44,0,-2.19613,0,|r_qp|,cross-domain,0.1473,0.0000,1161.268,1160,-1.01771,0,-6.243,-2.772,-4.378,0,-8.793,10.39,0.8833,-0.266,0.2423
120.40,121.67,122.44,0,-2.35779,0,|r_qp|,cross-domain,0.1473,0.0000,761.268,760,-1.17936,0,-6.243,-2.772,-4.378,0,-8.793,8.629,0.443,-0.4882,2.897
120.80,122.07,122.44,0,-0.87283,0,|r_qp|,cross-domain,0.0565,0.0000,361.268,360,-0.42110,0,-6.243,-2.772,-4.378,0,-8.793,5.12,0.6401,5.144,47.11
121.20,122.47,122.48,0,-0.98652,0,|r_qp|,cross-domain,0.0000,0.0000,3.539,0,-0.98652,0,-6.243,-2.772,-4.378,0,-8.793,2.856,0.9096,0.8035,0.4048
121.60,122.87,122.88,0,-1.03735,0,|r_qp|,cross-domain,0.0000,0.0000,3.671,0,-1.03735,0,-6.243,-2.772,-4.378,0,-8.793,4.951,0.4614,0.3172,0.9464
122.00,123.27,123.28,0,-1.16954,0,|r_qp|,cross-domain,0.0000,0.0000,3.520,0,-1.16954,0,-6.243,-2.772,-4.378,0,-8.793,5.258,0.3256,2.839,50
122.40,123.67,123.68,0,-0.92765,0,|r_qp|,cross-domain,0.0000,0.0000,3.717,0,-0.92765,0,-6.243,-2.772,-4.378,0,-8.793,4.788,0.8561,0.6912,-0.339
122.80,124.07,124.08,0,-0.99774,0,|r_qp|,cross-domain,0.0000,0.0000,3.633,0,-0.99774,0,-6.243,-2.772,-4.378,0,-8.793,4.537,0.2687,0.3787,-0.3369
123.20,124.47,124.48,0,-1.48554,0,|r_qp|,cross-domain,0.0000,0.0000,3.608,0,-1.48554,0,-6.243,-2.772,-4.378,0,-8.793,3.883,0.2711,1.938,49.18
123.60,124.87,124.88,-1,13.77308,1,e_rec,cross-domain,0.0000,0.0000,3.693,0,13.77308,1,-6.243,-2.772,-4.378,0,-8.793,4.92,10.57,50,2.703
124.00,125.27,125.28,1,12.49160,1,e_rec,cross-domain,0.0000,0.0000,3.555,0,12.49160,1,-6.243,-2.772,-4.378,0,-8.793,4.702,29.73,50,5.73
124.40,125.67,125.68,1,2.91204,1,e_rec,cross-domain,0.0000,0.0000,3.504,0,2.91204,1,-6.243,-2.772,-4.378,0,-8.793,5.197,48.71,25.78,50
124.80,126.07,126.08,1,11.34473,1,e_rec,cross-domain,0.0000,0.0000,3.596,0,11.34473,1,-6.243,-2.772,-4.378,0,-8.793,7.673,50,50,4.615
125.20,126.47,126.48,1,11.49372,1,e_rec,cross-domain,0.0000,0.0000,3.593,0,11.49372,1,-6.243,-2.772,-4.378,0,-8.793,10.98,50,50,3.647
125.60,126.87,126.88,1,2.62186,1,e_rec,cross-domain,0.0000,0.0000,3.630,0,2.62186,1,-6.243,-2.772,-4.378,0,-8.793,14.24,50,23.67,45.16
126.00,127.27,127.28,1,11.61096,1,e_rec,cross-domain,0.0000,0.0000,3.572,0,11.61096,1,-6.243,-2.772,-4.378,0,-8.793,14.57,50,50,4.938
126.40,127.67,127.68,1,11.37455,1,e_rec,cross-domain,0.0000,0.0000,3.525,0,11.37455,1,-6.243,-2.772,-4.378,0,-8.793,13.98,50,49.22,3.385
126.80,128.07,128.08,1,2.47686,1,e_rec,cross-domain,0.0000,0.0000,3.670,0,2.47686,1,-6.243,-2.772,-4.378,0,-8.793,13.68,50,23.23,44.32
127.20,128.47,128.48,1,11.59994,1,e_rec,cross-domain,0.0000,0.0000,3.570,0,11.59994,1,-6.243,-2.772,-4.378,0,-8.793,13.5,50,50,3.295
127.60,128.87,128.88,1,11.59510,1,e_rec,cross-domain,0.0000,0.0000,3.582,0,11.59510,1,-6.243,-2.772,-4.378,0,-8.793,12.35,50,50,1.171
128.00,129.27,129.28,1,1.31284,1,e_rec,cross-domain,0.0000,0.0000,3.437,0,1.31284,1,-6.243,-2.772,-4.378,0,-8.793,11.64,50,19.75,44.26
128.40,129.67,129.68,1,11.51790,1,e_rec,cross-domain,0.0000,0.0000,3.511,0,11.51790,1,-6.243,-2.772,-4.378,0,-8.793,12.34,50,50,5.185
128.80,130.07,130.08,1,11.63732,1,e_rec,cross-domain,0.0000,0.0000,3.545,0,11.63732,1,-6.243,-2.772,-4.378,0,-8.793,14.45,50,50,3.295
129.20,130.47,130.48,1,2.75885,1,e_rec,cross-domain,0.0000,0.0000,3.542,0,2.75885,1,-6.243,-2.772,-4.378,0,-8.793,15.7,50,23.9,44.68
129.60,130.87,130.88,1,11.63983,1,e_rec,cross-domain,0.0000,0.0000,3.675,0,11.63983,1,-6.243,-2.772,-4.378,0,-8.793,14.92,50,50,4.151
130.00,131.27,131.28,1,11.60591,1,e_rec,cross-domain,0.0000,0.0000,3.557,0,11.60591,1,-6.243,-2.772,-4.378,0,-8.793,13.19,50,50,2.353
130.40,131.67,131.68,1,2.26400,1,e_rec,cross-domain,0.0000,0.0000,3.538,0,2.26400,1,-6.243,-2.772,-4.378,0,-8.793,11.57,50,22.91,45.83
130.80,132.07,132.08,1,11.49876,1,e_rec,cross-domain,0.0000,0.0000,3.626,0,11.49876,1,-6.243,-2.772,-4.378,0,-8.793,11.28,50,50,4.002
131.20,132.47,132.48,1,11.50673,1,e_rec,cross-domain,0.0000,0.0000,3.583,0,11.50673,1,-6.243,-2.772,-4.378,0,-8.793,10.72,50,50,2.433
131.60,132.87,132.88,1,1.23416,1,e_rec,cross-domain,0.0000,0.0000,3.565,0,1.23416,1,-6.243,-2.772,-4.378,0,-8.793,10.37,50,19.46,40.98
132.00,133.27,133.28,1,11.46881,1,e_rec,cross-domain,0.0000,0.0000,3.643,0,11.46881,1,-6.243,-2.772,-4.378,0,-8.793,10.52,50,50,4.005
132.40,133.67,133.68,1,11.52693,1,e_rec,cross-domain,0.0000,0.0000,3.935,0,11.52693,1,-6.243,-2.772,-4.378,0,-8.793,11.06,50,50,2.081
132.80,134.07,134.08,1,1.87632,1,e_rec,cross-domain,0.0000,0.0000,3.640,0,1.87632,1,-6.243,-2.772,-4.378,0,-8.793,11.89,50,21.48,43.57
133.20,134.47,134.48,1,11.54335,1,e_rec,cross-domain,0.0000,0.0000,3.536,0,11.54335,1,-6.243,-2.772,-4.378,0,-8.793,12.82,50,50,4.853
133.60,134.87,134.88,1,11.63113,1,e_rec,cross-domain,0.0000,0.0000,3.578,0,11.63113,1,-6.243,-2.772,-4.378,0,-8.793,14.02,50,50,2.734
134.00,135.27,135.28,1,3.57575,1,e_rec,cross-domain,0.0000,0.0000,3.574,0,3.57575,1,-6.243,-2.772,-4.378,0,-8.793,14.95,50,26.67,45.58
134.40,135.67,135.68,1,-3.60721,0,|r_qp|,cross-domain,0.0000,0.0000,3.601,0,-3.60721,0,-6.243,-2.772,-4.378,0,-8.793,14.37,49.19,0.7503,0.2274
134.80,136.07,136.08,1,-3.12896,0,|r_qp|,cross-domain,0.0000,0.0000,3.620,0,-3.12896,0,-6.243,-2.772,-4.378,0,-8.793,9.754,29.8,-1.136,-0.7573
135.20,136.47,136.48,-1,-2.05983,0,|r_qp|,cross-domain,0.0000,0.0000,3.610,0,-2.05983,0,-6.243,-2.772,-4.378,0,-8.793,5.999,10.61,1.982,50
135.60,136.87,136.88,-1,-1.55114,0,|r_qp|,cross-domain,0.0000,0.0000,3.484,0,-1.55114,0,-6.243,-2.772,-4.378,0,-8.793,2.039,0.9253,-0.8793,0.7623
136.00,137.27,137.28,-1,-1.58396,0,|r_qp|,cross-domain,0.0000,0.0000,3.601,0,-1.58396,0,-6.243,-2.772,-4.378,0,-8.793,1.738,0.3594,-1.165,-0.9135
136.40,137.67,137.68,-1,-2.09023,0,|r_qp|,cross-domain,0.0000,0.0000,3.520,0,-2.09023,0,-6.243,-2.772,-4.378,0,-8.793,0.779,0.5672,0.3442,47.43
136.80,138.07,138.08,-1,-1.50412,0,|r_qp|,cross-domain,0.0000,0.0000,3.621,0,-1.50412,0,-6.243,-2.772,-4.378,0,-8.793,0.3768,0.8287,-0.5122,1.175
137.20,138.47,138.48,-1,-1.58317,0,|r_qp|,cross-domain,0.0000,0.0000,3.546,0,-1.58317,0,-6.243,-2.772,-4.378,0,-8.793,0.6347,0.5006,-0.9874,-0.8146
137.60,138.87,138.88,-1,-1.50542,0,|r_qp|,cross-domain,0.0000,0.0000,3.860,0,-1.50542,0,-6.243,-2.772,-4.378,0,-8.793,1.618,0.7398,2.234,48.82
138.00,139.27,139.28,-1,-1.48970,0,|r_qp|,cross-domain,0.0000,0.0000,3.629,0,-1.48970,0,-6.243,-2.772,-4.378,0,-8.793,2.043,1.618,-0.5844,0.06833
138.40,139.67,139.68,-1,-0.59926,0,|r_qp|,cross-domain,0.0000,0.0000,3.622,0,-0.59926,0,-6.243,-2.772,-4.378,0,-8.793,1.544,3.154,2.628,-0.2559
138.80,140.07,140.08,-1,-2.04777,0,|r_qp|,cross-domain,0.0000,0.0000,3.593,0,-2.04777,0,-6.243,-2.772,-4.378,0,-8.793,0.633,5.583,1.485,46.87
139.20,140.47,140.48,-1,-1.72608,0,|r_qp|,cross-domain,0.0000,0.0000,3.497,0,-1.72608,0,-6.243,-2.772,-4.378,0,-8.793,0.354,6.964,-0.02766,0.2886
139.60,140.87,140.88,-1,-1.38668,0,|r_qp|,cross-domain,0.0000,0.0000,3.493,0,-1.38668,0,-6.243,-2.772,-4.378,0,-8.793,1.102,6.77,0.8718,-0.612
140.00,141.27,141.28,-1,-2.16373,0,|r_qp|,cross-domain,0.0000,0.0000,3.584,0,-2.16373,0,-6.243,-2.772,-4.378,0,-8.793,1.749,7.162,1.21,45.51
140.40,141.67,141.68,-1,-1.82742,0,|r_qp|,cross-domain,0.0000,0.0000,3.567,0,-1.82742,0,-6.243,-2.772,-4.378,0,-8.793,1.766,7.049,-0.4953,0.5939
140.80,142.07,142.08,-1,-1.71792,0,|r_qp|,cross-domain,0.0000,0.0000,3.498,0,-1.71792,0,-6.243,-2.772,-4.378,0,-8.793,1.491,5.351,-0.53,-0.6319
141.20,142.47,142.48,-1,-2.22734,0,|r_qp|,cross-domain,0.0000,0.0000,3.705,0,-2.22734,0,-6.243,-2.772,-4.378,0,-8.793,1.031,3.226,0.5358,49.43
141.60,142.87,142.88,-1,-1.70712,0,|r_qp|,cross-domain,0.0000,0.0000,3.561,0,-1.70712,0,-6.243,-2.772,-4.378,0,-8.793,0.7859,1.922,-1.029,0.5784
142.00,143.27,143.28,-1,-1.74080,0,|r_qp|,cross-domain,0.0000,0.0000,3.731,0,-1.74080,0,-6.243,-2.772,-4.378,0,-8.793,-0.02135,1.274,-1.257,-0.8892
142.40,143.67,143.68,-1,-1.79144,0,|r_qp|,cross-domain,0.0000,0.0000,3.661,0,-1.79144,0,-6.243,-2.772,-4.378,0,-8.793,-0.4358,0.6523,1.632,50
142.80,144.07,144.08,-1,-1.29611,0,|r_qp|,cross-domain,0.0000,0.0000,3.622,0,-1.29611,0,-6.243,-2.772,-4.378,0,-8.793,-0.05544,0.8183,0.1694,0.5511
143.20,144.47,144.48,-1,-1.45088,0,|r_qp|,cross-domain,0.0000,0.0000,3.648,0,-1.45088,0,-6.243,-2.772,-4.378,0,-8.793,1.202,0.6826,-0.5997,-0.8452
143.60,144.87,144.88,-1,-1.77001,0,|r_qp|,cross-domain,0.0000,0.0000,3.629,0,-1.77001,0,-6.243,-2.772,-4.378,0,-8.793,2.391,1.419,1.49,49.86
144.00,145.27,145.28,-1,-1.19340,0,|r_qp|,cross-domain,0.0000,0.0000,3.665,0,-1.19340,0,-6.243,-2.772,-4.378,0,-8.793,2.534,2.597,0.5187,0.3197
144.40,145.67,145.68,-1,-1.42156,0,|r_qp|,cross-domain,0.0000,0.0000,3.704,0,-1.42156,0,-6.243,-2.772,-4.378,0,-8.793,2.461,3.568,-0.07567,-0.8087
144.80,146.07,146.08,-1,-1.85046,0,|r_qp|,cross-domain,0.0000,0.0000,3.489,0,-1.85046,0,-6.243,-2.772,-4.378,0,-8.793,2.438,5.058,1.854,48.04
145.20,146.47,146.48,-1,-1.91883,0,|r_qp|,cross-domain,0.0000,0.0000,3.605,0,-1.91883,0,-6.243,-2.772,-4.378,0,-8.793,2.061,5.778,-1.131,-0.1693
145.60,146.87,146.88,-1,-1.82754,0,|r_qp|,cross-domain,0.0000,0.0000,3.555,0,-1.82754,0,-6.243,-2.772,-4.378,0,-8.793,0.8754,5.504,-0.7912,-0.9326
146.00,147.27,147.28,-1,-2.03964,0,|r_qp|,cross-domain,0.0000,0.0000,3.759,0,-2.03964,0,-6.243,-2.772,-4.378,0,-8.793,-0.2547,5.326,1.692,48.83
146.40,147.67,147.68,-1,-1.93232,0,|r_qp|,cross-domain,0.0000,0.0000,3.569,0,-1.93232,0,-6.243,-2.772,-4.378,0,-8.793,-0.4053,5.546,-0.8645,0.5681
146.80,148.07,148.08,-1,-1.74194,0,|r_qp|,cross-domain,0.0000,0.0000,3.602,0,-1.74194,0,-6.243,-2.772,-4.378,0,-8.793,0.2877,3.677,-0.8104,-0.8773
147.20,148.47,148.48,-1,-1.79352,0,|r_qp|,cross-domain,0.0000,0.0000,3.644,0,-1.79352,0,-6.243,-2.772,-4.378,0,-8.793,1.224,1.753,1.587,49.17
147.60,148.87,148.88,-1,-1.35144,0,|r_qp|,cross-domain,0.0000,0.0000,3.641,0,-1.35144,0,-6.243,-2.772,-4.378,0,-8.793,1.623,0.5423,-0.2912,0.3158
148.00,149.27,149.28,-1,-1.51085,0,|r_qp|,cross-domain,0.0000,0.0000,3.786,0,-1.51085,0,-6.243,-2.772,-4.378,0,-8.793,1.743,0.2108,-0.956,-0.8354
148.40,149.67,149.68,-1,-1.97665,0,|r_qp|,cross-domain,0.0000,0.0000,3.589,0,-1.97665,0,-6.243,-2.772,-4.378,0,-8.793,1.48,0.4817,0.7602,50
148.80,150.07,150.08,-1,-1.58236,0,|r_qp|,cross-domain,0.0000,0.0000,3.508,0,-1.58236,0,-6.243,-2.772,-4.378,0,-8.793,0.8209,0.9438,-0.8637,0.07292
149.20,150.47,150.48,-1,-1.18275,0,|r_qp|,cross-domain,0.0000,0.0000,3.627,0,-1.18275,0,-6.243,-2.772,-4.378,0,-8.793,-0.2823,0.8341,0.5074,-0.3873
149.60,150.87,150.88,-1,-1.91482,0,|r_qp|,cross-domain,0.0000,0.0000,3.551,0,-1.91482,0,-6.243,-2.772,-4.378,0,-8.793,-0.909,1.413,1.451,50
150.00,151.27,151.28,-1,-1.70052,0,|r_qp|,cross-domain,0.0000,0.0000,3.479,0,-1.70052,0,-6.243,-2.772,-4.378,0,-8.793,-0.9564,2.256,-0.7505,0.07535
150.40,151.67,151.68,-1,-1.79371,0,|r_qp|,cross-domain,0.0000,0.0000,3.655,0,-1.79371,0,-6.243,-2.772,-4.378,0,-8.793,-0.5059,1.643,-1.283,-0.7704
150.80,152.07,152.08,-1,-1.65870,0,|r_qp|,cross-domain,0.0000,0.0000,3.695,0,-1.65870,0,-6.243,-2.772,-4.378,0,-8.793,0.5431,1.471,2.092,49.87
151.20,152.47,152.48,-1,-1.28695,0,|r_qp|,cross-domain,0.0000,0.0000,3.781,0,-1.28695,0,-6.243,-2.772,-4.378,0,-8.793,1.259,1.651,0.1737,0.09429
151.60,152.87,152.88,-1,-1.42724,0,|r_qp|,cross-domain,0.0000,0.0000,3.489,0,-1.42724,0,-6.243,-2.772,-4.378,0,-8.793,2.577,1.061,-0.6151,-0.75
152.00,153.27,153.28,-1,-1.80398,0,|r_qp|,cross-domain,0.0000,0.0000,3.547,0,-1.80398,0,-6.243,-2.772,-4.378,0,-8.793,2.945,0.8291,1.061,47.75
152.40,153.67,153.68,-1,-1.37492,0,|r_qp|,cross-domain,0.0000,0.0000,3.677,0,-1.37492,0,-6.243,-2.772,-4.378,0,-8.793,2.283,1.146,-0.3652,-0.2997
152.80,154.07,154.08,-1,-1.07618,0,|r_qp|,cross-domain,0.0000,0.0000,3.597,0,-1.07618,0,-6.243,-2.772,-4.378,0,-8.793,0.4658,1.804,0.9519,-0.3859
153.20,154.47,154.48,-1,-2.10869,0,|r_qp|,cross-domain,0.0000,0.0000,3.706,0,-2.10869,0,-6.243,-2.772,-4.378,0,-8.793,-0.8438,3.621,1.269,50
153.60,154.87,154.88,-1,-1.77954,0,|r_qp|,cross-domain,0.0000,0.0000,3.506,0,-1.77954,0,-6.243,-2.772,-4.378,0,-8.793,-0.9904,4.857,-0.461,0.2299
154.00,155.27,155.28,-1,-1.76634,0,|r_qp|,cross-domain,0.0000,0.0000,3.470,0,-1.76634,0,-6.243,-2.772,-4.378,0,-8.793,0.1717,3.221,-0.9616,-0.7912
154.40,155.67,155.68,-1,-1.70003,0,|r_qp|,cross-domain,0.0000,0.0000,4.167,0,-1.70003,0,-6.243,-2.772,-4.378,0,-8.793,1.5,1.636,1.76,48.04
154.80,156.07,156.08,-1,-1.37507,0,|r_qp|,cross-domain,0.0000,0.0000,3.680,0,-1.37507,0,-6.243,-2.772,-4.378,0,-8.793,2.272,0.985,-0.3668,0.1928
155.20,156.47,156.48,-1,-1.37438,0,|r_qp|,cross-domain,0.0000,0.0000,3.832,0,-1.37438,0,-6.243,-2.772,-4.378,0,-8.793,2.849,0.6128,-0.5735,-0.7862
155.60,156.87,156.88,-1,-1.81901,0,|r_qp|,cross-domain,0.0000,0.0000,3.573,0,-1.81901,0,-6.243,-2.772,-4.378,0,-8.793,2.842,0.7662,1.022,47.9
156.00,157.27,157.28,-1,-1.61070,0,|r_qp|,cross-domain,0.0000,0.0000,3.480,0,-1.61070,0,-6.243,-2.772,-4.378,0,-8.793,2.156,1.324,-1.052,-0.01354
156.40,157.67,157.68,-1,-1.69804,0,|r_qp|,cross-domain,0.0000,0.0000,3.669,0,-1.69804,0,-6.243,-2.772,-4.378,0,-8.793,0.7894,0.8856,-1.3,-0.8645
156.80,158.07,158.08,-1,-1.93259,0,|r_qp|,cross-domain,0.0000,0.0000,3.534,0,-1.93259,0,-6.243,-2.772,-4.378,0,-8.793,-0.2322,0.7547,1.174,50
157.20,158.47,158.48,-1,-1.30600,0,|r_qp|,cross-domain,0.0000,0.0000,3.722,0,-1.30600,0,-6.243,-2.772,-4.378,0,-8.793,0.03876,0.8519,0.1037,0.08105
157.60,158.87,158.88,-1,-1.40624,0,|r_qp|,cross-domain,0.0000,0.0000,3.747,0,-1.40624,0,-6.243,-2.772,-4.378,0,-8.793,1.475,0.3424,-0.5531,-0.7265
158.00,159.27,159.28,-1,-1.48899,0,|r_qp|,cross-domain,0.0000,0.0000,3.546,0,-1.48899,0,-6.243,-2.772,-4.378,0,-8.793,3.032,0.3465,1.77,44.62
158.40,159.67,159.68,-1,-1.38087,0,|r_qp|,cross-domain,0.0000,0.0000,3.647,0,-1.38087,0,-6.243,-2.772,-4.378,0,-8.793,3.344,0.8775,-0.5536,0.02069
158.80,160.07,160.08,-1,-1.39830,0,|r_qp|,cross-domain,0.0000,0.0000,3.528,0,-1.39830,0,-6.243,-2.772,-4.378,0,-8.793,2.776,0.2553,-0.7153,-0.8126
159.20,160.47,160.48,-1,-1.74451,0,|r_qp|,cross-domain,0.0000,0.0000,3.576,0,-1.74451,0,-6.243,-2.772,-4.378,0,-8.793,1.941,0.3943,1.429,50
159.60,160.87,160.88,-1,-1.65736,0,|r_qp|,cross-domain,0.0000,0.0000,3.709,0,-1.65736,0,-6.243,-2.772,-4.378,0,-8.793,1.156,0.5057,-1.249,-0.1482
160.00,161.27,161.28,-1,-1.65692,0,|r_qp|,cross-domain,0.0000,0.0000,3.467,0,-1.65692,0,-6.243,-2.772,-4.378,0,-8.793,-0.1627,0.09067,-1.201,-0.7303
160.40,161.67,161.68,-1,-1.78529,0,|r_qp|,cross-domain,0.0000,0.0000,3.689,0,-1.78529,0,-6.243,-2.772,-4.378,0,-8.793,-0.7321,0.159,1.398,46.89
160.80,162.07,162.08,-1,-1.32851,0,|r_qp|,cross-domain,0.0000,0.0000,3.975,0,-1.32851,0,-6.243,-2.772,-4.378,0,-8.793,-0.3635,0.7725,0.05825,-0.04995
161.20,162.47,162.48,-1,-1.45882,0,|r_qp|,cross-domain,0.0000,0.0000,3.641,0,-1.45882,0,-6.243,-2.772,-4.378,0,-8.793,1.466,0.3327,-0.7168,-0.6336
161.60,162.87,162.88,-1,-1.70344,0,|r_qp|,cross-domain,0.0000,0.0000,3.741,0,-1.70344,0,-6.243,-2.772,-4.378,0,-8.793,2.88,0.5359,1.23,46.09
162.00,163.27,163.28,-1,-1.25090,0,|r_qp|,cross-domain,0.0000,0.0000,3.480,0,-1.25090,0,-6.243,-2.772,-4.378,0,-8.793,3.1,0.828,-0.1028,0.2314
162.40,163.67,163.68,-1,-1.41328,0,|r_qp|,cross-domain,0.0000,0.0000,3.669,0,-1.41328,0,-6.243,-2.772,-4.378,0,-8.793,2.95,0.381,-0.755,-0.7352
162.80,164.07,164.08,-1,-1.91721,0,|r_qp|,cross-domain,0.0000,0.0000,3.654,0,-1.91721,0,-6.243,-2.772,-4.378,0,-8.793,2.37,0.3827,0.818,50
163.20,164.47,164.48,-1,-1.53483,0,|r_qp|,cross-domain,0.0000,0.0000,3.685,0,-1.53483,0,-6.243,-2.772,-4.378,0,-8.793,1.929,0.7576,-0.9121,-0.2966
163.60,164.87,164.88,-1,-1.70948,0,|r_qp|,cross-domain,0.0000,0.0000,3.664,0,-1.70948,0,-6.243,-2.772,-4.378,0,-8.793,0.393,0.3134,-1.406,-0.9179
164.00,165.27,165.28,-1,-1.99532,0,|r_qp|,cross-domain,0.0000,0.0000,3.672,0,-1.99532,0,-6.243,-2.772,-4.378,0,-8.793,-0.7223,0.1196,0.9055,50
164.40,165.67,165.68,-1,-1.23107,0,|r_qp|,cross-domain,0.0000,0.0000,3.875,0,-1.23107,0,-6.243,-2.772,-4.378,0,-8.793,-0.4501,1.231,0.4747,-0.05721
164.80,166.07,166.08,-1,-1.22077,0,|r_qp|,cross-domain,0.0000,0.0000,3.537,0,-1.22077,0,-6.243,-2.772,-4.378,0,-8.793,1.935,0.5619,0.01958,-0.8697
165.20,166.47,166.48,1,-0.44444,0,|r_qp|,cross-domain,0.0000,0.0000,3.643,0,-0.44444,0,-6.243,-2.772,-4.378,0,-8.793,5.181,0.4005,4.73,42.5
165.60,166.87,166.88,1,-1.26338,0,|r_qp|,cross-domain,0.0000,0.0000,3.725,0,-1.26338,0,-6.243,-2.772,-4.378,0,-8.793,6.06,0.13,-0.6685,0.08872
166.00,167.27,167.28,1,-1.25236,0,|r_qp|,cross-domain,0.0000,0.0000,3.514,0,-1.25236,0,-6.243,-2.772,-4.378,0,-8.793,5.078,-0.2666,-0.6472,-0.8505
166.40,167.67,167.68,1,-1.56351,0,|r_qp|,cross-domain,0.0000,0.0000,3.630,0,-1.56351,0,-6.243,-2.772,-4.378,0,-8.793,3.338,-0.01432,1.749,50
166.80,168.07,168.08,1,-1.60572,0,|r_qp|,cross-domain,0.0000,0.0000,3.740,0,-1.60572,0,-6.243,-2.772,-4.378,0,-8.793,2.076,0.9168,-1.127,-0.3077
167.20,168.47,168.48,1,-1.64792,0,|r_qp|,cross-domain,0.0000,0.0000,3.737,0,-1.64792,0,-6.243,-2.772,-4.378,0,-8.793,0.9725,0.3175,-1.279,-0.8775
167.60,168.87,168.88,1,-1.87042,0,|r_qp|,cross-domain,0.0000,0.0000,3.633,0,-1.87042,0,-6.243,-2.772,-4.378,0,-8.793,-0.04788,0.3041,1.242,49.73
168.00,169.27,169.28,1,-1.48718,0,|r_qp|,cross-domain,0.0000,0.0000,3.454,0,-1.48718,0,-6.243,-2.772,-4.378,0,-8.793,-0.3451,0.3618,-0.5375,-0.06296
168.40,169.67,171.48,1,0.91152,1,|r_qp|,cross-domain,0.0000,0.1641,1800.743,1800,0.25527,1,-6.243,-2.772,-4.378,0,-8.793,2.143,0.1115,4.66,-0.4971
168.80,170.07,171.48,1,2.95544,1,|r_qp|,cross-domain,0.0000,0.4766,1400.743,1400,1.04919,1,-6.243,-2.772,-4.378,0,-8.793,7.086,0.3507,9.084,39.47
169.20,170.47,172.31,1,1.80267,1,|r_qp|,cross-domain,0.0000,0.7188,1831.070,1830,-1.07233,0,-6.243,-2.772,-4.378,0,-8.793,11.5,1.645,-0.4012,0.655
169.60,170.87,172.31,1,1.17751,1,|r_qp|,cross-domain,0.0000,0.6172,1431.070,1430,-1.29124,0,-6.243,-2.772,-4.378,0,-8.793,10.33,1.008,-1.176,-0.8358
170.00,171.27,172.31,1,-0.37724,0,|r_qp|,cross-domain,0.0000,0.3047,1031.070,1030,-1.59599,0,-6.243,-2.772,-4.378,0,-8.793,6.014,0.6909,1.45,50
170.40,171.67,172.31,1,-1.40875,0,|r_qp|,cross-domain,0.0000,0.0547,631.070,630,-1.62750,0,-6.243,-2.772,-4.378,0,-8.793,1.602,0.9058,-1.126,-0.09655
170.80,172.07,172.08,1,-1.57982,0,|r_qp|,cross-domain,0.0000,0.0000,3.739,0,-1.57982,0,-6.243,-2.772,-4.378,0,-8.793,0.1496,-0.1518,-1.052,-0.8788
171.20,172.47,172.48,1,-1.53862,0,|r_qp|,cross-domain,0.0000,0.0000,3.633,0,-1.53862,0,-6.243,-2.772,-4.378,0,-8.793,1.094,0.3822,2.114,48.69
171.60,172.87,172.88,1,-0.45856,0,|r_qp|,cross-domain,0.0000,0.0000,4.088,0,-0.45856,0,-6.243,-2.772,-4.378,0,-8.793,2.653,0.751,2.48,0.231
172.00,173.27,173.28,1,-1.41148,0,|r_qp|,cross-domain,0.0000,0.0000,3.556,0,-1.41148,0,-6.243,-2.772,-4.378,0,-8.793,5.272,0.2746,-1.078,-0.9477
172.40,173.67,173.68,1,-1.69666,0,|r_qp|,cross-domain,0.0000,0.0000,3.896,0,-1.69666,0,-6.243,-2.772,-4.378,0,-8.793,4.974,-0.1168,1.094,50
172.80,174.07,174.08,1,-1.49893,0,|r_qp|,cross-domain,0.0000,0.0000,3.732,0,-1.49893,0,-6.243,-2.772,-4.378,0,-8.793,3.334,0.5721,-0.8908,1.687
173.20,174.47,174.48,1,-1.62879,0,|r_qp|,cross-domain,0.0000,0.0000,3.579,0,-1.62879,0,-6.243,-2.772,-4.378,0,-8.793,0.07827,0.1704,-1.123,-0.6924
173.60,174.87,174.88,1,-1.99517,0,|r_qp|,cross-domain,0.0000,0.0000,3.825,0,-1.99517,0,-6.243,-2.772,-4.378,0,-8.793,-0.9411,0.1762,0.9452,50
174.00,175.27,175.28,1,-0.80187,0,|r_qp|,cross-domain,0.0000,0.0000,3.506,0,-0.80187,0,-6.243,-2.772,-4.378,0,-8.793,0.5873,1.341,1.757,0.1779
174.40,175.67,175.68,1,-0.58304,0,|r_qp|,cross-domain,0.0000,0.0000,3.495,0,-0.58304,0,-6.243,-2.772,-4.378,0,-8.793,3.36,0.843,1.943,-0.8651
174.80,176.07,176.08,1,-1.81882,0,|r_qp|,cross-domain,0.0000,0.0000,3.610,0,-1.81882,0,-6.243,-2.772,-4.378,0,-8.793,5.823,1.101,0.8425,50
175.20,176.47,176.48,1,-1.54966,0,|r_qp|,cross-domain,0.0000,0.0000,3.547,0,-1.54966,0,-6.243,-2.772,-4.378,0,-8.793,4.726,1.614,-1.094,0.4486
175.60,176.87,176.88,1,-1.67925,0,|r_qp|,cross-domain,0.0000,0.0000,3.532,0,-1.67925,0,-6.243,-2.772,-4.378,0,-8.793,1.958,1.109,-1.349,-0.9679
176.00,177.27,177.28,1,-2.10593,0,|r_qp|,cross-domain,0.0000,0.0000,3.762,0,-2.10593,0,-6.243,-2.772,-4.378,0,-8.793,-0.3213,1.726,0.7139,48.16
176.40,177.67,177.68,1,-1.80662,0,|r_qp|,cross-domain,0.0000,0.0000,3.661,0,-1.80662,0,-6.243,-2.772,-4.378,0,-8.793,-0.02518,1.951,-1.241,0.5667
176.80,178.07,178.08,1,-1.32364,0,|r_qp|,cross-domain,0.0000,0.0000,3.832,0,-1.32364,0,-6.243,-2.772,-4.378,0,-8.793,0.0004388,1.195,0.06809,-0.794
177.20,178.47,178.48,-1,-2.07804,0,|r_qp|,cross-domain,0.0000,0.0000,3.582,0,-2.07804,0,-6.243,-2.772,-4.378,0,-8.793,1.664,0.3585,0.3865,50
177.60,178.87,178.88,-1,-1.54271,0,|r_qp|,cross-domain,0.0000,0.0000,3.579,0,-1.54271,0,-6.243,-2.772,-4.378,0,-8.793,0.9564,0.05775,-0.9194,0.3095
178.00,179.27,179.28,-1,-1.55920,0,|r_qp|,cross-domain,0.0000,0.0000,3.667,0,-1.55920,0,-6.243,-2.772,-4.378,0,-8.793,1.337,-0.5316,-1.204,-0.7231
178.40,179.67,179.68,-1,-1.80678,0,|r_qp|,cross-domain,0.0000,0.0000,3.580,0,-1.80678,0,-6.243,-2.772,-4.378,0,-8.793,-0.01741,-0.4189,1.282,49.52
178.80,180.07,180.08,-1,-1.52306,0,|r_qp|,cross-domain,0.0000,0.0000,3.668,0,-1.52306,0,-6.243,-2.772,-4.378,0,-8.793,-0.218,0.06637,-0.6902,0.5653
179.20,180.47,180.48,-1,-1.44328,0,|r_qp|,cross-domain,0.0000,0.0000,3.506,0,-1.44328,0,-6.243,-2.772,-4.378,0,-8.793,0.7154,-0.2984,-0.7136,-0.8493
179.60,180.87,220.59,-1,7.97149,1,e_rec,cross-domain,0.0000,0.1797,39725.710,39710,7.25274,1,-6.243,-2.772,-4.378,0,-8.793,6.285,1.538,29.64,44.61
180.00,181.27,220.59,1,16.63543,1,e_rec,cross-domain,0.0000,0.4922,39325.710,39310,14.66668,1,-6.243,-2.772,-4.378,0,-8.793,20.41,2.453,50,14.87
180.40,181.67,220.59,1,18.44882,1,e_rec,cross-domain,0.0000,0.8047,38925.710,38910,15.23007,1,-6.243,-2.772,-4.378,0,-8.793,36.29,4.281,50,12.13
180.80,182.07,220.59,1,18.98972,1,e_rec,cross-domain,0.0000,1.0000,38525.710,38510,14.98972,1,-6.243,-2.772,-4.378,0,-8.793,49,6.536,50,43.42
181.20,182.47,220.59,1,19.45312,1,e_rec,cross-domain,0.0000,1.0000,38125.710,38110,15.45312,1,-6.243,-2.772,-4.378,0,-8.793,50,7.395,50,18.43
181.60,182.87,220.59,1,19.54508,1,e_rec,cross-domain,0.0000,1.0000,37725.710,37710,15.54508,1,-6.243,-2.772,-4.378,0,-8.793,50,8.206,50,10.94
182.00,183.27,220.59,1,18.97419,1,e_rec,cross-domain,0.0000,1.0000,37325.710,37310,14.97419,1,-6.243,-2.772,-4.378,0,-8.793,50,8.901,50,38.46
182.40,183.67,220.59,1,19.31836,1,e_rec,cross-domain,0.0000,1.0000,36925.710,36910,15.31836,1,-6.243,-2.772,-4.378,0,-8.793,50,8.927,50,20.4
182.80,184.07,220.59,1,19.54924,1,e_rec,cross-domain,0.0000,1.0000,36525.710,36510,15.54924,1,-6.243,-2.772,-4.378,0,-8.793,50,7.772,50,12.16
183.20,184.47,220.59,1,18.99423,1,e_rec,cross-domain,0.0000,1.0000,36125.710,36110,14.99423,1,-6.243,-2.772,-4.378,0,-8.793,50,7.663,50,41.52
183.60,184.87,220.59,1,19.41476,1,e_rec,cross-domain,0.0000,1.0000,35725.710,35710,15.41476,1,-6.243,-2.772,-4.378,0,-8.793,50,7.051,50,21.58
184.00,185.27,220.59,1,19.70519,1,e_rec,cross-domain,0.0000,1.0000,35325.710,35310,15.70519,1,-6.243,-2.772,-4.378,0,-8.793,50,5.022,50,13.12
184.40,185.67,220.59,1,19.17295,1,e_rec,cross-domain,0.0000,1.0000,34925.710,34910,15.17295,1,-6.243,-2.772,-4.378,0,-8.793,50,3.52,50,45.91
184.80,186.07,220.59,1,19.73285,1,e_rec,cross-domain,0.0000,1.0000,34525.710,34510,15.73285,1,-6.243,-2.772,-4.378,0,-8.793,50,3.281,50,17.45
185.20,186.47,220.59,1,19.73595,1,e_rec,cross-domain,0.0000,1.0000,34125.710,34110,15.73595,1,-6.243,-2.772,-4.378,0,-8.793,50,5.294,50,10.62
185.60,186.87,220.59,1,18.97859,1,e_rec,cross-domain,0.0000,1.0000,33725.710,33710,14.97859,1,-6.243,-2.772,-4.378,0,-8.793,50,7.657,50,42.35
186.00,187.27,220.59,1,19.37884,1,e_rec,cross-domain,0.0000,1.0000,33325.710,33310,15.37884,1,-6.243,-2.772,-4.378,0,-8.793,50,8.06,50,20.11
186.40,187.67,220.59,1,19.61254,1,e_rec,cross-domain,0.0000,1.0000,32925.710,32910,15.61254,1,-6.243,-2.772,-4.378,0,-8.793,50,7.147,50,10.93
186.80,188.07,220.59,1,18.84571,1,e_rec,cross-domain,0.0000,1.0000,32525.710,32510,14.84571,1,-6.243,-2.772,-4.378,0,-8.793,50,8.331,50,47.06
187.20,188.47,220.59,1,19.37119,1,e_rec,cross-domain,0.0000,1.0000,32125.710,32110,15.37119,1,-6.243,-2.772,-4.378,0,-8.793,50,7.476,50,22.44
187.60,188.87,220.59,1,19.62882,1,e_rec,cross-domain,0.0000,1.0000,31725.710,31710,15.62882,1,-6.243,-2.772,-4.378,0,-8.793,50,6.364,50,12.67
188.00,189.27,220.59,1,19.17769,1,e_rec,cross-domain,0.0000,1.0000,31325.710,31310,15.17769,1,-6.243,-2.772,-4.378,0,-8.793,50,5.799,50,38.11
188.40,189.67,220.59,1,19.58721,1,e_rec,cross-domain,0.0000,1.0000,30925.710,30910,15.58721,1,-6.243,-2.772,-4.378,0,-8.793,50,5.042,50,19.22
188.80,190.07,220.59,1,19.78782,1,e_rec,cross-domain,0.0000,1.0000,30525.710,30510,15.78782,1,-6.243,-2.772,-4.378,0,-8.793,50,4.152,50,11.69
189.20,190.47,220.59,1,19.23843,1,e_rec,cross-domain,0.0000,1.0000,30125.710,30110,15.23843,1,-6.243,-2.772,-4.378,0,-8.793,50,4.437,50,39.45
189.60,190.87,220.59,1,19.54925,1,e_rec,cross-domain,0.0000,1.0000,29725.710,29710,15.54925,1,-6.243,-2.772,-4.378,0,-8.793,50,4.783,50,22.06
190.00,191.27,220.59,1,19.68233,1,e_rec,cross-domain,0.0000,1.0000,29325.710,29310,15.68233,1,-6.243,-2.772,-4.378,0,-8.793,50,5.526,50,12.65
190.40,191.67,220.59,1,19.08799,1,e_rec,cross-domain,0.0000,1.0000,28925.710,28910,15.08799,1,-6.243,-2.772,-4.378,0,-8.793,50,7.063,50,38.6
190.80,192.07,220.59,1,19.43384,1,e_rec,cross-domain,0.0000,1.0000,28525.710,28510,15.43384,1,-6.243,-2.772,-4.378,0,-8.793,50,6.549,50,22.24
191.20,192.47,220.59,1,19.69099,1,e_rec,cross-domain,0.0000,1.0000,28125.710,28110,15.69099,1,-6.243,-2.772,-4.378,0,-8.793,50,5.012,50,13.9
191.60,192.87,220.59,1,19.26715,1,e_rec,cross-domain,0.0000,1.0000,27725.710,27710,15.26715,1,-6.243,-2.772,-4.378,0,-8.793,50,3.512,50,41.01
192.00,193.27,220.59,1,19.83007,1,e_rec,cross-domain,0.0000,1.0000,27325.710,27310,15.83007,1,-6.243,-2.772,-4.378,0,-8.793,50,2.431,50,15.19
192.40,193.67,220.59,1,19.97231,1,e_rec,cross-domain,0.0000,1.0000,26925.710,26910,15.97231,1,-6.243,-2.772,-4.378,0,-8.793,50,1.875,50,9.6
192.80,194.07,220.59,1,19.25286,1,e_rec,cross-domain,0.0000,1.0000,26525.710,26510,15.25286,1,-6.243,-2.772,-4.378,0,-8.793,50,2.426,50,45.35
193.20,194.47,220.59,1,19.74019,1,e_rec,cross-domain,0.0000,1.0000,26125.710,26110,15.74019,1,-6.243,-2.772,-4.378,0,-8.793,50,2.58,50,19.39
193.60,194.87,220.59,1,19.89820,1,e_rec,cross-domain,0.0000,1.0000,25725.710,25710,15.89820,1,-6.243,-2.772,-4.378,0,-8.793,50,2.365,50,11.85
194.00,195.27,220.59,1,19.17761,1,e_rec,cross-domain,0.0000,1.0000,25325.710,25310,15.17761,1,-6.243,-2.772,-4.378,0,-8.793,50,3.448,50,45.9
194.40,195.67,220.59,1,19.63267,1,e_rec,cross-domain,0.0000,1.0000,24925.710,24910,15.63267,1,-6.243,-2.772,-4.378,0,-8.793,50,3.546,50,21.8
194.80,196.07,220.59,1,19.72141,1,e_rec,cross-domain,0.0000,1.0000,24525.710,24510,15.72141,1,-6.243,-2.772,-4.378,0,-8.793,50,4.78,50,13.08
195.20,196.47,220.59,1,19.00160,1,e_rec,cross-domain,0.0000,1.0000,24125.710,24110,15.00160,1,-6.243,-2.772,-4.378,0,-8.793,50,7.132,50,42.89
195.60,196.87,220.59,1,19.46369,1,e_rec,cross-domain,0.0000,1.0000,23725.710,23710,15.46369,1,-6.243,-2.772,-4.378,0,-8.793,50,7.54,50,17.4
196.00,197.27,220.59,1,19.59560,1,e_rec,cross-domain,0.0000,1.0000,23325.710,23310,15.59560,1,-6.243,-2.772,-4.378,0,-8.793,50,7.684,50,10.03
196.40,197.67,220.59,1,18.87900,1,e_rec,cross-domain,0.0000,1.0000,22925.710,22910,14.87900,1,-6.243,-2.772,-4.378,0,-8.793,50,8.749,50,43.94
196.80,198.07,220.59,1,19.40132,1,e_rec,cross-domain,0.0000,1.0000,22525.710,22510,15.40132,1,-6.243,-2.772,-4.378,0,-8.793,50,8.053,50,18.96
197.20,198.47,220.59,1,19.66061,1,e_rec,cross-domain,0.0000,1.0000,22125.710,22110,15.66061,1,-6.243,-2.772,-4.378,0,-8.793,50,6.396,50,10.9
197.60,198.87,220.59,1,19.09016,1,e_rec,cross-domain,0.0000,1.0000,21725.710,21710,15.09016,1,-6.243,-2.772,-4.378,0,-8.793,50,5.231,50,44.56
198.00,199.27,220.59,1,19.53129,1,e_rec,cross-domain,0.0000,1.0000,21325.710,21310,15.53129,1,-6.243,-2.772,-4.378,0,-8.793,50,4.143,50,25.12
198.40,199.67,220.59,1,19.79080,1,e_rec,cross-domain,0.0000,1.0000,20925.710,20910,15.79080,1,-6.243,-2.772,-4.378,0,-8.793,50,3.228,50,14.6
198.80,200.07,220.59,1,19.29791,1,e_rec,cross-domain,0.0000,1.0000,20525.710,20510,15.29791,1,-6.243,-2.772,-4.378,0,-8.793,50,2.825,50,41.68
199.20,200.47,220.59,1,19.71485,1,e_rec,cross-domain,0.0000,1.0000,20125.710,20110,15.71485,1,-6.243,-2.772,-4.378,0,-8.793,50,2.462,50,21.1
199.60,200.87,220.59,1,19.90562,1,e_rec,cross-domain,0.0000,1.0000,19725.710,19710,15.90562,1,-6.243,-2.772,-4.378,0,-8.793,50,2.559,50,10.82
200.00,201.27,220.59,1,19.29724,1,e_rec,cross-domain,0.0000,1.0000,19325.710,19310,15.29724,1,-6.243,-2.772,-4.378,0,-8.793,50,3.688,50,38.86
200.40,201.67,220.59,1,19.65090,1,e_rec,cross-domain,0.0000,1.0000,18925.710,18910,15.65090,1,-6.243,-2.772,-4.378,0,-8.793,50,3.939,50,19.55
200.80,202.07,220.59,1,19.74983,1,e_rec,cross-domain,0.0000,1.0000,18525.710,18510,15.74983,1,-6.243,-2.772,-4.378,0,-8.793,50,4.515,50,12.47
201.20,202.47,220.59,1,19.09072,1,e_rec,cross-domain,0.0000,1.0000,18125.710,18110,15.09072,1,-6.243,-2.772,-4.378,0,-8.793,50,6.451,50,40.49
201.60,202.87,220.59,1,19.45950,1,e_rec,cross-domain,0.0000,1.0000,17725.710,17710,15.45950,1,-6.243,-2.772,-4.378,0,-8.793,50,6.536,50,20.94
202.00,203.27,220.59,1,19.61226,1,e_rec,cross-domain,0.0000,1.0000,17325.710,17310,15.61226,1,-6.243,-2.772,-4.378,0,-8.793,50,6.673,50,12.51
202.40,203.67,220.59,1,19.14272,1,e_rec,cross-domain,0.0000,1.0000,16925.710,16910,15.14272,1,-6.243,-2.772,-4.378,0,-8.793,50,7.044,50,35.81
202.80,204.07,220.59,1,19.49300,1,e_rec,cross-domain,0.0000,1.0000,16525.710,16510,15.49300,1,-6.243,-2.772,-4.378,0,-8.793,50,6.705,50,18.63
203.20,204.47,220.59,1,19.77976,1,e_rec,cross-domain,0.0000,1.0000,16125.710,16110,15.77976,1,-6.243,-2.772,-4.378,0,-8.793,50,4.439,50,11.16
203.60,204.87,220.59,1,19.13060,1,e_rec,cross-domain,0.0000,1.0000,15725.710,15710,15.13060,1,-6.243,-2.772,-4.378,0,-8.793,50,2.952,50,50
204.00,205.27,220.59,1,19.76666,1,e_rec,cross-domain,0.0000,1.0000,15325.710,15310,15.76666,1,-6.243,-2.772,-4.378,0,-8.793,50,2.088,50,19.63
204.40,205.67,220.59,1,19.89311,1,e_rec,cross-domain,0.0000,1.0000,14925.710,14910,15.89311,1,-6.243,-2.772,-4.378,0,-8.793,50,1.755,50,14.13
204.80,206.07,220.59,1,19.40567,1,e_rec,cross-domain,0.0000,1.0000,14525.710,14510,15.40567,1,-6.243,-2.772,-4.378,0,-8.793,50,2.197,50,38.13
205.20,206.47,220.59,1,19.78614,1,e_rec,cross-domain,0.0000,1.0000,14125.710,14110,15.78614,1,-6.243,-2.772,-4.378,0,-8.793,50,1.858,50,19.38
205.60,206.87,220.59,1,19.92669,1,e_rec,cross-domain,0.0000,1.0000,13725.710,13710,15.92669,1,-6.243,-2.772,-4.378,0,-8.793,50,1.957,50,11.71
206.00,207.27,220.59,1,19.30479,1,e_rec,cross-domain,0.0000,1.0000,13325.710,13310,15.30479,1,-6.243,-2.772,-4.378,0,-8.793,50,3.533,50,38.97
206.40,207.67,220.59,1,19.69191,1,e_rec,cross-domain,0.0000,1.0000,12925.710,12910,15.69191,1,-6.243,-2.772,-4.378,0,-8.793,50,3.734,50,18.09
206.80,208.07,220.59,1,19.87348,1,e_rec,cross-domain,0.0000,1.0000,12525.710,12510,15.87348,1,-6.243,-2.772,-4.378,0,-8.793,50,3.16,50,10.5
207.20,208.47,220.59,1,19.20030,1,e_rec,cross-domain,0.0000,1.0000,12125.710,12110,15.20030,1,-6.243,-2.772,-4.378,0,-8.793,50,3.757,50,43.69
207.60,208.87,220.59,1,19.62377,1,e_rec,cross-domain,0.0000,1.0000,11725.710,11710,15.62377,1,-6.243,-2.772,-4.378,0,-8.793,50,3.497,50,22.43
208.00,209.27,220.59,1,19.83993,1,e_rec,cross-domain,0.0000,1.0000,11325.710,11310,15.83993,1,-6.243,-2.772,-4.378,0,-8.793,50,2.809,50,13.42
208.40,209.67,220.59,1,19.28096,1,e_rec,cross-domain,0.0000,1.0000,10925.710,10910,15.28096,1,-6.243,-2.772,-4.378,0,-8.793,50,3.305,50,40.98
208.80,210.07,220.59,1,19.69514,1,e_rec,cross-domain,0.0000,1.0000,10525.710,10510,15.69514,1,-6.243,-2.772,-4.378,0,-8.793,50,3.146,50,19.87
209.20,210.47,220.59,1,19.79697,1,e_rec,cross-domain,0.0000,1.0000,10125.710,10110,15.79697,1,-6.243,-2.772,-4.378,0,-8.793,50,3.909,50,12.02
209.60,210.87,220.59,1,19.09759,1,e_rec,cross-domain,0.0000,1.0000,9725.710,9710,15.09759,1,-6.243,-2.772,-4.378,0,-8.793,50,5.463,50,43.41
210.00,211.27,220.59,1,19.61286,1,e_rec,cross-domain,0.0000,1.0000,9325.710,9310,15.61286,1,-6.243,-2.772,-4.378,0,-8.793,50,5.103,50,17.68
210.40,211.67,220.59,1,19.87654,1,e_rec,cross-domain,0.0000,1.0000,8925.710,8910,15.87654,1,-6.243,-2.772,-4.378,0,-8.793,50,3.517,50,9.162
210.80,212.07,220.59,1,19.29952,1,e_rec,cross-domain,0.0000,1.0000,8525.710,8510,15.29952,1,-6.243,-2.772,-4.378,0,-8.793,50,3.088,50,40.72
211.20,212.47,220.59,1,19.65440,1,e_rec,cross-domain,0.0000,1.0000,8125.710,8110,15.65440,1,-6.243,-2.772,-4.378,0,-8.793,50,2.808,50,23.11
211.60,212.87,220.59,1,19.85762,1,e_rec,cross-domain,0.0000,1.0000,7725.710,7710,15.85762,1,-6.243,-2.772,-4.378,0,-8.793,50,2.637,50,13.07
212.00,213.27,220.59,1,19.26271,1,e_rec,cross-domain,0.0000,1.0000,7325.710,7310,15.26271,1,-6.243,-2.772,-4.378,0,-8.793,50,3.487,50,41.33
212.40,213.67,220.59,1,19.64400,1,e_rec,cross-domain,0.0000,1.0000,6925.710,6910,15.64400,1,-6.243,-2.772,-4.378,0,-8.793,50,3.444,50,21.55
212.80,214.07,220.59,1,19.85053,1,e_rec,cross-domain,0.0000,1.0000,6525.710,6510,15.85053,1,-6.243,-2.772,-4.378,0,-8.793,50,2.621,50,13.49
213.20,214.47,220.59,1,19.20785,1,e_rec,cross-domain,0.0000,1.0000,6125.710,6110,15.20785,1,-6.243,-2.772,-4.378,0,-8.793,50,2.463,50,47.58
213.60,214.87,220.59,1,19.81409,1,e_rec,cross-domain,0.0000,1.0000,5725.710,5710,15.81409,1,-6.243,-2.772,-4.378,0,-8.793,50,2.07,50,17.22
214.00,215.27,220.59,1,19.97847,1,e_rec,cross-domain,0.0000,1.0000,5325.710,5310,15.97847,1,-6.243,-2.772,-4.378,0,-8.793,50,1.613,50,10.14
214.40,215.67,220.59,1,19.17476,1,e_rec,cross-domain,0.0000,1.0000,4925.710,4910,15.17476,1,-6.243,-2.772,-4.378,0,-8.793,50,2.255,50,50
214.80,216.07,220.59,1,19.72371,1,e_rec,cross-domain,0.0000,1.0000,4525.710,4510,15.72371,1,-6.243,-2.772,-4.378,0,-8.793,50,2.402,50,20.84
215.20,216.47,220.59,1,19.89774,1,e_rec,cross-domain,0.0000,1.0000,4125.710,4110,15.89774,1,-6.243,-2.772,-4.378,0,-8.793,50,1.861,50,13.54
215.60,216.87,220.59,1,19.30059,1,e_rec,cross-domain,0.0000,1.0000,3725.710,3710,15.30059,1,-6.243,-2.772,-4.378,0,-8.793,50,2.052,50,44.1
216.00,217.27,220.59,1,19.72230,1,e_rec,cross-domain,0.0000,1.0000,3325.710,3310,15.72230,1,-6.243,-2.772,-4.378,0,-8.793,50,1.833,50,22.8
216.40,217.67,220.59,1,19.92402,1,e_rec,cross-domain,0.0000,1.0000,2925.710,2910,15.92402,1,-6.243,-2.772,-4.378,0,-8.793,50,1.478,50,13.44
216.80,218.07,220.59,1,19.41404,1,e_rec,cross-domain,0.0000,1.0000,2525.710,2510,15.41404,1,-6.243,-2.772,-4.378,0,-8.793,50,1.996,50,38.36
217.20,218.47,220.59,1,19.81517,1,e_rec,cross-domain,0.0000,1.0000,2125.710,2110,15.81517,1,-6.243,-2.772,-4.378,0,-8.793,50,1.971,50,17.49
217.60,218.87,220.59,1,19.98604,1,e_rec,cross-domain,0.0000,1.0000,1725.710,1710,15.98604,1,-6.243,-2.772,-4.378,0,-8.793,50,1.526,50,10.04
218.00,219.27,220.59,1,19.29640,1,e_rec,cross-domain,0.0000,1.0000,1325.710,1310,15.29640,1,-6.243,-2.772,-4.378,0,-8.793,50,2.311,50,43.46
218.40,219.67,220.59,1,19.70523,1,e_rec,cross-domain,0.0000,1.0000,925.710,910,15.70523,1,-6.243,-2.772,-4.378,0,-8.793,50,2.125,50,22.72
218.80,220.07,220.59,1,19.88491,1,e_rec,cross-domain,0.0000,1.0000,525.710,510,15.88491,1,-6.243,-2.772,-4.378,0,-8.793,50,1.86,50,14.21
219.20,220.47,220.59,-1,12.31827,1,e_rec,cross-domain,0.0000,1.0000,125.710,110,8.31827,1,-6.243,-2.772,-4.378,0,-8.793,50,0.9516,26.58,31.21
219.60,220.87,220.88,-1,3.40078,1,|r_qp|,cross-domain,0.0000,0.7734,3.692,0,0.30703,1,-6.243,-2.772,-4.378,0,-8.793,38.12,0.5503,0.4577,1.1
220.00,221.27,221.28,-1,1.19958,1,|r_qp|,cross-domain,0.0000,0.4609,3.749,0,-0.64417,0,-6.243,-2.772,-4.378,0,-8.793,21.24,-0.00392,-0.6905,-0.8739
220.40,221.67,221.68,-1,-0.28705,1,|r_qp|,cross-domain,0.0000,0.1484,3.536,0,-0.88080,0,-6.243,-2.772,-4.378,0,-8.793,6.858,-0.1263,3.11,44.13
220.80,222.07,222.08,-1,-1.61593,0,|r_qp|,cross-domain,0.0000,0.0000,4.276,0,-1.61593,0,-6.243,-2.772,-4.378,0,-8.793,1.946,0.467,-1.107,1.767
221.20,222.47,222.48,-1,-1.67494,0,|r_qp|,cross-domain,0.0000,0.0000,3.586,0,-1.67494,0,-6.243,-2.772,-4.378,0,-8.793,0.5903,-0.008661,-1.347,-0.2838
221.60,222.87,222.88,-1,-1.40527,0,|r_qp|,cross-domain,0.0000,0.0000,3.673,0,-1.40527,0,-6.243,-2.772,-4.378,0,-8.793,-0.4003,0.2319,2.781,50
222.00,223.27,223.28,-1,-1.53229,0,|r_qp|,cross-domain,0.0000,0.0000,3.824,0,-1.53229,0,-6.243,-2.772,-4.378,0,-8.793,-0.368,0.6251,-0.5661,0.9076
222.40,223.67,223.68,-1,-1.51169,0,|r_qp|,cross-domain,0.0000,0.0000,3.514,0,-1.51169,0,-6.243,-2.772,-4.378,0,-8.793,0.8007,0.02381,-0.8828,-0.9232
222.80,224.07,224.08,-1,-1.49426,0,|r_qp|,cross-domain,0.0000,0.0000,3.848,0,-1.49426,0,-6.243,-2.772,-4.378,0,-8.793,2.017,-0.5473,1.919,48.18
223.20,224.47,224.48,-1,-1.43629,0,|r_qp|,cross-domain,0.0000,0.0000,3.467,0,-1.43629,0,-6.243,-2.772,-4.378,0,-8.793,2.395,-0.06212,-0.7668,0.5986
223.60,224.87,224.88,-1,-1.42314,0,|r_qp|,cross-domain,0.0000,0.0000,4.390,0,-1.42314,0,-6.243,-2.772,-4.378,0,-8.793,2.209,-0.4027,-0.8473,-0.6538
224.00,225.27,225.28,-1,-1.87923,0,|r_qp|,cross-domain,0.0000,0.0000,3.665,0,-1.87923,0,-6.243,-2.772,-4.378,0,-8.793,1.702,-0.3507,0.8752,50
224.40,225.67,225.68,-1,-1.55886,0,|r_qp|,cross-domain,0.0000,0.0000,3.598,0,-1.55886,0,-6.243,-2.772,-4.378,0,-8.793,1.383,0.2111,-0.9017,1.814
224.80,226.07,226.08,-1,-1.61012,0,|r_qp|,cross-domain,0.0000,0.0000,3.770,0,-1.61012,0,-6.243,-2.772,-4.378,0,-8.793,0.7054,-0.1169,-1.172,-0.219
225.20,226.47,226.48,-1,-1.95089,0,|r_qp|,cross-domain,0.0000,0.0000,3.553,0,-1.95089,0,-6.243,-2.772,-4.378,0,-8.793,0.0968,0.2838,0.9777,50
225.60,226.87,226.88,-1,-1.60701,0,|r_qp|,cross-domain,0.0000,0.0000,3.578,0,-1.60701,0,-6.243,-2.772,-4.378,0,-8.793,-0.02974,0.7053,-0.7921,1.563
226.00,227.27,227.28,-1,-1.58380,0,|r_qp|,cross-domain,0.0000,0.0000,3.600,0,-1.58380,0,-6.243,-2.772,-4.378,0,-8.793,0.316,0.1133,-1.037,-0.968
226.40,227.67,227.68,-1,-1.79766,0,|r_qp|,cross-domain,0.0000,0.0000,3.491,0,-1.79766,0,-6.243,-2.772,-4.378,0,-8.793,0.8138,-0.1269,1.295,50
226.80,228.07,228.08,-1,-1.55326,0,|r_qp|,cross-domain,0.0000,0.0000,3.478,0,-1.55326,0,-6.243,-2.772,-4.378,0,-8.793,1.16,0.3304,-0.9121,0.4958
227.20,228.47,228.48,-1,-1.42801,0,|r_qp|,cross-domain,0.0000,0.0000,3.641,0,-1.42801,0,-6.243,-2.772,-4.378,0,-8.793,1.209,-0.3828,-0.7512,-0.9608
227.60,228.87,228.88,-1,-1.77026,0,|r_qp|,cross-domain,0.0000,0.0000,3.514,0,-1.77026,0,-6.243,-2.772,-4.378,0,-8.793,1.133,-0.5272,1.261,50
228.00,229.27,229.28,-1,-1.64525,0,|r_qp|,cross-domain,0.0000,0.0000,3.642,0,-1.64525,0,-6.243,-2.772,-4.378,0,-8.793,0.845,-0.06116,-1.178,1.62
228.40,229.67,229.68,-1,-1.64039,0,|r_qp|,cross-domain,0.0000,0.0000,3.613,0,-1.64039,0,-6.243,-2.772,-4.378,0,-8.793,0.02093,-0.5814,-1.295,-0.5095
228.80,230.07,230.08,-1,-1.18052,0,|r_qp|,cross-domain,0.0000,0.0000,3.425,0,-1.18052,0,-6.243,-2.772,-4.378,0,-8.793,-0.6712,-0.1427,3.376,48.64
229.20,230.47,230.48,-1,-1.51772,0,|r_qp|,cross-domain,0.0000,0.0000,3.617,0,-1.51772,0,-6.243,-2.772,-4.378,0,-8.793,-0.4317,0.3759,-0.5552,1.019
229.60,230.87,230.88,-1,-1.46578,0,|r_qp|,cross-domain,0.0000,0.0000,3.551,0,-1.46578,0,-6.243,-2.772,-4.378,0,-8.793,0.9461,-0.03722,-0.7594,-0.8092
230.00,231.27,231.28,-1,-1.58682,0,|r_qp|,cross-domain,0.0000,0.0000,3.602,0,-1.58682,0,-6.243,-2.772,-4.378,0,-8.793,2.158,-0.4509,1.675,49.02
230.40,231.67,231.68,-1,-1.51546,0,|r_qp|,cross-domain,0.0000,0.0000,3.731,0,-1.51546,0,-6.243,-2.772,-4.378,0,-8.793,2.306,-0.1024,-0.9424,1.826
230.80,232.07,232.08,-1,-1.56618,0,|r_qp|,cross-domain,0.0000,0.0000,3.651,0,-1.56618,0,-6.243,-2.772,-4.378,0,-8.793,1.694,-0.346,-1.243,-0.8805
231.20,232.47,232.48,-1,-1.42607,0,|r_qp|,cross-domain,0.0000,0.0000,3.763,0,-1.42607,0,-6.243,-2.772,-4.378,0,-8.793,1.094,0.05354,2.253,46.17
231.60,232.87,232.88,-1,-1.66856,0,|r_qp|,cross-domain,0.0000,0.0000,4.269,0,-1.66856,0,-6.243,-2.772,-4.378,0,-8.793,0.8016,0.5823,-1.095,1.965
232.00,233.27,233.28,-1,-1.70568,0,|r_qp|,cross-domain,0.0000,0.0000,4.133,0,-1.70568,0,-6.243,-2.772,-4.378,0,-8.793,-0.08272,0.09018,-1.35,-0.4413
232.40,233.67,233.68,-1,-1.37971,0,|r_qp|,cross-domain,0.0000,0.0000,3.728,0,-1.37971,0,-6.243,-2.772,-4.378,0,-8.793,-0.704,0.06596,2.688,47.08
232.80,234.07,234.08,-1,-1.60527,0,|r_qp|,cross-domain,0.0000,0.0000,3.820,0,-1.60527,0,-6.243,-2.772,-4.378,0,-8.793,-0.6882,0.3514,-0.8188,0.8522
233.20,234.47,234.48,-1,-1.62593,0,|r_qp|,cross-domain,0.0000,0.0000,3.756,0,-1.62593,0,-6.243,-2.772,-4.378,0,-8.793,0.2224,-0.07068,-1.196,-0.939
233.60,234.87,234.88,-1,-1.44557,0,|r_qp|,cross-domain,0.0000,0.0000,3.590,0,-1.44557,0,-6.243,-2.772,-4.378,0,-8.793,0.9752,-0.4273,2.343,50
234.00,235.27,235.28,-1,-1.47157,0,|r_qp|,cross-domain,0.0000,0.0000,3.470,0,-1.47157,0,-6.243,-2.772,-4.378,0,-8.793,1.094,0.04272,-0.6977,0.5385
234.40,235.67,235.68,-1,-1.35751,0,|r_qp|,cross-domain,0.0000,0.0000,3.706,0,-1.35751,0,-6.243,-2.772,-4.378,0,-8.793,1.47,-0.6177,-0.6026,-0.9098
234.80,236.07,236.08,-1,-1.82892,0,|r_qp|,cross-domain,0.0000,0.0000,3.673,0,-1.82892,0,-6.243,-2.772,-4.378,0,-8.793,1.676,-0.6592,0.9771,50
235.20,236.47,236.48,-1,-1.59268,0,|r_qp|,cross-domain,0.0000,0.0000,3.661,0,-1.59268,0,-6.243,-2.772,-4.378,0,-8.793,1.521,-0.004437,-1.157,0.4197
235.60,236.87,236.88,-1,-1.65592,0,|r_qp|,cross-domain,0.0000,0.0000,3.554,0,-1.65592,0,-6.243,-2.772,-4.378,0,-8.793,0.1959,-0.3559,-1.348,-0.9486
236.00,237.27,237.28,-1,-1.85541,0,|r_qp|,cross-domain,0.0000,0.0000,3.564,0,-1.85541,0,-6.243,-2.772,-4.378,0,-8.793,-0.8111,-0.2414,1.226,48.93
236.40,237.67,237.68,-1,-1.48087,0,|r_qp|,cross-domain,0.0000,0.0000,3.672,0,-1.48087,0,-6.243,-2.772,-4.378,0,-8.793,-0.7564,0.1167,-0.4299,1.323
236.80,238.07,238.08,-1,-1.42598,0,|r_qp|,cross-domain,0.0000,0.0000,3.510,0,-1.42598,0,-6.243,-2.772,-4.378,0,-8.793,0.4149,-0.4705,-0.6622,-0.967
237.20,238.47,238.48,-1,-1.53842,0,|r_qp|,cross-domain,0.0000,0.0000,3.676,0,-1.53842,0,-6.243,-2.772,-4.378,0,-8.793,1.711,-0.4809,1.941,50
237.60,238.87,238.88,-1,-1.42255,0,|r_qp|,cross-domain,0.0000,0.0000,3.582,0,-1.42255,0,-6.243,-2.772,-4.378,0,-8.793,2.108,0.0238,-0.6811,0.4008
238.00,239.27,239.28,-1,-1.42483,0,|r_qp|,cross-domain,0.0000,0.0000,3.587,0,-1.42483,0,-6.243,-2.772,-4.378,0,-8.793,2.292,-0.5021,-0.9023,-0.9611
238.40,239.67,239.68,-1,-1.76150,0,|r_qp|,cross-domain,0.0000,0.0000,3.740,0,-1.76150,0,-6.243,-2.772,-4.378,0,-8.793,1.974,-0.4537,1.142,49.1
238.80,240.07,240.08,-1,-1.56785,0,|r_qp|,cross-domain,0.0000,0.0000,3.691,0,-1.56785,0,-6.243,-2.772,-4.378,0,-8.793,1.444,0.05515,-0.9974,1.368
239.20,240.47,240.48,-1,-1.57607,0,|r_qp|,cross-domain,0.0000,0.0000,3.588,0,-1.57607,0,-6.243,-2.772,-4.378,0,-8.793,0.4184,-0.3426,-1.091,-0.5187
239.60,240.87,240.88,-1,-1.28049,0,|r_qp|,cross-domain,0.0000,0.0000,3.550,0,-1.28049,0,-6.243,-2.772,-4.378,0,-8.793,0.603,-0.2901,2.834,48.15
240.00,241.27,241.28,-1,-1.53418,0,|r_qp|,cross-domain,0.0000,0.0000,3.556,0,-1.53418,0,-6.243,-2.772,-4.378,0,-8.793,1.339,0.1394,-0.8181,2.032
240.40,241.67,241.68,-1,-1.65048,0,|r_qp|,cross-domain,0.0000,0.0000,3.814,0,-1.65048,0,-6.243,-2.772,-4.378,0,-8.793,1.042,-0.5149,-1.431,-0.3089
240.80,242.07,242.08,-1,-2.05193,0,|r_qp|,cross-domain,0.0000,0.0000,3.776,0,-2.05193,0,-6.243,-2.772,-4.378,0,-8.793,0.266,-0.4821,0.4763,50
241.20,242.47,242.48,-1,-1.69917,0,|r_qp|,cross-domain,0.0000,0.0000,3.724,0,-1.69917,0,-6.243,-2.772,-4.378,0,-8.793,-0.9132,0.06359,-0.959,3.963
241.60,242.87,242.88,-1,-1.68350,0,|r_qp|,cross-domain,0.0000,0.0000,3.617,0,-1.68350,0,-6.243,-2.772,-4.378,0,-8.793,-0.9435,-0.2867,-1.266,-0.7573
242.00,243.27,243.28,-1,-2.00319,0,|r_qp|,cross-domain,0.0000,0.0000,3.488,0,-2.00319,0,-6.243,-2.772,-4.378,0,-8.793,-0.4885,-0.1957,0.7865,50
242.40,243.67,243.68,-1,-1.70991,0,|r_qp|,cross-domain,0.0000,0.0000,3.623,0,-1.70991,0,-6.243,-2.772,-4.378,0,-8.793,-0.5825,0.2742,-1.145,1.485
242.80,244.07,244.08,-1,-1.63993,0,|r_qp|,cross-domain,0.0000,0.0000,3.601,0,-1.63993,0,-6.243,-2.772,-4.378,0,-8.793,-0.7041,-0.2938,-1.168,-0.9214
243.20,244.47,244.48,-1,-1.07754,0,|r_qp|,cross-domain,0.0000,0.0000,3.566,0,-1.07754,0,-6.243,-2.772,-4.378,0,-8.793,0.9503,-0.0596,3.602,50
243.60,244.87,244.88,-1,-1.08800,0,|r_qp|,cross-domain,0.0000,0.0000,3.681,0,-1.08800,0,-6.243,-2.772,-4.378,0,-8.793,2.196,0.5187,0.5295,1.179
244.00,245.27,245.28,-1,-1.19145,0,|r_qp|,cross-domain,0.0000,0.0000,3.453,0,-1.19145,0,-6.243,-2.772,-4.378,0,-8.793,4.255,0.007145,-0.2983,-0.9549
244.40,245.67,245.68,-1,-1.07667,0,|r_qp|,cross-domain,0.0000,0.0000,3.672,0,-1.07667,0,-6.243,-2.772,-4.378,0,-8.793,4.975,-0.2519,2.944,48.19
244.80,246.07,246.08,-1,-1.35148,0,|r_qp|,cross-domain,0.0000,0.0000,3.672,0,-1.35148,0,-6.243,-2.772,-4.378,0,-8.793,4.177,0.0885,-0.6768,0.8106
245.20,246.47,246.48,-1,-1.36805,0,|r_qp|,cross-domain,0.0000,0.0000,3.654,0,-1.36805,0,-6.243,-2.772,-4.378,0,-8.793,3.299,-0.4268,-0.8292,-0.9095
245.60,246.87,246.88,-1,-1.25975,0,|r_qp|,cross-domain,0.0000,0.0000,3.851,0,-1.25975,0,-6.243,-2.772,-4.378,0,-8.793,2.161,-0.3549,2.56,46.03
246.00,247.27,247.28,-1,-1.60784,0,|r_qp|,cross-domain,0.0000,0.0000,3.398,0,-1.60784,0,-6.243,-2.772,-4.378,0,-8.793,1.124,0.07183,-1.163,0.04274
246.40,247.67,247.68,-1,-1.52846,0,|r_qp|,cross-domain,0.0000,0.0000,3.673,0,-1.52846,0,-6.243,-2.772,-4.378,0,-8.793,0.6676,-0.4145,-1.004,-0.8349
246.80,248.07,248.08,-1,-1.75899,0,|r_qp|,cross-domain,0.0000,0.0000,3.579,0,-1.75899,0,-6.243,-2.772,-4.378,0,-8.793,0.3961,-0.2535,1.261,46.98
247.20,248.47,248.48,-1,-1.58863,0,|r_qp|,cross-domain,0.0000,0.0000,3.598,0,-1.58863,0,-6.243,-2.772,-4.378,0,-8.793,0.3795,0.1417,-0.9351,0.9858
247.60,248.87,248.88,-1,-1.62295,0,|r_qp|,cross-domain,0.0000,0.0000,3.693,0,-1.62295,0,-6.243,-2.772,-4.378,0,-8.793,0.1883,-0.03558,-1.161,-0.7106
248.00,249.27,249.28,-1,-1.77526,0,|r_qp|,cross-domain,0.0000,0.0000,3.550,0,-1.77526,0,-6.243,-2.772,-4.378,0,-8.793,0.3327,0.1756,1.489,50
248.40,249.67,249.68,-1,-1.49125,0,|r_qp|,cross-domain,0.0000,0.0000,3.642,0,-1.49125,0,-6.243,-2.772,-4.378,0,-8.793,0.3361,0.6386,-0.586,-0.1526
248.80,250.07,250.08,-1,-1.56969,0,|r_qp|,cross-domain,0.0000,0.0000,3.623,0,-1.56969,0,-6.243,-2.772,-4.378,0,-8.793,0.947,-0.006037,-1.08,-0.7027
249.20,250.47,250.48,-1,-1.92044,0,|r_qp|,cross-domain,0.0000,0.0000,3.553,0,-1.92044,0,-6.243,-2.772,-4.378,0,-8.793,1.242,-0.09133,0.854,50
249.60,250.87,250.88,-1,-1.61635,0,|r_qp|,cross-domain,0.0000,0.0000,3.748,0,-1.61635,0,-6.243,-2.772,-4.378,0,-8.793,0.8814,0.4876,-1.05,0.4536
250.00,251.27,251.28,0,-1.58954,0,|r_qp|,cross-domain,0.0000,0.0000,3.469,0,-1.58954,0,-6.243,-2.772,-4.378,0,-8.793,0.1725,-0.1638,-1.084,-0.7982
250.40,251.67,251.68,0,-1.64768,0,|r_qp|,cross-domain,0.0000,0.0000,3.829,0,-1.64768,0,-6.243,-2.772,-4.378,0,-8.793,-0.5331,-0.3038,1.671,46.11
250.80,252.07,252.08,0,-1.58038,0,|r_qp|,cross-domain,0.0000,0.0000,3.519,0,-1.58038,0,-6.243,-2.772,-4.378,0,-8.793,-0.4212,0.08837,-0.7982,1.309
251.20,252.47,252.48,0,-1.55823,0,|r_qp|,cross-domain,0.0000,0.0000,3.512,0,-1.55823,0,-6.243,-2.772,-4.378,0,-8.793,0.0958,-0.3345,-1.006,-0.7661
251.60,252.87,252.88,0,-1.28936,0,|r_qp|,cross-domain,0.0000,0.0000,3.650,0,-1.28936,0,-6.243,-2.772,-4.378,0,-8.793,0.8519,-0.2824,2.769,48.04
252.00,253.27,253.28,0,-1.50542,0,|r_qp|,cross-domain,0.0000,0.0000,3.451,0,-1.50542,0,-6.243,-2.772,-4.378,0,-8.793,1.323,-0.00909,-0.8368,0.6838
252.40,253.67,253.68,0,-1.50886,0,|r_qp|,cross-domain,0.0000,0.0000,3.417,0,-1.50886,0,-6.243,-2.772,-4.378,0,-8.793,1.588,-0.4195,-1.064,-0.9227
252.80,254.07,254.08,0,-1.78722,0,|r_qp|,cross-domain,0.0000,0.0000,3.619,0,-1.78722,0,-6.243,-2.772,-4.378,0,-8.793,1.429,-0.3526,1.205,50
253.20,254.47,254.48,0,-1.60761,0,|r_qp|,cross-domain,0.0000,0.0000,3.530,0,-1.60761,0,-6.243,-2.772,-4.378,0,-8.793,0.9061,0.3328,-1.067,0.2807
253.60,254.87,254.88,0,-1.70352,0,|r_qp|,cross-domain,0.0000,0.0000,3.892,0,-1.70352,0,-6.243,-2.772,-4.378,0,-8.793,-0.3611,-0.2216,-1.391,-0.757
254.00,255.27,255.28,0,-1.96498,0,|r_qp|,cross-domain,0.0000,0.0000,3.657,0,-1.96498,0,-6.243,-2.772,-4.378,0,-8.793,-1.205,-0.3726,0.9638,50
254.40,255.67,255.68,0,-1.58729,0,|r_qp|,cross-domain,0.0000,0.0000,3.531,0,-1.58729,0,-6.243,-2.772,-4.378,0,-8.793,-1.253,0.1384,-0.6977,1.424
254.80,256.07,256.08,0,-1.58925,0,|r_qp|,cross-domain,0.0000,0.0000,3.627,0,-1.58925,0,-6.243,-2.772,-4.378,0,-8.793,-0.3438,-0.1937,-1.017,-0.6898
255.20,256.47,256.48,0,-1.65316,0,|r_qp|,cross-domain,0.0000,0.0000,3.462,0,-1.65316,0,-6.243,-2.772,-4.378,0,-8.793,0.9383,-0.03165,1.762,50
255.60,256.87,256.88,0,-1.26639,0,|r_qp|,cross-domain,0.0000,0.0000,3.668,0,-1.26639,0,-6.243,-2.772,-4.378,0,-8.793,1.534,0.3841,-0.05375,0.08052
256.00,257.27,257.28,0,-1.46990,0,|r_qp|,cross-domain,0.0000,0.0000,3.486,0,-1.46990,0,-6.243,-2.772,-4.378,0,-8.793,2.028,-0.008381,-0.903,-0.7993
256.40,257.67,257.68,0,-1.92498,0,|r_qp|,cross-domain,0.0000,0.0000,3.491,0,-1.92498,0,-6.243,-2.772,-4.378,0,-8.793,1.997,0.04297,0.7712,50
256.80,258.07,258.08,0,-1.58963,0,|r_qp|,cross-domain,0.0000,0.0000,3.725,0,-1.58963,0,-6.243,-2.772,-4.378,0,-8.793,1.351,0.6123,-1.015,0.1824
257.20,258.47,258.48,0,-1.61687,0,|r_qp|,cross-domain,0.0000,0.0000,3.542,0,-1.61687,0,-6.243,-2.772,-4.378,0,-8.793,0.2658,-0.1657,-1.193,-0.9623
257.60,258.87,258.88,0,-1.93097,0,|r_qp|,cross-domain,0.0000,0.0000,3.791,0,-1.93097,0,-6.243,-2.772,-4.378,0,-8.793,-0.6314,-0.1213,1.051,50
258.00,259.27,259.28,0,-1.36132,0,|r_qp|,cross-domain,0.0000,0.0000,3.536,0,-1.36132,0,-6.243,-2.772,-4.378,0,-8.793,-0.3408,0.5615,-0.05972,0.4886
258.40,259.67,259.68,0,-1.43631,0,|r_qp|,cross-domain,0.0000,0.0000,3.551,0,-1.43631,0,-6.243,-2.772,-4.378,0,-8.793,0.912,0.1094,-0.6354,-0.8864
258.80,260.07,260.08,0,-1.71883,0,|r_qp|,cross-domain,0.0000,0.0000,3.666,0,-1.71883,0,-6.243,-2.772,-4.378,0,-8.793,2.118,0.1264,1.434,50
259.20,260.47,260.48,0,-1.57627,0,|r_qp|,cross-domain,0.0000,0.0000,3.566,0,-1.57627,0,-6.243,-2.772,-4.378,0,-8.793,2.199,0.6937,-1.047,0.4336
259.60,260.87,260.88,0,-1.53186,0,|r_qp|,cross-domain,0.0000,0.0000,3.656,0,-1.53186,0,-6.243,-2.772,-4.378,0,-8.793,1.368,0.3016,-0.9593,-0.8655
260.00,261.27,261.28,0,-1.87967,0,|r_qp|,cross-domain,0.0000,0.0000,3.555,0,-1.87967,0,-6.243,-2.772,-4.378,0,-8.793,0.5976,0.4485,1.063,48.15
260.40,261.67,261.68,0,-1.63417,0,|r_qp|,cross-domain,0.0000,0.0000,3.479,0,-1.63417,0,-6.243,-2.772,-4.378,0,-8.793,0.2375,0.5046,-1.052,-0.0355
260.80,262.07,262.08,0,-1.63398,0,|r_qp|,cross-domain,0.0000,0.0000,3.579,0,-1.63398,0,-6.243,-2.772,-4.378,0,-8.793,-0.3222,-0.1197,-1.162,-0.9271
261.20,262.47,262.48,0,-1.99792,0,|r_qp|,cross-domain,0.0000,0.0000,3.517,0,-1.99792,0,-6.243,-2.772,-4.378,0,-8.793,-0.7328,-0.1469,0.8442,50
261.60,262.87,262.88,0,-1.58911,0,|r_qp|,cross-domain,0.0000,0.0000,3.742,0,-1.58911,0,-6.243,-2.772,-4.378,0,-8.793,-0.6728,0.3652,-0.7847,0.5484
262.00,263.27,263.28,0,-1.55781,0,|r_qp|,cross-domain,0.0000,0.0000,3.656,0,-1.55781,0,-6.243,-2.772,-4.378,0,-8.793,0.3973,-0.2721,-1.042,-0.9599
262.40,263.67,263.68,0,-1.72735,0,|r_qp|,cross-domain,0.0000,0.0000,3.645,0,-1.72735,0,-6.243,-2.772,-4.378,0,-8.793,1.435,-0.5051,1.365,50
262.80,264.07,264.08,0,-1.51755,0,|r_qp|,cross-domain,0.0000,0.0000,3.613,0,-1.51755,0,-6.243,-2.772,-4.378,0,-8.793,1.584,0.09466,-0.8862,0.709
263.20,264.47,264.48,0,-1.58244,0,|r_qp|,cross-domain,0.0000,0.0000,3.537,0,-1.58244,0,-6.243,-2.772,-4.378,0,-8.793,1.166,-0.2632,-1.216,-0.9529
263.60,264.87,264.88,0,-1.95592,0,|r_qp|,cross-domain,0.0000,0.0000,3.476,0,-1.95592,0,-6.243,-2.772,-4.378,0,-8.793,0.5938,-0.0987,0.8208,50
264.00,265.27,265.28,0,-1.63985,0,|r_qp|,cross-domain,0.0000,0.0000,3.609,0,-1.63985,0,-6.243,-2.772,-4.378,0,-8.793,0.2238,0.3269,-1.074,0.465
264.40,265.67,265.68,0,-1.71144,0,|r_qp|,cross-domain,0.0000,0.0000,3.456,0,-1.71144,0,-6.243,-2.772,-4.378,0,-8.793,-0.3512,-0.1339,-1.407,-0.8805
264.80,266.07,266.08,0,-2.10923,0,|r_qp|,cross-domain,0.0000,0.0000,3.498,0,-2.10923,0,-6.243,-2.772,-4.378,0,-8.793,-0.7495,-0.1068,0.4974,50
265.20,266.47,266.48,0,-1.37821,0,|r_qp|,cross-domain,0.0000,0.0000,3.558,0,-1.37821,0,-6.243,-2.772,-4.378,0,-8.793,-0.6238,0.3964,-0.1083,0.5436
265.60,266.87,266.88,0,-1.49672,0,|r_qp|,cross-domain,0.0000,0.0000,3.595,0,-1.49672,0,-6.243,-2.772,-4.378,0,-8.793,0.5918,-0.08907,-0.8229,-0.7864
266.00,267.27,267.28,0,-1.75875,0,|r_qp|,cross-domain,0.0000,0.0000,3.619,0,-1.75875,0,-6.243,-2.772,-4.378,0,-8.793,1.737,0.1258,1.05,45.04
266.40,267.67,267.68,0,-1.63315,0,|r_qp|,cross-domain,0.0000,0.0000,3.562,0,-1.63315,0,-6.243,-2.772,-4.378,0,-8.793,1.945,0.933,-1.134,0.6852
266.80,268.07,268.08,0,-1.66145,0,|r_qp|,cross-domain,0.0000,0.0000,3.637,0,-1.66145,0,-6.243,-2.772,-4.378,0,-8.793,1.038,0.3464,-1.33,-0.9561
267.20,268.47,268.48,0,-1.99127,0,|r_qp|,cross-domain,0.0000,0.0000,4.831,0,-1.99127,0,-6.243,-2.772,-4.378,0,-8.793,0.2206,0.2997,0.8357,50
267.60,268.87,268.88,0,-1.64036,0,|r_qp|,cross-domain,0.0000,0.0000,3.646,0,-1.64036,0,-6.243,-2.772,-4.378,0,-8.793,0.09586,0.2686,-1.097,0.0527
268.00,269.27,269.28,0,-1.68183,0,|r_qp|,cross-domain,0.0000,0.0000,3.663,0,-1.68183,0,-6.243,-2.772,-4.378,0,-8.793,-0.335,-0.2094,-1.332,-0.9218
268.40,269.67,269.68,0,-1.94995,0,|r_qp|,cross-domain,0.0000,0.0000,3.577,0,-1.94995,0,-6.243,-2.772,-4.378,0,-8.793,-0.6281,-0.2058,0.9729,50
268.80,270.07,270.08,0,-1.53774,0,|r_qp|,cross-domain,0.0000,0.0000,3.637,0,-1.53774,0,-6.243,-2.772,-4.378,0,-8.793,-0.7332,0.163,-0.633,0.881
269.20,270.47,270.48,0,-1.54008,0,|r_qp|,cross-domain,0.0000,0.0000,3.603,0,-1.54008,0,-6.243,-2.772,-4.378,0,-8.793,0.309,-0.3729,-0.9924,-0.9237
269.60,270.87,270.88,0,-1.70002,0,|r_qp|,cross-domain,0.0000,0.0000,3.530,0,-1.70002,0,-6.243,-2.772,-4.378,0,-8.793,1.299,-0.4353,1.314,47.24
270.00,271.27,271.28,0,-1.51057,0,|r_qp|,cross-domain,0.0000,0.0000,3.550,0,-1.51057,0,-6.243,-2.772,-4.378,0,-8.793,1.522,0.1485,-0.8635,0.407
270.40,271.67,271.68,0,-1.47331,0,|r_qp|,cross-domain,0.0000,0.0000,3.465,0,-1.47331,0,-6.243,-2.772,-4.378,0,-8.793,1.571,-0.3059,-0.9174,-0.811
270.80,272.07,272.08,0,-1.79423,0,|r_qp|,cross-domain,0.0000,0.0000,3.569,0,-1.79423,0,-6.243,-2.772,-4.378,0,-8.793,1.652,0.03041,1.232,50
271.20,272.47,272.48,0,-1.65648,0,|r_qp|,cross-domain,0.0000,0.0000,3.682,0,-1.65648,0,-6.243,-2.772,-4.378,0,-8.793,1.31,1.046,-1.145,0.02702
271.60,272.87,272.88,0,-1.70736,0,|r_qp|,cross-domain,0.0000,0.0000,3.535,0,-1.70736,0,-6.243,-2.772,-4.378,0,-8.793,0.09273,0.5515,-1.316,-0.97
272.00,273.27,273.28,0,-1.92681,0,|r_qp|,cross-domain,0.0000,0.0000,3.536,0,-1.92681,0,-6.243,-2.772,-4.378,0,-8.793,-0.9314,0.7301,1.276,50
272.40,273.67,273.68,0,-1.71009,0,|r_qp|,cross-domain,0.0000,0.0000,3.497,0,-1.71009,0,-6.243,-2.772,-4.378,0,-8.793,-0.9445,0.8901,-1.02,0.7374
272.80,274.07,274.08,0,-1.67556,0,|r_qp|,cross-domain,0.0000,0.0000,3.602,0,-1.67556,0,-6.243,-2.772,-4.378,0,-8.793,-0.05165,0.2299,-1.261,-0.9649
273.20,274.47,274.48,0,-1.93702,0,|r_qp|,cross-domain,0.0000,0.0000,3.652,0,-1.93702,0,-6.243,-2.772,-4.378,0,-8.793,0.8216,0.04991,0.8828,50
273.60,274.87,274.88,0,-1.34975,0,|r_qp|,cross-domain,0.0000,0.0000,3.605,0,-1.34975,0,-6.243,-2.772,-4.378,0,-8.793,0.9275,0.2975,-0.2332,0.5502
274.00,275.27,275.28,0,-1.51769,0,|r_qp|,cross-domain,0.0000,0.0000,3.695,0,-1.51769,0,-6.243,-2.772,-4.378,0,-8.793,1.146,-0.03554,-0.9544,-0.868
274.40,275.67,275.68,0,-1.92660,0,|r_qp|,cross-domain,0.0000,0.0000,3.985,0,-1.92660,0,-6.243,-2.772,-4.378,0,-8.793,1.268,0.1532,0.8807,50
274.80,276.07,276.08,0,-1.60364,0,|r_qp|,cross-domain,0.0000,0.0000,3.728,0,-1.60364,0,-6.243,-2.772,-4.378,0,-8.793,1.123,0.6394,-1.014,0.3738
275.20,276.47,276.48,0,-1.66357,0,|r_qp|,cross-domain,0.0000,0.0000,3.663,0,-1.66357,0,-6.243,-2.772,-4.378,0,-8.793,0.4453,0.06096,-1.314,-0.8739
275.60,276.87,276.88,0,-2.08358,0,|r_qp|,cross-domain,0.0000,0.0000,3.538,0,-2.08358,0,-6.243,-2.772,-4.378,0,-8.793,-0.1899,-0.037,0.513,49.84
276.00,277.27,277.28,0,-1.63498,0,|r_qp|,cross-domain,0.0000,0.0000,3.780,0,-1.63498,0,-6.243,-2.772,-4.378,0,-8.793,-0.4256,0.3991,-0.94,0.8129
276.40,277.67,277.68,0,-1.58493,0,|r_qp|,cross-domain,0.0000,0.0000,3.561,0,-1.58493,0,-6.243,-2.772,-4.378,0,-8.793,0.06311,0.04033,-1.019,-0.8889
276.80,278.07,278.08,0,-1.92063,0,|r_qp|,cross-domain,0.0000,0.0000,3.464,0,-1.92063,0,-6.243,-2.772,-4.378,0,-8.793,0.5389,0.3092,0.7677,45.83
277.20,278.47,278.48,0,-1.46216,0,|r_qp|,cross-domain,0.0000,0.0000,3.668,0,-1.46216,0,-6.243,-2.772,-4.378,0,-8.793,0.863,0.7501,-0.4926,0.5655
277.60,278.87,278.88,0,-1.36411,0,|r_qp|,cross-domain,0.0000,0.0000,4.188,0,-1.36411,0,-6.243,-2.772,-4.378,0,-8.793,1.355,0.5453,-0.3636,-0.7626
278.00,279.27,279.28,0,-1.79407,0,|r_qp|,cross-domain,0.0000,0.0000,3.609,0,-1.79407,0,-6.243,-2.772,-4.378,0,-8.793,1.668,1.053,1.438,50
278.40,279.67,279.68,0,-1.69233,0,|r_qp|,cross-domain,0.0000,0.0000,3.664,0,-1.69233,0,-6.243,-2.772,-4.378,0,-8.793,1.542,2.027,-1.089,0.05255
278.80,280.07,280.08,0,-1.74248,0,|r_qp|,cross-domain,0.0000,0.0000,3.707,0,-1.74248,0,-6.243,-2.772,-4.378,0,-8.793,0.134,1.569,-1.221,-0.8765
279.20,280.47,280.48,0,-1.96012,0,|r_qp|,cross-domain,0.0000,0.0000,3.818,0,-1.96012,0,-6.243,-2.772,-4.378,0,-8.793,-0.9345,1.663,1.359,50
279.60,280.87,280.88,0,-1.64949,0,|r_qp|,cross-domain,0.0000,0.0000,3.626,0,-1.64949,0,-6.243,-2.772,-4.378,0,-8.793,-0.9295,2.026,-0.6308,0.1773
280.00,281.27,281.28,0,-1.60013,0,|r_qp|,cross-domain,0.0000,0.0000,3.559,0,-1.60013,0,-6.243,-2.772,-4.378,0,-8.793,0.2581,2.773,-0.5374,-0.9058
280.40,281.67,281.68,0,-1.91932,0,|r_qp|,cross-domain,0.0000,0.0000,3.789,0,-1.91932,0,-6.243,-2.772,-4.378,0,-8.793,1.471,4.12,1.595,48.52
280.80,282.07,282.08,0,-1.67237,0,|r_qp|,cross-domain,0.0000,0.0000,4.084,0,-1.67237,0,-6.243,-2.772,-4.378,0,-8.793,1.814,4.803,-0.4881,0.1538
281.20,282.47,282.48,0,-1.38989,0,|r_qp|,cross-domain,0.0000,0.0000,3.844,0,-1.38989,0,-6.243,-2.772,-4.378,0,-8.793,1.952,4.778,0.3623,-0.388
281.60,282.87,282.88,0,-1.90810,0,|r_qp|,cross-domain,0.0000,0.0000,3.498,0,-1.90810,0,-6.243,-2.772,-4.378,0,-8.793,1.915,4.878,1.674,47.64
282.00,283.27,283.28,0,-1.87328,0,|r_qp|,cross-domain,0.0000,0.0000,3.558,0,-1.87328,0,-6.243,-2.772,-4.378,0,-8.793,1.472,5.008,-1.062,-0.08215
282.40,283.67,283.68,0,-1.66041,0,|r_qp|,cross-domain,0.0000,0.0000,3.666,0,-1.66041,0,-6.243,-2.772,-4.378,0,-8.793,0.1266,3.604,-0.5292,-0.6459
282.80,284.07,284.08,0,-2.00620,0,|r_qp|,cross-domain,0.0000,0.0000,3.696,0,-2.00620,0,-6.243,-2.772,-4.378,0,-8.793,-0.8484,2.633,1.329,48.88
283.20,284.47,284.48,0,-1.30811,0,|r_qp|,cross-domain,0.0000,0.0000,3.880,0,-1.30811,0,-6.243,-2.772,-4.378,0,-8.793,-0.6699,2.328,0.5106,0.4637
283.60,284.87,284.88,0,-1.30800,0,|r_qp|,cross-domain,0.0000,0.0000,3.525,0,-1.30800,0,-6.243,-2.772,-4.378,0,-8.793,1.207,3.009,0.3404,-0.6959
284.00,285.27,285.28,0,-1.78268,0,|r_qp|,cross-domain,0.0000,0.0000,3.547,0,-1.78268,0,-6.243,-2.772,-4.378,0,-8.793,2.815,4.197,1.633,44.52
284.40,285.67,285.68,0,-1.78578,0,|r_qp|,cross-domain,0.0000,0.0000,3.685,0,-1.78578,0,-6.243,-2.772,-4.378,0,-8.793,2.834,4.59,-1.023,0.1727
284.80,286.07,286.08,0,-1.74144,0,|r_qp|,cross-domain,0.0000,0.0000,3.577,0,-1.74144,0,-6.243,-2.772,-4.378,0,-8.793,1.227,3.079,-1.046,-0.8244
285.20,286.47,286.48,0,-2.11013,0,|r_qp|,cross-domain,0.0000,0.0000,4.001,0,-2.11013,0,-6.243,-2.772,-4.378,0,-8.793,-0.1565,1.247,0.6948,50
285.60,286.87,286.88,0,-1.62658,0,|r_qp|,cross-domain,0.0000,0.0000,3.691,0,-1.62658,0,-6.243,-2.772,-4.378,0,-8.793,-0.647,0.429,-0.924,0.0804
286.00,287.27,287.28,0,-1.66054,0,|r_qp|,cross-domain,0.0000,0.0000,3.531,0,-1.66054,0,-6.243,-2.772,-4.378,0,-8.793,-0.7364,0.07954,-1.153,-0.8952
286.40,287.67,287.68,0,-1.96876,0,|r_qp|,cross-domain,0.0000,0.0000,3.627,0,-1.96876,0,-6.243,-2.772,-4.378,0,-8.793,-0.7453,0.3208,1.035,50
286.80,288.07,288.08,0,-1.66382,0,|r_qp|,cross-domain,0.0000,0.0000,3.553,0,-1.66382,0,-6.243,-2.772,-4.378,0,-8.793,-0.7017,1.222,-0.8459,0.5592
287.20,288.47,288.48,0,-1.67293,0,|r_qp|,cross-domain,0.0000,0.0000,3.650,0,-1.67293,0,-6.243,-2.772,-4.378,0,-8.793,0.03416,0.7398,-1.152,-0.8298
287.60,288.87,288.88,0,-1.73474,0,|r_qp|,cross-domain,0.0000,0.0000,3.662,0,-1.73474,0,-6.243,-2.772,-4.378,0,-8.793,0.8542,0.7221,1.469,46.82
288.00,289.27,289.28,0,-1.45775,0,|r_qp|,cross-domain,0.0000,0.0000,3.621,0,-1.45775,0,-6.243,-2.772,-4.378,0,-8.793,1.197,0.5516,-0.5875,0.1365
288.40,289.67,289.68,0,-1.37840,0,|r_qp|,cross-domain,0.0000,0.0000,3.653,0,-1.37840,0,-6.243,-2.772,-4.378,0,-8.793,1.669,0.7984,-0.3963,-0.7401
288.80,290.07,290.08,0,-1.66568,0,|r_qp|,cross-domain,0.0000,0.0000,3.569,0,-1.66568,0,-6.243,-2.772,-4.378,0,-8.793,1.926,1.67,1.943,50
289.20,290.47,290.48,0,-1.76063,0,|r_qp|,cross-domain,0.0000,0.0000,3.544,0,-1.76063,0,-6.243,-2.772,-4.378,0,-8.793,1.716,2.88,-1.178,-0.3037
289.60,290.87,290.88,0,-1.77179,0,|r_qp|,cross-domain,0.0000,0.0000,3.656,0,-1.77179,0,-6.243,-2.772,-4.378,0,-8.793,0.7089,2.175,-1.268,-0.9209
290.00,291.27,291.28,0,-1.91603,0,|r_qp|,cross-domain,0.0000,0.0000,3.558,0,-1.91603,0,-6.243,-2.772,-4.378,0,-8.793,-0.2757,1.982,1.453,49.53
290.40,291.67,291.68,0,-1.65347,0,|r_qp|,cross-domain,0.0000,0.0000,3.630,0,-1.65347,0,-6.243,-2.772,-4.378,0,-8.793,-0.4879,2.14,-0.677,0.1648
290.80,292.07,292.08,0,-1.57154,0,|r_qp|,cross-domain,0.0000,0.0000,3.574,0,-1.57154,0,-6.243,-2.772,-4.378,0,-8.793,0.1976,2.511,-0.4757,-0.6524
291.20,292.47,292.48,0,-1.84411,0,|r_qp|,cross-domain,0.0000,0.0000,3.483,0,-1.84411,0,-6.243,-2.772,-4.378,0,-8.793,0.9619,3.655,1.839,49.06
291.60,292.87,292.88,0,-1.70316,0,|r_qp|,cross-domain,0.0000,0.0000,4.262,0,-1.70316,0,-6.243,-2.772,-4.378,0,-8.793,1.286,4.008,-0.6756,0.2562
292.00,293.27,293.28,0,-1.68007,0,|r_qp|,cross-domain,0.0000,0.0000,3.707,0,-1.68007,0,-6.243,-2.772,-4.378,0,-8.793,1.254,3.455,-0.7792,-0.8743
292.40,293.67,293.68,0,-2.01548,0,|r_qp|,cross-domain,0.0000,0.0000,3.830,0,-2.01548,0,-6.243,-2.772,-4.378,0,-8.793,1.07,3.651,1.064,45.63
292.80,294.07,294.08,0,-1.85533,0,|r_qp|,cross-domain,0.0000,0.0000,4.087,0,-1.85533,0,-6.243,-2.772,-4.378,0,-8.793,0.7886,3.914,-1.147,-0.1798
293.20,294.47,294.48,0,-1.83688,0,|r_qp|,cross-domain,0.0000,0.0000,3.572,0,-1.83688,0,-6.243,-2.772,-4.378,0,-8.793,-0.02497,3.538,-1.106,-0.9156
293.60,294.87,294.88,0,-1.96895,0,|r_qp|,cross-domain,0.0000,0.0000,3.667,0,-1.96895,0,-6.243,-2.772,-4.378,0,-8.793,-0.629,2.971,1.558,50
294.00,295.27,295.28,0,-1.80952,0,|r_qp|,cross-domain,0.0000,0.0000,3.473,0,-1.80952,0,-6.243,-2.772,-4.378,0,-8.793,-0.5822,2.946,-0.9881,0.3859
294.40,295.67,295.68,0,-1.66481,0,|r_qp|,cross-domain,0.0000,0.0000,3.589,0,-1.66481,0,-6.243,-2.772,-4.378,0,-8.793,0.1141,1.991,-0.8849,-0.8902
294.80,296.07,296.08,0,-1.82730,0,|r_qp|,cross-domain,0.0000,0.0000,3.685,0,-1.82730,0,-6.243,-2.772,-4.378,0,-8.793,0.9351,1.167,1.155,45.23
295.20,296.47,296.48,0,-1.41403,0,|r_qp|,cross-domain,0.0000,0.0000,3.532,0,-1.41403,0,-6.243,-2.772,-4.378,0,-8.793,1.188,0.4988,-0.4542,0.178
295.60,296.87,296.88,0,-1.39894,0,|r_qp|,cross-domain,0.0000,0.0000,3.729,0,-1.39894,0,-6.243,-2.772,-4.378,0,-8.793,1.7,1.834,-0.2626,-0.8562
296.00,297.27,297.28,0,-1.97974,0,|r_qp|,cross-domain,0.0000,0.0000,3.633,0,-1.97974,0,-6.243,-2.772,-4.378,0,-8.793,1.985,4.002,1.235,47.27
296.40,297.67,297.68,0,-1.79293,0,|r_qp|,cross-domain,0.0000,0.0000,3.547,0,-1.79293,0,-6.243,-2.772,-4.378,0,-8.793,1.533,5.452,-0.7132,0.05643
296.80,298.07,298.08,0,-1.90725,0,|r_qp|,cross-domain,0.0000,0.0000,3.583,0,-1.90725,0,-6.243,-2.772,-4.378,0,-8.793,0.09438,3.407,-1.377,-0.9646
297.20,298.47,298.48,0,-1.93263,0,|r_qp|,cross-domain,0.0000,0.0000,3.499,0,-1.93263,0,-6.243,-2.772,-4.378,0,-8.793,-1.081,1.504,1.434,50
297.60,298.87,298.88,0,-1.68208,0,|r_qp|,cross-domain,0.0000,0.0000,3.636,0,-1.68208,0,-6.243,-2.772,-4.378,0,-8.793,-1.03,0.926,-0.9328,0.3977
298.00,299.27,299.28,0,-1.56968,0,|r_qp|,cross-domain,0.0000,0.0000,3.555,0,-1.56968,0,-6.243,-2.772,-4.378,0,-8.793,-0.02953,0.4347,-0.8624,-0.6353
298.40,299.67,299.68,0,-1.82004,0,|r_qp|,cross-domain,0.0000,0.0000,3.506,0,-1.82004,0,-6.243,-2.772,-4.378,0,-8.793,1.06,0.2916,1.211,48.92
