t_start,t_end,t_release,label,score,alarm,dominant,domain,csec_corr,csec_unc,decision_ms_after_target,csec_wait_ms,prov_score,prov_alarm,|r_bal|,|r_aux|,|r_cool|,|r_ups|,|r_qp|,|r_pv|,|r_reg|,e_rec,e_fc
2.00,3.27,4.17,0,5.87133,1,e_rec,cross-domain,0.6455,0.0000,891.151,890,8.45333,1,-6.243,-2.772,-4.378,0,-8.793,33.72,50,42.01,49.58
2.40,3.67,4.17,0,1.09269,1,e_rec,cross-domain,0.4611,0.0000,491.151,490,2.93697,1,-6.243,-2.772,-4.378,0,-8.793,29,48.32,24.59,42.32
2.80,4.07,4.17,0,10.87164,1,e_rec,cross-domain,0.1537,0.0000,91.151,90,11.48640,1,-6.243,-2.772,-4.378,0,-8.793,18.38,47.14,50,16.12
3.20,4.47,4.48,0,-3.60046,0,|r_qp|,cross-domain,0.0000,0.0000,3.635,0,-3.60046,0,-6.243,-2.772,-4.378,0,-8.793,8.336,50,7.458,48.44
3.60,4.87,4.88,0,6.97594,1,e_rec,cross-domain,0.0000,0.0000,5.343,0,6.97594,1,-6.243,-2.772,-4.378,0,-8.793,1.571,44.57,36.91,11.21
4.00,5.27,5.28,0,6.45390,1,e_rec,cross-domain,0.0000,0.0000,3.846,0,6.45390,1,-6.243,-2.772,-4.378,0,-8.793,2.323,47.63,35.7,7.192
4.40,5.67,5.68,0,-1.42187,0,e_rec,cross-domain,0.0000,0.0000,4.084,0,-1.42187,0,-6.243,-2.772,-4.378,0,-8.793,4.932,41.78,12.33,45.69
4.80,6.07,6.08,0,-1.40303,0,|r_qp|,cross-domain,0.0000,0.0000,4.332,0,-1.40303,0,-6.243,-2.772,-4.378,0,-8.793,7.569,37.87,8.144,1.861
5.20,6.47,6.48,0,-1.33268,0,|r_qp|,cross-domain,0.0000,0.0000,3.969,0,-1.33268,0,-6.243,-2.772,-4.378,0,-8.793,6.629,28.7,6.071,-0.09879
5.60,6.87,6.88,0,-2.34719,0,|r_qp|,cross-domain,0.0000,0.0000,3.608,0,-2.34719,0,-6.243,-2.772,-4.378,0,-8.793,4.111,18.83,3.892,45.41
6.00,7.27,7.28,0,-2.51955,0,|r_qp|,cross-domain,0.0000,0.0000,3.517,0,-2.51955,0,-6.243,-2.772,-4.378,0,-8.793,1.943,14.29,-0.5944,0.5425
6.40,7.67,7.68,0,-1.93443,0,|r_qp|,cross-domain,0.0000,0.0000,3.749,0,-1.93443,0,-6.243,-2.772,-4.378,0,-8.793,1.695,6.11,-0.8444,-0.4404
6.80,8.07,8.08,0,-0.05432,1,|r_qp|,cross-domain,0.0000,0.0000,5.138,0,-0.05432,1,-6.243,-2.772,-4.378,0,-8.793,2.957,0.622,6.078,37.73
7.20,8.47,8.48,0,-1.46392,0,|r_qp|,cross-domain,0.0000,0.0000,3.651,0,-1.46392,0,-6.243,-2.772,-4.378,0,-8.793,3.16,1.445,-0.6902,-0.3295
7.60,8.87,8.88,0,-1.23532,0,|r_qp|,cross-domain,0.0000,0.0000,4.687,0,-1.23532,0,-6.243,-2.772,-4.378,0,-8.793,4.169,1.024,-0.1967,-0.3369
8.00,9.27,9.28,0,-0.34884,0,|r_qp|,cross-domain,0.0000,0.0000,3.823,0,-0.34884,0,-6.243,-2.772,-4.378,0,-8.793,4.587,0.8707,5.62,45.96
8.40,9.67,9.68,0,-1.51524,0,|r_qp|,cross-domain,0.0000,0.0000,3.853,0,-1.51524,0,-6.243,-2.772,-4.378,0,-8.793,3.519,0.02623,-1.221,-0.1061
8.80,10.07,10.08,0,-1.40247,0,|r_qp|,cross-domain,0.0000,0.0000,3.702,0,-1.40247,0,-6.243,-2.772,-4.378,0,-8.793,2.085,-0.333,-0.754,0.6938
9.20,10.47,10.48,0,-0.78376,0,|r_qp|,cross-domain,0.0000,0.0000,3.603,0,-0.78376,0,-6.243,-2.772,-4.378,0,-8.793,0.2075,-0.1773,4.637,48.15
9.60,10.87,10.88,0,-1.72136,0,|r_qp|,cross-domain,0.0000,0.0000,2.781,0,-1.72136,0,-6.243,-2.772,-4.378,0,-8.793,-0.5158,0.67,-1.305,-0.6423
10.00,11.27,11.28,0,-1.35595,0,|r_qp|,cross-domain,0.0000,0.0000,4.960,0,-1.35595,0,-6.243,-2.772,-4.378,0,-8.793,0.09866,0.1399,-0.2506,1.168
10.40,11.67,11.68,0,-0.14208,1,|r_qp|,cross-domain,0.0000,0.0000,4.428,0,-0.14208,1,-6.243,-2.772,-4.378,0,-8.793,2.161,0.2384,6.366,46.05
10.80,12.07,12.08,0,-1.27951,0,|r_qp|,cross-domain,0.0000,0.0000,3.850,0,-1.27951,0,-6.243,-2.772,-4.378,0,-8.793,3.196,0.6116,-0.3395,-0.4597
11.20,12.47,12.48,0,-1.08799,0,|r_qp|,cross-domain,0.0000,0.0000,3.644,0,-1.08799,0,-6.243,-2.772,-4.378,0,-8.793,4.671,0.1339,0.07134,0.924
11.60,12.87,12.88,0,-0.07641,1,|r_qp|,cross-domain,0.0000,0.0000,3.747,0,-0.07641,1,-6.243,-2.772,-4.378,0,-8.793,4.797,0.3089,6.275,45.6
12.00,13.27,13.28,0,-1.35312,0,|r_qp|,cross-domain,0.0000,0.0000,3.527,0,-1.35312,0,-6.243,-2.772,-4.378,0,-8.793,4.208,0.702,-0.6402,-0.2916
12.40,13.67,13.68,0,-1.32627,0,|r_qp|,cross-domain,0.0000,0.0000,3.719,0,-1.32627,0,-6.243,-2.772,-4.378,0,-8.793,3.387,0.2894,-0.5387,0.1912
12.80,14.07,14.08,0,-0.67410,0,|r_qp|,cross-domain,0.0000,0.0000,5.261,0,-0.67410,0,-6.243,-2.772,-4.378,0,-8.793,1.951,0.003682,4.956,49.94
13.20,14.47,14.48,0,-1.56339,0,|r_qp|,cross-domain,0.0000,0.0000,4.039,0,-1.56339,0,-6.243,-2.772,-4.378,0,-8.793,1.085,0.3184,-1.071,-0.5832
13.60,14.87,14.88,0,-1.51417,0,|r_qp|,cross-domain,0.0000,0.0000,4.080,0,-1.51417,0,-6.243,-2.772,-4.378,0,-8.793,0.4456,-0.1543,-0.8616,0.9667
14.00,15.27,15.28,0,-1.07786,0,|r_qp|,cross-domain,0.0000,0.0000,3.673,0,-1.07786,0,-6.243,-2.772,-4.378,0,-8.793,0.474,0.04943,3.883,50
14.40,15.67,15.68,0,-1.31485,0,|r_qp|,cross-domain,0.0000,0.0000,3.740,0,-1.31485,0,-6.243,-2.772,-4.378,0,-8.793,0.794,0.8527,-0.1335,-0.4572
14.80,16.07,16.08,0,-1.25465,0,|r_qp|,cross-domain,0.0000,0.0000,3.785,0,-1.25465,0,-6.243,-2.772,-4.378,0,-8.793,1.165,0.3303,-0.02654,0.8499
15.20,16.47,16.48,0,-0.17420,1,|r_qp|,cross-domain,0.0000,0.0000,3.687,0,-0.17420,1,-6.243,-2.772,-4.378,0,-8.793,2.236,0.1914,6.08,43.6
15.60,16.87,16.88,0,-1.33899,0,|r_qp|,cross-domain,0.0000,0.0000,5.022,0,-1.33899,0,-6.243,-2.772,-4.378,0,-8.793,2.966,1.265,-0.3387,-0.4769
16.00,17.27,17.28,0,-1.10480,0,|r_qp|,cross-domain,0.0000,0.0000,5.179,0,-1.10480,0,-6.243,-2.772,-4.378,0,-8.793,3.962,0.2334,0.06183,0.08213
16.40,17.67,17.68,0,-1.21054,0,|r_qp|,cross-domain,0.0000,0.0000,4.215,0,-1.21054,0,-6.243,-2.772,-4.378,0,-8.793,3.205,0.09622,3.195,50
16.80,18.07,18.08,0,-1.08161,0,|r_qp|,cross-domain,0.0000,0.0000,4.136,0,-1.08161,0,-6.243,-2.772,-4.378,0,-8.793,2.132,0.2479,0.3125,-0.1957
17.20,18.47,18.48,0,-1.48646,0,|r_qp|,cross-domain,0.0000,0.0000,4.012,0,-1.48646,0,-6.243,-2.772,-4.378,0,-8.793,0.443,0.4237,-0.6726,0.3958
17.60,18.87,18.88,0,-0.56591,0,|r_qp|,cross-domain,0.0000,0.0000,4.035,0,-0.56591,0,-6.243,-2.772,-4.378,0,-8.793,0.55,0.5196,5.143,43.76
18.00,19.27,19.28,0,-1.35770,0,|r_qp|,cross-domain,0.0000,0.0000,3.693,0,-1.35770,0,-6.243,-2.772,-4.378,0,-8.793,1.488,1.758,-0.1201,-0.5087
18.40,19.67,19.68,0,-1.20492,0,|r_qp|,cross-domain,0.0000,0.0000,3.693,0,-1.20492,0,-6.243,-2.772,-4.378,0,-8.793,3.15,0.3764,-0.1617,-0.4502
18.80,20.07,20.08,0,-1.21796,0,|r_qp|,cross-domain,0.0000,0.0000,3.703,0,-1.21796,0,-6.243,-2.772,-4.378,0,-8.793,3.567,0.2001,3.16,50
19.20,20.47,20.48,0,-1.41390,0,|r_qp|,cross-domain,0.0000,0.0000,5.067,0,-1.41390,0,-6.243,-2.772,-4.378,0,-8.793,2.538,0.1085,-0.7947,-0.2699
19.60,20.87,20.88,0,-1.47725,0,|r_qp|,cross-domain,0.0000,0.0000,4.708,0,-1.47725,0,-6.243,-2.772,-4.378,0,-8.793,0.5512,-0.1885,-0.8148,0.2734
20.00,21.27,21.28,0,-0.94781,0,|r_qp|,cross-domain,0.0000,0.0000,4.059,0,-0.94781,0,-6.243,-2.772,-4.378,0,-8.793,-0.9154,-0.02011,4.415,50
20.40,21.67,21.68,0,-1.53745,0,|r_qp|,cross-domain,0.0000,0.0000,4.001,0,-1.53745,0,-6.243,-2.772,-4.378,0,-8.793,-0.7766,0.6385,-0.684,-0.1408
20.80,22.07,22.08,0,-1.52283,0,|r_qp|,cross-domain,0.0000,0.0000,3.725,0,-1.52283,0,-6.243,-2.772,-4.378,0,-8.793,0.07737,-0.01815,-0.9014,-0.2887
21.20,22.47,22.48,0,-1.01017,0,|r_qp|,cross-domain,0.0000,0.0000,3.780,0,-1.01017,0,-6.243,-2.772,-4.378,0,-8.793,0.4022,0.05897,4.102,50
21.60,22.87,22.88,0,-1.56032,0,|r_qp|,cross-domain,0.0000,0.0000,3.758,0,-1.56032,0,-6.243,-2.772,-4.378,0,-8.793,0.4971,0.4724,-0.9319,-0.157
22.00,23.27,23.28,0,-1.49491,0,|r_qp|,cross-domain,0.0000,0.0000,5.530,0,-1.49491,0,-6.243,-2.772,-4.378,0,-8.793,0.7472,-0.03724,-0.8972,-0.3749
22.40,23.67,23.68,0,-1.58432,0,|r_qp|,cross-domain,0.0000,0.0000,4.087,0,-1.58432,0,-6.243,-2.772,-4.378,0,-8.793,0.7367,-0.0001068,2.282,50
22.80,24.07,24.08,0,-1.23100,0,|r_qp|,cross-domain,0.0000,0.0000,4.288,0,-1.23100,0,-6.243,-2.772,-4.378,0,-8.793,0.5819,1.009,0.2609,0.6365
23.20,24.47,24.48,0,-1.46622,0,|r_qp|,cross-domain,0.0000,0.0000,3.883,0,-1.46622,0,-6.243,-2.772,-4.378,0,-8.793,-0.5452,1.527,-0.2432,0.2535
23.60,24.87,24.88,0,-1.59817,0,|r_qp|,cross-domain,0.0000,0.0000,3.824,0,-1.59817,0,-6.243,-2.772,-4.378,0,-8.793,-1.148,1.84,2.287,41.15
24.00,25.27,25.28,0,-1.54553,0,|r_qp|,cross-domain,0.0000,0.0000,3.771,0,-1.54553,0,-6.243,-2.772,-4.378,0,-8.793,-0.7447,3.401,0.01622,0.5688
24.40,25.67,25.68,0,-1.69813,0,|r_qp|,cross-domain,0.0000,0.0000,3.771,0,-1.69813,0,-6.243,-2.772,-4.378,0,-8.793,-0.3612,2.657,-0.7045,0.1854
24.80,26.07,26.08,-1,-1.04259,0,|r_qp|,cross-domain,0.0000,0.0000,3.731,0,-1.04259,0,-6.243,-2.772,-4.378,0,-8.793,0.9718,2.261,4.006,43.01
25.20,26.47,26.48,1,-1.31321,0,|r_qp|,cross-domain,0.0000,0.0000,5.158,0,-1.31321,0,-6.243,-2.772,-4.378,0,-8.793,1.624,2.807,0.3049,0.1358
25.60,26.87,26.88,1,-1.33983,0,|r_qp|,cross-domain,0.0000,0.0000,4.102,0,-1.33983,0,-6.243,-2.772,-4.378,0,-8.793,3.446,1.133,-0.3859,0.09105
26.00,27.27,27.28,1,-1.46744,0,|r_qp|,cross-domain,0.0000,0.0000,3.969,0,-1.46744,0,-6.243,-2.772,-4.378,0,-8.793,3.751,0.9975,2.438,48.11
26.40,27.67,27.68,1,-1.58237,0,|r_qp|,cross-domain,0.0000,0.0000,3.694,0,-1.58237,0,-6.243,-2.772,-4.378,0,-8.793,2.769,0.7506,-1.148,0.2109
26.80,28.07,28.08,1,-1.62168,0,|r_qp|,cross-domain,0.0000,0.0000,3.872,0,-1.62168,0,-6.243,-2.772,-4.378,0,-8.793,0.3303,-0.2393,-1.287,-0.2819
27.20,28.47,28.48,1,-1.51251,0,|r_qp|,cross-domain,0.0000,0.0000,3.693,0,-1.51251,0,-6.243,-2.772,-4.378,0,-8.793,-1.223,-0.3982,2.613,50
27.60,28.87,28.88,1,-1.69637,0,|r_qp|,cross-domain,0.0000,0.0000,3.657,0,-1.69637,0,-6.243,-2.772,-4.378,0,-8.793,-1.197,0.3952,-1.157,0.3256
28.00,29.27,29.28,1,-1.68499,0,|r_qp|,cross-domain,0.0000,0.0000,3.696,0,-1.68499,0,-6.243,-2.772,-4.378,0,-8.793,-0.938,-0.1078,-1.326,-0.4414
28.40,29.67,29.68,1,-1.37751,0,|r_qp|,cross-domain,0.0000,0.0000,5.153,0,-1.37751,0,-6.243,-2.772,-4.378,0,-8.793,-0.7495,0.6311,3.209,49.66
28.80,30.07,30.08,1,-1.09586,0,|r_qp|,cross-domain,0.0000,0.0000,4.427,0,-1.09586,0,-6.243,-2.772,-4.378,0,-8.793,0.04869,1.064,0.7348,0.4474
29.20,30.47,30.48,1,-1.24089,0,|r_qp|,cross-domain,0.0000,0.0000,3.877,0,-1.24089,0,-6.243,-2.772,-4.378,0,-8.793,2.357,0.6848,-0.1183,-0.5354
29.60,30.87,30.88,1,-0.79110,0,|r_qp|,cross-domain,0.0000,0.0000,4.007,0,-0.79110,0,-6.243,-2.772,-4.378,0,-8.793,4.225,0.1093,3.934,43.43
30.00,31.27,31.28,1,-1.48731,0,|r_qp|,cross-domain,0.0000,0.0000,3.896,0,-1.48731,0,-6.243,-2.772,-4.378,0,-8.793,3.945,-0.1586,-1.24,-0.3174
30.40,31.67,31.68,1,-1.46941,0,|r_qp|,cross-domain,0.0000,0.0000,3.757,0,-1.46941,0,-6.243,-2.772,-4.378,0,-8.793,1.815,-0.5334,-1.071,-0.6276
30.80,32.07,32.08,1,-1.74532,0,|r_qp|,cross-domain,0.0000,0.0000,3.915,0,-1.74532,0,-6.243,-2.772,-4.378,0,-8.793,0.02985,-0.2097,1.777,49.54
31.20,32.47,32.48,1,-1.58299,0,|r_qp|,cross-domain,0.0000,0.0000,2.893,0,-1.58299,0,-6.243,-2.772,-4.378,0,-8.793,-0.1194,0.4459,-0.9276,0.06495
31.60,32.87,32.88,1,-1.44795,0,|r_qp|,cross-domain,0.0000,0.0000,5.065,0,-1.44795,0,-6.243,-2.772,-4.378,0,-8.793,0.5634,-0.08359,-0.7748,-0.8221
32.00,33.27,33.28,1,-1.07157,0,|r_qp|,cross-domain,0.0000,0.0000,4.203,0,-1.07157,0,-6.243,-2.772,-4.378,0,-8.793,1.662,-0.4405,3.585,48.96
32.40,33.67,33.68,1,-0.76686,0,|r_qp|,cross-domain,0.0000,0.0000,3.823,0,-0.76686,0,-6.243,-2.772,-4.378,0,-8.793,2.909,-0.1573,1.142,0.4007
32.80,34.07,34.08,1,-0.83875,0,|r_qp|,cross-domain,0.0000,0.0000,3.683,0,-0.83875,0,-6.243,-2.772,-4.378,0,-8.793,4.837,-0.7352,0.4906,-0.7978
33.20,34.47,34.48,1,-0.73934,0,|r_qp|,cross-domain,0.0000,0.0000,3.927,0,-0.73934,0,-6.243,-2.772,-4.378,0,-8.793,6.382,-0.999,3.805,46.55
33.60,34.87,34.88,1,-0.94474,0,|r_qp|,cross-domain,0.0000,0.0000,3.665,0,-0.94474,0,-6.243,-2.772,-4.378,0,-8.793,6.095,-0.3214,0.1671,-0.2828
34.00,35.27,35.28,1,-1.25546,0,|r_qp|,cross-domain,0.0000,0.0000,3.715,0,-1.25546,0,-6.243,-2.772,-4.378,0,-8.793,4.761,-0.6539,-0.7472,-0.5189
34.40,35.67,35.68,1,-0.81794,0,|r_qp|,cross-domain,0.0000,0.0000,5.369,0,-0.81794,0,-6.243,-2.772,-4.378,0,-8.793,3.688,-0.2791,4.195,49.02
34.80,36.07,36.08,1,-1.15359,0,|r_qp|,cross-domain,0.0000,0.0000,4.168,0,-1.15359,0,-6.243,-2.772,-4.378,0,-8.793,3.51,0.2805,-0.04485,-0.1503
35.20,36.47,36.48,1,-0.99113,0,|r_qp|,cross-domain,0.0000,0.0000,4.062,0,-0.99113,0,-6.243,-2.772,-4.378,0,-8.793,3.875,-0.1503,0.2768,-0.6535
35.60,36.87,36.88,1,-0.62547,0,|r_qp|,cross-domain,0.0000,0.0000,3.675,0,-0.62547,0,-6.243,-2.772,-4.378,0,-8.793,4.53,1.098,4.941,47.6
36.00,37.27,37.28,1,-1.15022,0,|r_qp|,cross-domain,0.0000,0.0000,3.860,0,-1.15022,0,-6.243,-2.772,-4.378,0,-8.793,4.578,1.632,0.2114,0.243
36.40,37.67,37.68,1,-0.97591,0,|r_qp|,cross-domain,0.0000,0.0000,3.641,0,-0.97591,0,-6.243,-2.772,-4.378,0,-8.793,4.718,2.351,0.8737,-0.3048
36.80,38.07,38.08,1,-0.95876,0,|r_qp|,cross-domain,0.0000,0.0000,3.569,0,-0.95876,0,-6.243,-2.772,-4.378,0,-8.793,4.731,3.742,4.473,46.57
37.20,38.47,38.48,1,-1.08597,0,|r_qp|,cross-domain,0.0000,0.0000,3.698,0,-1.08597,0,-6.243,-2.772,-4.378,0,-8.793,4.698,4.638,1.176,0.8188
37.60,38.87,38.88,1,-0.59998,0,|r_qp|,cross-domain,0.0000,0.0000,5.351,0,-0.59998,0,-6.243,-2.772,-4.378,0,-8.793,4.938,6.598,3.043,-0.4768
38.00,39.27,39.28,1,-1.01152,0,|r_qp|,cross-domain,0.0000,0.0000,4.450,0,-1.01152,0,-6.243,-2.772,-4.378,0,-8.793,4.883,8.69,5.517,46.65
38.40,39.67,39.68,1,-1.58901,0,|r_qp|,cross-domain,0.0000,0.0000,3.917,0,-1.58901,0,-6.243,-2.772,-4.378,0,-8.793,5.078,9.349,0.712,0.3466
38.80,40.07,40.08,1,-1.33823,0,|r_qp|,cross-domain,0.0000,0.0000,3.756,0,-1.33823,0,-6.243,-2.772,-4.378,0,-8.793,5.202,7.655,0.9908,-0.5951
39.20,40.47,40.48,1,0.48210,1,|r_qp|,cross-domain,0.0000,0.0000,3.972,0,0.48210,1,-6.243,-2.772,-4.378,0,-8.793,6.518,6.295,9.069,42.4
39.60,40.87,40.88,1,-0.67839,0,|r_qp|,cross-domain,0.0000,0.0000,3.755,0,-0.67839,0,-6.243,-2.772,-4.378,0,-8.793,7.819,5.55,2.349,1.156
40.00,41.27,41.28,1,-0.30222,1,|r_qp|,cross-domain,0.0000,0.0000,3.632,0,-0.30222,1,-6.243,-2.772,-4.378,0,-8.793,8.835,6.153,3.455,-0.2184
40.40,41.67,41.68,1,0.44291,1,|r_qp|,cross-domain,0.0000,0.0000,3.730,0,0.44291,1,-6.243,-2.772,-4.378,0,-8.793,9.533,6.906,8.635,40.3
40.80,42.07,42.08,1,-0.73717,0,|r_qp|,cross-domain,0.0000,0.0000,5.153,0,-0.73717,0,-6.243,-2.772,-4.378,0,-8.793,9.071,7.37,2.528,1.826
41.20,42.47,42.48,1,-0.04824,1,|r_qp|,cross-domain,0.0000,0.0000,4.653,0,-0.04824,1,-6.243,-2.772,-4.378,0,-8.793,8.537,10.16,5.247,-0.3663
41.60,42.87,42.88,1,-0.94783,0,|r_qp|,cross-domain,0.0000,0.0000,3.868,0,-0.94783,0,-6.243,-2.772,-4.378,0,-8.793,7.323,12.55,6.232,44.15
42.00,43.27,43.28,1,-0.90155,0,|r_qp|,cross-domain,0.0000,0.0000,3.715,0,-0.90155,0,-6.243,-2.772,-4.378,0,-8.793,6.494,13.88,3.905,1.918
42.40,43.67,43.68,1,-0.47885,0,|r_qp|,cross-domain,0.0000,0.0000,3.945,0,-0.47885,0,-6.243,-2.772,-4.378,0,-8.793,6.625,13.82,5.045,-0.0465
42.80,44.07,44.08,1,0.45131,1,|r_qp|,cross-domain,0.0000,0.0000,3.769,0,0.45131,1,-6.243,-2.772,-4.378,0,-8.793,7.846,14.07,10.79,43.06
43.20,44.47,44.48,1,1.49446,1,|r_qp|,cross-domain,0.0000,0.0000,4.006,0,1.49446,1,-6.243,-2.772,-4.378,0,-8.793,9.671,14.41,11.22,3.842
43.60,44.87,44.88,1,2.80028,1,e_rec,cross-domain,0.0000,0.0000,3.378,0,2.80028,1,-6.243,-2.772,-4.378,0,-8.793,11.45,17.58,15.61,0.5283
44.00,45.27,45.28,1,0.62710,1,e_rec,cross-domain,0.0000,0.0000,4.180,0,0.62710,1,-6.243,-2.772,-4.378,0,-8.793,12.59,20.54,12.35,41.98
44.40,45.67,45.68,1,-0.96278,0,|r_qp|,cross-domain,0.0000,0.0000,4.153,0,-0.96278,0,-6.243,-2.772,-4.378,0,-8.793,11.9,21.83,5.207,3.508
44.80,46.07,46.08,1,0.24494,1,|r_qp|,cross-domain,0.0000,0.0000,3.663,0,0.24494,1,-6.243,-2.772,-4.378,0,-8.793,9.648,20.62,8.645,0.1885
45.20,46.47,46.48,1,0.00825,1,|r_qp|,cross-domain,0.0000,0.0000,3.972,0,0.00825,1,-6.243,-2.772,-4.378,0,-8.793,7.773,18.94,10.73,44.45
45.60,46.87,46.88,1,2.84652,1,e_rec,cross-domain,0.0000,0.0000,3.894,0,2.84652,1,-6.243,-2.772,-4.378,0,-8.793,7.325,18.21,16.55,3.557
46.00,47.27,47.28,1,4.11682,1,e_rec,cross-domain,0.0000,0.0000,3.739,0,4.11682,1,-6.243,-2.772,-4.378,0,-8.793,8.479,22.52,21.21,0.6762
46.40,47.67,47.68,1,0.08720,1,e_rec,cross-domain,0.0000,0.0000,3.778,0,0.08720,1,-6.243,-2.772,-4.378,0,-8.793,9.502,26.97,12.78,44.7
46.80,48.07,48.08,1,0.70642,1,e_rec,cross-domain,0.0000,0.0000,5.217,0,0.70642,1,-6.243,-2.772,-4.378,0,-8.793,10.1,28.98,12.35,4.213
47.20,48.47,48.48,1,2.58389,1,e_rec,cross-domain,0.0000,0.0000,4.482,0,2.58389,1,-6.243,-2.772,-4.378,0,-8.793,10.83,28.04,17.58,0.5546
47.60,48.87,48.88,1,0.85239,1,e_rec,cross-domain,0.0000,0.0000,3.845,0,0.85239,1,-6.243,-2.772,-4.378,0,-8.793,11.67,26.59,14.49,39.99
48.00,49.27,49.28,1,0.67550,1,|r_qp|,cross-domain,0.0000,0.0000,3.684,0,0.67550,1,-6.243,-2.772,-4.378,0,-8.793,11.8,25.7,11.22,3.478
48.40,49.67,49.68,1,3.04360,1,e_rec,cross-domain,0.0000,0.0000,3.787,0,3.04360,1,-6.243,-2.772,-4.378,0,-8.793,10.77,27.17,18.8,0.6154
48.80,50.07,50.08,1,0.47933,1,e_rec,cross-domain,0.0000,0.0000,3.634,0,0.47933,1,-6.243,-2.772,-4.378,0,-8.793,9.765,28.56,14.27,43.43
49.20,50.47,50.48,1,2.98502,1,e_rec,cross-domain,0.0000,0.0000,3.589,0,2.98502,1,-6.243,-2.772,-4.378,0,-8.793,9.522,29.64,19.61,4.273
49.60,50.87,50.88,1,4.85689,1,e_rec,cross-domain,0.0000,0.0000,3.718,0,4.85689,1,-6.243,-2.772,-4.378,0,-8.793,10.47,31.57,25.55,1.335
50.00,51.27,51.28,1,1.63798,1,e_rec,cross-domain,0.0000,0.0000,5.369,0,1.63798,1,-6.243,-2.772,-4.378,0,-8.793,11.61,33.29,18.71,42.05
50.40,51.67,51.68,1,4.96369,1,e_rec,cross-domain,0.0000,0.0000,4.478,0,4.96369,1,-6.243,-2.772,-4.378,0,-8.793,12.39,33.9,26.54,5.569
50.80,52.07,52.08,1,7.74405,1,e_rec,cross-domain,0.0000,0.0000,3.663,0,7.74405,1,-6.243,-2.772,-4.378,0,-8.793,12.88,35.54,35.21,1.806
51.20,52.47,52.48,1,2.43638,1,e_rec,cross-domain,0.0000,0.0000,3.707,0,2.43638,1,-6.243,-2.772,-4.378,0,-8.793,13.45,36.49,21.83,43.03
51.60,52.87,52.88,1,4.86188,1,e_rec,cross-domain,0.0000,0.0000,3.824,0,4.86188,1,-6.243,-2.772,-4.378,0,-8.793,12.52,36.74,26.87,4.887
52.00,53.27,53.28,1,7.24207,1,e_rec,cross-domain,0.0000,0.0000,3.632,0,7.24207,1,-6.243,-2.772,-4.378,0,-8.793,10.42,38.64,34.67,1.56
52.40,53.67,53.68,1,0.59068,1,e_rec,cross-domain,0.0000,0.0000,3.744,0,0.59068,1,-6.243,-2.772,-4.378,0,-8.793,8.249,39.69,17.77,47.21
52.80,54.07,54.08,1,6.75787,1,e_rec,cross-domain,0.0000,0.0000,2.834,0,6.75787,1,-6.243,-2.772,-4.378,0,-8.793,7.693,40.13,34.09,5.274
53.20,54.47,54.48,1,7.35675,1,e_rec,cross-domain,0.0000,0.0000,5.177,0,7.35675,1,-6.243,-2.772,-4.378,0,-8.793,8.866,41.47,35.92,2.026
53.60,54.87,54.88,1,0.99239,1,e_rec,cross-domain,0.0000,0.0000,4.559,0,0.99239,1,-6.243,-2.772,-4.378,0,-8.793,10.25,42.28,19.16,43.16
54.00,55.27,55.28,1,9.95237,1,e_rec,cross-domain,0.0000,0.0000,3.852,0,9.95237,1,-6.243,-2.772,-4.378,0,-8.793,11.52,42.84,44.3,6.843
54.40,55.67,55.68,1,11.68809,1,e_rec,cross-domain,0.0000,0.0000,5.386,0,11.68809,1,-6.243,-2.772,-4.378,0,-8.793,13.04,45.86,50,3.34
54.80,56.07,56.08,1,2.82939,1,e_rec,cross-domain,0.0000,0.0000,3.727,0,2.82939,1,-6.243,-2.772,-4.378,0,-8.793,14.35,48.13,25.85,43.49
55.20,56.47,56.48,1,7.72962,1,e_rec,cross-domain,0.0000,0.0000,3.651,0,7.72962,1,-6.243,-2.772,-4.378,0,-8.793,14.23,48.65,38.57,6.432
55.60,56.87,56.88,1,10.96856,1,e_rec,cross-domain,0.0000,0.0000,3.819,0,10.96856,1,-6.243,-2.772,-4.378,0,-8.793,12.23,47.89,48.31,2.499
56.00,57.27,57.28,1,-3.65276,0,|r_qp|,cross-domain,0.0000,0.0000,5.426,0,-3.65276,0,-6.243,-2.772,-4.378,0,-8.793,7.532,31.06,2.828,50
56.40,57.67,57.68,-1,-1.90616,0,|r_qp|,cross-domain,0.0000,0.0000,4.369,0,-1.90616,0,-6.243,-2.772,-4.378,0,-8.793,5.232,20.91,2.532,-0.1257
56.80,58.07,58.08,-1,-1.80569,0,|r_qp|,cross-domain,0.0000,0.0000,4.079,0,-1.80569,0,-6.243,-2.772,-4.378,0,-8.793,4.05,4.738,-1.061,-0.813
57.20,58.47,58.48,-1,-1.40787,0,|r_qp|,cross-domain,0.0000,0.0000,3.725,0,-1.40787,0,-6.243,-2.772,-4.378,0,-8.793,3.705,-0.5083,2.337,49.29
57.60,58.87,58.88,-1,-1.10369,0,|r_qp|,cross-domain,0.0000,0.0000,3.772,0,-1.10369,0,-6.243,-2.772,-4.378,0,-8.793,3.413,0.08775,0.1075,0.3713
58.00,59.27,59.28,-1,-1.26878,0,|r_qp|,cross-domain,0.0000,0.0000,3.791,0,-1.26878,0,-6.243,-2.772,-4.378,0,-8.793,2.327,-0.3953,-0.4849,-0.797
58.40,59.67,59.68,-1,-1.13667,0,|r_qp|,cross-domain,0.0000,0.0000,3.759,0,-1.13667,0,-6.243,-2.772,-4.378,0,-8.793,3.147,-0.5674,3.184,48.79
58.80,60.07,64.89,-1,13.36230,1,e_rec,cross-domain,0.0192,0.0000,4812.934,4810,13.43903,1,-6.243,-2.772,-4.378,50,-8.793,11.05,10.11,50,50
59.20,60.47,64.89,-1,11.30844,1,e_rec,cross-domain,0.1288,0.0000,4412.934,4410,11.82364,1,-6.243,-2.772,-4.378,50,-8.793,50,47.17,50,50
59.60,60.87,64.89,-1,10.64388,1,e_rec,cross-domain,0.2384,0.0000,4012.934,4010,11.59754,1,-6.243,-2.772,-4.378,50,-8.793,50,50,50,50
60.00,61.27,64.89,-1,10.20541,1,e_rec,cross-domain,0.3480,0.0000,3612.934,3610,11.59754,1,-6.243,-2.772,-4.378,50,-8.793,50,50,50,50
60.40,61.67,64.89,-1,12.14505,1,e_rec,cross-domain,0.3508,0.0000,3212.934,3210,13.54814,1,-6.243,-2.772,-4.378,0,-8.793,50,25.56,50,50
60.80,62.07,64.89,-1,12.98434,1,e_rec,cross-domain,0.3508,0.0000,2812.934,2810,14.38743,1,-6.243,-2.772,-4.378,0,-8.793,50,17.89,50,39.8
61.20,62.47,64.89,-1,12.18484,1,e_rec,cross-domain,0.3508,0.0000,2412.934,2410,13.58793,1,-6.243,-2.772,-4.378,50,-8.793,50,25.07,50,50
61.60,62.87,64.89,-1,10.19445,1,e_rec,cross-domain,0.3508,0.0000,2012.934,2010,11.59754,1,-6.243,-2.772,-4.378,50,-8.793,50,50,50,50
62.00,63.27,64.89,-1,10.19445,1,e_rec,cross-domain,0.3508,0.0000,1612.934,1610,11.59754,1,-6.243,-2.772,-4.378,50,-8.793,50,50,50,50
62.40,63.67,64.89,-1,10.67660,1,e_rec,cross-domain,0.3508,0.0000,1212.934,1210,12.07969,1,-6.243,-2.772,-4.378,1.297e-10,-8.793,50,50,50,28.25
62.80,64.07,64.89,-1,3.02447,1,e_rec,cross-domain,0.3206,0.0000,812.934,810,4.30698,1,-6.243,-2.772,-4.378,0,-8.793,50,48.86,24.52,10.26
63.20,64.47,64.89,-1,-1.41423,0,|r_qp|,cross-domain,0.2110,0.0000,412.934,410,-0.57018,0,-6.243,-2.772,-4.378,0,-8.793,40.59,9.043,1.16,17.27
63.60,64.87,64.89,-1,-1.77083,0,|r_qp|,cross-domain,0.1014,0.0000,12.934,10,-1.36525,0,-6.243,-2.772,-4.378,0,-8.793,13.97,4.379,-0.7547,0.5311
64.00,65.27,65.28,-1,-0.32860,1,|r_qp|,cross-domain,0.0000,0.0000,3.620,0,-0.32860,1,-6.243,-2.772,-4.378,0,-8.793,8.468,2.931,2.646,0.1713
64.40,65.67,65.68,-1,0.18913,1,|r_qp|,cross-domain,0.0000,0.0000,3.868,0,0.18913,1,-6.243,-2.772,-4.378,0,-8.793,7.151,3.334,5.36,13.02
64.80,66.07,66.08,-1,0.51815,1,|r_qp|,cross-domain,0.0000,0.0000,4.548,0,0.51815,1,-6.243,-2.772,-4.378,0,-8.793,9.16,4.376,5.747,3.209
65.20,66.47,66.48,-1,-0.08209,1,|r_qp|,cross-domain,0.0000,0.0000,3.091,0,-0.08209,1,-6.243,-2.772,-4.378,0,-8.793,11.2,4.442,3.563,1.264
65.60,66.87,66.88,-1,-0.64578,0,|r_qp|,cross-domain,0.0000,0.0000,4.798,0,-0.64578,0,-6.243,-2.772,-4.378,0,-8.793,9.714,5.221,3.032,13.81
66.00,67.27,67.28,-1,-1.42397,0,|r_qp|,cross-domain,0.0000,0.0000,4.257,0,-1.42397,0,-6.243,-2.772,-4.378,0,-8.793,8.258,4.902,0.123,5.242
66.40,67.67,67.68,-1,-1.85598,0,|r_qp|,cross-domain,0.0000,0.0000,3.801,0,-1.85598,0,-6.243,-2.772,-4.378,0,-8.793,5.244,4.048,-1.377,1.176
66.80,68.07,68.08,-1,-0.66261,0,|r_qp|,cross-domain,0.0000,0.0000,3.952,0,-0.66261,0,-6.243,-2.772,-4.378,0,-8.793,2.401,3.742,3.48,15.07
67.20,68.47,68.48,-1,-1.70318,0,|r_qp|,cross-domain,0.0000,0.0000,3.701,0,-1.70318,0,-6.243,-2.772,-4.378,0,-8.793,2.046,4.193,-0.373,3.473
67.60,68.87,68.88,-1,-1.96501,0,|r_qp|,cross-domain,0.0000,0.0000,3.630,0,-1.96501,0,-6.243,-2.772,-4.378,0,-8.793,0.8696,4.64,-1.162,0.3091
68.00,69.27,69.28,-1,-0.36943,0,|r_qp|,cross-domain,0.0000,0.0000,3.755,0,-0.36943,0,-6.243,-2.772,-4.378,0,-8.793,1.345,5.979,4.836,11.98
68.40,69.67,69.68,-1,-1.71319,0,|r_qp|,cross-domain,0.0000,0.0000,5.147,0,-1.71319,0,-6.243,-2.772,-4.378,0,-8.793,1.489,5.544,-0.04148,3.043
68.80,70.07,70.08,-1,-1.74586,0,|r_qp|,cross-domain,0.0000,0.0000,4.497,0,-1.74586,0,-6.243,-2.772,-4.378,0,-8.793,2.491,4.335,-0.7488,0.08284
69.20,70.47,70.48,-1,-1.39286,0,|r_qp|,cross-domain,0.0000,0.0000,3.749,0,-1.39286,0,-6.243,-2.772,-4.378,0,-8.793,2.716,3.758,1.258,15.95
69.60,70.87,70.88,-1,-1.76495,0,|r_qp|,cross-domain,0.0000,0.0000,3.740,0,-1.76495,0,-6.243,-2.772,-4.378,0,-8.793,1.951,2.963,-0.926,2.455
70.00,71.27,71.28,-1,-1.88495,0,|r_qp|,cross-domain,0.0000,0.0000,3.882,0,-1.88495,0,-6.243,-2.772,-4.378,0,-8.793,0.6609,2.402,-1.45,0.2183
70.40,71.67,71.68,-1,-1.35610,0,|r_qp|,cross-domain,0.0000,0.0000,3.643,0,-1.35610,0,-6.243,-2.772,-4.378,0,-8.793,-0.4558,2.624,1.666,19.4
70.80,72.07,72.08,-1,-1.79302,0,|r_qp|,cross-domain,0.0000,0.0000,3.766,0,-1.79302,0,-6.243,-2.772,-4.378,0,-8.793,-0.2249,2.586,-0.9118,1.902
71.20,72.47,72.48,-1,-1.85613,0,|r_qp|,cross-domain,0.0000,0.0000,3.578,0,-1.85613,0,-6.243,-2.772,-4.378,0,-8.793,0.117,2.625,-1.274,-0.1594
71.60,72.87,72.88,-1,-1.62110,0,|r_qp|,cross-domain,0.0000,0.0000,5.276,0,-1.62110,0,-6.243,-2.772,-4.378,0,-8.793,0.7548,3.515,1.002,20.31
72.00,73.27,73.28,-1,-1.73365,0,|r_qp|,cross-domain,0.0000,0.0000,4.632,0,-1.73365,0,-6.243,-2.772,-4.378,0,-8.793,0.8984,3.524,-0.4539,4.29
72.40,73.67,73.68,-1,-1.64282,0,|r_qp|,cross-domain,0.0000,0.0000,3.668,0,-1.64282,0,-6.243,-2.772,-4.378,0,-8.793,1.613,2.939,-0.6938,-0.09958
72.80,74.07,74.08,-1,-0.25898,1,|r_qp|,cross-domain,0.0000,0.0000,3.984,0,-0.25898,1,-6.243,-2.772,-4.378,0,-8.793,2.992,2.844,4.368,14.01
73.20,74.47,74.48,-1,-1.78158,0,|r_qp|,cross-domain,0.0000,0.0000,3.768,0,-1.78158,0,-6.243,-2.772,-4.378,0,-8.793,3.112,4.009,-0.9336,1.132
73.60,74.87,74.88,-1,-1.92460,0,|r_qp|,cross-domain,0.0000,0.0000,3.710,0,-1.92460,0,-6.243,-2.772,-4.378,0,-8.793,1.878,3.596,-1.464,-0.603
74.00,75.27,75.28,-1,-1.06464,0,|r_qp|,cross-domain,0.0000,0.0000,3.822,0,-1.06464,0,-6.243,-2.772,-4.378,0,-8.793,0.031,3.57,2.453,15.12
74.40,75.67,75.68,-1,-1.81636,0,|r_qp|,cross-domain,0.0000,0.0000,2.852,0,-1.81636,0,-6.243,-2.772,-4.378,0,-8.793,-0.692,2.597,-0.9428,1.735
74.80,76.07,76.08,-1,-1.89068,0,|r_qp|,cross-domain,0.0000,0.0000,5.314,0,-1.89068,0,-6.243,-2.772,-4.378,0,-8.793,-0.2898,2.481,-1.391,-0.4251
75.20,76.47,76.48,-1,-0.68970,0,|r_qp|,cross-domain,0.0000,0.0000,4.447,0,-0.68970,0,-6.243,-2.772,-4.378,0,-8.793,1.01,3.853,3.521,14.34
75.60,76.87,76.88,-1,-1.33612,0,|r_qp|,cross-domain,0.0000,0.0000,5.031,0,-1.33612,0,-6.243,-2.772,-4.378,0,-8.793,1.882,4.816,0.7966,1.53
76.00,77.27,77.28,-1,-1.58024,0,|r_qp|,cross-domain,0.0000,0.0000,4.225,0,-1.58024,0,-6.243,-2.772,-4.378,0,-8.793,3.603,4.238,-0.4158,-0.4359
76.40,77.67,77.68,-1,-0.00146,1,|r_qp|,cross-domain,0.0000,0.0000,4.163,0,-0.00146,1,-6.243,-2.772,-4.378,0,-8.793,4.834,3.612,5.084,12.97
76.80,78.07,78.08,-1,-1.62495,0,|r_qp|,cross-domain,0.0000,0.0000,3.731,0,-1.62495,0,-6.243,-2.772,-4.378,0,-8.793,4.655,2.793,-0.9837,0.1133
77.20,78.47,78.48,-1,-1.63020,0,|r_qp|,cross-domain,0.0000,0.0000,3.863,0,-1.63020,0,-6.243,-2.772,-4.378,0,-8.793,3.357,2.916,-0.8979,-0.8578
77.60,78.87,78.88,-1,-0.66718,0,|r_qp|,cross-domain,0.0000,0.0000,5.372,0,-0.66718,0,-6.243,-2.772,-4.378,0,-8.793,2.01,3.895,3.64,16.46
78.00,79.27,79.28,-1,-1.60372,0,|r_qp|,cross-domain,0.0000,0.0000,4.646,0,-1.60372,0,-6.243,-2.772,-4.378,0,-8.793,1.409,3.484,-0.3563,0.7946
78.40,79.67,79.68,-1,-1.69643,0,|r_qp|,cross-domain,0.0000,0.0000,4.015,0,-1.69643,0,-6.243,-2.772,-4.378,0,-8.793,1.805,2.461,-1.044,-0.7868
78.80,80.07,80.08,-1,-0.43131,0,|r_qp|,cross-domain,0.0000,0.0000,3.808,0,-0.43131,0,-6.243,-2.772,-4.378,0,-8.793,2.685,2.119,3.798,15.58
79.20,80.47,80.48,-1,-0.81460,0,|r_qp|,cross-domain,0.0000,0.0000,3.878,0,-0.81460,0,-6.243,-2.772,-4.378,0,-8.793,3.757,2.702,1.668,1.283
79.60,80.87,80.88,-1,-1.37171,0,|r_qp|,cross-domain,0.0000,0.0000,3.841,0,-1.37171,0,-6.243,-2.772,-4.378,0,-8.793,4.82,3.141,-0.1822,-0.5824
80.00,81.27,81.28,-1,0.05910,1,|r_qp|,cross-domain,0.0000,0.0000,3.817,0,0.05910,1,-6.243,-2.772,-4.378,0,-8.793,5.61,4.194,5.242,11.66
80.40,81.67,81.68,-1,-1.78986,0,|r_qp|,cross-domain,0.0000,0.0000,3.745,0,-1.78986,0,-6.243,-2.772,-4.378,0,-8.793,5.174,4.737,-1.079,-0.0318
80.80,82.07,82.08,-1,-1.73047,0,|r_qp|,cross-domain,0.0000,0.0000,5.358,0,-1.73047,0,-6.243,-2.772,-4.378,0,-8.793,3.477,4.146,-0.9187,-0.8831
81.20,82.47,82.48,-1,-1.20410,0,|r_qp|,cross-domain,0.0000,0.0000,4.408,0,-1.20410,0,-6.243,-2.772,-4.378,0,-8.793,1.768,4.478,2.27,18.16
81.60,82.87,82.88,-1,-1.68878,0,|r_qp|,cross-domain,0.0000,0.0000,4.655,0,-1.68878,0,-6.243,-2.772,-4.378,0,-8.793,0.8887,3.385,-0.6476,-0.08093
82.00,83.27,83.28,-1,-1.67339,0,|r_qp|,cross-domain,0.0000,0.0000,4.362,0,-1.67339,0,-6.243,-2.772,-4.378,0,-8.793,1.344,2.577,-0.9018,-0.8761
82.40,83.67,83.68,-1,-0.36910,0,|r_qp|,cross-domain,0.0000,0.0000,3.959,0,-0.36910,0,-6.243,-2.772,-4.378,0,-8.793,2.386,2.854,4.247,16.23
82.80,84.07,84.08,-1,-1.32041,0,|r_qp|,cross-domain,0.0000,0.0000,3.919,0,-1.32041,0,-6.243,-2.772,-4.378,0,-8.793,3.517,2.495,0.04664,0.7485
83.20,84.47,84.48,-1,-1.45944,0,|r_qp|,cross-domain,0.0000,0.0000,3.921,0,-1.45944,0,-6.243,-2.772,-4.378,0,-8.793,4.287,2.936,-0.4512,-0.6535
83.60,84.87,84.88,-1,0.11534,1,|r_qp|,cross-domain,0.0000,0.0000,3.725,0,0.11534,1,-6.243,-2.772,-4.378,0,-8.793,5.015,3.495,5.456,13.84
84.00,85.27,85.28,-1,-1.60476,0,|r_qp|,cross-domain,0.0000,0.0000,5.228,0,-1.60476,0,-6.243,-2.772,-4.378,0,-8.793,4.794,4.911,-0.425,-0.03742
84.40,85.67,85.68,-1,-1.60876,0,|r_qp|,cross-domain,0.0000,0.0000,4.607,0,-1.60876,0,-6.243,-2.772,-4.378,0,-8.793,4.5,3.855,-0.7238,-0.8804
84.80,86.07,86.08,-1,-1.29562,0,|r_qp|,cross-domain,0.0000,0.0000,3.651,0,-1.29562,0,-6.243,-2.772,-4.378,0,-8.793,3.73,3.19,1.731,22.1
85.20,86.47,86.48,-1,-1.32858,0,|r_qp|,cross-domain,0.0000,0.0000,3.973,0,-1.32858,0,-6.243,-2.772,-4.378,0,-8.793,2.924,1.782,-0.1252,0.2493
85.60,86.87,86.88,-1,-1.63691,0,|r_qp|,cross-domain,0.0000,0.0000,3.660,0,-1.63691,0,-6.243,-2.772,-4.378,0,-8.793,2.494,2.073,-1.027,-0.7474
86.00,87.27,87.28,-1,-0.58533,0,|r_qp|,cross-domain,0.0000,0.0000,3.564,0,-0.58533,0,-6.243,-2.772,-4.378,0,-8.793,2.546,2.673,3.379,14.18
86.40,87.67,87.68,-1,-1.35946,0,|r_qp|,cross-domain,0.0000,0.0000,3.895,0,-1.35946,0,-6.243,-2.772,-4.378,0,-8.793,3.099,3.997,0.3201,0.4528
86.80,88.07,88.08,-1,-1.37995,0,|r_qp|,cross-domain,0.0000,0.0000,3.406,0,-1.37995,0,-6.243,-2.772,-4.378,0,-8.793,4.183,3.34,-0.1078,-0.8299
87.20,88.47,88.48,0,-0.55011,0,|r_qp|,cross-domain,0.0000,0.0000,4.928,0,-0.55011,0,-6.243,-2.772,-4.378,0,-8.793,5.462,3.679,3.601,16.76
87.60,88.87,88.88,0,-1.24279,0,|r_qp|,cross-domain,0.0000,0.0000,3.949,0,-1.24279,0,-6.243,-2.772,-4.378,0,-8.793,5.607,2.97,0.1062,-0.3397
88.00,89.27,89.28,0,-1.59018,0,|r_qp|,cross-domain,0.0000,0.0000,3.766,0,-1.59018,0,-6.243,-2.772,-4.378,0,-8.793,4.453,2.991,-0.8676,-0.7868
88.40,89.67,89.68,0,-1.02939,0,|r_qp|,cross-domain,0.0000,0.0000,3.859,0,-1.02939,0,-6.243,-2.772,-4.378,0,-8.793,2.778,3.727,2.685,20.63
88.80,90.07,90.08,0,-1.56062,0,|r_qp|,cross-domain,0.0000,0.0000,3.490,0,-1.56062,0,-6.243,-2.772,-4.378,0,-8.793,1.805,2.603,-0.5656,-0.4228
89.20,90.47,90.48,0,-1.64245,0,|r_qp|,cross-domain,0.0000,0.0000,3.802,0,-1.64245,0,-6.243,-2.772,-4.378,0,-8.793,1.72,2.051,-0.9693,-0.7796
89.60,90.87,90.88,0,-1.49402,0,|r_qp|,cross-domain,0.0000,0.0000,3.607,0,-1.49402,0,-6.243,-2.772,-4.378,0,-8.793,1.839,1.616,1.183,25.76
90.00,91.27,91.28,0,-1.47199,0,|r_qp|,cross-domain,0.0000,0.0000,5.213,0,-1.47199,0,-6.243,-2.772,-4.378,0,-8.793,2.025,1.882,-0.4556,0.1269
90.40,91.67,91.68,0,-1.38828,0,|r_qp|,cross-domain,0.0000,0.0000,4.633,0,-1.38828,0,-6.243,-2.772,-4.378,0,-8.793,2.562,1.336,-0.4573,-0.8714
90.80,92.07,92.08,0,-1.04147,0,|r_qp|,cross-domain,0.0000,0.0000,3.919,0,-1.04147,0,-6.243,-2.772,-4.378,0,-8.793,2.998,1.856,2.091,19.56
91.20,92.47,92.48,0,-1.60240,0,|r_qp|,cross-domain,0.0000,0.0000,3.749,0,-1.60240,0,-6.243,-2.772,-4.378,0,-8.793,2.714,3.096,-0.6777,-0.5393
91.60,92.87,92.88,0,-1.80015,0,|r_qp|,cross-domain,0.0000,0.0000,3.926,0,-1.80015,0,-6.243,-2.772,-4.378,0,-8.793,1.484,2.966,-1.204,-0.7622
92.00,93.27,93.28,0,-1.46193,0,|r_qp|,cross-domain,0.0000,0.0000,3.635,0,-1.46193,0,-6.243,-2.772,-4.378,0,-8.793,0.3609,3.011,1.449,20.87
92.40,93.67,93.68,0,-1.67945,0,|r_qp|,cross-domain,0.0000,0.0000,3.945,0,-1.67945,0,-6.243,-2.772,-4.378,0,-8.793,0.2194,2.255,-0.8143,0.08783
92.80,94.07,94.08,0,-1.56100,0,|r_qp|,cross-domain,0.0000,0.0000,3.649,0,-1.56100,0,-6.243,-2.772,-4.378,0,-8.793,0.9074,1.578,-0.7549,-0.8804
93.20,94.47,94.48,0,-0.68688,0,|r_qp|,cross-domain,0.0000,0.0000,5.340,0,-0.68688,0,-6.243,-2.772,-4.378,0,-8.793,2.248,2.07,3.12,16.68
93.60,94.87,94.88,0,-1.11627,0,|r_qp|,cross-domain,0.0000,0.0000,4.658,0,-1.11627,0,-6.243,-2.772,-4.378,0,-8.793,3.456,2.972,0.7685,0.2878
94.00,95.27,95.28,0,-1.21729,0,|r_qp|,cross-domain,0.0000,0.0000,3.843,0,-1.21729,0,-6.243,-2.772,-4.378,0,-8.793,4.838,2.514,0.1226,-0.807
94.40,95.67,95.68,0,-0.76745,0,|r_qp|,cross-domain,0.0000,0.0000,4.116,0,-0.76745,0,-6.243,-2.772,-4.378,0,-8.793,5.448,2.195,2.613,17.43
94.80,96.07,96.08,0,-1.36797,0,|r_qp|,cross-domain,0.0000,0.0000,3.835,0,-1.36797,0,-6.243,-2.772,-4.378,0,-8.793,4.759,1.535,-0.5444,-0.3619
95.20,96.47,96.48,0,-1.60562,0,|r_qp|,cross-domain,0.0000,0.0000,3.679,0,-1.60562,0,-6.243,-2.772,-4.378,0,-8.793,3.101,1.62,-1.112,-0.831
95.60,96.87,96.88,0,-1.07819,0,|r_qp|,cross-domain,0.0000,0.0000,3.847,0,-1.07819,0,-6.243,-2.772,-4.378,0,-8.793,1.539,2.267,2.272,20.12
96.00,97.27,97.28,0,-1.31466,0,|r_qp|,cross-domain,0.0000,0.0000,2.876,0,-1.31466,0,-6.243,-2.772,-4.378,0,-8.793,1.31,2.365,0.2059,-0.1451
96.40,97.67,97.68,0,-1.52632,0,|r_qp|,cross-domain,0.0000,0.0000,5.425,0,-1.52632,0,-6.243,-2.772,-4.378,0,-8.793,1.98,2.354,-0.5665,-0.8121
96.80,98.07,98.08,0,-1.23663,0,|r_qp|,cross-domain,0.0000,0.0000,3.925,0,-1.23663,0,-6.243,-2.772,-4.378,0,-8.793,2.894,3.08,2.04,23.05
97.20,98.47,98.48,0,-1.58427,0,|r_qp|,cross-domain,0.0000,0.0000,4.356,0,-1.58427,0,-6.243,-2.772,-4.378,0,-8.793,3.283,2.891,-0.6837,0.1773
97.60,98.87,98.88,0,-1.55079,0,|r_qp|,cross-domain,0.0000,0.0000,4.058,0,-1.55079,0,-6.243,-2.772,-4.378,0,-8.793,2.895,2.283,-0.7587,-0.844
98.00,99.27,99.28,0,-0.48358,0,|r_qp|,cross-domain,0.0000,0.0000,3.476,0,-0.48358,0,-6.243,-2.772,-4.378,0,-8.793,2.66,2.105,3.594,14.96
98.40,99.67,99.68,0,-1.65459,0,|r_qp|,cross-domain,0.0000,0.0000,3.826,0,-1.65459,0,-6.243,-2.772,-4.378,0,-8.793,2.3,3.203,-0.7619,-0.4467
98.80,100.07,100.08,0,-1.75342,0,|r_qp|,cross-domain,0.0000,0.0000,3.580,0,-1.75342,0,-6.243,-2.772,-4.378,0,-8.793,1.918,2.772,-1.156,-0.8005
99.20,100.47,100.48,0,-1.21202,0,|r_qp|,cross-domain,0.0000,0.0000,5.603,0,-1.21202,0,-6.243,-2.772,-4.378,0,-8.793,1.159,2.822,1.925,18.5
99.60,100.87,100.88,0,-1.61354,0,|r_qp|,cross-domain,0.0000,0.0000,4.654,0,-1.61354,0,-6.243,-2.772,-4.378,0,-8.793,0.7037,1.874,-0.7731,-0.1572
100.00,101.27,101.28,0,-1.64252,0,|r_qp|,cross-domain,0.0000,0.0000,3.719,0,-1.64252,0,-6.243,-2.772,-4.378,0,-8.793,1.03,1.269,-1.096,-0.8915
100.40,101.67,101.68,0,-0.85836,0,|r_qp|,cross-domain,0.0000,0.0000,3.816,0,-0.85836,0,-6.243,-2.772,-4.378,0,-8.793,1.624,1.422,2.6,18.17
100.80,102.07,102.08,0,-1.24708,0,|r_qp|,cross-domain,0.0000,0.0000,3.968,0,-1.24708,0,-6.243,-2.772,-4.378,0,-8.793,2.362,1.583,0.1249,0.07289
101.20,102.47,102.48,0,-1.31320,0,|r_qp|,cross-domain,0.0000,0.0000,3.834,0,-1.31320,0,-6.243,-2.772,-4.378,0,-8.793,3.205,1.603,-0.2272,-0.8527
101.60,102.87,102.88,0,-0.82229,0,|r_qp|,cross-domain,0.0000,0.0000,3.971,0,-0.82229,0,-6.243,-2.772,-4.378,0,-8.793,4.183,2.094,2.696,19.52
102.00,103.27,103.28,0,-1.60156,0,|r_qp|,cross-domain,0.0000,0.0000,3.509,0,-1.60156,0,-6.243,-2.772,-4.378,0,-8.793,4.313,2.05,-1.078,-0.1871
102.40,103.67,103.68,0,-1.62259,0,|r_qp|,cross-domain,0.0000,0.0000,5.460,0,-1.62259,0,-6.243,-2.772,-4.378,0,-8.793,3.058,1.786,-1.123,-0.8967
102.80,104.07,104.08,0,-1.18242,0,|r_qp|,cross-domain,0.0000,0.0000,4.727,0,-1.18242,0,-6.243,-2.772,-4.378,0,-8.793,1.688,1.69,2.022,23.46
103.20,104.47,104.48,0,-1.55099,0,|r_qp|,cross-domain,0.0000,0.0000,3.823,0,-1.55099,0,-6.243,-2.772,-4.378,0,-8.793,1.103,-0.02168,-1.095,-0.2483
103.60,104.87,104.88,0,-1.58539,0,|r_qp|,cross-domain,0.0000,0.0000,4.047,0,-1.58539,0,-6.243,-2.772,-4.378,0,-8.793,0.9437,-0.2525,-1.285,-0.8784
104.00,105.27,105.28,0,-1.71438,0,|r_qp|,cross-domain,0.0000,0.0000,3.580,0,-1.71438,0,-6.243,-2.772,-4.378,0,-8.793,0.6667,0.132,1.455,43.19
104.40,105.67,105.68,0,-1.52791,0,|r_qp|,cross-domain,0.0000,0.0000,3.687,0,-1.52791,0,-6.243,-2.772,-4.378,0,-8.793,0.1123,-0.2154,-0.9773,-0.404
104.80,106.07,106.08,0,-1.55977,0,|r_qp|,cross-domain,0.0000,0.0000,3.816,0,-1.55977,0,-6.243,-2.772,-4.378,0,-8.793,0.0754,-0.4119,-1.132,-0.5852
105.20,106.47,106.48,0,-1.40171,0,|r_qp|,cross-domain,0.0000,0.0000,3.644,0,-1.40171,0,-6.243,-2.772,-4.378,0,-8.793,0.3009,-0.2817,2.211,41.07
105.60,106.87,106.88,0,-1.27526,0,|r_qp|,cross-domain,0.0000,0.0000,5.275,0,-1.27526,0,-6.243,-2.772,-4.378,0,-8.793,0.5029,-0.1346,-0.2139,-0.3176
106.00,107.27,107.28,0,-1.59134,0,|r_qp|,cross-domain,0.0000,0.0000,4.056,0,-1.59134,0,-6.243,-2.772,-4.378,0,-8.793,0.7046,-0.2374,-1.255,-0.5978
106.40,107.67,107.68,0,-1.23917,0,|r_qp|,cross-domain,0.0000,0.0000,4.032,0,-1.23917,0,-6.243,-2.772,-4.378,0,-8.793,0.5014,-0.3585,2.882,44.14
106.80,108.07,108.08,0,-1.25748,0,|r_qp|,cross-domain,0.0000,0.0000,3.991,0,-1.25748,0,-6.243,-2.772,-4.378,0,-8.793,0.8175,-0.2109,-0.1629,0.3899
107.20,108.47,108.48,0,-1.26147,0,|r_qp|,cross-domain,0.0000,0.0000,3.763,0,-1.26147,0,-6.243,-2.772,-4.378,0,-8.793,1.678,-0.7085,-0.4599,-0.6439
107.60,108.87,108.88,0,-1.03114,0,|r_qp|,cross-domain,0.0000,0.0000,4.009,0,-1.03114,0,-6.243,-2.772,-4.378,0,-8.793,2.838,-0.2698,3.451,46.4
108.00,109.27,109.28,0,-1.11251,0,|r_qp|,cross-domain,0.0000,0.0000,3.566,0,-1.11251,0,-6.243,-2.772,-4.378,0,-8.793,3.49,0.25,0.1204,0.4931
108.40,109.67,109.68,0,-1.14749,0,|r_qp|,cross-domain,0.0000,0.0000,3.650,0,-1.14749,0,-6.243,-2.772,-4.378,0,-8.793,3.738,1.042,0.09499,-0.7666
108.80,110.07,110.08,0,-1.48104,0,|r_qp|,cross-domain,0.0000,0.0000,4.724,0,-1.48104,0,-6.243,-2.772,-4.378,0,-8.793,3.925,2.241,2.781,49.54
109.20,110.47,110.48,0,-1.70851,0,|r_qp|,cross-domain,0.0000,0.0000,3.629,0,-1.70851,0,-6.243,-2.772,-4.378,0,-8.793,3.378,2.915,-1.108,-0.3654
109.60,110.87,110.88,0,-1.78639,0,|r_qp|,cross-domain,0.0000,0.0000,3.822,0,-1.78639,0,-6.243,-2.772,-4.378,0,-8.793,1.239,2.055,-1.321,-0.187
110.00,111.27,111.28,0,-1.56962,0,|r_qp|,cross-domain,0.0000,0.0000,3.903,0,-1.56962,0,-6.243,-2.772,-4.378,0,-8.793,-0.5388,0.7191,2.091,41.98
110.40,111.67,111.68,0,-1.25649,0,|r_qp|,cross-domain,0.0000,0.0000,3.641,0,-1.25649,0,-6.243,-2.772,-4.378,0,-8.793,-0.6959,0.007665,0.03139,0.0473
110.80,112.07,112.08,0,-1.40846,0,|r_qp|,cross-domain,0.0000,0.0000,3.830,0,-1.40846,0,-6.243,-2.772,-4.378,0,-8.793,1.054,-0.3876,-0.7719,-0.7031
111.20,112.47,112.48,0,-1.44792,0,|r_qp|,cross-domain,0.0000,0.0000,3.564,0,-1.44792,0,-6.243,-2.772,-4.378,0,-8.793,2.414,-0.4416,2.066,44.89
111.60,112.87,112.88,0,-0.92337,0,|r_qp|,cross-domain,0.0000,0.0000,5.385,0,-0.92337,0,-6.243,-2.772,-4.378,0,-8.793,2.952,-0.08931,0.6981,0.7957
112.00,113.27,113.28,0,-1.09105,0,|r_qp|,cross-domain,0.0000,0.0000,4.736,0,-1.09105,0,-6.243,-2.772,-4.378,0,-8.793,3.522,-0.2444,-0.02416,-0.7605
112.40,113.67,113.68,0,-1.32996,0,|r_qp|,cross-domain,0.0000,0.0000,3.727,0,-1.32996,0,-6.243,-2.772,-4.378,0,-8.793,3.874,-0.203,2.302,44.44
112.80,114.07,114.08,0,-1.32643,0,|r_qp|,cross-domain,0.0000,0.0000,3.995,0,-1.32643,0,-6.243,-2.772,-4.378,0,-8.793,3.539,-0.2703,-0.7336,-0.3998
113.20,114.47,114.48,0,-1.47543,0,|r_qp|,cross-domain,0.0000,0.0000,3.573,0,-1.47543,0,-6.243,-2.772,-4.378,0,-8.793,1.274,-0.561,-1.049,-0.7681
113.60,114.87,114.88,0,-1.97741,0,|r_qp|,cross-domain,0.0000,0.0000,3.744,0,-1.97741,0,-6.243,-2.772,-4.378,0,-8.793,-0.5244,-0.2799,1.054,48.82
114.00,115.27,115.28,0,-1.41044,0,|r_qp|,cross-domain,0.0000,0.0000,3.861,0,-1.41044,0,-6.243,-2.772,-4.378,0,-8.793,-0.9313,0.1822,-0.3777,0.01248
114.40,115.67,115.68,-1,14.25780,1,e_rec,cross-domain,0.0000,0.0000,3.660,0,14.25780,1,-6.243,-2.772,-4.378,0,-8.793,0.4478,8.82,50,1.221
114.80,116.07,116.08,-1,2.60023,1,e_rec,cross-domain,0.0000,0.0000,5.381,0,2.60023,1,-6.243,-2.772,-4.378,0,-8.793,3.796,29.24,22.06,50
115.20,116.47,116.48,1,9.19387,1,e_rec,cross-domain,0.0000,0.0000,3.953,0,9.19387,1,-6.243,-2.772,-4.378,0,-8.793,4.955,39.9,41.8,4.824
115.60,116.87,116.88,1,11.20228,1,e_rec,cross-domain,0.0000,0.0000,3.882,0,11.20228,1,-6.243,-2.772,-4.378,0,-8.793,8.565,50,50,3.389
116.00,117.27,117.28,1,1.98190,1,e_rec,cross-domain,0.0000,0.0000,3.984,0,1.98190,1,-6.243,-2.772,-4.378,0,-8.793,11.28,50,24.47,50
116.40,117.67,117.68,1,11.29665,1,e_rec,cross-domain,0.0000,0.0000,3.714,0,11.29665,1,-6.243,-2.772,-4.378,0,-8.793,13.9,50,50,7.426
116.80,118.07,118.08,1,11.38728,1,e_rec,cross-domain,0.0000,0.0000,3.551,0,11.38728,1,-6.243,-2.772,-4.378,0,-8.793,14.41,50,50,4.137
117.20,118.47,118.48,1,2.16532,1,e_rec,cross-domain,0.0000,0.0000,3.848,0,2.16532,1,-6.243,-2.772,-4.378,0,-8.793,13.1,50,24.84,50
117.60,118.87,118.88,1,11.00655,1,e_rec,cross-domain,0.0000,0.0000,3.650,0,11.00655,1,-6.243,-2.772,-4.378,0,-8.793,12.07,50,49.26,6.862
118.00,119.27,119.28,1,11.30720,1,e_rec,cross-domain,0.0000,0.0000,3.899,0,11.30720,1,-6.243,-2.772,-4.378,0,-8.793,11.95,50,50,3.921
118.40,119.67,119.68,1,3.04735,1,e_rec,cross-domain,0.0000,0.0000,3.633,0,3.04735,1,-6.243,-2.772,-4.378,0,-8.793,12.86,50,27.58,50
118.80,120.07,120.08,1,11.27781,1,e_rec,cross-domain,0.0000,0.0000,3.529,0,11.27781,1,-6.243,-2.772,-4.378,0,-8.793,14.26,50,50,8.839
119.20,120.47,120.48,1,11.42304,1,e_rec,cross-domain,0.0000,0.0000,3.736,0,11.42304,1,-6.243,-2.772,-4.378,0,-8.793,15.68,50,50,4.5
119.60,120.87,120.88,1,3.32433,1,e_rec,cross-domain,0.0000,0.0000,3.621,0,3.32433,1,-6.243,-2.772,-4.378,0,-8.793,16.53,50,28.05,50
120.00,121.27,121.28,1,11.36292,1,e_rec,cross-domain,0.0000,0.0000,3.727,0,11.36292,1,-6.243,-2.772,-4.378,0,-8.793,15.66,50,50,7.18
120.40,121.67,121.68,1,11.38109,1,e_rec,cross-domain,0.0000,0.0000,3.578,0,11.38109,1,-6.243,-2.772,-4.378,0,-8.793,13.45,50,50,2.924
120.80,122.07,122.08,1,1.72231,1,e_rec,cross-domain,0.0000,0.0000,3.499,0,1.72231,1,-6.243,-2.772,-4.378,0,-8.793,11.53,50,23.64,50
121.20,122.47,122.48,1,10.60974,1,e_rec,cross-domain,0.0000,0.0000,3.695,0,10.60974,1,-6.243,-2.772,-4.378,0,-8.793,11.09,50,48.15,6.982
121.60,122.87,122.88,1,11.32405,1,e_rec,cross-domain,0.0000,0.0000,3.601,0,11.32405,1,-6.243,-2.772,-4.378,0,-8.793,12.59,50,50,4.15
122.00,123.27,123.28,1,3.42542,1,e_rec,cross-domain,0.0000,0.0000,3.656,0,3.42542,1,-6.243,-2.772,-4.378,0,-8.793,14.37,50,28.59,50
122.40,123.67,123.68,1,11.32110,1,e_rec,cross-domain,0.0000,0.0000,3.468,0,11.32110,1,-6.243,-2.772,-4.378,0,-8.793,16,50,50,9.586
122.80,124.07,124.08,1,11.46523,1,e_rec,cross-domain,0.0000,0.0000,3.538,0,11.46523,1,-6.243,-2.772,-4.378,0,-8.793,17.34,50,50,5.179
123.20,124.47,124.48,1,2.96672,1,e_rec,cross-domain,0.0000,0.0000,3.678,0,2.96672,1,-6.243,-2.772,-4.378,0,-8.793,17.93,50,26.8,50
123.60,124.87,124.88,1,11.39074,1,e_rec,cross-domain,0.0000,0.0000,3.530,0,11.39074,1,-6.243,-2.772,-4.378,0,-8.793,16.74,50,50,7.605
124.00,125.27,125.28,1,11.38879,1,e_rec,cross-domain,0.0000,0.0000,3.667,0,11.38879,1,-6.243,-2.772,-4.378,0,-8.793,14.41,50,50,4.071
124.40,125.67,125.68,1,3.26017,1,e_rec,cross-domain,0.0000,0.0000,3.385,0,3.26017,1,-6.243,-2.772,-4.378,0,-8.793,12.37,50,28.29,50
124.80,126.07,126.08,1,11.21564,1,e_rec,cross-domain,0.0000,0.0000,4.262,0,11.21564,1,-6.243,-2.772,-4.378,0,-8.793,11.96,50,50,8.071
125.20,126.47,126.48,1,11.31419,1,e_rec,cross-domain,0.0000,0.0000,3.868,0,11.31419,1,-6.243,-2.772,-4.378,0,-8.793,12.79,50,50,4.919
125.60,126.87,126.88,1,3.91281,1,e_rec,cross-domain,0.0000,0.0000,3.666,0,3.91281,1,-6.243,-2.772,-4.378,0,-8.793,13.6,50,30.17,50
126.00,127.27,127.28,1,11.26236,1,e_rec,cross-domain,0.0000,0.0000,3.613,0,11.26236,1,-6.243,-2.772,-4.378,0,-8.793,14.24,50,50,9.508
126.40,127.67,127.68,1,11.38425,1,e_rec,cross-domain,0.0000,0.0000,3.779,0,11.38425,1,-6.243,-2.772,-4.378,0,-8.793,14.87,50,50,4.985
126.80,128.07,128.08,1,4.29224,1,e_rec,cross-domain,0.0000,0.0000,4.779,0,4.29224,1,-6.243,-2.772,-4.378,0,-8.793,15.68,50,31.12,50
127.20,128.47,128.48,1,11.35916,1,e_rec,cross-domain,0.0000,0.0000,4.355,0,11.35916,1,-6.243,-2.772,-4.378,0,-8.793,15.72,50,50,7.443
127.60,128.87,128.88,1,11.39799,1,e_rec,cross-domain,0.0000,0.0000,3.709,0,11.39799,1,-6.243,-2.772,-4.378,0,-8.793,14.39,50,50,3.619
128.00,129.27,129.28,1,3.00102,1,e_rec,cross-domain,0.0000,0.0000,5.100,0,3.00102,1,-6.243,-2.772,-4.378,0,-8.793,13.39,50,27.38,50
128.40,129.67,129.68,1,11.24640,1,e_rec,cross-domain,0.0000,0.0000,3.785,0,11.24640,1,-6.243,-2.772,-4.378,0,-8.793,13.45,50,50,8.991
128.80,130.07,130.08,1,11.37393,1,e_rec,cross-domain,0.0000,0.0000,3.768,0,11.37393,1,-6.243,-2.772,-4.378,0,-8.793,14.92,50,50,5.525
129.20,130.47,130.48,1,4.29837,1,e_rec,cross-domain,0.0000,0.0000,3.724,0,4.29837,1,-6.243,-2.772,-4.378,0,-8.793,15.88,50,31.12,50
129.60,130.87,130.88,1,11.32761,1,e_rec,cross-domain,0.0000,0.0000,3.701,0,11.32761,1,-6.243,-2.772,-4.378,0,-8.793,15.33,50,50,8.261
130.00,131.27,131.28,1,11.37761,1,e_rec,cross-domain,0.0000,0.0000,3.626,0,11.37761,1,-6.243,-2.772,-4.378,0,-8.793,14.51,50,50,4.728
130.40,131.67,131.68,1,3.87946,1,e_rec,cross-domain,0.0000,0.0000,3.731,0,3.87946,1,-6.243,-2.772,-4.378,0,-8.793,13.7,50,30.06,50
130.80,132.07,132.08,1,11.28087,1,e_rec,cross-domain,0.0000,0.0000,3.632,0,11.28087,1,-6.243,-2.772,-4.378,0,-8.793,13.65,50,50,7.76
131.20,132.47,132.48,1,11.33877,1,e_rec,cross-domain,0.0000,0.0000,3.742,0,11.33877,1,-6.243,-2.772,-4.378,0,-8.793,13.05,50,50,4.212
131.60,132.87,132.88,1,2.78972,1,e_rec,cross-domain,0.0000,0.0000,3.740,0,2.78972,1,-6.243,-2.772,-4.378,0,-8.793,12.4,50,26.84,50
132.00,133.27,133.28,1,11.23006,1,e_rec,cross-domain,0.0000,0.0000,3.495,0,11.23006,1,-6.243,-2.772,-4.378,0,-8.793,12.01,50,50,7.488
132.40,133.67,133.68,1,11.29994,1,e_rec,cross-domain,0.0000,0.0000,3.773,0,11.29994,1,-6.243,-2.772,-4.378,0,-8.793,11.93,50,50,4.221
132.80,134.07,134.08,1,3.75796,1,e_rec,cross-domain,0.0000,0.0000,3.616,0,3.75796,1,-6.243,-2.772,-4.378,0,-8.793,12.53,50,29.81,50
133.20,134.47,149.79,1,7.59573,1,e_rec,cross-domain,0.0000,0.1562,15316.670,15310,6.97073,1,-6.243,-2.772,-4.378,0,-8.793,17.04,45.27,35.42,11.25
133.60,134.87,149.79,1,9.70559,1,e_rec,cross-domain,0.0000,0.4688,14916.670,14910,7.83059,1,-6.243,-2.772,-4.378,0,-8.793,24.72,25.75,32.13,6.569
134.00,135.27,149.79,1,17.81032,1,e_rec,cross-domain,0.0000,0.7812,14516.670,14510,14.68532,1,-6.243,-2.772,-4.378,0,-8.793,33.38,7.184,50,39.04
134.40,135.67,149.79,1,19.63172,1,e_rec,cross-domain,0.0000,1.0000,14116.670,14110,15.63172,1,-6.243,-2.772,-4.378,0,-8.793,41.23,3.939,50,20.24
134.80,136.07,149.79,1,19.89711,1,e_rec,cross-domain,0.0000,1.0000,13716.670,13710,15.89711,1,-6.243,-2.772,-4.378,0,-8.793,45.24,4.494,50,12.52
135.20,136.47,149.79,1,19.29991,1,e_rec,cross-domain,0.0000,1.0000,13316.670,13310,15.29991,1,-6.243,-2.772,-4.378,0,-8.793,47.18,5.42,50,39.14
135.60,136.87,149.79,1,19.68628,1,e_rec,cross-domain,0.0000,1.0000,12916.670,12910,15.68628,1,-6.243,-2.772,-4.378,0,-8.793,46.29,4.565,50,23.41
136.00,137.27,149.79,1,20.02839,1,e_rec,cross-domain,0.0000,1.0000,12516.670,12510,16.02839,1,-6.243,-2.772,-4.378,0,-8.793,47.07,3.007,50,14.8
136.40,137.67,149.79,1,19.51993,1,e_rec,cross-domain,0.0000,1.0000,12116.670,12110,15.51993,1,-6.243,-2.772,-4.378,0,-8.793,48.02,2.473,50,41.13
136.80,138.07,149.79,1,20.00692,1,e_rec,cross-domain,0.0000,1.0000,11716.670,11710,16.00692,1,-6.243,-2.772,-4.378,0,-8.793,49.19,1.615,50,24.07
137.20,138.47,149.79,1,20.16920,1,e_rec,cross-domain,0.0000,1.0000,11316.670,11310,16.16920,1,-6.243,-2.772,-4.378,0,-8.793,50,2.018,50,16.56
137.60,138.87,149.79,1,19.59086,1,e_rec,cross-domain,0.0000,1.0000,10916.670,10910,15.59086,1,-6.243,-2.772,-4.378,0,-8.793,50,3.199,50,38.39
138.00,139.27,149.79,1,19.95537,1,e_rec,cross-domain,0.0000,1.0000,10516.670,10510,15.95537,1,-6.243,-2.772,-4.378,0,-8.793,50,2.93,50,22.92
138.40,139.67,149.79,1,20.06381,1,e_rec,cross-domain,0.0000,1.0000,10116.670,10110,16.06381,1,-6.243,-2.772,-4.378,0,-8.793,50,2.884,50,18.2
138.80,140.07,149.79,1,19.45976,1,e_rec,cross-domain,0.0000,1.0000,9716.670,9710,15.45976,1,-6.243,-2.772,-4.378,0,-8.793,49.54,3.355,50,43.02
139.20,140.47,149.79,1,19.92582,1,e_rec,cross-domain,0.0000,1.0000,9316.670,9310,15.92582,1,-6.243,-2.772,-4.378,0,-8.793,47.74,3.175,50,19.86
139.60,140.87,149.79,1,19.97389,1,e_rec,cross-domain,0.0000,1.0000,8916.670,8910,15.97389,1,-6.243,-2.772,-4.378,0,-8.793,46.95,2.826,50,17.72
140.00,141.27,149.79,1,19.52734,1,e_rec,cross-domain,0.0000,1.0000,8516.670,8510,15.52734,1,-6.243,-2.772,-4.378,0,-8.793,46.81,3.116,50,36.59
140.40,141.67,149.79,1,19.90028,1,e_rec,cross-domain,0.0000,1.0000,8116.670,8110,15.90028,1,-6.243,-2.772,-4.378,0,-8.793,47.78,2.326,50,24.13
140.80,142.07,149.79,1,20.17201,1,e_rec,cross-domain,0.0000,1.0000,7716.670,7710,16.17201,1,-6.243,-2.772,-4.378,0,-8.793,49.55,1.872,50,16.26
141.20,142.47,149.79,1,19.76513,1,e_rec,cross-domain,0.0000,1.0000,7316.670,7310,15.76513,1,-6.243,-2.772,-4.378,0,-8.793,50,2.238,50,33.99
141.60,142.87,149.79,1,20.09965,1,e_rec,cross-domain,0.0000,1.0000,6916.670,6910,16.09965,1,-6.243,-2.772,-4.378,0,-8.793,50,1.553,50,21.37
142.00,143.27,149.79,1,20.29173,1,e_rec,cross-domain,0.0000,1.0000,6516.670,6510,16.29173,1,-6.243,-2.772,-4.378,0,-8.793,49.68,1.288,50,13.17
142.40,143.67,149.79,1,19.77162,1,e_rec,cross-domain,0.0000,1.0000,6116.670,6110,15.77162,1,-6.243,-2.772,-4.378,0,-8.793,48.72,1.596,50,34.02
142.80,144.07,149.79,1,20.08270,1,e_rec,cross-domain,0.0000,1.0000,5716.670,5710,16.08270,1,-6.243,-2.772,-4.378,0,-8.793,48.77,0.9056,50,22.55
143.20,144.47,149.79,1,20.28563,1,e_rec,cross-domain,0.0000,1.0000,5316.670,5310,16.28563,1,-6.243,-2.772,-4.378,0,-8.793,49.32,0.7734,50,14.73
143.60,144.87,149.79,1,19.68215,1,e_rec,cross-domain,0.0000,1.0000,4916.670,4910,15.68215,1,-6.243,-2.772,-4.378,0,-8.793,49.91,1.643,50,39.74
144.00,145.27,149.79,1,19.97109,1,e_rec,cross-domain,0.0000,1.0000,4516.670,4510,15.97109,1,-6.243,-2.772,-4.378,0,-8.793,50,1.697,50,26.65
144.40,145.67,149.79,1,20.13716,1,e_rec,cross-domain,0.0000,1.0000,4116.670,4110,16.13716,1,-6.243,-2.772,-4.378,0,-8.793,50,2.243,50,17.2
144.80,146.07,149.79,1,19.54890,1,e_rec,cross-domain,0.0000,1.0000,3716.670,3710,15.54890,1,-6.243,-2.772,-4.378,0,-8.793,50,3.385,50,39.62
145.20,146.47,149.79,1,19.96450,1,e_rec,cross-domain,0.0000,1.0000,3316.670,3310,15.96450,1,-6.243,-2.772,-4.378,0,-8.793,50,3.174,50,21.63
145.60,146.87,149.79,1,20.05905,1,e_rec,cross-domain,0.0000,1.0000,2916.670,2910,16.05905,1,-6.243,-2.772,-4.378,0,-8.793,50,3.782,50,15.18
146.00,147.27,149.79,1,19.28458,1,e_rec,cross-domain,0.0000,1.0000,2516.670,2510,15.28458,1,-6.243,-2.772,-4.378,0,-8.793,48.45,5.057,50,43.11
146.40,147.67,149.79,1,19.75270,1,e_rec,cross-domain,0.0000,1.0000,2116.670,2110,15.75270,1,-6.243,-2.772,-4.378,0,-8.793,47.26,4.967,50,20.47
146.80,148.07,149.79,1,19.78380,1,e_rec,cross-domain,0.0000,1.0000,1716.670,1710,15.78380,1,-6.243,-2.772,-4.378,0,-8.793,47.06,6.194,50,14.34
147.20,148.47,149.79,1,18.97097,1,e_rec,cross-domain,0.0000,1.0000,1316.670,1310,14.97097,1,-6.243,-2.772,-4.378,0,-8.793,48.06,8.414,50,44.56
147.60,148.87,149.79,1,19.52299,1,e_rec,cross-domain,0.0000,1.0000,916.670,910,15.52299,1,-6.243,-2.772,-4.378,0,-8.793,49.72,7.813,50,24.42
148.00,149.27,149.79,1,19.92371,1,e_rec,cross-domain,0.0000,1.0000,516.670,510,15.92371,1,-6.243,-2.772,-4.378,0,-8.793,50,5.543,50,14.94
148.40,149.67,149.79,1,12.64976,1,e_rec,cross-domain,0.0000,1.0000,116.670,110,8.64976,1,-6.243,-2.772,-4.378,0,-8.793,49.53,1.875,28.05,34.45
148.80,150.07,150.08,-1,2.93153,1,|r_qp|,cross-domain,0.0000,0.7734,3.793,0,-0.16222,1,-6.243,-2.772,-4.378,0,-8.793,36.86,0.4798,-0.469,0.08121
149.20,150.47,150.48,-1,1.06649,1,|r_qp|,cross-domain,0.0000,0.4609,3.589,0,-0.77726,0,-6.243,-2.772,-4.378,0,-8.793,19.22,1.121,-0.3468,-0.1398
149.60,150.87,150.88,-1,-1.05272,0,|r_qp|,cross-domain,0.0000,0.1484,3.692,0,-1.64647,0,-6.243,-2.772,-4.378,0,-8.793,4.639,2.161,2.207,50
150.00,151.27,151.28,-1,-1.70960,0,|r_qp|,cross-domain,0.0000,0.0000,3.526,0,-1.70960,0,-6.243,-2.772,-4.378,0,-8.793,0.4034,3.038,-0.7551,-0.2202
150.40,151.67,151.68,-1,-1.74543,0,|r_qp|,cross-domain,0.0000,0.0000,3.547,0,-1.74543,0,-6.243,-2.772,-4.378,0,-8.793,0.329,2.333,-1.058,-0.6059
150.80,152.07,152.08,-1,-1.34332,0,|r_qp|,cross-domain,0.0000,0.0000,3.651,0,-1.34332,0,-6.243,-2.772,-4.378,0,-8.793,1.328,2.024,3.39,48.98
151.20,152.47,152.48,-1,-0.88572,0,|r_qp|,cross-domain,0.0000,0.0000,3.473,0,-0.88572,0,-6.243,-2.772,-4.378,0,-8.793,2.463,1.728,1.293,0.4939
151.60,152.87,152.88,-1,-1.02578,0,|r_qp|,cross-domain,0.0000,0.0000,3.541,0,-1.02578,0,-6.243,-2.772,-4.378,0,-8.793,4.517,1.528,0.5082,-0.7521
152.00,153.27,153.28,-1,-1.36421,0,|r_qp|,cross-domain,0.0000,0.0000,3.621,0,-1.36421,0,-6.243,-2.772,-4.378,0,-8.793,5.372,1.041,2.634,48.69
152.40,153.67,153.68,-1,-1.04234,0,|r_qp|,cross-domain,0.0000,0.0000,3.490,0,-1.04234,0,-6.243,-2.772,-4.378,0,-8.793,4.609,1.132,0.4265,0.3688
152.80,154.07,154.08,-1,-1.19057,0,|r_qp|,cross-domain,0.0000,0.0000,3.612,0,-1.19057,0,-6.243,-2.772,-4.378,0,-8.793,2.688,2.963,0.5668,-0.4746
153.20,154.47,154.48,-1,-2.13340,0,|r_qp|,cross-domain,0.0000,0.0000,3.453,0,-2.13340,0,-6.243,-2.772,-4.378,0,-8.793,0.8464,4.888,1.78,50
153.60,154.87,154.88,-1,-1.88657,0,|r_qp|,cross-domain,0.0000,0.0000,3.559,0,-1.88657,0,-6.243,-2.772,-4.378,0,-8.793,0.34,5.965,-0.5589,-0.007717
154.00,155.27,155.28,-1,-1.79944,0,|r_qp|,cross-domain,0.0000,0.0000,3.578,0,-1.79944,0,-6.243,-2.772,-4.378,0,-8.793,0.5041,3.909,-0.8559,-0.6229
154.40,155.67,155.68,-1,-1.55492,0,|r_qp|,cross-domain,0.0000,0.0000,3.557,0,-1.55492,0,-6.243,-2.772,-4.378,0,-8.793,1.463,2.007,2.789,50
154.80,156.07,156.08,-1,-0.79097,0,|r_qp|,cross-domain,0.0000,0.0000,3.767,0,-0.79097,0,-6.243,-2.772,-4.378,0,-8.793,2.724,0.8385,1.346,0.6049
155.20,156.47,156.48,-1,-1.06445,0,|r_qp|,cross-domain,0.0000,0.0000,3.535,0,-1.06445,0,-6.243,-2.772,-4.378,0,-8.793,4.447,1.031,0.2831,-0.6186
155.60,156.87,156.88,-1,-1.40835,0,|r_qp|,cross-domain,0.0000,0.0000,3.544,0,-1.40835,0,-6.243,-2.772,-4.378,0,-8.793,5.306,0.9913,2.456,48.14
156.00,157.27,157.28,-1,-1.35300,0,|r_qp|,cross-domain,0.0000,0.0000,3.594,0,-1.35300,0,-6.243,-2.772,-4.378,0,-8.793,4.496,1.272,-0.5299,-0.2887
156.40,157.67,157.68,-1,-1.58724,0,|r_qp|,cross-domain,0.0000,0.0000,3.516,0,-1.58724,0,-6.243,-2.772,-4.378,0,-8.793,2.158,0.9188,-1.108,-0.5417
156.80,158.07,158.08,-1,-1.65475,0,|r_qp|,cross-domain,0.0000,0.0000,3.697,0,-1.65475,0,-6.243,-2.772,-4.378,0,-8.793,0.4178,0.5609,1.941,45.68
157.20,158.47,158.48,-1,-1.14982,0,|r_qp|,cross-domain,0.0000,0.0000,3.494,0,-1.14982,0,-6.243,-2.772,-4.378,0,-8.793,0.3894,0.2308,0.2981,0.02233
157.60,158.87,158.88,-1,-1.37573,0,|r_qp|,cross-domain,0.0000,0.0000,3.588,0,-1.37573,0,-6.243,-2.772,-4.378,0,-8.793,1.681,-0.01035,-0.6451,-0.7078
158.00,159.27,159.28,-1,-1.09067,0,|r_qp|,cross-domain,0.0000,0.0000,3.582,0,-1.09067,0,-6.243,-2.772,-4.378,0,-8.793,3.282,-0.07039,3.481,49.48
158.40,159.67,159.68,-1,-0.83881,0,|r_qp|,cross-domain,0.0000,0.0000,3.502,0,-0.83881,0,-6.243,-2.772,-4.378,0,-8.793,4.166,0.07599,0.8365,0.2987
158.80,160.07,160.08,-1,-1.15732,0,|r_qp|,cross-domain,0.0000,0.0000,3.634,0,-1.15732,0,-6.243,-2.772,-4.378,0,-8.793,4.727,0.05328,-0.2817,-0.736
159.20,160.47,160.48,-1,-1.41132,0,|r_qp|,cross-domain,0.0000,0.0000,3.464,0,-1.41132,0,-6.243,-2.772,-4.378,0,-8.793,4.739,0.1827,1.918,42.45
159.60,160.87,160.88,-1,-1.29271,0,|r_qp|,cross-domain,0.0000,0.0000,3.536,0,-1.29271,0,-6.243,-2.772,-4.378,0,-8.793,3.89,0.04347,-0.5829,-0.3003
160.00,161.27,161.28,-1,-1.40050,0,|r_qp|,cross-domain,0.0000,0.0000,3.566,0,-1.40050,0,-6.243,-2.772,-4.378,0,-8.793,2.595,-0.03644,-0.8205,-0.6403
160.40,161.67,161.68,-1,-1.39333,0,|r_qp|,cross-domain,0.0000,0.0000,3.592,0,-1.39333,0,-6.243,-2.772,-4.378,0,-8.793,1.536,-0.1197,2.737,49.73
160.80,162.07,162.08,-1,-1.22447,0,|r_qp|,cross-domain,0.0000,0.0000,3.448,0,-1.22447,0,-6.243,-2.772,-4.378,0,-8.793,1.571,0.3031,-0.04163,-0.003001
161.20,162.47,162.48,-1,-1.30049,0,|r_qp|,cross-domain,0.0000,0.0000,3.606,0,-1.30049,0,-6.243,-2.772,-4.378,0,-8.793,2.441,0.06663,-0.4816,-0.8055
161.60,162.87,162.88,-1,-1.28387,0,|r_qp|,cross-domain,0.0000,0.0000,3.508,0,-1.28387,0,-6.243,-2.772,-4.378,0,-8.793,3.44,0.2619,2.714,46.03
162.00,163.27,163.28,-1,-0.39437,0,|r_qp|,cross-domain,0.0000,0.0000,3.590,0,-0.39437,0,-6.243,-2.772,-4.378,0,-8.793,4.29,0.301,2.269,0.5951
162.40,163.67,163.68,-1,-0.83059,0,|r_qp|,cross-domain,0.0000,0.0000,3.421,0,-0.83059,0,-6.243,-2.772,-4.378,0,-8.793,5.364,0.02991,0.6542,-0.7075
162.80,164.07,164.08,-1,-1.28449,0,|r_qp|,cross-domain,0.0000,0.0000,3.482,0,-1.28449,0,-6.243,-2.772,-4.378,0,-8.793,5.812,0.09193,2.221,43.15
163.20,164.47,164.48,-1,-1.12307,0,|r_qp|,cross-domain,0.0000,0.0000,3.611,0,-1.12307,0,-6.243,-2.772,-4.378,0,-8.793,4.89,0.005967,-0.1794,-0.3597
163.60,164.87,164.88,-1,-1.44565,0,|r_qp|,cross-domain,0.0000,0.0000,3.562,0,-1.44565,0,-6.243,-2.772,-4.378,0,-8.793,2.358,-0.05545,-0.9101,-0.2149
164.00,165.27,165.28,-1,-1.98415,0,|r_qp|,cross-domain,0.0000,0.0000,3.624,0,-1.98415,0,-6.243,-2.772,-4.378,0,-8.793,0.06568,0.008883,1.122,50
164.40,165.67,165.68,-1,-1.67036,0,|r_qp|,cross-domain,0.0000,0.0000,3.439,0,-1.67036,0,-6.243,-2.772,-4.378,0,-8.793,-0.5884,0.601,-1.114,-0.01165
164.80,166.07,166.08,-1,-1.59454,0,|r_qp|,cross-domain,0.0000,0.0000,3.601,0,-1.59454,0,-6.243,-2.772,-4.378,0,-8.793,-0.8115,0.1881,-1.013,-0.8138
165.20,166.47,166.48,-1,-1.00286,0,|r_qp|,cross-domain,0.0000,0.0000,3.767,0,-1.00286,0,-6.243,-2.772,-4.378,0,-8.793,0.07257,0.04844,3.432,39.4
165.60,166.87,166.88,-1,-0.82821,0,|r_qp|,cross-domain,0.0000,0.0000,3.555,0,-0.82821,0,-6.243,-2.772,-4.378,0,-8.793,1.037,-0.4359,1.081,0.3743
166.00,167.27,167.28,-1,-1.00440,0,|r_qp|,cross-domain,0.0000,0.0000,3.646,0,-1.00440,0,-6.243,-2.772,-4.378,0,-8.793,3.341,-0.4913,0.1999,-0.7836
166.40,167.67,167.68,-1,-1.31452,0,|r_qp|,cross-domain,0.0000,0.0000,3.481,0,-1.31452,0,-6.243,-2.772,-4.378,0,-8.793,4.712,-0.4812,2.339,46.58
166.80,168.07,168.08,-1,-1.46494,0,|r_qp|,cross-domain,0.0000,0.0000,3.513,0,-1.46494,0,-6.243,-2.772,-4.378,0,-8.793,4.16,0.1391,-1.119,-0.3015
167.20,168.47,168.48,-1,-1.54792,0,|r_qp|,cross-domain,0.0000,0.0000,3.838,0,-1.54792,0,-6.243,-2.772,-4.378,0,-8.793,1.649,-0.3333,-1.25,-0.6806
167.60,168.87,168.88,-1,-1.22908,0,|r_qp|,cross-domain,0.0000,0.0000,3.983,0,-1.22908,0,-6.243,-2.772,-4.378,0,-8.793,-0.5135,-0.2462,2.703,39.09
168.00,169.27,169.28,-1,-1.51679,0,|r_qp|,cross-domain,0.0000,0.0000,3.630,0,-1.51679,0,-6.243,-2.772,-4.378,0,-8.793,-0.9519,-0.471,-0.8822,-0.2492
168.40,169.67,169.68,-1,-1.48504,0,|r_qp|,cross-domain,0.0000,0.0000,3.726,0,-1.48504,0,-6.243,-2.772,-4.378,0,-8.793,-0.1702,-0.6096,-0.9289,-0.6498
168.80,170.07,170.08,-1,-1.64845,0,|r_qp|,cross-domain,0.0000,0.0000,3.648,0,-1.64845,0,-6.243,-2.772,-4.378,0,-8.793,1.096,-0.2019,1.996,50
169.20,170.47,170.48,-1,-1.37161,0,|r_qp|,cross-domain,0.0000,0.0000,3.805,0,-1.37161,0,-6.243,-2.772,-4.378,0,-8.793,1.76,0.5245,-0.4309,0.4351
169.60,170.87,170.88,-1,-1.40174,0,|r_qp|,cross-domain,0.0000,0.0000,3.639,0,-1.40174,0,-6.243,-2.772,-4.378,0,-8.793,2.61,0.259,-0.7703,-0.8899
170.00,171.27,171.28,-1,-0.61624,0,|r_qp|,cross-domain,0.0000,0.0000,4.141,0,-0.61624,0,-6.243,-2.772,-4.378,0,-8.793,3.053,0.08935,4.196,37.62
170.40,171.67,171.68,-1,-1.49035,0,|r_qp|,cross-domain,0.0000,0.0000,3.765,0,-1.49035,0,-6.243,-2.772,-4.378,0,-8.793,2.614,-0.4363,-1.183,-0.4177
170.80,172.07,172.08,-1,-1.51141,0,|r_qp|,cross-domain,0.0000,0.0000,3.672,0,-1.51141,0,-6.243,-2.772,-4.378,0,-8.793,1.492,-0.7061,-1.224,-0.839
171.20,172.47,172.48,-1,-1.39404,0,|r_qp|,cross-domain,0.0000,0.0000,3.698,0,-1.39404,0,-6.243,-2.772,-4.378,0,-8.793,0.2157,-0.5481,2.182,41.12
171.60,172.87,172.88,-1,-1.42556,0,|r_qp|,cross-domain,0.0000,0.0000,3.542,0,-1.42556,0,-6.243,-2.772,-4.378,0,-8.793,-0.1158,-0.4505,-0.6566,0.1612
172.00,173.27,173.28,-1,-1.41219,0,|r_qp|,cross-domain,0.0000,0.0000,3.530,0,-1.41219,0,-6.243,-2.772,-4.378,0,-8.793,0.6541,-0.5322,-0.7872,-0.86
172.40,173.67,173.68,-1,-1.54727,0,|r_qp|,cross-domain,0.0000,0.0000,3.698,0,-1.54727,0,-6.243,-2.772,-4.378,0,-8.793,1.613,-0.1652,1.944,45.35
172.80,174.07,174.08,-1,-1.13918,0,|r_qp|,cross-domain,0.0000,0.0000,3.545,0,-1.13918,0,-6.243,-2.772,-4.378,0,-8.793,2.402,-0.05844,0.1067,0.9126
173.20,174.47,174.48,-1,-1.34138,0,|r_qp|,cross-domain,0.0000,0.0000,3.694,0,-1.34138,0,-6.243,-2.772,-4.378,0,-8.793,2.789,-0.2749,-0.7299,-0.8207
173.60,174.87,174.88,-1,-0.37504,0,|r_qp|,cross-domain,0.0000,0.0000,3.534,0,-0.37504,0,-6.243,-2.772,-4.378,0,-8.793,3.476,-0.3768,4.558,34.36
174.00,175.27,175.28,-1,-1.32902,0,|r_qp|,cross-domain,0.0000,0.0000,3.443,0,-1.32902,0,-6.243,-2.772,-4.378,0,-8.793,3.378,-0.01134,-0.6538,-0.2993
174.40,175.67,175.68,-1,-1.55442,0,|r_qp|,cross-domain,0.0000,0.0000,3.707,0,-1.55442,0,-6.243,-2.772,-4.378,0,-8.793,2.259,-0.2399,-1.306,-0.5934
174.80,176.07,176.08,-1,-1.48070,0,|r_qp|,cross-domain,0.0000,0.0000,4.115,0,-1.48070,0,-6.243,-2.772,-4.378,0,-8.793,1.292,-0.09992,2.174,44.97
175.20,176.47,176.48,-1,-1.24163,0,|r_qp|,cross-domain,0.0000,0.0000,3.745,0,-1.24163,0,-6.243,-2.772,-4.378,0,-8.793,0.9359,0.2396,-0.02608,0.2391
175.60,176.87,176.88,-1,-1.30666,0,|r_qp|,cross-domain,0.0000,0.0000,3.478,0,-1.30666,0,-6.243,-2.772,-4.378,0,-8.793,1.946,0.05927,-0.4506,-0.8168
176.00,177.27,177.28,-1,-1.55443,0,|r_qp|,cross-domain,0.0000,0.0000,3.438,0,-1.55443,0,-6.243,-2.772,-4.378,0,-8.793,2.715,0.008071,2.008,47.7
176.40,177.67,177.68,-1,-1.10095,0,|r_qp|,cross-domain,0.0000,0.0000,3.748,0,-1.10095,0,-6.243,-2.772,-4.378,0,-8.793,3.205,-0.1988,0.08651,0.6479
176.80,178.07,178.08,-1,-1.05132,0,|r_qp|,cross-domain,0.0000,0.0000,3.592,0,-1.05132,0,-6.243,-2.772,-4.378,0,-8.793,3.622,-0.6528,-0.01862,-0.8443
177.20,178.47,178.48,-1,-0.64818,0,|r_qp|,cross-domain,0.0000,0.0000,3.509,0,-0.64818,0,-6.243,-2.772,-4.378,0,-8.793,3.89,-0.629,3.809,37.28
177.60,178.87,178.88,-1,-1.44832,0,|r_qp|,cross-domain,0.0000,0.0000,3.715,0,-1.44832,0,-6.243,-2.772,-4.378,0,-8.793,3.303,-0.5355,-1.134,-0.1675
178.00,179.27,179.28,-1,-1.45105,0,|r_qp|,cross-domain,0.0000,0.0000,3.453,0,-1.45105,0,-6.243,-2.772,-4.378,0,-8.793,1.599,-0.7631,-1.062,-0.8306
178.40,179.67,179.68,-1,-1.15874,0,|r_qp|,cross-domain,0.0000,0.0000,3.615,0,-1.15874,0,-6.243,-2.772,-4.378,0,-8.793,-0.04528,-0.6549,3.012,42.63
178.80,180.07,180.08,-1,-1.40897,0,|r_qp|,cross-domain,0.0000,0.0000,3.503,0,-1.40897,0,-6.243,-2.772,-4.378,0,-8.793,-0.3105,-0.5171,-0.6105,0.02495
179.20,180.47,180.48,-1,-1.45190,0,|r_qp|,cross-domain,0.0000,0.0000,3.466,0,-1.45190,0,-6.243,-2.772,-4.378,0,-8.793,0.3468,-0.5002,-0.8678,-0.8416
179.60,180.87,180.88,0,-1.30016,0,|r_qp|,cross-domain,0.0000,0.0000,3.665,0,-1.30016,0,-6.243,-2.772,-4.378,0,-8.793,1.441,-0.1764,2.482,41.84
180.00,181.27,181.28,0,-1.21195,0,|r_qp|,cross-domain,0.0000,0.0000,3.469,0,-1.21195,0,-6.243,-2.772,-4.378,0,-8.793,2.06,0.03247,-0.07682,0.6524
180.40,181.67,181.68,0,-1.29755,0,|r_qp|,cross-domain,0.0000,0.0000,3.633,0,-1.29755,0,-6.243,-2.772,-4.378,0,-8.793,2.841,-0.5006,-0.6598,-0.8809
180.80,182.07,182.08,0,-1.17866,0,|r_qp|,cross-domain,0.0000,0.0000,3.520,0,-1.17866,0,-6.243,-2.772,-4.378,0,-8.793,3.313,-0.4962,2.396,39.17
181.20,182.47,182.48,0,-1.24246,0,|r_qp|,cross-domain,0.0000,0.0000,3.464,0,-1.24246,0,-6.243,-2.772,-4.378,0,-8.793,3.102,-0.3948,-0.4222,0.136
181.60,182.87,182.88,0,-1.40660,0,|r_qp|,cross-domain,0.0000,0.0000,3.551,0,-1.40660,0,-6.243,-2.772,-4.378,0,-8.793,2.271,-0.4271,-0.9137,-0.8261
182.00,183.27,183.28,0,-1.70810,0,|r_qp|,cross-domain,0.0000,0.0000,3.478,0,-1.70810,0,-6.243,-2.772,-4.378,0,-8.793,1.33,-0.1166,1.5,45.49
182.40,183.67,183.68,0,-1.51446,0,|r_qp|,cross-domain,0.0000,0.0000,3.661,0,-1.51446,0,-6.243,-2.772,-4.378,0,-8.793,1.032,-0.1096,-0.9584,0.3155
182.80,184.07,184.08,0,-1.48206,0,|r_qp|,cross-domain,0.0000,0.0000,3.490,0,-1.48206,0,-6.243,-2.772,-4.378,0,-8.793,0.8672,-0.4304,-0.9935,-0.7616
183.20,184.47,184.48,0,-1.11321,0,|r_qp|,cross-domain,0.0000,0.0000,3.440,0,-1.11321,0,-6.243,-2.772,-4.378,0,-8.793,1.603,-0.3135,2.952,41.04
183.60,184.87,184.88,0,-0.90684,0,|r_qp|,cross-domain,0.0000,0.0000,3.533,0,-0.90684,0,-6.243,-2.772,-4.378,0,-8.793,2.385,-0.1589,0.7945,0.831
184.00,185.27,185.28,0,-0.92721,0,|r_qp|,cross-domain,0.0000,0.0000,3.480,0,-0.92721,0,-6.243,-2.772,-4.378,0,-8.793,4.027,-0.3649,0.3968,-0.7733
184.40,185.67,185.68,0,-1.19390,0,|r_qp|,cross-domain,0.0000,0.0000,3.613,0,-1.19390,0,-6.243,-2.772,-4.378,0,-8.793,4.933,-0.2931,2.488,42.99
184.80,186.07,186.08,0,-1.28851,0,|r_qp|,cross-domain,0.0000,0.0000,4.216,0,-1.28851,0,-6.243,-2.772,-4.378,0,-8.793,4.31,-0.2848,-0.6985,-0.3462
185.20,186.47,186.48,0,-1.52827,0,|r_qp|,cross-domain,0.0000,0.0000,3.701,0,-1.52827,0,-6.243,-2.772,-4.378,0,-8.793,2.044,-0.4748,-1.274,-0.7825
185.60,186.87,186.88,0,-1.31606,0,|r_qp|,cross-domain,0.0000,0.0000,3.619,0,-1.31606,0,-6.243,-2.772,-4.378,0,-8.793,0.02815,-0.4903,2.579,42.91
186.00,187.27,187.28,0,-1.46983,0,|r_qp|,cross-domain,0.0000,0.0000,3.558,0,-1.46983,0,-6.243,-2.772,-4.378,0,-8.793,-0.3873,-0.3038,-0.7082,0.4533
186.40,187.67,187.68,0,-1.52042,0,|r_qp|,cross-domain,0.0000,0.0000,3.576,0,-1.52042,0,-6.243,-2.772,-4.378,0,-8.793,0.322,-0.6274,-1.102,-0.7574
186.80,188.07,188.08,0,-0.65113,0,|r_qp|,cross-domain,0.0000,0.0000,3.649,0,-0.65113,0,-6.243,-2.772,-4.378,0,-8.793,1.539,-0.6258,3.954,35.88
187.20,188.47,188.48,0,-0.83079,0,|r_qp|,cross-domain,0.0000,0.0000,3.397,0,-0.83079,0,-6.243,-2.772,-4.378,0,-8.793,2.471,-0.4369,0.9543,0.8707
187.60,188.87,188.88,0,-1.05787,0,|r_qp|,cross-domain,0.0000,0.0000,3.581,0,-1.05787,0,-6.243,-2.772,-4.378,0,-8.793,3.866,-0.5307,-0.03464,-0.8443
188.00,189.27,189.28,0,-0.29677,1,|r_qp|,cross-domain,0.0000,0.0000,3.518,0,-0.29677,1,-6.243,-2.772,-4.378,0,-8.793,4.793,-0.3236,4.57,32.88
188.40,189.67,189.68,0,-1.25170,0,|r_qp|,cross-domain,0.0000,0.0000,3.490,0,-1.25170,0,-6.243,-2.772,-4.378,0,-8.793,4.566,0.07825,-0.4784,0.3045
188.80,190.07,190.08,0,-1.50485,0,|r_qp|,cross-domain,0.0000,0.0000,3.661,0,-1.50485,0,-6.243,-2.772,-4.378,0,-8.793,3.248,0.02294,-1.21,-0.8303
189.20,190.47,190.48,0,-0.48850,0,|r_qp|,cross-domain,0.0000,0.0000,3.584,0,-0.48850,0,-6.243,-2.772,-4.378,0,-8.793,1.955,0.1941,4.51,34.37
189.60,190.87,190.88,0,-1.25311,0,|r_qp|,cross-domain,0.0000,0.0000,3.697,0,-1.25311,0,-6.243,-2.772,-4.378,0,-8.793,1.637,0.1805,-0.1255,0.6049
190.00,191.27,191.28,0,-1.46515,0,|r_qp|,cross-domain,0.0000,0.0000,3.616,0,-1.46515,0,-6.243,-2.772,-4.378,0,-8.793,2.002,-0.3932,-1.055,-0.7872
190.40,191.67,191.68,0,-0.52310,0,|r_qp|,cross-domain,0.0000,0.0000,3.526,0,-0.52310,0,-6.243,-2.772,-4.378,0,-8.793,2.841,-0.2577,3.957,30.84
190.80,192.07,192.08,0,-0.74711,0,|r_qp|,cross-domain,0.0000,0.0000,3.695,0,-0.74711,0,-6.243,-2.772,-4.378,0,-8.793,3.569,-0.1641,1.126,0.3394
191.20,192.47,192.48,0,-0.85652,0,|r_qp|,cross-domain,0.0000,0.0000,3.412,0,-0.85652,0,-6.243,-2.772,-4.378,0,-8.793,4.853,-0.5057,0.492,-0.7774
191.60,192.87,192.88,0,-0.92493,0,|r_qp|,cross-domain,0.0000,0.0000,3.735,0,-0.92493,0,-6.243,-2.772,-4.378,0,-8.793,5.425,-0.2007,2.896,37.26
192.00,193.27,193.28,0,-1.36000,0,|r_qp|,cross-domain,0.0000,0.0000,3.556,0,-1.36000,0,-6.243,-2.772,-4.378,0,-8.793,4.307,-0.1264,-0.8502,0.08382
192.40,193.67,193.68,0,-1.46649,0,|r_qp|,cross-domain,0.0000,0.0000,3.576,0,-1.46649,0,-6.243,-2.772,-4.378,0,-8.793,1.564,-0.414,-1.017,-0.7768
192.80,194.07,194.08,0,-0.94324,0,|r_qp|,cross-domain,0.0000,0.0000,3.725,0,-0.94324,0,-6.243,-2.772,-4.378,0,-8.793,-0.661,-0.3304,3.248,34.24
193.20,194.47,194.48,0,-1.53208,0,|r_qp|,cross-domain,0.0000,0.0000,3.451,0,-1.53208,0,-6.243,-2.772,-4.378,0,-8.793,-0.6411,-0.3139,-0.8531,0.7823
193.60,194.87,194.88,0,-1.55314,0,|r_qp|,cross-domain,0.0000,0.0000,3.496,0,-1.55314,0,-6.243,-2.772,-4.378,0,-8.793,0.4247,-0.2648,-1.127,-0.7987
194.00,195.27,195.28,0,-1.05463,0,|r_qp|,cross-domain,0.0000,0.0000,3.680,0,-1.05463,0,-6.243,-2.772,-4.378,0,-8.793,1.717,0.1247,2.644,32.48
194.40,195.67,195.68,0,-0.75071,0,|r_qp|,cross-domain,0.0000,0.0000,3.676,0,-0.75071,0,-6.243,-2.772,-4.378,0,-8.793,2.542,0.2707,1.379,1.041
194.80,196.07,196.08,0,-1.16425,0,|r_qp|,cross-domain,0.0000,0.0000,3.700,0,-1.16425,0,-6.243,-2.772,-4.378,0,-8.793,3.959,0.02824,-0.2218,-0.6517
195.20,196.47,196.48,0,-0.18618,1,|r_qp|,cross-domain,0.0000,0.0000,3.598,0,-0.18618,1,-6.243,-2.772,-4.378,0,-8.793,4.911,0.1823,4.788,29.44
195.60,196.87,196.88,0,-1.50186,0,|r_qp|,cross-domain,0.0000,0.0000,4.695,0,-1.50186,0,-6.243,-2.772,-4.378,0,-8.793,4.454,0.2953,-1.167,0.5582
196.00,197.27,197.28,0,-1.53569,0,|r_qp|,cross-domain,0.0000,0.0000,3.872,0,-1.53569,0,-6.243,-2.772,-4.378,0,-8.793,2.38,0.06654,-1.186,-0.5984
196.40,197.67,197.68,0,-0.89248,0,|r_qp|,cross-domain,0.0000,0.0000,3.578,0,-0.89248,0,-6.243,-2.772,-4.378,0,-8.793,0.6284,0.2429,3.705,38.57
196.80,198.07,198.08,0,-1.52784,0,|r_qp|,cross-domain,0.0000,0.0000,3.710,0,-1.52784,0,-6.243,-2.772,-4.378,0,-8.793,0.3275,0.2322,-0.8168,0.6625
197.20,198.47,198.48,0,-1.48260,0,|r_qp|,cross-domain,0.0000,0.0000,3.563,0,-1.48260,0,-6.243,-2.772,-4.378,0,-8.793,1.092,-0.1081,-0.9259,-0.5592
197.60,198.87,198.88,0,-0.37223,0,|r_qp|,cross-domain,0.0000,0.0000,3.540,0,-0.37223,0,-6.243,-2.772,-4.378,0,-8.793,2.493,0.5715,4.417,27.25
198.00,199.27,199.28,0,-0.86656,0,|r_qp|,cross-domain,0.0000,0.0000,3.699,0,-0.86656,0,-6.243,-2.772,-4.378,0,-8.793,3.676,0.6269,1.008,1.315
198.40,199.67,199.68,0,-0.94282,0,|r_qp|,cross-domain,0.0000,0.0000,3.549,0,-0.94282,0,-6.243,-2.772,-4.378,0,-8.793,5.297,0.3743,0.4179,-0.4466
198.80,200.07,200.08,0,-0.26675,1,|r_qp|,cross-domain,0.0000,0.0000,3.728,0,-0.26675,1,-6.243,-2.772,-4.378,0,-8.793,6.157,0.5597,4.173,24.65
199.20,200.47,200.48,0,-1.33886,0,|r_qp|,cross-domain,0.0000,0.0000,3.567,0,-1.33886,0,-6.243,-2.772,-4.378,0,-8.793,5.567,0.3825,-0.7889,0.1544
199.60,200.87,200.88,0,-1.40208,0,|r_qp|,cross-domain,0.0000,0.0000,3.556,0,-1.40208,0,-6.243,-2.772,-4.378,0,-8.793,3.96,0.04691,-0.9652,-0.8632
200.00,201.27,201.28,0,-1.15662,0,|r_qp|,cross-domain,0.0000,0.0000,3.674,0,-1.15662,0,-6.243,-2.772,-4.378,0,-8.793,2.139,-0.4597,2.796,42.07
200.40,201.67,201.68,0,-1.54336,0,|r_qp|,cross-domain,0.0000,0.0000,3.460,0,-1.54336,0,-6.243,-2.772,-4.378,0,-8.793,1.265,-0.5161,-1.103,1.335
200.80,202.07,202.08,0,-1.56535,0,|r_qp|,cross-domain,0.0000,0.0000,3.746,0,-1.56535,0,-6.243,-2.772,-4.378,0,-8.793,0.599,-0.9226,-1.33,-0.5718
201.20,202.47,202.48,0,-0.85503,0,|r_qp|,cross-domain,0.0000,0.0000,3.504,0,-0.85503,0,-6.243,-2.772,-4.378,0,-8.793,0.7129,-0.3038,2.914,27.41
201.60,202.87,202.88,0,-0.98780,0,|r_qp|,cross-domain,0.0000,0.0000,3.579,0,-0.98780,0,-6.243,-2.772,-4.378,0,-8.793,1.467,0.2002,0.7367,0.9147
202.00,203.27,203.28,0,-1.25248,0,|r_qp|,cross-domain,0.0000,0.0000,3.777,0,-1.25248,0,-6.243,-2.772,-4.378,0,-8.793,3.003,0.517,-0.2638,-0.5336
202.40,203.67,203.68,0,-0.65344,0,|r_qp|,cross-domain,0.0000,0.0000,3.453,0,-0.65344,0,-6.243,-2.772,-4.378,0,-8.793,4.277,0.5851,3.587,30.51
202.80,204.07,204.08,0,-1.51879,0,|r_qp|,cross-domain,0.0000,0.0000,3.572,0,-1.51879,0,-6.243,-2.772,-4.378,0,-8.793,3.974,0.4081,-1.141,0.5559
203.20,204.47,204.48,0,-1.55478,0,|r_qp|,cross-domain,0.0000,0.0000,3.827,0,-1.55478,0,-6.243,-2.772,-4.378,0,-8.793,2.307,-0.3196,-1.328,-0.5381
203.60,204.87,204.88,0,-1.25577,0,|r_qp|,cross-domain,0.0000,0.0000,3.566,0,-1.25577,0,-6.243,-2.772,-4.378,0,-8.793,0.6649,-0.05387,1.759,27.61
204.00,205.27,205.28,0,-1.37506,0,|r_qp|,cross-domain,0.0000,0.0000,3.732,0,-1.37506,0,-6.243,-2.772,-4.378,0,-8.793,0.3147,0.06579,-0.3795,0.7483
204.40,205.67,205.68,0,-1.44521,0,|r_qp|,cross-domain,0.0000,0.0000,3.582,0,-1.44521,0,-6.243,-2.772,-4.378,0,-8.793,1.323,0.09096,-0.7949,-0.687
204.80,206.07,206.08,0,-0.98310,0,|r_qp|,cross-domain,0.0000,0.0000,3.750,0,-0.98310,0,-6.243,-2.772,-4.378,0,-8.793,2.369,0.0994,2.57,29.28
205.20,206.47,206.48,0,-1.30755,0,|r_qp|,cross-domain,0.0000,0.0000,4.212,0,-1.30755,0,-6.243,-2.772,-4.378,0,-8.793,2.749,0.04402,-0.3759,1.62
205.60,206.87,206.88,0,-1.36397,0,|r_qp|,cross-domain,0.0000,0.0000,3.602,0,-1.36397,0,-6.243,-2.772,-4.378,0,-8.793,2.945,-0.4754,-0.8405,-0.4569
206.00,207.27,207.28,0,-0.87339,0,|r_qp|,cross-domain,0.0000,0.0000,3.638,0,-0.87339,0,-6.243,-2.772,-4.378,0,-8.793,3.113,-0.1365,2.858,30.55
206.40,207.67,207.68,0,-1.49446,0,|r_qp|,cross-domain,0.0000,0.0000,3.562,0,-1.49446,0,-6.243,-2.772,-4.378,0,-8.793,3.031,-0.007733,-1.044,0.9083
206.80,208.07,208.08,0,-1.53558,0,|r_qp|,cross-domain,0.0000,0.0000,3.616,0,-1.53558,0,-6.243,-2.772,-4.378,0,-8.793,2.164,-0.09295,-1.211,-0.7312
207.20,208.47,208.48,0,-1.06594,0,|r_qp|,cross-domain,0.0000,0.0000,3.704,0,-1.06594,0,-6.243,-2.772,-4.378,0,-8.793,1.399,0.3595,2.372,27.68
207.60,208.87,208.88,0,-1.22945,0,|r_qp|,cross-domain,0.0000,0.0000,3.608,0,-1.22945,0,-6.243,-2.772,-4.378,0,-8.793,1.304,0.2751,0.01057,0.671
208.00,209.27,209.28,0,-1.40100,0,|r_qp|,cross-domain,0.0000,0.0000,3.732,0,-1.40100,0,-6.243,-2.772,-4.378,0,-8.793,2.061,-0.07662,-0.7745,-0.6318
208.40,209.67,209.68,0,-1.11835,0,|r_qp|,cross-domain,0.0000,0.0000,3.437,0,-1.11835,0,-6.243,-2.772,-4.378,0,-8.793,2.913,-0.5473,2.816,42.16
208.80,210.07,210.08,0,-1.08801,0,|r_qp|,cross-domain,0.0000,0.0000,3.584,0,-1.08801,0,-6.243,-2.772,-4.378,0,-8.793,3.226,-0.5563,0.02951,0.5508
209.20,210.47,210.48,0,-1.18100,0,|r_qp|,cross-domain,0.0000,0.0000,3.663,0,-1.18100,0,-6.243,-2.772,-4.378,0,-8.793,3.708,-0.8409,-0.4729,-0.828
209.60,210.87,210.88,0,-0.57017,0,|r_qp|,cross-domain,0.0000,0.0000,3.573,0,-0.57017,0,-6.243,-2.772,-4.378,0,-8.793,3.751,-0.6184,3.882,34.59
210.00,211.27,211.28,0,-1.52159,0,|r_qp|,cross-domain,0.0000,0.0000,4.237,0,-1.52159,0,-6.243,-2.772,-4.378,0,-8.793,3.107,-0.2298,-1.185,0.9821
210.40,211.67,211.68,0,-1.58085,0,|r_qp|,cross-domain,0.0000,0.0000,3.609,0,-1.58085,0,-6.243,-2.772,-4.378,0,-8.793,1.023,-0.7395,-1.372,-0.4844
210.80,212.07,212.08,0,-1.10340,0,|r_qp|,cross-domain,0.0000,0.0000,3.659,0,-1.10340,0,-6.243,-2.772,-4.378,0,-8.793,-0.508,-0.3714,2.287,27.8
211.20,212.47,212.48,0,-1.39980,0,|r_qp|,cross-domain,0.0000,0.0000,3.670,0,-1.39980,0,-6.243,-2.772,-4.378,0,-8.793,-0.3449,-0.3569,-0.514,0.3928
211.60,212.87,212.88,0,-1.40023,0,|r_qp|,cross-domain,0.0000,0.0000,3.558,0,-1.40023,0,-6.243,-2.772,-4.378,0,-8.793,1.175,-0.4046,-0.7731,-0.8428
212.00,213.27,213.28,0,-0.18106,1,|r_qp|,cross-domain,0.0000,0.0000,3.563,0,-0.18106,1,-6.243,-2.772,-4.378,0,-8.793,3.059,-0.3337,5.375,36.76
212.40,213.67,213.68,0,-0.83914,0,|r_qp|,cross-domain,0.0000,0.0000,3.671,0,-0.83914,0,-6.243,-2.772,-4.378,0,-8.793,3.833,-0.3205,0.8093,0.8261
212.80,214.07,214.08,0,-1.16289,0,|r_qp|,cross-domain,0.0000,0.0000,3.552,0,-1.16289,0,-6.243,-2.772,-4.378,0,-8.793,4.425,-0.5206,-0.405,-0.6903
213.20,214.47,214.48,0,-0.57844,0,|r_qp|,cross-domain,0.0000,0.0000,3.682,0,-0.57844,0,-6.243,-2.772,-4.378,0,-8.793,4.26,-0.208,3.687,31.42
213.60,214.87,214.88,0,-1.52607,0,|r_qp|,cross-domain,0.0000,0.0000,3.561,0,-1.52607,0,-6.243,-2.772,-4.378,0,-8.793,3.256,-0.1015,-1.21,0.5941
214.00,215.27,215.28,0,-1.60139,0,|r_qp|,cross-domain,0.0000,0.0000,3.479,0,-1.60139,0,-6.243,-2.772,-4.378,0,-8.793,1.239,-0.4492,-1.384,-0.44
214.40,215.67,215.68,0,-1.42803,0,|r_qp|,cross-domain,0.0000,0.0000,3.677,0,-1.42803,0,-6.243,-2.772,-4.378,0,-8.793,-0.4885,-0.0538,1.797,34.15
214.80,216.07,216.08,0,-1.37892,0,|r_qp|,cross-domain,0.0000,0.0000,3.585,0,-1.37892,0,-6.243,-2.772,-4.378,0,-8.793,-0.5848,-0.02418,-0.3177,0.7506
215.20,216.47,216.48,0,-1.53645,0,|r_qp|,cross-domain,0.0000,0.0000,3.656,0,-1.53645,0,-6.243,-2.772,-4.378,0,-8.793,0.6202,-0.01291,-1.029,-0.718
215.60,216.87,216.88,0,-0.99341,0,|r_qp|,cross-domain,0.0000,0.0000,3.551,0,-0.99341,0,-6.243,-2.772,-4.378,0,-8.793,1.959,0.07604,2.649,30.35
216.00,217.27,217.28,0,-0.83784,0,|r_qp|,cross-domain,0.0000,0.0000,3.480,0,-0.83784,0,-6.243,-2.772,-4.378,0,-8.793,2.736,0.2521,1.104,1.315
216.40,217.67,217.68,0,-1.13343,0,|r_qp|,cross-domain,0.0000,0.0000,3.671,0,-1.13343,0,-6.243,-2.772,-4.378,0,-8.793,3.677,-0.2266,-0.1647,-0.7273
216.80,218.07,218.08,0,-0.13626,1,|r_qp|,cross-domain,0.0000,0.0000,3.502,0,-0.13626,1,-6.243,-2.772,-4.378,0,-8.793,4.554,-0.2863,4.953,30.73
217.20,218.47,218.48,0,-1.48953,0,|r_qp|,cross-domain,0.0000,0.0000,3.702,0,-1.48953,0,-6.243,-2.772,-4.378,0,-8.793,4.29,-0.1638,-1.199,0.936
217.60,218.87,218.88,0,-1.53058,0,|r_qp|,cross-domain,0.0000,0.0000,3.513,0,-1.53058,0,-6.243,-2.772,-4.378,0,-8.793,2.2,-0.5796,-1.305,-0.5194
218.00,219.27,219.28,0,-1.22316,0,|r_qp|,cross-domain,0.0000,0.0000,3.502,0,-1.22316,0,-6.243,-2.772,-4.378,0,-8.793,0.4387,0.1156,2.085,29.95
218.40,219.67,219.68,0,-1.48576,0,|r_qp|,cross-domain,0.0000,0.0000,3.790,0,-1.48576,0,-6.243,-2.772,-4.378,0,-8.793,0.152,-0.03508,-0.722,0.8407
218.80,220.07,220.08,0,-1.50850,0,|r_qp|,cross-domain,0.0000,0.0000,3.568,0,-1.50850,0,-6.243,-2.772,-4.378,0,-8.793,1.284,-0.06341,-1.017,-0.5804
219.20,220.47,220.48,0,-1.01143,0,|r_qp|,cross-domain,0.0000,0.0000,3.573,0,-1.01143,0,-6.243,-2.772,-4.378,0,-8.793,2.342,0.2778,2.365,26.88
219.60,220.87,220.88,0,-0.84085,0,|r_qp|,cross-domain,0.0000,0.0000,3.670,0,-0.84085,0,-6.243,-2.772,-4.378,0,-8.793,2.837,0.3866,1.096,0.9976
220.00,221.27,221.28,0,-1.18880,0,|r_qp|,cross-domain,0.0000,0.0000,3.617,0,-1.18880,0,-6.243,-2.772,-4.378,0,-8.793,3.854,0.1568,-0.2409,-0.449
220.40,221.67,221.68,0,-1.22501,0,|r_qp|,cross-domain,0.0000,0.0000,3.642,0,-1.22501,0,-6.243,-2.772,-4.378,0,-8.793,4.4,0.1774,1.634,29.38
220.80,222.07,222.08,0,-1.51704,0,|r_qp|,cross-domain,0.0000,0.0000,3.579,0,-1.51704,0,-6.243,-2.772,-4.378,0,-8.793,3.848,0.1765,-1.143,1.079
221.20,222.47,222.48,0,-1.59425,0,|r_qp|,cross-domain,0.0000,0.0000,3.562,0,-1.59425,0,-6.243,-2.772,-4.378,0,-8.793,1.764,-0.2997,-1.385,-0.4963
221.60,222.87,222.88,0,-1.44297,0,|r_qp|,cross-domain,0.0000,0.0000,3.594,0,-1.44297,0,-6.243,-2.772,-4.378,0,-8.793,-0.1303,-0.1249,1.148,26.15
222.00,223.27,223.28,0,-1.50851,0,|r_qp|,cross-domain,0.0000,0.0000,3.555,0,-1.50851,0,-6.243,-2.772,-4.378,0,-8.793,-0.3329,-0.08774,-0.7818,0.4275
222.40,223.67,223.68,0,-1.46805,0,|r_qp|,cross-domain,0.0000,0.0000,3.732,0,-1.46805,0,-6.243,-2.772,-4.378,0,-8.793,0.4864,-0.2197,-0.8424,-0.5339
222.80,224.07,224.08,0,-0.47748,0,|r_qp|,cross-domain,0.0000,0.0000,3.592,0,-0.47748,0,-6.243,-2.772,-4.378,0,-8.793,1.923,-0.3266,4.273,32.23
223.20,224.47,224.48,0,-0.86893,0,|r_qp|,cross-domain,0.0000,0.0000,3.531,0,-0.86893,0,-6.243,-2.772,-4.378,0,-8.793,2.714,-0.2821,0.8633,1.081
223.60,224.87,224.88,0,-1.17187,0,|r_qp|,cross-domain,0.0000,0.0000,3.683,0,-1.17187,0,-6.243,-2.772,-4.378,0,-8.793,3.747,-0.6714,-0.3847,-0.4994
224.00,225.27,225.28,0,-0.81594,0,|r_qp|,cross-domain,0.0000,0.0000,3.563,0,-0.81594,0,-6.243,-2.772,-4.378,0,-8.793,4.177,-0.4763,3.394,38.68
224.40,225.67,225.68,0,-1.48560,0,|r_qp|,cross-domain,0.0000,0.0000,3.738,0,-1.48560,0,-6.243,-2.772,-4.378,0,-8.793,3.552,-0.4044,-1.147,1.235
224.80,226.07,226.08,0,-1.58664,0,|r_qp|,cross-domain,0.0000,0.0000,3.585,0,-1.58664,0,-6.243,-2.772,-4.378,0,-8.793,1.563,-0.5771,-1.405,-0.4543
225.20,226.47,226.48,0,-1.21134,0,|r_qp|,cross-domain,0.0000,0.0000,3.639,0,-1.21134,0,-6.243,-2.772,-4.378,0,-8.793,-0.259,0.05201,2.261,31.14
225.60,226.87,226.88,0,-1.59644,0,|r_qp|,cross-domain,0.0000,0.0000,3.683,0,-1.59644,0,-6.243,-2.772,-4.378,0,-8.793,-0.532,0.1702,-0.9313,0.9685
226.00,227.27,227.28,0,-1.62042,0,|r_qp|,cross-domain,0.0000,0.0000,3.518,0,-1.62042,0,-6.243,-2.772,-4.378,0,-8.793,0.05057,-0.03867,-1.244,-0.8631
226.40,227.67,227.68,0,-1.16123,0,|r_qp|,cross-domain,0.0000,0.0000,3.671,0,-1.16123,0,-6.243,-2.772,-4.378,0,-8.793,1.108,-0.2982,2.746,39.36
226.80,228.07,228.08,0,-0.89415,0,|r_qp|,cross-domain,0.0000,0.0000,3.533,0,-0.89415,0,-6.243,-2.772,-4.378,0,-8.793,1.764,-0.3382,0.8589,0.8786
227.20,228.47,228.48,0,-1.08998,0,|r_qp|,cross-domain,0.0000,0.0000,3.454,0,-1.08998,0,-6.243,-2.772,-4.378,0,-8.793,3.115,-0.7102,-0.09349,-0.7785
227.60,228.87,228.88,0,-0.34354,0,|r_qp|,cross-domain,0.0000,0.0000,3.658,0,-0.34354,0,-6.243,-2.772,-4.378,0,-8.793,4.119,-0.5294,4.251,30.01
228.00,229.27,229.28,0,-1.48631,0,|r_qp|,cross-domain,0.0000,0.0000,3.516,0,-1.48631,0,-6.243,-2.772,-4.378,0,-8.793,3.904,-0.2887,-1.172,1.037
228.40,229.67,229.68,0,-1.52677,0,|r_qp|,cross-domain,0.0000,0.0000,3.563,0,-1.52677,0,-6.243,-2.772,-4.378,0,-8.793,2.144,-0.6859,-1.316,-0.561
228.80,230.07,230.08,0,-1.37363,0,|r_qp|,cross-domain,0.0000,0.0000,3.641,0,-1.37363,0,-6.243,-2.772,-4.378,0,-8.793,0.2936,-0.2586,1.233,25.4
229.20,230.47,230.48,0,-1.38916,0,|r_qp|,cross-domain,0.0000,0.0000,3.479,0,-1.38916,0,-6.243,-2.772,-4.378,0,-8.793,-0.001828,-0.2677,-0.4796,0.6279
229.60,230.87,230.88,0,-1.47128,0,|r_qp|,cross-domain,0.0000,0.0000,3.712,0,-1.47128,0,-6.243,-2.772,-4.378,0,-8.793,1.052,-0.2715,-0.9359,-0.6894
230.00,231.27,231.28,0,-0.65743,0,|r_qp|,cross-domain,0.0000,0.0000,3.514,0,-0.65743,0,-6.243,-2.772,-4.378,0,-8.793,2.452,-0.2886,3.805,34.19
230.40,231.67,231.68,0,-1.19940,0,|r_qp|,cross-domain,0.0000,0.0000,3.595,0,-1.19940,0,-6.243,-2.772,-4.378,0,-8.793,3.074,-0.2129,-0.1387,1.64
230.80,232.07,232.08,0,-1.26399,0,|r_qp|,cross-domain,0.0000,0.0000,3.624,0,-1.26399,0,-6.243,-2.772,-4.378,0,-8.793,3.469,-0.3224,-0.5557,-0.5358
231.20,232.47,232.48,0,-0.86524,0,|r_qp|,cross-domain,0.0000,0.0000,3.472,0,-0.86524,0,-6.243,-2.772,-4.378,0,-8.793,3.73,0.3143,2.768,28.21
231.60,232.87,232.88,0,-1.53669,0,|r_qp|,cross-domain,0.0000,0.0000,3.665,0,-1.53669,0,-6.243,-2.772,-4.378,0,-8.793,3.433,0.457,-1.088,1.12
232.00,233.27,233.28,0,-1.56733,0,|r_qp|,cross-domain,0.0000,0.0000,3.521,0,-1.56733,0,-6.243,-2.772,-4.378,0,-8.793,2.189,-0.0263,-1.281,-0.5152
232.40,233.67,233.68,0,-1.38234,0,|r_qp|,cross-domain,0.0000,0.0000,3.514,0,-1.38234,0,-6.243,-2.772,-4.378,0,-8.793,0.845,-0.1942,1.626,32.17
232.80,234.07,234.08,0,-1.41360,0,|r_qp|,cross-domain,0.0000,0.0000,3.620,0,-1.41360,0,-6.243,-2.772,-4.378,0,-8.793,0.4894,-0.3746,-0.6584,0.264
233.20,234.47,234.48,0,-1.52116,0,|r_qp|,cross-domain,0.0000,0.0000,3.599,0,-1.52116,0,-6.243,-2.772,-4.378,0,-8.793,0.9183,-0.4406,-1.119,-0.7113
233.60,234.87,234.88,0,-1.12124,0,|r_qp|,cross-domain,0.0000,0.0000,3.755,0,-1.12124,0,-6.243,-2.772,-4.378,0,-8.793,1.592,-0.1376,2.073,27.9
234.00,235.27,235.28,0,-1.19619,0,|r_qp|,cross-domain,0.0000,0.0000,3.516,0,-1.19619,0,-6.243,-2.772,-4.378,0,-8.793,1.885,0.1289,0.01728,0.6986
234.40,235.67,235.68,0,-1.19537,0,|r_qp|,cross-domain,0.0000,0.0000,3.646,0,-1.19537,0,-6.243,-2.772,-4.378,0,-8.793,2.871,-0.2998,-0.2856,-0.6914
234.80,236.07,236.08,0,-0.82977,0,|r_qp|,cross-domain,0.0000,0.0000,3.662,0,-0.82977,0,-6.243,-2.772,-4.378,0,-8.793,3.661,-0.3551,3.31,36.83
235.20,236.47,236.48,0,-1.43895,0,|r_qp|,cross-domain,0.0000,0.0000,3.590,0,-1.43895,0,-6.243,-2.772,-4.378,0,-8.793,3.511,-0.3241,-1.05,0.1935
235.60,236.87,236.88,0,-1.45324,0,|r_qp|,cross-domain,0.0000,0.0000,3.795,0,-1.45324,0,-6.243,-2.772,-4.378,0,-8.793,2.118,-0.6322,-1.096,-0.8901
236.00,237.27,237.28,0,-1.16819,0,|r_qp|,cross-domain,0.0000,0.0000,3.508,0,-1.16819,0,-6.243,-2.772,-4.378,0,-8.793,0.6841,-0.6502,2.859,41.93
236.40,237.67,237.68,0,-1.30443,0,|r_qp|,cross-domain,0.0000,0.0000,3.510,0,-1.30443,0,-6.243,-2.772,-4.378,0,-8.793,0.5956,-0.536,-0.3431,0.6976
236.80,238.07,238.08,0,-1.45067,0,|r_qp|,cross-domain,0.0000,0.0000,3.536,0,-1.45067,0,-6.243,-2.772,-4.378,0,-8.793,1.197,-0.7619,-1.008,-0.6873
237.20,238.47,238.48,0,-0.35421,0,|r_qp|,cross-domain,0.0000,0.0000,3.592,0,-0.35421,0,-6.243,-2.772,-4.378,0,-8.793,2.333,-0.571,4.573,32.57
237.60,238.87,238.88,0,-1.10694,0,|r_qp|,cross-domain,0.0000,0.0000,3.622,0,-1.10694,0,-6.243,-2.772,-4.378,0,-8.793,2.984,-0.3739,0.046,0.6119
238.00,239.27,239.28,0,-1.19496,0,|r_qp|,cross-domain,0.0000,0.0000,3.644,0,-1.19496,0,-6.243,-2.772,-4.378,0,-8.793,3.785,-0.5356,-0.4486,-0.824
238.40,239.67,239.68,0,-0.61522,0,|r_qp|,cross-domain,0.0000,0.0000,3.538,0,-0.61522,0,-6.243,-2.772,-4.378,0,-8.793,3.956,-0.4223,3.998,37.92
238.80,240.07,240.08,0,-1.44964,0,|r_qp|,cross-domain,0.0000,0.0000,3.624,0,-1.44964,0,-6.243,-2.772,-4.378,0,-8.793,3.222,-0.1961,-0.9774,0.83
239.20,240.47,240.48,0,-1.61685,0,|r_qp|,cross-domain,0.0000,0.0000,3.533,0,-1.61685,0,-6.243,-2.772,-4.378,0,-8.793,1.382,-0.381,-1.453,-0.7751
239.60,240.87,240.88,0,-1.84441,0,|r_qp|,cross-domain,0.0000,0.0000,3.592,0,-1.84441,0,-6.243,-2.772,-4.378,0,-8.793,0.1029,-0.1775,0.5611,36.22
240.00,241.27,241.28,0,-1.59933,0,|r_qp|,cross-domain,0.0000,0.0000,3.671,0,-1.59933,0,-6.243,-2.772,-4.378,0,-8.793,0.02231,-0.1453,-1.085,0.85
240.40,241.67,241.68,0,-1.57933,0,|r_qp|,cross-domain,0.0000,0.0000,3.517,0,-1.57933,0,-6.243,-2.772,-4.378,0,-8.793,-0.2771,-0.6014,-1.213,-0.7483
240.80,242.07,242.08,0,-1.66487,0,|r_qp|,cross-domain,0.0000,0.0000,3.638,0,-1.66487,0,-6.243,-2.772,-4.378,0,-8.793,-0.6616,-0.4343,1.372,39.72
241.20,242.47,242.48,0,-1.48525,0,|r_qp|,cross-domain,0.0000,0.0000,3.544,0,-1.48525,0,-6.243,-2.772,-4.378,0,-8.793,-1.077,-0.1449,-0.4836,2.789
241.60,242.87,242.88,0,-1.54559,0,|r_qp|,cross-domain,0.0000,0.0000,3.597,0,-1.54559,0,-6.243,-2.772,-4.378,0,-8.793,-0.01849,-0.3197,-1.062,-0.6805
242.00,243.27,243.28,0,-0.53087,0,|r_qp|,cross-domain,0.0000,0.0000,3.620,0,-0.53087,0,-6.243,-2.772,-4.378,0,-8.793,1.617,-0.1994,4.365,35.04
242.40,243.67,243.68,0,-1.48009,0,|r_qp|,cross-domain,0.0000,0.0000,3.566,0,-1.48009,0,-6.243,-2.772,-4.378,0,-8.793,2.191,-0.2196,-0.9481,1.115
242.80,244.07,244.08,0,-1.35638,0,|r_qp|,cross-domain,0.0000,0.0000,3.769,0,-1.35638,0,-6.243,-2.772,-4.378,0,-8.793,1.817,-0.6784,-0.7748,-0.8604
243.20,244.47,244.48,0,0.03820,1,|r_qp|,cross-domain,0.0000,0.0000,3.636,0,0.03820,1,-6.243,-2.772,-4.378,0,-8.793,2.94,-0.3888,6.021,36.34
243.60,244.87,244.88,0,-0.77655,0,|r_qp|,cross-domain,0.0000,0.0000,3.531,0,-0.77655,0,-6.243,-2.772,-4.378,0,-8.793,4.117,-0.1461,1.03,1.05
244.00,245.27,245.28,0,-1.08077,0,|r_qp|,cross-domain,0.0000,0.0000,3.620,0,-1.08077,0,-6.243,-2.772,-4.378,0,-8.793,5.755,-0.3793,-0.2649,-0.7863
244.40,245.67,245.68,0,0.34496,1,|r_qp|,cross-domain,0.0000,0.0000,3.410,0,0.34496,1,-6.243,-2.772,-4.378,0,-8.793,6.295,-0.4268,6.447,34.09
244.80,246.07,246.08,0,-0.82460,0,|r_qp|,cross-domain,0.0000,0.0000,5.553,0,-0.82460,0,-6.243,-2.772,-4.378,0,-8.793,5.819,-0.2572,0.6442,0.6175
245.20,246.47,246.48,0,-1.13114,0,|r_qp|,cross-domain,0.0000,0.0000,3.880,0,-1.13114,0,-6.243,-2.772,-4.378,0,-8.793,5.605,-0.5082,-0.4365,-0.7941
245.60,246.87,246.88,0,-0.82995,0,|r_qp|,cross-domain,0.0000,0.0000,3.628,0,-0.82995,0,-6.243,-2.772,-4.378,0,-8.793,4.879,-0.3001,2.785,30.86
246.00,247.27,247.28,0,-1.36294,0,|r_qp|,cross-domain,0.0000,0.0000,3.670,0,-1.36294,0,-6.243,-2.772,-4.378,0,-8.793,3.7,-0.2746,-0.8386,-0.02248
246.40,247.67,247.68,0,-1.29426,0,|r_qp|,cross-domain,0.0000,0.0000,3.514,0,-1.29426,0,-6.243,-2.772,-4.378,0,-8.793,2.841,-0.7419,-0.7038,-0.8034
246.80,248.07,248.08,0,-1.07104,0,|r_qp|,cross-domain,0.0000,0.0000,3.585,0,-1.07104,0,-6.243,-2.772,-4.378,0,-8.793,1.998,-0.5727,2.967,40.9
247.20,248.47,248.48,0,-1.48134,0,|r_qp|,cross-domain,0.0000,0.0000,3.631,0,-1.48134,0,-6.243,-2.772,-4.378,0,-8.793,1.72,-0.5151,-1.007,0.6426
247.60,248.87,248.88,0,-1.53117,0,|r_qp|,cross-domain,0.0000,0.0000,3.512,0,-1.53117,0,-6.243,-2.772,-4.378,0,-8.793,1.266,-0.3495,-1.161,-0.6661
248.00,249.27,249.28,0,-0.61292,0,|r_qp|,cross-domain,0.0000,0.0000,3.662,0,-0.61292,0,-6.243,-2.772,-4.378,0,-8.793,1.46,0.06085,4.193,35.04
248.40,249.67,249.68,0,-1.08713,0,|r_qp|,cross-domain,0.0000,0.0000,3.554,0,-1.08713,0,-6.243,-2.772,-4.378,0,-8.793,1.825,0.2666,0.3517,0.08067
248.80,250.07,250.08,0,-1.19375,0,|r_qp|,cross-domain,0.0000,0.0000,3.499,0,-1.19375,0,-6.243,-2.772,-4.378,0,-8.793,3.045,-0.05421,-0.2466,-0.8078
249.20,250.47,250.48,0,-1.18570,0,|r_qp|,cross-domain,0.0000,0.0000,3.575,0,-1.18570,0,-6.243,-2.772,-4.378,0,-8.793,3.83,0.06401,2.427,38.73
249.60,250.87,250.88,0,-1.32642,0,|r_qp|,cross-domain,0.0000,0.0000,3.565,0,-1.32642,0,-6.243,-2.772,-4.378,0,-8.793,3.319,0.1515,-0.5577,0.3114
250.00,251.27,251.28,0,-1.56987,0,|r_qp|,cross-domain,0.0000,0.0000,3.652,0,-1.56987,0,-6.243,-2.772,-4.378,0,-8.793,1.598,-0.2865,-1.306,-0.752
250.40,251.67,251.68,0,-1.14200,0,|r_qp|,cross-domain,0.0000,0.0000,3.666,0,-1.14200,0,-6.243,-2.772,-4.378,0,-8.793,-0.1284,-0.5765,2.948,40.53
250.80,252.07,252.08,0,-1.49464,0,|r_qp|,cross-domain,0.0000,0.0000,3.646,0,-1.49464,0,-6.243,-2.772,-4.378,0,-8.793,-0.2915,-0.4678,-0.8196,0.6819
251.20,252.47,252.48,0,-1.47534,0,|r_qp|,cross-domain,0.0000,0.0000,3.770,0,-1.47534,0,-6.243,-2.772,-4.378,0,-8.793,0.3478,-0.5446,-0.9378,-0.6464
251.60,252.87,252.88,0,-0.91741,0,|r_qp|,cross-domain,0.0000,0.0000,3.714,0,-0.91741,0,-6.243,-2.772,-4.378,0,-8.793,1.536,-0.1746,2.697,27.87
252.00,253.27,253.28,0,-0.83384,0,|r_qp|,cross-domain,0.0000,0.0000,3.674,0,-0.83384,0,-6.243,-2.772,-4.378,0,-8.793,2.299,-0.157,1.024,0.7558
252.40,253.67,253.68,0,-1.18327,0,|r_qp|,cross-domain,0.0000,0.0000,3.605,0,-1.18327,0,-6.243,-2.772,-4.378,0,-8.793,3.606,-0.4341,-0.3543,-0.6151
252.80,254.07,254.08,0,-0.25561,1,|r_qp|,cross-domain,0.0000,0.0000,3.561,0,-0.25561,1,-6.243,-2.772,-4.378,0,-8.793,4.375,-0.07934,4.698,31.35
253.20,254.47,254.48,0,-1.45781,0,|r_qp|,cross-domain,0.0000,0.0000,3.641,0,-1.45781,0,-6.243,-2.772,-4.378,0,-8.793,3.852,0.1054,-1.059,-0.09799
253.60,254.87,254.88,0,-1.52382,0,|r_qp|,cross-domain,0.0000,0.0000,3.561,0,-1.52382,0,-6.243,-2.772,-4.378,0,-8.793,2.242,-0.3221,-1.242,-0.7698
254.00,255.27,255.28,0,-1.22489,0,|r_qp|,cross-domain,0.0000,0.0000,3.534,0,-1.22489,0,-6.243,-2.772,-4.378,0,-8.793,0.6031,-0.4322,2.617,40.04
254.40,255.67,255.68,0,-1.44639,0,|r_qp|,cross-domain,0.0000,0.0000,3.585,0,-1.44639,0,-6.243,-2.772,-4.378,0,-8.793,0.2004,-0.3705,-0.6964,0.7227
254.80,256.07,256.08,0,-1.60523,0,|r_qp|,cross-domain,0.0000,0.0000,3.597,0,-1.60523,0,-6.243,-2.772,-4.378,0,-8.793,0.1125,-0.4641,-1.302,-0.7736
255.20,256.47,256.48,0,-0.41362,0,|r_qp|,cross-domain,0.0000,0.0000,3.618,0,-0.41362,0,-6.243,-2.772,-4.378,0,-8.793,1.06,-0.08413,4.676,33.02
255.60,256.87,256.88,0,-0.81581,0,|r_qp|,cross-domain,0.0000,0.0000,4.572,0,-0.81581,0,-6.243,-2.772,-4.378,0,-8.793,1.957,0.0834,1.149,0.3665
256.00,257.27,257.28,0,-1.14509,0,|r_qp|,cross-domain,0.0000,0.0000,3.816,0,-1.14509,0,-6.243,-2.772,-4.378,0,-8.793,3.517,-0.1463,-0.1644,-0.7356
256.40,257.67,257.68,0,-1.16036,0,|r_qp|,cross-domain,0.0000,0.0000,3.762,0,-1.16036,0,-6.243,-2.772,-4.378,0,-8.793,4.39,0.1298,2.548,40
256.80,258.07,258.08,0,-1.16251,0,|r_qp|,cross-domain,0.0000,0.0000,3.507,0,-1.16251,0,-6.243,-2.772,-4.378,0,-8.793,4.005,0.09097,-0.1605,0.01359
257.20,258.47,258.48,0,-1.37282,0,|r_qp|,cross-domain,0.0000,0.0000,3.610,0,-1.37282,0,-6.243,-2.772,-4.378,0,-8.793,3.019,-0.4732,-0.9033,-0.8684
257.60,258.87,258.88,0,-1.21199,0,|r_qp|,cross-domain,0.0000,0.0000,3.610,0,-1.21199,0,-6.243,-2.772,-4.378,0,-8.793,1.66,-0.5334,2.806,44.24
258.00,259.27,259.28,0,-1.24104,0,|r_qp|,cross-domain,0.0000,0.0000,3.587,0,-1.24104,0,-6.243,-2.772,-4.378,0,-8.793,1.362,-0.2237,-0.1797,0.2975
258.40,259.67,259.68,0,-1.46889,0,|r_qp|,cross-domain,0.0000,0.0000,3.677,0,-1.46889,0,-6.243,-2.772,-4.378,0,-8.793,1.401,-0.3787,-1.001,-0.828
258.80,260.07,260.08,0,-1.55819,0,|r_qp|,cross-domain,0.0000,0.0000,3.529,0,-1.55819,0,-6.243,-2.772,-4.378,0,-8.793,1.988,-0.2488,1.945,46.74
259.20,260.47,260.48,0,-1.17130,0,|r_qp|,cross-domain,0.0000,0.0000,3.750,0,-1.17130,0,-6.243,-2.772,-4.378,0,-8.793,2.475,0.014,-0.003273,0.6072
259.60,260.87,260.88,0,-1.24946,0,|r_qp|,cross-domain,0.0000,0.0000,3.600,0,-1.24946,0,-6.243,-2.772,-4.378,0,-8.793,2.875,-0.2255,-0.4444,-0.8361
260.00,261.27,261.28,0,-0.79746,0,|r_qp|,cross-domain,0.0000,0.0000,3.664,0,-0.79746,0,-6.243,-2.772,-4.378,0,-8.793,3.074,0.1393,3.765,39.34
260.40,261.67,261.68,0,-1.50771,0,|r_qp|,cross-domain,0.0000,0.0000,3.634,0,-1.50771,0,-6.243,-2.772,-4.378,0,-8.793,2.602,0.01738,-1.1,-0.06947
260.80,262.07,262.08,0,-1.50721,0,|r_qp|,cross-domain,0.0000,0.0000,3.521,0,-1.50721,0,-6.243,-2.772,-4.378,0,-8.793,1.355,-0.2084,-1.064,-0.7044
261.20,262.47,262.48,0,-1.22515,0,|r_qp|,cross-domain,0.0000,0.0000,3.614,0,-1.22515,0,-6.243,-2.772,-4.378,0,-8.793,0.2856,-0.2128,2.652,39.28
261.60,262.87,262.88,0,-1.52725,0,|r_qp|,cross-domain,0.0000,0.0000,3.542,0,-1.52725,0,-6.243,-2.772,-4.378,0,-8.793,0.151,-0.1024,-0.8991,0.3635
262.00,263.27,263.28,0,-1.53040,0,|r_qp|,cross-domain,0.0000,0.0000,3.553,0,-1.53040,0,-6.243,-2.772,-4.378,0,-8.793,0.6516,-0.4841,-1.141,-0.8842
262.40,263.67,263.68,0,-1.12282,0,|r_qp|,cross-domain,0.0000,0.0000,3.833,0,-1.12282,0,-6.243,-2.772,-4.378,0,-8.793,1.445,-0.554,2.788,39.69
262.80,264.07,264.08,0,-1.15371,0,|r_qp|,cross-domain,0.0000,0.0000,3.593,0,-1.15371,0,-6.243,-2.772,-4.378,0,-8.793,1.997,-0.289,0.02745,0.6108
263.20,264.47,264.48,0,-1.24541,0,|r_qp|,cross-domain,0.0000,0.0000,4.163,0,-1.24541,0,-6.243,-2.772,-4.378,0,-8.793,3.087,-0.4561,-0.5114,-0.8376
263.60,264.87,264.88,0,-0.97378,0,|r_qp|,cross-domain,0.0000,0.0000,3.569,0,-0.97378,0,-6.243,-2.772,-4.378,0,-8.793,3.76,-0.2824,3.08,39.85
264.00,265.27,265.28,0,-1.46688,0,|r_qp|,cross-domain,0.0000,0.0000,3.603,0,-1.46688,0,-6.243,-2.772,-4.378,0,-8.793,3.234,-0.2202,-1.086,0.1267
264.40,265.67,265.68,0,-1.57599,0,|r_qp|,cross-domain,0.0000,0.0000,3.621,0,-1.57599,0,-6.243,-2.772,-4.378,0,-8.793,1.677,-0.3525,-1.357,-0.8564
264.80,266.07,266.08,0,-1.63462,0,|r_qp|,cross-domain,0.0000,0.0000,3.558,0,-1.63462,0,-6.243,-2.772,-4.378,0,-8.793,0.1983,-0.2973,1.749,44.7
265.20,266.47,266.48,0,-1.30958,0,|r_qp|,cross-domain,0.0000,0.0000,3.458,0,-1.30958,0,-6.243,-2.772,-4.378,0,-8.793,0.08522,-0.1569,-0.2408,0.2683
265.60,266.87,266.88,0,-1.42793,0,|r_qp|,cross-domain,0.0000,0.0000,3.531,0,-1.42793,0,-6.243,-2.772,-4.378,0,-8.793,0.8367,-0.4581,-0.8348,-0.8296
266.00,267.27,267.28,0,-1.48276,0,|r_qp|,cross-domain,0.0000,0.0000,3.560,0,-1.48276,0,-6.243,-2.772,-4.378,0,-8.793,1.931,-0.424,2.27,48.63
266.40,267.67,267.68,0,-1.30370,0,|r_qp|,cross-domain,0.0000,0.0000,3.516,0,-1.30370,0,-6.243,-2.772,-4.378,0,-8.793,2.484,-0.009851,-0.406,0.7867
266.80,268.07,268.08,0,-1.34949,0,|r_qp|,cross-domain,0.0000,0.0000,3.638,0,-1.34949,0,-6.243,-2.772,-4.378,0,-8.793,2.727,-0.4374,-0.7925,-0.883
267.20,268.47,268.48,0,-0.80246,0,|r_qp|,cross-domain,0.0000,0.0000,3.500,0,-0.80246,0,-6.243,-2.772,-4.378,0,-8.793,2.849,-0.3502,3.537,37.65
267.60,268.87,268.88,0,-1.35296,0,|r_qp|,cross-domain,0.0000,0.0000,3.597,0,-1.35296,0,-6.243,-2.772,-4.378,0,-8.793,2.409,-0.4257,-0.7183,-0.177
268.00,269.27,269.28,0,-1.53815,0,|r_qp|,cross-domain,0.0000,0.0000,3.500,0,-1.53815,0,-6.243,-2.772,-4.378,0,-8.793,1.192,-0.4963,-1.22,-0.8028
268.40,269.67,269.68,0,-1.09852,0,|r_qp|,cross-domain,0.0000,0.0000,3.516,0,-1.09852,0,-6.243,-2.772,-4.378,0,-8.793,-0.04191,-0.165,2.874,36.13
268.80,270.07,270.08,0,-1.53445,0,|r_qp|,cross-domain,0.0000,0.0000,3.547,0,-1.53445,0,-6.243,-2.772,-4.378,0,-8.793,-0.2848,-0.1498,-0.8621,0.7217
269.20,270.47,270.48,0,-1.54686,0,|r_qp|,cross-domain,0.0000,0.0000,3.442,0,-1.54686,0,-6.243,-2.772,-4.378,0,-8.793,0.3593,-0.5355,-1.173,-0.8805
269.60,270.87,270.88,0,-1.09214,0,|r_qp|,cross-domain,0.0000,0.0000,3.716,0,-1.09214,0,-6.243,-2.772,-4.378,0,-8.793,1.335,-0.5718,3.018,41.56
270.00,271.27,271.28,0,-0.92376,0,|r_qp|,cross-domain,0.0000,0.0000,3.498,0,-0.92376,0,-6.243,-2.772,-4.378,0,-8.793,1.919,-0.5031,0.689,0.5638
270.40,271.67,271.68,0,-1.16155,0,|r_qp|,cross-domain,0.0000,0.0000,3.573,0,-1.16155,0,-6.243,-2.772,-4.378,0,-8.793,3.006,-0.6735,-0.2953,-0.8031
270.80,272.07,272.08,0,-1.32496,0,|r_qp|,cross-domain,0.0000,0.0000,3.553,0,-1.32496,0,-6.243,-2.772,-4.378,0,-8.793,3.961,-0.3377,2.222,43.66
271.20,272.47,272.48,0,-1.35257,0,|r_qp|,cross-domain,0.0000,0.0000,3.572,0,-1.35257,0,-6.243,-2.772,-4.378,0,-8.793,3.73,0.05394,-0.7274,-0.001437
271.60,272.87,272.88,0,-1.53790,0,|r_qp|,cross-domain,0.0000,0.0000,3.639,0,-1.53790,0,-6.243,-2.772,-4.378,0,-8.793,2.368,-0.1887,-1.26,-0.6701
272.00,273.27,273.28,0,-1.82370,0,|r_qp|,cross-domain,0.0000,0.0000,3.588,0,-1.82370,0,-6.243,-2.772,-4.378,0,-8.793,0.761,-0.2004,1.362,48.1
272.40,273.67,273.68,0,-1.39254,0,|r_qp|,cross-domain,0.0000,0.0000,3.514,0,-1.39254,0,-6.243,-2.772,-4.378,0,-8.793,0.4525,-0.3059,-0.5679,0.3325
272.80,274.07,274.08,0,-1.45123,0,|r_qp|,cross-domain,0.0000,0.0000,3.543,0,-1.45123,0,-6.243,-2.772,-4.378,0,-8.793,0.5959,-0.6327,-0.9258,-0.8548
273.20,274.47,274.48,0,-1.03187,0,|r_qp|,cross-domain,0.0000,0.0000,3.617,0,-1.03187,0,-6.243,-2.772,-4.378,0,-8.793,1.225,-0.5515,3.043,38.97
273.60,274.87,274.88,0,-1.03102,0,|r_qp|,cross-domain,0.0000,0.0000,3.634,0,-1.03102,0,-6.243,-2.772,-4.378,0,-8.793,1.644,-0.3052,0.4542,0.8274
274.00,275.27,275.28,0,-1.25125,0,|r_qp|,cross-domain,0.0000,0.0000,3.491,0,-1.25125,0,-6.243,-2.772,-4.378,0,-8.793,2.77,-0.2924,-0.4496,-0.7539
274.40,275.67,275.68,0,-0.97187,0,|r_qp|,cross-domain,0.0000,0.0000,3.488,0,-0.97187,0,-6.243,-2.772,-4.378,0,-8.793,3.687,0.01975,3.109,38.99
274.80,276.07,276.08,0,-1.49924,0,|r_qp|,cross-domain,0.0000,0.0000,3.541,0,-1.49924,0,-6.243,-2.772,-4.378,0,-8.793,3.429,0.005665,-1.145,0.2122
275.20,276.47,276.48,0,-1.53217,0,|r_qp|,cross-domain,0.0000,0.0000,3.506,0,-1.53217,0,-6.243,-2.772,-4.378,0,-8.793,1.646,-0.3886,-1.22,-0.7539
275.60,276.87,276.88,0,-1.80409,0,|r_qp|,cross-domain,0.0000,0.0000,3.676,0,-1.80409,0,-6.243,-2.772,-4.378,0,-8.793,-0.06772,-0.514,1.421,47.93
276.00,277.27,277.28,0,-1.33234,0,|r_qp|,cross-domain,0.0000,0.0000,3.546,0,-1.33234,0,-6.243,-2.772,-4.378,0,-8.793,-0.3919,-0.3949,-0.3183,0.2758
276.40,277.67,277.68,0,-1.53918,0,|r_qp|,cross-domain,0.0000,0.0000,3.418,0,-1.53918,0,-6.243,-2.772,-4.378,0,-8.793,0.5111,-0.3979,-1.122,-0.7384
276.80,278.07,278.08,0,-1.19569,0,|r_qp|,cross-domain,0.0000,0.0000,3.501,0,-1.19569,0,-6.243,-2.772,-4.378,0,-8.793,1.75,-0.03045,3.005,44.73
277.20,278.47,278.48,0,-0.77805,0,|r_qp|,cross-domain,0.0000,0.0000,3.551,0,-0.77805,0,-6.243,-2.772,-4.378,0,-8.793,2.419,0.1368,1.26,0.8118
277.60,278.87,278.88,0,-0.91557,0,|r_qp|,cross-domain,0.0000,0.0000,3.606,0,-0.91557,0,-6.243,-2.772,-4.378,0,-8.793,3.576,0.1574,0.6205,-0.6088
278.00,279.27,279.28,0,-1.43668,0,|r_qp|,cross-domain,0.0000,0.0000,3.518,0,-1.43668,0,-6.243,-2.772,-4.378,0,-8.793,4.341,0.716,2.212,45.35
278.40,279.67,279.68,0,-1.48541,0,|r_qp|,cross-domain,0.0000,0.0000,3.531,0,-1.48541,0,-6.243,-2.772,-4.378,0,-8.793,4.039,1.258,-0.8629,0.152
278.80,280.07,280.08,0,-1.58086,0,|r_qp|,cross-domain,0.0000,0.0000,3.602,0,-1.58086,0,-6.243,-2.772,-4.378,0,-8.793,2.406,1.07,-1.089,-0.7085
279.20,280.47,280.48,0,-1.93769,0,|r_qp|,cross-domain,0.0000,0.0000,3.565,0,-1.93769,0,-6.243,-2.772,-4.378,0,-8.793,0.8027,1.026,1.331,48.45
279.60,280.87,280.88,0,-1.44421,0,|r_qp|,cross-domain,0.0000,0.0000,3.625,0,-1.44421,0,-6.243,-2.772,-4.378,0,-8.793,0.5182,1.174,-0.3699,0.3342
280.00,281.27,281.28,0,-1.51813,0,|r_qp|,cross-domain,0.0000,0.0000,3.534,0,-1.51813,0,-6.243,-2.772,-4.378,0,-8.793,0.9294,2.273,-0.4427,-0.7149
280.40,281.67,281.68,0,-1.73459,0,|r_qp|,cross-domain,0.0000,0.0000,3.762,0,-1.73459,0,-6.243,-2.772,-4.378,0,-8.793,1.967,3.574,2.567,50
280.80,282.07,282.08,0,-1.31781,0,|r_qp|,cross-domain,0.0000,0.0000,3.620,0,-1.31781,0,-6.243,-2.772,-4.378,0,-8.793,2.657,4.083,0.5377,0.7605
281.20,282.47,282.48,0,-1.25491,0,|r_qp|,cross-domain,0.0000,0.0000,3.529,0,-1.25491,0,-6.243,-2.772,-4.378,0,-8.793,3.798,4.328,0.5785,-0.5872
281.60,282.87,282.88,0,-1.50560,0,|r_qp|,cross-domain,0.0000,0.0000,3.551,0,-1.50560,0,-6.243,-2.772,-4.378,0,-8.793,4.511,4.412,3.209,50
282.00,283.27,283.28,0,-1.73340,0,|r_qp|,cross-domain,0.0000,0.0000,3.460,0,-1.73340,0,-6.243,-2.772,-4.378,0,-8.793,4.255,4.283,-0.9074,0.1328
282.40,283.67,283.68,0,-1.74840,0,|r_qp|,cross-domain,0.0000,0.0000,3.540,0,-1.74840,0,-6.243,-2.772,-4.378,0,-8.793,2.714,3.133,-1.129,-0.692
282.80,284.07,284.08,0,-1.83533,0,|r_qp|,cross-domain,0.0000,0.0000,3.619,0,-1.83533,0,-6.243,-2.772,-4.378,0,-8.793,1.204,1.93,1.933,50
283.20,284.47,284.48,0,-1.37210,0,|r_qp|,cross-domain,0.0000,0.0000,3.589,0,-1.37210,0,-6.243,-2.772,-4.378,0,-8.793,0.8346,1.748,-0.02891,0.4937
283.60,284.87,284.88,0,-1.51028,0,|r_qp|,cross-domain,0.0000,0.0000,3.581,0,-1.51028,0,-6.243,-2.772,-4.378,0,-8.793,1.724,2.669,-0.407,-0.7367
284.00,285.27,285.28,0,-1.48795,0,|r_qp|,cross-domain,0.0000,0.0000,3.490,0,-1.48795,0,-6.243,-2.772,-4.378,0,-8.793,2.87,3.795,3.286,50
284.40,285.67,285.68,0,-1.47560,0,|r_qp|,cross-domain,0.0000,0.0000,3.491,0,-1.47560,0,-6.243,-2.772,-4.378,0,-8.793,3.263,4,-0.05474,0.4536
284.80,286.07,286.08,0,-1.61263,0,|r_qp|,cross-domain,0.0000,0.0000,3.604,0,-1.61263,0,-6.243,-2.772,-4.378,0,-8.793,2.932,2.434,-0.9096,-0.7482
285.20,286.47,286.48,0,-1.27816,0,|r_qp|,cross-domain,0.0000,0.0000,3.550,0,-1.27816,0,-6.243,-2.772,-4.378,0,-8.793,2.616,0.8785,2.543,39.77
285.60,286.87,286.88,0,-1.31777,0,|r_qp|,cross-domain,0.0000,0.0000,3.573,0,-1.31777,0,-6.243,-2.772,-4.378,0,-8.793,2.131,-0.095,-0.4918,-0.07568
286.00,287.27,287.28,0,-1.50036,0,|r_qp|,cross-domain,0.0000,0.0000,3.445,0,-1.50036,0,-6.243,-2.772,-4.378,0,-8.793,1.67,-0.1276,-1.067,-0.8494
286.40,287.67,287.68,0,-1.78698,0,|r_qp|,cross-domain,0.0000,0.0000,3.494,0,-1.78698,0,-6.243,-2.772,-4.378,0,-8.793,1.082,-0.05473,1.37,46.54
286.80,288.07,288.08,0,-1.26565,0,|r_qp|,cross-domain,0.0000,0.0000,3.618,0,-1.26565,0,-6.243,-2.772,-4.378,0,-8.793,0.7935,0.4003,-0.04558,0.2372
287.20,288.47,288.48,0,-1.56808,0,|r_qp|,cross-domain,0.0000,0.0000,3.472,0,-1.56808,0,-6.243,-2.772,-4.378,0,-8.793,0.7581,0.2442,-1.084,-0.8052
287.60,288.87,288.88,0,-1.02996,0,|r_qp|,cross-domain,0.0000,0.0000,3.477,0,-1.02996,0,-6.243,-2.772,-4.378,0,-8.793,1.275,0.4105,3.526,42.56
288.00,289.27,289.28,0,-1.12609,0,|r_qp|,cross-domain,0.0000,0.0000,3.503,0,-1.12609,0,-6.243,-2.772,-4.378,0,-8.793,1.871,0.006772,0.1961,0.5687
288.40,289.67,289.68,0,-0.99661,0,|r_qp|,cross-domain,0.0000,0.0000,3.428,0,-0.99661,0,-6.243,-2.772,-4.378,0,-8.793,3.088,0.5101,0.5291,-0.3202
288.80,290.07,290.08,0,-1.59876,0,|r_qp|,cross-domain,0.0000,0.0000,3.585,0,-1.59876,0,-6.243,-2.772,-4.378,0,-8.793,3.85,1.278,2.221,50
289.20,290.47,290.48,0,-1.64785,0,|r_qp|,cross-domain,0.0000,0.0000,3.623,0,-1.64785,0,-6.243,-2.772,-4.378,0,-8.793,3.229,2.086,-1.09,-0.08302
289.60,290.87,290.88,0,-1.72221,0,|r_qp|,cross-domain,0.0000,0.0000,3.485,0,-1.72221,0,-6.243,-2.772,-4.378,0,-8.793,1.351,1.66,-1.26,-0.5955
290.00,291.27,291.28,0,-1.99621,0,|r_qp|,cross-domain,0.0000,0.0000,3.522,0,-1.99621,0,-6.243,-2.772,-4.378,0,-8.793,-0.4298,1.281,1.451,50
290.40,291.67,291.68,0,-1.56344,0,|r_qp|,cross-domain,0.0000,0.0000,3.478,0,-1.56344,0,-6.243,-2.772,-4.378,0,-8.793,-0.626,1.407,-0.5682,0.1903
290.80,292.07,292.08,0,-1.60479,0,|r_qp|,cross-domain,0.0000,0.0000,3.560,0,-1.60479,0,-6.243,-2.772,-4.378,0,-8.793,0.3477,2.073,-0.7015,-0.7763
291.20,292.47,292.48,0,-1.80235,0,|r_qp|,cross-domain,0.0000,0.0000,3.553,0,-1.80235,0,-6.243,-2.772,-4.378,0,-8.793,1.559,3.13,2.292,50
291.60,292.87,292.88,0,-1.37606,0,|r_qp|,cross-domain,0.0000,0.0000,3.438,0,-1.37606,0,-6.243,-2.772,-4.378,0,-8.793,2.308,3.394,0.2308,0.8347
292.00,293.27,293.28,0,-1.39479,0,|r_qp|,cross-domain,0.0000,0.0000,3.524,0,-1.39479,0,-6.243,-2.772,-4.378,0,-8.793,3.272,3.065,-0.1173,-0.7272
292.40,293.67,293.68,0,-1.61445,0,|r_qp|,cross-domain,0.0000,0.0000,3.462,0,-1.61445,0,-6.243,-2.772,-4.378,0,-8.793,3.921,3.148,2.567,49.16
292.80,294.07,294.08,0,-1.71597,0,|r_qp|,cross-domain,0.0000,0.0000,3.556,0,-1.71597,0,-6.243,-2.772,-4.378,0,-8.793,3.53,3.269,-1.028,0.104
293.20,294.47,294.48,0,-1.52380,0,|r_qp|,cross-domain,0.0000,0.0000,3.630,0,-1.52380,0,-6.243,-2.772,-4.378,0,-8.793,1.757,3.146,-0.3111,-0.3914
293.60,294.87,294.88,0,-2.02367,0,|r_qp|,cross-domain,0.0000,0.0000,3.450,0,-2.02367,0,-6.243,-2.772,-4.378,0,-8.793,0.1492,2.447,1.592,50
294.00,295.27,295.28,0,-1.52380,0,|r_qp|,cross-domain,0.0000,0.0000,3.605,0,-1.52380,0,-6.243,-2.772,-4.378,0,-8.793,-0.1093,2.28,-0.2981,0.0146
294.40,295.67,295.68,0,-1.69936,0,|r_qp|,cross-domain,0.0000,0.0000,3.629,0,-1.69936,0,-6.243,-2.772,-4.378,0,-8.793,0.263,1.683,-1.083,-0.8118
294.80,296.07,296.08,0,-1.51240,0,|r_qp|,cross-domain,0.0000,0.0000,4.372,0,-1.51240,0,-6.243,-2.772,-4.378,0,-8.793,1.125,0.8055,2.44,46.77
295.20,296.47,296.48,0,-0.83724,0,|r_qp|,cross-domain,0.0000,0.0000,3.669,0,-0.83724,0,-6.243,-2.772,-4.378,0,-8.793,1.859,0.02035,1.097,0.657
295.60,296.87,296.88,0,-1.00150,0,|r_qp|,cross-domain,0.0000,0.0000,3.425,0,-1.00150,0,-6.243,-2.772,-4.378,0,-8.793,3.566,1.481,0.6814,-0.6232
296.00,297.27,297.28,0,-1.40078,0,|r_qp|,cross-domain,0.0000,0.0000,3.447,0,-1.40078,0,-6.243,-2.772,-4.378,0,-8.793,4.778,3.555,3.213,48.83
296.40,297.67,297.68,0,-1.59987,0,|r_qp|,cross-domain,0.0000,0.0000,3.691,0,-1.59987,0,-6.243,-2.772,-4.378,0,-8.793,4.477,4.721,-0.422,-0.02116
296.80,298.07,298.08,0,-1.77395,0,|r_qp|,cross-domain,0.0000,0.0000,3.487,0,-1.77395,0,-6.243,-2.772,-4.378,0,-8.793,2.62,2.928,-1.259,-0.8445
297.20,298.47,298.48,0,-2.12034,0,|r_qp|,cross-domain,0.0000,0.0000,3.537,0,-2.12034,0,-6.243,-2.772,-4.378,0,-8.793,0.7495,0.9201,0.8539,50
297.60,298.87,298.88,0,-1.46012,0,|r_qp|,cross-domain,0.0000,0.0000,3.478,0,-1.46012,0,-6.243,-2.772,-4.378,0,-8.793,0.3084,0.1714,-0.6505,0.2304
298.00,299.27,299.28,0,-1.50081,0,|r_qp|,cross-domain,0.0000,0.0000,3.539,0,-1.50081,0,-6.243,-2.772,-4.378,0,-8.793,0.6617,-0.09941,-0.9313,-0.5171
298.40,299.67,299.68,0,-1.43794,0,|r_qp|,cross-domain,0.0000,0.0000,3.563,0,-1.43794,0,-6.243,-2.772,-4.378,0,-8.793,1.539,-0.2174,2.373,46.77
