t_start,t_end,t_release,label,score,alarm,dominant,domain,csec_corr,csec_unc,decision_ms_after_target,csec_wait_ms,prov_score,prov_alarm,|r_bal|,|r_aux|,|r_cool|,|r_ups|,|r_qp|,|r_pv|,|r_reg|,e_rec,e_fc
2.00,3.27,4.17,0,1.75333,1,e_rec,cross-domain,0.6455,0.0000,891.180,890,6.91734,1,-6.243,-2.772,-4.378,0,-8.793,33.72,50,35.29,50
2.40,3.67,4.17,0,-0.02015,1,e_rec,cross-domain,0.4611,0.0000,491.180,490,3.66843,1,-6.243,-2.772,-4.378,0,-8.793,29,48.32,25.12,50
2.80,4.07,4.17,0,10.49764,1,e_rec,cross-domain,0.1537,0.0000,91.180,90,11.72716,1,-6.243,-2.772,-4.378,0,-8.793,18.38,47.14,50,16.17
3.20,4.47,4.48,0,-2.12376,0,|r_qp|,cross-domain,0.0000,0.0000,3.576,0,-2.12376,0,-6.243,-2.772,-4.378,0,-8.793,8.336,50,9.495,50
3.60,4.87,4.88,0,8.79282,1,e_rec,cross-domain,0.0000,0.0000,3.684,0,8.79282,1,-6.243,-2.772,-4.378,0,-8.793,1.571,44.57,41.91,11.63
4.00,5.27,5.28,0,8.17987,1,e_rec,cross-domain,0.0000,0.0000,3.594,0,8.17987,1,-6.243,-2.772,-4.378,0,-8.793,2.323,47.63,40.08,5.254
4.40,5.67,5.68,0,-1.18545,0,|r_qp|,cross-domain,0.0000,0.0000,2.581,0,-1.18545,0,-6.243,-2.772,-4.378,0,-8.793,4.932,41.78,11.1,47.35
4.80,6.07,6.08,0,-0.50318,0,|r_qp|,cross-domain,0.0000,0.0000,5.080,0,-0.50318,0,-6.243,-2.772,-4.378,0,-8.793,7.569,37.87,9.301,0.8071
5.20,6.47,6.48,0,-0.62217,0,|r_qp|,cross-domain,0.0000,0.0000,3.576,0,-0.62217,0,-6.243,-2.772,-4.378,0,-8.793,6.629,28.7,7.099,-0.4142
5.60,6.87,6.88,0,-2.16957,0,|r_qp|,cross-domain,0.0000,0.0000,3.723,0,-2.16957,0,-6.243,-2.772,-4.378,0,-8.793,4.111,18.83,3.211,44.62
6.00,7.27,7.28,0,-2.38349,0,|r_qp|,cross-domain,0.0000,0.0000,3.504,0,-2.38349,0,-6.243,-2.772,-4.378,0,-8.793,1.943,14.29,-0.8131,0.8431
6.40,7.67,7.68,0,-1.82934,0,|r_qp|,cross-domain,0.0000,0.0000,4.130,0,-1.82934,0,-6.243,-2.772,-4.378,0,-8.793,1.695,6.11,-0.7437,-0.3856
6.80,8.07,8.08,0,-0.16201,1,|r_qp|,cross-domain,0.0000,0.0000,3.685,0,-0.16201,1,-6.243,-2.772,-4.378,0,-8.793,2.958,0.622,5.625,37.01
7.20,8.47,8.48,0,-1.48143,0,|r_qp|,cross-domain,0.0000,0.0000,3.480,0,-1.48143,0,-6.243,-2.772,-4.378,0,-8.793,3.16,1.445,-0.7634,-0.4015
7.60,8.87,8.88,0,-1.25168,0,|r_qp|,cross-domain,0.0000,0.0000,5.342,0,-1.25168,0,-6.243,-2.772,-4.378,0,-8.793,4.169,1.024,-0.2083,0.1096
8.00,9.27,9.28,0,-0.28833,1,|r_qp|,cross-domain,0.0000,0.0000,4.958,0,-0.28833,1,-6.243,-2.772,-4.378,0,-8.793,4.587,0.8706,5.547,44.86
8.40,9.67,9.68,0,-1.56827,0,|r_qp|,cross-domain,0.0000,0.0000,3.935,0,-1.56827,0,-6.243,-2.772,-4.378,0,-8.793,3.518,0.02619,-1.341,0.1641
8.80,10.07,10.08,0,-1.45526,0,|r_qp|,cross-domain,0.0000,0.0000,4.085,0,-1.45526,0,-6.243,-2.772,-4.378,0,-8.793,2.084,-0.3329,-0.8219,0.9487
9.20,10.47,10.48,0,-0.57151,0,|r_qp|,cross-domain,0.0000,0.0000,3.542,0,-0.57151,0,-6.243,-2.772,-4.378,0,-8.793,0.2069,-0.1772,5.046,45.94
9.60,10.87,10.88,0,-1.76624,0,|r_qp|,cross-domain,0.0000,0.0000,3.856,0,-1.76624,0,-6.243,-2.772,-4.378,0,-8.793,-0.5163,0.6699,-1.375,-0.4896
10.00,11.27,11.28,0,-1.38487,0,|r_qp|,cross-domain,0.0000,0.0000,3.611,0,-1.38487,0,-6.243,-2.772,-4.378,0,-8.793,0.09814,0.1397,-0.2024,1.698
10.40,11.67,11.68,0,-0.13692,1,|r_qp|,cross-domain,0.0000,0.0000,3.529,0,-0.13692,1,-6.243,-2.772,-4.378,0,-8.793,2.161,0.2382,6.241,45.35
10.80,12.07,12.08,0,-1.29361,0,|r_qp|,cross-domain,0.0000,0.0000,5.250,0,-1.29361,0,-6.243,-2.772,-4.378,0,-8.793,3.196,0.6113,-0.3268,-0.269
11.20,12.47,12.48,0,-1.11128,0,|r_qp|,cross-domain,0.0000,0.0000,3.925,0,-1.11128,0,-6.243,-2.772,-4.378,0,-8.793,4.671,0.1337,0.08249,1.495
11.60,12.87,12.88,0,0.02680,1,|r_qp|,cross-domain,0.0000,0.0000,4.030,0,0.02680,1,-6.243,-2.772,-4.378,0,-8.793,4.795,0.3088,6.38,44.27
12.00,13.27,13.28,0,-1.33062,0,|r_qp|,cross-domain,0.0000,0.0000,3.787,0,-1.33062,0,-6.243,-2.772,-4.378,0,-8.793,4.205,0.7021,-0.5396,-0.02091
12.40,13.67,13.68,0,-1.36874,0,|r_qp|,cross-domain,0.0000,0.0000,3.616,0,-1.36874,0,-6.243,-2.772,-4.378,0,-8.793,3.385,0.2896,-0.6093,0.5116
12.80,14.07,14.08,0,-0.44446,0,|r_qp|,cross-domain,0.0000,0.0000,3.788,0,-0.44446,0,-6.243,-2.772,-4.378,0,-8.793,1.951,0.00376,5.377,47.7
13.20,14.47,14.48,0,-1.59607,0,|r_qp|,cross-domain,0.0000,0.0000,3.511,0,-1.59607,0,-6.243,-2.772,-4.378,0,-8.793,1.087,0.3183,-1.099,-0.4195
13.60,14.87,14.88,0,-1.55995,0,|r_qp|,cross-domain,0.0000,0.0000,3.742,0,-1.55995,0,-6.243,-2.772,-4.378,0,-8.793,0.4466,-0.1543,-0.8923,1.303
14.00,15.27,15.28,0,-1.00786,0,|r_qp|,cross-domain,0.0000,0.0000,5.178,0,-1.00786,0,-6.243,-2.772,-4.378,0,-8.793,0.4747,0.0494,3.907,50
14.40,15.67,15.68,0,-1.37783,0,|r_qp|,cross-domain,0.0000,0.0000,4.018,0,-1.37783,0,-6.243,-2.772,-4.378,0,-8.793,0.7933,0.8523,-0.2383,-0.1812
14.80,16.07,16.08,0,-1.29793,0,|r_qp|,cross-domain,0.0000,0.0000,4.044,0,-1.29793,0,-6.243,-2.772,-4.378,0,-8.793,1.164,0.3297,-0.04734,1.251
15.20,16.47,16.48,0,-0.17441,1,|r_qp|,cross-domain,0.0000,0.0000,3.729,0,-0.17441,1,-6.243,-2.772,-4.378,0,-8.793,2.236,0.1907,5.924,42.46
15.60,16.87,16.88,0,-1.32010,0,|r_qp|,cross-domain,0.0000,0.0000,3.677,0,-1.32010,0,-6.243,-2.772,-4.378,0,-8.793,2.965,1.264,-0.2604,-0.4435
16.00,17.27,17.28,0,-1.09610,0,|r_qp|,cross-domain,0.0000,0.0000,3.874,0,-1.09610,0,-6.243,-2.772,-4.378,0,-8.793,3.961,0.2329,0.1614,0.1949
16.40,17.67,17.68,0,-1.10355,0,|r_qp|,cross-domain,0.0000,0.0000,3.610,0,-1.10355,0,-6.243,-2.772,-4.378,0,-8.793,3.205,0.09586,3.264,50
16.80,18.07,18.08,0,-1.16901,0,|r_qp|,cross-domain,0.0000,0.0000,3.039,0,-1.16901,0,-6.243,-2.772,-4.378,0,-8.793,2.132,0.2479,0.1596,0.152
17.20,18.47,18.48,0,-1.56874,0,|r_qp|,cross-domain,0.0000,0.0000,4.999,0,-1.56874,0,-6.243,-2.772,-4.378,0,-8.793,0.4423,0.4232,-0.8456,0.6014
17.60,18.87,18.88,0,-0.61084,0,|r_qp|,cross-domain,0.0000,0.0000,3.979,0,-0.61084,0,-6.243,-2.772,-4.378,0,-8.793,0.5495,0.5188,4.834,42.94
18.00,19.27,19.28,0,-1.35032,0,|r_qp|,cross-domain,0.0000,0.0000,3.965,0,-1.35032,0,-6.243,-2.772,-4.378,0,-8.793,1.487,1.757,-0.07501,-0.5243
18.40,19.67,19.68,0,-1.24869,0,|r_qp|,cross-domain,0.0000,0.0000,3.806,0,-1.24869,0,-6.243,-2.772,-4.378,0,-8.793,3.149,0.3756,-0.2207,-0.2042
18.80,20.07,20.08,0,-1.11556,0,|r_qp|,cross-domain,0.0000,0.0000,3.850,0,-1.11556,0,-6.243,-2.772,-4.378,0,-8.793,3.566,0.1996,3.142,49.04
19.20,20.47,20.48,0,-1.49566,0,|r_qp|,cross-domain,0.0000,0.0000,3.755,0,-1.49566,0,-6.243,-2.772,-4.378,0,-8.793,2.537,0.1086,-0.9698,0.123
19.60,20.87,20.88,0,-1.53388,0,|r_qp|,cross-domain,0.0000,0.0000,3.626,0,-1.53388,0,-6.243,-2.772,-4.378,0,-8.793,0.5511,-0.1884,-0.8851,0.3861
20.00,21.27,21.28,0,-0.74209,0,|r_qp|,cross-domain,0.0000,0.0000,5.272,0,-0.74209,0,-6.243,-2.772,-4.378,0,-8.793,-0.9151,-0.02001,4.899,49.63
20.40,21.67,21.68,0,-1.60850,0,|r_qp|,cross-domain,0.0000,0.0000,4.010,0,-1.60850,0,-6.243,-2.772,-4.378,0,-8.793,-0.7764,0.6381,-0.8062,0.09346
20.80,22.07,22.08,0,-1.55595,0,|r_qp|,cross-domain,0.0000,0.0000,4.103,0,-1.55595,0,-6.243,-2.772,-4.378,0,-8.793,0.07705,-0.01838,-0.8968,-0.1908
21.20,22.47,22.48,0,-0.78653,0,|r_qp|,cross-domain,0.0000,0.0000,3.777,0,-0.78653,0,-6.243,-2.772,-4.378,0,-8.793,0.4015,0.05863,4.588,49.33
21.60,22.87,22.88,0,-1.61812,0,|r_qp|,cross-domain,0.0000,0.0000,3.771,0,-1.61812,0,-6.243,-2.772,-4.378,0,-8.793,0.4964,0.4721,-1.044,-0.1002
22.00,23.27,23.28,0,-1.51296,0,|r_qp|,cross-domain,0.0000,0.0000,3.835,0,-1.51296,0,-6.243,-2.772,-4.378,0,-8.793,0.7464,-0.03758,-0.8553,-0.3175
22.40,23.67,23.68,0,-1.43150,0,|r_qp|,cross-domain,0.0000,0.0000,3.608,0,-1.43150,0,-6.243,-2.772,-4.378,0,-8.793,0.7361,-0.0002302,2.496,49.85
22.80,24.07,24.08,0,-1.22826,0,|r_qp|,cross-domain,0.0000,0.0000,3.759,0,-1.22826,0,-6.243,-2.772,-4.378,0,-8.793,0.5812,1.008,0.3584,0.7676
23.20,24.47,24.48,0,-1.53754,0,|r_qp|,cross-domain,0.0000,0.0000,5.061,0,-1.53754,0,-6.243,-2.772,-4.378,0,-8.793,-0.546,1.526,-0.406,0.4367
23.60,24.87,24.88,0,-1.61824,0,|r_qp|,cross-domain,0.0000,0.0000,4.254,0,-1.61824,0,-6.243,-2.772,-4.378,0,-8.793,-1.149,1.838,1.875,39.52
24.00,25.27,25.28,0,-1.54017,0,|r_qp|,cross-domain,0.0000,0.0000,4.040,0,-1.54017,0,-6.243,-2.772,-4.378,0,-8.793,-0.7454,3.399,0.001322,0.5921
24.40,25.67,25.68,0,-1.72502,0,|r_qp|,cross-domain,0.0000,0.0000,3.560,0,-1.72502,0,-6.243,-2.772,-4.378,0,-8.793,-0.362,2.654,-0.8106,0.2838
24.80,26.07,26.08,0,-1.05169,0,|r_qp|,cross-domain,0.0000,0.0000,3.883,0,-1.05169,0,-6.243,-2.772,-4.378,0,-8.793,0.9568,2.343,3.683,42.03
25.20,26.47,26.48,0,-1.39826,0,|r_qp|,cross-domain,0.0000,0.0000,3.817,0,-1.39826,0,-6.243,-2.772,-4.378,0,-8.793,1.611,3.086,0.07233,0.2312
25.60,26.87,26.88,0,-1.24144,0,|r_qp|,cross-domain,0.0000,0.0000,3.667,0,-1.24144,0,-6.243,-2.772,-4.378,0,-8.793,3.403,1.439,0.004118,0.0793
26.00,27.27,27.28,0,-1.06861,0,|r_qp|,cross-domain,0.0000,0.0000,2.779,0,-1.06861,0,-6.243,-2.772,-4.378,0,-8.793,3.621,1.053,3.163,44.21
26.40,27.67,27.68,0,-1.28078,0,|r_qp|,cross-domain,0.0000,0.0000,5.056,0,-1.28078,0,-6.243,-2.772,-4.378,0,-8.793,2.617,1.238,0.000981,1.129
26.80,28.07,28.08,0,-1.50964,0,|r_qp|,cross-domain,0.0000,0.0000,4.231,0,-1.50964,0,-6.243,-2.772,-4.378,0,-8.793,0.3546,1.479,-0.4361,0.5019
27.20,28.47,28.48,0,-1.40325,0,|r_qp|,cross-domain,0.0000,0.0000,4.034,0,-1.40325,0,-6.243,-2.772,-4.378,0,-8.793,-0.9527,2.134,2.957,45.32
27.60,28.87,28.88,0,-1.18768,0,|r_qp|,cross-domain,0.0000,0.0000,3.688,0,-1.18768,0,-6.243,-2.772,-4.378,0,-8.793,-0.8097,3.681,1.281,1.942
28.00,29.27,29.28,0,-1.56607,0,|r_qp|,cross-domain,0.0000,0.0000,3.994,0,-1.56607,0,-6.243,-2.772,-4.378,0,-8.793,-0.9325,3.547,-0.01854,0.7428
28.40,29.67,29.68,0,-1.68678,0,|r_qp|,cross-domain,0.0000,0.0000,3.525,0,-1.68678,0,-6.243,-2.772,-4.378,0,-8.793,-1.266,3.719,2.211,42.09
28.80,30.07,30.08,0,-1.58772,0,|r_qp|,cross-domain,0.0000,0.0000,3.680,0,-1.58772,0,-6.243,-2.772,-4.378,0,-8.793,-0.8509,4.648,0.1829,1.675
29.20,30.47,30.48,0,-1.40594,0,|r_qp|,cross-domain,0.0000,0.0000,5.179,0,-1.40594,0,-6.243,-2.772,-4.378,0,-8.793,1.234,2.592,-0.02085,-0.0281
29.60,30.87,30.88,0,-1.25892,0,|r_qp|,cross-domain,0.0000,0.0000,4.208,0,-1.25892,0,-6.243,-2.772,-4.378,0,-8.793,2.844,1.544,2.609,41.91
30.00,31.27,31.28,0,-1.59111,0,|r_qp|,cross-domain,0.0000,0.0000,4.162,0,-1.59111,0,-6.243,-2.772,-4.378,0,-8.793,2.787,1.115,-1.023,1.424
30.40,31.67,31.68,0,-1.65100,0,|r_qp|,cross-domain,0.0000,0.0000,3.685,0,-1.65100,0,-6.243,-2.772,-4.378,0,-8.793,0.851,0.4018,-1.24,-0.6159
30.80,32.07,32.08,0,-1.48351,0,|r_qp|,cross-domain,0.0000,0.0000,3.999,0,-1.48351,0,-6.243,-2.772,-4.378,0,-8.793,-0.6708,0.6525,2.49,47.4
31.20,32.47,32.48,0,-1.03267,0,|r_qp|,cross-domain,0.0000,0.0000,5.987,0,-1.03267,0,-6.243,-2.772,-4.378,0,-8.793,-1.047,0.9847,1.31,2.767
31.60,32.87,32.88,0,-1.53909,0,|r_qp|,cross-domain,0.0000,0.0000,3.739,0,-1.53909,0,-6.243,-2.772,-4.378,0,-8.793,-0.9065,1.818,-0.3072,0.4152
32.00,33.27,33.28,0,-1.33626,0,|r_qp|,cross-domain,0.0000,0.0000,3.973,0,-1.33626,0,-6.243,-2.772,-4.378,0,-8.793,-0.5745,2.097,2.981,43.12
32.40,33.67,33.68,0,-0.91970,0,|r_qp|,cross-domain,0.0000,0.0000,5.194,0,-0.91970,0,-6.243,-2.772,-4.378,0,-8.793,0.2177,4.032,2.14,2.889
32.80,34.07,34.08,0,-1.32956,0,|r_qp|,cross-domain,0.0000,0.0000,4.375,0,-1.32956,0,-6.243,-2.772,-4.378,0,-8.793,1.945,3.461,0.3199,0.1194
33.20,34.47,34.48,0,-0.95118,0,|r_qp|,cross-domain,0.0000,0.0000,4.090,0,-0.95118,0,-6.243,-2.772,-4.378,0,-8.793,3.281,3.605,3.983,42.27
33.60,34.87,34.88,0,-1.83773,0,|r_qp|,cross-domain,0.0000,0.0000,3.753,0,-1.83773,0,-6.243,-2.772,-4.378,0,-8.793,2.951,4.199,-1.208,1.417
34.00,35.27,35.28,0,-1.75967,0,|r_qp|,cross-domain,0.0000,0.0000,3.559,0,-1.75967,0,-6.243,-2.772,-4.378,0,-8.793,1.44,2.084,-1.311,-0.4482
34.40,35.67,35.68,0,-1.17175,0,|r_qp|,cross-domain,0.0000,0.0000,3.851,0,-1.17175,0,-6.243,-2.772,-4.378,0,-8.793,0.1879,1.224,3.429,46.29
34.80,36.07,36.08,0,-1.71010,0,|r_qp|,cross-domain,0.0000,0.0000,3.731,0,-1.71010,0,-6.243,-2.772,-4.378,0,-8.793,0.03002,0.639,-1.157,1.353
35.20,36.47,36.48,0,-1.60769,0,|r_qp|,cross-domain,0.0000,0.0000,3.720,0,-1.60769,0,-6.243,-2.772,-4.378,0,-8.793,0.2456,0.05122,-1.096,-0.6129
35.60,36.87,36.88,0,-1.26138,0,|r_qp|,cross-domain,0.0000,0.0000,5.268,0,-1.26138,0,-6.243,-2.772,-4.378,0,-8.793,0.7202,0.3369,3.083,49.37
36.00,37.27,37.28,0,-1.68768,0,|r_qp|,cross-domain,0.0000,0.0000,3.887,0,-1.68768,0,-6.243,-2.772,-4.378,0,-8.793,0.5562,0.7167,-1.166,0.8583
36.40,37.67,37.68,0,-1.62815,0,|r_qp|,cross-domain,0.0000,0.0000,4.105,0,-1.62815,0,-6.243,-2.772,-4.378,0,-8.793,0.5119,0.2342,-1.157,-0.5905
36.80,38.07,38.08,0,-1.15532,0,|r_qp|,cross-domain,0.0000,0.0000,3.896,0,-1.15532,0,-6.243,-2.772,-4.378,0,-8.793,0.315,0.2023,3.359,47.93
37.20,38.47,38.48,0,-1.62177,0,|r_qp|,cross-domain,0.0000,0.0000,3.961,0,-1.62177,0,-6.243,-2.772,-4.378,0,-8.793,0.08735,0.5549,-0.9301,0.827
37.60,38.87,38.88,0,-1.65421,0,|r_qp|,cross-domain,0.0000,0.0000,3.653,0,-1.65421,0,-6.243,-2.772,-4.378,0,-8.793,0.2,0.1186,-1.239,-0.8264
38.00,39.27,39.28,0,-1.49113,0,|r_qp|,cross-domain,0.0000,0.0000,3.634,0,-1.49113,0,-6.243,-2.772,-4.378,0,-8.793,0.08278,-0.03435,2.285,48.29
38.40,39.67,39.68,0,-1.09078,0,|r_qp|,cross-domain,0.0000,0.0000,3.521,0,-1.09078,0,-6.243,-2.772,-4.378,0,-8.793,0.2281,0.5128,0.8832,3.044
38.80,40.07,40.08,0,-1.50984,0,|r_qp|,cross-domain,0.0000,0.0000,4.831,0,-1.50984,0,-6.243,-2.772,-4.378,0,-8.793,0.1114,0.2883,-0.6757,0.05427
39.20,40.47,40.48,0,-0.91621,0,|r_qp|,cross-domain,0.0000,0.0000,4.299,0,-0.91621,0,-6.243,-2.772,-4.378,0,-8.793,1.007,0.142,3.571,40.53
39.60,40.87,40.88,0,-1.30382,0,|r_qp|,cross-domain,0.0000,0.0000,3.816,0,-1.30382,0,-6.243,-2.772,-4.378,0,-8.793,1.767,1.482,0.1195,1.699
40.00,41.27,41.28,0,-1.38982,0,|r_qp|,cross-domain,0.0000,0.0000,3.738,0,-1.38982,0,-6.243,-2.772,-4.378,0,-8.793,2.53,1.18,-0.4275,-0.1374
40.40,41.67,41.68,0,-0.99940,0,|r_qp|,cross-domain,0.0000,0.0000,3.855,0,-0.99940,0,-6.243,-2.772,-4.378,0,-8.793,3,1.406,3.41,42.18
40.80,42.07,42.08,0,-1.65597,0,|r_qp|,cross-domain,0.0000,0.0000,3.654,0,-1.65597,0,-6.243,-2.772,-4.378,0,-8.793,2.45,2.285,-0.9806,0.9317
41.20,42.47,42.48,0,-1.64252,0,|r_qp|,cross-domain,0.0000,0.0000,3.544,0,-1.64252,0,-6.243,-2.772,-4.378,0,-8.793,1.805,0.945,-1.204,-0.3051
41.60,42.87,42.88,0,-1.18946,0,|r_qp|,cross-domain,0.0000,0.0000,5.370,0,-1.18946,0,-6.243,-2.772,-4.378,0,-8.793,0.6491,0.9082,3.263,46.5
42.00,43.27,43.28,0,-1.60157,0,|r_qp|,cross-domain,0.0000,0.0000,4.147,0,-1.60157,0,-6.243,-2.772,-4.378,0,-8.793,0.1026,1.119,-0.6802,2.003
42.40,43.67,43.68,0,-1.48724,0,|r_qp|,cross-domain,0.0000,0.0000,4.108,0,-1.48724,0,-6.243,-2.772,-4.378,0,-8.793,0.04881,0.6986,-0.5046,0.1717
42.80,44.07,44.08,0,-1.09893,0,|r_qp|,cross-domain,0.0000,0.0000,3.859,0,-1.09893,0,-6.243,-2.772,-4.378,0,-8.793,0.8556,0.4714,3.102,41.03
43.20,44.47,44.48,0,-1.13156,0,|r_qp|,cross-domain,0.0000,0.0000,3.533,0,-1.13156,0,-6.243,-2.772,-4.378,0,-8.793,1.983,1.009,0.5078,1.037
43.60,44.87,44.88,0,-1.18173,0,|r_qp|,cross-domain,0.0000,0.0000,3.841,0,-1.18173,0,-6.243,-2.772,-4.378,0,-8.793,3.607,0.2662,-0.1231,-0.8039
44.00,45.27,45.28,0,-0.54471,0,|r_qp|,cross-domain,0.0000,0.0000,3.706,0,-0.54471,0,-6.243,-2.772,-4.378,0,-8.793,4.654,0.2687,4.592,44.85
44.40,45.67,45.68,0,-1.30845,0,|r_qp|,cross-domain,0.0000,0.0000,3.759,0,-1.30845,0,-6.243,-2.772,-4.378,0,-8.793,3.985,0.6482,-0.3659,1.375
44.80,46.07,46.08,0,-1.47176,0,|r_qp|,cross-domain,0.0000,0.0000,5.040,0,-1.47176,0,-6.243,-2.772,-4.378,0,-8.793,1.476,0.729,-0.6219,0.2959
45.20,46.47,46.48,0,-1.43951,0,|r_qp|,cross-domain,0.0000,0.0000,3.887,0,-1.43951,0,-6.243,-2.772,-4.378,0,-8.793,-0.639,1.15,2.477,43.31
45.60,46.87,46.88,0,-1.78210,0,|r_qp|,cross-domain,0.0000,0.0000,4.111,0,-1.78210,0,-6.243,-2.772,-4.378,0,-8.793,-1.045,2.409,-0.9726,0.03307
46.00,47.27,47.28,0,-1.64901,0,|r_qp|,cross-domain,0.0000,0.0000,3.765,0,-1.64901,0,-6.243,-2.772,-4.378,0,-8.793,0.1629,0.9684,-1.046,-0.8549
46.40,47.67,47.68,0,-1.34324,0,|r_qp|,cross-domain,0.0000,0.0000,3.915,0,-1.34324,0,-6.243,-2.772,-4.378,0,-8.793,1.154,0.4396,2.739,48.61
46.80,48.07,48.08,0,-1.33795,0,|r_qp|,cross-domain,0.0000,0.0000,3.676,0,-1.33795,0,-6.243,-2.772,-4.378,0,-8.793,1.386,0.08987,-0.2232,1.73
47.20,48.47,48.48,0,-1.47250,0,|r_qp|,cross-domain,0.0000,0.0000,3.600,0,-1.47250,0,-6.243,-2.772,-4.378,0,-8.793,1.714,-0.232,-0.8982,-0.4912
47.60,48.87,48.88,0,-0.87005,0,|r_qp|,cross-domain,0.0000,0.0000,2.742,0,-0.87005,0,-6.243,-2.772,-4.378,0,-8.793,2.087,-0.1265,3.819,45.27
48.00,49.27,49.28,0,-1.36724,0,|r_qp|,cross-domain,0.0000,0.0000,5.044,0,-1.36724,0,-6.243,-2.772,-4.378,0,-8.793,2.064,0.9416,-0.2192,1.901
48.40,49.67,49.68,0,-1.65784,0,|r_qp|,cross-domain,0.0000,0.0000,4.152,0,-1.65784,0,-6.243,-2.772,-4.378,0,-8.793,0.9057,0.3763,-1.25,-0.214
48.80,50.07,50.08,0,-1.40197,0,|r_qp|,cross-domain,0.0000,0.0000,3.912,0,-1.40197,0,-6.243,-2.772,-4.378,0,-8.793,-0.1847,0.5512,2.417,43.3
49.20,50.47,50.48,0,-1.67572,0,|r_qp|,cross-domain,0.0000,0.0000,3.666,0,-1.67572,0,-6.243,-2.772,-4.378,0,-8.793,-0.3797,0.6559,-0.9837,1.474
49.60,50.87,50.88,0,-1.60818,0,|r_qp|,cross-domain,0.0000,0.0000,3.912,0,-1.60818,0,-6.243,-2.772,-4.378,0,-8.793,0.4279,0.04064,-1.126,-0.6635
50.00,51.27,51.28,0,-1.38208,0,|r_qp|,cross-domain,0.0000,0.0000,4.553,0,-1.38208,0,-6.243,-2.772,-4.378,0,-8.793,1.361,-0.09922,2.491,48.8
50.40,51.67,51.68,0,-1.50039,0,|r_qp|,cross-domain,0.0000,0.0000,3.646,0,-1.50039,0,-6.243,-2.772,-4.378,0,-8.793,1.589,0.365,-0.7522,1.109
50.80,52.07,52.08,0,-1.49312,0,|r_qp|,cross-domain,0.0000,0.0000,5.221,0,-1.49312,0,-6.243,-2.772,-4.378,0,-8.793,1.744,0.0667,-0.9278,-0.8217
51.20,52.47,52.48,0,-1.58832,0,|r_qp|,cross-domain,0.0000,0.0000,4.111,0,-1.58832,0,-6.243,-2.772,-4.378,0,-8.793,1.961,0.1887,1.885,50
51.60,52.87,52.88,0,-1.58004,0,|r_qp|,cross-domain,0.0000,0.0000,4.147,0,-1.58004,0,-6.243,-2.772,-4.378,0,-8.793,1.901,0.6076,-1.039,0.4438
52.00,53.27,53.28,0,-1.51997,0,|r_qp|,cross-domain,0.0000,0.0000,3.778,0,-1.51997,0,-6.243,-2.772,-4.378,0,-8.793,1.346,0.1643,-0.9034,-0.1671
52.40,53.67,53.68,0,-1.41941,0,|r_qp|,cross-domain,0.0000,0.0000,3.557,0,-1.41941,0,-6.243,-2.772,-4.378,0,-8.793,0.8822,0.1114,2.493,49.1
52.80,54.07,54.08,0,-1.70395,0,|r_qp|,cross-domain,0.0000,0.0000,3.828,0,-1.70395,0,-6.243,-2.772,-4.378,0,-8.793,0.5092,0.5421,-1.248,0.8535
53.20,54.47,54.48,0,-1.71792,0,|r_qp|,cross-domain,0.0000,0.0000,3.504,0,-1.71792,0,-6.243,-2.772,-4.378,0,-8.793,0.01719,0.03504,-1.409,-0.365
53.60,54.87,54.88,0,-1.32431,0,|r_qp|,cross-domain,0.0000,0.0000,3.714,0,-1.32431,0,-6.243,-2.772,-4.378,0,-8.793,-0.6577,0.1036,2.952,48.46
54.00,55.27,55.28,0,-1.55743,0,|r_qp|,cross-domain,0.0000,0.0000,5.175,0,-1.55743,0,-6.243,-2.772,-4.378,0,-8.793,-0.64,0.5493,-0.6343,0.8008
54.40,55.67,55.68,0,-1.42645,0,|r_qp|,cross-domain,0.0000,0.0000,3.989,0,-1.42645,0,-6.243,-2.772,-4.378,0,-8.793,0.6288,-0.1492,-0.6254,-0.9653
54.80,56.07,56.08,0,-1.60881,0,|r_qp|,cross-domain,0.0000,0.0000,4.208,0,-1.60881,0,-6.243,-2.772,-4.378,0,-8.793,1.738,-0.5327,1.664,49.39
55.20,56.47,56.48,0,-1.54726,0,|r_qp|,cross-domain,0.0000,0.0000,3.683,0,-1.54726,0,-6.243,-2.772,-4.378,0,-8.793,1.848,0.04953,-1.003,1.055
55.60,56.87,56.88,0,-1.54780,0,|r_qp|,cross-domain,0.0000,0.0000,3.937,0,-1.54780,0,-6.243,-2.772,-4.378,0,-8.793,1.035,-0.2721,-1.038,-0.09515
56.00,57.27,57.28,0,-1.13376,0,|r_qp|,cross-domain,0.0000,0.0000,3.745,0,-1.13376,0,-6.243,-2.772,-4.378,0,-8.793,0.1332,-0.1523,3.34,47.3
56.40,57.67,57.68,0,-1.68838,0,|r_qp|,cross-domain,0.0000,0.0000,3.485,0,-1.68838,0,-6.243,-2.772,-4.378,0,-8.793,0.1291,0.4362,-1.187,0.6085
56.80,58.07,58.08,0,-1.64845,0,|r_qp|,cross-domain,0.0000,0.0000,3.815,0,-1.64845,0,-6.243,-2.772,-4.378,0,-8.793,0.2109,-0.03927,-1.248,-0.7329
57.20,58.47,58.48,0,-1.34914,0,|r_qp|,cross-domain,0.0000,0.0000,5.243,0,-1.34914,0,-6.243,-2.772,-4.378,0,-8.793,0.7678,0.03499,2.608,47.33
57.60,58.87,58.88,0,-1.37188,0,|r_qp|,cross-domain,0.0000,0.0000,4.791,0,-1.37188,0,-6.243,-2.772,-4.378,0,-8.793,1.212,0.2221,-0.3327,0.9205
58.00,59.27,59.28,0,-1.32672,0,|r_qp|,cross-domain,0.0000,0.0000,3.815,0,-1.32672,0,-6.243,-2.772,-4.378,0,-8.793,2.335,-0.1926,-0.5165,-0.7395
58.40,59.67,59.68,0,-0.89389,0,|r_qp|,cross-domain,0.0000,0.0000,3.568,0,-0.89389,0,-6.243,-2.772,-4.378,0,-8.793,3.155,-0.07147,3.688,46.41
58.80,60.07,60.08,0,-1.59398,0,|r_qp|,cross-domain,0.0000,0.0000,3.987,0,-1.59398,0,-6.243,-2.772,-4.378,0,-8.793,3.014,0.4283,-1.232,0.9146
59.20,60.47,60.48,0,-1.61518,0,|r_qp|,cross-domain,0.0000,0.0000,3.622,0,-1.61518,0,-6.243,-2.772,-4.378,0,-8.793,1.277,-0.1965,-1.288,-0.4107
59.60,60.87,60.88,0,-1.35855,0,|r_qp|,cross-domain,0.0000,0.0000,3.686,0,-1.35855,0,-6.243,-2.772,-4.378,0,-8.793,-0.3734,-0.4715,2.76,49.61
60.00,61.27,61.28,0,-1.74057,0,|r_qp|,cross-domain,0.0000,0.0000,2.996,0,-1.74057,0,-6.243,-2.772,-4.378,0,-8.793,-1.044,0.1788,-1.235,0.988
60.40,61.67,61.68,0,-1.72422,0,|r_qp|,cross-domain,0.0000,0.0000,4.914,0,-1.72422,0,-6.243,-2.772,-4.378,0,-8.793,-1.079,-0.1889,-1.36,-0.7588
60.80,62.07,62.08,0,-1.39078,0,|r_qp|,cross-domain,0.0000,0.0000,4.459,0,-1.39078,0,-6.243,-2.772,-4.378,0,-8.793,-1.107,0.05017,2.771,48.22
61.20,62.47,62.48,0,-1.56876,0,|r_qp|,cross-domain,0.0000,0.0000,3.774,0,-1.56876,0,-6.243,-2.772,-4.378,0,-8.793,-0.8424,0.3366,-0.7051,0.5265
61.60,62.87,62.88,0,-1.38987,0,|r_qp|,cross-domain,0.0000,0.0000,3.780,0,-1.38987,0,-6.243,-2.772,-4.378,0,-8.793,0.5564,-0.3331,-0.5315,-0.8879
62.00,63.27,63.28,0,-1.49000,0,|r_qp|,cross-domain,0.0000,0.0000,3.948,0,-1.49000,0,-6.243,-2.772,-4.378,0,-8.793,2.266,-0.5567,1.844,47.28
62.40,63.67,63.68,0,-1.57727,0,|r_qp|,cross-domain,0.0000,0.0000,3.714,0,-1.57727,0,-6.243,-2.772,-4.378,0,-8.793,2.538,0.08333,-1.262,-0.2916
62.80,64.07,64.08,0,-1.53633,0,|r_qp|,cross-domain,0.0000,0.0000,4.404,0,-1.53633,0,-6.243,-2.772,-4.378,0,-8.793,1.459,-0.3842,-1.121,-0.8111
63.20,64.47,64.48,0,-1.60794,0,|r_qp|,cross-domain,0.0000,0.0000,5.242,0,-1.60794,0,-6.243,-2.772,-4.378,0,-8.793,0.2772,-0.4455,1.907,50
63.60,64.87,64.88,0,-1.55131,0,|r_qp|,cross-domain,0.0000,0.0000,4.147,0,-1.55131,0,-6.243,-2.772,-4.378,0,-8.793,-0.06472,0.06361,-0.7636,1.171
64.00,65.27,65.28,0,-1.60856,0,|r_qp|,cross-domain,0.0000,0.0000,3.805,0,-1.60856,0,-6.243,-2.772,-4.378,0,-8.793,-0.368,-0.5268,-1.123,-0.3584
64.40,65.67,65.68,0,-1.36486,0,|r_qp|,cross-domain,0.0000,0.0000,3.711,0,-1.36486,0,-6.243,-2.772,-4.378,0,-8.793,-0.6863,-0.3691,2.731,48.48
64.80,66.07,66.08,0,-1.41998,0,|r_qp|,cross-domain,0.0000,0.0000,3.960,0,-1.41998,0,-6.243,-2.772,-4.378,0,-8.793,-0.7117,0.259,-0.2587,0.5512
65.20,66.47,66.48,0,-1.33734,0,|r_qp|,cross-domain,0.0000,0.0000,3.582,0,-1.33734,0,-6.243,-2.772,-4.378,0,-8.793,1.138,-0.2059,-0.4107,-0.8876
65.60,66.87,66.88,0,-1.09631,0,|r_qp|,cross-domain,0.0000,0.0000,3.685,0,-1.09631,0,-6.243,-2.772,-4.378,0,-8.793,2.76,-0.2911,2.973,45.24
66.00,67.27,67.28,0,-1.55850,0,|r_qp|,cross-domain,0.0000,0.0000,3.461,0,-1.55850,0,-6.243,-2.772,-4.378,0,-8.793,3.138,-0.04454,-1.211,1.227
66.40,67.67,67.68,0,-1.53403,0,|r_qp|,cross-domain,0.0000,0.0000,5.166,0,-1.53403,0,-6.243,-2.772,-4.378,0,-8.793,1.737,-0.225,-1.102,-0.5678
66.80,68.07,68.08,0,-1.55327,0,|r_qp|,cross-domain,0.0000,0.0000,4.257,0,-1.55327,0,-6.243,-2.772,-4.378,0,-8.793,0.6475,-0.01278,2.106,49.72
67.20,68.47,68.48,0,-1.55088,0,|r_qp|,cross-domain,0.0000,0.0000,3.829,0,-1.55088,0,-6.243,-2.772,-4.378,0,-8.793,0.3959,0.5051,-0.7574,0.7375
67.60,68.87,68.88,0,-1.54296,0,|r_qp|,cross-domain,0.0000,0.0000,3.854,0,-1.54296,0,-6.243,-2.772,-4.378,0,-8.793,0.7041,-0.1395,-0.9762,-0.4679
68.00,69.27,69.28,0,-1.04665,0,|r_qp|,cross-domain,0.0000,0.0000,3.997,0,-1.04665,0,-6.243,-2.772,-4.378,0,-8.793,1.135,-0.4452,3.505,48.47
68.40,69.67,69.68,0,-1.55491,0,|r_qp|,cross-domain,0.0000,0.0000,3.623,0,-1.55491,0,-6.243,-2.772,-4.378,0,-8.793,1.089,0.05505,-0.9943,0.008822
68.80,70.07,70.08,0,-1.45990,0,|r_qp|,cross-domain,0.0000,0.0000,3.829,0,-1.45990,0,-6.243,-2.772,-4.378,0,-8.793,1.34,-0.5567,-0.8995,-0.8646
69.20,70.47,70.48,0,-1.76324,0,|r_qp|,cross-domain,0.0000,0.0000,3.560,0,-1.76324,0,-6.243,-2.772,-4.378,0,-8.793,1.062,-0.7182,1.254,50
69.60,70.87,70.88,0,-1.61067,0,|r_qp|,cross-domain,0.0000,0.0000,5.085,0,-1.61067,0,-6.243,-2.772,-4.378,0,-8.793,0.4708,-0.1229,-1.087,0.7245
70.00,71.27,71.28,0,-1.62775,0,|r_qp|,cross-domain,0.0000,0.0000,4.558,0,-1.62775,0,-6.243,-2.772,-4.378,0,-8.793,-0.7395,-0.5982,-1.186,-0.9069
70.40,71.67,71.68,0,-1.79259,0,|r_qp|,cross-domain,0.0000,0.0000,3.987,0,-1.79259,0,-6.243,-2.772,-4.378,0,-8.793,-1.26,-0.5446,1.472,49.73
70.80,72.07,72.08,0,-1.70424,0,|r_qp|,cross-domain,0.0000,0.0000,3.872,0,-1.70424,0,-6.243,-2.772,-4.378,0,-8.793,-0.8973,-0.06134,-1.233,0.2082
71.20,72.47,72.48,0,-1.62489,0,|r_qp|,cross-domain,0.0000,0.0000,4.050,0,-1.62489,0,-6.243,-2.772,-4.378,0,-8.793,-0.2004,-0.5802,-1.241,-0.9107
71.60,72.87,72.88,0,-1.82766,0,|r_qp|,cross-domain,0.0000,0.0000,3.544,0,-1.82766,0,-6.243,-2.772,-4.378,0,-8.793,0.2422,-0.4047,1.215,50
72.00,73.27,73.28,0,-1.63580,0,|r_qp|,cross-domain,0.0000,0.0000,3.863,0,-1.63580,0,-6.243,-2.772,-4.378,0,-8.793,0.2695,0.1858,-1.021,1.685
72.40,73.67,73.68,0,-1.49773,0,|r_qp|,cross-domain,0.0000,0.0000,5.344,0,-1.49773,0,-6.243,-2.772,-4.378,0,-8.793,0.5437,-0.05818,-0.7962,-0.5009
72.80,74.07,74.08,0,-1.37072,0,|r_qp|,cross-domain,0.0000,0.0000,4.478,0,-1.37072,0,-6.243,-2.772,-4.378,0,-8.793,1.417,0.09637,2.539,48.46
73.20,74.47,74.48,0,-1.61301,0,|r_qp|,cross-domain,0.0000,0.0000,4.246,0,-1.61301,0,-6.243,-2.772,-4.378,0,-8.793,1.573,0.4784,-1.168,-0.1841
73.60,74.87,74.88,0,-1.54772,0,|r_qp|,cross-domain,0.0000,0.0000,3.575,0,-1.54772,0,-6.243,-2.772,-4.378,0,-8.793,0.9428,-0.2883,-1.073,-0.8188
74.00,75.27,75.28,0,-1.62761,0,|r_qp|,cross-domain,0.0000,0.0000,4.142,0,-1.62761,0,-6.243,-2.772,-4.378,0,-8.793,-0.3024,-0.6359,1.878,50
74.40,75.67,75.68,0,-1.70412,0,|r_qp|,cross-domain,0.0000,0.0000,3.823,0,-1.70412,0,-6.243,-2.772,-4.378,0,-8.793,-0.9217,-0.07706,-1.19,0.9072
74.80,76.07,76.08,0,-1.69042,0,|r_qp|,cross-domain,0.0000,0.0000,3.687,0,-1.69042,0,-6.243,-2.772,-4.378,0,-8.793,-0.9888,-0.2582,-1.252,-0.354
75.20,76.47,76.48,0,-1.58758,0,|r_qp|,cross-domain,0.0000,0.0000,3.715,0,-1.58758,0,-6.243,-2.772,-4.378,0,-8.793,-0.3627,-0.143,2.115,50
75.60,76.87,76.88,0,-1.30458,0,|r_qp|,cross-domain,0.0000,0.0000,5.173,0,-1.30458,0,-6.243,-2.772,-4.378,0,-8.793,0.2717,0.2137,-0.02117,0.5677
76.00,77.27,77.28,0,-1.30163,0,|r_qp|,cross-domain,0.0000,0.0000,4.291,0,-1.30163,0,-6.243,-2.772,-4.378,0,-8.793,2.006,-0.3924,-0.4469,-0.9337
76.40,77.67,77.68,0,-0.78893,0,|r_qp|,cross-domain,0.0000,0.0000,4.317,0,-0.78893,0,-6.243,-2.772,-4.378,0,-8.793,3.312,-0.6112,3.71,43.38
76.80,78.07,78.08,0,-1.52252,0,|r_qp|,cross-domain,0.0000,0.0000,4.210,0,-1.52252,0,-6.243,-2.772,-4.378,0,-8.793,3.308,-0.1237,-1.228,-0.3127
77.20,78.47,78.48,0,-1.49735,0,|r_qp|,cross-domain,0.0000,0.0000,4.497,0,-1.49735,0,-6.243,-2.772,-4.378,0,-8.793,2.067,-0.6506,-1.132,-0.8805
77.60,78.87,78.88,0,-1.27986,0,|r_qp|,cross-domain,0.0000,0.0000,3.787,0,-1.27986,0,-6.243,-2.772,-4.378,0,-8.793,0.6276,-0.5372,2.714,47.03
78.00,79.27,79.28,0,-1.52137,0,|r_qp|,cross-domain,0.0000,0.0000,3.762,0,-1.52137,0,-6.243,-2.772,-4.378,0,-8.793,0.1071,0.1374,-0.6989,0.7698
78.40,79.67,79.68,0,-1.55974,0,|r_qp|,cross-domain,0.0000,0.0000,3.913,0,-1.55974,0,-6.243,-2.772,-4.378,0,-8.793,0.4845,-0.3402,-1.072,-0.9361
78.80,80.07,80.08,0,-1.22922,0,|r_qp|,cross-domain,0.0000,0.0000,5.133,0,-1.22922,0,-6.243,-2.772,-4.378,0,-8.793,1.395,-0.3608,2.862,47.79
79.20,80.47,80.48,0,-1.10435,0,|r_qp|,cross-domain,0.0000,0.0000,4.431,0,-1.10435,0,-6.243,-2.772,-4.378,0,-8.793,2.431,0.0661,0.363,1.306
79.60,80.87,80.88,0,-1.25119,0,|r_qp|,cross-domain,0.0000,0.0000,3.900,0,-1.25119,0,-6.243,-2.772,-4.378,0,-8.793,3.464,-0.2813,-0.4456,-0.9103
80.00,81.27,81.28,0,-0.97167,0,|r_qp|,cross-domain,0.0000,0.0000,3.886,0,-0.97167,0,-6.243,-2.772,-4.378,0,-8.793,4.178,-0.2345,3.32,47.13
80.40,81.67,81.68,0,-1.51035,0,|r_qp|,cross-domain,0.0000,0.0000,3.952,0,-1.51035,0,-6.243,-2.772,-4.378,0,-8.793,3.754,0.09481,-1.193,-0.1957
80.80,82.07,82.08,0,-1.51279,0,|r_qp|,cross-domain,0.0000,0.0000,3.610,0,-1.51279,0,-6.243,-2.772,-4.378,0,-8.793,2.23,-0.6139,-1.194,-0.8735
81.20,82.47,82.48,0,-1.83677,0,|r_qp|,cross-domain,0.0000,0.0000,3.958,0,-1.83677,0,-6.243,-2.772,-4.378,0,-8.793,0.5624,-0.5967,1.106,50
81.60,82.87,82.88,0,-1.60821,0,|r_qp|,cross-domain,0.0000,0.0000,2.775,0,-1.60821,0,-6.243,-2.772,-4.378,0,-8.793,-0.1534,0.05772,-0.9866,0.3496
82.00,83.27,83.28,0,-1.58395,0,|r_qp|,cross-domain,0.0000,0.0000,4.921,0,-1.58395,0,-6.243,-2.772,-4.378,0,-8.793,-0.1248,-0.1811,-1.035,-0.8526
82.40,83.67,83.68,0,-1.35399,0,|r_qp|,cross-domain,0.0000,0.0000,4.245,0,-1.35399,0,-6.243,-2.772,-4.378,0,-8.793,0.5202,0.0413,2.62,47.24
82.80,84.07,84.08,0,-1.51107,0,|r_qp|,cross-domain,0.0000,0.0000,3.712,0,-1.51107,0,-6.243,-2.772,-4.378,0,-8.793,1.413,0.3647,-0.7405,1.495
83.20,84.47,84.48,0,-1.44850,0,|r_qp|,cross-domain,0.0000,0.0000,4.310,0,-1.44850,0,-6.243,-2.772,-4.378,0,-8.793,2.21,-0.1376,-0.8884,-0.8757
83.60,84.87,84.88,0,-0.72555,0,|r_qp|,cross-domain,0.0000,0.0000,3.794,0,-0.72555,0,-6.243,-2.772,-4.378,0,-8.793,2.985,-0.3214,4.023,43.53
84.00,85.27,85.28,0,-1.41054,0,|r_qp|,cross-domain,0.0000,0.0000,3.853,0,-1.41054,0,-6.243,-2.772,-4.378,0,-8.793,2.698,0.09897,-0.7395,-0.2092
84.40,85.67,85.68,0,-1.40326,0,|r_qp|,cross-domain,0.0000,0.0000,3.823,0,-1.40326,0,-6.243,-2.772,-4.378,0,-8.793,2.614,-0.439,-0.8608,-0.957
84.80,86.07,86.08,0,-1.87189,0,|r_qp|,cross-domain,0.0000,0.0000,5.444,0,-1.87189,0,-6.243,-2.772,-4.378,0,-8.793,1.933,-0.2226,0.856,49.36
85.20,86.47,86.48,0,-1.60879,0,|r_qp|,cross-domain,0.0000,0.0000,4.002,0,-1.60879,0,-6.243,-2.772,-4.378,0,-8.793,1.222,0.3897,-1.054,1.026
85.60,86.87,86.88,0,-1.66583,0,|r_qp|,cross-domain,0.0000,0.0000,4.075,0,-1.66583,0,-6.243,-2.772,-4.378,0,-8.793,0.2757,0.06448,-1.288,-0.6841
86.00,87.27,87.28,0,-1.58992,0,|r_qp|,cross-domain,0.0000,0.0000,3.908,0,-1.58992,0,-6.243,-2.772,-4.378,0,-8.793,0.03003,-0.09809,2.066,50
86.40,87.67,87.68,0,-1.28164,0,|r_qp|,cross-domain,0.0000,0.0000,3.993,0,-1.28164,0,-6.243,-2.772,-4.378,0,-8.793,0.6305,0.1728,0.01769,0.8781
86.80,88.07,88.08,0,-1.19026,0,|r_qp|,cross-domain,0.0000,0.0000,3.762,0,-1.19026,0,-6.243,-2.772,-4.378,0,-8.793,2.311,-0.6068,-0.1701,-0.9045
87.20,88.47,88.48,0,-1.34853,0,|r_qp|,cross-domain,0.0000,0.0000,3.721,0,-1.34853,0,-6.243,-2.772,-4.378,0,-8.793,4.063,-0.5678,2.235,50
87.60,88.87,88.88,0,-1.42653,0,|r_qp|,cross-domain,0.0000,0.0000,3.783,0,-1.42653,0,-6.243,-2.772,-4.378,0,-8.793,4.068,0.09014,-0.9822,-0.4713
88.00,89.27,89.28,0,-1.52607,0,|r_qp|,cross-domain,0.0000,0.0000,5.079,0,-1.52607,0,-6.243,-2.772,-4.378,0,-8.793,2.712,-0.3255,-1.232,-0.7521
88.40,89.67,89.68,0,-1.60240,0,|r_qp|,cross-domain,0.0000,0.0000,4.361,0,-1.60240,0,-6.243,-2.772,-4.378,0,-8.793,1.035,-0.3629,1.555,45.28
88.80,90.07,90.08,0,-1.60678,0,|r_qp|,cross-domain,0.0000,0.0000,4.151,0,-1.60678,0,-6.243,-2.772,-4.378,0,-8.793,0.4257,0.2505,-1.068,-0.4916
89.20,90.47,90.48,0,-1.62931,0,|r_qp|,cross-domain,0.0000,0.0000,3.824,0,-1.62931,0,-6.243,-2.772,-4.378,0,-8.793,0.3304,-0.2553,-1.252,-0.8319
89.60,90.87,90.88,0,-1.82059,0,|r_qp|,cross-domain,0.0000,0.0000,4.058,0,-1.82059,0,-6.243,-2.772,-4.378,0,-8.793,0.3712,-0.0018,1.172,47.87
90.00,91.27,91.28,0,-1.55483,0,|r_qp|,cross-domain,0.0000,0.0000,3.716,0,-1.55483,0,-6.243,-2.772,-4.378,0,-8.793,0.3462,0.4501,-0.796,0.3944
90.40,91.67,91.68,0,-1.52629,0,|r_qp|,cross-domain,0.0000,0.0000,3.801,0,-1.52629,0,-6.243,-2.772,-4.378,0,-8.793,0.8466,-0.05742,-0.9523,-0.9286
90.80,92.07,92.08,0,-1.74376,0,|r_qp|,cross-domain,0.0000,0.0000,3.649,0,-1.74376,0,-6.243,-2.772,-4.378,0,-8.793,1.332,-0.1762,1.361,49.5
91.20,92.47,92.48,0,-1.65550,0,|r_qp|,cross-domain,0.0000,0.0000,5.180,0,-1.65550,0,-6.243,-2.772,-4.378,0,-8.793,1.258,0.3514,-1.294,-0.2475
91.60,92.87,92.88,0,-1.64540,0,|r_qp|,cross-domain,0.0000,0.0000,4.494,0,-1.64540,0,-6.243,-2.772,-4.378,0,-8.793,0.1498,-0.08853,-1.245,-0.8117
92.00,93.27,93.28,0,-2.05838,0,|r_qp|,cross-domain,0.0000,0.0000,3.871,0,-2.05838,0,-6.243,-2.772,-4.378,0,-8.793,-0.8235,0.238,0.6575,48.66
92.40,93.67,93.68,0,-1.75014,0,|r_qp|,cross-domain,0.0000,0.0000,3.548,0,-1.75014,0,-6.243,-2.772,-4.378,0,-8.793,-1.145,0.496,-1.194,0.8838
92.80,94.07,94.08,0,-1.68493,0,|r_qp|,cross-domain,0.0000,0.0000,4.118,0,-1.68493,0,-6.243,-2.772,-4.378,0,-8.793,-0.8179,-0.1306,-1.266,-0.947
93.20,94.47,94.48,0,-1.50260,0,|r_qp|,cross-domain,0.0000,0.0000,3.568,0,-1.50260,0,-6.243,-2.772,-4.378,0,-8.793,0.2762,-0.4254,2.139,48.21
93.60,94.87,94.88,0,-1.25197,0,|r_qp|,cross-domain,0.0000,0.0000,3.850,0,-1.25197,0,-6.243,-2.772,-4.378,0,-8.793,1.17,0.03995,-0.01237,0.3903
94.00,95.27,95.28,0,-1.15581,0,|r_qp|,cross-domain,0.0000,0.0000,3.275,0,-1.15581,0,-6.243,-2.772,-4.378,0,-8.793,2.964,-0.4421,-0.1063,-0.8643
94.40,95.67,95.68,0,-1.42198,0,|r_qp|,cross-domain,0.0000,0.0000,4.100,0,-1.42198,0,-6.243,-2.772,-4.378,0,-8.793,3.899,-0.1586,1.745,44.17
94.80,96.07,96.08,0,-1.43527,0,|r_qp|,cross-domain,0.0000,0.0000,4.131,0,-1.43527,0,-6.243,-2.772,-4.378,0,-8.793,3.315,0.3356,-0.8545,-0.302
95.20,96.47,96.48,0,-1.65146,0,|r_qp|,cross-domain,0.0000,0.0000,3.736,0,-1.65146,0,-6.243,-2.772,-4.378,0,-8.793,1.349,0.07265,-1.373,-0.6386
95.60,96.87,96.88,0,-1.84329,0,|r_qp|,cross-domain,0.0000,0.0000,3.955,0,-1.84329,0,-6.243,-2.772,-4.378,0,-8.793,-0.4191,0.1211,1.246,48.23
96.00,97.27,97.28,0,-1.49542,0,|r_qp|,cross-domain,0.0000,0.0000,3.594,0,-1.49542,0,-6.243,-2.772,-4.378,0,-8.793,-0.6135,0.4909,-0.4967,0.05058
96.40,97.67,97.68,0,-1.52445,0,|r_qp|,cross-domain,0.0000,0.0000,3.673,0,-1.52445,0,-6.243,-2.772,-4.378,0,-8.793,0.3238,0.08483,-0.8265,-0.5252
96.80,98.07,98.08,0,-1.58356,0,|r_qp|,cross-domain,0.0000,0.0000,3.784,0,-1.58356,0,-6.243,-2.772,-4.378,0,-8.793,1.493,-0.0115,1.919,50
97.20,98.47,98.48,0,-1.62151,0,|r_qp|,cross-domain,0.0000,0.0000,5.220,0,-1.62151,0,-6.243,-2.772,-4.378,0,-8.793,1.721,0.645,-1.139,0.4885
97.60,98.87,98.88,0,-1.56543,0,|r_qp|,cross-domain,0.0000,0.0000,4.451,0,-1.56543,0,-6.243,-2.772,-4.378,0,-8.793,1.231,-0.1635,-1.14,-0.7925
98.00,99.27,99.28,0,-1.47831,0,|r_qp|,cross-domain,0.0000,0.0000,3.671,0,-1.47831,0,-6.243,-2.772,-4.378,0,-8.793,1.042,-0.3328,2.228,49.67
98.40,99.67,99.68,0,-1.51483,0,|r_qp|,cross-domain,0.0000,0.0000,3.595,0,-1.51483,0,-6.243,-2.772,-4.378,0,-8.793,0.7439,0.1158,-0.8423,-0.5217
98.80,100.07,100.08,0,-1.53983,0,|r_qp|,cross-domain,0.0000,0.0000,4.001,0,-1.53983,0,-6.243,-2.772,-4.378,0,-8.793,0.5563,-0.2578,-0.9935,-0.827
99.20,100.47,100.48,0,-1.97599,0,|r_qp|,cross-domain,0.0000,0.0000,3.640,0,-1.97599,0,-6.243,-2.772,-4.378,0,-8.793,-0.05495,0.06915,0.871,49.97
99.60,100.87,100.88,0,-1.71254,0,|r_qp|,cross-domain,0.0000,0.0000,3.870,0,-1.71254,0,-6.243,-2.772,-4.378,0,-8.793,-0.4635,0.5001,-1.205,0.1418
100.00,101.27,101.28,0,-1.60956,0,|r_qp|,cross-domain,0.0000,0.0000,3.591,0,-1.60956,0,-6.243,-2.772,-4.378,0,-8.793,-0.4281,0.1869,-1.001,-0.815
100.40,101.67,101.68,0,-1.77957,0,|r_qp|,cross-domain,0.0000,0.0000,5.281,0,-1.77957,0,-6.243,-2.772,-4.378,0,-8.793,-0.09706,0.215,1.384,47.49
100.80,102.07,102.08,0,-1.52431,0,|r_qp|,cross-domain,0.0000,0.0000,4.586,0,-1.52431,0,-6.243,-2.772,-4.378,0,-8.793,0.3445,0.7152,-0.6686,-0.007221
101.20,102.47,102.48,0,-1.50232,0,|r_qp|,cross-domain,0.0000,0.0000,3.999,0,-1.50232,0,-6.243,-2.772,-4.378,0,-8.793,1.263,0.1256,-0.8515,-0.287
101.60,102.87,102.88,0,-1.60876,0,|r_qp|,cross-domain,0.0000,0.0000,3.540,0,-1.60876,0,-6.243,-2.772,-4.378,0,-8.793,2.313,0.1588,1.68,48.55
102.00,103.27,103.28,0,-1.62278,0,|r_qp|,cross-domain,0.0000,0.0000,3.996,0,-1.62278,0,-6.243,-2.772,-4.378,0,-8.793,2.331,0.5487,-1.295,-0.418
102.40,103.67,103.68,0,-1.59502,0,|r_qp|,cross-domain,0.0000,0.0000,3.571,0,-1.59502,0,-6.243,-2.772,-4.378,0,-8.793,1.041,-0.09713,-1.2,-0.8355
102.80,104.07,104.08,0,-1.78033,0,|r_qp|,cross-domain,0.0000,0.0000,3.800,0,-1.78033,0,-6.243,-2.772,-4.378,0,-8.793,-0.2981,-0.1924,1.478,50
103.20,104.47,104.48,0,-1.74326,0,|r_qp|,cross-domain,0.0000,0.0000,2.821,0,-1.74326,0,-6.243,-2.772,-4.378,0,-8.793,-0.6755,0.3185,-1.315,0.1114
103.60,104.87,104.88,0,-1.69990,0,|r_qp|,cross-domain,0.0000,0.0000,4.943,0,-1.69990,0,-6.243,-2.772,-4.378,0,-8.793,-0.8001,-0.2431,-1.336,-0.8873
104.00,105.27,105.28,0,-1.90299,0,|r_qp|,cross-domain,0.0000,0.0000,4.409,0,-1.90299,0,-6.243,-2.772,-4.378,0,-8.793,-0.8343,-0.2384,1.143,50
104.40,105.67,105.68,0,-1.74438,0,|r_qp|,cross-domain,0.0000,0.0000,3.807,0,-1.74438,0,-6.243,-2.772,-4.378,0,-8.793,-1.341,0.139,-1.311,-0.5458
104.80,106.07,106.08,0,-1.69310,0,|r_qp|,cross-domain,0.0000,0.0000,4.026,0,-1.69310,0,-6.243,-2.772,-4.378,0,-8.793,-1.31,-0.2468,-1.231,-0.5663
105.20,106.47,106.48,0,-1.91235,0,|r_qp|,cross-domain,0.0000,0.0000,3.542,0,-1.91235,0,-6.243,-2.772,-4.378,0,-8.793,-1.052,-0.3016,1.128,50
105.60,106.87,106.88,0,-1.62571,0,|r_qp|,cross-domain,0.0000,0.0000,3.480,0,-1.62571,0,-6.243,-2.772,-4.378,0,-8.793,-0.8977,0.1242,-0.9855,-0.473
106.00,107.27,107.28,0,-1.63850,0,|r_qp|,cross-domain,0.0000,0.0000,3.804,0,-1.63850,0,-6.243,-2.772,-4.378,0,-8.793,-0.2571,-0.2195,-1.193,-0.7319
106.40,107.67,107.68,0,-1.67322,0,|r_qp|,cross-domain,0.0000,0.0000,5.300,0,-1.67322,0,-6.243,-2.772,-4.378,0,-8.793,-0.1665,-0.02692,1.527,44.93
106.80,108.07,108.08,0,-1.46191,0,|r_qp|,cross-domain,0.0000,0.0000,4.651,0,-1.46191,0,-6.243,-2.772,-4.378,0,-8.793,0.08609,0.3882,-0.5055,-0.06077
107.20,108.47,108.48,0,-1.47493,0,|r_qp|,cross-domain,0.0000,0.0000,3.473,0,-1.47493,0,-6.243,-2.772,-4.378,0,-8.793,0.7233,-0.2915,-0.8143,-0.8424
107.60,108.87,108.88,0,-1.43731,0,|r_qp|,cross-domain,0.0000,0.0000,3.623,0,-1.43731,0,-6.243,-2.772,-4.378,0,-8.793,1.81,-0.1838,1.892,43.14
108.00,109.27,109.28,0,-1.30831,0,|r_qp|,cross-domain,0.0000,0.0000,3.958,0,-1.30831,0,-6.243,-2.772,-4.378,0,-8.793,2.486,0.5667,-0.282,-0.08753
108.40,109.67,109.68,0,-1.06296,0,|r_qp|,cross-domain,0.0000,0.0000,3.496,0,-1.06296,0,-6.243,-2.772,-4.378,0,-8.793,2.74,0.6071,0.4582,-0.4616
108.80,110.07,110.08,0,-1.64311,0,|r_qp|,cross-domain,0.0000,0.0000,3.927,0,-1.64311,0,-6.243,-2.772,-4.378,0,-8.793,2.918,1.7,1.807,48.55
109.20,110.47,110.48,0,-1.69444,0,|r_qp|,cross-domain,0.0000,0.0000,3.473,0,-1.69444,0,-6.243,-2.772,-4.378,0,-8.793,2.49,2.541,-1.128,-0.2306
109.60,110.87,110.88,0,-1.66458,0,|r_qp|,cross-domain,0.0000,0.0000,5.146,0,-1.66458,0,-6.243,-2.772,-4.378,0,-8.793,0.9868,1.685,-1.03,-0.4544
110.00,111.27,111.28,0,-1.90277,0,|r_qp|,cross-domain,0.0000,0.0000,4.426,0,-1.90277,0,-6.243,-2.772,-4.378,0,-8.793,-0.3924,0.7409,1.287,50
110.40,111.67,111.68,0,-1.47682,0,|r_qp|,cross-domain,0.0000,0.0000,3.717,0,-1.47682,0,-6.243,-2.772,-4.378,0,-8.793,-0.4553,0.4276,-0.4926,-0.319
110.80,112.07,112.08,0,-1.45105,0,|r_qp|,cross-domain,0.0000,0.0000,3.771,0,-1.45105,0,-6.243,-2.772,-4.378,0,-8.793,0.8871,-0.1017,-0.7188,-0.8258
111.20,112.47,112.48,0,-1.73332,0,|r_qp|,cross-domain,0.0000,0.0000,3.945,0,-1.73332,0,-6.243,-2.772,-4.378,0,-8.793,1.931,-0.2286,1.339,50
111.60,112.87,112.88,0,-1.06662,0,|r_qp|,cross-domain,0.0000,0.0000,3.676,0,-1.06662,0,-6.243,-2.772,-4.378,0,-8.793,2.348,0.5323,0.5289,0.3212
112.00,113.27,113.28,0,-1.23361,0,|r_qp|,cross-domain,0.0000,0.0000,3.866,0,-1.23361,0,-6.243,-2.772,-4.378,0,-8.793,2.848,0.0311,-0.2456,-0.8753
112.40,113.67,113.68,0,-1.63848,0,|r_qp|,cross-domain,0.0000,0.0000,3.497,0,-1.63848,0,-6.243,-2.772,-4.378,0,-8.793,3.164,0.1205,1.447,48.18
112.80,114.07,114.08,0,-1.38482,0,|r_qp|,cross-domain,0.0000,0.0000,5.246,0,-1.38482,0,-6.243,-2.772,-4.378,0,-8.793,3.036,0.3674,-0.6675,-0.5747
113.20,114.47,114.48,0,-1.51862,0,|r_qp|,cross-domain,0.0000,0.0000,4.207,0,-1.51862,0,-6.243,-2.772,-4.378,0,-8.793,1.497,-0.1088,-1.015,-0.8339
113.60,114.87,114.88,0,-2.02663,0,|r_qp|,cross-domain,0.0000,0.0000,3.986,0,-2.02663,0,-6.243,-2.772,-4.378,0,-8.793,0.1375,0.1434,0.701,50
114.00,115.27,115.28,0,-1.61973,0,|r_qp|,cross-domain,0.0000,0.0000,3.997,0,-1.61973,0,-6.243,-2.772,-4.378,0,-8.793,-0.3466,0.8277,-0.8765,-0.2057
114.40,115.67,115.68,0,-1.45350,0,|r_qp|,cross-domain,0.0000,0.0000,3.772,0,-1.45350,0,-6.243,-2.772,-4.378,0,-8.793,0.18,0.8408,-0.4486,-0.8789
114.80,116.07,116.08,0,-2.02425,0,|r_qp|,cross-domain,0.0000,0.0000,3.631,0,-2.02425,0,-6.243,-2.772,-4.378,0,-8.793,0.3819,1.77,1.009,50
115.20,116.47,116.48,0,-1.70373,0,|r_qp|,cross-domain,0.0000,0.0000,3.812,0,-1.70373,0,-6.243,-2.772,-4.378,0,-8.793,0.6263,2.505,-0.8734,0.6824
115.60,116.87,116.88,0,-1.53844,0,|r_qp|,cross-domain,0.0000,0.0000,3.492,0,-1.53844,0,-6.243,-2.772,-4.378,0,-8.793,0.6697,1.584,-0.6243,-0.7536
116.00,117.27,117.28,0,-1.50211,0,|r_qp|,cross-domain,0.0000,0.0000,4.661,0,-1.50211,0,-6.243,-2.772,-4.378,0,-8.793,1.526,0.6839,2.034,45.38
116.40,117.67,117.68,0,-1.58748,0,|r_qp|,cross-domain,0.0000,0.0000,4.001,0,-1.58748,0,-6.243,-2.772,-4.378,0,-8.793,1.979,0.5183,-1.135,-0.2851
116.80,118.07,118.08,0,-1.30051,0,|r_qp|,cross-domain,0.0000,0.0000,3.924,0,-1.30051,0,-6.243,-2.772,-4.378,0,-8.793,1.725,0.4344,-0.2018,-0.3198
117.20,118.47,118.48,0,-1.92150,0,|r_qp|,cross-domain,0.0000,0.0000,4.053,0,-1.92150,0,-6.243,-2.772,-4.378,0,-8.793,0.5933,1.268,1.209,50
117.60,118.87,118.88,0,-1.66209,0,|r_qp|,cross-domain,0.0000,0.0000,3.690,0,-1.66209,0,-6.243,-2.772,-4.378,0,-8.793,-0.02227,2.222,-0.7506,0.1072
118.00,119.27,119.28,0,-1.65741,0,|r_qp|,cross-domain,0.0000,0.0000,3.802,0,-1.65741,0,-6.243,-2.772,-4.378,0,-8.793,-0.1667,1.342,-0.9346,-0.5157
118.40,119.67,119.68,0,-1.64459,0,|r_qp|,cross-domain,0.0000,0.0000,4.256,0,-1.64459,0,-6.243,-2.772,-4.378,0,-8.793,0.6844,0.8016,1.991,50
118.80,120.07,120.08,0,-1.15410,0,|r_qp|,cross-domain,0.0000,0.0000,5.285,0,-1.15410,0,-6.243,-2.772,-4.378,0,-8.793,1.61,0.8054,0.3677,-0.1614
119.20,120.47,122.44,0,0.07613,1,|r_qp|,cross-domain,0.0121,0.0000,1961.485,1960,0.17311,1,-6.243,-2.772,-4.378,0,-8.793,3.819,0.2569,4.227,-0.2811
119.60,120.87,122.44,0,0.94990,1,e_rec,cross-domain,0.1091,0.0000,1561.485,1560,1.82276,1,-6.243,-2.772,-4.378,0,-8.793,8.704,0.1794,11.43,41.12
120.00,121.27,122.44,0,-2.18280,0,|r_qp|,cross-domain,0.1455,0.0000,1161.485,1160,-1.01899,0,-6.243,-2.772,-4.378,0,-8.793,10.39,0.8861,-0.269,0.2484
120.40,121.67,122.44,0,-2.34309,0,|r_qp|,cross-domain,0.1455,0.0000,761.485,760,-1.17928,0,-6.243,-2.772,-4.378,0,-8.793,8.627,0.4466,-0.4863,2.907
120.80,122.07,122.44,0,-0.86711,0,|r_qp|,cross-domain,0.0558,0.0000,361.485,360,-0.42099,0,-6.243,-2.772,-4.378,0,-8.793,5.118,0.6421,5.146,47.13
121.20,122.47,122.48,0,-0.98769,0,|r_qp|,cross-domain,0.0000,0.0000,3.694,0,-0.98769,0,-6.243,-2.772,-4.378,0,-8.793,2.854,0.911,0.8007,0.4127
121.60,122.87,122.88,0,-1.03748,0,|r_qp|,cross-domain,0.0000,0.0000,3.541,0,-1.03748,0,-6.243,-2.772,-4.378,0,-8.793,4.949,0.4623,0.3176,0.9531
122.00,123.27,123.28,0,-1.16847,0,|r_qp|,cross-domain,0.0000,0.0000,7.444,0,-1.16847,0,-6.243,-2.772,-4.378,0,-8.793,5.256,0.3275,2.843,50
122.40,123.67,123.68,0,-0.92776,0,|r_qp|,cross-domain,0.0000,0.0000,4.239,0,-0.92776,0,-6.243,-2.772,-4.378,0,-8.793,4.786,0.8581,0.6916,-0.3356
122.80,124.07,124.08,0,-0.99808,0,|r_qp|,cross-domain,0.0000,0.0000,3.913,0,-0.99808,0,-6.243,-2.772,-4.378,0,-8.793,4.535,0.2702,0.3783,-0.3331
123.20,124.47,124.48,0,-1.48472,0,|r_qp|,cross-domain,0.0000,0.0000,3.975,0,-1.48472,0,-6.243,-2.772,-4.378,0,-8.793,3.882,0.2715,1.941,49.19
123.60,124.87,124.88,-1,13.78385,1,e_rec,cross-domain,0.0000,0.0000,3.698,0,13.78385,1,-6.243,-2.772,-4.378,0,-8.793,3.999,10.3,50,1.149
124.00,125.27,125.28,1,12.45770,1,e_rec,cross-domain,0.0000,0.0000,3.634,0,12.45770,1,-6.243,-2.772,-4.378,0,-8.793,2.642,30.14,50,1.909
124.40,125.67,125.68,1,1.79909,1,e_rec,cross-domain,0.0000,0.0000,3.728,0,1.79909,1,-6.243,-2.772,-4.378,0,-8.793,2.27,49.82,22.81,50
124.80,126.07,126.08,1,11.19268,1,e_rec,cross-domain,0.0000,0.0000,2.477,0,11.19268,1,-6.243,-2.772,-4.378,0,-8.793,3.529,50,50,4.012
125.20,126.47,126.48,1,11.34317,1,e_rec,cross-domain,0.0000,0.0000,5.177,0,11.34317,1,-6.243,-2.772,-4.378,0,-8.793,6.445,50,50,2.164
125.60,126.87,126.88,1,1.95381,1,e_rec,cross-domain,0.0000,0.0000,4.029,0,1.95381,1,-6.243,-2.772,-4.378,0,-8.793,8.447,50,22.5,48.91
126.00,127.27,127.28,1,11.39225,1,e_rec,cross-domain,0.0000,0.0000,3.723,0,11.39225,1,-6.243,-2.772,-4.378,0,-8.793,8.716,50,50,4.283
126.40,127.67,127.68,1,11.40895,1,e_rec,cross-domain,0.0000,0.0000,4.565,0,11.40895,1,-6.243,-2.772,-4.378,0,-8.793,8.079,50,50,2.097
126.80,128.07,128.08,1,1.45546,1,e_rec,cross-domain,0.0000,0.0000,3.807,0,1.45546,1,-6.243,-2.772,-4.378,0,-8.793,7.668,50,20.89,47.26
127.20,128.47,128.48,1,10.27326,1,e_rec,cross-domain,0.0000,0.0000,3.738,0,10.27326,1,-6.243,-2.772,-4.378,0,-8.793,7.574,50,46.45,2.638
127.60,128.87,128.88,1,11.37413,1,e_rec,cross-domain,0.0000,0.0000,3.688,0,11.37413,1,-6.243,-2.772,-4.378,0,-8.793,6.437,50,50,0.5292
128.00,129.27,129.28,1,-0.04180,1,e_rec,cross-domain,0.0000,0.0000,5.325,0,-0.04180,1,-6.243,-2.772,-4.378,0,-8.793,5.663,50,16.26,45.94
128.40,129.67,129.68,1,11.28333,1,e_rec,cross-domain,0.0000,0.0000,4.487,0,11.28333,1,-6.243,-2.772,-4.378,0,-8.793,6.307,50,50,5.005
128.80,130.07,130.08,1,11.40854,1,e_rec,cross-domain,0.0000,0.0000,4.132,0,11.40854,1,-6.243,-2.772,-4.378,0,-8.793,8.413,50,50,2.806
129.20,130.47,130.48,1,1.93066,1,e_rec,cross-domain,0.0000,0.0000,3.665,0,1.93066,1,-6.243,-2.772,-4.378,0,-8.793,9.837,50,22.25,49.07
129.60,130.87,130.88,1,11.42406,1,e_rec,cross-domain,0.0000,0.0000,3.936,0,11.42406,1,-6.243,-2.772,-4.378,0,-8.793,9.148,50,50,3.511
130.00,131.27,131.28,1,11.38612,1,e_rec,cross-domain,0.0000,0.0000,3.758,0,11.38612,1,-6.243,-2.772,-4.378,0,-8.793,7.306,50,50,1.694
130.40,131.67,131.68,1,1.48709,1,e_rec,cross-domain,0.0000,0.0000,3.940,0,1.48709,1,-6.243,-2.772,-4.378,0,-8.793,5.464,50,21.44,50
130.80,132.07,132.08,1,11.25545,1,e_rec,cross-domain,0.0000,0.0000,3.816,0,11.25545,1,-6.243,-2.772,-4.378,0,-8.793,5.032,50,50,3.832
131.20,132.47,132.48,1,11.27424,1,e_rec,cross-domain,0.0000,0.0000,5.099,0,11.27424,1,-6.243,-2.772,-4.378,0,-8.793,4.599,50,50,1.957
131.60,132.87,132.88,1,0.39239,1,e_rec,cross-domain,0.0000,0.0000,4.440,0,0.39239,1,-6.243,-2.772,-4.378,0,-8.793,4.343,50,17.83,46.13
132.00,133.27,133.28,1,11.23509,1,e_rec,cross-domain,0.0000,0.0000,4.041,0,11.23509,1,-6.243,-2.772,-4.378,0,-8.793,4.607,50,50,4.02
132.40,133.67,133.68,1,11.29062,1,e_rec,cross-domain,0.0000,0.0000,4.117,0,11.29062,1,-6.243,-2.772,-4.378,0,-8.793,5.171,50,50,2.281
132.80,134.07,134.08,1,0.68382,1,e_rec,cross-domain,0.0000,0.0000,3.878,0,0.68382,1,-6.243,-2.772,-4.378,0,-8.793,5.989,50,18.71,48.61
133.20,134.47,134.48,1,11.30123,1,e_rec,cross-domain,0.0000,0.0000,3.825,0,11.30123,1,-6.243,-2.772,-4.378,0,-8.793,6.861,50,50,5.212
133.60,134.87,134.88,1,11.38990,1,e_rec,cross-domain,0.0000,0.0000,3.883,0,11.38990,1,-6.243,-2.772,-4.378,0,-8.793,7.903,50,50,2.73
134.00,135.27,135.28,1,2.38924,1,e_rec,cross-domain,0.0000,0.0000,3.690,0,2.38924,1,-6.243,-2.772,-4.378,0,-8.793,8.753,50,23.83,48.48
134.40,135.67,135.68,1,-3.64675,0,|r_qp|,cross-domain,0.0000,0.0000,5.458,0,-3.64675,0,-6.243,-2.772,-4.378,0,-8.793,8.403,50,1.512,-0.2915
134.80,136.07,136.08,1,-2.66616,0,|r_qp|,cross-domain,0.0000,0.0000,4.417,0,-2.66616,0,-6.243,-2.772,-4.378,0,-8.793,7.016,30.5,0.8309,-0.8675
135.20,136.47,136.48,-1,-2.14975,0,|r_qp|,cross-domain,0.0000,0.0000,3.937,0,-2.14975,0,-6.243,-2.772,-4.378,0,-8.793,5.884,10.54,1.694,50
135.60,136.87,136.88,-1,-1.48018,0,|r_qp|,cross-domain,0.0000,0.0000,4.054,0,-1.48018,0,-6.243,-2.772,-4.378,0,-8.793,4.048,0.9202,-0.8952,0.9556
136.00,137.27,137.28,-1,-1.54387,0,|r_qp|,cross-domain,0.0000,0.0000,3.910,0,-1.54387,0,-6.243,-2.772,-4.378,0,-8.793,2.649,0.3495,-1.153,-0.9099
136.40,137.67,137.68,-1,-2.10346,0,|r_qp|,cross-domain,0.0000,0.0000,3.645,0,-2.10346,0,-6.243,-2.772,-4.378,0,-8.793,0.7717,0.5581,0.2996,47.41
136.80,138.07,138.08,-1,-1.49717,0,|r_qp|,cross-domain,0.0000,0.0000,4.307,0,-1.49717,0,-6.243,-2.772,-4.378,0,-8.793,0.3883,0.8217,-0.4828,1.338
137.20,138.47,138.48,-1,-1.58250,0,|r_qp|,cross-domain,0.0000,0.0000,3.112,0,-1.58250,0,-6.243,-2.772,-4.378,0,-8.793,0.6458,0.4754,-0.9916,-0.8115
137.60,138.87,138.88,-1,-1.51733,0,|r_qp|,cross-domain,0.0000,0.0000,4.412,0,-1.51733,0,-6.243,-2.772,-4.378,0,-8.793,1.631,0.6871,2.187,48.86
138.00,139.27,139.28,-1,-1.48568,0,|r_qp|,cross-domain,0.0000,0.0000,4.164,0,-1.48568,0,-6.243,-2.772,-4.378,0,-8.793,2.056,1.551,-0.5816,0.1514
138.40,139.67,139.68,-1,-0.60976,0,|r_qp|,cross-domain,0.0000,0.0000,3.918,0,-0.60976,0,-6.243,-2.772,-4.378,0,-8.793,1.557,3.067,2.576,-0.243
138.80,140.07,140.08,-1,-2.05614,0,|r_qp|,cross-domain,0.0000,0.0000,4.117,0,-2.05614,0,-6.243,-2.772,-4.378,0,-8.793,0.645,5.489,1.435,46.82
139.20,140.47,140.48,-1,-1.71995,0,|r_qp|,cross-domain,0.0000,0.0000,3.532,0,-1.71995,0,-6.243,-2.772,-4.378,0,-8.793,0.3651,6.874,-0.02211,0.3794
139.60,140.87,140.88,-1,-1.39038,0,|r_qp|,cross-domain,0.0000,0.0000,3.943,0,-1.39038,0,-6.243,-2.772,-4.378,0,-8.793,1.113,6.678,0.8417,-0.5818
140.00,141.27,141.28,-1,-2.17214,0,|r_qp|,cross-domain,0.0000,0.0000,3.774,0,-2.17214,0,-6.243,-2.772,-4.378,0,-8.793,1.762,7.071,1.161,45.49
140.40,141.67,141.68,-1,-1.81664,0,|r_qp|,cross-domain,0.0000,0.0000,5.298,0,-1.81664,0,-6.243,-2.772,-4.378,0,-8.793,1.777,6.965,-0.4716,0.7197
140.80,142.07,142.08,-1,-1.71753,0,|r_qp|,cross-domain,0.0000,0.0000,4.617,0,-1.71753,0,-6.243,-2.772,-4.378,0,-8.793,1.503,5.269,-0.5463,-0.6228
141.20,142.47,142.48,-1,-2.23436,0,|r_qp|,cross-domain,0.0000,0.0000,3.517,0,-2.23436,0,-6.243,-2.772,-4.378,0,-8.793,1.043,3.147,0.4968,49.44
141.60,142.87,142.88,-1,-1.70158,0,|r_qp|,cross-domain,0.0000,0.0000,4.165,0,-1.70158,0,-6.243,-2.772,-4.378,0,-8.793,0.7949,1.852,-1.02,0.6989
142.00,143.27,143.28,-1,-1.73632,0,|r_qp|,cross-domain,0.0000,0.0000,3.976,0,-1.73632,0,-6.243,-2.772,-4.378,0,-8.793,-0.01707,1.223,-1.252,-0.8616
142.40,143.67,143.68,-1,-1.80507,0,|r_qp|,cross-domain,0.0000,0.0000,3.588,0,-1.80507,0,-6.243,-2.772,-4.378,0,-8.793,-0.4347,0.6286,1.583,50
142.80,144.07,144.08,-1,-1.28974,0,|r_qp|,cross-domain,0.0000,0.0000,3.938,0,-1.28974,0,-6.243,-2.772,-4.378,0,-8.793,-0.05375,0.8069,0.1945,0.6674
143.20,144.47,144.48,-1,-1.44775,0,|r_qp|,cross-domain,0.0000,0.0000,3.533,0,-1.44775,0,-6.243,-2.772,-4.378,0,-8.793,1.208,0.6559,-0.595,-0.8308
143.60,144.87,144.88,-1,-1.77719,0,|r_qp|,cross-domain,0.0000,0.0000,5.139,0,-1.77719,0,-6.243,-2.772,-4.378,0,-8.793,2.403,1.365,1.453,49.84
144.00,145.27,145.28,-1,-1.19002,0,|r_qp|,cross-domain,0.0000,0.0000,4.638,0,-1.19002,0,-6.243,-2.772,-4.378,0,-8.793,2.545,2.534,0.5194,0.3877
144.40,145.67,145.68,-1,-1.42160,0,|r_qp|,cross-domain,0.0000,0.0000,4.034,0,-1.42160,0,-6.243,-2.772,-4.378,0,-8.793,2.472,3.488,-0.09364,-0.8099
144.80,146.07,146.08,-1,-1.85715,0,|r_qp|,cross-domain,0.0000,0.0000,4.153,0,-1.85715,0,-6.243,-2.772,-4.378,0,-8.793,2.45,4.974,1.813,48.02
145.20,146.47,146.48,-1,-1.91240,0,|r_qp|,cross-domain,0.0000,0.0000,3.490,0,-1.91240,0,-6.243,-2.772,-4.378,0,-8.793,2.071,5.699,-1.124,-0.1033
145.60,146.87,146.88,-1,-1.83049,0,|r_qp|,cross-domain,0.0000,0.0000,3.571,0,-1.83049,0,-6.243,-2.772,-4.378,0,-8.793,0.8847,5.423,-0.8181,-0.9289
146.00,147.27,147.28,-1,-2.04922,0,|r_qp|,cross-domain,0.0000,0.0000,3.836,0,-2.04922,0,-6.243,-2.772,-4.378,0,-8.793,-0.2464,5.246,1.641,48.79
146.40,147.67,147.68,-1,-1.92742,0,|r_qp|,cross-domain,0.0000,0.0000,2.679,0,-1.92742,0,-6.243,-2.772,-4.378,0,-8.793,-0.3978,5.473,-0.858,0.6739
146.80,148.07,148.08,-1,-1.73536,0,|r_qp|,cross-domain,0.0000,0.0000,5.078,0,-1.73536,0,-6.243,-2.772,-4.378,0,-8.793,0.2958,3.626,-0.8015,-0.8923
147.20,148.47,148.48,-1,-1.80070,0,|r_qp|,cross-domain,0.0000,0.0000,4.104,0,-1.80070,0,-6.243,-2.772,-4.378,0,-8.793,1.235,1.733,1.558,49.15
147.60,148.87,148.88,-1,-1.35614,0,|r_qp|,cross-domain,0.0000,0.0000,3.746,0,-1.35614,0,-6.243,-2.772,-4.378,0,-8.793,1.634,0.5373,-0.3029,0.4107
148.00,149.27,149.28,-1,-1.50743,0,|r_qp|,cross-domain,0.0000,0.0000,4.079,0,-1.50743,0,-6.243,-2.772,-4.378,0,-8.793,1.754,0.2057,-0.9482,-0.8461
148.40,149.67,149.68,-1,-1.98774,0,|r_qp|,cross-domain,0.0000,0.0000,3.787,0,-1.98774,0,-6.243,-2.772,-4.378,0,-8.793,1.491,0.4716,0.7211,50
148.80,150.07,150.08,-1,-1.57743,0,|r_qp|,cross-domain,0.0000,0.0000,3.868,0,-1.57743,0,-6.243,-2.772,-4.378,0,-8.793,0.8288,0.9351,-0.8455,0.157
149.20,150.47,150.48,-1,-1.19298,0,|r_qp|,cross-domain,0.0000,0.0000,3.644,0,-1.19298,0,-6.243,-2.772,-4.378,0,-8.793,-0.275,0.8135,0.4676,-0.4176
149.60,150.87,150.88,-1,-1.92532,0,|r_qp|,cross-domain,0.0000,0.0000,5.250,0,-1.92532,0,-6.243,-2.772,-4.378,0,-8.793,-0.9026,1.367,1.407,50
150.00,151.27,151.28,-1,-1.69274,0,|r_qp|,cross-domain,0.0000,0.0000,4.759,0,-1.69274,0,-6.243,-2.772,-4.378,0,-8.793,-0.9501,2.207,-0.7314,0.1575
150.40,151.67,151.68,-1,-1.79320,0,|r_qp|,cross-domain,0.0000,0.0000,3.905,0,-1.79320,0,-6.243,-2.772,-4.378,0,-8.793,-0.4993,1.595,-1.293,-0.7874
150.80,152.07,152.08,-1,-1.66712,0,|r_qp|,cross-domain,0.0000,0.0000,4.322,0,-1.66712,0,-6.243,-2.772,-4.378,0,-8.793,0.5527,1.427,2.052,49.83
151.20,152.47,152.48,-1,-1.27817,0,|r_qp|,cross-domain,0.0000,0.0000,3.902,0,-1.27817,0,-6.243,-2.772,-4.378,0,-8.793,1.27,1.613,0.1974,0.1678
151.60,152.87,152.88,-1,-1.42530,0,|r_qp|,cross-domain,0.0000,0.0000,3.887,0,-1.42530,0,-6.243,-2.772,-4.378,0,-8.793,2.588,1.033,-0.6162,-0.7537
152.00,153.27,153.28,-1,-1.80959,0,|r_qp|,cross-domain,0.0000,0.0000,3.940,0,-1.80959,0,-6.243,-2.772,-4.378,0,-8.793,2.955,0.8064,1.035,47.72
152.40,153.67,153.68,-1,-1.37534,0,|r_qp|,cross-domain,0.0000,0.0000,3.528,0,-1.37534,0,-6.243,-2.772,-4.378,0,-8.793,2.291,1.124,-0.3703,-0.2708
152.80,154.07,154.08,-1,-1.08283,0,|r_qp|,cross-domain,0.0000,0.0000,5.184,0,-1.08283,0,-6.243,-2.772,-4.378,0,-8.793,0.473,1.752,0.9182,-0.4004
153.20,154.47,154.48,-1,-2.11592,0,|r_qp|,cross-domain,0.0000,0.0000,4.668,0,-2.11592,0,-6.243,-2.772,-4.378,0,-8.793,-0.838,3.557,1.233,50
153.60,154.87,154.88,-1,-1.77911,0,|r_qp|,cross-domain,0.0000,0.0000,3.900,0,-1.77911,0,-6.243,-2.772,-4.378,0,-8.793,-0.985,4.794,-0.4683,0.3097
154.00,155.27,155.28,-1,-1.76532,0,|r_qp|,cross-domain,0.0000,0.0000,4.268,0,-1.76532,0,-6.243,-2.772,-4.378,0,-8.793,0.1777,3.175,-0.9687,-0.7977
154.40,155.67,155.68,-1,-1.70399,0,|r_qp|,cross-domain,0.0000,0.0000,3.497,0,-1.70399,0,-6.243,-2.772,-4.378,0,-8.793,1.509,1.605,1.737,48
154.80,156.07,156.08,-1,-1.36971,0,|r_qp|,cross-domain,0.0000,0.0000,3.820,0,-1.36971,0,-6.243,-2.772,-4.378,0,-8.793,2.281,0.9596,-0.352,0.2559
155.20,156.47,156.48,-1,-1.37057,0,|r_qp|,cross-domain,0.0000,0.0000,3.934,0,-1.37057,0,-6.243,-2.772,-4.378,0,-8.793,2.858,0.5802,-0.5691,-0.7878
155.60,156.87,156.88,-1,-1.82305,0,|r_qp|,cross-domain,0.0000,0.0000,3.491,0,-1.82305,0,-6.243,-2.772,-4.378,0,-8.793,2.85,0.7334,0.9986,47.85
156.00,157.27,157.28,-1,-1.60657,0,|r_qp|,cross-domain,0.0000,0.0000,5.230,0,-1.60657,0,-6.243,-2.772,-4.378,0,-8.793,2.162,1.29,-1.042,0.05228
156.40,157.67,157.68,-1,-1.69859,0,|r_qp|,cross-domain,0.0000,0.0000,3.673,0,-1.69859,0,-6.243,-2.772,-4.378,0,-8.793,0.7924,0.8524,-1.31,-0.8739
156.80,158.07,158.08,-1,-1.94028,0,|r_qp|,cross-domain,0.0000,0.0000,3.934,0,-1.94028,0,-6.243,-2.772,-4.378,0,-8.793,-0.231,0.7291,1.144,50
157.20,158.47,158.48,-1,-1.30060,0,|r_qp|,cross-domain,0.0000,0.0000,4.198,0,-1.30060,0,-6.243,-2.772,-4.378,0,-8.793,0.04037,0.8349,0.1213,0.145
157.60,158.87,158.88,-1,-1.40561,0,|r_qp|,cross-domain,0.0000,0.0000,3.623,0,-1.40561,0,-6.243,-2.772,-4.378,0,-8.793,1.48,0.3371,-0.5532,-0.7334
158.00,159.27,159.28,-1,-1.49486,0,|r_qp|,cross-domain,0.0000,0.0000,3.981,0,-1.49486,0,-6.243,-2.772,-4.378,0,-8.793,3.041,0.3489,1.749,44.59
158.40,159.67,159.68,-1,-1.38235,0,|r_qp|,cross-domain,0.0000,0.0000,3.473,0,-1.38235,0,-6.243,-2.772,-4.378,0,-8.793,3.353,0.8841,-0.5545,0.07874
158.80,160.07,160.08,-1,-1.39609,0,|r_qp|,cross-domain,0.0000,0.0000,3.235,0,-1.39609,0,-6.243,-2.772,-4.378,0,-8.793,2.784,0.2505,-0.7109,-0.8243
159.20,160.47,160.48,-1,-1.75244,0,|r_qp|,cross-domain,0.0000,0.0000,4.735,0,-1.75244,0,-6.243,-2.772,-4.378,0,-8.793,1.949,0.3849,1.4,50
159.60,160.87,160.88,-1,-1.65621,0,|r_qp|,cross-domain,0.0000,0.0000,3.852,0,-1.65621,0,-6.243,-2.772,-4.378,0,-8.793,1.162,0.4955,-1.245,-0.09285
160.00,161.27,161.28,-1,-1.66041,0,|r_qp|,cross-domain,0.0000,0.0000,4.358,0,-1.66041,0,-6.243,-2.772,-4.378,0,-8.793,-0.1568,0.08141,-1.217,-0.7612
160.40,161.67,161.68,-1,-1.79084,0,|r_qp|,cross-domain,0.0000,0.0000,3.773,0,-1.79084,0,-6.243,-2.772,-4.378,0,-8.793,-0.7256,0.1543,1.376,46.86
160.80,162.07,162.08,-1,-1.32922,0,|r_qp|,cross-domain,0.0000,0.0000,3.697,0,-1.32922,0,-6.243,-2.772,-4.378,0,-8.793,-0.3566,0.7633,0.05634,0.0004859
161.20,162.47,162.48,-1,-1.45666,0,|r_qp|,cross-domain,0.0000,0.0000,3.905,0,-1.45666,0,-6.243,-2.772,-4.378,0,-8.793,1.473,0.3225,-0.7138,-0.6486
161.60,162.87,162.88,-1,-1.70758,0,|r_qp|,cross-domain,0.0000,0.0000,3.562,0,-1.70758,0,-6.243,-2.772,-4.378,0,-8.793,2.888,0.525,1.212,46.05
162.00,163.27,163.28,-1,-1.25179,0,|r_qp|,cross-domain,0.0000,0.0000,5.399,0,-1.25179,0,-6.243,-2.772,-4.378,0,-8.793,3.108,0.8164,-0.1053,0.2914
162.40,163.67,163.68,-1,-1.41076,0,|r_qp|,cross-domain,0.0000,0.0000,4.709,0,-1.41076,0,-6.243,-2.772,-4.378,0,-8.793,2.957,0.3719,-0.7504,-0.7469
162.80,164.07,164.08,-1,-1.92202,0,|r_qp|,cross-domain,0.0000,0.0000,4.049,0,-1.92202,0,-6.243,-2.772,-4.378,0,-8.793,2.377,0.3739,0.7999,50
163.20,164.47,164.48,-1,-1.53147,0,|r_qp|,cross-domain,0.0000,0.0000,4.373,0,-1.53147,0,-6.243,-2.772,-4.378,0,-8.793,1.934,0.7533,-0.9002,-0.2528
163.60,164.87,164.88,-1,-1.71100,0,|r_qp|,cross-domain,0.0000,0.0000,3.670,0,-1.71100,0,-6.243,-2.772,-4.378,0,-8.793,0.3953,0.3083,-1.413,-0.9276
164.00,165.27,165.28,-1,-2.00415,0,|r_qp|,cross-domain,0.0000,0.0000,3.823,0,-2.00415,0,-6.243,-2.772,-4.378,0,-8.793,-0.7231,0.1096,0.8752,50
164.40,165.67,165.68,-1,-1.73202,0,|r_qp|,cross-domain,0.0000,0.0000,3.912,0,-1.73202,0,-6.243,-2.772,-4.378,0,-8.793,-1.135,1.196,-1.023,0.4322
164.80,166.07,166.08,-1,-1.70956,0,|r_qp|,cross-domain,0.0000,0.0000,3.727,0,-1.70956,0,-6.243,-2.772,-4.378,0,-8.793,-1.149,0.5327,-1.166,-0.9095
165.20,166.47,166.48,1,-1.86143,0,|r_qp|,cross-domain,0.0000,0.0000,5.024,0,-1.86143,0,-6.243,-2.772,-4.378,0,-8.793,-0.4431,0.3721,1.34,49.82
165.60,166.87,166.88,1,-1.55630,0,|r_qp|,cross-domain,0.0000,0.0000,3.726,0,-1.55630,0,-6.243,-2.772,-4.378,0,-8.793,-0.0008177,0.1207,-0.8334,0.2385
166.00,167.27,167.28,1,-1.44806,0,|r_qp|,cross-domain,0.0000,0.0000,3.889,0,-1.44806,0,-6.243,-2.772,-4.378,0,-8.793,1.166,-0.2864,-0.7836,-0.8501
166.40,167.67,167.68,1,-1.68435,0,|r_qp|,cross-domain,0.0000,0.0000,4.280,0,-1.68435,0,-6.243,-2.772,-4.378,0,-8.793,1.784,-0.03453,1.554,50
166.80,168.07,168.08,1,-1.60811,0,|r_qp|,cross-domain,0.0000,0.0000,3.882,0,-1.60811,0,-6.243,-2.772,-4.378,0,-8.793,1.649,0.8943,-1.078,-0.1941
167.20,168.47,168.48,1,-1.64054,0,|r_qp|,cross-domain,0.0000,0.0000,3.977,0,-1.64054,0,-6.243,-2.772,-4.378,0,-8.793,0.888,0.2884,-1.25,-0.8673
167.60,168.87,168.88,1,-1.88970,0,|r_qp|,cross-domain,0.0000,0.0000,3.421,0,-1.88970,0,-6.243,-2.772,-4.378,0,-8.793,0.03126,0.2676,1.179,50
168.00,169.27,169.28,1,-1.52325,0,|r_qp|,cross-domain,0.0000,0.0000,2.846,0,-1.52325,0,-6.243,-2.772,-4.378,0,-8.793,-0.2555,0.3383,-0.6685,-0.04898
168.40,169.67,169.68,1,-1.58251,0,|r_qp|,cross-domain,0.0000,0.0000,4.844,0,-1.58251,0,-6.243,-2.772,-4.378,0,-8.793,-0.08235,0.07409,-0.9881,-0.9252
168.80,170.07,170.08,1,-1.80472,0,|r_qp|,cross-domain,0.0000,0.0000,4.112,0,-1.80472,0,-6.243,-2.772,-4.378,0,-8.793,0.5032,0.3074,1.4,50
169.20,170.47,170.48,1,-1.67447,0,|r_qp|,cross-domain,0.0000,0.0000,3.838,0,-1.67447,0,-6.243,-2.772,-4.378,0,-8.793,0.6743,1.629,-0.9597,0.7478
169.60,170.87,170.88,1,-1.71382,0,|r_qp|,cross-domain,0.0000,0.0000,3.976,0,-1.71382,0,-6.243,-2.772,-4.378,0,-8.793,0.4902,1.001,-1.287,-0.8195
170.00,171.27,171.28,1,-1.90133,0,|r_qp|,cross-domain,0.0000,0.0000,3.945,0,-1.90133,0,-6.243,-2.772,-4.378,0,-8.793,0.005069,0.7133,1.236,50
170.40,171.67,171.68,1,-1.67860,0,|r_qp|,cross-domain,0.0000,0.0000,3.766,0,-1.67860,0,-6.243,-2.772,-4.378,0,-8.793,-0.1423,0.9278,-1.059,-0.01503
170.80,172.07,172.08,1,-1.58448,0,|r_qp|,cross-domain,0.0000,0.0000,3.740,0,-1.58448,0,-6.243,-2.772,-4.378,0,-8.793,-0.2605,-0.1543,-1.014,-0.8624
171.20,172.47,172.48,1,-1.95634,0,|r_qp|,cross-domain,0.0000,0.0000,5.092,0,-1.95634,0,-6.243,-2.772,-4.378,0,-8.793,-0.2024,0.3468,1.011,50
171.60,172.87,172.88,1,-1.61327,0,|r_qp|,cross-domain,0.0000,0.0000,4.489,0,-1.61327,0,-6.243,-2.772,-4.378,0,-8.793,-0.1058,0.7147,-0.8569,0.6463
172.00,173.27,173.28,1,-1.58957,0,|r_qp|,cross-domain,0.0000,0.0000,4.316,0,-1.58957,0,-6.243,-2.772,-4.378,0,-8.793,0.667,0.2331,-1.076,-0.9708
172.40,173.67,173.68,1,-1.86859,0,|r_qp|,cross-domain,0.0000,0.0000,4.057,0,-1.86859,0,-6.243,-2.772,-4.378,0,-8.793,1.058,-0.1246,1.037,50
172.80,174.07,174.08,1,-1.58873,0,|r_qp|,cross-domain,0.0000,0.0000,3.837,0,-1.58873,0,-6.243,-2.772,-4.378,0,-8.793,0.893,0.5609,-0.8632,1.832
173.20,174.47,174.48,1,-1.62387,0,|r_qp|,cross-domain,0.0000,0.0000,3.570,0,-1.62387,0,-6.243,-2.772,-4.378,0,-8.793,-0.05064,0.1703,-1.088,-0.6523
173.60,174.87,174.88,1,-2.04913,0,|r_qp|,cross-domain,0.0000,0.0000,3.797,0,-2.04913,0,-6.243,-2.772,-4.378,0,-8.793,-0.8619,0.1698,0.7607,50
174.00,175.27,175.28,1,-0.23982,1,|r_qp|,cross-domain,0.0000,0.0000,3.641,0,-0.23982,1,-6.243,-2.772,-4.378,0,-8.793,1.255,1.309,3.472,0.2298
174.40,175.67,175.68,1,0.02093,1,|r_qp|,cross-domain,0.0000,0.0000,5.279,0,0.02093,1,-6.243,-2.772,-4.378,0,-8.793,4.675,0.8043,3.707,-0.8409
174.80,176.07,176.08,1,-1.76408,0,|r_qp|,cross-domain,0.0000,0.0000,4.331,0,-1.76408,0,-6.243,-2.772,-4.378,0,-8.793,7.626,1.058,0.7811,50
175.20,176.47,176.48,1,-1.49876,0,|r_qp|,cross-domain,0.0000,0.0000,3.853,0,-1.49876,0,-6.243,-2.772,-4.378,0,-8.793,6.147,1.57,-1.113,0.5562
175.60,176.87,176.88,1,-1.65720,0,|r_qp|,cross-domain,0.0000,0.0000,3.975,0,-1.65720,0,-6.243,-2.772,-4.378,0,-8.793,2.518,1.054,-1.36,-0.9684
176.00,177.27,177.28,1,-2.08811,0,|r_qp|,cross-domain,0.0000,0.0000,3.954,0,-2.08811,0,-6.243,-2.772,-4.378,0,-8.793,-0.3984,1.655,0.7616,48.08
176.40,177.67,177.68,1,-1.36515,0,|r_qp|,cross-domain,0.0000,0.0000,3.962,0,-1.36515,0,-6.243,-2.772,-4.378,0,-8.793,0.142,1.874,0.1558,0.8456
176.80,178.07,178.08,1,-1.24451,0,|r_qp|,cross-domain,0.0000,0.0000,3.772,0,-1.24451,0,-6.243,-2.772,-4.378,0,-8.793,1.957,1.133,0.06521,-0.7345
177.20,178.47,178.48,-1,-2.00232,0,|r_qp|,cross-domain,0.0000,0.0000,3.569,0,-2.00232,0,-6.243,-2.772,-4.378,0,-8.793,3.675,0.3185,0.3666,50
177.60,178.87,178.88,-1,-1.46118,0,|r_qp|,cross-domain,0.0000,0.0000,5.345,0,-1.46118,0,-6.243,-2.772,-4.378,0,-8.793,2.935,0.04866,-0.9075,0.3561
178.00,179.27,179.28,-1,-1.55326,0,|r_qp|,cross-domain,0.0000,0.0000,4.170,0,-1.55326,0,-6.243,-2.772,-4.378,0,-8.793,1.554,-0.5338,-1.212,-0.714
178.40,179.67,179.68,-1,-1.81289,0,|r_qp|,cross-domain,0.0000,0.0000,3.768,0,-1.81289,0,-6.243,-2.772,-4.378,0,-8.793,-0.06576,-0.4188,1.267,49.5
178.80,180.07,180.08,-1,-1.52248,0,|r_qp|,cross-domain,0.0000,0.0000,4.609,0,-1.52248,0,-6.243,-2.772,-4.378,0,-8.793,-0.2183,0.07172,-0.6844,0.6117
179.20,180.47,180.48,-1,-1.43907,0,|r_qp|,cross-domain,0.0000,0.0000,3.900,0,-1.43907,0,-6.243,-2.772,-4.378,0,-8.793,0.7169,-0.2959,-0.701,-0.8701
179.60,180.87,180.88,-1,-0.98927,0,|r_qp|,cross-domain,0.0000,0.0000,4.020,0,-0.98927,0,-6.243,-2.772,-4.378,0,-8.793,1.385,0.5437,3.689,45.71
180.00,181.27,181.28,1,-1.51963,0,|r_qp|,cross-domain,0.0000,0.0000,3.793,0,-1.51963,0,-6.243,-2.772,-4.378,0,-8.793,1.602,1.861,-0.5371,0.6871
180.40,181.67,181.68,1,-1.57975,0,|r_qp|,cross-domain,0.0000,0.0000,2.967,0,-1.57975,0,-6.243,-2.772,-4.378,0,-8.793,1.55,3.451,-0.498,-0.9095
180.80,182.07,182.08,1,-1.18813,0,|r_qp|,cross-domain,0.0000,0.0000,4.854,0,-1.18813,0,-6.243,-2.772,-4.378,0,-8.793,1.261,5.24,4.094,46.87
181.20,182.47,182.48,1,-1.16832,0,|r_qp|,cross-domain,0.0000,0.0000,4.841,0,-1.16832,0,-6.243,-2.772,-4.378,0,-8.793,1.158,6.541,1.593,0.5946
181.60,182.87,182.88,1,-0.68213,0,|r_qp|,cross-domain,0.0000,0.0000,4.189,0,-0.68213,0,-6.243,-2.772,-4.378,0,-8.793,0.1385,7.323,3.376,-0.4516
182.00,183.27,183.28,1,-1.30223,0,|r_qp|,cross-domain,0.0000,0.0000,3.914,0,-1.30223,0,-6.243,-2.772,-4.378,0,-8.793,-0.6248,7.755,4.313,44.18
182.40,183.67,183.68,1,-2.06951,0,|r_qp|,cross-domain,0.0000,0.0000,3.648,0,-2.06951,0,-6.243,-2.772,-4.378,0,-8.793,-0.4869,7.922,-0.8234,0.3609
182.80,184.07,184.08,1,-1.09485,0,|r_qp|,cross-domain,0.0000,0.0000,3.914,0,-1.09485,0,-6.243,-2.772,-4.378,0,-8.793,0.2113,6.777,1.923,-0.6072
183.20,184.47,184.48,1,-1.02147,0,|r_qp|,cross-domain,0.0000,0.0000,3.724,0,-1.02147,0,-6.243,-2.772,-4.378,0,-8.793,1.136,6.394,4.86,46.57
183.60,184.87,184.88,1,-1.65980,0,|r_qp|,cross-domain,0.0000,0.0000,5.476,0,-1.65980,0,-6.243,-2.772,-4.378,0,-8.793,1.306,5.795,-0.1327,0.948
184.00,185.27,185.28,1,-1.83757,0,|r_qp|,cross-domain,0.0000,0.0000,4.548,0,-1.83757,0,-6.243,-2.772,-4.378,0,-8.793,1.192,3.924,-1.184,-0.9156
184.40,185.67,185.68,1,-1.09635,0,|r_qp|,cross-domain,0.0000,0.0000,4.282,0,-1.09635,0,-6.243,-2.772,-4.378,0,-8.793,0.7956,2.233,4.027,50
184.80,186.07,186.08,1,-1.78405,0,|r_qp|,cross-domain,0.0000,0.0000,4.283,0,-1.78405,0,-6.243,-2.772,-4.378,0,-8.793,0.4995,2.536,-1.168,-0.2839
185.20,186.47,186.48,1,-1.95014,0,|r_qp|,cross-domain,0.0000,0.0000,3.719,0,-1.95014,0,-6.243,-2.772,-4.378,0,-8.793,-0.4056,4.34,-1.26,-0.9486
185.60,186.87,186.88,1,-0.89773,0,|r_qp|,cross-domain,0.0000,0.0000,4.140,0,-0.89773,0,-6.243,-2.772,-4.378,0,-8.793,-1.025,6.267,5.665,49.17
186.00,187.27,187.28,1,-1.94264,0,|r_qp|,cross-domain,0.0000,0.0000,3.728,0,-1.94264,0,-6.243,-2.772,-4.378,0,-8.793,-1.152,7.009,-0.5231,0.2769
186.40,187.67,187.68,1,-1.91746,0,|r_qp|,cross-domain,0.0000,0.0000,4.160,0,-1.91746,0,-6.243,-2.772,-4.378,0,-8.793,-0.04424,6.067,-0.8455,-0.8829
186.80,188.07,188.08,1,-0.76102,0,|r_qp|,cross-domain,0.0000,0.0000,5.048,0,-0.76102,0,-6.243,-2.772,-4.378,0,-8.793,1.224,6.896,5.998,50
187.20,188.47,188.48,1,-1.57061,0,|r_qp|,cross-domain,0.0000,0.0000,4.149,0,-1.57061,0,-6.243,-2.772,-4.378,0,-8.793,1.726,6.131,0.1521,0.6782
187.60,188.87,188.88,1,-1.42318,0,|r_qp|,cross-domain,0.0000,0.0000,4.047,0,-1.42318,0,-6.243,-2.772,-4.378,0,-8.793,2.123,5.065,0.2677,-0.7867
188.00,189.27,189.28,1,-0.98393,0,|r_qp|,cross-domain,0.0000,0.0000,4.230,0,-0.98393,0,-6.243,-2.772,-4.378,0,-8.793,2.181,4.219,4.135,42.16
188.40,189.67,189.68,1,-1.81204,0,|r_qp|,cross-domain,0.0000,0.0000,3.920,0,-1.81204,0,-6.243,-2.772,-4.378,0,-8.793,1.785,3.815,-1.13,0.2184
188.80,190.07,190.08,1,-1.81821,0,|r_qp|,cross-domain,0.0000,0.0000,4.249,0,-1.81821,0,-6.243,-2.772,-4.378,0,-8.793,0.626,2.965,-1.243,-0.8765
189.20,190.47,190.48,1,-1.06031,0,|r_qp|,cross-domain,0.0000,0.0000,3.788,0,-1.06031,0,-6.243,-2.772,-4.378,0,-8.793,-0.05697,2.953,4.12,45.49
189.60,190.87,190.88,1,-1.53937,0,|r_qp|,cross-domain,0.0000,0.0000,2.825,0,-1.53937,0,-6.243,-2.772,-4.378,0,-8.793,0.3073,3.964,-0.03532,0.251
190.00,191.27,191.28,1,-1.33483,0,|r_qp|,cross-domain,0.0000,0.0000,5.311,0,-1.33483,0,-6.243,-2.772,-4.378,0,-8.793,1.996,4.483,0.4506,-0.7564
190.40,191.67,191.68,1,-0.51723,0,|r_qp|,cross-domain,0.0000,0.0000,3.746,0,-0.51723,0,-6.243,-2.772,-4.378,0,-8.793,3.547,5.681,5.692,41.12
190.80,192.07,192.08,1,-1.60106,0,|r_qp|,cross-domain,0.0000,0.0000,4.075,0,-1.60106,0,-6.243,-2.772,-4.378,0,-8.793,3.714,5.127,-0.4163,0.4412
191.20,192.47,192.48,1,-1.70434,0,|r_qp|,cross-domain,0.0000,0.0000,3.768,0,-1.70434,0,-6.243,-2.772,-4.378,0,-8.793,2.889,3.827,-0.9766,-0.6801
191.60,192.87,192.88,1,-1.04863,0,|r_qp|,cross-domain,0.0000,0.0000,3.645,0,-1.04863,0,-6.243,-2.772,-4.378,0,-8.793,1.552,2.247,3.832,45.84
192.00,193.27,193.28,1,-1.57916,0,|r_qp|,cross-domain,0.0000,0.0000,3.742,0,-1.57916,0,-6.243,-2.772,-4.378,0,-8.793,0.9379,1.486,-0.7671,-0.07534
192.40,193.67,193.68,1,-1.63178,0,|r_qp|,cross-domain,0.0000,0.0000,3.631,0,-1.63178,0,-6.243,-2.772,-4.378,0,-8.793,0.3399,0.9418,-1.02,-0.8777
192.80,194.07,194.08,1,-1.06637,0,|r_qp|,cross-domain,0.0000,0.0000,5.401,0,-1.06637,0,-6.243,-2.772,-4.378,0,-8.793,-0.1153,1.165,4.021,50
193.20,194.47,194.48,1,-1.38357,0,|r_qp|,cross-domain,0.0000,0.0000,4.456,0,-1.38357,0,-6.243,-2.772,-4.378,0,-8.793,-0.005397,1.674,0.04678,0.3914
193.60,194.87,194.88,1,-1.24446,0,|r_qp|,cross-domain,0.0000,0.0000,3.791,0,-1.24446,0,-6.243,-2.772,-4.378,0,-8.793,0.9762,1.378,0.2548,-0.4839
194.00,195.27,195.28,1,-0.90508,0,|r_qp|,cross-domain,0.0000,0.0000,3.920,0,-0.90508,0,-6.243,-2.772,-4.378,0,-8.793,2.085,2.005,4.398,49.45
194.40,195.67,195.68,1,-1.37675,0,|r_qp|,cross-domain,0.0000,0.0000,3.805,0,-1.37675,0,-6.243,-2.772,-4.378,0,-8.793,2.691,2.81,-0.03368,0.5225
194.80,196.07,196.08,1,-1.33691,0,|r_qp|,cross-domain,0.0000,0.0000,3.860,0,-1.33691,0,-6.243,-2.772,-4.378,0,-8.793,3.018,3.786,0.1695,-0.8123
195.20,196.47,196.48,1,-0.97814,0,|r_qp|,cross-domain,0.0000,0.0000,3.781,0,-0.97814,0,-6.243,-2.772,-4.378,0,-8.793,3.021,5.701,4.662,47.27
195.60,196.87,196.88,1,-1.54750,0,|r_qp|,cross-domain,0.0000,0.0000,3.617,0,-1.54750,0,-6.243,-2.772,-4.378,0,-8.793,2.636,6.278,0.09095,-0.1315
196.00,197.27,197.28,1,-1.92531,0,|r_qp|,cross-domain,0.0000,0.0000,5.312,0,-1.92531,0,-6.243,-2.772,-4.378,0,-8.793,0.9043,6.4,-0.9255,-0.9215
196.40,197.67,197.68,1,-0.53815,0,|r_qp|,cross-domain,0.0000,0.0000,4.079,0,-0.53815,0,-6.243,-2.772,-4.378,0,-8.793,-0.3351,7.166,6.965,50
196.80,198.07,198.08,1,-2.02556,0,|r_qp|,cross-domain,0.0000,0.0000,4.459,0,-2.02556,0,-6.243,-2.772,-4.378,0,-8.793,-0.4573,6.547,-0.9937,-0.09144
197.20,198.47,198.48,1,-1.78192,0,|r_qp|,cross-domain,0.0000,0.0000,4.640,0,-1.78192,0,-6.243,-2.772,-4.378,0,-8.793,0.4185,4.962,-0.6923,-0.8542
197.60,198.87,198.88,1,-1.01074,0,|r_qp|,cross-domain,0.0000,0.0000,3.530,0,-1.01074,0,-6.243,-2.772,-4.378,0,-8.793,1.559,3.543,4.472,50
198.00,199.27,199.28,1,-1.54283,0,|r_qp|,cross-domain,0.0000,0.0000,3.793,0,-1.54283,0,-6.243,-2.772,-4.378,0,-8.793,2.188,2.658,-0.4994,1.081
198.40,199.67,199.68,1,-1.47734,0,|r_qp|,cross-domain,0.0000,0.0000,3.524,0,-1.47734,0,-6.243,-2.772,-4.378,0,-8.793,2.915,1.86,-0.6689,-0.9584
198.80,200.07,200.08,1,-0.64662,0,|r_qp|,cross-domain,0.0000,0.0000,3.619,0,-0.64662,0,-6.243,-2.772,-4.378,0,-8.793,3.033,1.297,4.745,45.91
199.20,200.47,200.48,1,-1.32676,0,|r_qp|,cross-domain,0.0000,0.0000,5.241,0,-1.32676,0,-6.243,-2.772,-4.378,0,-8.793,2.388,1.444,-0.1371,0.1277
199.60,200.87,200.88,1,-1.19100,0,|r_qp|,cross-domain,0.0000,0.0000,3.976,0,-1.19100,0,-6.243,-2.772,-4.378,0,-8.793,1.085,1.433,0.431,-0.3662
200.00,201.27,201.28,1,-1.14380,0,|r_qp|,cross-domain,0.0000,0.0000,4.092,0,-1.14380,0,-6.243,-2.772,-4.378,0,-8.793,-0.02432,2.277,3.738,45.94
200.40,201.67,201.68,1,-1.67739,0,|r_qp|,cross-domain,0.0000,0.0000,3.706,0,-1.67739,0,-6.243,-2.772,-4.378,0,-8.793,-0.2429,3.164,-0.5705,0.2646
200.80,202.07,202.08,1,-1.45673,0,|r_qp|,cross-domain,0.0000,0.0000,3.732,0,-1.45673,0,-6.243,-2.772,-4.378,0,-8.793,0.8428,3.464,-0.01225,-0.9303
201.20,202.47,202.48,1,-0.87200,0,|r_qp|,cross-domain,0.0000,0.0000,3.701,0,-0.87200,0,-6.243,-2.772,-4.378,0,-8.793,1.945,4.893,4.762,43.81
201.60,202.87,202.88,1,-1.44849,0,|r_qp|,cross-domain,0.0000,0.0000,3.549,0,-1.44849,0,-6.243,-2.772,-4.378,0,-8.793,2.406,5.075,0.2219,0.3413
202.00,203.27,203.28,1,-1.52529,0,|r_qp|,cross-domain,0.0000,0.0000,3.269,0,-1.52529,0,-6.243,-2.772,-4.378,0,-8.793,1.934,5.201,-0.01762,-0.941
202.40,203.67,203.68,1,-0.75400,0,|r_qp|,cross-domain,0.0000,0.0000,4.408,0,-0.75400,0,-6.243,-2.772,-4.378,0,-8.793,1.478,5.336,5.026,39.51
202.80,204.07,204.08,1,-1.85160,0,|r_qp|,cross-domain,0.0000,0.0000,3.896,0,-1.85160,0,-6.243,-2.772,-4.378,0,-8.793,1.306,5.115,-0.9483,-0.05989
203.20,204.47,204.48,1,-1.84987,0,|r_qp|,cross-domain,0.0000,0.0000,3.986,0,-1.84987,0,-6.243,-2.772,-4.378,0,-8.793,0.2401,3.133,-1.262,-0.8859
203.60,204.87,204.88,1,-0.91809,0,|r_qp|,cross-domain,0.0000,0.0000,3.672,0,-0.91809,0,-6.243,-2.772,-4.378,0,-8.793,-0.5641,1.472,4.616,50
204.00,205.27,205.28,1,-1.53614,0,|r_qp|,cross-domain,0.0000,0.0000,3.804,0,-1.53614,0,-6.243,-2.772,-4.378,0,-8.793,-0.8696,0.8141,-0.4926,0.6454
204.40,205.67,205.68,1,-1.57505,0,|r_qp|,cross-domain,0.0000,0.0000,3.568,0,-1.57505,0,-6.243,-2.772,-4.378,0,-8.793,0.4195,0.4908,-0.9428,-0.9235
204.80,206.07,206.08,1,-0.73184,0,|r_qp|,cross-domain,0.0000,0.0000,3.767,0,-0.73184,0,-6.243,-2.772,-4.378,0,-8.793,1.244,0.7851,4.486,44.15
205.20,206.47,206.48,1,-1.54470,0,|r_qp|,cross-domain,0.0000,0.0000,5.364,0,-1.54470,0,-6.243,-2.772,-4.378,0,-8.793,1.412,1.063,-0.7804,0.2897
205.60,206.87,206.88,1,-1.44414,0,|r_qp|,cross-domain,0.0000,0.0000,4.313,0,-1.44414,0,-6.243,-2.772,-4.378,0,-8.793,1.435,0.9733,-0.5502,-0.874
206.00,207.27,207.28,1,-0.93137,0,|r_qp|,cross-domain,0.0000,0.0000,3.883,0,-0.93137,0,-6.243,-2.772,-4.378,0,-8.793,1.661,1.976,4.016,43.84
206.40,207.67,207.68,1,-1.75516,0,|r_qp|,cross-domain,0.0000,0.0000,3.785,0,-1.75516,0,-6.243,-2.772,-4.378,0,-8.793,1.702,2.311,-1.261,-0.08177
206.80,208.07,208.08,1,-1.79482,0,|r_qp|,cross-domain,0.0000,0.0000,3.831,0,-1.79482,0,-6.243,-2.772,-4.378,0,-8.793,0.5751,1.795,-1.4,-0.8869
207.20,208.47,208.48,1,-1.05280,0,|r_qp|,cross-domain,0.0000,0.0000,3.726,0,-1.05280,0,-6.243,-2.772,-4.378,0,-8.793,-0.4153,2.069,4.287,50
207.60,208.87,208.88,1,-1.32354,0,|r_qp|,cross-domain,0.0000,0.0000,3.536,0,-1.32354,0,-6.243,-2.772,-4.378,0,-8.793,-0.3706,2.265,0.4177,0.583
208.00,209.27,209.28,1,-1.47401,0,|r_qp|,cross-domain,0.0000,0.0000,3.761,0,-1.47401,0,-6.243,-2.772,-4.378,0,-8.793,1.115,1.606,-0.4783,-0.8994
208.40,209.67,209.68,1,-0.94953,0,|r_qp|,cross-domain,0.0000,0.0000,5.138,0,-0.94953,0,-6.243,-2.772,-4.378,0,-8.793,2.101,1.886,4.039,46.37
208.80,210.07,210.08,1,-1.33852,0,|r_qp|,cross-domain,0.0000,0.0000,4.161,0,-1.33852,0,-6.243,-2.772,-4.378,0,-8.793,2.116,2.405,0.08092,0.5472
209.20,210.47,210.48,1,-0.92136,0,|r_qp|,cross-domain,0.0000,0.0000,3.896,0,-0.92136,0,-6.243,-2.772,-4.378,0,-8.793,1.57,3.016,1.548,-0.5075
209.60,210.87,210.88,1,-1.17359,0,|r_qp|,cross-domain,0.0000,0.0000,3.766,0,-1.17359,0,-6.243,-2.772,-4.378,0,-8.793,0.8677,4.168,4.006,47.42
210.00,211.27,211.28,1,-1.83452,0,|r_qp|,cross-domain,0.0000,0.0000,3.745,0,-1.83452,0,-6.243,-2.772,-4.378,0,-8.793,0.8801,3.981,-1.056,0.1788
210.40,211.67,211.68,1,-1.55203,0,|r_qp|,cross-domain,0.0000,0.0000,3.527,0,-1.55203,0,-6.243,-2.772,-4.378,0,-8.793,0.1949,2.6,-0.3974,-0.6964
210.80,212.07,212.08,1,-0.85147,0,|r_qp|,cross-domain,0.0000,0.0000,3.410,0,-0.85147,0,-6.243,-2.772,-4.378,0,-8.793,-0.1483,1.841,4.652,46.73
211.20,212.47,212.48,1,-1.28197,0,|r_qp|,cross-domain,0.0000,0.0000,2.873,0,-1.28197,0,-6.243,-2.772,-4.378,0,-8.793,0.2207,1.816,0.3692,0.3308
211.60,212.87,212.88,1,-1.26237,0,|r_qp|,cross-domain,0.0000,0.0000,5.091,0,-1.26237,0,-6.243,-2.772,-4.378,0,-8.793,1.588,1.575,0.1663,-0.3803
212.00,213.27,213.28,1,-0.64419,0,|r_qp|,cross-domain,0.0000,0.0000,4.193,0,-0.64419,0,-6.243,-2.772,-4.378,0,-8.793,3.023,2.137,4.855,44.77
212.40,213.67,213.68,1,-1.36386,0,|r_qp|,cross-domain,0.0000,0.0000,3.676,0,-1.36386,0,-6.243,-2.772,-4.378,0,-8.793,3.241,2.221,-0.1807,0.5397
212.80,214.07,214.08,1,-1.38535,0,|r_qp|,cross-domain,0.0000,0.0000,3.770,0,-1.38535,0,-6.243,-2.772,-4.378,0,-8.793,2.77,1.465,-0.4358,-0.9599
213.20,214.47,214.48,1,-0.82674,0,|r_qp|,cross-domain,0.0000,0.0000,3.702,0,-0.82674,0,-6.243,-2.772,-4.378,0,-8.793,1.872,1.046,4.394,48.04
213.60,214.87,214.88,1,-1.68751,0,|r_qp|,cross-domain,0.0000,0.0000,3.634,0,-1.68751,0,-6.243,-2.772,-4.378,0,-8.793,1.332,1.06,-1.238,0.1351
214.00,215.27,215.28,1,-1.71140,0,|r_qp|,cross-domain,0.0000,0.0000,3.557,0,-1.71140,0,-6.243,-2.772,-4.378,0,-8.793,0.2516,0.4997,-1.351,-0.8295
214.40,215.67,215.68,1,-0.67229,0,|r_qp|,cross-domain,0.0000,0.0000,5.300,0,-0.67229,0,-6.243,-2.772,-4.378,0,-8.793,-0.5623,0.7981,5.268,50
214.80,216.07,216.08,1,-1.73151,0,|r_qp|,cross-domain,0.0000,0.0000,4.050,0,-1.73151,0,-6.243,-2.772,-4.378,0,-8.793,-0.7638,1.199,-1.042,0.8442
215.20,216.47,216.48,1,-1.68306,0,|r_qp|,cross-domain,0.0000,0.0000,3.878,0,-1.68306,0,-6.243,-2.772,-4.378,0,-8.793,-0.03999,0.6971,-1.192,-0.9664
215.60,216.87,216.88,1,-1.07551,0,|r_qp|,cross-domain,0.0000,0.0000,3.715,0,-1.07551,0,-6.243,-2.772,-4.378,0,-8.793,0.5892,0.5877,3.737,49.2
216.00,217.27,217.28,1,-1.64808,0,|r_qp|,cross-domain,0.0000,0.0000,3.784,0,-1.64808,0,-6.243,-2.772,-4.378,0,-8.793,0.8928,0.6603,-1.047,1.601
216.40,217.67,217.68,1,-1.56194,0,|r_qp|,cross-domain,0.0000,0.0000,3.556,0,-1.56194,0,-6.243,-2.772,-4.378,0,-8.793,0.9868,0.3152,-1.01,-0.9499
216.80,218.07,218.08,1,-0.59423,0,|r_qp|,cross-domain,0.0000,0.0000,3.564,0,-0.59423,0,-6.243,-2.772,-4.378,0,-8.793,1.11,0.5598,4.792,42.42
217.20,218.47,218.48,1,-1.60174,0,|r_qp|,cross-domain,0.0000,0.0000,3.601,0,-1.60174,0,-6.243,-2.772,-4.378,0,-8.793,1.459,0.9487,-0.982,0.4578
217.60,218.87,218.88,1,-1.61681,0,|r_qp|,cross-domain,0.0000,0.0000,5.335,0,-1.61681,0,-6.243,-2.772,-4.378,0,-8.793,0.9772,0.5251,-1.137,-0.8744
218.00,219.27,219.28,1,-1.15859,0,|r_qp|,cross-domain,0.0000,0.0000,4.175,0,-1.15859,0,-6.243,-2.772,-4.378,0,-8.793,0.3497,0.8921,3.611,50
218.40,219.67,219.68,1,-1.69146,0,|r_qp|,cross-domain,0.0000,0.0000,3.584,0,-1.69146,0,-6.243,-2.772,-4.378,0,-8.793,0.1144,1.232,-0.9519,1.923
218.80,220.07,220.08,1,-1.62420,0,|r_qp|,cross-domain,0.0000,0.0000,4.558,0,-1.62420,0,-6.243,-2.772,-4.378,0,-8.793,0.6861,0.9305,-1.032,-0.7151
219.20,220.47,220.48,-1,-0.69047,0,|r_qp|,cross-domain,0.0000,0.0000,3.875,0,-0.69047,0,-6.243,-2.772,-4.378,0,-8.793,2.397,0.801,4.619,46.48
219.60,220.87,220.88,-1,-1.27837,0,|r_qp|,cross-domain,0.0000,0.0000,3.865,0,-1.27837,0,-6.243,-2.772,-4.378,0,-8.793,2.739,0.5555,-0.1356,1.292
220.00,221.27,221.28,-1,-1.35747,0,|r_qp|,cross-domain,0.0000,0.0000,3.864,0,-1.35747,0,-6.243,-2.772,-4.378,0,-8.793,3.251,0.01609,-0.6944,-0.8317
220.40,221.67,221.68,-1,-1.02916,0,|r_qp|,cross-domain,0.0000,0.0000,3.461,0,-1.02916,0,-6.243,-2.772,-4.378,0,-8.793,3.033,-0.1089,3.117,44.05
220.80,222.07,222.08,-1,-1.61454,0,|r_qp|,cross-domain,0.0000,0.0000,5.304,0,-1.61454,0,-6.243,-2.772,-4.378,0,-8.793,1.955,0.4823,-1.092,1.906
221.20,222.47,222.48,-1,-1.67741,0,|r_qp|,cross-domain,0.0000,0.0000,4.306,0,-1.67741,0,-6.243,-2.772,-4.378,0,-8.793,0.594,-0.01865,-1.355,-0.2473
221.60,222.87,222.88,-1,-1.40276,0,|r_qp|,cross-domain,0.0000,0.0000,4.107,0,-1.40276,0,-6.243,-2.772,-4.378,0,-8.793,-0.4019,0.2133,2.78,49.92
222.00,223.27,223.28,-1,-1.52901,0,|r_qp|,cross-domain,0.0000,0.0000,3.728,0,-1.52901,0,-6.243,-2.772,-4.378,0,-8.793,-0.3696,0.5998,-0.5531,1.028
222.40,223.67,223.68,-1,-1.51250,0,|r_qp|,cross-domain,0.0000,0.0000,3.543,0,-1.51250,0,-6.243,-2.772,-4.378,0,-8.793,0.8044,0.02135,-0.8856,-0.9098
222.80,224.07,224.08,-1,-1.49743,0,|r_qp|,cross-domain,0.0000,0.0000,3.660,0,-1.49743,0,-6.243,-2.772,-4.378,0,-8.793,2.028,-0.551,1.902,48.11
223.20,224.47,224.48,-1,-1.43460,0,|r_qp|,cross-domain,0.0000,0.0000,3.600,0,-1.43460,0,-6.243,-2.772,-4.378,0,-8.793,2.406,-0.06565,-0.7571,0.7042
223.60,224.87,224.88,-1,-1.42227,0,|r_qp|,cross-domain,0.0000,0.0000,3.214,0,-1.42227,0,-6.243,-2.772,-4.378,0,-8.793,2.22,-0.4083,-0.8465,-0.6452
224.00,225.27,225.28,-1,-1.88340,0,|r_qp|,cross-domain,0.0000,0.0000,4.563,0,-1.88340,0,-6.243,-2.772,-4.378,0,-8.793,1.713,-0.3544,0.8597,50
224.40,225.67,225.68,-1,-1.55681,0,|r_qp|,cross-domain,0.0000,0.0000,3.645,0,-1.55681,0,-6.243,-2.772,-4.378,0,-8.793,1.39,0.213,-0.8878,1.942
224.80,226.07,226.08,-1,-1.61486,0,|r_qp|,cross-domain,0.0000,0.0000,4.083,0,-1.61486,0,-6.243,-2.772,-4.378,0,-8.793,0.7087,-0.128,-1.187,-0.1819
225.20,226.47,226.48,-1,-1.95639,0,|r_qp|,cross-domain,0.0000,0.0000,3.667,0,-1.95639,0,-6.243,-2.772,-4.378,0,-8.793,0.09491,0.2732,0.9581,50
225.60,226.87,226.88,-1,-1.60800,0,|r_qp|,cross-domain,0.0000,0.0000,3.833,0,-1.60800,0,-6.243,-2.772,-4.378,0,-8.793,-0.03179,0.6947,-0.7897,1.684
226.00,227.27,227.28,-1,-1.58676,0,|r_qp|,cross-domain,0.0000,0.0000,3.572,0,-1.58676,0,-6.243,-2.772,-4.378,0,-8.793,0.3185,0.1066,-1.048,-0.965
226.40,227.67,227.68,-1,-1.80818,0,|r_qp|,cross-domain,0.0000,0.0000,3.666,0,-1.80818,0,-6.243,-2.772,-4.378,0,-8.793,0.8239,-0.1262,1.26,50
226.80,228.07,228.08,-1,-1.55242,0,|r_qp|,cross-domain,0.0000,0.0000,5.438,0,-1.55242,0,-6.243,-2.772,-4.378,0,-8.793,1.17,0.3282,-0.9054,0.5898
227.20,228.47,228.48,-1,-1.42951,0,|r_qp|,cross-domain,0.0000,0.0000,4.329,0,-1.42951,0,-6.243,-2.772,-4.378,0,-8.793,1.219,-0.3821,-0.757,-0.9593
227.60,228.87,228.88,-1,-1.77413,0,|r_qp|,cross-domain,0.0000,0.0000,3.951,0,-1.77413,0,-6.243,-2.772,-4.378,0,-8.793,1.143,-0.5354,1.246,50
228.00,229.27,229.28,-1,-1.64467,0,|r_qp|,cross-domain,0.0000,0.0000,3.864,0,-1.64467,0,-6.243,-2.772,-4.378,0,-8.793,0.8529,-0.06225,-1.17,1.739
228.40,229.67,229.68,-1,-1.64388,0,|r_qp|,cross-domain,0.0000,0.0000,3.726,0,-1.64388,0,-6.243,-2.772,-4.378,0,-8.793,0.02467,-0.5983,-1.309,-0.4965
228.80,230.07,230.08,-1,-1.19718,0,|r_qp|,cross-domain,0.0000,0.0000,3.889,0,-1.19718,0,-6.243,-2.772,-4.378,0,-8.793,-0.6709,-0.1666,3.314,48.58
229.20,230.47,230.48,-1,-1.51313,0,|r_qp|,cross-domain,0.0000,0.0000,3.689,0,-1.51313,0,-6.243,-2.772,-4.378,0,-8.793,-0.4316,0.3524,-0.5387,1.125
229.60,230.87,230.88,-1,-1.46458,0,|r_qp|,cross-domain,0.0000,0.0000,3.699,0,-1.46458,0,-6.243,-2.772,-4.378,0,-8.793,0.9504,-0.05015,-0.7583,-0.8034
230.00,231.27,231.28,-1,-1.59121,0,|r_qp|,cross-domain,0.0000,0.0000,5.266,0,-1.59121,0,-6.243,-2.772,-4.378,0,-8.793,2.168,-0.4472,1.659,48.99
230.40,231.67,231.68,-1,-1.51510,0,|r_qp|,cross-domain,0.0000,0.0000,4.098,0,-1.51510,0,-6.243,-2.772,-4.378,0,-8.793,2.316,-0.09532,-0.9341,1.938
230.80,232.07,232.08,-1,-1.56590,0,|r_qp|,cross-domain,0.0000,0.0000,3.968,0,-1.56590,0,-6.243,-2.772,-4.378,0,-8.793,1.703,-0.3446,-1.243,-0.8828
231.20,232.47,232.48,-1,-1.42682,0,|r_qp|,cross-domain,0.0000,0.0000,3.777,0,-1.42682,0,-6.243,-2.772,-4.378,0,-8.793,1.103,0.05442,2.247,46.12
231.60,232.87,232.88,-1,-1.66538,0,|r_qp|,cross-domain,0.0000,0.0000,3.659,0,-1.66538,0,-6.243,-2.772,-4.378,0,-8.793,0.8082,0.5839,-1.079,2.076
232.00,233.27,233.28,-1,-1.70858,0,|r_qp|,cross-domain,0.0000,0.0000,3.798,0,-1.70858,0,-6.243,-2.772,-4.378,0,-8.793,-0.07987,0.08506,-1.361,-0.4379
232.40,233.67,233.68,-1,-1.37855,0,|r_qp|,cross-domain,0.0000,0.0000,3.444,0,-1.37855,0,-6.243,-2.772,-4.378,0,-8.793,-0.7038,0.04371,2.686,47.06
232.80,234.07,234.08,-1,-1.59944,0,|r_qp|,cross-domain,0.0000,0.0000,3.069,0,-1.59944,0,-6.243,-2.772,-4.378,0,-8.793,-0.6879,0.3232,-0.8005,0.9396
233.20,234.47,234.48,-1,-1.62584,0,|r_qp|,cross-domain,0.0000,0.0000,5.016,0,-1.62584,0,-6.243,-2.772,-4.378,0,-8.793,0.2264,-0.09378,-1.201,-0.9364
233.60,234.87,234.88,-1,-1.44942,0,|r_qp|,cross-domain,0.0000,0.0000,3.733,0,-1.44942,0,-6.243,-2.772,-4.378,0,-8.793,0.9836,-0.4319,2.329,50
234.00,235.27,235.28,-1,-1.46764,0,|r_qp|,cross-domain,0.0000,0.0000,4.050,0,-1.46764,0,-6.243,-2.772,-4.378,0,-8.793,1.102,0.04649,-0.6802,0.6212
234.40,235.67,235.68,-1,-1.35450,0,|r_qp|,cross-domain,0.0000,0.0000,3.717,0,-1.35450,0,-6.243,-2.772,-4.378,0,-8.793,1.477,-0.6114,-0.5919,-0.8983
234.80,236.07,236.08,-1,-1.83623,0,|r_qp|,cross-domain,0.0000,0.0000,3.899,0,-1.83623,0,-6.243,-2.772,-4.378,0,-8.793,1.685,-0.6554,0.9534,50
235.20,236.47,236.48,-1,-1.58935,0,|r_qp|,cross-domain,0.0000,0.0000,3.595,0,-1.58935,0,-6.243,-2.772,-4.378,0,-8.793,1.528,0.0006334,-1.141,0.4994
235.60,236.87,236.88,-1,-1.65945,0,|r_qp|,cross-domain,0.0000,0.0000,3.518,0,-1.65945,0,-6.243,-2.772,-4.378,0,-8.793,0.1983,-0.3518,-1.359,-0.9487
236.00,237.27,237.28,-1,-1.86346,0,|r_qp|,cross-domain,0.0000,0.0000,4.417,0,-1.86346,0,-6.243,-2.772,-4.378,0,-8.793,-0.8105,-0.2452,1.199,48.93
236.40,237.67,237.68,-1,-1.47572,0,|r_qp|,cross-domain,0.0000,0.0000,3.668,0,-1.47572,0,-6.243,-2.772,-4.378,0,-8.793,-0.7556,0.1083,-0.4097,1.413
236.80,238.07,238.08,-1,-1.42932,0,|r_qp|,cross-domain,0.0000,0.0000,4.070,0,-1.42932,0,-6.243,-2.772,-4.378,0,-8.793,0.4192,-0.4758,-0.6744,-0.9641
237.20,238.47,238.48,-1,-1.54244,0,|r_qp|,cross-domain,0.0000,0.0000,3.690,0,-1.54244,0,-6.243,-2.772,-4.378,0,-8.793,1.719,-0.4805,1.927,50
237.60,238.87,238.88,-1,-1.41877,0,|r_qp|,cross-domain,0.0000,0.0000,3.499,0,-1.41877,0,-6.243,-2.772,-4.378,0,-8.793,2.116,0.02173,-0.6661,0.4703
238.00,239.27,239.28,-1,-1.42533,0,|r_qp|,cross-domain,0.0000,0.0000,3.723,0,-1.42533,0,-6.243,-2.772,-4.378,0,-8.793,2.299,-0.4995,-0.9042,-0.9582
238.40,239.67,239.68,-1,-1.76306,0,|r_qp|,cross-domain,0.0000,0.0000,3.479,0,-1.76306,0,-6.243,-2.772,-4.378,0,-8.793,1.982,-0.4576,1.133,49.05
238.80,240.07,240.08,-1,-1.56934,0,|r_qp|,cross-domain,0.0000,0.0000,3.526,0,-1.56934,0,-6.243,-2.772,-4.378,0,-8.793,1.45,0.06324,-0.9961,1.451
239.20,240.47,240.48,-1,-1.58009,0,|r_qp|,cross-domain,0.0000,0.0000,3.617,0,-1.58009,0,-6.243,-2.772,-4.378,0,-8.793,0.4207,-0.3309,-1.1,-0.4886
239.60,240.87,240.88,-1,-1.28013,0,|r_qp|,cross-domain,0.0000,0.0000,4.360,0,-1.28013,0,-6.243,-2.772,-4.378,0,-8.793,0.6007,-0.2797,2.836,48.12
240.00,241.27,241.28,-1,-1.53141,0,|r_qp|,cross-domain,0.0000,0.0000,3.898,0,-1.53141,0,-6.243,-2.772,-4.378,0,-8.793,1.333,0.1428,-0.8015,2.134
240.40,241.67,241.68,-1,-1.65083,0,|r_qp|,cross-domain,0.0000,0.0000,3.487,0,-1.65083,0,-6.243,-2.772,-4.378,0,-8.793,1.036,-0.517,-1.429,-0.269
240.80,242.07,242.08,-1,-2.05732,0,|r_qp|,cross-domain,0.0000,0.0000,3.567,0,-2.05732,0,-6.243,-2.772,-4.378,0,-8.793,0.2594,-0.4821,0.4598,50
241.20,242.47,242.48,-1,-1.69867,0,|r_qp|,cross-domain,0.0000,0.0000,3.664,0,-1.69867,0,-6.243,-2.772,-4.378,0,-8.793,-0.9185,0.06273,-0.9498,4.079
241.60,242.87,242.88,-1,-1.68248,0,|r_qp|,cross-domain,0.0000,0.0000,3.571,0,-1.68248,0,-6.243,-2.772,-4.378,0,-8.793,-0.9457,-0.2892,-1.261,-0.7272
242.00,243.27,243.28,-1,-2.00636,0,|r_qp|,cross-domain,0.0000,0.0000,3.659,0,-2.00636,0,-6.243,-2.772,-4.378,0,-8.793,-0.4849,-0.1977,0.7754,50
242.40,243.67,243.68,-1,-1.70813,0,|r_qp|,cross-domain,0.0000,0.0000,3.462,0,-1.70813,0,-6.243,-2.772,-4.378,0,-8.793,-0.5762,0.2694,-1.135,1.571
242.80,244.07,244.08,-1,-1.63697,0,|r_qp|,cross-domain,0.0000,0.0000,3.535,0,-1.63697,0,-6.243,-2.772,-4.378,0,-8.793,-0.6981,-0.3009,-1.161,-0.9289
243.20,244.47,244.48,-1,-1.08209,0,|r_qp|,cross-domain,0.0000,0.0000,3.703,0,-1.08209,0,-6.243,-2.772,-4.378,0,-8.793,0.9569,-0.07392,3.583,50
243.60,244.87,244.88,-1,-1.08076,0,|r_qp|,cross-domain,0.0000,0.0000,3.526,0,-1.08076,0,-6.243,-2.772,-4.378,0,-8.793,2.204,0.5048,0.553,1.246
244.00,245.27,245.28,-1,-1.19250,0,|r_qp|,cross-domain,0.0000,0.0000,3.755,0,-1.19250,0,-6.243,-2.772,-4.378,0,-8.793,4.265,0.00323,-0.3034,-0.9521
244.40,245.67,245.68,-1,-1.07806,0,|r_qp|,cross-domain,0.0000,0.0000,3.629,0,-1.07806,0,-6.243,-2.772,-4.378,0,-8.793,4.984,-0.2564,2.937,48.17
244.80,246.07,246.08,-1,-1.35317,0,|r_qp|,cross-domain,0.0000,0.0000,3.620,0,-1.35317,0,-6.243,-2.772,-4.378,0,-8.793,4.185,0.0855,-0.6804,0.867
245.20,246.47,246.48,-1,-1.36987,0,|r_qp|,cross-domain,0.0000,0.0000,3.576,0,-1.36987,0,-6.243,-2.772,-4.378,0,-8.793,3.306,-0.4292,-0.8365,-0.9098
245.60,246.87,246.88,-1,-1.26212,0,|r_qp|,cross-domain,0.0000,0.0000,3.639,0,-1.26212,0,-6.243,-2.772,-4.378,0,-8.793,2.169,-0.3526,2.55,46
246.00,247.27,247.28,-1,-1.60645,0,|r_qp|,cross-domain,0.0000,0.0000,3.632,0,-1.60645,0,-6.243,-2.772,-4.378,0,-8.793,1.13,0.08043,-1.155,0.09026
246.40,247.67,247.68,-1,-1.52673,0,|r_qp|,cross-domain,0.0000,0.0000,4.526,0,-1.52673,0,-6.243,-2.772,-4.378,0,-8.793,0.673,-0.4098,-0.9984,-0.8467
246.80,248.07,248.08,-1,-1.76225,0,|r_qp|,cross-domain,0.0000,0.0000,3.670,0,-1.76225,0,-6.243,-2.772,-4.378,0,-8.793,0.4017,-0.2549,1.246,46.93
247.20,248.47,248.48,-1,-1.59001,0,|r_qp|,cross-domain,0.0000,0.0000,3.755,0,-1.59001,0,-6.243,-2.772,-4.378,0,-8.793,0.3847,0.1381,-0.937,1.048
247.60,248.87,248.88,-1,-1.62146,0,|r_qp|,cross-domain,0.0000,0.0000,3.557,0,-1.62146,0,-6.243,-2.772,-4.378,0,-8.793,0.1938,-0.04664,-1.16,-0.7162
248.00,249.27,249.28,-1,-1.78033,0,|r_qp|,cross-domain,0.0000,0.0000,3.562,0,-1.78033,0,-6.243,-2.772,-4.378,0,-8.793,0.3389,0.1655,1.47,50
248.40,249.67,249.68,-1,-1.49293,0,|r_qp|,cross-domain,0.0000,0.0000,3.647,0,-1.49293,0,-6.243,-2.772,-4.378,0,-8.793,0.3419,0.6329,-0.5908,-0.1117
248.80,250.07,250.08,-1,-1.56889,0,|r_qp|,cross-domain,0.0000,0.0000,3.638,0,-1.56889,0,-6.243,-2.772,-4.378,0,-8.793,0.9526,-0.007361,-1.079,-0.715
249.20,250.47,250.48,-1,-1.92497,0,|r_qp|,cross-domain,0.0000,0.0000,3.650,0,-1.92497,0,-6.243,-2.772,-4.378,0,-8.793,1.248,-0.09262,0.8385,50
249.60,250.87,250.88,-1,-1.61536,0,|r_qp|,cross-domain,0.0000,0.0000,3.551,0,-1.61536,0,-6.243,-2.772,-4.378,0,-8.793,0.8855,0.4891,-1.044,0.5041
250.00,251.27,251.28,0,-1.59239,0,|r_qp|,cross-domain,0.0000,0.0000,3.484,0,-1.59239,0,-6.243,-2.772,-4.378,0,-8.793,0.1744,-0.1597,-1.092,-0.8015
250.40,251.67,251.68,0,-1.65288,0,|r_qp|,cross-domain,0.0000,0.0000,3.608,0,-1.65288,0,-6.243,-2.772,-4.378,0,-8.793,-0.5334,-0.301,1.654,46.08
250.80,252.07,252.08,0,-1.58180,0,|r_qp|,cross-domain,0.0000,0.0000,3.509,0,-1.58180,0,-6.243,-2.772,-4.378,0,-8.793,-0.4216,0.09126,-0.7984,1.369
251.20,252.47,252.48,0,-1.55794,0,|r_qp|,cross-domain,0.0000,0.0000,3.631,0,-1.55794,0,-6.243,-2.772,-4.378,0,-8.793,0.09767,-0.3357,-1.006,-0.7706
251.60,252.87,252.88,0,-1.29150,0,|r_qp|,cross-domain,0.0000,0.0000,3.471,0,-1.29150,0,-6.243,-2.772,-4.378,0,-8.793,0.8572,-0.2802,2.761,48.03
252.00,253.27,253.28,0,-1.50337,0,|r_qp|,cross-domain,0.0000,0.0000,3.535,0,-1.50337,0,-6.243,-2.772,-4.378,0,-8.793,1.328,-0.006514,-0.8272,0.7361
252.40,253.67,253.68,0,-1.50979,0,|r_qp|,cross-domain,0.0000,0.0000,3.728,0,-1.50979,0,-6.243,-2.772,-4.378,0,-8.793,1.593,-0.4144,-1.066,-0.9232
252.80,254.07,254.08,0,-1.79203,0,|r_qp|,cross-domain,0.0000,0.0000,3.528,0,-1.79203,0,-6.243,-2.772,-4.378,0,-8.793,1.435,-0.3469,1.19,50
253.20,254.47,254.48,0,-1.60484,0,|r_qp|,cross-domain,0.0000,0.0000,3.638,0,-1.60484,0,-6.243,-2.772,-4.378,0,-8.793,0.9099,0.3327,-1.056,0.3255
253.60,254.87,254.88,0,-1.70467,0,|r_qp|,cross-domain,0.0000,0.0000,3.434,0,-1.70467,0,-6.243,-2.772,-4.378,0,-8.793,-0.3575,-0.2248,-1.395,-0.7501
254.00,255.27,255.28,0,-1.97015,0,|r_qp|,cross-domain,0.0000,0.0000,3.486,0,-1.97015,0,-6.243,-2.772,-4.378,0,-8.793,-1.203,-0.3758,0.9463,50
254.40,255.67,255.68,0,-1.58850,0,|r_qp|,cross-domain,0.0000,0.0000,3.630,0,-1.58850,0,-6.243,-2.772,-4.378,0,-8.793,-1.251,0.134,-0.6994,1.479
254.80,256.07,256.08,0,-1.58851,0,|r_qp|,cross-domain,0.0000,0.0000,3.573,0,-1.58851,0,-6.243,-2.772,-4.378,0,-8.793,-0.341,-0.1975,-1.015,-0.6891
255.20,256.47,256.48,0,-1.65625,0,|r_qp|,cross-domain,0.0000,0.0000,3.444,0,-1.65625,0,-6.243,-2.772,-4.378,0,-8.793,0.9433,-0.03712,1.75,50
255.60,256.87,256.88,0,-1.26737,0,|r_qp|,cross-domain,0.0000,0.0000,3.620,0,-1.26737,0,-6.243,-2.772,-4.378,0,-8.793,1.539,0.378,-0.05646,0.1184
256.00,257.27,257.28,0,-1.46966,0,|r_qp|,cross-domain,0.0000,0.0000,3.537,0,-1.46966,0,-6.243,-2.772,-4.378,0,-8.793,2.032,-0.01192,-0.9039,-0.8037
256.40,257.67,257.68,0,-1.92909,0,|r_qp|,cross-domain,0.0000,0.0000,3.603,0,-1.92909,0,-6.243,-2.772,-4.378,0,-8.793,2.001,0.04126,0.7571,50
256.80,258.07,258.08,0,-1.59057,0,|r_qp|,cross-domain,0.0000,0.0000,3.841,0,-1.59057,0,-6.243,-2.772,-4.378,0,-8.793,1.355,0.6136,-1.016,0.224
257.20,258.47,258.48,0,-1.61602,0,|r_qp|,cross-domain,0.0000,0.0000,4.220,0,-1.61602,0,-6.243,-2.772,-4.378,0,-8.793,0.2692,-0.1604,-1.19,-0.9659
257.60,258.87,258.88,0,-1.93489,0,|r_qp|,cross-domain,0.0000,0.0000,3.770,0,-1.93489,0,-6.243,-2.772,-4.378,0,-8.793,-0.6283,-0.1173,1.039,50
258.00,259.27,259.28,0,-1.36330,0,|r_qp|,cross-domain,0.0000,0.0000,3.475,0,-1.36330,0,-6.243,-2.772,-4.378,0,-8.793,-0.3378,0.5599,-0.06417,0.5313
258.40,259.67,259.68,0,-1.43660,0,|r_qp|,cross-domain,0.0000,0.0000,3.568,0,-1.43660,0,-6.243,-2.772,-4.378,0,-8.793,0.9155,0.1048,-0.6375,-0.8824
258.80,260.07,260.08,0,-1.72308,0,|r_qp|,cross-domain,0.0000,0.0000,3.475,0,-1.72308,0,-6.243,-2.772,-4.378,0,-8.793,2.123,0.1195,1.419,50
259.20,260.47,260.48,0,-1.57614,0,|r_qp|,cross-domain,0.0000,0.0000,3.559,0,-1.57614,0,-6.243,-2.772,-4.378,0,-8.793,2.203,0.6893,-1.046,0.4753
259.60,260.87,260.88,0,-1.53000,0,|r_qp|,cross-domain,0.0000,0.0000,3.663,0,-1.53000,0,-6.243,-2.772,-4.378,0,-8.793,1.372,0.2944,-0.9557,-0.8724
260.00,261.27,261.28,0,-1.88138,0,|r_qp|,cross-domain,0.0000,0.0000,3.533,0,-1.88138,0,-6.243,-2.772,-4.378,0,-8.793,0.6014,0.4444,1.055,48.14
260.40,261.67,261.68,0,-1.63529,0,|r_qp|,cross-domain,0.0000,0.0000,3.622,0,-1.63529,0,-6.243,-2.772,-4.378,0,-8.793,0.2405,0.5033,-1.054,-0.002115
260.80,262.07,262.08,0,-1.63340,0,|r_qp|,cross-domain,0.0000,0.0000,3.504,0,-1.63340,0,-6.243,-2.772,-4.378,0,-8.793,-0.3205,-0.1189,-1.161,-0.9327
261.20,262.47,262.48,0,-2.00070,0,|r_qp|,cross-domain,0.0000,0.0000,3.449,0,-2.00070,0,-6.243,-2.772,-4.378,0,-8.793,-0.7321,-0.1495,0.8347,50
261.60,262.87,262.88,0,-1.58758,0,|r_qp|,cross-domain,0.0000,0.0000,3.675,0,-1.58758,0,-6.243,-2.772,-4.378,0,-8.793,-0.6723,0.3632,-0.7779,0.587
262.00,263.27,263.28,0,-1.55760,0,|r_qp|,cross-domain,0.0000,0.0000,3.525,0,-1.55760,0,-6.243,-2.772,-4.378,0,-8.793,0.3994,-0.2725,-1.042,-0.9598
262.40,263.67,263.68,0,-1.73116,0,|r_qp|,cross-domain,0.0000,0.0000,3.831,0,-1.73116,0,-6.243,-2.772,-4.378,0,-8.793,1.439,-0.5061,1.352,50
262.80,264.07,264.08,0,-1.51760,0,|r_qp|,cross-domain,0.0000,0.0000,3.602,0,-1.51760,0,-6.243,-2.772,-4.378,0,-8.793,1.588,0.0947,-0.8844,0.7482
263.20,264.47,264.48,0,-1.58214,0,|r_qp|,cross-domain,0.0000,0.0000,3.544,0,-1.58214,0,-6.243,-2.772,-4.378,0,-8.793,1.169,-0.2632,-1.216,-0.9561
263.60,264.87,264.88,0,-1.95866,0,|r_qp|,cross-domain,0.0000,0.0000,3.644,0,-1.95866,0,-6.243,-2.772,-4.378,0,-8.793,0.5974,-0.103,0.8107,50
264.00,265.27,265.28,0,-1.63806,0,|r_qp|,cross-domain,0.0000,0.0000,4.007,0,-1.63806,0,-6.243,-2.772,-4.378,0,-8.793,0.2265,0.3221,-1.067,0.5008
264.40,265.67,265.68,0,-1.71187,0,|r_qp|,cross-domain,0.0000,0.0000,3.602,0,-1.71187,0,-6.243,-2.772,-4.378,0,-8.793,-0.3499,-0.1386,-1.41,-0.8776
264.80,266.07,266.08,0,-2.11188,0,|r_qp|,cross-domain,0.0000,0.0000,3.717,0,-2.11188,0,-6.243,-2.772,-4.378,0,-8.793,-0.7494,-0.1117,0.4879,50
265.20,266.47,266.48,0,-1.37600,0,|r_qp|,cross-domain,0.0000,0.0000,3.586,0,-1.37600,0,-6.243,-2.772,-4.378,0,-8.793,-0.6238,0.392,-0.09982,0.5808
265.60,266.87,266.88,0,-1.49643,0,|r_qp|,cross-domain,0.0000,0.0000,3.694,0,-1.49643,0,-6.243,-2.772,-4.378,0,-8.793,0.5932,-0.09441,-0.8232,-0.7857
266.00,267.27,267.28,0,-1.76136,0,|r_qp|,cross-domain,0.0000,0.0000,3.580,0,-1.76136,0,-6.243,-2.772,-4.378,0,-8.793,1.74,0.119,1.039,45.03
266.40,267.67,267.68,0,-1.63201,0,|r_qp|,cross-domain,0.0000,0.0000,3.492,0,-1.63201,0,-6.243,-2.772,-4.378,0,-8.793,1.948,0.923,-1.13,0.7227
266.80,268.07,268.08,0,-1.66123,0,|r_qp|,cross-domain,0.0000,0.0000,3.730,0,-1.66123,0,-6.243,-2.772,-4.378,0,-8.793,1.041,0.3364,-1.332,-0.9587
267.20,268.47,268.48,0,-1.99255,0,|r_qp|,cross-domain,0.0000,0.0000,3.491,0,-1.99255,0,-6.243,-2.772,-4.378,0,-8.793,0.2237,0.2916,0.8296,50
267.60,268.87,268.88,0,-1.64091,0,|r_qp|,cross-domain,0.0000,0.0000,3.663,0,-1.64091,0,-6.243,-2.772,-4.378,0,-8.793,0.09805,0.267,-1.097,0.08152
268.00,269.27,269.28,0,-1.68290,0,|r_qp|,cross-domain,0.0000,0.0000,3.560,0,-1.68290,0,-6.243,-2.772,-4.378,0,-8.793,-0.334,-0.2131,-1.337,-0.9221
268.40,269.67,269.68,0,-1.95195,0,|r_qp|,cross-domain,0.0000,0.0000,3.650,0,-1.95195,0,-6.243,-2.772,-4.378,0,-8.793,-0.6282,-0.2103,0.9656,50
268.80,270.07,270.08,0,-1.53775,0,|r_qp|,cross-domain,0.0000,0.0000,3.774,0,-1.53775,0,-6.243,-2.772,-4.378,0,-8.793,-0.7333,0.1585,-0.6318,0.9167
269.20,270.47,270.48,0,-1.54062,0,|r_qp|,cross-domain,0.0000,0.0000,3.504,0,-1.54062,0,-6.243,-2.772,-4.378,0,-8.793,0.3102,-0.3733,-0.9941,-0.9204
269.60,270.87,270.88,0,-1.70140,0,|r_qp|,cross-domain,0.0000,0.0000,3.641,0,-1.70140,0,-6.243,-2.772,-4.378,0,-8.793,1.302,-0.4357,1.307,47.2
270.00,271.27,271.28,0,-1.51018,0,|r_qp|,cross-domain,0.0000,0.0000,3.548,0,-1.51018,0,-6.243,-2.772,-4.378,0,-8.793,1.525,0.1499,-0.8606,0.4357
270.40,271.67,271.68,0,-1.47373,0,|r_qp|,cross-domain,0.0000,0.0000,3.578,0,-1.47373,0,-6.243,-2.772,-4.378,0,-8.793,1.574,-0.3095,-0.9199,-0.8122
270.80,272.07,272.08,0,-1.79737,0,|r_qp|,cross-domain,0.0000,0.0000,3.704,0,-1.79737,0,-6.243,-2.772,-4.378,0,-8.793,1.655,0.02454,1.22,50
271.20,272.47,272.48,0,-1.65483,0,|r_qp|,cross-domain,0.0000,0.0000,3.699,0,-1.65483,0,-6.243,-2.772,-4.378,0,-8.793,1.312,1.035,-1.141,0.05117
271.60,272.87,272.88,0,-1.70629,0,|r_qp|,cross-domain,0.0000,0.0000,3.801,0,-1.70629,0,-6.243,-2.772,-4.378,0,-8.793,0.09476,0.5406,-1.315,-0.9706
272.00,273.27,273.28,0,-1.93040,0,|r_qp|,cross-domain,0.0000,0.0000,3.682,0,-1.93040,0,-6.243,-2.772,-4.378,0,-8.793,-0.9295,0.7197,1.262,50
272.40,273.67,273.68,0,-1.70888,0,|r_qp|,cross-domain,0.0000,0.0000,3.572,0,-1.70888,0,-6.243,-2.772,-4.378,0,-8.793,-0.9427,0.8818,-1.016,0.7698
272.80,274.07,274.08,0,-1.67535,0,|r_qp|,cross-domain,0.0000,0.0000,3.611,0,-1.67535,0,-6.243,-2.772,-4.378,0,-8.793,-0.04963,0.2223,-1.262,-0.9663
273.20,274.47,274.48,0,-1.93793,0,|r_qp|,cross-domain,0.0000,0.0000,3.496,0,-1.93793,0,-6.243,-2.772,-4.378,0,-8.793,0.8243,0.0432,0.8782,50
273.60,274.87,274.88,0,-1.34739,0,|r_qp|,cross-domain,0.0000,0.0000,3.392,0,-1.34739,0,-6.243,-2.772,-4.378,0,-8.793,0.9299,0.2946,-0.2248,0.5782
274.00,275.27,275.28,0,-1.51647,0,|r_qp|,cross-domain,0.0000,0.0000,3.719,0,-1.51647,0,-6.243,-2.772,-4.378,0,-8.793,1.148,-0.03587,-0.9511,-0.8714
274.40,275.67,275.68,0,-1.92888,0,|r_qp|,cross-domain,0.0000,0.0000,3.564,0,-1.92888,0,-6.243,-2.772,-4.378,0,-8.793,1.271,0.1568,0.8737,50
274.80,276.07,276.08,0,-1.60280,0,|r_qp|,cross-domain,0.0000,0.0000,3.723,0,-1.60280,0,-6.243,-2.772,-4.378,0,-8.793,1.125,0.6435,-1.009,0.4003
275.20,276.47,276.48,0,-1.66427,0,|r_qp|,cross-domain,0.0000,0.0000,4.817,0,-1.66427,0,-6.243,-2.772,-4.378,0,-8.793,0.4464,0.06269,-1.316,-0.8712
275.60,276.87,276.88,0,-2.08569,0,|r_qp|,cross-domain,0.0000,0.0000,3.490,0,-2.08569,0,-6.243,-2.772,-4.378,0,-8.793,-0.1899,-0.03855,0.5046,49.82
276.00,277.27,277.28,0,-1.63481,0,|r_qp|,cross-domain,0.0000,0.0000,3.762,0,-1.63481,0,-6.243,-2.772,-4.378,0,-8.793,-0.4259,0.3979,-0.938,0.8417
276.40,277.67,277.68,0,-1.58393,0,|r_qp|,cross-domain,0.0000,0.0000,3.567,0,-1.58393,0,-6.243,-2.772,-4.378,0,-8.793,0.06363,0.03897,-1.016,-0.8937
276.80,278.07,278.08,0,-1.92234,0,|r_qp|,cross-domain,0.0000,0.0000,3.680,0,-1.92234,0,-6.243,-2.772,-4.378,0,-8.793,0.541,0.3105,0.7615,45.82
277.20,278.47,278.48,0,-1.46151,0,|r_qp|,cross-domain,0.0000,0.0000,3.573,0,-1.46151,0,-6.243,-2.772,-4.378,0,-8.793,0.8651,0.7521,-0.4888,0.5913
277.60,278.87,278.88,0,-1.36508,0,|r_qp|,cross-domain,0.0000,0.0000,3.393,0,-1.36508,0,-6.243,-2.772,-4.378,0,-8.793,1.357,0.5429,-0.3673,-0.7608
278.00,279.27,279.28,0,-1.79620,0,|r_qp|,cross-domain,0.0000,0.0000,3.715,0,-1.79620,0,-6.243,-2.772,-4.378,0,-8.793,1.67,1.042,1.429,50
278.40,279.67,279.68,0,-1.69049,0,|r_qp|,cross-domain,0.0000,0.0000,3.496,0,-1.69049,0,-6.243,-2.772,-4.378,0,-8.793,1.544,2.012,-1.085,0.07268
278.80,280.07,280.08,0,-1.74294,0,|r_qp|,cross-domain,0.0000,0.0000,3.650,0,-1.74294,0,-6.243,-2.772,-4.378,0,-8.793,0.1352,1.554,-1.226,-0.8783
279.20,280.47,280.48,0,-1.96273,0,|r_qp|,cross-domain,0.0000,0.0000,3.465,0,-1.96273,0,-6.243,-2.772,-4.378,0,-8.793,-0.9338,1.647,1.348,50
279.60,280.87,280.88,0,-1.64810,0,|r_qp|,cross-domain,0.0000,0.0000,3.637,0,-1.64810,0,-6.243,-2.772,-4.378,0,-8.793,-0.929,2.012,-0.6282,0.1965
280.00,281.27,281.28,0,-1.60012,0,|r_qp|,cross-domain,0.0000,0.0000,3.711,0,-1.60012,0,-6.243,-2.772,-4.378,0,-8.793,0.2593,2.756,-0.541,-0.9047
280.40,281.67,281.68,0,-1.92114,0,|r_qp|,cross-domain,0.0000,0.0000,3.553,0,-1.92114,0,-6.243,-2.772,-4.378,0,-8.793,1.473,4.103,1.585,48.52
280.80,282.07,282.08,0,-1.67098,0,|r_qp|,cross-domain,0.0000,0.0000,3.533,0,-1.67098,0,-6.243,-2.772,-4.378,0,-8.793,1.816,4.786,-0.4864,0.1699
281.20,282.47,282.48,0,-1.39065,0,|r_qp|,cross-domain,0.0000,0.0000,3.618,0,-1.39065,0,-6.243,-2.772,-4.378,0,-8.793,1.954,4.76,0.3559,-0.3894
281.60,282.87,282.88,0,-1.90956,0,|r_qp|,cross-domain,0.0000,0.0000,3.512,0,-1.90956,0,-6.243,-2.772,-4.378,0,-8.793,1.917,4.86,1.665,47.63
282.00,283.27,283.28,0,-1.87206,0,|r_qp|,cross-domain,0.0000,0.0000,3.660,0,-1.87206,0,-6.243,-2.772,-4.378,0,-8.793,1.473,4.991,-1.061,-0.06759
282.40,283.67,283.68,0,-1.66154,0,|r_qp|,cross-domain,0.0000,0.0000,3.907,0,-1.66154,0,-6.243,-2.772,-4.378,0,-8.793,0.1277,3.587,-0.5368,-0.6541
282.80,284.07,284.08,0,-2.00802,0,|r_qp|,cross-domain,0.0000,0.0000,3.741,0,-2.00802,0,-6.243,-2.772,-4.378,0,-8.793,-0.8475,2.617,1.32,48.87
283.20,284.47,284.48,0,-1.30747,0,|r_qp|,cross-domain,0.0000,0.0000,3.655,0,-1.30747,0,-6.243,-2.772,-4.378,0,-8.793,-0.6692,2.313,0.5104,0.4794
283.60,284.87,284.88,0,-1.30785,0,|r_qp|,cross-domain,0.0000,0.0000,3.512,0,-1.30785,0,-6.243,-2.772,-4.378,0,-8.793,1.208,2.992,0.3375,-0.6932
284.00,285.27,285.28,0,-1.78339,0,|r_qp|,cross-domain,0.0000,0.0000,3.678,0,-1.78339,0,-6.243,-2.772,-4.378,0,-8.793,2.817,4.181,1.626,44.51
284.40,285.67,285.68,0,-1.78538,0,|r_qp|,cross-domain,0.0000,0.0000,3.518,0,-1.78538,0,-6.243,-2.772,-4.378,0,-8.793,2.836,4.575,-1.024,0.1908
284.80,286.07,286.08,0,-1.74005,0,|r_qp|,cross-domain,0.0000,0.0000,4.375,0,-1.74005,0,-6.243,-2.772,-4.378,0,-8.793,1.229,3.068,-1.044,-0.8303
285.20,286.47,286.48,0,-2.11181,0,|r_qp|,cross-domain,0.0000,0.0000,19.638,0,-2.11181,0,-6.243,-2.772,-4.378,0,-8.793,-0.155,1.241,0.6882,50
285.60,286.87,286.88,0,-1.62574,0,|r_qp|,cross-domain,0.0000,0.0000,3.746,0,-1.62574,0,-6.243,-2.772,-4.378,0,-8.793,-0.6458,0.4295,-0.9203,0.09749
286.00,287.27,287.28,0,-1.66152,0,|r_qp|,cross-domain,0.0000,0.0000,3.729,0,-1.66152,0,-6.243,-2.772,-4.378,0,-8.793,-0.7352,0.07861,-1.156,-0.8958
286.40,287.67,287.68,0,-1.97120,0,|r_qp|,cross-domain,0.0000,0.0000,3.548,0,-1.97120,0,-6.243,-2.772,-4.378,0,-8.793,-0.744,0.3167,1.026,50
286.80,288.07,288.08,0,-1.66370,0,|r_qp|,cross-domain,0.0000,0.0000,3.640,0,-1.66370,0,-6.243,-2.772,-4.378,0,-8.793,-0.7005,1.214,-0.846,0.5795
287.20,288.47,288.48,0,-1.67193,0,|r_qp|,cross-domain,0.0000,0.0000,3.670,0,-1.67193,0,-6.243,-2.772,-4.378,0,-8.793,0.03535,0.7322,-1.15,-0.8329
287.60,288.87,288.88,0,-1.73548,0,|r_qp|,cross-domain,0.0000,0.0000,3.548,0,-1.73548,0,-6.243,-2.772,-4.378,0,-8.793,0.8558,0.7179,1.466,46.82
288.00,289.27,289.28,0,-1.45741,0,|r_qp|,cross-domain,0.0000,0.0000,3.760,0,-1.45741,0,-6.243,-2.772,-4.378,0,-8.793,1.198,0.5516,-0.5857,0.1505
288.40,289.67,289.68,0,-1.37899,0,|r_qp|,cross-domain,0.0000,0.0000,3.471,0,-1.37899,0,-6.243,-2.772,-4.378,0,-8.793,1.67,0.7954,-0.399,-0.7397
288.80,290.07,290.08,0,-1.66797,0,|r_qp|,cross-domain,0.0000,0.0000,3.501,0,-1.66797,0,-6.243,-2.772,-4.378,0,-8.793,1.928,1.661,1.934,50
289.20,290.47,290.48,0,-1.75962,0,|r_qp|,cross-domain,0.0000,0.0000,3.566,0,-1.75962,0,-6.243,-2.772,-4.378,0,-8.793,1.717,2.869,-1.177,-0.2934
289.60,290.87,290.88,0,-1.77177,0,|r_qp|,cross-domain,0.0000,0.0000,3.465,0,-1.77177,0,-6.243,-2.772,-4.378,0,-8.793,0.7096,2.163,-1.27,-0.9235
290.00,291.27,291.28,0,-1.91793,0,|r_qp|,cross-domain,0.0000,0.0000,3.531,0,-1.91793,0,-6.243,-2.772,-4.378,0,-8.793,-0.2754,1.971,1.444,49.52
290.40,291.67,291.68,0,-1.65274,0,|r_qp|,cross-domain,0.0000,0.0000,3.587,0,-1.65274,0,-6.243,-2.772,-4.378,0,-8.793,-0.4878,2.13,-0.6761,0.1777
290.80,292.07,292.08,0,-1.57176,0,|r_qp|,cross-domain,0.0000,0.0000,3.615,0,-1.57176,0,-6.243,-2.772,-4.378,0,-8.793,0.198,2.499,-0.479,-0.6524
291.20,292.47,292.48,0,-1.84564,0,|r_qp|,cross-domain,0.0000,0.0000,3.637,0,-1.84564,0,-6.243,-2.772,-4.378,0,-8.793,0.9631,3.642,1.831,49.06
291.60,292.87,292.88,0,-1.70235,0,|r_qp|,cross-domain,0.0000,0.0000,3.479,0,-1.70235,0,-6.243,-2.772,-4.378,0,-8.793,1.287,3.995,-0.6749,0.2689
292.00,293.27,293.28,0,-1.67999,0,|r_qp|,cross-domain,0.0000,0.0000,3.573,0,-1.67999,0,-6.243,-2.772,-4.378,0,-8.793,1.255,3.443,-0.7817,-0.8742
292.40,293.67,293.68,0,-2.01667,0,|r_qp|,cross-domain,0.0000,0.0000,3.653,0,-2.01667,0,-6.243,-2.772,-4.378,0,-8.793,1.071,3.638,1.057,45.62
292.80,294.07,294.08,0,-1.85438,0,|r_qp|,cross-domain,0.0000,0.0000,3.529,0,-1.85438,0,-6.243,-2.772,-4.378,0,-8.793,0.7895,3.903,-1.145,-0.17
293.20,294.47,294.48,0,-1.83719,0,|r_qp|,cross-domain,0.0000,0.0000,3.577,0,-1.83719,0,-6.243,-2.772,-4.378,0,-8.793,-0.02426,3.527,-1.109,-0.9165
293.60,294.87,294.88,0,-1.97063,0,|r_qp|,cross-domain,0.0000,0.0000,3.497,0,-1.97063,0,-6.243,-2.772,-4.378,0,-8.793,-0.6284,2.959,1.551,50
294.00,295.27,295.28,0,-1.80888,0,|r_qp|,cross-domain,0.0000,0.0000,3.554,0,-1.80888,0,-6.243,-2.772,-4.378,0,-8.793,-0.5818,2.936,-0.9873,0.4011
294.40,295.67,295.68,0,-1.66376,0,|r_qp|,cross-domain,0.0000,0.0000,3.545,0,-1.66376,0,-6.243,-2.772,-4.378,0,-8.793,0.1147,1.983,-0.8833,-0.8923
294.80,296.07,296.08,0,-1.82815,0,|r_qp|,cross-domain,0.0000,0.0000,3.650,0,-1.82815,0,-6.243,-2.772,-4.378,0,-8.793,0.9363,1.164,1.151,45.23
295.20,296.47,296.48,0,-1.41368,0,|r_qp|,cross-domain,0.0000,0.0000,3.693,0,-1.41368,0,-6.243,-2.772,-4.378,0,-8.793,1.189,0.4989,-0.4525,0.1892
295.60,296.87,296.88,0,-1.39935,0,|r_qp|,cross-domain,0.0000,0.0000,4.594,0,-1.39935,0,-6.243,-2.772,-4.378,0,-8.793,1.701,1.83,-0.2647,-0.8552
296.00,297.27,297.28,0,-1.98065,0,|r_qp|,cross-domain,0.0000,0.0000,3.707,0,-1.98065,0,-6.243,-2.772,-4.378,0,-8.793,1.986,3.994,1.23,47.27
296.40,297.67,297.68,0,-1.79299,0,|r_qp|,cross-domain,0.0000,0.0000,3.833,0,-1.79299,0,-6.243,-2.772,-4.378,0,-8.793,1.534,5.442,-0.7148,0.06797
296.80,298.07,298.08,0,-1.90681,0,|r_qp|,cross-domain,0.0000,0.0000,3.600,0,-1.90681,0,-6.243,-2.772,-4.378,0,-8.793,0.09502,3.399,-1.377,-0.9654
297.20,298.47,298.48,0,-1.93434,0,|r_qp|,cross-domain,0.0000,0.0000,3.594,0,-1.93434,0,-6.243,-2.772,-4.378,0,-8.793,-1.08,1.499,1.427,50
297.60,298.87,298.88,0,-1.68166,0,|r_qp|,cross-domain,0.0000,0.0000,3.697,0,-1.68166,0,-6.243,-2.772,-4.378,0,-8.793,-1.03,0.9231,-0.9314,0.4101
298.00,299.27,299.28,0,-1.57028,0,|r_qp|,cross-domain,0.0000,0.0000,3.626,0,-1.57028,0,-6.243,-2.772,-4.378,0,-8.793,-0.02914,0.432,-0.8651,-0.6373
298.40,299.67,299.68,0,-1.82131,0,|r_qp|,cross-domain,0.0000,0.0000,3.664,0,-1.82131,0,-6.243,-2.772,-4.378,0,-8.793,1.061,0.2886,1.206,48.92
