t_start,t_end,t_release,label,score,alarm,dominant,domain,csec_corr,csec_unc,decision_ms_after_target,csec_wait_ms,prov_score,prov_alarm,|r_bal|,|r_aux|,|r_cool|,|r_ups|,|r_qp|,|r_pv|,|r_reg|,e_rec,e_fc
2.00,3.27,4.17,0,2.06963,1,e_rec,cross-domain,0.6455,0.0000,891.191,890,7.23364,1,-6.243,-2.772,-4.378,0,-8.793,33.72,50,35.93,50
2.40,3.67,4.17,0,-0.06814,0,e_rec,cross-domain,0.4611,0.0000,491.191,490,3.62043,1,-6.243,-2.772,-4.378,0,-8.793,29,48.32,24.57,50
2.80,4.07,4.17,0,10.55917,1,e_rec,cross-domain,0.1537,0.0000,91.191,90,11.78870,1,-6.243,-2.772,-4.378,0,-8.793,18.38,47.14,50,15.26
3.20,4.47,4.48,0,-2.20085,0,|r_qp|,cross-domain,0.0000,0.0000,3.645,0,-2.20085,0,-6.243,-2.772,-4.378,0,-8.793,8.336,50,8.831,50
3.60,4.87,4.88,0,8.46778,1,e_rec,cross-domain,0.0000,0.0000,3.590,0,8.46778,1,-6.243,-2.772,-4.378,0,-8.793,1.571,44.57,40.71,10.74
4.00,5.27,5.28,0,7.93072,1,e_rec,cross-domain,0.0000,0.0000,3.532,0,7.93072,1,-6.243,-2.772,-4.378,0,-8.793,2.323,47.63,39.17,5.288
4.40,5.67,5.68,0,-1.14608,0,|r_qp|,cross-domain,0.0000,0.0000,3.657,0,-1.14608,0,-6.243,-2.772,-4.378,0,-8.793,4.932,41.78,10.99,49.03
4.80,6.07,6.08,0,-0.53560,0,|r_qp|,cross-domain,0.0000,0.0000,3.575,0,-0.53560,0,-6.243,-2.772,-4.378,0,-8.793,7.569,37.87,8.996,0.6991
5.20,6.47,6.48,0,-0.62481,0,|r_qp|,cross-domain,0.0000,0.0000,3.682,0,-0.62481,0,-6.243,-2.772,-4.378,0,-8.793,6.629,28.7,6.949,-0.4295
5.60,6.87,6.88,0,-2.14019,0,|r_qp|,cross-domain,0.0000,0.0000,3.594,0,-2.14019,0,-6.243,-2.772,-4.378,0,-8.793,4.111,18.83,3.174,46.14
6.00,7.27,7.28,0,-2.33861,0,|r_qp|,cross-domain,0.0000,0.0000,3.568,0,-2.33861,0,-6.243,-2.772,-4.378,0,-8.793,1.943,14.29,-0.7471,0.8041
6.40,7.67,7.68,0,-1.83199,0,|r_qp|,cross-domain,0.0000,0.0000,3.631,0,-1.83199,0,-6.243,-2.772,-4.378,0,-8.793,1.695,6.11,-0.7726,-0.3814
6.80,8.07,8.08,0,-0.15327,0,|r_qp|,cross-domain,0.0000,0.0000,3.518,0,-0.15327,0,-6.243,-2.772,-4.378,0,-8.793,2.958,0.622,5.647,38.1
7.20,8.47,8.48,0,-1.48282,0,|r_qp|,cross-domain,0.0000,0.0000,3.540,0,-1.48282,0,-6.243,-2.772,-4.378,0,-8.793,3.16,1.445,-0.7617,-0.3655
7.60,8.87,8.88,0,-1.26242,0,|r_qp|,cross-domain,0.0000,0.0000,3.710,0,-1.26242,0,-6.243,-2.772,-4.378,0,-8.793,4.169,1.024,-0.2397,0.08264
8.00,9.27,9.28,0,-0.31800,0,|r_qp|,cross-domain,0.0000,0.0000,4.039,0,-0.31800,0,-6.243,-2.772,-4.378,0,-8.793,4.587,0.8706,5.44,46.38
8.40,9.67,9.68,0,-1.56992,0,|r_qp|,cross-domain,0.0000,0.0000,3.769,0,-1.56992,0,-6.243,-2.772,-4.378,0,-8.793,3.518,0.02619,-1.336,0.2043
8.80,10.07,10.08,0,-1.45387,0,|r_qp|,cross-domain,0.0000,0.0000,4.197,0,-1.45387,0,-6.243,-2.772,-4.378,0,-8.793,2.084,-0.3329,-0.8022,0.9666
9.20,10.47,10.48,0,-0.59879,0,|r_qp|,cross-domain,0.0000,0.0000,3.547,0,-0.59879,0,-6.243,-2.772,-4.378,0,-8.793,0.2069,-0.1772,4.956,47.37
9.60,10.87,10.88,0,-1.77164,0,|r_qp|,cross-domain,0.0000,0.0000,3.663,0,-1.77164,0,-6.243,-2.772,-4.378,0,-8.793,-0.5163,0.6699,-1.372,-0.4456
10.00,11.27,11.28,0,-1.39858,0,|r_qp|,cross-domain,0.0000,0.0000,3.547,0,-1.39858,0,-6.243,-2.772,-4.378,0,-8.793,0.09814,0.1397,-0.2293,1.692
10.40,11.67,11.68,0,-0.17473,0,|r_qp|,cross-domain,0.0000,0.0000,3.637,0,-0.17473,0,-6.243,-2.772,-4.378,0,-8.793,2.161,0.2382,6.126,46.96
10.80,12.07,12.08,0,-1.32943,0,|r_qp|,cross-domain,0.0000,0.0000,3.615,0,-1.32943,0,-6.243,-2.772,-4.378,0,-8.793,3.196,0.6113,-0.4284,-0.2162
11.20,12.47,12.48,0,-1.13312,0,|r_qp|,cross-domain,0.0000,0.0000,3.541,0,-1.13312,0,-6.243,-2.772,-4.378,0,-8.793,4.671,0.1337,0.01586,1.454
11.60,12.87,12.88,0,-0.02135,0,|r_qp|,cross-domain,0.0000,0.0000,3.601,0,-0.02135,0,-6.243,-2.772,-4.378,0,-8.793,4.795,0.3088,6.231,45.93
12.00,13.27,13.28,0,-1.33140,0,|r_qp|,cross-domain,0.0000,0.0000,3.716,0,-1.33140,0,-6.243,-2.772,-4.378,0,-8.793,4.205,0.7021,-0.5347,0.01109
12.40,13.67,13.68,0,-1.37582,0,|r_qp|,cross-domain,0.0000,0.0000,3.686,0,-1.37582,0,-6.243,-2.772,-4.378,0,-8.793,3.385,0.2896,-0.6248,0.4887
12.80,14.07,14.08,0,-0.50420,0,|r_qp|,cross-domain,0.0000,0.0000,3.511,0,-0.50420,0,-6.243,-2.772,-4.378,0,-8.793,1.951,0.00376,5.196,49.52
13.20,14.47,14.48,0,-1.59454,0,|r_qp|,cross-domain,0.0000,0.0000,3.575,0,-1.59454,0,-6.243,-2.772,-4.378,0,-8.793,1.087,0.3183,-1.076,-0.3754
13.60,14.87,14.88,0,-1.56380,0,|r_qp|,cross-domain,0.0000,0.0000,3.642,0,-1.56380,0,-6.243,-2.772,-4.378,0,-8.793,0.4466,-0.1543,-0.8879,1.308
14.00,15.27,15.28,0,-0.99341,0,|r_qp|,cross-domain,0.0000,0.0000,3.539,0,-0.99341,0,-6.243,-2.772,-4.378,0,-8.793,0.4747,0.0494,3.848,50
14.40,15.67,15.68,0,-1.41231,0,|r_qp|,cross-domain,0.0000,0.0000,3.613,0,-1.41231,0,-6.243,-2.772,-4.378,0,-8.793,0.7933,0.8523,-0.3309,-0.1483
14.80,16.07,16.08,0,-1.31047,0,|r_qp|,cross-domain,0.0000,0.0000,3.566,0,-1.31047,0,-6.243,-2.772,-4.378,0,-8.793,1.164,0.3297,-0.07609,1.188
15.20,16.47,16.48,0,-0.23032,0,|r_qp|,cross-domain,0.0000,0.0000,3.553,0,-0.23032,0,-6.243,-2.772,-4.378,0,-8.793,2.236,0.1907,5.754,44
15.60,16.87,16.88,0,-1.33786,0,|r_qp|,cross-domain,0.0000,0.0000,3.589,0,-1.33786,0,-6.243,-2.772,-4.378,0,-8.793,2.965,1.264,-0.307,-0.4033
16.00,17.27,17.28,0,-1.11825,0,|r_qp|,cross-domain,0.0000,0.0000,3.559,0,-1.11825,0,-6.243,-2.772,-4.378,0,-8.793,3.961,0.2329,0.09918,0.1511
16.40,17.67,17.68,0,-1.13373,0,|r_qp|,cross-domain,0.0000,0.0000,3.575,0,-1.13373,0,-6.243,-2.772,-4.378,0,-8.793,3.205,0.09586,3.05,50
16.80,18.07,18.08,0,-1.20727,0,|r_qp|,cross-domain,0.0000,0.0000,3.570,0,-1.20727,0,-6.243,-2.772,-4.378,0,-8.793,2.132,0.2479,0.05618,0.1977
17.20,18.47,18.48,0,-1.56989,0,|r_qp|,cross-domain,0.0000,0.0000,4.753,0,-1.56989,0,-6.243,-2.772,-4.378,0,-8.793,0.4423,0.4232,-0.8364,0.5612
17.60,18.87,18.88,0,-0.62085,0,|r_qp|,cross-domain,0.0000,0.0000,3.866,0,-0.62085,0,-6.243,-2.772,-4.378,0,-8.793,0.5495,0.5188,4.788,44.14
18.00,19.27,19.28,0,-1.36355,0,|r_qp|,cross-domain,0.0000,0.0000,3.507,0,-1.36355,0,-6.243,-2.772,-4.378,0,-8.793,1.487,1.757,-0.1052,-0.4933
18.40,19.67,19.68,0,-1.26184,0,|r_qp|,cross-domain,0.0000,0.0000,3.555,0,-1.26184,0,-6.243,-2.772,-4.378,0,-8.793,3.149,0.3756,-0.2521,-0.2338
18.80,20.07,20.08,0,-1.15532,0,|r_qp|,cross-domain,0.0000,0.0000,3.624,0,-1.15532,0,-6.243,-2.772,-4.378,0,-8.793,3.566,0.1996,2.954,50
19.20,20.47,20.48,0,-1.50629,0,|r_qp|,cross-domain,0.0000,0.0000,3.577,0,-1.50629,0,-6.243,-2.772,-4.378,0,-8.793,2.537,0.1086,-0.9897,0.1661
19.60,20.87,20.88,0,-1.53484,0,|r_qp|,cross-domain,0.0000,0.0000,3.612,0,-1.53484,0,-6.243,-2.772,-4.378,0,-8.793,0.5511,-0.1884,-0.8675,0.4135
20.00,21.27,21.28,0,-0.76140,0,|r_qp|,cross-domain,0.0000,0.0000,3.526,0,-0.76140,0,-6.243,-2.772,-4.378,0,-8.793,-0.9151,-0.02001,4.763,50
20.40,21.67,21.68,0,-1.62707,0,|r_qp|,cross-domain,0.0000,0.0000,3.486,0,-1.62707,0,-6.243,-2.772,-4.378,0,-8.793,-0.7764,0.6381,-0.844,0.1422
20.80,22.07,22.08,0,-1.56698,0,|r_qp|,cross-domain,0.0000,0.0000,3.541,0,-1.56698,0,-6.243,-2.772,-4.378,0,-8.793,0.07705,-0.01838,-0.9123,-0.2101
21.20,22.47,22.48,0,-0.82772,0,|r_qp|,cross-domain,0.0000,0.0000,3.581,0,-0.82772,0,-6.243,-2.772,-4.378,0,-8.793,0.4015,0.05863,4.394,50
21.60,22.87,22.88,0,-1.63365,0,|r_qp|,cross-domain,0.0000,0.0000,3.537,0,-1.63365,0,-6.243,-2.772,-4.378,0,-8.793,0.4964,0.4721,-1.076,-0.06033
22.00,23.27,23.28,0,-1.52249,0,|r_qp|,cross-domain,0.0000,0.0000,3.466,0,-1.52249,0,-6.243,-2.772,-4.378,0,-8.793,0.7464,-0.03758,-0.8673,-0.3361
22.40,23.67,23.68,0,-1.44910,0,|r_qp|,cross-domain,0.0000,0.0000,3.561,0,-1.44910,0,-6.243,-2.772,-4.378,0,-8.793,0.7361,-0.0002302,2.336,50
22.80,24.07,24.08,0,-1.27195,0,|r_qp|,cross-domain,0.0000,0.0000,3.762,0,-1.27195,0,-6.243,-2.772,-4.378,0,-8.793,0.5812,1.008,0.2368,0.8198
23.20,24.47,24.48,0,-1.53769,0,|r_qp|,cross-domain,0.0000,0.0000,3.529,0,-1.53769,0,-6.243,-2.772,-4.378,0,-8.793,-0.546,1.526,-0.3924,0.4436
23.60,24.87,24.88,0,-1.60976,0,|r_qp|,cross-domain,0.0000,0.0000,3.572,0,-1.60976,0,-6.243,-2.772,-4.378,0,-8.793,-1.149,1.838,1.871,40.53
24.00,25.27,25.28,0,-1.57113,0,|r_qp|,cross-domain,0.0000,0.0000,3.588,0,-1.57113,0,-6.243,-2.772,-4.378,0,-8.793,-0.7454,3.399,-0.08935,0.6785
24.40,25.67,25.68,0,-1.72772,0,|r_qp|,cross-domain,0.0000,0.0000,3.607,0,-1.72772,0,-6.243,-2.772,-4.378,0,-8.793,-0.362,2.654,-0.8157,0.2641
24.80,26.07,26.08,0,-1.05686,0,|r_qp|,cross-domain,0.0000,0.0000,3.623,0,-1.05686,0,-6.243,-2.772,-4.378,0,-8.793,0.9568,2.343,3.633,43.15
25.20,26.47,26.48,0,-1.43432,0,|r_qp|,cross-domain,0.0000,0.0000,3.587,0,-1.43432,0,-6.243,-2.772,-4.378,0,-8.793,1.611,3.086,-0.04099,0.2741
25.60,26.87,26.88,0,-1.26651,0,|r_qp|,cross-domain,0.0000,0.0000,3.463,0,-1.26651,0,-6.243,-2.772,-4.378,0,-8.793,3.403,1.439,-0.07217,0.06275
26.00,27.27,27.28,0,-1.11649,0,|r_qp|,cross-domain,0.0000,0.0000,3.606,0,-1.11649,0,-6.243,-2.772,-4.378,0,-8.793,3.621,1.053,2.988,45.69
26.40,27.67,27.68,0,-1.31614,0,|r_qp|,cross-domain,0.0000,0.0000,3.577,0,-1.31614,0,-6.243,-2.772,-4.378,0,-8.793,2.617,1.238,-0.103,1.197
26.80,28.07,28.08,0,-1.50902,0,|r_qp|,cross-domain,0.0000,0.0000,3.656,0,-1.50902,0,-6.243,-2.772,-4.378,0,-8.793,0.3546,1.479,-0.4222,0.5154
27.20,28.47,28.48,0,-1.45135,0,|r_qp|,cross-domain,0.0000,0.0000,3.641,0,-1.45135,0,-6.243,-2.772,-4.378,0,-8.793,-0.9527,2.134,2.785,46.82
27.60,28.87,28.88,0,-1.23178,0,|r_qp|,cross-domain,0.0000,0.0000,3.495,0,-1.23178,0,-6.243,-2.772,-4.378,0,-8.793,-0.8097,3.681,1.15,2.065
28.00,29.27,29.28,0,-1.56895,0,|r_qp|,cross-domain,0.0000,0.0000,4.889,0,-1.56895,0,-6.243,-2.772,-4.378,0,-8.793,-0.9325,3.547,-0.02306,0.771
28.40,29.67,29.68,0,-1.70880,0,|r_qp|,cross-domain,0.0000,0.0000,3.725,0,-1.70880,0,-6.243,-2.772,-4.378,0,-8.793,-1.266,3.719,2.102,43.28
28.80,30.07,30.08,0,-1.63265,0,|r_qp|,cross-domain,0.0000,0.0000,3.744,0,-1.63265,0,-6.243,-2.772,-4.378,0,-8.793,-0.8509,4.648,0.03687,1.753
29.20,30.47,30.48,0,-1.43628,0,|r_qp|,cross-domain,0.0000,0.0000,3.569,0,-1.43628,0,-6.243,-2.772,-4.378,0,-8.793,1.234,2.592,-0.1139,-0.03145
29.60,30.87,30.88,0,-1.29852,0,|r_qp|,cross-domain,0.0000,0.0000,4.130,0,-1.29852,0,-6.243,-2.772,-4.378,0,-8.793,2.844,1.544,2.457,43.27
30.00,31.27,31.28,0,-1.60000,0,|r_qp|,cross-domain,0.0000,0.0000,3.714,0,-1.60000,0,-6.243,-2.772,-4.378,0,-8.793,2.787,1.115,-1.053,1.397
30.40,31.67,31.68,0,-1.65367,0,|r_qp|,cross-domain,0.0000,0.0000,3.575,0,-1.65367,0,-6.243,-2.772,-4.378,0,-8.793,0.851,0.4018,-1.233,-0.6236
30.80,32.07,32.08,0,-1.52230,0,|r_qp|,cross-domain,0.0000,0.0000,3.646,0,-1.52230,0,-6.243,-2.772,-4.378,0,-8.793,-0.6708,0.6525,2.37,49.28
31.20,32.47,32.48,0,-1.08575,0,|r_qp|,cross-domain,0.0000,0.0000,3.660,0,-1.08575,0,-6.243,-2.772,-4.378,0,-8.793,-1.047,0.9847,1.164,2.851
31.60,32.87,32.88,0,-1.54382,0,|r_qp|,cross-domain,0.0000,0.0000,3.501,0,-1.54382,0,-6.243,-2.772,-4.378,0,-8.793,-0.9065,1.818,-0.3079,0.4338
32.00,33.27,33.28,0,-1.33860,0,|r_qp|,cross-domain,0.0000,0.0000,3.694,0,-1.33860,0,-6.243,-2.772,-4.378,0,-8.793,-0.5745,2.097,2.935,44.16
32.40,33.67,33.68,0,-1.00562,0,|r_qp|,cross-domain,0.0000,0.0000,3.577,0,-1.00562,0,-6.243,-2.772,-4.378,0,-8.793,0.2177,4.032,1.872,3.033
32.80,34.07,34.08,0,-1.36814,0,|r_qp|,cross-domain,0.0000,0.0000,3.591,0,-1.36814,0,-6.243,-2.772,-4.378,0,-8.793,1.945,3.461,0.1979,0.1845
33.20,34.47,34.48,0,-0.97333,0,|r_qp|,cross-domain,0.0000,0.0000,3.735,0,-0.97333,0,-6.243,-2.772,-4.378,0,-8.793,3.281,3.605,3.866,43.42
33.60,34.87,34.88,0,-1.84364,0,|r_qp|,cross-domain,0.0000,0.0000,3.645,0,-1.84364,0,-6.243,-2.772,-4.378,0,-8.793,2.951,4.199,-1.245,1.452
34.00,35.27,35.28,0,-1.76102,0,|r_qp|,cross-domain,0.0000,0.0000,3.687,0,-1.76102,0,-6.243,-2.772,-4.378,0,-8.793,1.44,2.084,-1.313,-0.457
34.40,35.67,35.68,0,-1.18480,0,|r_qp|,cross-domain,0.0000,0.0000,3.581,0,-1.18480,0,-6.243,-2.772,-4.378,0,-8.793,0.1879,1.224,3.361,47.61
34.80,36.07,36.08,0,-1.71962,0,|r_qp|,cross-domain,0.0000,0.0000,3.562,0,-1.71962,0,-6.243,-2.772,-4.378,0,-8.793,0.03002,0.639,-1.175,1.367
35.20,36.47,36.48,0,-1.61662,0,|r_qp|,cross-domain,0.0000,0.0000,3.629,0,-1.61662,0,-6.243,-2.772,-4.378,0,-8.793,0.2456,0.05122,-1.106,-0.6387
35.60,36.87,36.88,0,-1.26816,0,|r_qp|,cross-domain,0.0000,0.0000,3.580,0,-1.26816,0,-6.243,-2.772,-4.378,0,-8.793,0.7202,0.3369,2.988,50
36.00,37.27,37.28,0,-1.68481,0,|r_qp|,cross-domain,0.0000,0.0000,3.737,0,-1.68481,0,-6.243,-2.772,-4.378,0,-8.793,0.5562,0.7167,-1.146,0.8566
36.40,37.67,37.68,0,-1.63641,0,|r_qp|,cross-domain,0.0000,0.0000,3.578,0,-1.63641,0,-6.243,-2.772,-4.378,0,-8.793,0.5119,0.2342,-1.165,-0.5882
36.80,38.07,38.08,0,-1.20665,0,|r_qp|,cross-domain,0.0000,0.0000,3.526,0,-1.20665,0,-6.243,-2.772,-4.378,0,-8.793,0.315,0.2023,3.192,49.65
37.20,38.47,38.48,0,-1.61621,0,|r_qp|,cross-domain,0.0000,0.0000,5.074,0,-1.61621,0,-6.243,-2.772,-4.378,0,-8.793,0.08735,0.5549,-0.8994,0.7989
37.60,38.87,38.88,0,-1.66150,0,|r_qp|,cross-domain,0.0000,0.0000,3.532,0,-1.66150,0,-6.243,-2.772,-4.378,0,-8.793,0.2,0.1186,-1.242,-0.8347
38.00,39.27,39.28,0,-1.53776,0,|r_qp|,cross-domain,0.0000,0.0000,3.636,0,-1.53776,0,-6.243,-2.772,-4.378,0,-8.793,0.08278,-0.03435,2.129,50
38.40,39.67,39.68,0,-1.13657,0,|r_qp|,cross-domain,0.0000,0.0000,3.523,0,-1.13657,0,-6.243,-2.772,-4.378,0,-8.793,0.2281,0.5128,0.7546,3.096
38.80,40.07,40.08,0,-1.51949,0,|r_qp|,cross-domain,0.0000,0.0000,3.554,0,-1.51949,0,-6.243,-2.772,-4.378,0,-8.793,0.1114,0.2883,-0.6874,0.05411
39.20,40.47,40.48,0,-0.90122,0,|r_qp|,cross-domain,0.0000,0.0000,3.698,0,-0.90122,0,-6.243,-2.772,-4.378,0,-8.793,1.007,0.142,3.594,41.48
39.60,40.87,40.88,0,-1.34682,0,|r_qp|,cross-domain,0.0000,0.0000,3.563,0,-1.34682,0,-6.243,-2.772,-4.378,0,-8.793,1.767,1.482,-0.008786,1.776
40.00,41.27,41.28,0,-1.40916,0,|r_qp|,cross-domain,0.0000,0.0000,3.552,0,-1.40916,0,-6.243,-2.772,-4.378,0,-8.793,2.53,1.18,-0.4809,-0.128
40.40,41.67,41.68,0,-1.01554,0,|r_qp|,cross-domain,0.0000,0.0000,3.594,0,-1.01554,0,-6.243,-2.772,-4.378,0,-8.793,3,1.406,3.337,43.53
40.80,42.07,42.08,0,-1.67049,0,|r_qp|,cross-domain,0.0000,0.0000,3.503,0,-1.67049,0,-6.243,-2.772,-4.378,0,-8.793,2.45,2.285,-1.029,0.9718
41.20,42.47,42.48,0,-1.64397,0,|r_qp|,cross-domain,0.0000,0.0000,3.675,0,-1.64397,0,-6.243,-2.772,-4.378,0,-8.793,1.805,0.945,-1.2,-0.2984
41.60,42.87,42.88,0,-1.26152,0,|r_qp|,cross-domain,0.0000,0.0000,3.724,0,-1.26152,0,-6.243,-2.772,-4.378,0,-8.793,0.6491,0.9082,3.029,48.25
42.00,43.27,43.28,0,-1.62550,0,|r_qp|,cross-domain,0.0000,0.0000,3.595,0,-1.62550,0,-6.243,-2.772,-4.378,0,-8.793,0.1026,1.119,-0.7478,2.02
42.40,43.67,43.68,0,-1.50059,0,|r_qp|,cross-domain,0.0000,0.0000,3.646,0,-1.50059,0,-6.243,-2.772,-4.378,0,-8.793,0.04881,0.6986,-0.529,0.1919
42.80,44.07,44.08,0,-1.08520,0,|r_qp|,cross-domain,0.0000,0.0000,3.736,0,-1.08520,0,-6.243,-2.772,-4.378,0,-8.793,0.8556,0.4714,3.125,42.15
43.20,44.47,44.48,0,-1.15311,0,|r_qp|,cross-domain,0.0000,0.0000,4.192,0,-1.15311,0,-6.243,-2.772,-4.378,0,-8.793,1.983,1.009,0.4548,1.115
43.60,44.87,44.88,-1,-1.21038,0,|r_qp|,cross-domain,0.0000,0.0000,3.711,0,-1.21038,0,-6.243,-2.772,-4.378,0,-8.793,3.607,0.2655,-0.2018,-0.8124
44.00,45.27,45.28,-1,-0.63015,0,|r_qp|,cross-domain,0.0000,0.0000,3.543,0,-0.63015,0,-6.243,-2.772,-4.378,0,-8.793,4.653,0.1945,4.311,46.72
44.40,45.67,45.68,1,-1.48880,0,|r_qp|,cross-domain,0.0000,0.0000,4.572,0,-1.48880,0,-6.243,-2.772,-4.378,0,-8.793,3.98,0.4448,-0.9953,1.174
44.80,46.07,46.08,1,-1.58511,0,|r_qp|,cross-domain,0.0000,0.0000,3.625,0,-1.58511,0,-6.243,-2.772,-4.378,0,-8.793,1.526,-0.3402,-1.217,-0.1078
45.20,46.47,46.48,1,-1.23499,0,|r_qp|,cross-domain,0.0000,0.0000,3.713,0,-1.23499,0,-6.243,-2.772,-4.378,0,-8.793,-0.5733,-0.7285,2.896,47.34
45.60,46.87,46.88,1,-1.65199,0,|r_qp|,cross-domain,0.0000,0.0000,3.540,0,-1.65199,0,-6.243,-2.772,-4.378,0,-8.793,-0.9489,0.329,-0.9848,-0.2265
46.00,47.27,47.28,1,-1.52295,0,|r_qp|,cross-domain,0.0000,0.0000,3.513,0,-1.52295,0,-6.243,-2.772,-4.378,0,-8.793,0.2793,-0.3444,-0.9037,-0.9316
46.40,47.67,47.68,1,-1.60258,0,|r_qp|,cross-domain,0.0000,0.0000,3.636,0,-1.60258,0,-6.243,-2.772,-4.378,0,-8.793,1.393,0.06989,1.77,50
46.80,48.07,48.08,1,-1.29589,0,|r_qp|,cross-domain,0.0000,0.0000,3.530,0,-1.29589,0,-6.243,-2.772,-4.378,0,-8.793,1.706,0.1184,-0.1675,0.7467
47.20,48.47,48.48,1,-1.36081,0,|r_qp|,cross-domain,0.0000,0.0000,3.737,0,-1.36081,0,-6.243,-2.772,-4.378,0,-8.793,2.236,-0.3675,-0.6314,-0.7765
47.60,48.87,48.88,1,-0.95356,0,|r_qp|,cross-domain,0.0000,0.0000,3.588,0,-0.95356,0,-6.243,-2.772,-4.378,0,-8.793,2.744,-0.4063,3.363,46.11
48.00,49.27,49.28,1,-1.39252,0,|r_qp|,cross-domain,0.0000,0.0000,3.524,0,-1.39252,0,-6.243,-2.772,-4.378,0,-8.793,2.773,-0.0761,-0.6654,0.5901
48.40,49.67,49.68,1,-1.48990,0,|r_qp|,cross-domain,0.0000,0.0000,3.641,0,-1.48990,0,-6.243,-2.772,-4.378,0,-8.793,1.699,-0.763,-1.06,-0.8507
48.80,50.07,50.08,1,-1.15240,0,|r_qp|,cross-domain,0.0000,0.0000,3.460,0,-1.15240,0,-6.243,-2.772,-4.378,0,-8.793,0.6468,-0.803,3.145,50
49.20,50.47,50.48,1,-1.46461,0,|r_qp|,cross-domain,0.0000,0.0000,3.612,0,-1.46461,0,-6.243,-2.772,-4.378,0,-8.793,0.5055,-0.2151,-0.6559,0.1505
49.60,50.87,50.88,1,-1.44453,0,|r_qp|,cross-domain,0.0000,0.0000,3.703,0,-1.44453,0,-6.243,-2.772,-4.378,0,-8.793,1.403,-0.5191,-0.8313,-0.9216
50.00,51.27,51.28,1,-1.56981,0,|r_qp|,cross-domain,0.0000,0.0000,3.642,0,-1.56981,0,-6.243,-2.772,-4.378,0,-8.793,2.456,-0.1879,1.686,50
50.40,51.67,51.68,1,-1.15034,0,|r_qp|,cross-domain,0.0000,0.0000,3.738,0,-1.15034,0,-6.243,-2.772,-4.378,0,-8.793,2.848,0.3058,0.1456,-0.01039
50.80,52.07,52.08,1,-1.35648,0,|r_qp|,cross-domain,0.0000,0.0000,3.590,0,-1.35648,0,-6.243,-2.772,-4.378,0,-8.793,3.111,0.07591,-0.6298,-0.542
51.20,52.47,52.48,1,-1.51043,0,|r_qp|,cross-domain,0.0000,0.0000,3.558,0,-1.51043,0,-6.243,-2.772,-4.378,0,-8.793,3.427,0.07813,1.804,50
51.60,52.87,52.88,1,-1.46081,0,|r_qp|,cross-domain,0.0000,0.0000,3.593,0,-1.46081,0,-6.243,-2.772,-4.378,0,-8.793,2.925,0.6025,-0.8488,-0.7367
52.00,53.27,53.28,1,-1.59008,0,|r_qp|,cross-domain,0.0000,0.0000,3.559,0,-1.59008,0,-6.243,-2.772,-4.378,0,-8.793,1.197,-0.2278,-1.193,-0.5334
52.40,53.67,53.68,1,-1.89806,0,|r_qp|,cross-domain,0.0000,0.0000,3.574,0,-1.89806,0,-6.243,-2.772,-4.378,0,-8.793,-0.3602,-0.1881,0.9947,50
52.80,54.07,54.08,1,-1.66251,0,|r_qp|,cross-domain,0.0000,0.0000,3.471,0,-1.66251,0,-6.243,-2.772,-4.378,0,-8.793,-0.9533,0.346,-1.033,-0.5285
53.20,54.47,54.48,1,-1.57765,0,|r_qp|,cross-domain,0.0000,0.0000,3.437,0,-1.57765,0,-6.243,-2.772,-4.378,0,-8.793,-0.108,0.07807,-0.9438,-0.8956
53.60,54.87,54.88,1,-1.71948,0,|r_qp|,cross-domain,0.0000,0.0000,3.572,0,-1.71948,0,-6.243,-2.772,-4.378,0,-8.793,0.5368,0.6619,1.614,49.86
54.00,55.27,55.28,1,-1.12240,0,|r_qp|,cross-domain,0.0000,0.0000,3.538,0,-1.12240,0,-6.243,-2.772,-4.378,0,-8.793,1.308,1.333,0.6391,-0.01861
54.40,55.67,55.68,1,-0.35550,0,|r_qp|,cross-domain,0.0000,0.0000,3.620,0,-0.35550,0,-6.243,-2.772,-4.378,0,-8.793,2.593,3.321,3.32,-0.3161
54.80,56.07,56.08,1,-1.61369,0,|r_qp|,cross-domain,0.0000,0.0000,4.242,0,-1.61369,0,-6.243,-2.772,-4.378,0,-8.793,3.762,5.995,2.561,49.34
55.20,56.47,56.48,1,-1.94280,0,|r_qp|,cross-domain,0.0000,0.0000,3.562,0,-1.94280,0,-6.243,-2.772,-4.378,0,-8.793,3.602,6.931,-1.225,-0.5401
55.60,56.87,56.88,1,-1.60982,0,|r_qp|,cross-domain,0.0000,0.0000,3.641,0,-1.60982,0,-6.243,-2.772,-4.378,0,-8.793,1.433,4.937,-0.2337,-0.01787
56.00,57.27,57.28,1,-1.66278,0,|r_qp|,cross-domain,0.0000,0.0000,3.458,0,-1.66278,0,-6.243,-2.772,-4.378,0,-8.793,-0.2163,3.065,2.342,49.37
56.40,57.67,57.68,1,-1.39705,0,|r_qp|,cross-domain,0.0000,0.0000,3.901,0,-1.39705,0,-6.243,-2.772,-4.378,0,-8.793,-0.1805,2.702,0.208,-0.2092
56.80,58.07,58.08,1,-0.61709,0,|r_qp|,cross-domain,0.0000,0.0000,3.524,0,-0.61709,0,-6.243,-2.772,-4.378,0,-8.793,1.402,5.199,2.995,-0.4765
57.20,58.47,58.48,1,-1.39673,0,|r_qp|,cross-domain,0.0000,0.0000,3.467,0,-1.39673,0,-6.243,-2.772,-4.378,0,-8.793,3.192,8.536,3.76,48.02
57.60,58.87,58.88,1,-1.07510,0,|r_qp|,cross-domain,0.0000,0.0000,3.674,0,-1.07510,0,-6.243,-2.772,-4.378,0,-8.793,3.996,9.997,2.182,0.3755
58.00,59.27,59.28,1,-0.20961,0,|r_qp|,cross-domain,0.0000,0.0000,3.512,0,-0.20961,0,-6.243,-2.772,-4.378,0,-8.793,5.317,11.01,4.942,-0.6194
58.40,59.67,59.68,1,-1.23573,0,|r_qp|,cross-domain,0.0000,0.0000,3.660,0,-1.23573,0,-6.243,-2.772,-4.378,0,-8.793,6.265,11.8,4.438,46.54
58.80,60.07,60.08,1,-1.65714,0,|r_qp|,cross-domain,0.0000,0.0000,3.646,0,-1.65714,0,-6.243,-2.772,-4.378,0,-8.793,6.267,12.03,0.4073,0.2769
59.20,60.47,60.48,1,-0.69112,0,|r_qp|,cross-domain,0.0000,0.0000,3.516,0,-0.69112,0,-6.243,-2.772,-4.378,0,-8.793,4.639,11.5,3.599,-0.2242
59.60,60.87,60.88,1,-1.71824,0,|r_qp|,cross-domain,0.0000,0.0000,3.677,0,-1.71824,0,-6.243,-2.772,-4.378,0,-8.793,2.87,10.87,3.345,50
60.00,61.27,61.28,1,-1.27665,0,|r_qp|,cross-domain,0.0000,0.0000,3.502,0,-1.27665,0,-6.243,-2.772,-4.378,0,-8.793,1.764,10.85,1.978,0.1541
60.40,61.67,61.68,1,0.66824,1,|r_qp|,cross-domain,0.0000,0.0000,3.511,0,0.66824,1,-6.243,-2.772,-4.378,0,-8.793,1.798,12.95,8.646,-0.04661
60.80,62.07,62.08,1,-1.79407,0,|r_qp|,cross-domain,0.0000,0.0000,3.644,0,-1.79407,0,-6.243,-2.772,-4.378,0,-8.793,2.034,15.46,4.027,48.42
61.20,62.47,62.48,1,0.91007,1,|r_qp|,cross-domain,0.0000,0.0000,3.446,0,0.91007,1,-6.243,-2.772,-4.378,0,-8.793,2.592,17.1,10.23,1.337
61.60,62.87,62.88,1,3.91415,1,e_rec,cross-domain,0.0000,0.0000,3.750,0,3.91415,1,-6.243,-2.772,-4.378,0,-8.793,3.994,20.39,20.32,0.3677
62.00,63.27,63.28,1,-0.78633,0,|r_qp|,cross-domain,0.0000,0.0000,3.489,0,-0.78633,0,-6.243,-2.772,-4.378,0,-8.793,5.727,23.7,8.267,45.72
62.40,63.67,63.68,1,1.76994,1,e_rec,cross-domain,0.0000,0.0000,3.513,0,1.76994,1,-6.243,-2.772,-4.378,0,-8.793,6.38,25.1,14.09,1.363
62.80,64.07,64.08,1,1.93974,1,e_rec,cross-domain,0.0000,0.0000,3.707,0,1.93974,1,-6.243,-2.772,-4.378,0,-8.793,5.467,26.09,14.85,-0.363
63.20,64.47,64.48,1,-0.70951,0,|r_qp|,cross-domain,0.0000,0.0000,3.506,0,-0.70951,0,-6.243,-2.772,-4.378,0,-8.793,4.4,26.6,9.514,50
63.60,64.87,64.88,1,-1.24693,0,|r_qp|,cross-domain,0.0000,0.0000,3.690,0,-1.24693,0,-6.243,-2.772,-4.378,0,-8.793,3.577,26.77,5.029,0.7771
64.00,65.27,65.28,1,1.20561,1,e_rec,cross-domain,0.0000,0.0000,3.500,0,1.20561,1,-6.243,-2.772,-4.378,0,-8.793,2.971,24.98,12.58,-0.4978
64.40,65.67,65.68,1,-1.73716,0,|r_qp|,cross-domain,0.0000,0.0000,3.785,0,-1.73716,0,-6.243,-2.772,-4.378,0,-8.793,2.494,23.52,5.78,49
64.80,66.07,66.08,1,3.24715,1,e_rec,cross-domain,0.0000,0.0000,3.651,0,3.24715,1,-6.243,-2.772,-4.378,0,-8.793,2.903,22.31,18.8,2.254
65.20,66.47,66.48,1,3.77698,1,e_rec,cross-domain,0.0000,0.0000,3.526,0,3.77698,1,-6.243,-2.772,-4.378,0,-8.793,5.202,25.93,20.79,-0.07287
65.60,66.87,66.88,1,-1.38582,0,|r_qp|,cross-domain,0.0000,0.0000,3.769,0,-1.38582,0,-6.243,-2.772,-4.378,0,-8.793,7.231,29.21,7.114,43.75
66.00,67.27,67.28,1,0.75107,1,e_rec,cross-domain,0.0000,0.0000,3.732,0,0.75107,1,-6.243,-2.772,-4.378,0,-8.793,8.025,30.5,11.66,1.268
66.40,67.67,67.68,1,3.20272,1,e_rec,cross-domain,0.0000,0.0000,3.574,0,3.20272,1,-6.243,-2.772,-4.378,0,-8.793,6.791,30.21,19.57,-0.244
66.80,68.07,68.08,1,-0.69387,0,|r_qp|,cross-domain,0.0000,0.0000,3.729,0,-0.69387,0,-6.243,-2.772,-4.378,0,-8.793,5.855,29.48,9.808,47.68
67.20,68.47,68.48,1,2.70317,1,e_rec,cross-domain,0.0000,0.0000,3.579,0,2.70317,1,-6.243,-2.772,-4.378,0,-8.793,5.345,29.48,18.12,1.616
67.60,68.87,68.88,1,3.34035,1,e_rec,cross-domain,0.0000,0.0000,3.576,0,3.34035,1,-6.243,-2.772,-4.378,0,-8.793,5.699,32.03,20.52,-0.2932
68.00,69.27,69.28,1,-1.07019,0,|r_qp|,cross-domain,0.0000,0.0000,3.668,0,-1.07019,0,-6.243,-2.772,-4.378,0,-8.793,6.141,34.27,9.454,46.77
68.40,69.67,69.68,1,5.19041,1,e_rec,cross-domain,0.0000,0.0000,3.556,0,5.19041,1,-6.243,-2.772,-4.378,0,-8.793,6.431,35.28,27.17,2.121
68.80,70.07,70.08,1,7.34486,1,e_rec,cross-domain,0.0000,0.0000,3.678,0,7.34486,1,-6.243,-2.772,-4.378,0,-8.793,6.69,38.06,34.52,0.2424
69.20,70.47,70.48,1,-0.76084,0,e_rec,cross-domain,0.0000,0.0000,3.810,0,-0.76084,0,-6.243,-2.772,-4.378,0,-8.793,6.44,40.13,11.76,50
69.60,70.87,70.88,1,4.32054,1,e_rec,cross-domain,0.0000,0.0000,3.526,0,4.32054,1,-6.243,-2.772,-4.378,0,-8.793,5.63,41.13,25.59,1.534
70.00,71.27,71.28,1,8.77270,1,e_rec,cross-domain,0.0000,0.0000,3.711,0,8.77270,1,-6.243,-2.772,-4.378,0,-8.793,4.552,42.83,40.35,0.3148
70.40,71.67,71.68,1,-0.00994,0,e_rec,cross-domain,0.0000,0.0000,3.530,0,-0.00994,0,-6.243,-2.772,-4.378,0,-8.793,3.663,43.69,15.19,49.03
70.80,72.07,72.08,1,6.61124,1,e_rec,cross-domain,0.0000,0.0000,3.670,0,6.61124,1,-6.243,-2.772,-4.378,0,-8.793,3.995,44.27,33.84,2.042
71.20,72.47,72.48,1,10.11351,1,e_rec,cross-domain,0.0000,0.0000,3.461,0,10.11351,1,-6.243,-2.772,-4.378,0,-8.793,4.738,45.97,45.28,0.5899
71.60,72.87,72.88,1,0.10374,1,e_rec,cross-domain,0.0000,0.0000,3.559,0,0.10374,1,-6.243,-2.772,-4.378,0,-8.793,5.707,47.19,16.04,50
72.00,73.27,73.28,1,5.15366,1,e_rec,cross-domain,0.0000,0.0000,3.577,0,5.15366,1,-6.243,-2.772,-4.378,0,-8.793,6.2,46.93,29.43,2.783
72.40,73.67,73.68,1,8.36245,1,e_rec,cross-domain,0.0000,0.0000,3.483,0,8.36245,1,-6.243,-2.772,-4.378,0,-8.793,6.799,45.92,39.36,0.5975
72.80,74.07,74.08,1,0.26431,1,e_rec,cross-domain,0.0000,0.0000,3.576,0,0.26431,1,-6.243,-2.772,-4.378,0,-8.793,7.958,44.04,15.41,46.05
73.20,74.47,74.48,1,10.84164,1,e_rec,cross-domain,0.0000,0.0000,3.471,0,10.84164,1,-6.243,-2.772,-4.378,0,-8.793,8.203,43.33,46.79,2.9
73.60,74.87,74.88,1,11.63853,1,e_rec,cross-domain,0.0000,0.0000,3.531,0,11.63853,1,-6.243,-2.772,-4.378,0,-8.793,7.501,46.77,50,0.6789
74.00,75.27,75.28,1,0.44418,1,e_rec,cross-domain,0.0000,0.0000,3.621,0,0.44418,1,-6.243,-2.772,-4.378,0,-8.793,5.964,49.34,17.53,50
74.40,75.67,75.68,1,8.53561,1,e_rec,cross-domain,0.0000,0.0000,3.588,0,8.53561,1,-6.243,-2.772,-4.378,0,-8.793,5.084,50,41.08,2.714
74.80,76.07,76.08,1,-4.02439,0,|r_qp|,cross-domain,0.0000,0.0000,3.573,0,-4.02439,0,-6.243,-2.772,-4.378,0,-8.793,4.595,43.61,-0.7671,-0.06308
75.20,76.47,76.48,1,-3.14831,0,|r_qp|,cross-domain,0.0000,0.0000,3.687,0,-3.14831,0,-6.243,-2.772,-4.378,0,-8.793,3.056,24.43,1.398,50
75.60,76.87,76.88,1,-2.04821,0,|r_qp|,cross-domain,0.0000,0.0000,3.682,0,-2.04821,0,-6.243,-2.772,-4.378,0,-8.793,1.896,14.08,0.1382,0.5475
76.00,77.27,77.28,1,-1.33109,0,|r_qp|,cross-domain,0.0000,0.0000,3.687,0,-1.33109,0,-6.243,-2.772,-4.378,0,-8.793,1.416,0.008723,-0.3637,-0.9366
76.40,77.67,77.68,1,-1.49770,0,|r_qp|,cross-domain,0.0000,0.0000,3.601,0,-1.49770,0,-6.243,-2.772,-4.378,0,-8.793,2.453,0.1046,1.872,48.21
76.80,78.07,78.08,1,-1.56823,0,|r_qp|,cross-domain,0.0000,0.0000,3.479,0,-1.56823,0,-6.243,-2.772,-4.378,0,-8.793,2.805,0.4838,-1.197,-0.6356
77.20,78.47,78.48,1,-1.36996,0,|r_qp|,cross-domain,0.0000,0.0000,4.344,0,-1.36996,0,-6.243,-2.772,-4.378,0,-8.793,1.571,-0.04634,-0.493,-0.4747
77.60,78.87,78.88,1,5.17302,1,e_rec,cross-domain,0.0000,0.0000,3.708,0,5.17302,1,-6.243,-2.772,-4.378,0,-8.793,0.1463,0.2079,23.79,50
78.00,79.27,79.28,1,-1.63993,0,|r_qp|,cross-domain,0.0000,0.0000,3.758,0,-1.63993,0,-6.243,-2.772,-4.378,0,-8.793,0.6122,1.007,-0.9699,0.5377
78.40,79.67,79.68,1,-1.60205,0,|r_qp|,cross-domain,0.0000,0.0000,3.584,0,-1.60205,0,-6.243,-2.772,-4.378,0,-8.793,0.7531,0.4855,-1.046,-0.7692
78.80,80.07,80.08,1,-1.51893,0,|r_qp|,cross-domain,0.0000,0.0000,3.554,0,-1.51893,0,-6.243,-2.772,-4.378,0,-8.793,1.301,0.3346,2.104,50
79.20,80.47,80.48,1,-1.53954,0,|r_qp|,cross-domain,0.0000,0.0000,3.680,0,-1.53954,0,-6.243,-2.772,-4.378,0,-8.793,1.559,0.8954,-0.7204,1.751
79.60,80.87,80.88,1,-1.49479,0,|r_qp|,cross-domain,0.0000,0.0000,3.578,0,-1.49479,0,-6.243,-2.772,-4.378,0,-8.793,1.719,0.3428,-0.8456,-0.6147
80.00,81.27,81.28,1,-0.91488,0,|r_qp|,cross-domain,0.0000,0.0000,3.612,0,-0.91488,0,-6.243,-2.772,-4.378,0,-8.793,2.219,0.6205,3.942,49.23
80.40,81.67,81.68,1,-1.58431,0,|r_qp|,cross-domain,0.0000,0.0000,3.520,0,-1.58431,0,-6.243,-2.772,-4.378,0,-8.793,1.297,0.3661,-1.069,-0.5188
80.80,82.07,82.08,1,-1.65549,0,|r_qp|,cross-domain,0.0000,0.0000,3.454,0,-1.65549,0,-6.243,-2.772,-4.378,0,-8.793,0.8269,0.125,-1.275,-0.3448
81.20,82.47,82.48,1,-1.97187,0,|r_qp|,cross-domain,0.0000,0.0000,3.595,0,-1.97187,0,-6.243,-2.772,-4.378,0,-8.793,-0.1203,-0.07084,0.7489,50
81.60,82.87,82.88,1,-1.66796,0,|r_qp|,cross-domain,0.0000,0.0000,3.527,0,-1.66796,0,-6.243,-2.772,-4.378,0,-8.793,-0.8646,0.8109,-0.9522,-0.2331
82.00,83.27,83.28,1,-1.76418,0,|r_qp|,cross-domain,0.0000,0.0000,3.619,0,-1.76418,0,-6.243,-2.772,-4.378,0,-8.793,-1.21,0.588,-1.293,-0.7638
82.40,83.67,83.68,1,-1.71276,0,|r_qp|,cross-domain,0.0000,0.0000,3.507,0,-1.71276,0,-6.243,-2.772,-4.378,0,-8.793,-1.153,0.5845,1.848,50
82.80,84.07,84.08,1,-1.39159,0,|r_qp|,cross-domain,0.0000,0.0000,3.468,0,-1.39159,0,-6.243,-2.772,-4.378,0,-8.793,-0.7045,1.173,0.05273,0.8458
83.20,84.47,84.48,1,-1.46444,0,|r_qp|,cross-domain,0.0000,0.0000,3.598,0,-1.46444,0,-6.243,-2.772,-4.378,0,-8.793,0.7669,0.2685,-0.6567,-0.9236
83.60,84.87,84.88,1,-1.14360,0,|r_qp|,cross-domain,0.0000,0.0000,3.566,0,-1.14360,0,-6.243,-2.772,-4.378,0,-8.793,2.361,0.1452,2.866,45.38
84.00,85.27,85.28,1,-1.34514,0,|r_qp|,cross-domain,0.0000,0.0000,3.548,0,-1.34514,0,-6.243,-2.772,-4.378,0,-8.793,2.83,0.05292,-0.5513,-0.3745
84.40,85.67,85.68,1,-1.38536,0,|r_qp|,cross-domain,0.0000,0.0000,3.544,0,-1.38536,0,-6.243,-2.772,-4.378,0,-8.793,2.602,-0.2603,-0.7342,-0.7304
84.80,86.07,86.08,1,-1.29633,0,|r_qp|,cross-domain,0.0000,0.0000,3.461,0,-1.29633,0,-6.243,-2.772,-4.378,0,-8.793,1.631,0.09014,2.73,50
85.20,86.47,86.48,1,14.04397,1,e_rec,cross-domain,0.0000,0.0000,3.518,0,14.04397,1,-6.243,-2.772,-4.378,0,-8.793,0.7354,0.8385,50,8.637
85.60,86.87,86.88,1,-1.71178,0,|r_qp|,cross-domain,0.0000,0.0000,3.519,0,-1.71178,0,-6.243,-2.772,-4.378,0,-8.793,-0.5282,0.5095,-1.233,-0.8549
86.00,87.27,87.28,1,-1.82072,0,|r_qp|,cross-domain,0.0000,0.0000,3.440,0,-1.82072,0,-6.243,-2.772,-4.378,0,-8.793,-0.912,0.2809,1.409,50
86.40,87.67,87.68,1,-1.44922,0,|r_qp|,cross-domain,0.0000,0.0000,3.476,0,-1.44922,0,-6.243,-2.772,-4.378,0,-8.793,-0.4297,0.437,-0.3306,0.5733
86.80,88.07,88.08,1,-1.30244,0,|r_qp|,cross-domain,0.0000,0.0000,3.553,0,-1.30244,0,-6.243,-2.772,-4.378,0,-8.793,1.307,-0.1901,-0.2868,-0.7683
87.20,88.47,88.48,1,-1.19993,0,|r_qp|,cross-domain,0.0000,0.0000,3.622,0,-1.19993,0,-6.243,-2.772,-4.378,0,-8.793,3.23,0.2201,2.858,50
87.60,88.87,88.88,1,-1.57832,0,|r_qp|,cross-domain,0.0000,0.0000,3.516,0,-1.57832,0,-6.243,-2.772,-4.378,0,-8.793,3.331,0.7723,-1.233,-0.5014
88.00,89.27,89.28,1,-1.62297,0,|r_qp|,cross-domain,0.0000,0.0000,4.519,0,-1.62297,0,-6.243,-2.772,-4.378,0,-8.793,1.677,0.5639,-1.225,-0.8784
88.40,89.67,89.68,1,-1.89647,0,|r_qp|,cross-domain,0.0000,0.0000,3.733,0,-1.89647,0,-6.243,-2.772,-4.378,0,-8.793,-0.01225,0.8283,1.156,50
88.80,90.07,90.08,1,-1.81234,0,|r_qp|,cross-domain,0.0000,0.0000,3.594,0,-1.81234,0,-6.243,-2.772,-4.378,0,-8.793,-0.5617,2.267,-1.192,-0.6287
89.20,90.47,90.48,1,-1.48510,0,|r_qp|,cross-domain,0.0000,0.0000,3.547,0,-1.48510,0,-6.243,-2.772,-4.378,0,-8.793,-0.2351,2.129,-0.1759,-0.1007
89.60,90.87,90.88,1,-1.71169,0,|r_qp|,cross-domain,0.0000,0.0000,3.540,0,-1.71169,0,-6.243,-2.772,-4.378,0,-8.793,0.6158,2.859,2.072,50
90.00,91.27,91.28,1,-1.54723,0,|r_qp|,cross-domain,0.0000,0.0000,3.590,0,-1.54723,0,-6.243,-2.772,-4.378,0,-8.793,0.9146,2.91,-0.4083,-0.7354
90.40,91.67,91.68,1,-1.10407,0,|r_qp|,cross-domain,0.0000,0.0000,3.546,0,-1.10407,0,-6.243,-2.772,-4.378,0,-8.793,1.784,1.901,0.7359,-0.2389
90.80,92.07,92.08,1,-1.85509,0,|r_qp|,cross-domain,0.0000,0.0000,3.589,0,-1.85509,0,-6.243,-2.772,-4.378,0,-8.793,2.882,1.263,0.9986,50
91.20,92.47,92.48,1,-1.48037,0,|r_qp|,cross-domain,0.0000,0.0000,3.571,0,-1.48037,0,-6.243,-2.772,-4.378,0,-8.793,3.311,1.029,-0.8838,-0.843
91.60,92.87,92.88,1,-1.43604,0,|r_qp|,cross-domain,0.0000,0.0000,3.594,0,-1.43604,0,-6.243,-2.772,-4.378,0,-8.793,2.919,0.5983,-0.7361,-0.1765
92.00,93.27,93.28,1,-1.71888,0,|r_qp|,cross-domain,0.0000,0.0000,3.531,0,-1.71888,0,-6.243,-2.772,-4.378,0,-8.793,1.682,0.317,1.406,50
92.40,93.67,93.68,1,-1.67554,0,|r_qp|,cross-domain,0.0000,0.0000,3.645,0,-1.67554,0,-6.243,-2.772,-4.378,0,-8.793,0.9643,0.9438,-1.207,-0.5492
92.80,94.07,94.08,1,-1.64828,0,|r_qp|,cross-domain,0.0000,0.0000,3.524,0,-1.64828,0,-6.243,-2.772,-4.378,0,-8.793,0.1642,0.3066,-1.117,-0.1303
93.20,94.47,94.48,1,-1.89509,0,|r_qp|,cross-domain,0.0000,0.0000,3.564,0,-1.89509,0,-6.243,-2.772,-4.378,0,-8.793,-0.5752,0.4431,1.157,50
93.60,94.87,94.88,1,-1.72459,0,|r_qp|,cross-domain,0.0000,0.0000,3.817,0,-1.72459,0,-6.243,-2.772,-4.378,0,-8.793,-1.027,0.6034,-1.183,-0.711
94.00,95.27,95.28,1,-1.57978,0,|r_qp|,cross-domain,0.0000,0.0000,3.511,0,-1.57978,0,-6.243,-2.772,-4.378,0,-8.793,-0.3541,0.2967,-0.8749,-0.8889
94.40,95.67,95.68,1,-1.94618,0,|r_qp|,cross-domain,0.0000,0.0000,3.641,0,-1.94618,0,-6.243,-2.772,-4.378,0,-8.793,0.2817,0.1192,0.817,50
94.80,96.07,96.08,-1,-0.66584,0,|r_qp|,cross-domain,0.0000,0.0000,3.601,0,-0.66584,0,-6.243,-2.772,-4.378,0,-8.793,1.05,0.6756,2.06,0.7591
95.20,96.47,96.48,-1,-0.93260,0,|r_qp|,cross-domain,0.0000,0.0000,3.747,0,-0.93260,0,-6.243,-2.772,-4.378,0,-8.793,3.546,0.2625,0.7252,-0.3973
95.60,96.87,96.88,-1,-0.74294,0,|r_qp|,cross-domain,0.0000,0.0000,3.677,0,-0.74294,0,-6.243,-2.772,-4.378,0,-8.793,5.62,0.2054,3.643,43.63
96.00,97.27,97.28,-1,-0.83186,0,|r_qp|,cross-domain,0.0000,0.0000,3.519,0,-0.83186,0,-6.243,-2.772,-4.378,0,-8.793,6.834,0.8074,0.7453,-0.1338
96.40,97.67,97.68,-1,-0.95217,0,|r_qp|,cross-domain,0.0000,0.0000,3.603,0,-0.95217,0,-6.243,-2.772,-4.378,0,-8.793,6.105,0.1969,0.3109,-0.4843
96.80,98.07,98.08,-1,-1.28189,0,|r_qp|,cross-domain,0.0000,0.0000,3.524,0,-1.28189,0,-6.243,-2.772,-4.378,0,-8.793,4.899,0.4725,2.427,50
97.20,98.47,98.48,-1,-1.58574,0,|r_qp|,cross-domain,0.0000,0.0000,3.508,0,-1.58574,0,-6.243,-2.772,-4.378,0,-8.793,3.388,0.9579,-1.212,-0.2393
97.60,98.87,98.88,-1,-1.64104,0,|r_qp|,cross-domain,0.0000,0.0000,3.819,0,-1.64104,0,-6.243,-2.772,-4.378,0,-8.793,1.119,0.3074,-1.239,-0.5016
98.00,99.27,99.28,-1,-1.63351,0,|r_qp|,cross-domain,0.0000,0.0000,3.476,0,-1.63351,0,-6.243,-2.772,-4.378,0,-8.793,-0.06036,0.1541,1.876,50
98.40,99.67,99.68,-1,-1.54039,0,|r_qp|,cross-domain,0.0000,0.0000,3.570,0,-1.54039,0,-6.243,-2.772,-4.378,0,-8.793,-0.3144,0.2253,-0.7518,-0.6256
98.80,100.07,100.08,-1,-1.45452,0,|r_qp|,cross-domain,0.0000,0.0000,3.629,0,-1.45452,0,-6.243,-2.772,-4.378,0,-8.793,0.5585,-0.1096,-0.6645,-0.786
99.20,100.47,100.48,-1,-1.96140,0,|r_qp|,cross-domain,0.0000,0.0000,3.598,0,-1.96140,0,-6.243,-2.772,-4.378,0,-8.793,0.6406,0.03898,0.7053,50
99.60,100.87,100.88,-1,-1.61130,0,|r_qp|,cross-domain,0.0000,0.0000,3.628,0,-1.61130,0,-6.243,-2.772,-4.378,0,-8.793,0.194,0.6356,-0.949,-0.3497
100.00,101.27,101.28,-1,-1.70270,0,|r_qp|,cross-domain,0.0000,0.0000,3.589,0,-1.70270,0,-6.243,-2.772,-4.378,0,-8.793,-0.4228,0.05915,-1.298,-0.7046
100.40,101.67,101.68,-1,-1.85351,0,|r_qp|,cross-domain,0.0000,0.0000,3.575,0,-1.85351,0,-6.243,-2.772,-4.378,0,-8.793,-0.5743,0.1389,1.221,49.83
100.80,102.07,102.08,-1,-1.38545,0,|r_qp|,cross-domain,0.0000,0.0000,3.713,0,-1.38545,0,-6.243,-2.772,-4.378,0,-8.793,-0.1332,0.5662,-0.1915,-0.3365
101.20,102.47,102.48,-1,-1.38777,0,|r_qp|,cross-domain,0.0000,0.0000,3.663,0,-1.38777,0,-6.243,-2.772,-4.378,0,-8.793,1.037,-0.01769,-0.4544,-0.1217
101.60,102.87,102.88,-1,-1.54144,0,|r_qp|,cross-domain,0.0000,0.0000,3.760,0,-1.54144,0,-6.243,-2.772,-4.378,0,-8.793,2.317,-0.003761,1.832,50
102.00,103.27,103.28,-1,-1.47941,0,|r_qp|,cross-domain,0.0000,0.0000,3.552,0,-1.47941,0,-6.243,-2.772,-4.378,0,-8.793,2.413,0.4748,-0.8622,-0.6479
102.40,103.67,103.68,-1,-1.59482,0,|r_qp|,cross-domain,0.0000,0.0000,3.540,0,-1.59482,0,-6.243,-2.772,-4.378,0,-8.793,1.189,0.0165,-1.162,-0.5937
102.80,104.07,104.08,-1,-1.65975,0,|r_qp|,cross-domain,0.0000,0.0000,3.694,0,-1.65975,0,-6.243,-2.772,-4.378,0,-8.793,-0.1517,0.362,1.845,50
103.20,104.47,104.48,-1,-1.76662,0,|r_qp|,cross-domain,0.0000,0.0000,3.611,0,-1.76662,0,-6.243,-2.772,-4.378,0,-8.793,-0.5575,0.8222,-1.312,-0.3011
103.60,104.87,104.88,-1,-1.74033,0,|r_qp|,cross-domain,0.0000,0.0000,3.691,0,-1.74033,0,-6.243,-2.772,-4.378,0,-8.793,-0.8127,0.2631,-1.335,-0.8236
104.00,105.27,105.28,-1,-1.93243,0,|r_qp|,cross-domain,0.0000,0.0000,3.555,0,-1.93243,0,-6.243,-2.772,-4.378,0,-8.793,-0.9113,0.08513,1.01,50
104.40,105.67,105.68,-1,-1.65414,0,|r_qp|,cross-domain,0.0000,0.0000,3.520,0,-1.65414,0,-6.243,-2.772,-4.378,0,-8.793,-1.409,0.3742,-0.9517,-0.7176
104.80,106.07,106.08,-1,-1.71940,0,|r_qp|,cross-domain,0.0000,0.0000,3.618,0,-1.71940,0,-6.243,-2.772,-4.378,0,-8.793,-1.288,0.01243,-1.226,-0.3138
105.20,106.47,106.48,-1,-1.97974,0,|r_qp|,cross-domain,0.0000,0.0000,3.435,0,-1.97974,0,-6.243,-2.772,-4.378,0,-8.793,-0.9766,0.2523,0.899,50
105.60,106.87,106.88,-1,-1.47999,0,|r_qp|,cross-domain,0.0000,0.0000,3.691,0,-1.47999,0,-6.243,-2.772,-4.378,0,-8.793,-0.8048,0.7622,-0.3872,-0.6302
106.00,107.27,107.28,-1,-1.63518,0,|r_qp|,cross-domain,0.0000,0.0000,3.553,0,-1.63518,0,-6.243,-2.772,-4.378,0,-8.793,-0.1826,0.1615,-1.089,-0.6507
106.40,107.67,107.68,-1,-1.75304,0,|r_qp|,cross-domain,0.0000,0.0000,4.861,0,-1.75304,0,-6.243,-2.772,-4.378,0,-8.793,-0.1245,-0.1007,1.269,46.94
106.80,108.07,108.08,-1,-1.50072,0,|r_qp|,cross-domain,0.0000,0.0000,3.791,0,-1.50072,0,-6.243,-2.772,-4.378,0,-8.793,0.1143,0.522,-0.5992,-0.2548
107.20,108.47,108.48,-1,-1.42474,0,|r_qp|,cross-domain,0.0000,0.0000,3.468,0,-1.42474,0,-6.243,-2.772,-4.378,0,-8.793,0.7289,0.04588,-0.5602,-0.7914
107.60,108.87,108.88,-1,-1.57684,0,|r_qp|,cross-domain,0.0000,0.0000,3.721,0,-1.57684,0,-6.243,-2.772,-4.378,0,-8.793,1.806,0.7676,1.659,45.27
108.00,109.27,109.28,-1,-1.39518,0,|r_qp|,cross-domain,0.0000,0.0000,3.555,0,-1.39518,0,-6.243,-2.772,-4.378,0,-8.793,2.488,1.448,-0.3829,-0.227
108.40,109.67,109.68,-1,-0.93774,0,|r_qp|,cross-domain,0.0000,0.0000,3.533,0,-0.93774,0,-6.243,-2.772,-4.378,0,-8.793,2.748,2.12,1.181,-0.3858
108.80,110.07,110.08,-1,-1.64635,0,|r_qp|,cross-domain,0.0000,0.0000,3.631,0,-1.64635,0,-6.243,-2.772,-4.378,0,-8.793,2.928,3.486,2.106,50
109.20,110.47,110.48,-1,-1.82283,0,|r_qp|,cross-domain,0.0000,0.0000,3.448,0,-1.82283,0,-6.243,-2.772,-4.378,0,-8.793,2.501,4.319,-1.21,-0.5027
109.60,110.87,110.88,-1,-1.80483,0,|r_qp|,cross-domain,0.0000,0.0000,3.519,0,-1.80483,0,-6.243,-2.772,-4.378,0,-8.793,0.984,2.998,-1.199,-0.2079
110.00,111.27,111.28,-1,-1.88000,0,|r_qp|,cross-domain,0.0000,0.0000,3.522,0,-1.88000,0,-6.243,-2.772,-4.378,0,-8.793,-0.4002,1.237,1.341,50
110.40,111.67,111.68,-1,-1.52893,0,|r_qp|,cross-domain,0.0000,0.0000,3.506,0,-1.52893,0,-6.243,-2.772,-4.378,0,-8.793,-0.462,0.545,-0.6181,-0.3835
110.80,112.07,112.08,-1,-1.47604,0,|r_qp|,cross-domain,0.0000,0.0000,3.653,0,-1.47604,0,-6.243,-2.772,-4.378,0,-8.793,0.8857,0.1192,-0.7305,-0.7763
111.20,112.47,112.48,-1,-1.69559,0,|r_qp|,cross-domain,0.0000,0.0000,3.502,0,-1.69559,0,-6.243,-2.772,-4.378,0,-8.793,1.926,0.2786,1.442,50
111.60,112.87,112.88,-1,-1.21058,0,|r_qp|,cross-domain,0.0000,0.0000,3.566,0,-1.21058,0,-6.243,-2.772,-4.378,0,-8.793,2.347,1.056,0.1788,0.2175
112.00,113.27,113.28,-1,-1.27496,0,|r_qp|,cross-domain,0.0000,0.0000,3.612,0,-1.27496,0,-6.243,-2.772,-4.378,0,-8.793,2.848,0.4077,-0.2853,-0.8532
112.40,113.67,113.68,-1,-1.56883,0,|r_qp|,cross-domain,0.0000,0.0000,3.496,0,-1.56883,0,-6.243,-2.772,-4.378,0,-8.793,3.163,0.2549,1.685,50
112.80,114.07,114.08,-1,-1.43053,0,|r_qp|,cross-domain,0.0000,0.0000,3.629,0,-1.43053,0,-6.243,-2.772,-4.378,0,-8.793,3.036,0.5046,-0.782,-0.6834
113.20,114.47,114.48,-1,-1.58472,0,|r_qp|,cross-domain,0.0000,0.0000,3.515,0,-1.58472,0,-6.243,-2.772,-4.378,0,-8.793,1.496,-0.09225,-1.201,-0.7531
113.60,114.87,114.88,-1,-1.93068,0,|r_qp|,cross-domain,0.0000,0.0000,3.679,0,-1.93068,0,-6.243,-2.772,-4.378,0,-8.793,0.1375,0.08466,0.8789,50
114.00,115.27,115.28,-1,-1.61431,0,|r_qp|,cross-domain,0.0000,0.0000,3.631,0,-1.61431,0,-6.243,-2.772,-4.378,0,-8.793,-0.3448,0.6326,-0.8885,-0.3397
114.40,115.67,115.68,-1,-1.36821,0,|r_qp|,cross-domain,0.0000,0.0000,3.466,0,-1.36821,0,-6.243,-2.772,-4.378,0,-8.793,0.1778,1.382,-0.04465,-0.844
114.80,116.07,116.08,-1,-2.03082,0,|r_qp|,cross-domain,0.0000,0.0000,3.714,0,-2.03082,0,-6.243,-2.772,-4.378,0,-8.793,0.3726,3.235,1.15,50
115.20,116.47,116.48,-1,-1.73019,0,|r_qp|,cross-domain,0.0000,0.0000,3.564,0,-1.73019,0,-6.243,-2.772,-4.378,0,-8.793,0.6184,4.137,-0.648,0.4262
115.60,116.87,116.88,-1,-1.68256,0,|r_qp|,cross-domain,0.0000,0.0000,3.609,0,-1.68256,0,-6.243,-2.772,-4.378,0,-8.793,0.6653,2.822,-0.8178,-0.537
116.00,117.27,117.28,-1,-1.60777,0,|r_qp|,cross-domain,0.0000,0.0000,3.562,0,-1.60777,0,-6.243,-2.772,-4.378,0,-8.793,1.527,1.332,1.83,47.34
116.40,117.67,117.68,-1,-1.57331,0,|r_qp|,cross-domain,0.0000,0.0000,3.538,0,-1.57331,0,-6.243,-2.772,-4.378,0,-8.793,1.983,0.6971,-1.047,-0.3537
116.80,118.07,118.08,-1,-1.17993,0,|r_qp|,cross-domain,0.0000,0.0000,3.505,0,-1.17993,0,-6.243,-2.772,-4.378,0,-8.793,1.729,1.036,0.3289,-0.2097
117.20,118.47,118.48,-1,-1.88253,0,|r_qp|,cross-domain,0.0000,0.0000,3.552,0,-1.88253,0,-6.243,-2.772,-4.378,0,-8.793,0.5943,2.399,1.433,50
117.60,118.87,118.88,-1,-1.69373,0,|r_qp|,cross-domain,0.0000,0.0000,3.642,0,-1.69373,0,-6.243,-2.772,-4.378,0,-8.793,-0.02394,3.664,-0.5713,-0.09552
118.00,119.27,119.28,-1,-1.62775,0,|r_qp|,cross-domain,0.0000,0.0000,3.605,0,-1.62775,0,-6.243,-2.772,-4.378,0,-8.793,-0.1708,2.549,-0.5791,-0.4127
118.40,119.67,119.68,-1,-1.61592,0,|r_qp|,cross-domain,0.0000,0.0000,3.520,0,-1.61592,0,-6.243,-2.772,-4.378,0,-8.793,0.6802,1.726,2.148,50
118.80,120.07,120.08,-1,-1.26138,0,|r_qp|,cross-domain,0.0000,0.0000,3.631,0,-1.26138,0,-6.243,-2.772,-4.378,0,-8.793,1.604,1.485,0.176,-0.1374
119.20,120.47,120.48,-1,-1.32062,0,|r_qp|,cross-domain,0.0000,0.0000,3.615,0,-1.32062,0,-6.243,-2.772,-4.378,0,-8.793,2.959,0.7851,-0.3688,-0.7977
119.60,120.87,120.88,-1,-1.43615,0,|r_qp|,cross-domain,0.0000,0.0000,3.622,0,-1.43615,0,-6.243,-2.772,-4.378,0,-8.793,3.806,0.3212,2.042,50
120.00,121.27,121.28,-1,-1.40546,0,|r_qp|,cross-domain,0.0000,0.0000,3.605,0,-1.40546,0,-6.243,-2.772,-4.378,0,-8.793,3.171,0.4333,-0.7329,-0.6844
120.40,121.67,121.68,-1,-1.62550,0,|r_qp|,cross-domain,0.0000,0.0000,3.454,0,-1.62550,0,-6.243,-2.772,-4.378,0,-8.793,1.322,0.009828,-1.267,-0.3682
120.80,122.07,122.08,-1,-1.89955,0,|r_qp|,cross-domain,0.0000,0.0000,3.580,0,-1.89955,0,-6.243,-2.772,-4.378,0,-8.793,-0.3426,0.3272,1.09,50
121.20,122.47,122.48,-1,-1.45987,0,|r_qp|,cross-domain,0.0000,0.0000,3.516,0,-1.45987,0,-6.243,-2.772,-4.378,0,-8.793,-0.7342,0.6327,-0.3335,-0.2267
121.60,122.87,122.88,-1,-1.55090,0,|r_qp|,cross-domain,0.0000,0.0000,3.546,0,-1.55090,0,-6.243,-2.772,-4.378,0,-8.793,0.3783,0.1872,-0.8655,-0.3215
122.00,123.27,123.28,-1,-1.37528,0,|r_qp|,cross-domain,0.0000,0.0000,3.607,0,-1.37528,0,-6.243,-2.772,-4.378,0,-8.793,1.833,0.01973,2.435,50
122.40,123.67,123.68,-1,-0.81171,0,|r_qp|,cross-domain,0.0000,0.0000,3.471,0,-0.81171,0,-6.243,-2.772,-4.378,0,-8.793,3.155,0.6238,1.267,0.1099
122.80,124.07,124.08,-1,-0.90576,0,|r_qp|,cross-domain,0.0000,0.0000,3.585,0,-0.90576,0,-6.243,-2.772,-4.378,0,-8.793,4.587,0.08561,0.6126,-0.8814
123.20,124.47,124.48,-1,-1.43620,0,|r_qp|,cross-domain,0.0000,0.0000,3.521,0,-1.43620,0,-6.243,-2.772,-4.378,0,-8.793,5.297,0.1878,1.673,47.48
123.60,124.87,124.88,-1,-1.35119,0,|r_qp|,cross-domain,0.0000,0.0000,3.584,0,-1.35119,0,-6.243,-2.772,-4.378,0,-8.793,4.338,0.4763,-0.6852,-0.4094
124.00,125.27,125.28,-1,-1.38618,0,|r_qp|,cross-domain,0.0000,0.0000,3.741,0,-1.38618,0,-6.243,-2.772,-4.378,0,-8.793,2.155,1.622,-0.3014,-0.6576
124.40,125.67,125.68,-1,-1.81602,0,|r_qp|,cross-domain,0.0000,0.0000,3.452,0,-1.81602,0,-6.243,-2.772,-4.378,0,-8.793,0.2329,3.886,1.989,50
124.80,126.07,126.08,-1,-1.49029,0,|r_qp|,cross-domain,0.0000,0.0000,3.557,0,-1.49029,0,-6.243,-2.772,-4.378,0,-8.793,0.0007664,5.62,0.4711,-0.05509
125.20,126.47,126.48,-1,-1.37506,0,|r_qp|,cross-domain,0.0000,0.0000,3.598,0,-1.37506,0,-6.243,-2.772,-4.378,0,-8.793,0.9998,6.502,0.854,-0.6188
125.60,126.87,126.88,0,-1.67325,0,|r_qp|,cross-domain,0.0000,0.0000,3.628,0,-1.67325,0,-6.243,-2.772,-4.378,0,-8.793,1.971,7.536,2.946,50
126.00,127.27,127.28,0,-1.49061,0,|r_qp|,cross-domain,0.0000,0.0000,3.471,0,-1.49061,0,-6.243,-2.772,-4.378,0,-8.793,2.374,7.733,0.5893,0.1076
126.40,127.67,127.68,0,-1.08937,0,|r_qp|,cross-domain,0.0000,0.0000,3.763,0,-1.08937,0,-6.243,-2.772,-4.378,0,-8.793,2.598,7.034,1.685,-0.3941
126.80,128.07,128.08,0,-1.57921,0,|r_qp|,cross-domain,0.0000,0.0000,3.620,0,-1.57921,0,-6.243,-2.772,-4.378,0,-8.793,3.071,6.399,2.798,48.59
127.20,128.47,128.48,0,-1.84028,0,|r_qp|,cross-domain,0.0000,0.0000,3.726,0,-1.84028,0,-6.243,-2.772,-4.378,0,-8.793,3.033,6.199,-0.96,-0.4491
127.60,128.87,128.88,0,-1.69339,0,|r_qp|,cross-domain,0.0000,0.0000,3.624,0,-1.69339,0,-6.243,-2.772,-4.378,0,-8.793,1.694,4.096,-0.7496,-0.7994
128.00,129.27,129.28,0,-1.43188,0,|r_qp|,cross-domain,0.0000,0.0000,3.482,0,-1.43188,0,-6.243,-2.772,-4.378,0,-8.793,0.6404,1.711,2.578,47.18
128.40,129.67,129.68,0,-1.13987,0,|r_qp|,cross-domain,0.0000,0.0000,3.577,0,-1.13987,0,-6.243,-2.772,-4.378,0,-8.793,0.654,0.6737,0.5405,0.03402
128.80,130.07,130.08,0,-0.93195,0,|r_qp|,cross-domain,0.0000,0.0000,4.106,0,-0.93195,0,-6.243,-2.772,-4.378,0,-8.793,2.307,2.389,1.297,-0.6103
129.20,130.47,130.48,0,-1.46610,0,|r_qp|,cross-domain,0.0000,0.0000,3.638,0,-1.46610,0,-6.243,-2.772,-4.378,0,-8.793,3.683,4.987,2.886,50
129.60,130.87,130.88,0,-1.85835,0,|r_qp|,cross-domain,0.0000,0.0000,3.651,0,-1.85835,0,-6.243,-2.772,-4.378,0,-8.793,3.313,7.012,-0.8906,-0.3973
130.00,131.27,131.28,0,-1.49526,0,|r_qp|,cross-domain,0.0000,0.0000,3.508,0,-1.49526,0,-6.243,-2.772,-4.378,0,-8.793,2.17,6.635,0.3578,-0.326
130.40,131.67,131.68,0,-1.96569,0,|r_qp|,cross-domain,0.0000,0.0000,3.685,0,-1.96569,0,-6.243,-2.772,-4.378,0,-8.793,0.9763,6.484,1.925,50
130.80,132.07,132.08,0,-1.93306,0,|r_qp|,cross-domain,0.0000,0.0000,3.626,0,-1.93306,0,-6.243,-2.772,-4.378,0,-8.793,0.5979,5.885,-0.9991,-0.3631
131.20,132.47,132.48,0,-1.43908,0,|r_qp|,cross-domain,0.0000,0.0000,3.631,0,-1.43908,0,-6.243,-2.772,-4.378,0,-8.793,0.183,4.238,0.3101,-0.5378
131.60,132.87,132.88,0,-2.04123,0,|r_qp|,cross-domain,0.0000,0.0000,3.532,0,-2.04123,0,-6.243,-2.772,-4.378,0,-8.793,-0.2899,2.888,0.933,46.59
132.00,133.27,133.28,0,-1.78221,0,|r_qp|,cross-domain,0.0000,0.0000,3.613,0,-1.78221,0,-6.243,-2.772,-4.378,0,-8.793,-0.3387,2.362,-1.084,-0.2681
132.40,133.67,133.68,0,-1.51991,0,|r_qp|,cross-domain,0.0000,0.0000,3.590,0,-1.51991,0,-6.243,-2.772,-4.378,0,-8.793,-0.6245,1.689,-0.3284,-0.1667
132.80,134.07,134.08,0,-1.71690,0,|r_qp|,cross-domain,0.0000,0.0000,3.544,0,-1.71690,0,-6.243,-2.772,-4.378,0,-8.793,-0.1369,1.43,1.87,50
133.20,134.47,134.48,0,-1.19298,0,|r_qp|,cross-domain,0.0000,0.0000,3.699,0,-1.19298,0,-6.243,-2.772,-4.378,0,-8.793,0.485,1.738,0.5979,-0.03884
133.60,134.87,134.88,0,-1.09903,0,|r_qp|,cross-domain,0.0000,0.0000,3.514,0,-1.09903,0,-6.243,-2.772,-4.378,0,-8.793,2.491,2.726,0.8057,-0.542
134.00,135.27,135.28,0,-1.24466,0,|r_qp|,cross-domain,0.0000,0.0000,4.493,0,-1.24466,0,-6.243,-2.772,-4.378,0,-8.793,4.11,4.141,3.356,49.65
134.40,135.67,135.68,0,-1.68136,0,|r_qp|,cross-domain,0.0000,0.0000,3.658,0,-1.68136,0,-6.243,-2.772,-4.378,0,-8.793,3.91,5.099,-0.797,-0.7389
134.80,136.07,136.08,0,-1.76638,0,|r_qp|,cross-domain,0.0000,0.0000,3.610,0,-1.76638,0,-6.243,-2.772,-4.378,0,-8.793,2.081,3.52,-1.129,-0.4616
135.20,136.47,136.48,0,-2.13620,0,|r_qp|,cross-domain,0.0000,0.0000,3.535,0,-2.13620,0,-6.243,-2.772,-4.378,0,-8.793,0.4778,1.83,0.5182,50
135.60,136.87,136.88,0,-1.68828,0,|r_qp|,cross-domain,0.0000,0.0000,3.549,0,-1.68828,0,-6.243,-2.772,-4.378,0,-8.793,-0.2202,0.831,-1.095,-0.1961
136.00,137.27,137.28,0,-1.66727,0,|r_qp|,cross-domain,0.0000,0.0000,3.569,0,-1.66727,0,-6.243,-2.772,-4.378,0,-8.793,0.02189,0.2559,-1.206,-0.7493
136.40,137.67,137.68,0,-1.92832,0,|r_qp|,cross-domain,0.0000,0.0000,3.613,0,-1.92832,0,-6.243,-2.772,-4.378,0,-8.793,0.04172,0.4368,0.9392,49.5
136.80,138.07,138.08,0,-1.21583,0,|r_qp|,cross-domain,0.0000,0.0000,3.639,0,-1.21583,0,-6.243,-2.772,-4.378,0,-8.793,0.4402,0.7408,0.3449,0.1712
137.20,138.47,138.48,0,-1.37474,0,|r_qp|,cross-domain,0.0000,0.0000,4.227,0,-1.37474,0,-6.243,-2.772,-4.378,0,-8.793,1.625,0.3172,-0.4557,-0.6856
137.60,138.87,138.88,0,-1.02768,0,|r_qp|,cross-domain,0.0000,0.0000,3.718,0,-1.02768,0,-6.243,-2.772,-4.378,0,-8.793,3.475,0.4343,3.291,47.74
138.00,139.27,139.28,0,-1.35488,0,|r_qp|,cross-domain,0.0000,0.0000,3.691,0,-1.35488,0,-6.243,-2.772,-4.378,0,-8.793,4.271,1.108,-0.5584,-0.3276
138.40,139.67,139.68,0,-0.48322,0,|r_qp|,cross-domain,0.0000,0.0000,3.728,0,-0.48322,0,-6.243,-2.772,-4.378,0,-8.793,3.788,2.545,2.605,-0.2083
138.80,140.07,140.08,0,-1.78204,0,|r_qp|,cross-domain,0.0000,0.0000,3.618,0,-1.78204,0,-6.243,-2.772,-4.378,0,-8.793,2.388,4.83,1.881,47.89
139.20,140.47,140.48,0,-1.79224,0,|r_qp|,cross-domain,0.0000,0.0000,3.476,0,-1.79224,0,-6.243,-2.772,-4.378,0,-8.793,1.465,6.293,-0.5777,-0.366
139.60,140.87,140.88,0,-1.44299,0,|r_qp|,cross-domain,0.0000,0.0000,3.572,0,-1.44299,0,-6.243,-2.772,-4.378,0,-8.793,1.188,6.038,0.5102,-0.7633
140.00,141.27,141.28,0,-1.96490,0,|r_qp|,cross-domain,0.0000,0.0000,3.642,0,-1.96490,0,-6.243,-2.772,-4.378,0,-8.793,1.354,6.459,1.712,47.26
140.40,141.67,141.68,0,-1.50067,0,|r_qp|,cross-domain,0.0000,0.0000,3.581,0,-1.50067,0,-6.243,-2.772,-4.378,0,-8.793,1.723,6.412,0.3688,-0.08314
140.80,142.07,142.08,0,-1.50858,0,|r_qp|,cross-domain,0.0000,0.0000,3.605,0,-1.50858,0,-6.243,-2.772,-4.378,0,-8.793,2.511,4.747,-0.1175,-0.5647
141.20,142.47,142.48,0,-1.80828,0,|r_qp|,cross-domain,0.0000,0.0000,3.450,0,-1.80828,0,-6.243,-2.772,-4.378,0,-8.793,2.978,2.686,1.378,49.3
141.60,142.87,142.88,0,-1.61105,0,|r_qp|,cross-domain,0.0000,0.0000,3.563,0,-1.61105,0,-6.243,-2.772,-4.378,0,-8.793,2.662,1.413,-1.116,-0.365
142.00,143.27,143.28,0,-1.65545,0,|r_qp|,cross-domain,0.0000,0.0000,3.620,0,-1.65545,0,-6.243,-2.772,-4.378,0,-8.793,1.025,0.8774,-1.176,-0.763
142.40,143.67,143.68,0,-1.65307,0,|r_qp|,cross-domain,0.0000,0.0000,3.592,0,-1.65307,0,-6.243,-2.772,-4.378,0,-8.793,-0.2603,0.4265,1.893,50
142.80,144.07,144.08,0,-1.32283,0,|r_qp|,cross-domain,0.0000,0.0000,3.839,0,-1.32283,0,-6.243,-2.772,-4.378,0,-8.793,-0.2779,0.7215,0.06256,-0.291
143.20,144.47,144.48,0,-1.51214,0,|r_qp|,cross-domain,0.0000,0.0000,3.507,0,-1.51214,0,-6.243,-2.772,-4.378,0,-8.793,0.7598,0.4853,-0.7633,-0.8674
143.60,144.87,144.88,0,-1.57500,0,|r_qp|,cross-domain,0.0000,0.0000,3.644,0,-1.57500,0,-6.243,-2.772,-4.378,0,-8.793,2.033,1.011,1.962,50
144.00,145.27,145.28,0,-1.09848,0,|r_qp|,cross-domain,0.0000,0.0000,3.597,0,-1.09848,0,-6.243,-2.772,-4.378,0,-8.793,2.532,2.055,0.7061,0.084
144.40,145.67,145.68,0,-1.16971,0,|r_qp|,cross-domain,0.0000,0.0000,3.494,0,-1.16971,0,-6.243,-2.772,-4.378,0,-8.793,3.485,2.869,0.4682,-0.6914
144.80,146.07,146.08,0,-1.45060,0,|r_qp|,cross-domain,0.0000,0.0000,3.717,0,-1.45060,0,-6.243,-2.772,-4.378,0,-8.793,4.353,4.358,2.582,47.59
145.20,146.47,146.48,0,-1.70225,0,|r_qp|,cross-domain,0.0000,0.0000,3.509,0,-1.70225,0,-6.243,-2.772,-4.378,0,-8.793,4.247,5.038,-0.906,-0.4959
145.60,146.87,146.88,0,-1.61407,0,|r_qp|,cross-domain,0.0000,0.0000,3.720,0,-1.61407,0,-6.243,-2.772,-4.378,0,-8.793,2.996,4.831,-0.5189,-0.8201
146.00,147.27,147.28,0,-1.89221,0,|r_qp|,cross-domain,0.0000,0.0000,3.537,0,-1.89221,0,-6.243,-2.772,-4.378,0,-8.793,1.322,4.542,1.732,50
146.40,147.67,147.68,0,-1.92114,0,|r_qp|,cross-domain,0.0000,0.0000,3.519,0,-1.92114,0,-6.243,-2.772,-4.378,0,-8.793,0.5292,4.888,-1.133,-0.08548
146.80,148.07,148.08,0,-1.75365,0,|r_qp|,cross-domain,0.0000,0.0000,3.664,0,-1.75365,0,-6.243,-2.772,-4.378,0,-8.793,0.1802,3.155,-0.9259,-0.6756
147.20,148.47,148.48,0,-1.64149,0,|r_qp|,cross-domain,0.0000,0.0000,3.525,0,-1.64149,0,-6.243,-2.772,-4.378,0,-8.793,0.7122,1.507,2.018,50
147.60,148.87,148.88,0,-1.24153,0,|r_qp|,cross-domain,0.0000,0.0000,3.630,0,-1.24153,0,-6.243,-2.772,-4.378,0,-8.793,1.46,0.4718,0.06478,-0.0198
148.00,149.27,149.28,0,-1.32123,0,|r_qp|,cross-domain,0.0000,0.0000,4.300,0,-1.32123,0,-6.243,-2.772,-4.378,0,-8.793,2.559,0.1233,-0.4423,-0.6687
148.40,149.67,149.68,0,-1.78025,0,|r_qp|,cross-domain,0.0000,0.0000,3.559,0,-1.78025,0,-6.243,-2.772,-4.378,0,-8.793,3.042,0.3456,1.037,50
148.80,150.07,150.08,0,-1.37665,0,|r_qp|,cross-domain,0.0000,0.0000,3.706,0,-1.37665,0,-6.243,-2.772,-4.378,0,-8.793,2.323,0.7796,-0.4457,-0.425
149.20,150.47,150.48,0,-1.12796,0,|r_qp|,cross-domain,0.0000,0.0000,3.522,0,-1.12796,0,-6.243,-2.772,-4.378,0,-8.793,1.176,0.6101,0.5074,0.1892
149.60,150.87,150.88,0,-1.83280,0,|r_qp|,cross-domain,0.0000,0.0000,3.652,0,-1.83280,0,-6.243,-2.772,-4.378,0,-8.793,0.1161,0.9252,1.364,50
150.00,151.27,151.28,0,-1.60310,0,|r_qp|,cross-domain,0.0000,0.0000,3.637,0,-1.60310,0,-6.243,-2.772,-4.378,0,-8.793,-0.124,1.737,-0.6674,-0.4255
150.40,151.67,151.68,0,-1.77496,0,|r_qp|,cross-domain,0.0000,0.0000,3.471,0,-1.77496,0,-6.243,-2.772,-4.378,0,-8.793,-0.6487,1.106,-1.285,-0.536
150.80,152.07,152.08,0,-1.52379,0,|r_qp|,cross-domain,0.0000,0.0000,3.683,0,-1.52379,0,-6.243,-2.772,-4.378,0,-8.793,0.03135,0.9856,2.382,50
151.20,152.47,152.48,0,-0.94220,0,|r_qp|,cross-domain,0.0000,0.0000,3.569,0,-0.94220,0,-6.243,-2.772,-4.378,0,-8.793,1.025,1.228,1.235,-0.04226
151.60,152.87,152.88,0,-1.20591,0,|r_qp|,cross-domain,0.0000,0.0000,3.556,0,-1.20591,0,-6.243,-2.772,-4.378,0,-8.793,3.329,0.7698,-0.03983,-0.6175
152.00,153.27,153.28,0,-1.58843,0,|r_qp|,cross-domain,0.0000,0.0000,3.835,0,-1.58843,0,-6.243,-2.772,-4.378,0,-8.793,4.44,0.6258,1.417,48.1
152.40,153.67,153.68,0,-1.39499,0,|r_qp|,cross-domain,0.0000,0.0000,3.676,0,-1.39499,0,-6.243,-2.772,-4.378,0,-8.793,3.742,0.8497,-0.6763,-0.4343
152.80,154.07,154.08,0,-1.03903,0,|r_qp|,cross-domain,0.0000,0.0000,3.650,0,-1.03903,0,-6.243,-2.772,-4.378,0,-8.793,1.887,1.22,0.8021,-0.1565
153.20,154.47,154.48,0,-1.94488,0,|r_qp|,cross-domain,0.0000,0.0000,3.507,0,-1.94488,0,-6.243,-2.772,-4.378,0,-8.793,0.1779,2.818,1.369,50
153.60,154.87,154.88,0,-1.80602,0,|r_qp|,cross-domain,0.0000,0.0000,3.546,0,-1.80602,0,-6.243,-2.772,-4.378,0,-8.793,-0.1868,4.111,-0.8282,-0.1788
154.00,155.27,155.28,0,-1.79095,0,|r_qp|,cross-domain,0.0000,0.0000,3.624,0,-1.79095,0,-6.243,-2.772,-4.378,0,-8.793,0.02761,2.672,-1.122,-0.6734
154.40,155.67,155.68,0,-1.59954,0,|r_qp|,cross-domain,0.0000,0.0000,3.509,0,-1.59954,0,-6.243,-2.772,-4.378,0,-8.793,0.9878,1.282,2.065,49.86
154.80,156.07,156.08,0,-1.11901,0,|r_qp|,cross-domain,0.0000,0.0000,3.692,0,-1.11901,0,-6.243,-2.772,-4.378,0,-8.793,2.042,0.7159,0.4383,0.0846
155.20,156.47,156.48,0,-1.14095,0,|r_qp|,cross-domain,0.0000,0.0000,3.570,0,-1.14095,0,-6.243,-2.772,-4.378,0,-8.793,3.597,0.2551,0.02741,-0.7072
155.60,156.87,156.88,0,-1.59354,0,|r_qp|,cross-domain,0.0000,0.0000,3.623,0,-1.59354,0,-6.243,-2.772,-4.378,0,-8.793,4.352,0.425,1.383,48.27
156.00,157.27,157.28,0,-1.58165,0,|r_qp|,cross-domain,0.0000,0.0000,3.749,0,-1.58165,0,-6.243,-2.772,-4.378,0,-8.793,3.522,0.9221,-1.225,-0.275
156.40,157.67,157.68,0,-1.68034,0,|r_qp|,cross-domain,0.0000,0.0000,3.530,0,-1.68034,0,-6.243,-2.772,-4.378,0,-8.793,1.148,0.4913,-1.342,-0.6601
156.80,158.07,158.08,0,-1.83227,0,|r_qp|,cross-domain,0.0000,0.0000,3.718,0,-1.83227,0,-6.243,-2.772,-4.378,0,-8.793,-0.616,0.4037,1.357,50
157.20,158.47,158.48,0,-1.40458,0,|r_qp|,cross-domain,0.0000,0.0000,3.579,0,-1.40458,0,-6.243,-2.772,-4.378,0,-8.793,-0.6588,0.6407,-0.1664,-0.2765
157.60,158.87,158.88,0,-1.52004,0,|r_qp|,cross-domain,0.0000,0.0000,3.826,0,-1.52004,0,-6.243,-2.772,-4.378,0,-8.793,0.7472,0.2356,-0.821,-0.6016
158.00,159.27,159.28,0,-1.42084,0,|r_qp|,cross-domain,0.0000,0.0000,3.781,0,-1.42084,0,-6.243,-2.772,-4.378,0,-8.793,2.39,0.3258,2.085,46.74
158.40,159.67,159.68,0,-1.29500,0,|r_qp|,cross-domain,0.0000,0.0000,3.576,0,-1.29500,0,-6.243,-2.772,-4.378,0,-8.793,3.013,0.9321,-0.2185,-0.0202
158.80,160.07,160.08,0,-1.21885,0,|r_qp|,cross-domain,0.0000,0.0000,3.773,0,-1.21885,0,-6.243,-2.772,-4.378,0,-8.793,3.425,0.2045,-0.2109,-0.6992
159.20,160.47,160.48,0,-1.53094,0,|r_qp|,cross-domain,0.0000,0.0000,3.671,0,-1.53094,0,-6.243,-2.772,-4.378,0,-8.793,3.48,0.2857,1.772,50
159.60,160.87,160.88,0,-1.57530,0,|r_qp|,cross-domain,0.0000,0.0000,3.607,0,-1.57530,0,-6.243,-2.772,-4.378,0,-8.793,2.772,0.3732,-1.223,-0.386
160.00,161.27,161.28,0,-1.56438,0,|r_qp|,cross-domain,0.0000,0.0000,3.617,0,-1.56438,0,-6.243,-2.772,-4.378,0,-8.793,1.548,-0.02053,-1.114,-0.5216
160.40,161.67,161.68,0,-1.63066,0,|r_qp|,cross-domain,0.0000,0.0000,3.670,0,-1.63066,0,-6.243,-2.772,-4.378,0,-8.793,0.5699,0.1203,1.657,47.63
160.80,162.07,162.08,0,-1.45866,0,|r_qp|,cross-domain,0.0000,0.0000,3.597,0,-1.45866,0,-6.243,-2.772,-4.378,0,-8.793,0.5313,0.6712,-0.4927,-0.3283
161.20,162.47,162.48,0,-1.54696,0,|r_qp|,cross-domain,0.0000,0.0000,3.510,0,-1.54696,0,-6.243,-2.772,-4.378,0,-8.793,1.267,0.2383,-0.9713,-0.5401
161.60,162.87,162.88,0,-1.61021,0,|r_qp|,cross-domain,0.0000,0.0000,4.810,0,-1.61021,0,-6.243,-2.772,-4.378,0,-8.793,2.19,0.3937,1.602,48.23
162.00,163.27,163.28,0,-1.08855,0,|r_qp|,cross-domain,0.0000,0.0000,3.701,0,-1.08855,0,-6.243,-2.772,-4.378,0,-8.793,2.786,0.702,0.442,0.1718
162.40,163.67,163.68,0,-1.19834,0,|r_qp|,cross-domain,0.0000,0.0000,3.743,0,-1.19834,0,-6.243,-2.772,-4.378,0,-8.793,3.698,0.2827,-0.1611,-0.6362
162.80,164.07,164.08,0,-1.68442,0,|r_qp|,cross-domain,0.0000,0.0000,3.731,0,-1.68442,0,-6.243,-2.772,-4.378,0,-8.793,4.068,0.2849,1.201,50
163.20,164.47,164.48,0,-1.41338,0,|r_qp|,cross-domain,0.0000,0.0000,3.631,0,-1.41338,0,-6.243,-2.772,-4.378,0,-8.793,3.323,0.7038,-0.7177,-0.5664
163.60,164.87,164.88,0,-1.64996,0,|r_qp|,cross-domain,0.0000,0.0000,4.050,0,-1.64996,0,-6.243,-2.772,-4.378,0,-8.793,1.288,0.2399,-1.312,-0.6509
164.00,165.27,165.28,0,-1.97400,0,|r_qp|,cross-domain,0.0000,0.0000,3.843,0,-1.97400,0,-6.243,-2.772,-4.378,0,-8.793,-0.5363,-0.0002406,0.8102,50
164.40,165.67,165.68,0,-1.72307,0,|r_qp|,cross-domain,0.0000,0.0000,3.737,0,-1.72307,0,-6.243,-2.772,-4.378,0,-8.793,-0.9987,0.6665,-1.107,0.3464
164.80,166.07,166.08,0,-1.67727,0,|r_qp|,cross-domain,0.0000,0.0000,3.647,0,-1.67727,0,-6.243,-2.772,-4.378,0,-8.793,-1.037,0.01057,-1.15,-0.7731
165.20,166.47,166.48,0,-1.57814,0,|r_qp|,cross-domain,0.0000,0.0000,3.663,0,-1.57814,0,-6.243,-2.772,-4.378,0,-8.793,-0.3858,-0.04418,2.058,50
165.60,166.87,166.88,0,-1.17902,0,|r_qp|,cross-domain,0.0000,0.0000,3.616,0,-1.17902,0,-6.243,-2.772,-4.378,0,-8.793,0.4603,0.09292,0.3227,0.003191
166.00,167.27,167.28,0,-1.09199,0,|r_qp|,cross-domain,0.0000,0.0000,3.712,0,-1.09199,0,-6.243,-2.772,-4.378,0,-8.793,2.684,-0.2552,0.1996,-0.763
166.40,167.67,167.68,0,-1.48020,0,|r_qp|,cross-domain,0.0000,0.0000,3.582,0,-1.48020,0,-6.243,-2.772,-4.378,0,-8.793,4.26,-0.1379,1.75,50
166.80,168.07,168.08,0,-1.51191,0,|r_qp|,cross-domain,0.0000,0.0000,3.631,0,-1.51191,0,-6.243,-2.772,-4.378,0,-8.793,3.782,0.6352,-1.097,-0.3634
167.20,168.47,168.48,0,-1.57783,0,|r_qp|,cross-domain,0.0000,0.0000,3.606,0,-1.57783,0,-6.243,-2.772,-4.378,0,-8.793,1.565,-0.148,-1.2,-0.777
167.60,168.87,168.88,0,-1.75465,0,|r_qp|,cross-domain,0.0000,0.0000,3.582,0,-1.75465,0,-6.243,-2.772,-4.378,0,-8.793,-0.423,-0.2759,1.448,50
168.00,169.27,169.28,0,-1.48013,0,|r_qp|,cross-domain,0.0000,0.0000,3.635,0,-1.48013,0,-6.243,-2.772,-4.378,0,-8.793,-0.786,0.01503,-0.5321,-0.528
168.40,169.67,169.68,0,-1.57105,0,|r_qp|,cross-domain,0.0000,0.0000,3.602,0,-1.57105,0,-6.243,-2.772,-4.378,0,-8.793,-0.3255,-0.4434,-0.9808,-0.6121
168.80,170.07,170.08,0,-1.43981,0,|r_qp|,cross-domain,0.0000,0.0000,3.698,0,-1.43981,0,-6.243,-2.772,-4.378,0,-8.793,0.5367,-0.3359,2.325,50
169.20,170.47,170.48,0,-1.57108,0,|r_qp|,cross-domain,0.0000,0.0000,3.559,0,-1.57108,0,-6.243,-2.772,-4.378,0,-8.793,0.9343,0.6206,-0.8786,0.3319
169.60,170.87,170.88,0,-1.44905,0,|r_qp|,cross-domain,0.0000,0.0000,4.090,0,-1.44905,0,-6.243,-2.772,-4.378,0,-8.793,1.516,-0.03824,-0.7634,-0.8891
170.00,171.27,171.28,0,-1.37859,0,|r_qp|,cross-domain,0.0000,0.0000,3.743,0,-1.37859,0,-6.243,-2.772,-4.378,0,-8.793,1.924,0.02668,2.412,49.97
170.40,171.67,171.68,0,-1.60849,0,|r_qp|,cross-domain,0.0000,0.0000,3.621,0,-1.60849,0,-6.243,-2.772,-4.378,0,-8.793,1.675,-0.01138,-1.262,-0.3669
170.80,172.07,172.08,0,-1.56996,0,|r_qp|,cross-domain,0.0000,0.0000,3.728,0,-1.56996,0,-6.243,-2.772,-4.378,0,-8.793,0.755,-0.5553,-1.156,-0.8866
171.20,172.47,172.48,0,-1.77759,0,|r_qp|,cross-domain,0.0000,0.0000,3.664,0,-1.77759,0,-6.243,-2.772,-4.378,0,-8.793,-0.2774,-0.5905,1.292,50
171.60,172.87,172.88,0,-1.59707,0,|r_qp|,cross-domain,0.0000,0.0000,3.623,0,-1.59707,0,-6.243,-2.772,-4.378,0,-8.793,-0.6778,-0.1768,-0.9281,0.03382
172.00,173.27,173.28,0,-1.56989,0,|r_qp|,cross-domain,0.0000,0.0000,3.594,0,-1.56989,0,-6.243,-2.772,-4.378,0,-8.793,0.1385,-0.4512,-1.056,-0.8951
172.40,173.67,173.68,0,-1.85048,0,|r_qp|,cross-domain,0.0000,0.0000,3.622,0,-1.85048,0,-6.243,-2.772,-4.378,0,-8.793,0.9498,-0.2755,0.9602,50
172.80,174.07,174.08,0,-1.38617,0,|r_qp|,cross-domain,0.0000,0.0000,3.607,0,-1.38617,0,-6.243,-2.772,-4.378,0,-8.793,1.628,0.3348,-0.38,1.179
173.20,174.47,174.48,0,-1.41299,0,|r_qp|,cross-domain,0.0000,0.0000,3.546,0,-1.41299,0,-6.243,-2.772,-4.378,0,-8.793,1.807,0.07529,-0.6559,-0.7746
173.60,174.87,174.88,0,-1.49662,0,|r_qp|,cross-domain,0.0000,0.0000,3.633,0,-1.49662,0,-6.243,-2.772,-4.378,0,-8.793,2.391,-0.05796,1.956,50
174.00,175.27,175.28,0,-1.50321,0,|r_qp|,cross-domain,0.0000,0.0000,3.675,0,-1.50321,0,-6.243,-2.772,-4.378,0,-8.793,2.224,0.3642,-0.9253,-0.4613
174.40,175.67,175.68,0,-1.63206,0,|r_qp|,cross-domain,0.0000,0.0000,3.553,0,-1.63206,0,-6.243,-2.772,-4.378,0,-8.793,1.29,-0.225,-1.337,-0.4921
174.80,176.07,176.08,0,-1.73286,0,|r_qp|,cross-domain,0.0000,0.0000,3.606,0,-1.73286,0,-6.243,-2.772,-4.378,0,-8.793,0.456,-0.0824,1.442,50
175.20,176.47,176.48,0,-1.46008,0,|r_qp|,cross-domain,0.0000,0.0000,3.666,0,-1.46008,0,-6.243,-2.772,-4.378,0,-8.793,0.2197,0.7184,-0.4382,-0.1724
175.60,176.87,176.88,0,-1.38362,0,|r_qp|,cross-domain,0.0000,0.0000,3.696,0,-1.38362,0,-6.243,-2.772,-4.378,0,-8.793,1.208,0.2541,-0.456,-0.9137
176.00,177.27,177.28,0,-1.67920,0,|r_qp|,cross-domain,0.0000,0.0000,3.626,0,-1.67920,0,-6.243,-2.772,-4.378,0,-8.793,1.983,0.3275,1.497,50
176.40,177.67,177.68,0,-1.40259,0,|r_qp|,cross-domain,0.0000,0.0000,3.633,0,-1.40259,0,-6.243,-2.772,-4.378,0,-8.793,2.333,0.4755,-0.5464,0.3326
176.80,178.07,178.08,0,-1.33977,0,|r_qp|,cross-domain,0.0000,0.0000,3.635,0,-1.33977,0,-6.243,-2.772,-4.378,0,-8.793,2.61,-0.1688,-0.5797,-0.893
177.20,178.47,178.48,0,-1.59133,0,|r_qp|,cross-domain,0.0000,0.0000,3.642,0,-1.59133,0,-6.243,-2.772,-4.378,0,-8.793,2.797,-0.4006,1.524,49.9
177.60,178.87,178.88,0,-1.56499,0,|r_qp|,cross-domain,0.0000,0.0000,3.892,0,-1.56499,0,-6.243,-2.772,-4.378,0,-8.793,2.245,0.04638,-1.173,-0.169
178.00,179.27,179.28,0,-1.59333,0,|r_qp|,cross-domain,0.0000,0.0000,3.632,0,-1.59333,0,-6.243,-2.772,-4.378,0,-8.793,0.6005,-0.5808,-1.212,-0.8079
178.40,179.67,179.68,0,-1.72458,0,|r_qp|,cross-domain,0.0000,0.0000,3.695,0,-1.72458,0,-6.243,-2.772,-4.378,0,-8.793,-0.7497,-0.4799,1.547,50
178.80,180.07,180.08,0,-1.64465,0,|r_qp|,cross-domain,0.0000,0.0000,3.633,0,-1.64465,0,-6.243,-2.772,-4.378,0,-8.793,-0.9224,0.07071,-0.9994,0.053
179.20,180.47,180.48,0,-1.57114,0,|r_qp|,cross-domain,0.0000,0.0000,3.586,0,-1.57114,0,-6.243,-2.772,-4.378,0,-8.793,-0.005397,-0.3019,-1.009,-0.8563
179.60,180.87,180.88,0,-1.75347,0,|r_qp|,cross-domain,0.0000,0.0000,3.727,0,-1.75347,0,-6.243,-2.772,-4.378,0,-8.793,1.078,0.001389,1.311,50
180.00,181.27,181.28,0,-1.44341,0,|r_qp|,cross-domain,0.0000,0.0000,3.652,0,-1.44341,0,-6.243,-2.772,-4.378,0,-8.793,1.615,0.5728,-0.5479,0.6268
180.40,181.67,181.68,0,-1.34090,0,|r_qp|,cross-domain,0.0000,0.0000,3.581,0,-1.34090,0,-6.243,-2.772,-4.378,0,-8.793,2.296,-0.03802,-0.5208,-0.9642
180.80,182.07,182.08,0,-1.64921,0,|r_qp|,cross-domain,0.0000,0.0000,3.577,0,-1.64921,0,-6.243,-2.772,-4.378,0,-8.793,2.684,-0.36,1.366,50
181.20,182.47,182.48,0,-1.53782,0,|r_qp|,cross-domain,0.0000,0.0000,3.564,0,-1.53782,0,-6.243,-2.772,-4.378,0,-8.793,2.428,0.05324,-1.091,0.1109
181.60,182.87,182.88,0,-1.54183,0,|r_qp|,cross-domain,0.0000,0.0000,3.718,0,-1.54183,0,-6.243,-2.772,-4.378,0,-8.793,1.605,-0.2989,-1.128,-0.9204
182.00,183.27,183.28,0,-1.82147,0,|r_qp|,cross-domain,0.0000,0.0000,3.634,0,-1.82147,0,-6.243,-2.772,-4.378,0,-8.793,0.6218,-0.1661,1.118,50
182.40,183.67,183.68,0,-1.64977,0,|r_qp|,cross-domain,0.0000,0.0000,3.939,0,-1.64977,0,-6.243,-2.772,-4.378,0,-8.793,0.34,0.2383,-1.142,0.1397
182.80,184.07,184.08,0,-1.56165,0,|r_qp|,cross-domain,0.0000,0.0000,3.577,0,-1.56165,0,-6.243,-2.772,-4.378,0,-8.793,0.1619,-0.3983,-1.013,-0.7465
183.20,184.47,184.48,0,-1.57960,0,|r_qp|,cross-domain,0.0000,0.0000,3.589,0,-1.57960,0,-6.243,-2.772,-4.378,0,-8.793,0.966,-0.3878,1.809,50
183.60,184.87,184.88,0,-1.22593,0,|r_qp|,cross-domain,0.0000,0.0000,3.682,0,-1.22593,0,-6.243,-2.772,-4.378,0,-8.793,1.708,0.203,0.06493,0.5824
184.00,185.27,185.28,0,-1.20284,0,|r_qp|,cross-domain,0.0000,0.0000,3.590,0,-1.20284,0,-6.243,-2.772,-4.378,0,-8.793,3.273,-0.3202,-0.254,-0.88
184.40,185.67,185.68,0,-1.52432,0,|r_qp|,cross-domain,0.0000,0.0000,3.596,0,-1.52432,0,-6.243,-2.772,-4.378,0,-8.793,4.107,-0.2429,1.607,50
184.80,186.07,186.08,0,-1.51346,0,|r_qp|,cross-domain,0.0000,0.0000,3.595,0,-1.51346,0,-6.243,-2.772,-4.378,0,-8.793,3.419,0.08437,-1.174,-0.5426
185.20,186.47,186.48,0,-1.57034,0,|r_qp|,cross-domain,0.0000,0.0000,3.602,0,-1.57034,0,-6.243,-2.772,-4.378,0,-8.793,1.168,-0.313,-1.155,-0.7489
185.60,186.87,186.88,0,-1.78526,0,|r_qp|,cross-domain,0.0000,0.0000,3.797,0,-1.78526,0,-6.243,-2.772,-4.378,0,-8.793,-0.6719,-0.4094,1.335,49.67
186.00,187.27,187.28,0,-1.71722,0,|r_qp|,cross-domain,0.0000,0.0000,3.700,0,-1.71722,0,-6.243,-2.772,-4.378,0,-8.793,-1.175,-0.005253,-1.191,0.4743
186.40,187.67,187.68,0,-1.66582,0,|r_qp|,cross-domain,0.0000,0.0000,3.570,0,-1.66582,0,-6.243,-2.772,-4.378,0,-8.793,-0.8791,-0.5048,-1.235,-0.7512
186.80,188.07,188.08,0,-1.68544,0,|r_qp|,cross-domain,0.0000,0.0000,3.587,0,-1.68544,0,-6.243,-2.772,-4.378,0,-8.793,-0.1261,-0.5062,1.586,50
187.20,188.47,188.48,0,-1.18894,0,|r_qp|,cross-domain,0.0000,0.0000,3.881,0,-1.18894,0,-6.243,-2.772,-4.378,0,-8.793,0.6069,-0.109,0.2742,0.7287
187.60,188.87,188.88,0,-1.20998,0,|r_qp|,cross-domain,0.0000,0.0000,3.698,0,-1.20998,0,-6.243,-2.772,-4.378,0,-8.793,2.368,-0.4787,-0.1954,-0.9621
188.00,189.27,189.28,0,-1.07150,0,|r_qp|,cross-domain,0.0000,0.0000,3.644,0,-1.07150,0,-6.243,-2.772,-4.378,0,-8.793,3.661,-0.4422,2.916,47.13
188.40,189.67,189.68,0,-1.42063,0,|r_qp|,cross-domain,0.0000,0.0000,3.487,0,-1.42063,0,-6.243,-2.772,-4.378,0,-8.793,3.622,0.2176,-0.8035,0.6719
188.80,190.07,190.08,0,-1.52745,0,|r_qp|,cross-domain,0.0000,0.0000,3.614,0,-1.52745,0,-6.243,-2.772,-4.378,0,-8.793,2.411,-0.09914,-1.142,-0.8524
189.20,190.47,190.48,0,-1.56277,0,|r_qp|,cross-domain,0.0000,0.0000,3.633,0,-1.56277,0,-6.243,-2.772,-4.378,0,-8.793,1.169,-0.02592,1.908,50
189.60,190.87,190.88,0,-1.48897,0,|r_qp|,cross-domain,0.0000,0.0000,3.702,0,-1.48897,0,-6.243,-2.772,-4.378,0,-8.793,0.7752,0.3908,-0.6177,0.6915
190.00,191.27,191.28,0,-1.59470,0,|r_qp|,cross-domain,0.0000,0.0000,3.625,0,-1.59470,0,-6.243,-2.772,-4.378,0,-8.793,0.9575,-0.164,-1.184,-0.8779
190.40,191.67,191.68,0,-0.78116,0,|r_qp|,cross-domain,0.0000,0.0000,3.562,0,-0.78116,0,-6.243,-2.772,-4.378,0,-8.793,1.744,-0.2289,4.077,46
190.80,192.07,192.08,0,-0.97670,0,|r_qp|,cross-domain,0.0000,0.0000,3.599,0,-0.97670,0,-6.243,-2.772,-4.378,0,-8.793,2.521,0.2625,0.7358,-0.06949
191.20,192.47,192.48,0,-0.97937,0,|r_qp|,cross-domain,0.0000,0.0000,3.588,0,-0.97937,0,-6.243,-2.772,-4.378,0,-8.793,4.112,-0.4422,0.3413,-0.7341
191.60,192.87,192.88,0,-1.59362,0,|r_qp|,cross-domain,0.0000,0.0000,3.731,0,-1.59362,0,-6.243,-2.772,-4.378,0,-8.793,4.781,-0.4373,1.257,50
192.00,193.27,193.28,0,-1.53499,0,|r_qp|,cross-domain,0.0000,0.0000,3.594,0,-1.53499,0,-6.243,-2.772,-4.378,0,-8.793,3.652,0.1296,-1.186,0.8042
192.40,193.67,193.68,0,-1.52000,0,|r_qp|,cross-domain,0.0000,0.0000,3.615,0,-1.52000,0,-6.243,-2.772,-4.378,0,-8.793,0.9616,-0.2437,-0.955,-0.7941
192.80,194.07,194.08,0,-1.55295,0,|r_qp|,cross-domain,0.0000,0.0000,3.643,0,-1.55295,0,-6.243,-2.772,-4.378,0,-8.793,-0.9641,-0.2319,2.177,50
193.20,194.47,194.48,0,-1.66238,0,|r_qp|,cross-domain,0.0000,0.0000,3.601,0,-1.66238,0,-6.243,-2.772,-4.378,0,-8.793,-0.8334,0.07105,-1.023,0.8172
193.60,194.87,194.88,0,-1.61515,0,|r_qp|,cross-domain,0.0000,0.0000,3.663,0,-1.61515,0,-6.243,-2.772,-4.378,0,-8.793,0.07662,-0.335,-1.167,-0.8306
194.00,195.27,195.28,0,-1.04166,0,|r_qp|,cross-domain,0.0000,0.0000,3.616,0,-1.04166,0,-6.243,-2.772,-4.378,0,-8.793,1.037,-0.1247,3.444,47.59
194.40,195.67,195.68,0,-1.13161,0,|r_qp|,cross-domain,0.0000,0.0000,3.612,0,-1.13161,0,-6.243,-2.772,-4.378,0,-8.793,1.645,0.3946,0.4344,0.9119
194.80,196.07,196.08,0,-1.33139,0,|r_qp|,cross-domain,0.0000,0.0000,3.659,0,-1.33139,0,-6.243,-2.772,-4.378,0,-8.793,2.894,0.01955,-0.5522,-0.888
195.20,196.47,196.48,0,-1.39067,0,|r_qp|,cross-domain,0.0000,0.0000,3.608,0,-1.39067,0,-6.243,-2.772,-4.378,0,-8.793,3.741,0.06608,2.146,50
195.60,196.87,196.88,0,-1.61834,0,|r_qp|,cross-domain,0.0000,0.0000,3.683,0,-1.61834,0,-6.243,-2.772,-4.378,0,-8.793,3.241,0.5639,-1.318,0.7463
196.00,197.27,197.28,0,-1.61810,0,|r_qp|,cross-domain,0.0000,0.0000,3.613,0,-1.61810,0,-6.243,-2.772,-4.378,0,-8.793,1.19,0.1448,-1.212,-0.5914
196.40,197.67,197.68,0,-1.68428,0,|r_qp|,cross-domain,0.0000,0.0000,3.522,0,-1.68428,0,-6.243,-2.772,-4.378,0,-8.793,-0.4602,0.01021,1.736,50
196.80,198.07,198.08,0,-1.71335,0,|r_qp|,cross-domain,0.0000,0.0000,3.600,0,-1.71335,0,-6.243,-2.772,-4.378,0,-8.793,-0.7664,0.4768,-1.102,1.053
197.20,198.47,198.48,0,-1.63477,0,|r_qp|,cross-domain,0.0000,0.0000,4.170,0,-1.63477,0,-6.243,-2.772,-4.378,0,-8.793,-0.124,-0.218,-1.161,-0.4952
197.60,198.87,198.88,0,-1.27459,0,|r_qp|,cross-domain,0.0000,0.0000,3.612,0,-1.27459,0,-6.243,-2.772,-4.378,0,-8.793,1.165,0.05727,2.854,50
198.00,199.27,199.28,0,-1.18330,0,|r_qp|,cross-domain,0.0000,0.0000,3.694,0,-1.18330,0,-6.243,-2.772,-4.378,0,-8.793,2.204,0.658,0.2677,1.261
198.40,199.67,199.68,0,-1.16007,0,|r_qp|,cross-domain,0.0000,0.0000,3.555,0,-1.16007,0,-6.243,-2.772,-4.378,0,-8.793,3.925,0.03569,-0.1186,-0.6772
198.80,200.07,200.08,0,-0.94304,0,|r_qp|,cross-domain,0.0000,0.0000,3.715,0,-0.94304,0,-6.243,-2.772,-4.378,0,-8.793,4.911,-0.09253,3.258,47.49
199.20,200.47,200.48,0,-1.44385,0,|r_qp|,cross-domain,0.0000,0.0000,3.543,0,-1.44385,0,-6.243,-2.772,-4.378,0,-8.793,4.398,0.3047,-1.019,-0.2995
199.60,200.87,200.88,0,-1.44530,0,|r_qp|,cross-domain,0.0000,0.0000,3.557,0,-1.44530,0,-6.243,-2.772,-4.378,0,-8.793,3.079,-0.05809,-0.9637,-0.974
200.00,201.27,201.28,0,-1.67474,0,|r_qp|,cross-domain,0.0000,0.0000,3.692,0,-1.67474,0,-6.243,-2.772,-4.378,0,-8.793,1.533,-0.2699,1.316,47.7
200.40,201.67,201.68,0,-1.65345,0,|r_qp|,cross-domain,0.0000,0.0000,3.517,0,-1.65345,0,-6.243,-2.772,-4.378,0,-8.793,0.6632,0.2414,-1.094,1.855
200.80,202.07,202.08,0,-1.68845,0,|r_qp|,cross-domain,0.0000,0.0000,3.774,0,-1.68845,0,-6.243,-2.772,-4.378,0,-8.793,-0.4769,-0.6685,-1.377,-0.4987
201.20,202.47,202.48,0,-1.54067,0,|r_qp|,cross-domain,0.0000,0.0000,3.579,0,-1.54067,0,-6.243,-2.772,-4.378,0,-8.793,-0.7205,-0.588,2.114,50
201.60,202.87,202.88,0,-1.45632,0,|r_qp|,cross-domain,0.0000,0.0000,3.523,0,-1.45632,0,-6.243,-2.772,-4.378,0,-8.793,-0.1047,0.1209,-0.4155,1.304
202.00,203.27,203.28,0,-1.32317,0,|r_qp|,cross-domain,0.0000,0.0000,3.771,0,-1.32317,0,-6.243,-2.772,-4.378,0,-8.793,1.712,-0.04923,-0.3728,-0.6741
202.40,203.67,203.68,0,-0.59946,0,|r_qp|,cross-domain,0.0000,0.0000,3.538,0,-0.59946,0,-6.243,-2.772,-4.378,0,-8.793,3.283,0.272,4.351,42.41
202.80,204.07,204.08,0,-1.62826,0,|r_qp|,cross-domain,0.0000,0.0000,3.609,0,-1.62826,0,-6.243,-2.772,-4.378,0,-8.793,3,0.6191,-1.295,0.9684
203.20,204.47,204.48,0,-1.64140,0,|r_qp|,cross-domain,0.0000,0.0000,3.618,0,-1.64140,0,-6.243,-2.772,-4.378,0,-8.793,1.13,-0.2433,-1.345,-0.3944
203.60,204.87,204.88,0,-1.10243,0,|r_qp|,cross-domain,0.0000,0.0000,3.673,0,-1.10243,0,-6.243,-2.772,-4.378,0,-8.793,-0.5806,-0.5047,3.525,50
204.00,205.27,205.28,0,-1.57220,0,|r_qp|,cross-domain,0.0000,0.0000,3.772,0,-1.57220,0,-6.243,-2.772,-4.378,0,-8.793,-0.8521,-0.01727,-0.746,0.844
204.40,205.67,205.68,0,-1.51591,0,|r_qp|,cross-domain,0.0000,0.0000,3.622,0,-1.51591,0,-6.243,-2.772,-4.378,0,-8.793,0.5831,-0.1772,-0.8829,-0.8537
204.80,206.07,206.08,0,-1.20300,0,|r_qp|,cross-domain,0.0000,0.0000,3.539,0,-1.20300,0,-6.243,-2.772,-4.378,0,-8.793,1.925,-0.2125,2.925,49.87
205.20,206.47,206.48,0,-1.43860,0,|r_qp|,cross-domain,0.0000,0.0000,3.473,0,-1.43860,0,-6.243,-2.772,-4.378,0,-8.793,2.341,0.1949,-0.6298,1.853
205.60,206.87,206.88,0,-1.45808,0,|r_qp|,cross-domain,0.0000,0.0000,3.524,0,-1.45808,0,-6.243,-2.772,-4.378,0,-8.793,2.288,-0.6353,-0.9953,-0.6162
206.00,207.27,207.28,0,-1.15239,0,|r_qp|,cross-domain,0.0000,0.0000,3.625,0,-1.15239,0,-6.243,-2.772,-4.378,0,-8.793,2.226,-0.5866,2.954,49.52
206.40,207.67,207.68,0,-1.59738,0,|r_qp|,cross-domain,0.0000,0.0000,3.516,0,-1.59738,0,-6.243,-2.772,-4.378,0,-8.793,1.927,0.1127,-1.14,1.238
206.80,208.07,208.08,0,-1.61853,0,|r_qp|,cross-domain,0.0000,0.0000,3.564,0,-1.61853,0,-6.243,-2.772,-4.378,0,-8.793,1.012,-0.344,-1.299,-0.7885
207.20,208.47,208.48,0,-1.15253,0,|r_qp|,cross-domain,0.0000,0.0000,3.630,0,-1.15253,0,-6.243,-2.772,-4.378,0,-8.793,0.2802,0.02928,3.357,50
207.60,208.87,208.88,0,-1.51580,0,|r_qp|,cross-domain,0.0000,0.0000,3.574,0,-1.51580,0,-6.243,-2.772,-4.378,0,-8.793,0.3077,0.2573,-0.6945,0.2704
208.00,209.27,209.28,0,-1.42756,0,|r_qp|,cross-domain,0.0000,0.0000,4.736,0,-1.42756,0,-6.243,-2.772,-4.378,0,-8.793,1.356,-0.2469,-0.7054,-0.7328
208.40,209.67,209.68,0,-1.59812,0,|r_qp|,cross-domain,0.0000,0.0000,3.757,0,-1.59812,0,-6.243,-2.772,-4.378,0,-8.793,2.346,-0.4623,1.555,50
208.80,210.07,210.08,0,-1.37734,0,|r_qp|,cross-domain,0.0000,0.0000,3.638,0,-1.37734,0,-6.243,-2.772,-4.378,0,-8.793,2.466,-0.03858,-0.5797,0.4113
209.20,210.47,210.48,0,-1.32464,0,|r_qp|,cross-domain,0.0000,0.0000,3.609,0,-1.32464,0,-6.243,-2.772,-4.378,0,-8.793,2.569,-0.4668,-0.5888,-0.9623
209.60,210.87,210.88,0,-1.49486,0,|r_qp|,cross-domain,0.0000,0.0000,3.623,0,-1.49486,0,-6.243,-2.772,-4.378,0,-8.793,2.472,-0.5046,1.727,47.7
210.00,211.27,211.28,0,-1.55683,0,|r_qp|,cross-domain,0.0000,0.0000,4.175,0,-1.55683,0,-6.243,-2.772,-4.378,0,-8.793,2.016,0.1078,-1.009,1.451
210.40,211.67,211.68,0,-1.61494,0,|r_qp|,cross-domain,0.0000,0.0000,3.614,0,-1.61494,0,-6.243,-2.772,-4.378,0,-8.793,0.6075,-0.6159,-1.259,-0.294
210.80,212.07,212.08,0,-1.40392,0,|r_qp|,cross-domain,0.0000,0.0000,3.580,0,-1.40392,0,-6.243,-2.772,-4.378,0,-8.793,-0.512,-0.7711,2.491,50
211.20,212.47,212.48,0,-1.56983,0,|r_qp|,cross-domain,0.0000,0.0000,3.713,0,-1.56983,0,-6.243,-2.772,-4.378,0,-8.793,-0.3655,-0.2413,-0.8812,0.246
211.60,212.87,212.88,0,-1.52341,0,|r_qp|,cross-domain,0.0000,0.0000,3.680,0,-1.52341,0,-6.243,-2.772,-4.378,0,-8.793,0.65,-0.6786,-1.018,-0.8985
212.00,213.27,213.28,0,-1.15151,0,|r_qp|,cross-domain,0.0000,0.0000,3.654,0,-1.15151,0,-6.243,-2.772,-4.378,0,-8.793,2.099,-0.4132,2.801,46
212.40,213.67,213.68,0,-1.34584,0,|r_qp|,cross-domain,0.0000,0.0000,3.594,0,-1.34584,0,-6.243,-2.772,-4.378,0,-8.793,2.749,-0.07075,-0.473,1.234
212.80,214.07,214.08,0,-1.32947,0,|r_qp|,cross-domain,0.0000,0.0000,3.547,0,-1.32947,0,-6.243,-2.772,-4.378,0,-8.793,3.285,-0.3973,-0.6791,-0.8829
213.20,214.47,214.48,0,-1.48599,0,|r_qp|,cross-domain,0.0000,0.0000,3.588,0,-1.48599,0,-6.243,-2.772,-4.378,0,-8.793,3.137,-0.2833,1.849,50
213.60,214.87,214.88,0,-1.57562,0,|r_qp|,cross-domain,0.0000,0.0000,3.614,0,-1.57562,0,-6.243,-2.772,-4.378,0,-8.793,2.259,0.0791,-1.118,1.262
214.00,215.27,215.28,0,-1.62991,0,|r_qp|,cross-domain,0.0000,0.0000,3.666,0,-1.62991,0,-6.243,-2.772,-4.378,0,-8.793,0.3942,-0.4351,-1.253,-0.4556
214.40,215.67,215.68,0,-1.48696,0,|r_qp|,cross-domain,0.0000,0.0000,3.617,0,-1.48696,0,-6.243,-2.772,-4.378,0,-8.793,-1.016,-0.3555,2.372,50
214.80,216.07,216.08,0,-1.55625,0,|r_qp|,cross-domain,0.0000,0.0000,3.609,0,-1.55625,0,-6.243,-2.772,-4.378,0,-8.793,-1.073,0.124,-0.634,0.9084
215.20,216.47,216.48,0,-1.59803,0,|r_qp|,cross-domain,0.0000,0.0000,3.687,0,-1.59803,0,-6.243,-2.772,-4.378,0,-8.793,0.1449,-0.1223,-1.085,-0.9531
215.60,216.87,216.88,0,-1.34362,0,|r_qp|,cross-domain,0.0000,0.0000,3.616,0,-1.34362,0,-6.243,-2.772,-4.378,0,-8.793,1.312,-0.06062,2.511,48.67
216.00,217.27,217.28,0,-1.20549,0,|r_qp|,cross-domain,0.0000,0.0000,3.654,0,-1.20549,0,-6.243,-2.772,-4.378,0,-8.793,2.037,0.3284,0.1525,1.259
216.40,217.67,217.68,0,-1.31368,0,|r_qp|,cross-domain,0.0000,0.0000,3.494,0,-1.31368,0,-6.243,-2.772,-4.378,0,-8.793,2.758,-0.2449,-0.529,-0.8771
216.80,218.07,218.08,0,-1.36797,0,|r_qp|,cross-domain,0.0000,0.0000,3.567,0,-1.36797,0,-6.243,-2.772,-4.378,0,-8.793,3.376,-0.4708,2.066,48.38
217.20,218.47,218.48,0,-1.58460,0,|r_qp|,cross-domain,0.0000,0.0000,3.680,0,-1.58460,0,-6.243,-2.772,-4.378,0,-8.793,2.964,0.06233,-1.251,1.119
217.60,218.87,218.88,0,-1.62995,0,|r_qp|,cross-domain,0.0000,0.0000,3.562,0,-1.62995,0,-6.243,-2.772,-4.378,0,-8.793,0.9625,-0.51,-1.331,-0.2655
218.00,219.27,219.28,0,-1.13771,0,|r_qp|,cross-domain,0.0000,0.0000,3.554,0,-1.13771,0,-6.243,-2.772,-4.378,0,-8.793,-0.5941,-0.2936,3.455,50
218.40,219.67,219.68,0,-1.64660,0,|r_qp|,cross-domain,0.0000,0.0000,3.673,0,-1.64660,0,-6.243,-2.772,-4.378,0,-8.793,-0.7788,0.1045,-0.9683,0.8938
218.80,220.07,220.08,0,-1.59739,0,|r_qp|,cross-domain,0.0000,0.0000,3.603,0,-1.59739,0,-6.243,-2.772,-4.378,0,-8.793,0.4388,-0.295,-1.136,-0.6146
219.20,220.47,220.48,0,-1.25005,0,|r_qp|,cross-domain,0.0000,0.0000,3.658,0,-1.25005,0,-6.243,-2.772,-4.378,0,-8.793,1.532,-0.1024,2.854,50
219.60,220.87,220.88,0,-1.22969,0,|r_qp|,cross-domain,0.0000,0.0000,3.664,0,-1.22969,0,-6.243,-2.772,-4.378,0,-8.793,2.067,0.4475,0.09289,1.235
220.00,221.27,221.28,0,-1.26301,0,|r_qp|,cross-domain,0.0000,0.0000,3.661,0,-1.26301,0,-6.243,-2.772,-4.378,0,-8.793,3.207,0.1616,-0.3328,-0.6912
220.40,221.67,221.68,0,-0.78366,0,|r_qp|,cross-domain,0.0000,0.0000,3.630,0,-0.78366,0,-6.243,-2.772,-4.378,0,-8.793,3.881,0.05418,3.706,43.6
220.80,222.07,222.08,0,-1.57066,0,|r_qp|,cross-domain,0.0000,0.0000,3.542,0,-1.57066,0,-6.243,-2.772,-4.378,0,-8.793,3.34,0.5227,-1.14,1.516
221.20,222.47,222.48,0,-1.63614,0,|r_qp|,cross-domain,0.0000,0.0000,3.609,0,-1.63614,0,-6.243,-2.772,-4.378,0,-8.793,1.073,-0.2969,-1.329,-0.3689
221.60,222.87,222.88,0,-1.34043,0,|r_qp|,cross-domain,0.0000,0.0000,3.652,0,-1.34043,0,-6.243,-2.772,-4.378,0,-8.793,-0.7615,-0.4135,2.778,49.63
222.00,223.27,223.28,0,-1.63661,0,|r_qp|,cross-domain,0.0000,0.0000,4.086,0,-1.63661,0,-6.243,-2.772,-4.378,0,-8.793,-0.9346,0.04134,-0.9447,0.6153
222.40,223.67,223.68,0,-1.61798,0,|r_qp|,cross-domain,0.0000,0.0000,3.647,0,-1.61798,0,-6.243,-2.772,-4.378,0,-8.793,0.1021,-0.2521,-1.167,-0.9008
222.80,224.07,224.08,0,-1.38191,0,|r_qp|,cross-domain,0.0000,0.0000,3.622,0,-1.38191,0,-6.243,-2.772,-4.378,0,-8.793,1.434,-0.4244,2.378,50
223.20,224.47,224.48,0,-1.31234,0,|r_qp|,cross-domain,0.0000,0.0000,3.630,0,-1.31234,0,-6.243,-2.772,-4.378,0,-8.793,2.05,-0.01708,-0.3056,0.516
223.60,224.87,224.88,0,-1.21220,0,|r_qp|,cross-domain,0.0000,0.0000,3.685,0,-1.21220,0,-6.243,-2.772,-4.378,0,-8.793,2.89,-0.6251,-0.282,-0.6634
224.00,225.27,225.28,0,-1.57596,0,|r_qp|,cross-domain,0.0000,0.0000,3.485,0,-1.57596,0,-6.243,-2.772,-4.378,0,-8.793,3.261,-0.6112,1.478,50
224.40,225.67,225.68,0,-1.54508,0,|r_qp|,cross-domain,0.0000,0.0000,3.592,0,-1.54508,0,-6.243,-2.772,-4.378,0,-8.793,2.702,0.1162,-1.048,1.64
224.80,226.07,226.08,0,-1.64859,0,|r_qp|,cross-domain,0.0000,0.0000,3.466,0,-1.64859,0,-6.243,-2.772,-4.378,0,-8.793,0.8435,-0.3659,-1.354,-0.3893
225.20,226.47,226.48,0,-1.78516,0,|r_qp|,cross-domain,0.0000,0.0000,3.512,0,-1.78516,0,-6.243,-2.772,-4.378,0,-8.793,-0.6305,-0.108,1.41,50
225.60,226.87,226.88,0,-1.73464,0,|r_qp|,cross-domain,0.0000,0.0000,3.630,0,-1.73464,0,-6.243,-2.772,-4.378,0,-8.793,-0.9158,0.319,-1.163,1.384
226.00,227.27,227.28,0,-1.68802,0,|r_qp|,cross-domain,0.0000,0.0000,3.580,0,-1.68802,0,-6.243,-2.772,-4.378,0,-8.793,-0.4515,-0.2398,-1.317,-0.8822
226.40,227.67,227.68,0,-1.67586,0,|r_qp|,cross-domain,0.0000,0.0000,3.755,0,-1.67586,0,-6.243,-2.772,-4.378,0,-8.793,0.2985,-0.2564,1.612,50
226.80,228.07,228.08,0,-1.44680,0,|r_qp|,cross-domain,0.0000,0.0000,3.633,0,-1.44680,0,-6.243,-2.772,-4.378,0,-8.793,0.8384,0.1917,-0.5485,0.3681
227.20,228.47,228.48,0,-1.36055,0,|r_qp|,cross-domain,0.0000,0.0000,3.659,0,-1.36055,0,-6.243,-2.772,-4.378,0,-8.793,1.958,-0.3459,-0.6003,-0.949
227.60,228.87,228.88,0,-1.36014,0,|r_qp|,cross-domain,0.0000,0.0000,3.725,0,-1.36014,0,-6.243,-2.772,-4.378,0,-8.793,2.761,-0.575,2.215,49.49
228.00,229.27,229.28,0,-1.60927,0,|r_qp|,cross-domain,0.0000,0.0000,3.544,0,-1.60927,0,-6.243,-2.772,-4.378,0,-8.793,2.584,0.0856,-1.271,1.209
228.40,229.67,229.68,0,-1.62157,0,|r_qp|,cross-domain,0.0000,0.0000,3.602,0,-1.62157,0,-6.243,-2.772,-4.378,0,-8.793,1.106,-0.6124,-1.358,-0.5228
228.80,230.07,230.08,0,-1.32623,0,|r_qp|,cross-domain,0.0000,0.0000,3.689,0,-1.32623,0,-6.243,-2.772,-4.378,0,-8.793,-0.3485,-0.5516,2.718,49.22
229.20,230.47,230.48,0,-1.58429,0,|r_qp|,cross-domain,0.0000,0.0000,3.553,0,-1.58429,0,-6.243,-2.772,-4.378,0,-8.793,-0.5782,-0.03097,-0.8313,0.7082
229.60,230.87,230.88,0,-1.53167,0,|r_qp|,cross-domain,0.0000,0.0000,3.698,0,-1.53167,0,-6.243,-2.772,-4.378,0,-8.793,0.3732,-0.405,-0.9496,-0.8218
230.00,231.27,231.28,0,-1.46108,0,|r_qp|,cross-domain,0.0000,0.0000,3.551,0,-1.46108,0,-6.243,-2.772,-4.378,0,-8.793,1.547,-0.3643,2.12,50
230.40,231.67,231.68,0,-1.44282,0,|r_qp|,cross-domain,0.0000,0.0000,3.617,0,-1.44282,0,-6.243,-2.772,-4.378,0,-8.793,1.986,0.1295,-0.6172,1.731
230.80,232.07,232.08,0,-1.41565,0,|r_qp|,cross-domain,0.0000,0.0000,3.635,0,-1.41565,0,-6.243,-2.772,-4.378,0,-8.793,2.384,-0.2871,-0.8142,-0.8244
231.20,232.47,232.48,0,-0.94007,0,|r_qp|,cross-domain,0.0000,0.0000,3.603,0,-0.94007,0,-6.243,-2.772,-4.378,0,-8.793,2.716,0.04437,3.448,45.24
231.60,232.87,232.88,0,-1.59360,0,|r_qp|,cross-domain,0.0000,0.0000,3.647,0,-1.59360,0,-6.243,-2.772,-4.378,0,-8.793,2.408,0.6242,-1.077,1.447
232.00,233.27,233.28,0,-1.64198,0,|r_qp|,cross-domain,0.0000,0.0000,3.616,0,-1.64198,0,-6.243,-2.772,-4.378,0,-8.793,1.129,-0.03388,-1.306,-0.4187
232.40,233.67,233.68,0,-1.09287,0,|r_qp|,cross-domain,0.0000,0.0000,3.521,0,-1.09287,0,-6.243,-2.772,-4.378,0,-8.793,-0.1705,-0.4454,3.4,48.06
232.80,234.07,234.08,0,-1.56295,0,|r_qp|,cross-domain,0.0000,0.0000,3.661,0,-1.56295,0,-6.243,-2.772,-4.378,0,-8.793,-0.4649,-0.2183,-0.822,0.5791
233.20,234.47,234.48,0,-1.66534,0,|r_qp|,cross-domain,0.0000,0.0000,3.554,0,-1.66534,0,-6.243,-2.772,-4.378,0,-8.793,-0.1898,-0.5857,-1.344,-0.8371
233.60,234.87,234.88,0,-1.27819,0,|r_qp|,cross-domain,0.0000,0.0000,3.696,0,-1.27819,0,-6.243,-2.772,-4.378,0,-8.793,0.4043,-0.3893,2.853,50
234.00,235.27,235.28,0,-1.33322,0,|r_qp|,cross-domain,0.0000,0.0000,3.643,0,-1.33322,0,-6.243,-2.772,-4.378,0,-8.793,0.7441,0.1297,-0.1836,0.3495
234.40,235.67,235.68,0,-1.23601,0,|r_qp|,cross-domain,0.0000,0.0000,3.691,0,-1.23601,0,-6.243,-2.772,-4.378,0,-8.793,2.128,-0.4308,-0.2377,-0.9455
234.80,236.07,236.08,0,-1.63475,0,|r_qp|,cross-domain,0.0000,0.0000,3.783,0,-1.63475,0,-6.243,-2.772,-4.378,0,-8.793,3.182,-0.612,1.298,50
235.20,236.47,236.48,0,-1.52488,0,|r_qp|,cross-domain,0.0000,0.0000,3.459,0,-1.52488,0,-6.243,-2.772,-4.378,0,-8.793,2.901,0.02313,-1.12,0.06386
235.60,236.87,236.88,0,-1.59821,0,|r_qp|,cross-domain,0.0000,0.0000,3.645,0,-1.59821,0,-6.243,-2.772,-4.378,0,-8.793,1.111,-0.3643,-1.259,-0.94
236.00,237.27,237.28,0,-1.74993,0,|r_qp|,cross-domain,0.0000,0.0000,3.658,0,-1.74993,0,-6.243,-2.772,-4.378,0,-8.793,-0.4904,-0.3109,1.465,50
236.40,237.67,237.68,0,-1.56369,0,|r_qp|,cross-domain,0.0000,0.0000,3.562,0,-1.56369,0,-6.243,-2.772,-4.378,0,-8.793,-0.6177,0.05377,-0.7209,1.084
236.80,238.07,238.08,0,-1.55993,0,|r_qp|,cross-domain,0.0000,0.0000,3.684,0,-1.55993,0,-6.243,-2.772,-4.378,0,-8.793,0.02378,-0.4615,-1.013,-0.9352
237.20,238.47,238.48,0,-1.40257,0,|r_qp|,cross-domain,0.0000,0.0000,3.510,0,-1.40257,0,-6.243,-2.772,-4.378,0,-8.793,1.198,-0.413,2.344,50
237.60,238.87,238.88,0,-1.33598,0,|r_qp|,cross-domain,0.0000,0.0000,3.579,0,-1.33598,0,-6.243,-2.772,-4.378,0,-8.793,1.81,0.06354,-0.3508,0.2398
238.00,239.27,239.28,0,-1.29477,0,|r_qp|,cross-domain,0.0000,0.0000,3.663,0,-1.29477,0,-6.243,-2.772,-4.378,0,-8.793,2.866,-0.4753,-0.533,-0.9636
238.40,239.67,239.68,0,-1.46646,0,|r_qp|,cross-domain,0.0000,0.0000,3.578,0,-1.46646,0,-6.243,-2.772,-4.378,0,-8.793,3.267,-0.5209,1.784,48.92
238.80,240.07,240.08,0,-1.59354,0,|r_qp|,cross-domain,0.0000,0.0000,3.684,0,-1.59354,0,-6.243,-2.772,-4.378,0,-8.793,2.595,0.2421,-1.197,1.109
239.20,240.47,240.48,0,-1.65631,0,|r_qp|,cross-domain,0.0000,0.0000,3.627,0,-1.65631,0,-6.243,-2.772,-4.378,0,-8.793,0.5721,-0.08236,-1.316,-0.8626
239.60,240.87,240.88,0,-1.59905,0,|r_qp|,cross-domain,0.0000,0.0000,3.566,0,-1.59905,0,-6.243,-2.772,-4.378,0,-8.793,-0.3806,-0.05291,1.988,50
240.00,241.27,241.28,0,-1.61066,0,|r_qp|,cross-domain,0.0000,0.0000,3.658,0,-1.61066,0,-6.243,-2.772,-4.378,0,-8.793,-0.1792,0.222,-0.8818,1.327
240.40,241.67,241.68,0,-1.65293,0,|r_qp|,cross-domain,0.0000,0.0000,3.627,0,-1.65293,0,-6.243,-2.772,-4.378,0,-8.793,0.002749,-0.4834,-1.291,-0.5364
240.80,242.07,242.08,0,-2.02828,0,|r_qp|,cross-domain,0.0000,0.0000,3.673,0,-2.02828,0,-6.243,-2.772,-4.378,0,-8.793,-0.19,-0.4553,0.5,50
241.20,242.47,242.48,0,-1.65223,0,|r_qp|,cross-domain,0.0000,0.0000,3.501,0,-1.65223,0,-6.243,-2.772,-4.378,0,-8.793,-0.8511,0.1301,-0.8236,3.418
241.60,242.87,242.88,0,-1.59563,0,|r_qp|,cross-domain,0.0000,0.0000,3.546,0,-1.59563,0,-6.243,-2.772,-4.378,0,-8.793,-0.4815,-0.2781,-1.027,-0.9579
242.00,243.27,243.28,0,-1.80404,0,|r_qp|,cross-domain,0.0000,0.0000,3.677,0,-1.80404,0,-6.243,-2.772,-4.378,0,-8.793,0.3851,-0.2107,1.196,50
242.40,243.67,243.68,0,-1.65505,0,|r_qp|,cross-domain,0.0000,0.0000,3.653,0,-1.65505,0,-6.243,-2.772,-4.378,0,-8.793,0.4411,0.1831,-1.137,0.9304
242.80,244.07,244.08,0,-1.51817,0,|r_qp|,cross-domain,0.0000,0.0000,3.628,0,-1.51817,0,-6.243,-2.772,-4.378,0,-8.793,0.461,-0.3976,-0.9164,-0.8275
243.20,244.47,244.48,0,-0.92611,0,|r_qp|,cross-domain,0.0000,0.0000,3.546,0,-0.92611,0,-6.243,-2.772,-4.378,0,-8.793,1.822,-0.3185,3.817,50
243.60,244.87,244.88,0,-1.17614,0,|r_qp|,cross-domain,0.0000,0.0000,3.566,0,-1.17614,0,-6.243,-2.772,-4.378,0,-8.793,2.918,0.2435,0.1007,1.004
244.00,245.27,245.28,0,-1.25666,0,|r_qp|,cross-domain,0.0000,0.0000,3.688,0,-1.25666,0,-6.243,-2.772,-4.378,0,-8.793,4.395,-0.1462,-0.542,-0.93
244.40,245.67,245.68,0,-0.80709,0,|r_qp|,cross-domain,0.0000,0.0000,3.560,0,-0.80709,0,-6.243,-2.772,-4.378,0,-8.793,4.936,-0.3984,3.704,48.72
244.80,246.07,246.08,0,-1.26356,0,|r_qp|,cross-domain,0.0000,0.0000,3.555,0,-1.26356,0,-6.243,-2.772,-4.378,0,-8.793,4.477,-0.03071,-0.454,0.7388
245.20,246.47,246.48,0,-1.24730,0,|r_qp|,cross-domain,0.0000,0.0000,3.572,0,-1.24730,0,-6.243,-2.772,-4.378,0,-8.793,4.315,-0.5217,-0.5718,-0.8634
245.60,246.87,246.88,0,-0.93785,0,|r_qp|,cross-domain,0.0000,0.0000,3.588,0,-0.93785,0,-6.243,-2.772,-4.378,0,-8.793,3.686,-0.3602,3.276,45.71
246.00,247.27,247.28,0,-1.48252,0,|r_qp|,cross-domain,0.0000,0.0000,3.599,0,-1.48252,0,-6.243,-2.772,-4.378,0,-8.793,2.664,0.1385,-0.9464,-0.2203
246.40,247.67,247.68,0,-1.37988,0,|r_qp|,cross-domain,0.0000,0.0000,3.524,0,-1.37988,0,-6.243,-2.772,-4.378,0,-8.793,2.129,-0.4382,-0.6923,-0.7646
246.80,248.07,248.08,0,-1.62607,0,|r_qp|,cross-domain,0.0000,0.0000,3.639,0,-1.62607,0,-6.243,-2.772,-4.378,0,-8.793,1.502,-0.3997,1.479,48.16
247.20,248.47,248.48,0,-1.62148,0,|r_qp|,cross-domain,0.0000,0.0000,3.699,0,-1.62148,0,-6.243,-2.772,-4.378,0,-8.793,1.103,0.06318,-1.15,0.723
247.60,248.87,248.88,0,-1.62446,0,|r_qp|,cross-domain,0.0000,0.0000,3.663,0,-1.62446,0,-6.243,-2.772,-4.378,0,-8.793,0.03059,-0.2282,-1.147,-0.4515
248.00,249.27,249.28,0,-1.63781,0,|r_qp|,cross-domain,0.0000,0.0000,3.700,0,-1.63781,0,-6.243,-2.772,-4.378,0,-8.793,-0.1621,-0.02486,1.84,50
248.40,249.67,249.68,0,-1.40815,0,|r_qp|,cross-domain,0.0000,0.0000,3.578,0,-1.40815,0,-6.243,-2.772,-4.378,0,-8.793,0.08168,0.5114,-0.2998,-0.2728
248.80,250.07,250.08,0,-1.41007,0,|r_qp|,cross-domain,0.0000,0.0000,3.971,0,-1.41007,0,-6.243,-2.772,-4.378,0,-8.793,1.643,-0.04755,-0.6414,-0.6376
249.20,250.47,250.48,0,-1.74121,0,|r_qp|,cross-domain,0.0000,0.0000,3.740,0,-1.74121,0,-6.243,-2.772,-4.378,0,-8.793,2.678,-0.1092,1.12,50
249.60,250.87,250.88,0,-1.58614,0,|r_qp|,cross-domain,0.0000,0.0000,3.679,0,-1.58614,0,-6.243,-2.772,-4.378,0,-8.793,2.255,0.5333,-1.125,0.1876
250.00,251.27,251.28,0,-1.62207,0,|r_qp|,cross-domain,0.0000,0.0000,3.727,0,-1.62207,0,-6.243,-2.772,-4.378,0,-8.793,0.5608,-0.07946,-1.195,-0.7255
250.40,251.67,251.68,0,-1.57594,0,|r_qp|,cross-domain,0.0000,0.0000,3.469,0,-1.57594,0,-6.243,-2.772,-4.378,0,-8.793,-0.9136,-0.2385,1.946,47.46
250.80,252.07,252.08,0,-1.69947,0,|r_qp|,cross-domain,0.0000,0.0000,3.599,0,-1.69947,0,-6.243,-2.772,-4.378,0,-8.793,-1.14,0.1385,-1.077,1.022
251.20,252.47,252.48,0,-1.63463,0,|r_qp|,cross-domain,0.0000,0.0000,3.727,0,-1.63463,0,-6.243,-2.772,-4.378,0,-8.793,-0.6011,-0.355,-1.131,-0.5815
251.60,252.87,252.88,0,-1.15144,0,|r_qp|,cross-domain,0.0000,0.0000,3.538,0,-1.15144,0,-6.243,-2.772,-4.378,0,-8.793,0.38,-0.224,3.264,49.43
252.00,253.27,253.28,0,-1.32697,0,|r_qp|,cross-domain,0.0000,0.0000,3.687,0,-1.32697,0,-6.243,-2.772,-4.378,0,-8.793,1.136,0.07385,-0.2211,0.4258
252.40,253.67,253.68,0,-1.37291,0,|r_qp|,cross-domain,0.0000,0.0000,3.542,0,-1.37291,0,-6.243,-2.772,-4.378,0,-8.793,2.391,-0.3278,-0.6885,-0.8743
252.80,254.07,254.08,0,-1.56839,0,|r_qp|,cross-domain,0.0000,0.0000,3.810,0,-1.56839,0,-6.243,-2.772,-4.378,0,-8.793,3.065,-0.2402,1.601,50
253.20,254.47,254.48,0,-1.56727,0,|r_qp|,cross-domain,0.0000,0.0000,3.759,0,-1.56727,0,-6.243,-2.772,-4.378,0,-8.793,2.518,0.3009,-1.159,-0.05685
253.60,254.87,254.88,0,-1.58579,0,|r_qp|,cross-domain,0.0000,0.0000,3.577,0,-1.58579,0,-6.243,-2.772,-4.378,0,-8.793,1.34,-0.3033,-1.23,-0.8218
254.00,255.27,255.28,0,-1.83194,0,|r_qp|,cross-domain,0.0000,0.0000,3.621,0,-1.83194,0,-6.243,-2.772,-4.378,0,-8.793,0.04149,-0.449,1.104,50
254.40,255.67,255.68,0,-1.62236,0,|r_qp|,cross-domain,0.0000,0.0000,3.605,0,-1.62236,0,-6.243,-2.772,-4.378,0,-8.793,-0.2545,0.004289,-0.9694,1.045
254.80,256.07,256.08,0,-1.59608,0,|r_qp|,cross-domain,0.0000,0.0000,3.577,0,-1.59608,0,-6.243,-2.772,-4.378,0,-8.793,-0.4264,-0.2963,-1.015,-0.5376
255.20,256.47,256.48,0,-1.51277,0,|r_qp|,cross-domain,0.0000,0.0000,3.603,0,-1.51277,0,-6.243,-2.772,-4.378,0,-8.793,0.508,-0.156,2.13,50
255.60,256.87,256.88,0,-1.15319,0,|r_qp|,cross-domain,0.0000,0.0000,3.578,0,-1.15319,0,-6.243,-2.772,-4.378,0,-8.793,1.298,0.2667,0.3252,-0.1007
256.00,257.27,257.28,0,-1.29585,0,|r_qp|,cross-domain,0.0000,0.0000,3.551,0,-1.29585,0,-6.243,-2.772,-4.378,0,-8.793,2.703,-0.1275,-0.4289,-0.6663
256.40,257.67,257.68,0,-1.71077,0,|r_qp|,cross-domain,0.0000,0.0000,3.602,0,-1.71077,0,-6.243,-2.772,-4.378,0,-8.793,3.433,-0.03777,1.134,50
256.80,258.07,258.08,0,-1.46697,0,|r_qp|,cross-domain,0.0000,0.0000,3.549,0,-1.46697,0,-6.243,-2.772,-4.378,0,-8.793,3.024,0.5918,-0.8529,-0.2134
257.20,258.47,258.48,0,-1.45062,0,|r_qp|,cross-domain,0.0000,0.0000,4.233,0,-1.45062,0,-6.243,-2.772,-4.378,0,-8.793,2.044,-0.1022,-0.8481,-0.8603
257.60,258.87,258.88,0,-1.74530,0,|r_qp|,cross-domain,0.0000,0.0000,3.685,0,-1.74530,0,-6.243,-2.772,-4.378,0,-8.793,0.7441,-0.1051,1.36,50
258.00,259.27,259.28,0,-1.45051,0,|r_qp|,cross-domain,0.0000,0.0000,3.625,0,-1.45051,0,-6.243,-2.772,-4.378,0,-8.793,0.5626,0.4589,-0.4919,0.02353
258.40,259.67,259.68,0,-1.52007,0,|r_qp|,cross-domain,0.0000,0.0000,3.752,0,-1.52007,0,-6.243,-2.772,-4.378,0,-8.793,0.7869,-0.02296,-0.8956,-0.9098
258.80,260.07,260.08,0,-1.60997,0,|r_qp|,cross-domain,0.0000,0.0000,3.593,0,-1.60997,0,-6.243,-2.772,-4.378,0,-8.793,1.549,-0.02615,1.707,50
259.20,260.47,260.48,0,-1.48717,0,|r_qp|,cross-domain,0.0000,0.0000,3.672,0,-1.48717,0,-6.243,-2.772,-4.378,0,-8.793,1.92,0.6197,-0.7402,0.2719
259.60,260.87,260.88,0,-1.37790,0,|r_qp|,cross-domain,0.0000,0.0000,3.566,0,-1.37790,0,-6.243,-2.772,-4.378,0,-8.793,2.098,0.1711,-0.5582,-0.717
260.00,261.27,261.28,0,-1.56193,0,|r_qp|,cross-domain,0.0000,0.0000,3.567,0,-1.56193,0,-6.243,-2.772,-4.378,0,-8.793,2.156,0.3375,1.767,48.51
260.40,261.67,261.68,0,-1.58019,0,|r_qp|,cross-domain,0.0000,0.0000,3.667,0,-1.58019,0,-6.243,-2.772,-4.378,0,-8.793,1.692,0.4457,-1.083,-0.3725
260.80,262.07,262.08,0,-1.58550,0,|r_qp|,cross-domain,0.0000,0.0000,3.615,0,-1.58550,0,-6.243,-2.772,-4.378,0,-8.793,0.4495,-0.125,-1.07,-0.6996
261.20,262.47,262.48,0,-1.86510,0,|r_qp|,cross-domain,0.0000,0.0000,3.741,0,-1.86510,0,-6.243,-2.772,-4.378,0,-8.793,-0.6433,-0.193,1.137,50
261.60,262.87,262.88,0,-1.66852,0,|r_qp|,cross-domain,0.0000,0.0000,3.553,0,-1.66852,0,-6.243,-2.772,-4.378,0,-8.793,-0.8287,0.3383,-1.03,0.1403
262.00,263.27,263.28,0,-1.61548,0,|r_qp|,cross-domain,0.0000,0.0000,3.565,0,-1.61548,0,-6.243,-2.772,-4.378,0,-8.793,-0.09204,-0.2823,-1.142,-0.9399
262.40,263.67,263.68,0,-1.60065,0,|r_qp|,cross-domain,0.0000,0.0000,3.672,0,-1.60065,0,-6.243,-2.772,-4.378,0,-8.793,0.9365,-0.4929,1.724,50
262.80,264.07,264.08,0,-1.46308,0,|r_qp|,cross-domain,0.0000,0.0000,3.561,0,-1.46308,0,-6.243,-2.772,-4.378,0,-8.793,1.338,0.1159,-0.6778,0.4227
263.20,264.47,264.48,0,-1.44642,0,|r_qp|,cross-domain,0.0000,0.0000,3.538,0,-1.44642,0,-6.243,-2.772,-4.378,0,-8.793,1.919,-0.2668,-0.8523,-0.8833
263.60,264.87,264.88,0,-1.72932,0,|r_qp|,cross-domain,0.0000,0.0000,3.619,0,-1.72932,0,-6.243,-2.772,-4.378,0,-8.793,2.166,-0.1795,1.211,50
264.00,265.27,265.28,0,-1.61061,0,|r_qp|,cross-domain,0.0000,0.0000,3.584,0,-1.61061,0,-6.243,-2.772,-4.378,0,-8.793,1.585,0.2257,-1.187,0.02355
264.40,265.67,265.68,0,-1.68044,0,|r_qp|,cross-domain,0.0000,0.0000,3.575,0,-1.68044,0,-6.243,-2.772,-4.378,0,-8.793,0.1721,-0.2035,-1.365,-0.8582
264.80,266.07,266.08,0,-2.02812,0,|r_qp|,cross-domain,0.0000,0.0000,3.510,0,-2.02812,0,-6.243,-2.772,-4.378,0,-8.793,-0.9875,-0.1886,0.6572,50
265.20,266.47,266.48,0,-1.44579,0,|r_qp|,cross-domain,0.0000,0.0000,3.518,0,-1.44579,0,-6.243,-2.772,-4.378,0,-8.793,-1.026,0.3074,-0.2999,0.02463
265.60,266.87,266.88,0,-1.59332,0,|r_qp|,cross-domain,0.0000,0.0000,3.670,0,-1.59332,0,-6.243,-2.772,-4.378,0,-8.793,-0.00138,-0.1785,-1.052,-0.7821
266.00,267.27,267.28,0,-1.68417,0,|r_qp|,cross-domain,0.0000,0.0000,3.545,0,-1.68417,0,-6.243,-2.772,-4.378,0,-8.793,1.212,0.0259,1.365,47.33
266.40,267.67,267.68,0,-1.55200,0,|r_qp|,cross-domain,0.0000,0.0000,3.648,0,-1.55200,0,-6.243,-2.772,-4.378,0,-8.793,1.71,0.8066,-0.8752,0.4365
266.80,268.07,268.08,0,-1.54243,0,|r_qp|,cross-domain,0.0000,0.0000,3.594,0,-1.54243,0,-6.243,-2.772,-4.378,0,-8.793,1.806,0.2245,-1.048,-0.8615
267.20,268.47,268.48,0,-1.70810,0,|r_qp|,cross-domain,0.0000,0.0000,3.632,0,-1.70810,0,-6.243,-2.772,-4.378,0,-8.793,1.838,0.1953,1.397,50
267.60,268.87,268.88,0,-1.59200,0,|r_qp|,cross-domain,0.0000,0.0000,3.598,0,-1.59200,0,-6.243,-2.772,-4.378,0,-8.793,1.479,0.2621,-1.128,-0.3506
268.00,269.27,269.28,0,-1.64857,0,|r_qp|,cross-domain,0.0000,0.0000,4.349,0,-1.64857,0,-6.243,-2.772,-4.378,0,-8.793,0.4934,-0.2479,-1.312,-0.8468
268.40,269.67,269.68,0,-1.84304,0,|r_qp|,cross-domain,0.0000,0.0000,3.817,0,-1.84304,0,-6.243,-2.772,-4.378,0,-8.793,-0.4771,-0.2585,1.173,50
268.80,270.07,270.08,0,-1.62428,0,|r_qp|,cross-domain,0.0000,0.0000,3.652,0,-1.62428,0,-6.243,-2.772,-4.378,0,-8.793,-0.7138,0.1147,-0.9319,0.3991
269.20,270.47,270.48,0,-1.60757,0,|r_qp|,cross-domain,0.0000,0.0000,3.520,0,-1.60757,0,-6.243,-2.772,-4.378,0,-8.793,-0.09733,-0.3705,-1.134,-0.9622
269.60,270.87,270.88,0,-1.61479,0,|r_qp|,cross-domain,0.0000,0.0000,3.601,0,-1.61479,0,-6.243,-2.772,-4.378,0,-8.793,0.8561,-0.4361,1.639,48.96
270.00,271.27,271.28,0,-1.35461,0,|r_qp|,cross-domain,0.0000,0.0000,4.467,0,-1.35461,0,-6.243,-2.772,-4.378,0,-8.793,1.34,0.1867,-0.3275,0.1993
270.40,271.67,271.68,0,-1.28188,0,|r_qp|,cross-domain,0.0000,0.0000,3.786,0,-1.28188,0,-6.243,-2.772,-4.378,0,-8.793,2.41,-0.3243,-0.389,-0.7397
270.80,272.07,272.08,0,-1.58373,0,|r_qp|,cross-domain,0.0000,0.0000,3.679,0,-1.58373,0,-6.243,-2.772,-4.378,0,-8.793,3.351,-0.01148,1.56,50
271.20,272.47,272.48,0,-1.52897,0,|r_qp|,cross-domain,0.0000,0.0000,3.542,0,-1.52897,0,-6.243,-2.772,-4.378,0,-8.793,3.085,0.8476,-1.019,-0.3644
271.60,272.87,272.88,0,-1.55423,0,|r_qp|,cross-domain,0.0000,0.0000,3.632,0,-1.55423,0,-6.243,-2.772,-4.378,0,-8.793,1.756,0.3852,-1.049,-0.8821
272.00,273.27,273.28,0,-1.80651,0,|r_qp|,cross-domain,0.0000,0.0000,3.701,0,-1.80651,0,-6.243,-2.772,-4.378,0,-8.793,0.2195,0.5261,1.356,50
272.40,273.67,273.68,0,-1.71367,0,|r_qp|,cross-domain,0.0000,0.0000,3.620,0,-1.71367,0,-6.243,-2.772,-4.378,0,-8.793,-0.1395,0.7733,-1.176,0.2059
272.80,274.07,274.08,0,-1.70857,0,|r_qp|,cross-domain,0.0000,0.0000,3.630,0,-1.70857,0,-6.243,-2.772,-4.378,0,-8.793,-0.1558,0.1115,-1.353,-0.8908
273.20,274.47,274.48,0,-1.82452,0,|r_qp|,cross-domain,0.0000,0.0000,3.483,0,-1.82452,0,-6.243,-2.772,-4.378,0,-8.793,0.3507,-0.03412,1.17,50
273.60,274.87,274.88,0,-1.20199,0,|r_qp|,cross-domain,0.0000,0.0000,3.619,0,-1.20199,0,-6.243,-2.772,-4.378,0,-8.793,0.6973,0.2836,0.2723,0.2881
274.00,275.27,275.28,0,-1.37324,0,|r_qp|,cross-domain,0.0000,0.0000,3.585,0,-1.37324,0,-6.243,-2.772,-4.378,0,-8.793,1.818,-0.03317,-0.5509,-0.7787
274.40,275.67,275.68,0,-1.68784,0,|r_qp|,cross-domain,0.0000,0.0000,3.699,0,-1.68784,0,-6.243,-2.772,-4.378,0,-8.793,2.714,0.1793,1.345,50
274.80,276.07,276.08,0,-1.60358,0,|r_qp|,cross-domain,0.0000,0.0000,3.764,0,-1.60358,0,-6.243,-2.772,-4.378,0,-8.793,2.398,0.6836,-1.184,-0.04332
275.20,276.47,276.48,0,-1.66509,0,|r_qp|,cross-domain,0.0000,0.0000,3.570,0,-1.66509,0,-6.243,-2.772,-4.378,0,-8.793,0.6759,0.08645,-1.322,-0.8329
275.60,276.87,276.88,0,-2.02305,0,|r_qp|,cross-domain,0.0000,0.0000,3.674,0,-2.02305,0,-6.243,-2.772,-4.378,0,-8.793,-0.728,-0.03915,0.6693,50
276.00,277.27,277.28,0,-1.71648,0,|r_qp|,cross-domain,0.0000,0.0000,3.618,0,-1.71648,0,-6.243,-2.772,-4.378,0,-8.793,-1.186,0.36,-1.129,0.232
276.40,277.67,277.68,0,-1.64425,0,|r_qp|,cross-domain,0.0000,0.0000,3.656,0,-1.64425,0,-6.243,-2.772,-4.378,0,-8.793,-0.593,0.004465,-1.103,-0.7772
276.80,278.07,278.08,0,-1.85599,0,|r_qp|,cross-domain,0.0000,0.0000,3.803,0,-1.85599,0,-6.243,-2.772,-4.378,0,-8.793,0.0382,0.3055,1.053,47.9
277.20,278.47,278.48,0,-1.26452,0,|r_qp|,cross-domain,0.0000,0.0000,3.631,0,-1.26452,0,-6.243,-2.772,-4.378,0,-8.793,0.5929,0.7945,0.184,0.2605
277.60,278.87,278.88,0,-1.19436,0,|r_qp|,cross-domain,0.0000,0.0000,3.710,0,-1.19436,0,-6.243,-2.772,-4.378,0,-8.793,2.056,0.5554,0.1124,-0.7578
278.00,279.27,279.28,0,-1.61960,0,|r_qp|,cross-domain,0.0000,0.0000,3.516,0,-1.61960,0,-6.243,-2.772,-4.378,0,-8.793,3.184,1.007,1.668,50
278.40,279.67,279.68,0,-1.56874,0,|r_qp|,cross-domain,0.0000,0.0000,3.482,0,-1.56874,0,-6.243,-2.772,-4.378,0,-8.793,3.022,1.832,-0.9434,-0.3608
278.80,280.07,280.08,0,-1.66544,0,|r_qp|,cross-domain,0.0000,0.0000,3.677,0,-1.66544,0,-6.243,-2.772,-4.378,0,-8.793,1.288,1.429,-1.125,-0.6312
279.20,280.47,280.48,0,-1.86990,0,|r_qp|,cross-domain,0.0000,0.0000,3.646,0,-1.86990,0,-6.243,-2.772,-4.378,0,-8.793,-0.3434,1.436,1.405,50
279.60,280.87,280.88,0,-1.70328,0,|r_qp|,cross-domain,0.0000,0.0000,3.601,0,-1.70328,0,-6.243,-2.772,-4.378,0,-8.793,-0.5759,1.875,-0.8943,-0.2594
280.00,281.27,281.28,0,-1.65587,0,|r_qp|,cross-domain,0.0000,0.0000,4.523,0,-1.65587,0,-6.243,-2.772,-4.378,0,-8.793,-0.03275,2.544,-0.7162,-0.8821
280.40,281.67,281.68,0,-1.81846,0,|r_qp|,cross-domain,0.0000,0.0000,3.841,0,-1.81846,0,-6.243,-2.772,-4.378,0,-8.793,1.003,3.912,1.886,50
280.80,282.07,282.08,0,-1.54728,0,|r_qp|,cross-domain,0.0000,0.0000,3.806,0,-1.54728,0,-6.243,-2.772,-4.378,0,-8.793,1.597,4.602,-0.1201,-0.01938
281.20,282.47,282.48,0,-1.23204,0,|r_qp|,cross-domain,0.0000,0.0000,3.629,0,-1.23204,0,-6.243,-2.772,-4.378,0,-8.793,2.625,4.571,0.7417,-0.2626
281.60,282.87,282.88,0,-1.65797,0,|r_qp|,cross-domain,0.0000,0.0000,3.578,0,-1.65797,0,-6.243,-2.772,-4.378,0,-8.793,3.36,4.711,2.129,47.85
282.00,283.27,283.28,0,-1.81738,0,|r_qp|,cross-domain,0.0000,0.0000,3.627,0,-1.81738,0,-6.243,-2.772,-4.378,0,-8.793,3.073,4.787,-1.168,-0.3939
282.40,283.67,283.68,0,-1.57608,0,|r_qp|,cross-domain,0.0000,0.0000,3.461,0,-1.57608,0,-6.243,-2.772,-4.378,0,-8.793,1.573,3.466,-0.4547,-0.3585
282.80,284.07,284.08,0,-1.89073,0,|r_qp|,cross-domain,0.0000,0.0000,3.651,0,-1.89073,0,-6.243,-2.772,-4.378,0,-8.793,0.1032,2.407,1.472,50
283.20,284.47,284.48,0,-1.41098,0,|r_qp|,cross-domain,0.0000,0.0000,3.575,0,-1.41098,0,-6.243,-2.772,-4.378,0,-8.793,-0.1731,2.179,0.07535,0.07791
283.60,284.87,284.88,0,-1.39468,0,|r_qp|,cross-domain,0.0000,0.0000,4.067,0,-1.39468,0,-6.243,-2.772,-4.378,0,-8.793,0.9554,2.816,0.06022,-0.7208
284.00,285.27,285.28,0,-1.68029,0,|r_qp|,cross-domain,0.0000,0.0000,3.730,0,-1.68029,0,-6.243,-2.772,-4.378,0,-8.793,2.281,4.022,1.979,46.47
284.40,285.67,285.68,0,-1.71843,0,|r_qp|,cross-domain,0.0000,0.0000,3.520,0,-1.71843,0,-6.243,-2.772,-4.378,0,-8.793,2.573,4.452,-0.8282,-0.01692
284.80,286.07,286.08,0,-1.65363,0,|r_qp|,cross-domain,0.0000,0.0000,3.697,0,-1.65363,0,-6.243,-2.772,-4.378,0,-8.793,1.891,2.974,-0.8561,-0.5737
285.20,286.47,286.48,0,-1.83473,0,|r_qp|,cross-domain,0.0000,0.0000,3.530,0,-1.83473,0,-6.243,-2.772,-4.378,0,-8.793,1.345,1.182,1.248,50
285.60,286.87,286.88,0,-1.46112,0,|r_qp|,cross-domain,0.0000,0.0000,3.526,0,-1.46112,0,-6.243,-2.772,-4.378,0,-8.793,0.9121,0.4544,-0.5944,-0.3511
286.00,287.27,287.28,0,-1.52294,0,|r_qp|,cross-domain,0.0000,0.0000,3.566,0,-1.52294,0,-6.243,-2.772,-4.378,0,-8.793,0.8303,0.1069,-0.8782,-0.7983
286.40,287.67,287.68,0,-1.87163,0,|r_qp|,cross-domain,0.0000,0.0000,3.555,0,-1.87163,0,-6.243,-2.772,-4.378,0,-8.793,0.4078,0.3184,1.08,50
286.80,288.07,288.08,0,-1.67457,0,|r_qp|,cross-domain,0.0000,0.0000,3.659,0,-1.67457,0,-6.243,-2.772,-4.378,0,-8.793,0.1213,1.154,-1.019,0.02538
287.20,288.47,288.48,0,-1.71349,0,|r_qp|,cross-domain,0.0000,0.0000,3.621,0,-1.71349,0,-6.243,-2.772,-4.378,0,-8.793,-0.09381,0.6553,-1.261,-0.7614
287.60,288.87,288.88,0,-1.64073,0,|r_qp|,cross-domain,0.0000,0.0000,3.502,0,-1.64073,0,-6.243,-2.772,-4.378,0,-8.793,0.3573,0.6588,1.815,48.59
288.00,289.27,289.28,0,-1.29116,0,|r_qp|,cross-domain,0.0000,0.0000,3.713,0,-1.29116,0,-6.243,-2.772,-4.378,0,-8.793,0.9808,0.5711,-0.01752,-0.09496
288.40,289.67,289.68,0,-1.19979,0,|r_qp|,cross-domain,0.0000,0.0000,3.477,0,-1.19979,0,-6.243,-2.772,-4.378,0,-8.793,2.413,0.8077,0.1024,-0.6904
288.80,290.07,290.08,0,-1.54454,0,|r_qp|,cross-domain,0.0000,0.0000,3.546,0,-1.54454,0,-6.243,-2.772,-4.378,0,-8.793,3.405,1.686,2.015,50
289.20,290.47,290.48,0,-1.72764,0,|r_qp|,cross-domain,0.0000,0.0000,3.704,0,-1.72764,0,-6.243,-2.772,-4.378,0,-8.793,2.833,2.8,-1.252,-0.5741
289.60,290.87,290.88,0,-1.76176,0,|r_qp|,cross-domain,0.0000,0.0000,3.669,0,-1.76176,0,-6.243,-2.772,-4.378,0,-8.793,0.7694,2.145,-1.224,-0.5856
290.00,291.27,291.28,0,-1.90582,0,|r_qp|,cross-domain,0.0000,0.0000,3.690,0,-1.90582,0,-6.243,-2.772,-4.378,0,-8.793,-0.9679,1.864,1.455,50
290.40,291.67,291.68,0,-1.75313,0,|r_qp|,cross-domain,0.0000,0.0000,4.260,0,-1.75313,0,-6.243,-2.772,-4.378,0,-8.793,-1.239,2.089,-0.926,-0.254
290.80,292.07,292.08,0,-1.64277,0,|r_qp|,cross-domain,0.0000,0.0000,3.705,0,-1.64277,0,-6.243,-2.772,-4.378,0,-8.793,-0.4799,2.409,-0.6254,-0.5883
291.20,292.47,292.48,0,-1.72860,0,|r_qp|,cross-domain,0.0000,0.0000,3.857,0,-1.72860,0,-6.243,-2.772,-4.378,0,-8.793,0.4268,3.57,2.183,50
291.60,292.87,292.88,0,-1.61580,0,|r_qp|,cross-domain,0.0000,0.0000,3.828,0,-1.61580,0,-6.243,-2.772,-4.378,0,-8.793,0.9878,3.934,-0.3911,0.0266
292.00,293.27,293.28,0,-1.51796,0,|r_qp|,cross-domain,0.0000,0.0000,3.676,0,-1.51796,0,-6.243,-2.772,-4.378,0,-8.793,1.911,3.379,-0.3554,-0.8151
292.40,293.67,293.68,0,-1.83685,0,|r_qp|,cross-domain,0.0000,0.0000,3.627,0,-1.83685,0,-6.243,-2.772,-4.378,0,-8.793,2.512,3.62,1.364,46.44
292.80,294.07,294.08,0,-1.82718,0,|r_qp|,cross-domain,0.0000,0.0000,3.509,0,-1.82718,0,-6.243,-2.772,-4.378,0,-8.793,2.006,3.824,-1.256,-0.4719
293.20,294.47,294.48,0,-1.79322,0,|r_qp|,cross-domain,0.0000,0.0000,3.708,0,-1.79322,0,-6.243,-2.772,-4.378,0,-8.793,0.4432,3.534,-1.018,-0.7692
293.60,294.87,294.88,0,-1.90612,0,|r_qp|,cross-domain,0.0000,0.0000,3.516,0,-1.90612,0,-6.243,-2.772,-4.378,0,-8.793,-0.8306,2.871,1.636,50
294.00,295.27,295.28,0,-1.86403,0,|r_qp|,cross-domain,0.0000,0.0000,3.664,0,-1.86403,0,-6.243,-2.772,-4.378,0,-8.793,-0.9453,2.919,-1.151,-0.1447
294.40,295.67,295.68,0,-1.72889,0,|r_qp|,cross-domain,0.0000,0.0000,3.548,0,-1.72889,0,-6.243,-2.772,-4.378,0,-8.793,-0.4785,1.928,-1.008,-0.7529
294.80,296.07,296.08,0,-1.72808,0,|r_qp|,cross-domain,0.0000,0.0000,3.558,0,-1.72808,0,-6.243,-2.772,-4.378,0,-8.793,0.413,1.125,1.549,47.39
295.20,296.47,296.48,0,-1.23149,0,|r_qp|,cross-domain,0.0000,0.0000,3.653,0,-1.23149,0,-6.243,-2.772,-4.378,0,-8.793,0.9208,0.5127,0.1735,-0.05299
295.60,296.87,296.88,0,-1.21188,0,|r_qp|,cross-domain,0.0000,0.0000,3.567,0,-1.21188,0,-6.243,-2.772,-4.378,0,-8.793,2.421,1.84,0.2585,-0.8323
296.00,297.27,297.28,0,-1.77032,0,|r_qp|,cross-domain,0.0000,0.0000,3.667,0,-1.77032,0,-6.243,-2.772,-4.378,0,-8.793,3.48,4.042,1.595,47.45
296.40,297.67,297.68,0,-1.65212,0,|r_qp|,cross-domain,0.0000,0.0000,3.623,0,-1.65212,0,-6.243,-2.772,-4.378,0,-8.793,3.207,5.4,-0.528,-0.3351
296.80,298.07,298.08,0,-1.79454,0,|r_qp|,cross-domain,0.0000,0.0000,3.601,0,-1.79454,0,-6.243,-2.772,-4.378,0,-8.793,1.551,3.397,-1.198,-0.8498
297.20,298.47,298.48,0,-1.83020,0,|r_qp|,cross-domain,0.0000,0.0000,3.638,0,-1.83020,0,-6.243,-2.772,-4.378,0,-8.793,-0.1432,1.415,1.503,50
297.60,298.87,298.88,0,-1.71521,0,|r_qp|,cross-domain,0.0000,0.0000,3.651,0,-1.71521,0,-6.243,-2.772,-4.378,0,-8.793,-0.5257,0.9105,-1.122,-0.1135
298.00,299.27,299.28,0,-1.60961,0,|r_qp|,cross-domain,0.0000,0.0000,3.557,0,-1.60961,0,-6.243,-2.772,-4.378,0,-8.793,-0.2855,0.3912,-0.9368,-0.4737
298.40,299.67,299.68,0,-1.70714,0,|r_qp|,cross-domain,0.0000,0.0000,3.525,0,-1.70714,0,-6.243,-2.772,-4.378,0,-8.793,0.5723,0.2689,1.579,50
