t_start,t_end,t_release,label,score,alarm,dominant,domain,csec_corr,csec_unc,decision_ms_after_target,csec_wait_ms,prov_score,prov_alarm,|r_bal|,|r_aux|,|r_cool|,|r_ups|,|r_qp|,|r_pv|,|r_reg|,e_rec,e_fc
2.00,3.27,3.28,0,6.17920,1,e_rec,single-domain,0.0000,0.0000,5.959,0,6.17920,1,-2.44,12.68,-0.5916,0,-0.8876,31.17,50,28.16,35.07
2.40,3.67,3.68,0,2.53383,1,e_rec,single-domain,0.0000,0.0000,4.530,0,2.53383,1,-2.483,13.8,-0.4191,0,-0.876,27.3,48.32,16.39,29.08
2.80,4.07,4.08,0,14.12951,1,e_rec,single-domain,0.0000,0.0000,4.398,0,14.12951,1,-2.167,13.42,-0.3544,0,-0.858,17.78,47.15,50,6.447
3.20,4.47,4.48,0,-0.59540,0,e_rec,single-domain,0.0000,0.0000,3.766,0,-0.59540,0,-0.9902,10.52,0.6235,0,0.1148,8.951,50,10.75,7.488
3.60,4.87,4.88,0,8.25016,1,e_rec,single-domain,0.0000,0.0000,3.726,0,8.25016,1,-0.7319,9.036,0.4308,0,-0.1449,2.722,44.57,36.72,3.887
4.00,5.27,5.28,0,6.85008,1,e_rec,single-domain,0.0000,0.0000,3.890,0,6.85008,1,0.8036,5.769,0.573,0,-0.06899,2.993,47.63,34.4,2.194
4.40,5.67,5.68,0,-2.62627,0,e_rec,single-domain,0.0000,0.0000,3.657,0,-2.62627,0,0.07175,4.152,1.136,0,-0.04566,4.408,41.78,6.77,3.756
4.80,6.07,6.08,0,-1.22243,0,e_rec,single-domain,0.0000,0.0000,3.630,0,-1.22243,0,0.1579,4.02,0.2386,0,0.1101,6.311,37.87,9.822,-0.5334
5.20,6.47,6.48,0,-1.40553,0,e_rec,cross-domain,0.0000,0.0000,5.122,0,-1.40553,0,0.2296,2.765,-0.05782,0,0.1149,5.951,28.71,8.21,-0.8315
5.60,6.87,6.88,0,-3.79381,0,|r_aux|,cross-domain,0.0000,0.0000,4.085,0,-3.79381,0,0.4592,1.819,1.074,0,-0.3272,3.258,18.84,-0.6619,-0.581
6.00,7.27,7.28,0,-2.89052,0,|r_aux|,cross-domain,0.0000,0.0000,4.140,0,-2.89052,0,0.3301,1.676,0.3578,0,-0.8037,1.464,14.29,0.8432,-0.5206
6.40,7.67,7.68,0,-3.19333,0,|r_aux|,cross-domain,0.0000,0.0000,3.814,0,-3.19333,0,0.574,0.723,0.4135,0,-0.3707,1.044,6.111,-0.6257,-0.1056
6.80,8.07,8.08,0,-2.63747,0,|r_aux|,cross-domain,0.0000,0.0000,3.773,0,-2.63747,0,0.531,1.328,2.131,0,-0.1642,2.064,0.621,-0.4066,-0.1794
7.20,8.47,8.48,0,-2.85877,0,|r_aux|,cross-domain,0.0000,0.0000,3.795,0,-2.85877,0,1.205,1.179,1.599,0,-0.09938,1.914,1.44,-1.156,-0.7164
7.60,8.87,8.88,0,-2.22487,0,e_rec,cross-domain,0.0000,0.0000,3.638,0,-2.22487,0,1.005,0.8483,1.658,0,0.4715,1.262,1.019,1.925,0.9555
8.00,9.27,9.28,0,-2.93074,0,|r_bal|,cross-domain,0.0000,0.0000,2.844,0,-2.93074,0,0.8898,0.818,2.672,0,0.6363,1.756,0.8667,-0.01872,0.01675
8.40,9.67,9.68,0,-3.30162,0,|r_aux|,cross-domain,0.0000,0.0000,5.029,0,-3.30162,0,0.7032,1.159,1.265,0,1.335,1.255,0.02505,-0.4248,-0.3094
8.80,10.07,10.08,0,-2.58931,0,|r_bal|,cross-domain,0.0000,0.0000,4.123,0,-2.58931,0,1.177,1.031,0.6924,0,0.723,1.277,-0.3338,0.677,1.038
9.20,10.47,10.48,0,-2.05889,0,e_rec,cross-domain,0.0000,0.0000,4.013,0,-2.05889,0,0.6458,1.218,1.985,0,0.4389,0.317,-0.1756,2.203,0.8171
9.60,10.87,10.88,0,-2.79674,0,|r_aux|,cross-domain,0.0000,0.0000,3.693,0,-2.79674,0,0.8036,1.389,1.198,0,0.07942,-0.1873,0.6684,-0.5128,-0.6014
10.00,11.27,11.28,0,-1.94506,0,e_rec,cross-domain,0.0000,0.0000,4.069,0,-1.94506,0,0.6314,1.142,1.03,0,-0.5289,-0.7021,0.1367,1.675,2.803
10.40,11.67,11.68,0,-2.56223,0,|r_aux|,cross-domain,0.0000,0.0000,3.648,0,-2.56223,0,1.033,1.124,2.71,0,-0.286,0.08974,0.2316,-0.3409,0.5268
10.80,12.07,12.08,0,-2.82630,0,|r_aux|,cross-domain,0.0000,0.0000,3.661,0,-2.82630,0,0.8611,1.357,1.121,0,0.08048,0.6188,0.6034,-0.6932,-0.1606
11.20,12.47,12.48,0,-1.95999,0,e_rec,cross-domain,0.0000,0.0000,5.104,0,-1.95999,0,0.9041,1.14,0.8445,0,0.7194,1.755,0.1277,2.773,2.514
11.60,12.87,12.88,0,-2.66380,0,|r_aux|,cross-domain,0.0000,0.0000,4.198,0,-2.66380,0,0.8324,1.175,2.328,0,0.1561,1.858,0.3043,-0.15,0.6004
12.00,13.27,13.28,0,-2.57082,0,|r_aux|,cross-domain,0.0000,0.0000,3.875,0,-2.57082,0,0.9041,1.38,0.8395,0,0.4373,1.406,0.6973,0.436,0.1679
12.40,13.67,13.68,0,-2.39934,0,|r_bal|,cross-domain,0.0000,0.0000,4.005,0,-2.39934,0,1.55,1.093,0.5781,0,0.02988,0.5731,0.2832,0.2666,1.17
12.80,14.07,14.08,0,-2.38071,0,e_rec,cross-domain,0.0000,0.0000,3.670,0,-2.38071,0,0.8036,0.9368,1.779,0,0.02982,-0.1077,-0.002462,0.9434,1.484
13.20,14.47,14.48,0,-2.92821,0,|r_aux|,cross-domain,0.0000,0.0000,3.850,0,-2.92821,0,1.119,1.249,0.6481,0,0.4346,-0.3328,0.3176,-0.5827,-0.4256
13.60,14.87,14.88,0,-2.15403,0,e_rec,cross-domain,0.0000,0.0000,3.604,0,-2.15403,0,0.9472,0.988,0.7735,0,0.4501,-0.7113,-0.1538,2.114,1.84
14.00,15.27,15.28,0,-2.95768,0,|r_aux|,cross-domain,0.0000,0.0000,3.649,0,-2.95768,0,0.8754,1.03,2.118,0,0.5227,-1.125,0.04853,-0.1633,0.5389
14.40,15.67,15.68,0,-2.95390,0,|r_aux|,cross-domain,0.0000,0.0000,5.174,0,-2.95390,0,0.818,1.239,0.8168,0,0.4701,-1.423,0.8437,-0.1511,-0.1696
14.80,16.07,16.08,0,-2.22518,0,e_rec,cross-domain,0.0000,0.0000,4.278,0,-2.22518,0,0.5597,1.074,0.7573,0,0.4724,-1.288,0.3145,2.332,2.337
15.20,16.47,16.48,0,-2.50405,0,|r_aux|,cross-domain,0.0000,0.0000,4.202,0,-2.50405,0,0.4592,1.283,1.814,0,0.03619,-0.4466,0.1733,0.5533,0.01513
15.60,16.87,16.88,0,-3.08994,0,|r_aux|,cross-domain,0.0000,0.0000,3.852,0,-3.08994,0,0.6888,1.48,0.8102,0,0.6962,-0.01167,1.245,-0.4306,-0.3042
16.00,17.27,17.28,0,-3.25859,0,|r_aux|,cross-domain,0.0000,0.0000,3.739,0,-3.25859,0,0.7032,1.073,0.5833,0,0.9964,0.9585,0.2193,-0.5256,0.6827
16.40,17.67,17.68,0,-3.32445,0,|r_aux|,cross-domain,0.0000,0.0000,3.895,0,-3.32445,0,0.5884,0.7105,2.012,0,1.037,0.816,0.08654,-0.3815,0.6276
16.80,18.07,18.08,0,-2.22448,0,e_rec,cross-domain,0.0000,0.0000,3.667,0,-2.22448,0,0.8324,1.074,0.7575,0,0.6685,0.8114,0.2455,1.95,-0.4938
17.20,18.47,18.48,0,-2.48305,0,|r_bal|,cross-domain,0.0000,0.0000,3.678,0,-2.48305,0,1.607,0.9717,0.24,0,0.7038,-0.04478,0.411,1.016,0.6299
17.60,18.87,18.88,0,-3.02662,0,|r_bal|,cross-domain,0.0000,0.0000,5.197,0,-3.02662,0,1.464,1.291,1.295,0,0.7236,-0.2691,0.4965,-0.6864,0.2309
18.00,19.27,19.28,0,-2.63341,0,|r_bal|,cross-domain,0.0000,0.0000,4.245,0,-2.63341,0,1.622,1.425,-0.0008333,0,0.5344,-0.2089,1.722,0.2392,-0.6722
18.40,19.67,19.68,0,-2.45338,0,e_rec,cross-domain,0.0000,0.0000,4.186,0,-2.45338,0,0.5597,0.9637,0.4509,0,0.004932,0.6498,0.354,0.7786,0.5197
18.80,20.07,20.08,0,-2.19318,0,e_rec,cross-domain,0.0000,0.0000,4.023,0,-2.19318,0,0.6888,0.6494,2.281,0,-0.4191,0.8169,0.1849,1.006,0.08895
19.20,20.47,20.48,0,-2.50310,0,|r_bal|,cross-domain,0.0000,0.0000,3.900,0,-2.50310,0,1.148,1.057,1.047,0,-0.3125,1.034,0.1083,-0.4091,-0.452
19.60,20.87,20.88,0,-2.47357,0,|r_qp|,cross-domain,0.0000,0.0000,3.647,0,-2.47357,0,0.9328,0.8562,0.8145,0,-0.5565,0.9523,-0.1879,-0.3521,0.3958
20.00,21.27,21.28,0,-2.35329,0,|r_aux|,cross-domain,0.0000,0.0000,3.723,0,-2.35329,0,0.5023,1.001,1.877,0,-0.3451,1.066,-0.01752,0.5031,0.9021
20.40,21.67,21.68,0,-2.79453,0,|r_aux|,cross-domain,0.0000,0.0000,2.892,0,-2.79453,0,0.6027,1.224,0.6718,0,-0.1936,0.7621,0.6283,-0.7047,-0.2124
20.80,22.07,22.08,0,-2.75838,0,|r_aux|,cross-domain,0.0000,0.0000,4.780,0,-2.75838,0,0.5884,0.9292,0.4888,0,-0.428,-0.2403,-0.02458,-0.6757,0.2387
21.20,22.47,22.48,0,-2.57495,0,e_rec,cross-domain,0.0000,0.0000,4.069,0,-2.57495,0,0.9185,0.8898,2.099,0,0.3992,-0.9307,0.04928,0.8131,0.01915
21.60,22.87,22.88,0,-2.82138,0,|r_aux|,cross-domain,0.0000,0.0000,3.998,0,-2.82138,0,1.091,1.184,0.8636,0,0.479,-0.6157,0.4652,-0.1052,-0.7166
22.00,23.27,23.28,0,-2.78785,0,|r_bal|,cross-domain,0.0000,0.0000,3.969,0,-2.78785,0,1.091,0.8648,1.069,0,0.5504,-0.3751,-0.04624,0.2179,0.02602
22.40,23.67,23.68,0,-2.48390,0,|r_bal|,cross-domain,0.0000,0.0000,3.917,0,-2.48390,0,1.019,0.8783,2.428,0,-0.124,-0.2105,-0.002695,0.184,-0.7382
22.80,24.07,24.08,0,-1.67499,0,e_rec,cross-domain,0.0000,0.0000,3.823,0,-1.67499,0,0.9615,1.169,1.016,0,-0.2151,-0.2784,0.9939,2.56,-0.3178
23.20,24.47,24.48,0,-1.73092,0,e_rec,cross-domain,0.0000,0.0000,3.688,0,-1.73092,0,0.5166,0.991,-0.01361,0,-0.5626,0.07343,1.491,2.448,-0.111
23.60,24.87,24.88,0,-2.61820,0,|r_aux|,cross-domain,0.0000,0.0000,5.405,0,-2.61820,0,0.7175,1.17,0.8554,0,-0.4759,0.381,1.777,-0.3007,-0.08251
24.00,25.27,25.28,0,-2.02818,0,e_rec,cross-domain,0.0000,0.0000,4.435,0,-2.02818,0,0.4736,1.349,-0.4648,0,-0.3608,0.1468,3.33,1.996,-0.1946
24.40,25.67,25.68,0,-1.99687,0,e_rec,cross-domain,0.0000,0.0000,4.289,0,-1.99687,0,0.8611,1.085,-0.6279,0,-0.0238,-0.2272,2.583,2.361,0.02207
24.80,26.07,26.08,0,-2.85137,0,|r_bal|,cross-domain,0.0000,0.0000,3.906,0,-2.85137,0,1.162,1.064,0.8152,0,-0.3082,-0.4684,2.271,-0.7598,0.262
25.20,26.47,26.48,0,-2.37518,0,|r_bal|,cross-domain,0.0000,0.0000,3.766,0,-2.37518,0,1.363,1.3,-0.4613,0,-0.1819,-0.2866,3.019,0.6222,-0.4636
25.60,26.87,26.88,0,-2.20621,0,e_rec,cross-domain,0.0000,0.0000,3.953,0,-2.20621,0,1.148,0.9552,0.1072,0,0.2125,0.835,1.388,1.527,-0.5078
26.00,27.27,27.28,0,-2.50898,0,|r_bal|,cross-domain,0.0000,0.0000,3.701,0,-2.50898,0,0.9615,0.8614,1.933,0,-0.2741,1.02,1.024,0.03458,-0.8002
26.40,27.67,27.68,0,-2.31203,0,|r_aux|,cross-domain,0.0000,0.0000,3.723,0,-2.31203,0,0.9328,1.187,0.7135,0,-0.1487,1.256,1.21,0.6681,0.09122
26.80,28.07,28.08,0,-2.15119,0,e_rec,cross-domain,0.0000,0.0000,5.238,0,-2.15119,0,0.6314,0.9967,0.04285,0,0.1174,0.9107,1.434,1.889,-0.3462
27.20,28.47,28.48,0,-2.71849,0,|r_aux|,cross-domain,0.0000,0.0000,5.821,0,-2.71849,0,0.7175,1.093,0.8586,0,0.261,1.393,2.064,0.3206,-0.6483
27.60,28.87,28.88,0,-1.55799,0,e_rec,cross-domain,0.0000,0.0000,4.260,0,-1.55799,0,0.5453,1.297,-0.2134,0,0.2173,2.148,3.605,3.987,0.455
28.00,29.27,29.28,0,-2.08921,0,e_rec,cross-domain,0.0000,0.0000,4.117,0,-2.08921,0,0.8324,1.044,-0.8659,0,0.398,2.029,3.47,2.589,-0.2403
28.40,29.67,29.68,0,-3.00771,0,|r_aux|,cross-domain,0.0000,0.0000,4.142,0,-3.00771,0,0.6601,1.05,0.1371,0,0.3606,1.404,3.64,0.001872,-0.6981
28.80,30.07,30.08,0,-3.22126,0,|r_aux|,cross-domain,0.0000,0.0000,3.834,0,-3.22126,0,1.048,1.259,-1.168,0,0.4576,0.8098,4.565,-0.5152,0.7263
29.20,30.47,30.48,0,-2.79243,0,|r_aux|,cross-domain,0.0000,0.0000,3.672,0,-2.79243,0,0.7175,0.9142,-0.1543,0,0.3165,1.024,2.522,0.5057,0.09577
29.60,30.87,30.88,0,-2.94902,0,|r_bal|,cross-domain,0.0000,0.0000,2.872,0,-2.94902,0,1.134,0.8161,2.255,0,0.1049,0.8879,1.5,-0.6747,0.1493
30.00,31.27,31.28,0,-2.72973,0,|r_aux|,cross-domain,0.0000,0.0000,5.158,0,-2.72973,0,1.191,1.161,1.272,0,0.004685,1.041,1.078,-0.5581,-0.3588
30.40,31.67,31.68,0,-2.72545,0,|r_bal|,cross-domain,0.0000,0.0000,4.108,0,-2.72545,0,1.421,0.8491,1.1,0,0.1308,1.001,0.3859,-0.4825,-0.7556
30.80,32.07,32.08,0,-2.95497,0,|r_bal|,cross-domain,0.0000,0.0000,4.013,0,-2.95497,0,0.9041,0.735,2.68,0,0.293,1.166,0.6364,-0.5111,-0.5843
31.20,32.47,32.48,0,-2.10534,0,e_rec,cross-domain,0.0000,0.0000,3.559,0,-2.10534,0,0.7462,1.093,1.362,0,-0.1859,1.377,0.9776,1.403,0.9733
31.60,32.87,32.88,0,-1.88007,0,e_rec,cross-domain,0.0000,0.0000,3.849,0,-1.88007,0,0.0574,0.8996,0.3765,0,-0.6682,0.8108,1.781,2.18,-0.4116
32.00,33.27,33.28,0,-2.70801,0,|r_aux|,cross-domain,0.0000,0.0000,3.579,0,-2.70801,0,0.5453,1.116,1.057,0,-0.3197,-0.04863,2.027,-0.1182,-0.1945
32.40,33.67,33.68,0,-2.05841,0,e_rec,cross-domain,0.0000,0.0000,3.591,0,-2.05841,0,0.9041,1.268,-0.6126,0,0.4917,-0.4172,3.946,3.125,1.721
32.80,34.07,34.08,0,-2.51947,0,e_rec,cross-domain,0.0000,0.0000,5.333,0,-2.51947,0,0.8036,0.984,-1.222,0,0.9849,0.1455,3.373,2.338,-0.5511
33.20,34.47,34.48,0,-3.41526,0,|r_aux|,cross-domain,0.0000,0.0000,4.045,0,-3.41526,0,0.6314,1.044,-0.1745,0,1.197,0.5531,3.518,-0.01238,-0.85
33.60,34.87,34.88,0,-3.86944,0,|r_aux|,cross-domain,0.0000,0.0000,4.327,0,-3.86944,0,0.531,1.294,-1.21,0,1.893,0.7202,4.109,-0.3577,0.128
34.00,35.27,35.28,0,-3.69207,0,|r_bal|,cross-domain,0.0000,0.0000,3.781,0,-3.69207,0,1.033,0.9629,-0.3751,0,1.657,-0.05554,2.021,-0.661,-0.6656
34.40,35.67,35.68,0,-3.31403,0,|r_aux|,cross-domain,0.0000,0.0000,3.734,0,-3.31403,0,0.3588,0.8095,2.258,0,0.7936,-0.505,1.2,-0.2645,-0.3282
34.80,36.07,36.08,0,-2.94952,0,|r_aux|,cross-domain,0.0000,0.0000,4.003,0,-2.94952,0,0.7319,1.152,1.229,0,-0.1051,-0.6182,0.6236,-0.9318,-0.2876
35.20,36.47,36.48,0,-2.65327,0,|r_aux|,cross-domain,0.0000,0.0000,3.524,0,-2.65327,0,0.7606,0.8545,1.114,0,0.0551,-0.8638,0.03673,0.2131,-0.7481
35.60,36.87,36.88,0,-2.71421,0,|r_bal|,cross-domain,0.0000,0.0000,3.817,0,-2.71421,0,1.019,0.8139,2.389,0,0.2038,-1.158,0.318,0.1877,-0.3169
36.00,37.27,37.28,0,-2.52322,0,|r_bal|,cross-domain,0.0000,0.0000,5.302,0,-2.52322,0,1.435,1.122,1.186,0,0.07148,-1.27,0.694,0.2022,-0.3644
36.40,37.67,37.68,0,-2.30474,0,|r_bal|,cross-domain,0.0000,0.0000,4.342,0,-2.30474,0,1.134,0.7952,1.04,0,-0.2609,-1.237,0.222,0.7198,-0.5668
36.80,38.07,38.08,0,-2.45989,0,|r_bal|,cross-domain,0.0000,0.0000,4.330,0,-2.45989,0,1.378,0.8115,2.634,0,-0.05845,-1.123,0.1879,0.3351,-0.1649
37.20,38.47,38.48,0,-3.04049,0,|r_bal|,cross-domain,0.0000,0.0000,3.787,0,-3.04049,0,1.205,1.157,1.457,0,0.3093,-1.037,0.5461,-0.9618,-0.5461
37.60,38.87,38.88,0,-2.90856,0,|r_bal|,cross-domain,0.0000,0.0000,3.722,0,-2.90856,0,1.536,0.8051,1.389,0,0.3649,-1.143,0.1027,-0.5683,-0.7387
38.00,39.27,39.28,0,-2.63252,0,|r_bal|,cross-domain,0.0000,0.0000,3.942,0,-2.63252,0,0.7462,0.7035,2.782,0,-0.008005,-0.9614,-0.06469,0.2728,-0.6632
38.40,39.67,39.68,0,-1.86952,0,e_rec,cross-domain,0.0000,0.0000,3.698,0,-1.86952,0,1.162,1.046,1.362,0,-0.3444,-0.9742,0.4793,1.833,1.066
38.80,40.07,40.08,0,-2.27443,0,|r_qp|,cross-domain,0.0000,0.0000,3.832,0,-2.27443,0,0.531,0.8193,0.8638,0,-0.8065,-0.8853,0.2321,0.4589,-0.2787
39.20,40.47,40.48,0,-2.70278,0,|r_aux|,cross-domain,0.0000,0.0000,5.308,0,-2.70278,0,0.4879,1.054,1.898,0,0.1164,-0.6115,0.07861,0.1484,-0.8495
39.60,40.87,40.88,0,-2.77417,0,e_rec,cross-domain,0.0000,0.0000,4.086,0,-2.77417,0,0.818,1.234,0.9137,0,0.7861,-0.5698,1.409,0.8658,0.6385
40.00,41.27,41.28,0,-2.44425,0,e_rec,cross-domain,0.0000,0.0000,4.208,0,-2.44425,0,0.7175,0.9554,0.09814,0,1.279,-0.1103,1.099,2.559,-0.4663
40.40,41.67,41.68,0,-3.52182,0,|r_bal|,cross-domain,0.0000,0.0000,3.808,0,-3.52182,0,1.249,1.065,1.096,0,1.414,0.2277,1.31,-0.8236,0.3771
40.80,42.07,42.08,0,-3.50580,0,|r_aux|,cross-domain,0.0000,0.0000,3.990,0,-3.50580,0,1.32,1.305,-0.4943,0,1.307,-0.07152,2.183,-0.9069,0.0241
41.20,42.47,42.48,0,-3.28054,0,|r_bal|,cross-domain,0.0000,0.0000,3.694,0,-3.28054,0,1.134,0.9655,0.2255,0,1.08,-0.6566,0.8713,-0.4348,-0.4721
41.60,42.87,42.88,0,-2.17796,0,e_rec,cross-domain,0.0000,0.0000,3.617,0,-2.17796,0,0.8898,0.8132,2.412,0,0.1923,-0.7732,0.8811,1.91,-0.3432
42.00,43.27,43.28,0,-2.78480,0,|r_aux|,cross-domain,0.0000,0.0000,5.535,0,-2.78480,0,0.8036,1.152,1.319,0,0.151,-0.5738,1.105,0.0006829,0.662
42.40,43.67,43.68,0,-2.35845,0,e_rec,cross-domain,0.0000,0.0000,4.309,0,-2.35845,0,0.9615,0.9098,0.9252,0,0.1059,-0.5416,0.6684,1.092,-0.519
42.80,44.07,44.08,0,-3.09214,0,|r_aux|,cross-domain,0.0000,0.0000,4.382,0,-3.09214,0,0.8036,0.9879,2.04,0,0.3234,-0.4894,0.4318,-0.8063,-0.4322
43.20,44.47,44.48,0,-2.36979,0,e_rec,cross-domain,0.0000,0.0000,3.684,0,-2.36979,0,0.4305,1.225,0.9789,0,0.2585,-0.6287,0.9617,1.525,0.3856
43.60,44.87,44.88,0,-3.28996,0,|r_aux|,cross-domain,0.0000,0.0000,3.916,0,-3.28996,0,0.5884,0.8187,0.8217,0,0.6462,0.8603,0.2469,-0.9033,-0.6306
44.00,45.27,45.28,0,-2.61601,0,|r_bal|,cross-domain,0.0000,0.0000,3.940,0,-2.61601,0,1.306,0.6607,2.28,0,0.5133,1.87,0.2366,0.4202,-0.3223
44.40,45.67,45.68,0,-2.61345,0,|r_aux|,cross-domain,0.0000,0.0000,3.681,0,-2.61345,0,1.033,1.05,0.7724,0,0.3484,1.898,0.6273,0.2574,0.0893
44.80,46.07,46.08,0,-2.49068,0,e_rec,cross-domain,0.0000,0.0000,3.876,0,-2.49068,0,1.105,0.895,-0.3373,0,0.4801,1.284,0.6716,0.9225,-0.3408
45.20,46.47,46.48,0,-2.80983,0,|r_aux|,cross-domain,0.0000,0.0000,5.387,0,-2.80983,0,0.1148,1.183,-0.06348,0,0.2582,0.7899,1.062,0.271,-0.5001
45.60,46.87,46.88,0,-3.16738,0,|r_aux|,cross-domain,0.0000,0.0000,4.449,0,-3.16738,0,0.6601,1.349,-1.14,0,0.3164,0.5527,2.304,-0.8985,-0.854
46.00,47.27,47.28,0,-3.34625,0,|r_aux|,cross-domain,0.0000,0.0000,4.332,0,-3.34625,0,0.4305,0.887,-0.6435,0,0.4468,-0.1023,0.8862,-1.001,-0.654
46.40,47.67,47.68,0,-3.36817,0,|r_bal|,cross-domain,0.0000,0.0000,3.941,0,-3.36817,0,0.6745,0.5418,1.682,0,0.8841,-0.8858,0.3994,-0.4468,-0.3881
46.80,48.07,48.08,0,-2.81924,0,|r_aux|,cross-domain,0.0000,0.0000,3.846,0,-2.81924,0,0.7175,0.9744,0.8383,0,-0.03809,-0.8129,0.06655,-0.3488,0.6832
47.20,48.47,48.48,0,-3.09318,0,|r_aux|,cross-domain,0.0000,0.0000,3.996,0,-3.09318,0,0.1435,0.7779,0.6402,0,-0.08221,-0.4597,-0.2559,-0.8886,-0.4819
47.60,48.87,48.88,0,-2.66563,0,|r_aux|,cross-domain,0.0000,0.0000,3.806,0,-2.66563,0,0.0861,1.046,2.406,0,-0.5195,-0.1415,-0.1627,-0.4022,-0.6062
48.00,49.27,49.28,0,-2.49456,0,|r_aux|,cross-domain,0.0000,0.0000,3.869,0,-2.49456,0,0.3014,1.273,1.166,0,-0.1328,-0.02425,0.8853,0.6103,0.4497
48.40,49.67,49.68,0,-2.69516,0,|r_aux|,cross-domain,0.0000,0.0000,5.149,0,-2.69516,0,0.8611,0.9534,1.124,0,-0.4342,-0.1256,0.3233,-0.6872,-0.3711
48.80,50.07,50.08,0,-2.81676,0,|r_aux|,cross-domain,0.0000,0.0000,4.202,0,-2.81676,0,0.7462,0.9119,2.04,0,-0.1891,-0.08687,0.5156,-0.6174,-0.6087
49.20,50.47,50.48,0,-3.04976,0,|r_aux|,cross-domain,0.0000,0.0000,4.020,0,-3.04976,0,0.5597,1.217,0.512,0,0.07638,-0.2138,0.6311,-0.9574,-0.3053
49.60,50.87,50.88,0,-3.01019,0,|r_bal|,cross-domain,0.0000,0.0000,4.086,0,-3.01019,0,1.048,0.886,0.2322,0,0.7252,-0.4664,0.02928,-0.1871,-0.4436
50.00,51.27,51.28,0,-3.00461,0,|r_bal|,cross-domain,0.0000,0.0000,4.322,0,-3.00461,0,1.177,0.8054,1.669,0,0.7492,-0.8231,-0.126,-0.187,-0.497
50.40,51.67,51.68,0,-3.06810,0,|r_bal|,cross-domain,0.0000,0.0000,3.735,0,-3.06810,0,1.335,1.133,1.205,0,0.6026,-0.9764,0.3349,-0.7195,0.2594
50.80,52.07,52.08,0,-2.72687,0,|r_bal|,cross-domain,0.0000,0.0000,5.270,0,-2.72687,0,0.9472,0.8009,0.9735,0,0.06631,-0.8235,0.05168,-0.07346,-0.7267
51.20,52.47,52.48,0,-2.63727,0,|r_bal|,cross-domain,0.0000,0.0000,2.930,0,-2.63727,0,0.8898,0.8501,2.373,0,-0.2609,-0.6298,0.1833,-0.2422,-0.5794
51.60,52.87,52.88,0,-2.28379,0,|r_aux|,cross-domain,0.0000,0.0000,5.168,0,-2.28379,0,0.7319,1.139,0.9138,0,-0.2422,0.07933,0.5992,0.7462,-0.7469
52.00,53.27,53.28,0,-2.08123,0,e_rec,cross-domain,0.0000,0.0000,4.471,0,-2.08123,0,1.062,0.837,0.5907,0,0.008041,1.411,0.162,1.433,-0.4884
52.40,53.67,53.68,0,-2.52074,0,|r_bal|,cross-domain,0.0000,0.0000,3.929,0,-2.52074,0,0.9472,0.828,1.969,0,0.2493,2.83,0.0988,0.3265,-0.5058
52.80,54.07,54.08,0,-2.33670,0,|r_bal|,cross-domain,0.0000,0.0000,3.682,0,-2.33670,0,1.55,1.155,0.9593,0,0.1396,3.277,0.5249,0.1582,-0.4951
53.20,54.47,54.48,0,-2.50184,0,|r_bal|,cross-domain,0.0000,0.0000,3.753,0,-2.50184,0,1.492,0.8357,0.7928,0,0.0006744,2.099,0.01151,-0.1964,-0.1846
53.60,54.87,54.88,0,-2.63812,0,|r_bal|,cross-domain,0.0000,0.0000,3.749,0,-2.63812,0,1.033,0.8309,2.127,0,0.06052,0.8004,0.08984,-0.08464,-0.4705
54.00,55.27,55.28,0,-2.68687,0,|r_aux|,cross-domain,0.0000,0.0000,3.804,0,-2.68687,0,0.6458,1.152,1.062,0,-0.4161,0.07703,0.5363,-0.6194,-0.4801
54.40,55.67,55.68,0,-2.58194,0,|r_aux|,cross-domain,0.0000,0.0000,5.423,0,-2.58194,0,0.2583,0.7563,0.7497,0,-0.2465,0.1516,-0.1799,0.2602,-0.8369
54.80,56.07,56.08,0,-3.11999,0,|r_aux|,cross-domain,0.0000,0.0000,4.196,0,-3.11999,0,0.3444,0.6373,2.226,0,-0.1222,4.458e-05,-0.5802,-1.216,-0.6248
55.20,56.47,56.48,0,-2.78721,0,|r_aux|,cross-domain,0.0000,0.0000,4.195,0,-2.78721,0,0.5597,1.02,0.9969,0,0.5025,0.091,0.02074,0.3314,-0.3852
55.60,56.87,56.88,0,-2.56175,0,e_rec,cross-domain,0.0000,0.0000,3.923,0,-2.56175,0,0.7893,0.8086,0.7559,0,0.8867,1.15,-0.3069,1.297,-0.4494
56.00,57.27,57.28,0,-2.86817,0,|r_aux|,cross-domain,0.0000,0.0000,3.788,0,-2.86817,0,1.091,1.095,2.061,0,0.5915,1.922,-0.1781,-0.487,-0.6268
56.40,57.67,57.68,0,-3.16173,0,|r_aux|,cross-domain,0.0000,0.0000,3.836,0,-3.16173,0,0.9328,1.315,0.7439,0,0.5635,1.96,0.3941,-1.281,-0.3551
56.80,58.07,58.08,0,-2.74331,0,|r_aux|,cross-domain,0.0000,0.0000,3.658,0,-2.74331,0,0.8467,0.9086,0.6414,0,0.1597,0.369,-0.06617,-0.164,-0.6518
57.20,58.47,58.48,0,-3.19236,0,|r_bal|,cross-domain,0.0000,0.0000,4.654,0,-3.19236,0,0.8467,0.7235,1.9,0,0.4556,-0.8931,-0.009264,-0.8341,-0.6647
57.60,58.87,58.88,0,-2.73617,0,|r_aux|,cross-domain,0.0000,0.0000,5.217,0,-2.73617,0,1.019,1.08,0.7263,0,0.3384,-1.071,0.1799,0.1191,-0.1171
58.00,59.27,59.28,0,-2.87637,0,|r_bal|,cross-domain,0.0000,0.0000,4.055,0,-2.87637,0,0.8324,0.7467,0.7253,0,0.1836,-0.1296,-0.2309,-0.382,-0.6648
58.40,59.67,59.68,0,-2.68726,0,|r_bal|,cross-domain,0.0000,0.0000,4.139,0,-2.68726,0,1.335,0.7879,2.46,0,0.1611,0.5909,-0.09657,-0.2682,-0.2021
58.80,60.07,60.08,0,-2.84818,0,|r_bal|,cross-domain,0.0000,0.0000,3.832,0,-2.84818,0,1.234,1.109,1.313,0,0.2221,0.7749,0.4141,-0.73,-0.4494
59.20,60.47,60.48,0,-2.27411,0,|r_bal|,cross-domain,0.0000,0.0000,3.926,0,-2.27411,0,1.837,0.8693,0.9234,0,0.291,0.4314,-0.2127,0.7245,-0.638
59.60,60.87,60.88,0,-2.89715,0,|r_bal|,cross-domain,0.0000,0.0000,3.793,0,-2.89715,0,1.579,1.039,1.94,0,0.7758,0.4339,-0.4717,-0.4999,-0.6811
60.00,61.27,61.28,0,-2.50348,0,|r_bal|,cross-domain,0.0000,0.0000,3.934,0,-2.50348,0,1.607,1.296,0.7292,0,0.09563,0.8581,0.1576,-0.3018,-0.3934
60.40,61.67,61.68,0,-2.39949,0,e_rec,cross-domain,0.0000,0.0000,3.739,0,-2.39949,0,1.119,0.9198,0.728,0,0.7186,0.8932,-0.1935,1.29,-0.8433
60.80,62.07,62.08,0,-2.96755,0,e_rec,cross-domain,0.0000,0.0000,5.288,0,-2.96755,0,0.818,0.7839,2.147,0,1.272,0.6881,0.03164,0.6862,-0.7217
61.20,62.47,62.48,0,-2.84690,0,|r_aux|,cross-domain,0.0000,0.0000,4.480,0,-2.84690,0,0.9615,1.137,0.7631,0,1.226,0.4307,0.3271,0.777,-0.5083
61.60,62.87,62.88,0,-2.97574,0,|r_bal|,cross-domain,0.0000,0.0000,4.021,0,-2.97574,0,0.9902,0.7322,0.7597,0,0.8269,0.4008,-0.3443,0.003189,-0.3958
62.00,63.27,63.28,0,-3.02750,0,|r_bal|,cross-domain,0.0000,0.0000,3.855,0,-3.02750,0,0.9472,0.549,2.341,0,0.05641,0.641,-0.5502,-1.12,-0.6542
62.40,63.67,63.68,0,-2.80096,0,|r_bal|,cross-domain,0.0000,0.0000,3.955,0,-2.80096,0,1.134,1.002,1.279,0,-0.009325,0.3268,0.1184,-0.7893,-0.8584
62.80,64.07,64.08,0,-2.56478,0,e_rec,cross-domain,0.0000,0.0000,3.726,0,-2.56478,0,0.8467,0.6437,0.9918,0,0.335,0.03658,-0.3651,0.7393,-0.7322
63.20,64.47,64.48,0,-3.39622,0,|r_bal|,cross-domain,0.0000,0.0000,3.699,0,-3.39622,0,1.005,0.6801,2.212,0,1.479,-0.4416,-0.4439,-0.2811,-0.08352
63.60,64.87,64.88,0,-3.53178,0,|r_bal|,cross-domain,0.0000,0.0000,5.529,0,-3.53178,0,1.177,1.04,1.043,0,2.196,-0.2532,0.04204,-0.04071,-0.6195
64.00,65.27,65.28,0,-3.51789,0,|r_bal|,cross-domain,0.0000,0.0000,4.364,0,-3.51789,0,1.363,0.7804,0.8481,0,1.941,0.5286,-0.5578,-0.4806,-0.4222
64.40,65.67,65.68,0,-2.96878,0,|r_bal|,cross-domain,0.0000,0.0000,4.248,0,-2.96878,0,1.449,1.036,2.084,0,1.584,1.201,-0.3787,0.371,-0.5044
64.80,66.07,66.08,0,-2.47077,0,|r_aux|,cross-domain,0.0000,0.0000,3.839,0,-2.47077,0,1.263,1.249,1.069,0,0.5601,1.408,0.2321,0.6125,-0.2887
65.20,66.47,66.48,0,-2.83163,0,|r_aux|,cross-domain,0.0000,0.0000,3.841,0,-2.83163,0,0.7462,0.7878,0.803,0,-0.3519,1.412,-0.2261,-1.114,-0.7737
65.60,66.87,66.88,0,-2.54026,0,|r_bal|,cross-domain,0.0000,0.0000,4.044,0,-2.54026,0,1.335,0.571,2.227,0,-0.04353,1.187,-0.3237,-0.1074,-0.7636
66.00,67.27,67.28,0,-2.84503,0,|r_bal|,cross-domain,0.0000,0.0000,3.721,0,-2.84503,0,1.363,1.004,0.9863,0,-0.104,0.5529,-0.06832,-1.219,-0.3092
66.40,67.67,67.68,0,-2.83970,0,|r_bal|,cross-domain,0.0000,0.0000,3.847,0,-2.83970,0,1.162,0.7502,0.6284,0,-0.1169,-0.3314,-0.2194,-0.8529,-0.5813
66.80,68.07,68.08,0,-3.30563,0,|r_aux|,cross-domain,0.0000,0.0000,5.434,0,-3.30563,0,0.4736,0.9366,2.198,0,0.4151,-1.07,-0.007876,-1.116,-0.8344
67.20,68.47,68.48,0,-2.76088,0,|r_aux|,cross-domain,0.0000,0.0000,3.618,0,-2.76088,0,0.8467,1.221,0.9339,0,-0.1898,-0.9471,0.4958,-0.6073,-0.5108
67.60,68.87,68.88,0,-2.71812,0,|r_bal|,cross-domain,0.0000,0.0000,3.441,0,-2.71812,0,0.9615,0.8289,0.6481,0,0.09575,-1.127,-0.1597,-0.02541,-0.5128
68.00,69.27,69.28,0,-2.17852,0,e_rec,cross-domain,0.0000,0.0000,3.679,0,-2.17852,0,1.32,0.6989,1.859,0,-0.2072,-1.149,-0.4695,0.9425,-0.4778
68.40,69.67,69.68,0,-1.84823,0,e_rec,cross-domain,0.0000,0.0000,3.453,0,-1.84823,0,1.019,1.073,0.9465,0,-0.4086,-1.423,0.03217,1.729,-0.767
68.80,70.07,70.08,0,-2.78436,0,|r_bal|,cross-domain,0.0000,0.0000,3.392,0,-2.78436,0,1.378,0.6569,0.9008,0,0.1681,-1.166,-0.551,-0.3608,-0.4646
69.20,70.47,70.48,0,-2.61098,0,|r_bal|,cross-domain,0.0000,0.0000,3.344,0,-2.61098,0,1.421,0.5321,2.258,0,-0.2032,-0.9568,-0.7256,-0.3569,-0.3836
69.60,70.87,70.88,0,-2.84611,0,|r_bal|,cross-domain,0.0000,0.0000,3.397,0,-2.84611,0,1.148,0.9843,1.094,0,0.01919,-0.3175,-0.1098,-0.8493,-0.8431
70.00,71.27,71.28,0,-2.85331,0,|r_bal|,cross-domain,0.0000,0.0000,4.643,0,-2.85331,0,0.6314,0.5965,1.337,0,0.112,0.3246,-0.5991,-0.3212,-0.7671
70.40,71.67,71.68,0,-3.19693,0,|r_bal|,cross-domain,0.0000,0.0000,3.573,0,-3.19693,0,0.8754,0.5843,2.683,0,0.4767,0.9907,-0.5356,-1.096,-0.7215
70.80,72.07,72.08,0,-3.37770,0,|r_aux|,cross-domain,0.0000,0.0000,3.494,0,-3.37770,0,0.818,0.9898,1.321,0,1.348,0.7474,-0.03972,-0.5746,-0.7398
71.20,72.47,72.48,0,-2.93455,0,|r_bal|,cross-domain,0.0000,0.0000,3.403,0,-2.93455,0,0.8898,0.5736,0.8919,0,0.5165,-0.01233,-0.5667,-0.1264,-0.6911
71.60,72.87,72.88,0,-3.47989,0,|r_bal|,cross-domain,0.0000,0.0000,3.382,0,-3.47989,0,0.6458,0.5503,2.345,0,0.9163,-1.001,-0.3872,-0.912,-0.807
72.00,73.27,73.28,0,-3.38966,0,|r_bal|,cross-domain,0.0000,0.0000,3.327,0,-3.38966,0,1.119,0.9474,1.281,0,1.211,-1.116,0.179,-0.6252,0.1901
72.40,73.67,73.68,0,-3.34386,0,|r_bal|,cross-domain,0.0000,0.0000,3.353,0,-3.34386,0,1.292,0.6171,1.27,0,1.393,-1.193,-0.06651,-0.2184,-0.3424
72.80,74.07,74.08,0,-3.00359,0,|r_bal|,cross-domain,0.0000,0.0000,2.876,0,-3.00359,0,1.492,0.9622,2.716,0,0.6035,-0.7432,0.08075,-0.6771,-0.5436
73.20,74.47,74.48,0,-2.66411,0,|r_bal|,cross-domain,0.0000,0.0000,3.793,0,-2.66411,0,1.392,1.22,1.38,0,0.2969,-0.4782,0.4594,-0.1405,-0.8858
73.60,74.87,74.88,0,-2.64880,0,|r_aux|,cross-domain,0.0000,0.0000,3.571,0,-2.64880,0,0.7749,0.8078,1.233,0,-0.1876,-0.03188,-0.2847,-0.2327,-0.6764
74.00,75.27,75.28,0,-2.88604,0,|r_aux|,cross-domain,0.0000,0.0000,3.412,0,-2.88604,0,0.574,0.6118,2.328,0,-0.0479,0.4465,-0.6428,-0.6028,-0.227
74.40,75.67,75.68,0,-3.23461,0,|r_aux|,cross-domain,0.0000,0.0000,4.886,0,-3.23461,0,0.7462,1.032,0.814,0,0.4321,0.5241,-0.07546,-1.298,-0.6368
74.80,76.07,76.08,0,-2.22610,0,e_rec,cross-domain,0.0000,0.0000,3.503,0,-2.22610,0,0.6888,0.7257,0.5329,0,0.5712,0.5672,-0.265,2.074,-0.5443
75.20,76.47,76.48,0,-2.72613,0,|r_bal|,cross-domain,0.0000,0.0000,3.352,0,-2.72613,0,1.177,0.8503,2.255,0,0.1737,-0.0795,-0.1369,-0.2559,-0.5804
75.60,76.87,76.88,0,-2.70870,0,|r_aux|,cross-domain,0.0000,0.0000,3.388,0,-2.70870,0,0.6601,1.14,1.266,0,-0.4392,-0.4676,0.232,-0.7086,-0.3535
76.00,77.27,77.28,0,-2.16287,0,e_rec,cross-domain,0.0000,0.0000,4.930,0,-2.16287,0,0.7606,0.7027,1.216,0,0.0187,0.1152,-0.3664,1.51,-0.7936
76.40,77.67,77.68,0,-2.97614,0,|r_bal|,cross-domain,0.0000,0.0000,3.677,0,-2.97614,0,0.6314,0.5963,1.909,0,0.9276,0.77,-0.5836,0.3386,-0.5566
76.80,78.07,78.08,0,-2.61739,0,e_rec,cross-domain,0.0000,0.0000,3.469,0,-2.61739,0,0.9041,1.009,1.097,0,0.7646,0.9026,-0.08952,0.8013,-0.862
77.20,78.47,78.48,0,-2.77760,0,e_rec,cross-domain,0.0000,0.0000,3.415,0,-2.77760,0,0.6745,0.6292,0.8887,0,1.399,-0.1506,-0.6189,1.6,-0.7079
77.60,78.87,78.88,0,-3.03057,0,|r_bal|,cross-domain,0.0000,0.0000,3.382,0,-3.03057,0,0.7749,0.5553,2.361,0,0.3472,-0.7719,-0.4871,-0.4622,-0.7203
78.00,79.27,79.28,0,-2.91909,0,|r_aux|,cross-domain,0.0000,0.0000,3.414,0,-2.91909,0,0.2727,1.007,1.101,0,0.2265,-0.8794,0.1597,-0.08422,-0.4937
78.40,79.67,79.68,0,-2.69974,0,e_rec,cross-domain,0.0000,0.0000,3.333,0,-2.69974,0,0.6745,0.6163,0.7751,0,0.7022,-0.6611,-0.3391,1.057,-0.575
78.80,80.07,80.08,0,-3.22101,0,|r_aux|,cross-domain,0.0000,0.0000,3.907,0,-3.22101,0,0.5453,0.6953,2.204,0,0.3044,-0.4084,-0.3606,-1.052,-0.9114
79.20,80.47,80.48,0,-2.98701,0,|r_aux|,cross-domain,0.0000,0.0000,4.953,0,-2.98701,0,0.7175,1.034,1.147,0,0.3918,-0.3068,0.07561,-0.4167,0.2425
79.60,80.87,80.88,0,-2.96789,0,|r_bal|,cross-domain,0.0000,0.0000,4.106,0,-2.96789,0,0.8754,0.6544,1.101,0,0.09374,0.7149,-0.2743,-0.8569,-0.7452
80.00,81.27,81.28,0,-2.75978,0,|r_bal|,cross-domain,0.0000,0.0000,3.540,0,-2.75978,0,1.55,0.78,2.283,0,0.4433,1.42,-0.2356,-0.4167,-0.8091
80.40,81.67,81.68,0,-2.11804,0,|r_bal|,cross-domain,0.0000,0.0000,3.386,0,-2.11804,0,1.88,1.118,0.904,0,0.4376,1.314,0.09139,1.127,-0.7746
80.80,82.07,82.08,0,-2.86449,0,|r_bal|,cross-domain,0.0000,0.0000,3.834,0,-2.86449,0,2.038,0.6956,0.9503,0,0.6547,0.1585,-0.6039,-0.6107,-0.7285
81.20,82.47,82.48,0,-2.74222,0,|r_bal|,cross-domain,0.0000,0.0000,3.483,0,-2.74222,0,1.249,0.5234,2.092,0,-0.3718,-0.5748,-0.5626,-0.8548,-0.3944
81.60,82.87,82.88,0,-2.87764,0,|r_aux|,cross-domain,0.0000,0.0000,3.364,0,-2.87764,0,0.531,0.9873,1.258,0,-0.0679,-0.6076,0.09268,-0.5689,-0.7209
82.00,83.27,83.28,0,-2.81781,0,|r_aux|,cross-domain,0.0000,0.0000,3.700,0,-2.81781,0,0.1435,0.5398,0.9288,0,-0.1757,-0.6716,-0.1586,-0.0111,-0.7213
82.40,83.67,83.68,0,-3.40150,0,|r_aux|,cross-domain,0.0000,0.0000,5.017,0,-3.40150,0,0.3444,0.3957,1.84,0,0.4457,-0.7546,0.03788,-0.9104,-0.6088
82.80,84.07,84.08,0,-3.38831,0,|r_aux|,cross-domain,0.0000,0.0000,4.047,0,-3.38831,0,0.6458,0.8323,0.6486,0,0.9193,-0.8104,0.3567,-0.6013,0.1833
83.20,84.47,84.48,0,-3.24974,0,|r_bal|,cross-domain,0.0000,0.0000,3.500,0,-3.24974,0,1.263,0.4989,0.5857,0,0.8439,-0.2787,-0.1568,-0.7033,-0.7419
83.60,84.87,84.88,0,-2.73186,0,|r_bal|,cross-domain,0.0000,0.0000,3.498,0,-2.73186,0,1.177,0.9009,2.208,0,0.3299,0.246,-0.3332,-0.1602,-0.2594
84.00,85.27,85.28,0,-2.52751,0,|r_aux|,cross-domain,0.0000,0.0000,3.773,0,-2.52751,0,0.7606,1.178,1.435,0,0.195,0.02528,0.08599,0.4487,-0.6781
84.40,85.67,85.68,0,-2.18791,0,e_rec,cross-domain,0.0000,0.0000,3.389,0,-2.18791,0,0.4879,0.7242,1.127,0,0.3375,-0.1147,-0.4323,2.037,-0.7443
84.80,86.07,86.08,0,-3.43874,0,|r_aux|,cross-domain,0.0000,0.0000,3.746,0,-3.43874,0,0.4449,0.4696,2.712,0,0.5014,-0.5049,-0.2019,-1.169,-0.7538
85.20,86.47,86.48,0,-3.49154,0,|r_aux|,cross-domain,0.0000,0.0000,5.157,0,-3.49154,0,0.6745,0.9598,1.496,0,0.7939,-0.4775,0.4056,-1.263,-0.4354
85.60,86.87,86.88,0,-3.19158,0,|r_aux|,cross-domain,0.0000,0.0000,3.774,0,-3.19158,0,0.6458,0.6224,1.202,0,0.2258,-0.6563,0.0669,-0.9392,-0.7784
86.00,87.27,87.28,0,-3.32378,0,|r_aux|,cross-domain,0.0000,0.0000,3.798,0,-3.32378,0,0.2296,0.8048,2.263,0,0.4942,-0.7806,-0.1034,-0.8307,-0.2453
86.40,87.67,87.68,0,-3.12578,0,|r_aux|,cross-domain,0.0000,0.0000,3.419,0,-3.12578,0,-0.0287,1.108,0.5943,0,-0.02215,-0.7929,0.1623,-0.8695,-0.173
86.80,88.07,88.08,0,-2.79976,0,|r_qp|,cross-domain,0.0000,0.0000,3.844,0,-2.79976,0,-0.3301,0.647,0.3003,0,-0.5445,0.1623,-0.6157,-0.3936,-0.8231
87.20,88.47,88.48,0,-2.70161,0,|r_qp|,cross-domain,0.0000,0.0000,3.422,0,-2.70161,0,0.244,0.4978,1.571,0,-0.6662,1.427,-0.5581,-0.6239,0.2816
87.60,88.87,88.88,0,-1.96223,0,e_rec,cross-domain,0.0000,0.0000,3.478,0,-1.96223,0,0.5023,0.9629,0.8295,0,-0.04637,1.681,0.1207,1.948,-0.5201
88.00,89.27,89.28,0,-3.13300,0,|r_bal|,cross-domain,0.0000,0.0000,3.638,0,-3.13300,0,0.6171,0.529,0.784,0,1.029,0.4437,-0.2987,0.1599,-0.8661
88.40,89.67,89.68,0,-3.67620,0,|r_bal|,cross-domain,0.0000,0.0000,4.805,0,-3.67620,0,0.9041,0.3198,2.186,0,1.845,-0.6302,-0.3478,-0.2912,-0.3703
88.80,90.07,90.08,0,-3.71864,0,|r_aux|,cross-domain,0.0000,0.0000,3.731,0,-3.71864,0,0.5884,0.8736,1.06,0,1.593,-1.009,0.2715,-0.7311,-0.474
89.20,90.47,90.48,0,-3.77779,0,|r_bal|,cross-domain,0.0000,0.0000,3.849,0,-3.77779,0,0.9185,0.4092,0.6415,0,1.419,-0.9436,-0.2502,-1.168,-0.8387
89.60,90.87,90.88,0,-3.22605,0,|r_bal|,cross-domain,0.0000,0.0000,3.584,0,-3.22605,0,0.6745,0.3959,2.002,0,-0.03441,-1.07,0.0205,-1.215,-0.721
90.00,91.27,91.28,0,-2.52325,0,|r_aux|,cross-domain,0.0000,0.0000,3.870,0,-2.52325,0,0.8754,0.8626,0.8532,0,-0.03995,-1.12,0.4503,0.5295,-0.5052
90.40,91.67,91.68,0,-2.56824,0,|r_qp|,cross-domain,0.0000,0.0000,3.462,0,-2.56824,0,0.6314,0.4055,1.033,0,-0.3771,-0.8709,-0.04011,0.2737,-0.7979
90.80,92.07,92.08,0,-3.02415,0,|r_aux|,cross-domain,0.0000,0.0000,3.480,0,-3.02415,0,0.574,0.7327,2.457,0,-0.2315,-0.8108,-0.1619,-1.112,-0.6298
91.20,92.47,92.48,0,-3.03288,0,|r_aux|,cross-domain,0.0000,0.0000,3.676,0,-3.03288,0,0.3588,1.067,1.049,0,-0.1598,-0.5595,0.3663,-1.046,-0.9125
91.60,92.87,92.88,0,-2.90099,0,|r_bal|,cross-domain,0.0000,0.0000,4.677,0,-2.90099,0,0.7175,0.6078,0.705,0,-0.2557,-0.2082,-0.05679,-0.8169,-0.7289
92.00,93.27,93.28,0,-2.60122,0,|r_bal|,cross-domain,0.0000,0.0000,4.054,0,-2.60122,0,0.9185,0.4221,2.018,0,-0.1482,0.4211,0.2718,0.194,-0.442
92.40,93.67,93.68,0,-3.22681,0,|r_aux|,cross-domain,0.0000,0.0000,3.438,0,-3.22681,0,0.7032,0.9237,0.7865,0,0.6268,0.6619,0.5283,-0.8108,-0.6893
92.80,94.07,94.08,0,-2.53782,0,e_rec,cross-domain,0.0000,0.0000,3.412,0,-2.53782,0,0.6745,0.5112,0.7689,0,0.7984,0.297,-0.1276,1.655,-0.6893
93.20,94.47,94.48,0,-3.68554,0,|r_bal|,cross-domain,0.0000,0.0000,3.716,0,-3.68554,0,1.205,0.6967,1.872,0,1.547,-0.09578,-0.4263,-1.261,-0.6619
93.60,94.87,94.88,0,-2.70293,0,|r_bal|,cross-domain,0.0000,0.0000,3.531,0,-2.70293,0,1.234,1.038,0.7134,0,0.6552,-0.4171,0.03212,0.3947,-0.3334
94.00,95.27,95.28,0,-2.95647,0,|r_bal|,cross-domain,0.0000,0.0000,3.681,0,-2.95647,0,1.062,0.5732,0.2413,0,0.2356,0.598,-0.4474,-0.7142,-0.7679
94.40,95.67,95.68,0,-2.56275,0,|r_qp|,cross-domain,0.0000,0.0000,3.392,0,-2.56275,0,-0.1005,0.4543,1.645,0,-1.117,1.247,-0.1515,-0.5262,-0.9332
94.80,96.07,96.08,0,-2.62800,0,|r_qp|,cross-domain,0.0000,0.0000,3.901,0,-2.62800,0,-0.01435,0.9484,0.5006,0,-0.6492,1.239,0.3485,-0.3614,-0.7146
95.20,96.47,96.48,0,-3.04469,0,|r_bal|,cross-domain,0.0000,0.0000,3.765,0,-3.04469,0,0.8898,0.5138,0.7093,0,0.2481,0.4516,0.09691,-0.6701,-0.6172
95.60,96.87,96.88,0,-3.13832,0,|r_bal|,cross-domain,0.0000,0.0000,3.403,0,-3.13832,0,1.622,0.4758,1.989,0,0.8997,-0.1562,0.1316,-0.5075,-0.8498
96.00,97.27,97.28,0,-2.52129,0,e_rec,cross-domain,0.0000,0.0000,4.180,0,-2.52129,0,1.823,0.9661,0.7577,0,1.209,-0.2354,0.5124,1.385,-0.4659
96.40,97.67,97.68,0,-2.88494,0,|r_bal|,cross-domain,0.0000,0.0000,3.663,0,-2.88494,0,1.421,0.4878,0.7003,0,0.5775,-0.438,0.09479,0.005557,-0.6302
96.80,98.07,98.08,0,-3.00735,0,|r_bal|,cross-domain,0.0000,0.0000,3.691,0,-3.00735,0,1.349,0.424,2.15,0,0.683,-0.5942,-0.0005114,-0.1598,-0.739
97.20,98.47,98.48,0,-3.03266,0,|r_bal|,cross-domain,0.0000,0.0000,3.847,0,-3.03266,0,1.449,0.8759,1.064,0,0.3344,-0.6337,0.6528,-0.8948,-0.5679
97.60,98.87,98.88,0,-2.68455,0,|r_bal|,cross-domain,0.0000,0.0000,5.250,0,-2.68455,0,1.005,0.4426,0.6424,0,-0.3662,-0.9134,-0.1642,-0.3162,-0.4412
98.00,99.27,99.28,0,-2.15556,0,e_rec,cross-domain,0.0000,0.0000,4.566,0,-2.15556,0,0.574,0.7388,1.715,0,-0.6723,-1.047,-0.3276,0.892,-0.3921
98.40,99.67,99.68,0,-2.76190,0,|r_aux|,cross-domain,0.0000,0.0000,3.844,0,-2.76190,0,0.5453,1.072,0.5183,0,-0.3071,-1.056,0.1218,-0.5361,-0.7251
98.80,100.07,100.08,0,-2.96633,0,|r_bal|,cross-domain,0.0000,0.0000,3.977,0,-2.96633,0,0.8611,0.614,0.6816,0,-0.3102,-0.8459,-0.243,-1.129,-0.5358
99.20,100.47,100.48,0,-3.01421,0,|r_bal|,cross-domain,0.0000,0.0000,3.817,0,-3.01421,0,0.7462,0.4249,1.993,0,-0.2841,-0.6704,0.1163,-0.9766,-0.2172
99.60,100.87,100.88,0,-3.01671,0,|r_aux|,cross-domain,0.0000,0.0000,3.763,0,-3.01671,0,0.4449,0.9199,0.964,0,-0.08446,-0.7826,0.5664,-0.7847,-0.8904
100.00,101.27,101.28,0,-3.02114,0,|r_qp|,cross-domain,0.0000,0.0000,3.624,0,-3.02114,0,0.5453,0.4814,0.6378,0,-0.3935,-0.9495,0.243,-0.9759,-0.3908
100.40,101.67,101.68,0,-2.76800,0,e_rec,cross-domain,0.0000,0.0000,3.687,0,-2.76800,0,0.07175,0.4924,1.853,0,0.004745,-0.9947,0.2125,0.5654,-0.5328
100.80,102.07,102.08,0,-3.01816,0,|r_aux|,cross-domain,0.0000,0.0000,5.411,0,-3.01816,0,0.531,0.9312,0.9422,0,-0.1987,-1.142,0.7242,-0.9129,-0.6935
101.20,102.47,102.48,0,-2.60321,0,|r_bal|,cross-domain,0.0000,0.0000,4.516,0,-2.60321,0,1.033,0.4825,1.097,0,-0.1312,-0.6527,0.05626,0.2732,0.7315
101.60,102.87,102.88,0,-2.90602,0,|r_bal|,cross-domain,0.0000,0.0000,4.053,0,-2.90602,0,0.9041,0.4922,2.389,0,0.1305,-0.1819,0.08683,-0.3785,-0.8269
102.00,103.27,103.28,0,-2.65542,0,|r_bal|,cross-domain,0.0000,0.0000,3.807,0,-2.65542,0,1.062,0.9703,1.083,0,-0.1137,0.07064,0.5008,-0.3012,-0.6732
102.40,103.67,103.68,0,-2.55725,0,|r_bal|,cross-domain,0.0000,0.0000,3.709,0,-2.55725,0,1.105,0.5232,0.9927,0,-0.2238,0.07977,-0.1111,0.02428,-0.2446
102.80,104.07,104.08,0,-2.30774,0,|r_bal|,cross-domain,0.0000,0.0000,3.843,0,-2.30774,0,1.449,0.5886,2.383,0,-0.2551,0.2196,0.006236,0.4484,-0.00798
103.20,104.47,104.48,0,-2.78429,0,|r_bal|,cross-domain,0.0000,0.0000,3.675,0,-2.78429,0,1.292,1.024,1.096,0,0.142,0.3745,0.4851,-0.5847,-0.8169
103.60,104.87,104.88,0,-2.63824,0,|r_bal|,cross-domain,0.0000,0.0000,3.081,0,-2.63824,0,1.55,0.5683,0.7874,0,-0.023,0.5374,-0.1079,-0.3407,-0.4495
104.00,105.27,105.28,0,-2.54539,0,|r_bal|,cross-domain,0.0000,0.0000,5.380,0,-2.54539,0,1.478,0.5943,2.277,0,-0.4852,0.6458,-0.2098,-0.6498,0.3007
104.40,105.67,105.68,0,-2.34306,0,|r_bal|,cross-domain,0.0000,0.0000,4.422,0,-2.34306,0,1.277,0.9621,0.9827,0,-0.4386,0.8798,0.1684,-0.1076,-0.7024
104.80,106.07,106.08,0,-2.75992,0,|r_bal|,cross-domain,0.0000,0.0000,4.135,0,-2.75992,0,0.6888,0.5157,1.212,0,0.2075,0.7048,-0.1791,0.2149,0.3008
105.20,106.47,106.48,0,-3.06660,0,|r_bal|,cross-domain,0.0000,0.0000,3.943,0,-3.06660,0,0.818,0.5265,2.36,0,0.7915,0.357,-0.1924,-0.01354,0.08764
105.60,106.87,106.88,0,-2.90170,0,|r_aux|,cross-domain,0.0000,0.0000,3.815,0,-2.90170,0,0.6888,0.9972,1.155,0,0.8631,-0.07323,0.2712,0.439,-0.7714
106.00,107.27,107.28,0,-3.31258,0,|r_bal|,cross-domain,0.0000,0.0000,3.792,0,-3.31258,0,0.9328,0.5698,0.8049,0,0.6201,-0.5711,-0.1426,-0.9537,-0.3861
106.40,107.67,107.68,0,-2.85351,0,|r_bal|,cross-domain,0.0000,0.0000,3.762,0,-2.85351,0,0.5453,0.4009,1.885,0,0.1048,-0.3441,-0.05153,0.06726,-0.4412
106.80,108.07,108.08,0,-3.10771,0,|r_aux|,cross-domain,0.0000,0.0000,4.644,0,-3.10771,0,0.5023,0.9387,0.8474,0,0.001485,-0.1232,0.3955,-1.084,-0.593
107.20,108.47,108.48,0,-2.59359,0,|r_bal|,cross-domain,0.0000,0.0000,3.720,0,-2.59359,0,0.8324,0.4498,0.6412,0,-0.177,0.4721,-0.2626,0.09186,-0.8769
107.60,108.87,108.88,0,-2.92238,0,|r_bal|,cross-domain,0.0000,0.0000,3.704,0,-2.92238,0,0.9185,0.3297,2.003,0,0.1239,0.4474,-0.07643,-0.4194,-0.5782
108.00,109.27,109.28,0,-3.01058,0,|r_aux|,cross-domain,0.0000,0.0000,3.578,0,-3.01058,0,0.3875,0.8767,1.044,0,0.2971,0.0447,0.6623,-0.248,-0.4225
108.40,109.67,109.68,0,-2.25812,0,e_rec,cross-domain,0.0000,0.0000,3.657,0,-2.25812,0,0.5453,0.4672,1.01,0,1.111,0.4775,0.7789,3.209,-0.0874
108.80,110.07,110.08,0,-2.98463,0,|r_bal|,cross-domain,0.0000,0.0000,3.660,0,-2.98463,0,1.32,0.4423,2.325,0,0.2251,0.7951,1.911,-0.464,-0.8716
109.20,110.47,110.48,0,-2.93037,0,|r_bal|,cross-domain,0.0000,0.0000,3.549,0,-2.93037,0,1.622,1.02,1.096,0,0.8376,1.095,2.727,0.05953,-0.8642
109.60,110.87,110.88,0,-2.83180,0,|r_bal|,cross-domain,0.0000,0.0000,3.609,0,-2.83180,0,1.378,0.4036,1.096,0,0.06281,1.164,1.831,-0.2363,-0.2809
110.00,111.27,111.28,0,-2.89584,0,|r_bal|,cross-domain,0.0000,0.0000,3.597,0,-2.89584,0,1.349,0.585,2.099,0,-0.1796,1.207,0.7965,-1.052,0.2076
110.40,111.67,111.68,0,-2.50248,0,|r_bal|,cross-domain,0.0000,0.0000,3.714,0,-2.50248,0,1.191,0.9902,0.7423,0,-0.2484,0.9805,0.4625,-0.2225,-0.4765
110.80,112.07,112.08,0,-2.50650,0,|r_bal|,cross-domain,0.0000,0.0000,3.576,0,-2.50650,0,1.449,0.474,0.4764,0,0.144,0.6106,-0.09019,0.3654,-0.9131
111.20,112.47,112.48,0,-3.37607,0,|r_bal|,cross-domain,0.0000,0.0000,3.553,0,-3.37607,0,1.249,0.3527,1.686,0,1.139,-0.2117,-0.2161,-0.5385,0.4274
111.60,112.87,112.88,0,-2.44595,0,e_rec,cross-domain,0.0000,0.0000,3.598,0,-2.44595,0,1.536,0.878,0.9966,0,1.172,0.09631,0.5311,1.804,0.02606
112.00,113.27,113.28,0,-3.18851,0,|r_bal|,cross-domain,0.0000,0.0000,3.520,0,-3.18851,0,1.177,0.3813,0.5681,0,0.8769,0.8761,0.05099,-0.45,-0.935
112.40,113.67,113.68,0,-2.66345,0,e_rec,cross-domain,0.0000,0.0000,3.593,0,-2.66345,0,0.8611,0.4324,1.796,0,0.3581,1.288,0.1507,0.5751,-0.4885
112.80,114.07,114.08,0,-2.31426,0,e_rec,cross-domain,0.0000,0.0000,3.628,0,-2.31426,0,0.7175,0.9452,0.9275,0,0.1556,2.054,0.3819,1.023,-0.9468
113.20,114.47,114.48,0,-2.37432,0,|r_bal|,cross-domain,0.0000,0.0000,3.505,0,-2.37432,0,1.191,0.4297,0.7413,0,-0.05759,2.539,-0.08919,0.4586,-0.8916
113.60,114.87,114.88,0,-2.57032,0,|r_bal|,cross-domain,0.0000,0.0000,3.573,0,-2.57032,0,1.277,0.5035,1.825,0,-0.4626,3.227,0.1865,-0.7929,-0.7902
114.00,115.27,115.28,0,-2.13295,0,|r_bal|,cross-domain,0.0000,0.0000,4.311,0,-2.13295,0,1.435,1.005,0.7342,0,-0.6816,3.341,0.8793,-0.06968,-0.5399
114.40,115.67,115.68,0,-3.02196,0,|r_bal|,cross-domain,0.0000,0.0000,3.723,0,-3.02196,0,1.435,0.5963,0.5195,0,0.321,1.33,0.7998,-0.8971,-0.8889
114.80,116.07,116.08,0,-3.02511,0,|r_bal|,cross-domain,0.0000,0.0000,3.584,0,-3.02511,0,1.507,0.4815,2.142,0,1.034,-0.2955,1.613,0.4004,-0.8119
115.20,116.47,116.48,0,-3.16736,0,|r_bal|,cross-domain,0.0000,0.0000,3.560,0,-3.16736,0,1.205,1.061,1.059,0,0.939,-0.788,2.311,-0.06295,-0.01104
115.60,116.87,116.88,0,-2.99823,0,|r_bal|,cross-domain,0.0000,0.0000,3.592,0,-2.99823,0,0.8467,0.4509,0.8265,0,0.1894,-0.3788,1.435,-0.1628,-0.6455
116.00,117.27,117.28,0,-3.05948,0,|r_aux|,cross-domain,0.0000,0.0000,3.551,0,-3.05948,0,0.531,0.6458,1.923,0,0.5556,0.3238,0.5854,-0.07829,-0.763
116.40,117.67,117.68,0,-2.96613,0,|r_aux|,cross-domain,0.0000,0.0000,3.537,0,-2.96613,0,0.5023,1.019,0.7759,0,0.7902,0.1282,0.446,0.2884,-0.6512
116.80,118.07,118.08,0,-2.90886,0,e_rec,cross-domain,0.0000,0.0000,3.562,0,-2.90886,0,0.6601,0.5943,0.7649,0,1.642,-0.05081,0.3534,1.757,-0.7225
117.20,118.47,118.48,0,-3.41256,0,|r_bal|,cross-domain,0.0000,0.0000,4.144,0,-3.41256,0,1.105,0.3619,2.001,0,1.929,-0.2079,1.109,0.7172,-0.007922
117.60,118.87,118.88,0,-3.58077,0,|r_aux|,cross-domain,0.0000,0.0000,3.725,0,-3.58077,0,0.9759,0.9975,1.061,0,1.438,-0.2134,2.083,-0.5953,-0.6499
118.00,119.27,119.28,0,-2.84408,0,e_rec,cross-domain,0.0000,0.0000,3.593,0,-2.84408,0,1.019,0.4233,0.8349,0,1.222,-0.2057,1.235,1.48,-0.7297
118.40,119.67,119.68,0,-3.57165,0,|r_bal|,cross-domain,0.0000,0.0000,3.521,0,-3.57165,0,0.8611,0.4774,2.119,0,0.9728,-0.3059,0.769,-1.002,-0.2822
118.80,120.07,120.08,0,-2.97900,0,|r_aux|,cross-domain,0.0000,0.0000,3.704,0,-2.97900,0,0.6601,0.9174,1.189,0,0.7134,-0.2105,0.7895,0.2452,-0.3034
119.20,120.47,120.48,0,-3.52319,0,|r_bal|,cross-domain,0.0000,0.0000,3.547,0,-3.52319,0,0.7175,0.3682,1.018,0,1.073,1.051,0.2978,-0.8365,-0.7986
119.60,120.87,120.88,0,-3.04492,0,e_rec,cross-domain,0.0000,0.0000,3.544,0,-3.04492,0,0.3731,0.486,2.15,0,1.051,1.93,0.06944,0.5385,-0.5255
120.00,121.27,121.28,0,-3.38970,0,|r_aux|,cross-domain,0.0000,0.0000,3.459,0,-3.38970,0,0.5023,0.9824,0.7918,0,1.744,2.152,0.3434,0.03821,-0.7869
120.40,121.67,121.68,0,-3.31418,0,|r_aux|,cross-domain,0.0000,0.0000,3.530,0,-3.31418,0,0.3875,0.4576,0.6913,0,1.116,1.91,-0.2345,-0.2125,-0.7419
120.80,122.07,122.08,0,-3.22398,0,|r_bal|,cross-domain,0.0000,0.0000,3.538,0,-3.22398,0,0.7175,0.5718,2.257,0,0.9631,1.674,-0.1025,-0.4136,-0.7584
121.20,122.47,122.48,0,-3.10651,0,|r_aux|,cross-domain,0.0000,0.0000,3.444,0,-3.10651,0,0.5166,1.01,1.355,0,0.7319,1.32,0.2782,-0.3981,-0.7323
121.60,122.87,122.88,0,-2.84590,0,|r_bal|,cross-domain,0.0000,0.0000,3.601,0,-2.84590,0,0.6458,0.5059,0.9609,0,0.4773,0.4691,-0.1629,0.3205,-0.6354
122.00,123.27,123.28,0,-3.49784,0,|r_aux|,cross-domain,0.0000,0.0000,3.563,0,-3.49784,0,0.04305,0.3994,2.07,0,0.3479,0.139,-0.1105,-1.216,0.1563
122.40,123.67,123.68,0,-2.68174,0,e_rec,cross-domain,0.0000,0.0000,3.516,0,-2.68174,0,0.1435,0.8733,0.8509,0,0.3514,0.8746,0.3303,0.8152,-0.06806
122.80,124.07,124.08,0,-2.61181,0,e_rec,cross-domain,0.0000,0.0000,3.566,0,-2.61181,0,0.4305,0.4019,0.7145,0,0.5431,2.806,-0.03334,1.051,-0.7969
123.20,124.47,124.48,0,-3.19405,0,|r_pv|,cross-domain,0.0000,0.0000,3.563,0,-3.19405,0,0.2296,0.4615,1.693,0,0.5767,3.732,0.1417,-0.6177,-0.7313
123.60,124.87,124.88,0,-2.83188,0,|r_aux|,cross-domain,0.0000,0.0000,3.545,0,-2.83188,0,0,0.9733,0.8156,0,0.5895,3.323,0.4775,0.4102,-0.6177
124.00,125.27,125.28,0,-3.28740,0,|r_aux|,cross-domain,0.0000,0.0000,3.539,0,-3.28740,0,0.5023,0.5878,0.5763,0,0.6585,1.578,1.066,-0.5691,-0.5409
124.40,125.67,125.68,0,-2.68051,0,e_rec,cross-domain,0.0000,0.0000,3.542,0,-2.68051,0,0.818,0.4546,1.794,0,0.9538,0.4337,2.712,2.073,1.221
124.80,126.07,126.08,0,-3.17116,0,|r_aux|,cross-domain,0.0000,0.0000,3.517,0,-3.17116,0,0.818,1.096,0.8843,0,0.5812,0.05685,4.151,-0.01084,0.1843
125.20,126.47,126.48,0,-2.94903,0,e_rec,cross-domain,0.0000,0.0000,3.592,0,-2.94903,0,0.818,0.674,0.624,0,0.4014,0.1392,4.936,0.7932,-0.7398
125.60,126.87,126.88,0,-3.07895,0,e_rec,cross-domain,0.0000,0.0000,3.524,0,-3.07895,0,0.9472,0.777,2.053,0,0.6356,-0.1911,6.038,0.8029,-0.7948
126.00,127.27,127.28,0,-2.42732,0,e_rec,cross-domain,0.0000,0.0000,3.525,0,-2.42732,0,1.019,1.353,1.269,0,-0.1247,0.04057,6.28,1.405,0.3636
126.40,127.67,127.68,0,-2.32955,0,e_rec,cross-domain,0.0000,0.0000,3.496,0,-2.32955,0,1.249,0.813,0.8614,0,0.04152,0.6246,5.6,1.882,-0.2435
126.80,128.07,128.08,0,-2.38921,0,|r_bal|,cross-domain,0.0000,0.0000,3.645,0,-2.38921,0,1.349,0.7182,2.084,0,-0.5177,1.384,4.99,0.6994,-0.7455
127.20,128.47,128.48,0,-2.60169,0,|r_aux|,cross-domain,0.0000,0.0000,3.597,0,-2.60169,0,1.019,1.215,0.8961,0,-0.4572,1.5,4.927,0.01406,-0.8567
127.60,128.87,128.88,0,-2.96862,0,|r_bal|,cross-domain,0.0000,0.0000,3.584,0,-2.96862,0,0.9328,0.5283,1.046,0,-0.0622,0.653,3.245,-0.2715,-0.769
128.00,129.27,129.28,0,-2.95491,0,|r_aux|,cross-domain,0.0000,0.0000,4.507,0,-2.95491,0,0.531,0.5846,2.521,0,-0.08344,-0.1223,1.239,-0.3773,-0.6669
128.40,129.67,129.68,0,-3.13838,0,|r_aux|,cross-domain,0.0000,0.0000,3.538,0,-3.13838,0,0.8898,0.9963,1.232,0,0.9388,-0.2349,0.399,-0.2023,-0.1207
128.80,130.07,130.08,0,-2.94511,0,|r_bal|,cross-domain,0.0000,0.0000,3.651,0,-2.94511,0,1.076,0.6234,1.035,0,0.9738,0.6992,1.539,0.6214,-0.9159
129.20,130.47,130.48,0,-3.28743,0,e_rec,cross-domain,0.0000,0.0000,3.479,0,-3.28743,0,1.005,0.6037,2.052,0,1.456,1.427,3.77,0.7198,-0.1227
129.60,130.87,130.88,0,-3.67876,0,|r_aux|,cross-domain,0.0000,0.0000,3.563,0,-3.67876,0,0.4305,1.271,0.9712,0,0.8433,1.304,5.591,-0.933,-0.5922
130.00,131.27,131.28,0,-2.92347,0,e_rec,cross-domain,0.0000,0.0000,4.808,0,-2.92347,0,0.4449,0.7899,0.8196,0,0.574,0.3103,5.26,1.373,0.2499
130.40,131.67,131.68,0,-2.70584,0,|r_bal|,cross-domain,0.0000,0.0000,4.029,0,-2.70584,0,1.076,0.7115,2.176,0,-0.4237,-0.8234,5.132,0.3559,-0.8745
130.80,132.07,132.08,0,-2.85575,0,|r_bal|,cross-domain,0.0000,0.0000,3.870,0,-2.85575,0,1.349,1.246,1.441,0,-0.3093,-1.111,4.648,-0.5143,-0.5485
131.20,132.47,132.48,0,-2.66026,0,|r_bal|,cross-domain,0.0000,0.0000,3.743,0,-2.66026,0,1.708,0.5719,1.195,0,0.04419,-1.117,3.088,0.4117,-0.7944
131.60,132.87,132.88,0,-2.11993,0,e_rec,cross-domain,0.0000,0.0000,4.513,0,-2.11993,0,1.205,0.5217,2.489,0,-0.4262,-0.6952,1.795,1.412,-0.8016
132.00,133.27,133.28,0,-2.33733,0,|r_bal|,cross-domain,0.0000,0.0000,3.549,0,-2.33733,0,1.306,0.9992,1.214,0,-0.4406,-0.03307,1.407,0.2178,-0.8349
132.40,133.67,133.68,0,-2.24837,0,e_rec,cross-domain,0.0000,0.0000,3.735,0,-2.24837,0,1.521,0.4165,0.8363,0,0.01954,0.143,0.8548,1.236,-0.4437
132.80,134.07,134.08,0,-3.18751,0,|r_bal|,cross-domain,0.0000,0.0000,3.583,0,-3.18751,0,1.536,0.4474,1.971,0,0.5273,-0.09203,0.6885,-0.8566,0.5715
133.20,134.47,134.48,0,-2.85508,0,|r_bal|,cross-domain,0.0000,0.0000,3.565,0,-2.85508,0,1.22,0.9494,1.049,0,0.9036,-0.167,1.07,0.5365,-0.1321
133.60,134.87,134.88,0,-2.79691,0,|r_bal|,cross-domain,0.0000,0.0000,3.568,0,-2.79691,0,0.9041,0.5487,0.8742,0,0.463,1.07,1.733,0.5606,-0.8158
134.00,135.27,135.28,0,-2.62530,0,e_rec,cross-domain,0.0000,0.0000,3.568,0,-2.62530,0,0.5453,0.5352,2.151,0,0.6438,2.248,2.959,1.64,-0.8657
134.40,135.67,135.68,0,-2.73107,0,|r_aux|,cross-domain,0.0000,0.0000,3.572,0,-2.73107,0,0.6888,1.146,1.06,0,0.4873,2.858,3.948,0.7643,-0.8416
134.80,136.07,136.08,0,-3.09275,0,|r_bal|,cross-domain,0.0000,0.0000,3.580,0,-3.09275,0,0.8324,0.4796,1.047,0,0.6545,2.946,2.816,0.03436,-0.7818
135.20,136.47,136.48,0,-3.31885,0,|r_bal|,cross-domain,0.0000,0.0000,3.614,0,-3.31885,0,0.7032,0.6102,2.384,0,0.9073,3.352,1.522,-0.5428,0.7436
135.60,136.87,136.88,0,-3.21448,0,|r_aux|,cross-domain,0.0000,0.0000,3.651,0,-3.21448,0,0.4592,0.9941,1.224,0,0.8054,3.384,0.7665,-0.7153,-0.7452
136.00,137.27,137.28,0,-3.28341,0,|r_bal|,cross-domain,0.0000,0.0000,3.517,0,-3.28341,0,0.6027,0.4372,1.099,0,0.6795,1.841,0.24,-0.733,-0.9331
136.40,137.67,137.68,0,-3.02407,0,|r_aux|,cross-domain,0.0000,0.0000,3.618,0,-3.02407,0,0.287,0.4651,2.749,0,-0.1177,0.05208,0.2949,-0.592,-0.4653
136.80,138.07,138.08,0,-2.28331,0,e_rec,cross-domain,0.0000,0.0000,3.553,0,-2.28331,0,0.6888,0.9325,1.496,0,-0.07645,-0.6504,0.6075,1.251,-0.2146
137.20,138.47,138.48,0,-2.59688,0,|r_bal|,cross-domain,0.0000,0.0000,3.610,0,-2.59688,0,1.306,0.4885,1.377,0,-0.1943,0.3321,0.1136,-0.1771,-0.604
137.60,138.87,138.88,0,-3.09774,0,|r_bal|,cross-domain,0.0000,0.0000,3.471,0,-3.09774,0,1.435,0.4271,2.3,0,0.781,2.085,0.08854,-0.614,-0.04661
138.00,139.27,139.28,0,-2.78830,0,|r_bal|,cross-domain,0.0000,0.0000,3.743,0,-2.78830,0,1.033,0.9779,0.9413,0,0.5033,2.348,0.59,-0.1065,-0.4241
138.40,139.67,139.68,0,-1.93016,0,e_rec,cross-domain,0.0000,0.0000,3.561,0,-1.93016,0,0.7175,0.6032,0.8322,0,0.2955,1.548,1.751,2.958,-0.4262
138.80,140.07,140.08,0,-2.98039,0,|r_bal|,cross-domain,0.0000,0.0000,3.669,0,-2.98039,0,1.134,0.5761,2.433,0,0.3698,0.07471,3.861,0.341,0.281
139.20,140.47,140.48,0,-3.71296,0,|r_bal|,cross-domain,0.0000,0.0000,3.541,0,-3.71296,0,1.449,1.213,1.196,0,1.382,-0.6784,5.348,-0.7706,-0.4782
139.60,140.87,140.88,0,-3.14217,0,|r_bal|,cross-domain,0.0000,0.0000,3.473,0,-3.14217,0,1.794,0.7013,0.9119,0,0.8356,-0.6683,4.983,0.2241,-0.8466
140.00,141.27,141.28,0,-3.45815,0,|r_bal|,cross-domain,0.0000,0.0000,3.584,0,-3.45815,0,1.55,0.7386,1.926,0,1.108,-0.6274,5.43,-0.1351,-0.7063
140.40,141.67,141.68,0,-2.86997,0,|r_aux|,cross-domain,0.0000,0.0000,3.606,0,-2.86997,0,1.134,1.279,0.7479,0,-0.1387,-0.423,5.42,-0.103,-0.259
140.80,142.07,142.08,0,-3.07906,0,|r_bal|,cross-domain,0.0000,0.0000,3.598,0,-3.07906,0,0.8754,0.6507,0.611,0,0.03932,0.47,3.908,-0.3409,-0.7456
141.20,142.47,142.48,0,-2.99652,0,|r_qp|,cross-domain,0.0000,0.0000,3.607,0,-2.99652,0,0.5453,0.5848,1.901,0,-0.3924,0.996,1.95,-0.8982,-0.8059
141.60,142.87,142.88,0,-1.85542,0,e_rec,cross-domain,0.0000,0.0000,3.452,0,-1.85542,0,0.6601,0.9902,0.9292,0,0.6254,1.052,0.8714,3.236,-0.7256
142.00,143.27,143.28,0,-3.15757,0,|r_bal|,cross-domain,0.0000,0.0000,3.506,0,-3.15757,0,0.7749,0.389,0.8513,0,0.8148,0.3997,0.3726,-0.05139,-0.7979
142.40,143.67,143.68,0,-3.10260,0,|r_bal|,cross-domain,0.0000,0.0000,3.527,0,-3.10260,0,1.406,0.5812,2.089,0,0.8523,0.2383,0.1899,-0.4166,-0.6385
142.80,144.07,144.08,0,-2.45029,0,|r_bal|,cross-domain,0.0000,0.0000,3.596,0,-2.45029,0,1.492,1.032,0.7371,0,0.06583,0.2489,0.6014,0.215,-0.7229
143.20,144.47,144.48,0,-2.86400,0,|r_bal|,cross-domain,0.0000,0.0000,3.611,0,-2.86400,0,1.851,0.541,0.5767,0,0.5977,0.004781,0.2419,-0.2655,-0.906
143.60,144.87,144.88,0,-3.47292,0,|r_bal|,cross-domain,0.0000,0.0000,3.574,0,-3.47292,0,1.55,0.3372,1.911,0,1.081,-0.3783,0.5191,-1.011,-0.9143
144.00,145.27,145.28,0,-2.68586,0,|r_bal|,cross-domain,0.0000,0.0000,3.571,0,-2.68586,0,1.435,0.9064,0.8878,0,0.686,-0.107,1.372,0.6896,-0.2447
144.40,145.67,145.68,0,-2.82833,0,|r_bal|,cross-domain,0.0000,0.0000,3.635,0,-2.82833,0,1.005,0.5263,0.923,0,-0.0314,1.077,2.009,-0.1277,-0.1489
144.80,146.07,146.08,0,-2.68062,0,|r_qp|,cross-domain,0.0000,0.0000,3.594,0,-2.68062,0,0.7319,0.5293,1.818,0,-0.6868,2.208,3.496,-0.2452,-0.6427
145.20,146.47,146.48,0,-2.19543,0,e_rec,cross-domain,0.0000,0.0000,3.545,0,-2.19543,0,0.8611,1.106,0.6217,0,-0.6482,2.118,4.252,0.9605,-0.4263
145.60,146.87,146.88,0,-3.09341,0,|r_bal|,cross-domain,0.0000,0.0000,3.566,0,-3.09341,0,1.349,0.5449,0.4597,0,-0.2989,0.5886,4,-1.05,-0.6325
146.00,147.27,147.28,0,-2.63420,0,|r_bal|,cross-domain,0.0000,0.0000,3.536,0,-2.63420,0,1.55,0.5403,2.137,0,-0.08001,-0.6295,3.677,0.5092,-0.6722
146.40,147.67,147.68,0,-3.03493,0,|r_bal|,cross-domain,0.0000,0.0000,3.550,0,-3.03493,0,1.392,1.117,1.103,0,0.3879,-1.013,4.142,-0.1975,-0.7683
146.80,148.07,148.08,0,-3.47179,0,|r_bal|,cross-domain,0.0000,0.0000,3.586,0,-3.47179,0,1.162,0.469,0.9309,0,0.4885,-1.063,2.693,-1.061,-0.8643
147.20,148.47,148.48,0,-3.20625,0,|r_bal|,cross-domain,0.0000,0.0000,3.498,0,-3.20625,0,0.8036,0.6398,1.999,0,0.08733,-1.12,1.367,-0.9292,-0.2522
147.60,148.87,148.88,0,-3.05925,0,|r_aux|,cross-domain,0.0000,0.0000,3.485,0,-3.05925,0,0.5166,0.971,0.9499,0,0.1276,-0.8186,0.45,-0.6975,-0.3493
148.00,149.27,149.28,0,-3.07602,0,|r_bal|,cross-domain,0.0000,0.0000,3.544,0,-3.07602,0,1.076,0.4565,0.8493,0,0.4098,0.3758,0.02512,-0.6503,-0.7243
148.40,149.67,149.68,0,-2.64209,0,|r_bal|,cross-domain,0.0000,0.0000,3.537,0,-2.64209,0,1.105,0.5423,2.159,0,0.1086,0.9534,0.1632,0.08757,-0.8455
148.80,150.07,150.08,0,-2.77957,0,|r_aux|,cross-domain,0.0000,0.0000,3.455,0,-2.77957,0,0.7606,1.032,1.15,0,0.2479,0.7993,0.6605,-0.1084,-0.8985
149.20,150.47,150.48,0,-1.96159,0,e_rec,cross-domain,0.0000,0.0000,3.491,0,-1.96159,0,0.4592,0.5734,0.9018,0,0.2174,-0.1212,0.3652,2.876,-0.2325
149.60,150.87,150.88,0,-3.25141,0,|r_aux|,cross-domain,0.0000,0.0000,3.444,0,-3.25141,0,0.2153,0.3711,2.497,0,0.6551,-0.4706,0.4759,-0.0589,-0.8091
150.00,151.27,151.28,0,-2.97332,0,|r_aux|,cross-domain,0.0000,0.0000,3.496,0,-2.97332,0,0.2583,0.9473,0.9682,0,0.5247,-0.1409,1.251,0.3154,-0.8226
150.40,151.67,151.68,0,-2.69237,0,|r_bal|,cross-domain,0.0000,0.0000,3.488,0,-2.69237,0,1.579,0.3723,0.7777,0,0.0516,0.1886,0.5906,-0.1171,-0.7041
150.80,152.07,152.08,0,-2.55909,0,|r_bal|,cross-domain,0.0000,0.0000,3.512,0,-2.55909,0,2.081,0.4209,1.95,0,-0.4741,0.2732,0.5769,-0.7921,-0.4647
151.20,152.47,152.48,0,-1.43213,0,e_rec,cross-domain,0.0000,0.0000,3.567,0,-1.43213,0,2.181,0.8895,0.6469,0,-0.4683,0.5882,0.8683,2.214,-0.2454
151.60,152.87,152.88,0,-2.77104,0,|r_bal|,cross-domain,0.0000,0.0000,3.432,0,-2.77104,0,1.148,0.3905,0.5188,0,0.104,1.894,0.5541,-0.2182,-0.7254
152.00,153.27,153.28,0,-3.33816,0,|r_pv|,cross-domain,0.0000,0.0000,3.514,0,-3.33816,0,0.3588,0.455,1.96,0,1.078,2.631,0.4968,-0.272,-0.8263
152.40,153.67,153.68,0,-2.85312,0,e_rec,cross-domain,0.0000,0.0000,3.569,0,-2.85312,0,0.1292,0.9812,1.309,0,1.154,2.497,0.7012,1.158,-0.2601
152.80,154.07,154.08,0,-2.59176,0,e_rec,cross-domain,0.0000,0.0000,3.554,0,-2.59176,0,0.0287,0.5658,1.174,0,0.5037,1.15,0.7822,1.587,-0.5729
153.20,154.47,154.48,0,-3.29572,0,|r_bal|,cross-domain,0.0000,0.0000,3.533,0,-3.29572,0,1.091,0.4568,2.32,0,0.2977,0.3864,2.148,-1.021,-0.4984
153.60,154.87,154.88,0,-3.09137,0,|r_bal|,cross-domain,0.0000,0.0000,3.508,0,-3.09137,0,1.234,1.059,0.9376,0,0.1775,0.3249,3.435,-0.7999,-0.7488
154.00,155.27,155.28,0,-3.06987,0,|r_bal|,cross-domain,0.0000,0.0000,3.589,0,-3.06987,0,1.736,0.4329,0.7494,0,0.696,-0.3056,2.237,-0.1281,-0.6894
154.40,155.67,155.68,0,-3.12227,0,|r_bal|,cross-domain,0.0000,0.0000,3.614,0,-3.12227,0,1.679,0.5304,1.941,0,0.2529,-0.641,1.072,-1.132,-0.943
154.80,156.07,156.08,0,-1.89549,0,e_rec,cross-domain,0.0000,0.0000,3.490,0,-1.89549,0,1.679,0.9539,1.122,0,0.3461,-0.4284,0.5904,2.283,0.1644
155.20,156.47,156.48,0,-2.96352,0,|r_bal|,cross-domain,0.0000,0.0000,3.531,0,-2.96352,0,1.091,0.4338,0.9249,0,0.1265,1.413,0.02727,-0.8081,-0.7274
155.60,156.87,156.88,0,-3.27192,0,|r_bal|,cross-domain,0.0000,0.0000,3.540,0,-3.27192,0,0.5597,0.444,2.513,0,0.4222,2.397,0.2008,-1.103,-0.8274
156.00,157.27,157.28,0,-3.41090,0,|r_aux|,cross-domain,0.0000,0.0000,3.544,0,-3.41090,0,0.1722,0.967,1.474,0,0.8979,2.332,0.696,-0.8674,-0.8648
156.40,157.67,157.68,0,-3.40542,0,|r_aux|,cross-domain,0.0000,0.0000,3.616,0,-3.40542,0,0.3014,0.4268,1.148,0,1.232,1.56,0.2198,-0.1262,-0.792
156.80,158.07,158.08,0,-3.19268,0,|r_aux|,cross-domain,0.0000,0.0000,3.484,0,-3.19268,0,0.1866,0.588,2.026,0,0.7697,0.8736,0.2025,-0.0162,0.0492
157.20,158.47,158.48,0,-2.48305,0,e_rec,cross-domain,0.0000,0.0000,3.543,0,-2.48305,0,0.2727,1.021,0.862,0,0.385,0.6632,0.4963,1.271,-0.755
157.60,158.87,158.88,0,-3.18866,0,|r_bal|,cross-domain,0.0000,0.0000,3.497,0,-3.18866,0,0.8467,0.5191,0.7031,0,0.08797,0.2076,0.1622,-1.241,-0.6834
158.00,159.27,159.28,0,-2.64630,0,|r_bal|,cross-domain,0.0000,0.0000,3.595,0,-2.64630,0,0.9041,0.4426,2.147,0,0.145,0.2221,0.2943,0.4678,-0.4202
158.40,159.67,159.68,0,-1.40172,0,e_rec,cross-domain,0.0000,0.0000,3.564,0,-1.40172,0,0.9759,0.9219,1.272,0,0.2808,0.7587,0.8995,4.015,-0.4826
158.80,160.07,160.08,0,-3.30974,0,|r_bal|,cross-domain,0.0000,0.0000,3.573,0,-3.30974,0,0.7462,0.4374,0.9683,0,1.189,1.603,0.1389,-0.2154,-0.7364
159.20,160.47,160.48,0,-3.64289,0,|r_aux|,cross-domain,0.0000,0.0000,3.506,0,-3.64289,0,0.3444,0.61,2.183,0,1.319,1.771,0.1322,-0.8962,-0.329
159.60,160.87,160.88,0,-3.34305,0,|r_bal|,cross-domain,0.0000,0.0000,3.483,0,-3.34305,0,1.105,1.025,0.7637,0,1.16,1.473,0.2414,-0.9355,-0.5246
160.00,161.27,161.28,0,-3.02410,0,|r_bal|,cross-domain,0.0000,0.0000,3.494,0,-3.02410,0,0.9759,0.5615,0.6955,0,0.5631,0.9326,-0.1752,-0.4196,-0.8888
160.40,161.67,161.68,0,-2.51641,0,|r_bal|,cross-domain,0.0000,0.0000,3.478,0,-2.51641,0,1.335,0.517,2.142,0,-0.09298,-0.03606,0.002308,0.1661,-0.5493
160.80,162.07,162.08,0,-2.10757,0,|r_bal|,cross-domain,0.0000,0.0000,3.524,0,-2.10757,0,1.378,1.014,1.071,0,-0.3525,-0.1534,0.3732,0.7935,-0.2613
161.20,162.47,162.48,0,-2.39366,0,|r_qp|,cross-domain,0.0000,0.0000,3.525,0,-2.39366,0,0.6314,0.5254,0.8634,0,-0.5107,-0.8029,-0.06651,0.5103,-0.9539
161.60,162.87,162.88,0,-3.11511,0,|r_aux|,cross-domain,0.0000,0.0000,3.568,0,-3.11511,0,0.3588,0.5394,2.082,0,0.5612,-0.3634,-0.08334,-0.1136,-0.8279
162.00,163.27,163.28,0,-2.53182,0,e_rec,cross-domain,0.0000,0.0000,3.555,0,-2.53182,0,0.1148,0.9748,1.247,0,-0.1105,0.05918,0.2949,0.7057,0.2161
162.40,163.67,163.68,0,-2.39217,0,|r_qp|,cross-domain,0.0000,0.0000,3.521,0,-2.39217,0,0.7032,0.4996,0.6655,0,-0.5237,1.109,-0.1239,0.2307,-0.9515
162.80,164.07,164.08,0,-2.80475,0,|r_qp|,cross-domain,0.0000,0.0000,3.598,0,-2.80475,0,0.244,0.5309,1.697,0,-0.6672,1.518,-0.05183,-0.8929,-0.205
163.20,164.47,164.48,0,-2.89557,0,|r_aux|,cross-domain,0.0000,0.0000,3.504,0,-2.89557,0,0.244,0.9944,0.8687,0,-0.0522,1.537,0.4729,-0.5909,-0.7676
163.60,164.87,164.88,0,-3.51674,0,|r_aux|,cross-domain,0.0000,0.0000,3.532,0,-3.51674,0,0.01435,0.5246,0.7164,0,0.7687,0.8188,0.0337,-0.8844,-0.833
164.00,165.27,165.28,0,-3.35735,0,|r_aux|,cross-domain,0.0000,0.0000,3.521,0,-3.35735,0,0.1148,0.3959,2.145,0,0.9435,0.4931,-0.1006,-0.1807,-0.8934
164.40,165.67,165.68,0,-3.24053,0,|r_aux|,cross-domain,0.0000,0.0000,3.518,0,-3.24053,0,0.3731,0.9218,0.8707,0,0.9527,0.6656,0.4991,-0.1976,-0.4512
164.80,166.07,166.08,0,-2.66154,0,e_rec,cross-domain,0.0000,0.0000,3.520,0,-2.66154,0,0.5884,0.4668,0.5229,0,1.166,1.119,-0.1946,1.739,-0.8285
165.20,166.47,166.48,0,-3.41704,0,|r_aux|,cross-domain,0.0000,0.0000,4.204,0,-3.41704,0,0.287,0.8324,1.781,0,0.556,0.6667,-0.2713,-1.312,-0.6758
165.60,166.87,166.88,0,-2.29489,0,e_rec,cross-domain,0.0000,0.0000,3.456,0,-2.29489,0,0.4449,1.129,0.5904,0,0.1799,0.4962,0.03296,1.325,-0.3685
166.00,167.27,167.28,0,-2.51900,0,|r_qp|,cross-domain,0.0000,0.0000,3.483,0,-2.51900,0,0.6601,0.6418,0.589,0,-0.4801,0.8178,-0.3387,-0.158,-0.8619
166.40,167.67,167.68,0,-2.86608,0,|r_bal|,cross-domain,0.0000,0.0000,3.501,0,-2.86608,0,0.4018,0.3843,2.122,0,-0.05182,1.536,-0.1092,-0.3287,-0.7148
166.80,168.07,168.08,0,-2.34679,0,e_rec,cross-domain,0.0000,0.0000,3.540,0,-2.34679,0,0.6027,0.9452,1.247,0,0.1735,1.816,0.5405,1.088,-0.8693
167.20,168.47,168.48,0,-3.16569,0,|r_aux|,cross-domain,0.0000,0.0000,3.422,0,-3.16569,0,0.4305,0.5252,0.9728,0,1.232,1.661,-0.2092,0.33,-0.7835
167.60,168.87,168.88,0,-3.43296,0,|r_aux|,cross-domain,0.0000,0.0000,3.457,0,-3.43296,0,0.5453,0.7925,2.199,0,0.8469,1.236,-0.4371,-1.176,0.1119
168.00,169.27,169.28,0,-3.04483,0,|r_aux|,cross-domain,0.0000,0.0000,3.491,0,-3.04483,0,0.6458,1.128,1.097,0,0.5647,1.171,-0.08033,-0.6626,-0.8616
168.40,169.67,169.68,0,-2.95396,0,|r_aux|,cross-domain,0.0000,0.0000,3.516,0,-2.95396,0,0.5023,0.6356,0.84,0,-0.1241,0.08712,-0.5264,-0.813,-0.7144
168.80,170.07,170.08,0,-2.88032,0,|r_bal|,cross-domain,0.0000,0.0000,3.553,0,-2.88032,0,0.6745,0.3378,1.8,0,-0.1111,-0.6112,-0.4183,-0.3486,0.008202
169.20,170.47,170.48,0,-3.06255,0,|r_aux|,cross-domain,0.0000,0.0000,3.461,0,-3.06255,0,0.8754,0.8886,0.8149,0,0.04056,-0.9005,0.4399,-1.002,-0.5022
169.60,170.87,170.88,0,-3.45147,0,|r_bal|,cross-domain,0.0000,0.0000,3.533,0,-3.45147,0,0.8036,0.4896,0.7162,0,1.133,-0.7426,-0.1875,-0.5675,-0.7907
170.00,171.27,171.28,0,-3.18409,0,|r_aux|,cross-domain,0.0000,0.0000,3.569,0,-3.18409,0,0.5023,0.873,1.998,0,0.3335,-0.6575,-0.1133,-0.9103,-0.8651
170.40,171.67,171.68,0,-2.82921,0,|r_aux|,cross-domain,0.0000,0.0000,4.044,0,-2.82921,0,0.6314,1.155,1.033,0,0.3275,-0.5683,-0.0331,-0.1299,-0.9076
170.80,172.07,172.08,0,-2.80264,0,|r_bal|,cross-domain,0.0000,0.0000,3.676,0,-2.80264,0,1.005,0.7145,0.7239,0,0.163,-0.3292,-0.5758,-0.3338,-0.7037
171.20,172.47,172.48,0,-3.33442,0,|r_bal|,cross-domain,0.0000,0.0000,3.486,0,-3.33442,0,0.8898,0.6717,2.427,0,0.7725,0.1644,-0.5743,-1.088,-0.708
171.60,172.87,172.88,0,-2.07684,0,e_rec,cross-domain,0.0000,0.0000,3.537,0,-2.07684,0,0.8036,1.077,1.284,0,0.6872,0.3312,-0.1415,2.405,-0.333
172.00,173.27,173.28,0,-3.63547,0,|r_aux|,cross-domain,0.0000,0.0000,3.539,0,-3.63547,0,0.5166,0.6331,1.295,0,1.285,0.1028,-0.4631,-0.993,-0.8511
172.40,173.67,173.68,0,-3.55487,0,|r_bal|,cross-domain,0.0000,0.0000,3.541,0,-3.55487,0,0.7462,0.5235,2.584,0,1.015,-0.4152,-0.3381,-1.119,-0.8441
172.80,174.07,174.08,0,-3.46597,0,|r_bal|,cross-domain,0.0000,0.0000,3.572,0,-3.46597,0,1.134,0.9698,1.31,0,1.528,-0.8228,0.2722,-0.5038,-0.2081
173.20,174.47,174.48,0,-3.40640,0,|r_bal|,cross-domain,0.0000,0.0000,3.456,0,-3.40640,0,1.191,0.64,0.8302,0,1.319,-0.6957,0.03408,-0.4919,-0.526
173.60,174.87,174.88,0,-3.35223,0,|r_bal|,cross-domain,0.0000,0.0000,3.488,0,-3.35223,0,1.579,0.9335,1.73,0,0.9726,-0.2011,-0.0445,-1.351,-0.7851
174.00,175.27,175.28,0,-2.87267,0,|r_bal|,cross-domain,0.0000,0.0000,3.722,0,-2.87267,0,1.722,1.229,0.8725,0,0.9546,0.1357,0.3451,-0.1979,-0.7381
174.40,175.67,175.68,0,-2.38300,0,e_rec,cross-domain,0.0000,0.0000,3.498,0,-2.38300,0,1.205,0.7445,0.9105,0,0.5087,0.09819,-0.231,1.229,-0.5911
174.80,176.07,176.08,0,-2.58113,0,e_rec,cross-domain,0.0000,0.0000,3.589,0,-2.58113,0,0.9759,0.3542,2.102,0,0.2512,-0.192,-0.1218,0.7981,-0.09414
175.20,176.47,176.48,0,-2.99593,0,|r_aux|,cross-domain,0.0000,0.0000,3.631,0,-2.99593,0,0.3588,0.9328,1.036,0,0.3001,-0.5679,0.6637,-0.1359,-0.2671
175.60,176.87,176.88,0,-2.41721,0,e_rec,cross-domain,0.0000,0.0000,3.569,0,-2.41721,0,0.9041,0.4886,0.8009,0,-0.275,-0.4177,0.2247,0.6154,-0.8851
176.00,177.27,177.28,0,-2.73861,0,|r_bal|,cross-domain,0.0000,0.0000,3.679,0,-2.73861,0,1.349,0.4789,2.266,0,-0.5346,-0.2292,0.3168,-0.9816,-0.8072
176.40,177.67,177.68,0,-1.98112,0,|r_bal|,cross-domain,0.0000,0.0000,3.534,0,-1.98112,0,1.593,0.9185,1.532,0,-0.4687,-0.1208,0.488,0.9334,-0.5087
176.80,178.07,178.08,0,-2.54634,0,|r_bal|,cross-domain,0.0000,0.0000,3.567,0,-2.54634,0,1.808,0.4767,1.06,0,-0.4927,0.08179,-0.1531,-0.7575,-0.5409
177.20,178.47,178.48,0,-2.56539,0,|r_bal|,cross-domain,0.0000,0.0000,4.344,0,-2.56539,0,1.564,0.708,2.456,0,-0.744,0.1719,-0.3984,-1.25,-0.8964
177.60,178.87,178.88,0,-2.13392,0,|r_bal|,cross-domain,0.0000,0.0000,3.685,0,-2.13392,0,1.22,1.071,1.231,0,-0.4613,0.2801,0.03735,0.4715,-0.8745
178.00,179.27,179.28,0,-1.62658,0,e_rec,cross-domain,0.0000,0.0000,3.843,0,-1.62658,0,1.134,0.667,1.148,0,-0.04657,0.2182,-0.5859,2.729,-0.7879
178.40,179.67,179.68,0,-2.81423,0,|r_bal|,cross-domain,0.0000,0.0000,3.645,0,-2.81423,0,0.9328,0.7451,2.232,0,-0.1245,0.436,-0.4825,-0.8195,-0.7641
178.80,180.07,180.08,0,-2.54832,0,|r_qp|,cross-domain,0.0000,0.0000,3.631,0,-2.54832,0,0.818,1.131,1.002,0,-0.7092,0.4762,0.07774,-0.857,-0.7893
179.20,180.47,180.48,0,-2.62394,0,|r_qp|,cross-domain,0.0000,0.0000,3.710,0,-2.62394,0,0.6027,0.6585,0.6587,0,-1.118,-0.1478,-0.2991,-1.143,-0.7021
179.60,180.87,180.88,0,-3.04080,0,|r_qp|,cross-domain,0.0000,0.0000,3.559,0,-3.04080,0,0.3731,0.4464,1.779,0,-0.6572,-0.7624,-0.007296,-1.36,-0.7524
180.00,181.27,181.28,0,-2.64571,0,|r_aux|,cross-domain,0.0000,0.0000,3.706,0,-2.64571,0,-0.0287,0.933,0.6571,0,-0.125,-0.9229,0.5628,0.6125,-0.4355
180.40,181.67,181.68,0,-3.43341,0,|r_aux|,cross-domain,0.0000,0.0000,3.541,0,-3.43341,0,0.3588,0.5233,0.6642,0,0.5782,-0.2562,-0.03942,-1.001,-0.8614
180.80,182.07,182.08,0,-3.31507,0,|r_aux|,cross-domain,0.0000,0.0000,3.527,0,-3.31507,0,0.6888,0.7101,2.071,0,1.101,0.08116,-0.3743,-0.4102,-0.3211
181.20,182.47,182.48,0,-3.38811,0,|r_aux|,cross-domain,0.0000,0.0000,3.588,0,-3.38811,0,0.8036,1.078,1.319,0,0.7308,0.04068,0.03663,-1.363,-0.7298
181.60,182.87,182.88,0,-3.29907,0,|r_bal|,cross-domain,0.0000,0.0000,3.541,0,-3.29907,0,1.148,0.6328,0.8471,0,0.9849,-0.7967,-0.32,-0.6583,-0.7624
182.00,183.27,183.28,0,-3.17650,0,|r_bal|,cross-domain,0.0000,0.0000,3.713,0,-3.17650,0,1.478,0.5393,2.156,0,0.6479,-1.158,-0.1786,-0.8459,-0.844
182.40,183.67,183.68,0,-2.91802,0,|r_bal|,cross-domain,0.0000,0.0000,3.663,0,-2.91802,0,1.22,1.01,1.13,0,0.6469,-1.236,0.2267,-0.1168,-0.7147
182.80,184.07,184.08,0,-3.22720,0,|r_bal|,cross-domain,0.0000,0.0000,3.603,0,-3.22720,0,0.9902,0.5722,1.072,0,0.6608,-1.101,-0.4074,-0.7015,-0.6331
183.20,184.47,184.48,0,-3.50328,0,|r_aux|,cross-domain,0.0000,0.0000,3.688,0,-3.50328,0,0.5884,0.6145,2.244,0,1.12,-0.8523,-0.41,-0.7015,-0.2302
183.60,184.87,184.88,0,-3.30796,0,|r_bal|,cross-domain,0.0000,0.0000,3.596,0,-3.30796,0,1.277,1.015,1.343,0,1.086,-0.5613,0.177,-0.8051,-0.3728
184.00,185.27,185.28,0,-3.22729,0,|r_bal|,cross-domain,0.0000,0.0000,3.603,0,-3.22729,0,1.306,0.5769,1.243,0,0.8273,0.7006,-0.3426,-0.9093,-0.7645
184.40,185.67,185.68,0,-2.93792,0,|r_bal|,cross-domain,0.0000,0.0000,3.662,0,-2.93792,0,1.263,0.6062,2.34,0,0.618,1.397,-0.274,-0.4215,-0.9516
184.80,186.07,186.08,0,-2.98880,0,|r_bal|,cross-domain,0.0000,0.0000,3.575,0,-2.98880,0,1.205,1.059,1.187,0,0.5997,1.557,0.05374,-0.7879,-0.7919
185.20,186.47,186.48,0,-3.07389,0,|r_bal|,cross-domain,0.0000,0.0000,3.636,0,-3.07389,0,0.9759,0.6473,0.7112,0,0.6236,1.162,-0.3576,-0.5998,-0.7139
185.60,186.87,186.88,0,-2.81048,0,|r_bal|,cross-domain,0.0000,0.0000,3.613,0,-2.81048,0,1.177,0.7015,2.04,0,0.2428,0.896,-0.457,-0.4868,-0.4964
186.00,187.27,187.28,0,-3.16727,0,|r_aux|,cross-domain,0.0000,0.0000,3.635,0,-3.16727,0,0.9472,1.077,0.6759,0,0.8824,0.7793,-0.05709,-0.7017,-0.7021
186.40,187.67,187.68,0,-2.99196,0,|r_bal|,cross-domain,0.0000,0.0000,3.712,0,-2.99196,0,0.9615,0.686,0.7012,0,0.6933,0.3063,-0.5264,-0.2131,-0.6609
186.80,188.07,188.08,0,-3.11960,0,|r_bal|,cross-domain,0.0000,0.0000,3.816,0,-3.11960,0,1.048,0.813,1.93,0,0.6629,-0.4765,-0.5111,-0.6469,0.06481
187.20,188.47,188.48,0,-2.42131,0,|r_bal|,cross-domain,0.0000,0.0000,3.629,0,-2.42131,0,1.263,1.113,0.9065,0,-0.3875,-0.5917,-0.103,-0.22,-0.3422
187.60,188.87,188.88,0,-1.82658,0,e_rec,cross-domain,0.0000,0.0000,3.596,0,-1.82658,0,1.076,0.74,0.6735,0,-0.4714,0.1085,-0.4812,1.611,-0.8158
188.00,189.27,189.28,0,-2.73147,0,|r_bal|,cross-domain,0.0000,0.0000,4.486,0,-2.73147,0,0.8754,0.8307,2.06,0,-0.3465,0.8781,-0.4414,-0.8747,0.008836
188.40,189.67,189.68,0,-2.72345,0,|r_aux|,cross-domain,0.0000,0.0000,3.941,0,-2.72345,0,0.9615,1.166,1.101,0,-0.1004,0.9186,0.2138,-0.711,-0.625
188.80,190.07,190.08,0,-2.50323,0,|r_bal|,cross-domain,0.0000,0.0000,3.633,0,-2.50323,0,0.9615,0.8391,0.9583,0,-0.2354,-0.3086,-0.113,0.06553,-0.6488
189.20,190.47,190.48,0,-2.78507,0,|r_bal|,cross-domain,0.0000,0.0000,3.718,0,-2.78507,0,0.9902,0.8881,2.436,0,-0.009833,-1.08,-0.04001,-0.3992,-0.04746
189.60,190.87,190.88,0,-2.31937,0,e_rec,cross-domain,0.0000,0.0000,3.602,0,-2.31937,0,1.019,1.203,1.225,0,0.004134,-1.234,0.3871,0.851,-0.5625
190.00,191.27,191.28,0,-2.39300,0,e_rec,cross-domain,0.0000,0.0000,3.584,0,-2.39300,0,1.005,0.8257,1.13,0,0.2603,-1.032,-0.1614,1.083,-0.7967
190.40,191.67,191.68,0,-2.67998,0,|r_bal|,cross-domain,0.0000,0.0000,3.644,0,-2.67998,0,1.593,0.8043,2.298,0,0.5111,-0.7147,-0.2033,0.1562,-0.3511
190.80,192.07,192.08,0,-2.53554,0,e_rec,cross-domain,0.0000,0.0000,3.579,0,-2.53554,0,1.435,1.154,1.194,0,0.8614,-0.3053,0.2893,0.9575,-0.6519
191.20,192.47,192.48,0,-2.66546,0,|r_bal|,cross-domain,0.0000,0.0000,3.531,0,-2.66546,0,1.593,0.7201,0.7883,0,0.6543,1.257,-0.4178,0.1575,-0.8018
191.60,192.87,192.88,0,-3.22736,0,|r_bal|,cross-domain,0.0000,0.0000,3.731,0,-3.22736,0,1.679,0.5086,2.074,0,0.8705,1.936,-0.4337,-1.206,-0.3738
192.00,193.27,193.28,0,-2.89052,0,|r_bal|,cross-domain,0.0000,0.0000,3.623,0,-2.89052,0,1.492,0.9716,0.7599,0,0.5173,1.687,0.1286,-0.725,-0.7511
192.40,193.67,193.68,0,-2.54279,0,|r_bal|,cross-domain,0.0000,0.0000,3.649,0,-2.54279,0,1.65,0.6517,0.714,0,0.5597,0.8965,-0.2292,0.4893,-0.7899
192.80,194.07,194.08,0,-2.87228,0,|r_bal|,cross-domain,0.0000,0.0000,3.657,0,-2.87228,0,1.048,0.8677,2.012,0,0.1864,0.4472,-0.2155,-0.6353,-0.03867
193.20,194.47,194.48,0,-2.94446,0,|r_aux|,cross-domain,0.0000,0.0000,3.424,0,-2.94446,0,0.8467,1.184,1.082,0,0.6181,0.4385,0.09093,-0.3068,-0.3307
193.60,194.87,194.88,0,-2.83327,0,|r_aux|,cross-domain,0.0000,0.0000,3.645,0,-2.83327,0,0.6171,0.8341,0.5673,0,0.4951,-0.4922,-0.3422,0.2533,-0.7246
194.00,195.27,195.28,0,-2.92605,0,|r_aux|,cross-domain,0.0000,0.0000,3.653,0,-2.92605,0,0.287,0.9273,1.774,0,0.6299,-1.339,-0.1338,0.4292,-0.7984
194.40,195.67,195.68,0,-2.53824,0,e_rec,cross-domain,0.0000,0.0000,3.664,0,-2.53824,0,0.7749,1.223,0.9876,0,0.3791,-1.119,0.3792,0.8675,-0.04128
194.80,196.07,196.08,0,-3.00291,0,|r_bal|,cross-domain,0.0000,0.0000,3.596,0,-3.00291,0,1.148,0.8595,1.03,0,0.8592,0.09952,0.01293,-0.1449,-0.7608
195.20,196.47,196.48,0,-2.73872,0,|r_bal|,cross-domain,0.0000,0.0000,3.526,0,-2.73872,0,1.249,0.8777,1.983,0,0.2159,0.9319,0.08127,-0.3651,-0.4418
195.60,196.87,196.88,0,-3.03221,0,|r_aux|,cross-domain,0.0000,0.0000,3.718,0,-3.03221,0,1.005,1.19,0.6437,0,0.3046,1.138,0.571,-1.083,-0.6671
196.00,197.27,197.28,0,-2.86630,0,|r_bal|,cross-domain,0.0000,0.0000,3.644,0,-2.86630,0,1.32,0.8774,0.108,0,0.4227,0.6258,0.1597,-0.4365,-0.4851
196.40,197.67,197.68,0,-3.28089,0,|r_bal|,cross-domain,0.0000,0.0000,3.683,0,-3.28089,0,1.507,0.8883,1.83,0,1.066,0.2171,0.01289,-0.9575,-0.4707
196.80,198.07,198.08,0,-3.03859,0,|r_bal|,cross-domain,0.0000,0.0000,4.433,0,-3.03859,0,1.335,1.233,0.5272,0,0.4996,0.07958,0.4798,-0.9527,-0.2132
197.20,198.47,198.48,0,-2.89940,0,|r_aux|,cross-domain,0.0000,0.0000,3.523,0,-2.89940,0,0.7462,0.9318,-0.3937,0,-0.03293,-0.5831,-0.2488,-0.7209,-0.4755
197.60,198.87,198.88,0,-2.78684,0,|r_qp|,cross-domain,0.0000,0.0000,3.705,0,-2.78684,0,0.244,1.014,0.2325,0,-0.5396,-0.7842,-0.01221,-0.7056,-0.3498
198.00,199.27,199.28,0,-2.78318,0,|r_aux|,cross-domain,0.0000,0.0000,3.623,0,-2.78318,0,0.5023,1.245,-0.9809,0,0.01976,-0.4362,0.612,-0.1251,0.4666
198.40,199.67,199.68,0,-2.99451,0,|r_aux|,cross-domain,0.0000,0.0000,3.705,0,-2.99451,0,0.8324,0.9161,-1.29,0,1.168,1.072,-0.0155,0.377,-0.6642
198.80,200.07,200.08,0,-3.11160,0,|r_bal|,cross-domain,0.0000,0.0000,3.573,0,-3.11160,0,1.392,0.9537,-0.09753,0,1.603,1.981,-0.1514,0.03283,-0.882
199.20,200.47,200.48,0,-2.87014,0,|r_aux|,cross-domain,0.0000,0.0000,3.560,0,-2.87014,0,1.033,1.26,-1.238,0,1.251,1.71,0.2604,0.4595,-0.7536
199.60,200.87,200.88,0,-3.00797,0,|r_bal|,cross-domain,0.0000,0.0000,3.689,0,-3.00797,0,1.249,0.8266,-0.3815,0,0.8574,0.3885,-0.09869,-0.251,-0.9214
200.00,201.27,201.28,0,-2.86274,0,|r_bal|,cross-domain,0.0000,0.0000,3.630,0,-2.86274,0,1.105,0.506,2.173,0,0.874,-0.7078,-0.2707,0.6218,-0.1024
200.40,201.67,201.68,0,-2.03519,0,e_rec,cross-domain,0.0000,0.0000,3.575,0,-2.03519,0,0.8036,1.011,1.287,0,0.6062,-0.5745,0.2436,2.685,0.0901
200.80,202.07,202.08,0,-2.47812,0,|r_bal|,cross-domain,0.0000,0.0000,3.632,0,-2.47812,0,1.22,0.7753,-0.05954,0,0.2764,-0.06635,-0.6751,0.5577,-0.5843
201.20,202.47,202.48,0,-2.92120,0,|r_aux|,cross-domain,0.0000,0.0000,3.604,0,-2.92120,0,1.033,1.103,-0.02805,0,0.2314,0.001656,-0.6276,-0.8833,-0.213
201.60,202.87,202.88,0,-2.43638,0,|r_bal|,cross-domain,0.0000,0.0000,3.673,0,-2.43638,0,1.579,1.257,-1.293,0,0.07031,-0.2049,0.09847,0.09817,0.1982
202.00,203.27,203.28,0,-2.66189,0,|r_bal|,cross-domain,0.0000,0.0000,3.583,0,-2.66189,0,1.378,0.8688,-0.5551,0,-0.2866,0.01793,-0.08177,-0.776,-0.7163
202.40,203.67,203.68,0,-2.25287,0,e_rec,cross-domain,0.0000,0.0000,3.605,0,-2.25287,0,1.65,0.8197,1.918,0,0.5224,0.5723,0.2869,1.405,0.6238
202.80,204.07,204.08,0,-2.76969,0,|r_bal|,cross-domain,0.0000,0.0000,3.629,0,-2.76969,0,1.751,1.195,0.9986,0,0.6798,0.9752,0.6231,-0.2638,-0.3033
203.20,204.47,204.48,0,-2.40798,0,e_rec,cross-domain,0.0000,0.0000,3.548,0,-2.40798,0,1.177,0.9399,-0.07995,0,0.9544,0.841,-0.2567,1.549,-0.5533
203.60,204.87,204.88,0,-2.38920,0,e_rec,cross-domain,0.0000,0.0000,3.715,0,-2.38920,0,0.818,1.035,0.2915,0,0.8236,0.6492,-0.5505,1.562,-0.5218
204.00,205.27,205.28,0,-3.21501,0,|r_aux|,cross-domain,0.0000,0.0000,3.670,0,-3.21501,0,0.818,1.28,-1.308,0,0.8008,0.4165,-0.05714,-0.9003,-0.3191
204.40,205.67,205.68,0,-3.47408,0,|r_bal|,cross-domain,0.0000,0.0000,3.599,0,-3.47408,0,1.048,0.8761,-0.5814,0,1.168,0.1487,-0.2014,-1.111,-0.9154
204.80,206.07,206.08,0,-2.82678,0,|r_bal|,cross-domain,0.0000,0.0000,3.658,0,-2.82678,0,0.9328,0.6848,1.904,0,0.1742,-0.2372,-0.1983,-0.2617,-0.5147
205.20,206.47,206.48,0,-2.95090,0,|r_aux|,cross-domain,0.0000,0.0000,3.611,0,-2.95090,0,0.7032,1.083,1.082,0,0.1041,-0.2869,0.2104,-0.6626,0.5456
205.60,206.87,206.88,0,-3.29034,0,|r_aux|,cross-domain,0.0000,0.0000,3.743,0,-3.29034,0,0.6314,0.8203,-0.06915,0,0.5954,-0.3486,-0.6293,-1.026,-0.6561
206.00,207.27,207.28,0,-2.89175,0,|r_aux|,cross-domain,0.0000,0.0000,3.625,0,-2.89175,0,0.2296,1.048,0.1987,0,0.09085,-0.4532,-0.6133,-0.388,-0.6352
206.40,207.67,207.68,0,-3.14625,0,|r_aux|,cross-domain,0.0000,0.0000,3.563,0,-3.14625,0,0.4305,1.263,-0.9782,0,0.1972,-0.5035,0.09513,-1.071,-0.1373
206.80,208.07,208.08,0,-2.09644,0,e_rec,cross-domain,0.0000,0.0000,3.728,0,-2.09644,0,0.7032,0.9455,-0.8311,0,-0.4824,-0.686,-0.3725,1.053,-0.7619
207.20,208.47,208.48,0,-2.63804,0,e_rec,cross-domain,0.0000,0.0000,3.582,0,-2.63804,0,0.4305,0.909,0.9024,0,0.3855,-0.7157,0.01911,0.8599,-0.6445
207.60,208.87,208.88,0,-3.24161,0,|r_aux|,cross-domain,0.0000,0.0000,3.709,0,-3.24161,0,0.6458,1.256,-0.08458,0,0.8054,-0.6413,0.2369,-0.7009,-0.6953
208.00,209.27,209.28,0,-3.14928,0,|r_aux|,cross-domain,0.0000,0.0000,3.702,0,-3.14928,0,0.818,0.8283,0.4283,0,0.3048,-0.3028,-0.2632,-1.072,-0.899
208.40,209.67,209.68,0,-3.05450,0,|r_bal|,cross-domain,0.0000,0.0000,3.571,0,-3.05450,0,1.449,0.574,2.432,0,0.3069,-0.1127,-0.4588,-1.106,-0.5558
208.80,210.07,210.08,0,-2.35538,0,|r_bal|,cross-domain,0.0000,0.0000,3.670,0,-2.35538,0,1.406,1.029,1.129,0,0.05127,-0.1046,-0.02877,0.4745,-0.2051
209.20,210.47,210.48,0,-2.43277,0,|r_bal|,cross-domain,0.0000,0.0000,3.603,0,-2.43277,0,0.9902,0.6681,0.7743,0,0.05879,0.01727,-0.4572,0.6405,-0.7652
209.60,210.87,210.88,0,-2.34078,0,e_rec,cross-domain,0.0000,0.0000,3.509,0,-2.34078,0,0.6171,0.7034,2.049,0,-0.1909,-0.07968,-0.4946,0.7786,-0.9182
210.00,211.27,211.28,0,-2.49617,0,|r_aux|,cross-domain,0.0000,0.0000,3.700,0,-2.49617,0,0.574,1.051,0.868,0,-0.5171,0.1275,0.1122,-0.1428,-0.1768
210.40,211.67,211.68,0,-2.13832,0,|r_qp|,cross-domain,0.0000,0.0000,3.622,0,-2.13832,0,0.8467,0.7978,-0.2998,0,-0.5937,0.6023,-0.6203,0.5841,-0.6358
210.80,212.07,212.08,0,-2.21964,0,|r_aux|,cross-domain,0.0000,0.0000,3.649,0,-2.21964,0,0.9185,1.111,-0.3093,0,-0.1166,0.9752,-0.7951,0.6263,-0.6255
211.20,212.47,212.48,0,-2.80344,0,|r_aux|,cross-domain,0.0000,0.0000,3.518,0,-2.80344,0,1.249,1.307,-1.423,0,0.1069,1.025,-0.2559,-1.036,-0.7082
211.60,212.87,212.88,0,-1.89802,0,e_rec,cross-domain,0.0000,0.0000,3.523,0,-1.89802,0,1.205,0.8399,-0.7742,0,0.8909,0.1589,-0.7006,2.998,-0.8685
212.00,213.27,213.28,0,-3.55524,0,|r_bal|,cross-domain,0.0000,0.0000,3.673,0,-3.55524,0,1.378,0.5375,1.907,0,1.238,-0.1741,-0.4202,-1.265,-0.5169
212.40,213.67,213.68,0,-2.90044,0,|r_bal|,cross-domain,0.0000,0.0000,3.664,0,-2.90044,0,1.349,0.9987,0.8562,0,0.8906,-0.01872,-0.08182,0.02645,0.0872
212.80,214.07,214.08,0,-2.44651,0,|r_bal|,cross-domain,0.0000,0.0000,3.694,0,-2.44651,0,0.9472,0.6891,0.8682,0,-0.1678,0.5447,-0.401,0.2652,-0.7559
213.20,214.47,214.48,0,-2.70270,0,|r_qp|,cross-domain,0.0000,0.0000,3.632,0,-2.70270,0,0.4879,0.8286,2.025,0,-0.5688,0.3818,-0.2873,-0.7694,-0.5388
213.60,214.87,214.88,0,-2.68716,0,|r_aux|,cross-domain,0.0000,0.0000,3.541,0,-2.68716,0,0.4018,1.145,0.9345,0,-0.1393,0.3967,0.08157,-0.2187,-0.4039
214.00,215.27,215.28,0,-2.91061,0,|r_aux|,cross-domain,0.0000,0.0000,3.666,0,-2.91061,0,0.4736,0.869,-0.1371,0,0.2317,0.4252,-0.4399,-0.3518,-0.501
214.40,215.67,215.68,0,-2.64331,0,|r_aux|,cross-domain,0.0000,0.0000,3.546,0,-2.64331,0,0.7606,1.043,0.8499,0,-0.06631,0.8076,-0.3682,-0.3193,-0.6566
214.80,216.07,216.08,0,-2.25981,0,|r_aux|,cross-domain,0.0000,0.0000,3.613,0,-2.25981,0,0.8754,1.312,-0.4655,0,-0.3608,0.9569,0.1117,0.2846,-0.4657
215.20,216.47,216.48,0,-1.30347,0,e_rec,cross-domain,0.0000,0.0000,3.515,0,-1.30347,0,1.249,0.948,-0.08457,0,-1.087,0.2778,-0.1329,2.153,-0.9043
215.60,216.87,216.88,0,-1.88218,0,|r_qp|,cross-domain,0.0000,0.0000,3.553,0,-1.88218,0,1.148,0.8532,1.999,0,-1.344,-0.473,-0.06253,0.3067,-0.9438
216.00,217.27,217.28,0,-2.51755,0,|r_aux|,cross-domain,0.0000,0.0000,3.728,0,-2.51755,0,1.105,1.186,0.8445,0,-0.3479,-0.6869,0.3264,-0.2671,0.07549
216.40,217.67,217.68,0,-2.66955,0,|r_bal|,cross-domain,0.0000,0.0000,3.595,0,-2.66955,0,1.507,0.7946,0.7332,0,-0.24,0.03789,-0.2444,-0.8323,-0.7502
216.80,218.07,218.08,0,-3.09346,0,|r_bal|,cross-domain,0.0000,0.0000,3.568,0,-3.09346,0,1.048,0.7078,2.109,0,0.2892,0.6704,-0.467,-1.176,-0.7842
217.20,218.47,218.48,0,-2.97716,0,|r_bal|,cross-domain,0.0000,0.0000,3.681,0,-2.97716,0,1.665,1.093,0.842,0,0.6014,0.8596,0.06492,-0.9592,-0.4094
217.60,218.87,218.88,0,-3.07225,0,|r_bal|,cross-domain,0.0000,0.0000,3.578,0,-3.07225,0,0.9472,0.8532,0.05506,0,0.6665,0.7696,-0.5106,-0.6128,-0.3931
218.00,219.27,219.28,0,-2.82111,0,|r_bal|,cross-domain,0.0000,0.0000,3.698,0,-2.82111,0,1.335,1.074,0.8501,0,0.8982,0.5102,-0.2992,0.06393,-0.7188
218.40,219.67,219.68,0,-3.03817,0,|r_aux|,cross-domain,0.0000,0.0000,3.508,0,-3.03817,0,0.9328,1.302,-0.1975,0,0.762,0.2301,0.1002,-0.4554,0.08399
218.80,220.07,220.08,0,-2.69008,0,|r_bal|,cross-domain,0.0000,0.0000,3.535,0,-2.69008,0,1.148,0.9589,-0.182,0,0.4326,-0.4323,-0.2992,0.1793,-0.6347
219.20,220.47,220.48,0,-2.68156,0,|r_bal|,cross-domain,0.0000,0.0000,3.678,0,-2.68156,0,1.32,0.9292,1.213,0,-0.04975,-1.024,-0.1035,-0.4171,-0.4256
219.60,220.87,220.88,0,-2.56556,0,|r_aux|,cross-domain,0.0000,0.0000,3.599,0,-2.56556,0,1.22,1.23,-0.126,0,-0.4271,-0.7095,0.4463,-0.5512,0.4013
220.00,221.27,221.28,0,-2.07101,0,|r_bal|,cross-domain,0.0000,0.0000,3.626,0,-2.07101,0,1.191,0.8934,-0.08532,0,-0.4993,0.424,0.1607,0.7803,-0.8482
220.40,221.67,221.68,0,-1.75773,0,|r_qp|,cross-domain,0.0000,0.0000,3.510,0,-1.75773,0,0.7749,0.8937,1.544,0,-1.324,1.094,0.05408,0.8101,-0.2605
220.80,222.07,222.08,0,-2.26966,0,|r_qp|,cross-domain,0.0000,0.0000,3.523,0,-2.26966,0,0.7175,1.24,0.4853,0,-1.199,1.285,0.522,-0.6549,-0.4371
221.20,222.47,222.48,0,-2.25769,0,|r_qp|,cross-domain,0.0000,0.0000,3.580,0,-2.25769,0,0.9328,0.9686,0.02356,0,-0.758,0.6684,-0.297,-0.09874,-0.5816
221.60,222.87,222.88,0,-2.58926,0,|r_aux|,cross-domain,0.0000,0.0000,3.507,0,-2.58926,0,0.9328,1.025,0.8582,0,-0.08568,0.5516,-0.4112,-0.2673,-0.6887
222.00,223.27,223.28,0,-2.90392,0,|r_aux|,cross-domain,0.0000,0.0000,3.615,0,-2.90392,0,1.019,1.288,-0.05101,0,0.3875,0.6097,0.04318,-0.6948,-0.4683
222.40,223.67,223.68,0,-2.50711,0,e_rec,cross-domain,0.0000,0.0000,3.493,0,-2.50711,0,0.8036,0.8795,0.2481,0,0.2292,0.04859,-0.2514,0.6609,-0.9031
222.80,224.07,224.08,0,-2.64115,0,|r_qp|,cross-domain,0.0000,0.0000,3.513,0,-2.64115,0,0.7319,0.6792,2.054,0,-0.6666,-0.4512,-0.4269,-0.674,-0.099
223.20,224.47,224.48,0,-2.16494,0,e_rec,cross-domain,0.0000,0.0000,3.595,0,-2.16494,0,0.8754,1.092,1.048,0,-0.2599,-0.6064,-0.01915,0.9887,-0.3612
223.60,224.87,224.88,0,-2.60089,0,|r_bal|,cross-domain,0.0000,0.0000,3.464,0,-2.60089,0,1.205,0.7183,0.6448,0,0.08135,0.2473,-0.625,-0.06542,-0.8062
224.00,225.27,225.28,0,-2.94049,0,|r_bal|,cross-domain,0.0000,0.0000,3.592,0,-2.94049,0,1.148,0.7144,2.314,0,0.5489,0.6147,-0.6104,-0.4936,-0.9426
224.40,225.67,225.68,0,-2.39218,0,|r_bal|,cross-domain,0.0000,0.0000,3.470,0,-2.39218,0,1.148,1.101,0.9157,0,-0.07315,0.7522,0.1177,0.2652,-0.06864
224.80,226.07,226.08,0,-2.65965,0,|r_aux|,cross-domain,0.0000,0.0000,3.444,0,-2.65965,0,0.818,0.8296,0.3144,0,0.1856,0.7867,-0.3629,0.08569,-0.616
225.20,226.47,226.48,0,-2.80330,0,|r_bal|,cross-domain,0.0000,0.0000,3.624,0,-2.80330,0,1.191,1.042,1.153,0,0.2208,1.108,-0.1009,-0.6872,-0.7029
225.60,226.87,226.88,0,-2.83004,0,|r_bal|,cross-domain,0.0000,0.0000,3.491,0,-2.83004,0,1.363,1.295,0.241,0,0.5977,1.442,0.3272,-0.4664,-0.2956
226.00,227.27,227.28,0,-2.55390,0,e_rec,cross-domain,0.0000,0.0000,3.514,0,-2.55390,0,1.521,0.898,0.5649,0,1.038,0.625,-0.2315,1.032,-0.8022
226.40,227.67,227.68,0,-3.42205,0,|r_aux|,cross-domain,0.0000,0.0000,3.565,0,-3.42205,0,0.6171,0.7876,2.47,0,1.114,-0.3229,-0.2511,-0.6882,-0.908
226.80,228.07,228.08,0,-3.54424,0,|r_aux|,cross-domain,0.0000,0.0000,3.534,0,-3.54424,0,0.7175,1.145,1.622,0,1.386,-0.8511,0.1947,-0.7983,-0.4097
227.20,228.47,228.48,0,-2.81808,0,e_rec,cross-domain,0.0000,0.0000,3.642,0,-2.81808,0,0.6171,0.7605,1.551,0,0.6974,-0.2911,-0.3468,0.56,-0.8944
227.60,228.87,228.88,0,-3.30812,0,|r_aux|,cross-domain,0.0000,0.0000,3.471,0,-3.30812,0,0.531,0.6703,2.578,0,0.8539,0.1963,-0.5775,-0.6813,-0.8199
228.00,229.27,229.28,0,-3.04533,0,|r_aux|,cross-domain,0.0000,0.0000,3.553,0,-3.04533,0,0.5166,1.069,0.7972,0,0.6466,0.2127,0.08082,-0.2334,-0.2162
228.40,229.67,229.68,0,-2.84979,0,|r_bal|,cross-domain,0.0000,0.0000,3.550,0,-2.84979,0,0.9185,0.8379,-0.4068,0,0.7481,-0.006911,-0.6169,0.24,-0.6568
228.80,230.07,230.08,0,-2.60325,0,|r_aux|,cross-domain,0.0000,0.0000,3.490,0,-2.60325,0,1.105,1.108,0.2828,0,0.4117,0.0277,-0.5429,0.2062,-0.838
229.20,230.47,230.48,0,-2.83609,0,|r_aux|,cross-domain,0.0000,0.0000,3.577,0,-2.83609,0,1.148,1.319,-0.5431,0,0.3304,0.04087,-0.0241,-0.6049,-0.3514
229.60,230.87,230.88,0,-2.57016,0,|r_bal|,cross-domain,0.0000,0.0000,3.560,0,-2.57016,0,1.033,0.8762,-0.03576,0,0.2297,-0.2361,-0.3959,0.3409,-0.822
230.00,231.27,231.28,0,-2.79564,0,|r_bal|,cross-domain,0.0000,0.0000,3.522,0,-2.79564,0,0.9472,0.6623,1.904,0,0.3316,-0.6516,-0.3684,0.03125,-0.8749
230.40,231.67,231.68,0,-2.61571,0,|r_bal|,cross-domain,0.0000,0.0000,3.526,0,-2.61571,0,1.378,1.064,0.8925,0,-0.4616,-0.6968,0.1235,-0.8241,0.354
230.80,232.07,232.08,0,-2.40468,0,|r_qp|,cross-domain,0.0000,0.0000,3.511,0,-2.40468,0,0.9328,0.797,0.582,0,-0.7788,-0.2777,-0.2861,-0.3478,-0.7544
231.20,232.47,232.48,0,-2.02610,0,|r_qp|,cross-domain,0.0000,0.0000,3.658,0,-2.02610,0,0.7893,0.9964,1.959,0,-0.7085,0.03262,0.0505,0.8196,-0.8929
231.60,232.87,232.88,0,-2.89996,0,|r_aux|,cross-domain,0.0000,0.0000,3.514,0,-2.89996,0,0.9041,1.264,0.4234,0,0.1427,0.1629,0.6274,-0.7048,0.0871
232.00,233.27,233.28,0,-2.86685,0,|r_bal|,cross-domain,0.0000,0.0000,3.490,0,-2.86685,0,1.162,0.9751,-0.08241,0,0.4529,-0.08091,-0.02381,-0.3267,-0.6984
232.40,233.67,233.68,0,-3.09396,0,|r_aux|,cross-domain,0.0000,0.0000,3.684,0,-3.09396,0,0.6888,1.036,1.056,0,0.9521,-0.1507,-0.4268,-0.1444,-0.346
232.80,234.07,234.08,0,-3.07517,0,|r_aux|,cross-domain,0.0000,0.0000,3.534,0,-3.07517,0,1.033,1.305,0.02395,0,0.4304,-0.1352,-0.202,-1.139,-0.6149
233.20,234.47,234.48,0,-3.19685,0,|r_aux|,cross-domain,0.0000,0.0000,3.705,0,-3.19685,0,0.6171,0.9553,0.2727,0,0.8269,-0.4167,-0.573,-0.5318,-0.8872
233.60,234.87,234.88,0,-2.96063,0,|r_bal|,cross-domain,0.0000,0.0000,3.568,0,-2.96063,0,1.134,0.8275,2.152,0,0.5506,-0.9567,-0.3957,-0.3657,-0.6912
234.00,235.27,235.28,0,-1.82095,0,e_rec,cross-domain,0.0000,0.0000,4.155,0,-1.82095,0,1.335,1.196,0.9971,0,0.5404,-0.9958,0.127,2.759,-0.3008
234.40,235.67,235.68,0,-2.57419,0,e_rec,cross-domain,0.0000,0.0000,3.809,0,-2.57419,0,0.9185,0.784,0.7713,0,0.5299,-0.04842,-0.4379,0.8322,-0.5821
234.80,236.07,236.08,0,-3.01319,0,|r_aux|,cross-domain,0.0000,0.0000,3.574,0,-3.01319,0,0.5453,0.6556,1.812,0,0.09087,0.6651,-0.6144,-0.8506,-0.6857
235.20,236.47,236.48,0,-2.74725,0,|r_aux|,cross-domain,0.0000,0.0000,3.474,0,-2.74725,0,0.4879,1.082,0.5979,0,0.108,0.8515,0.02183,-0.1767,-0.8282
235.60,236.87,236.88,0,-2.41313,0,|r_qp|,cross-domain,0.0000,0.0000,3.658,0,-2.41313,0,0.6458,0.7306,0.2254,0,-0.5883,0.321,-0.3622,0.03662,-0.6512
236.00,237.27,237.28,0,-3.10189,0,|r_aux|,cross-domain,0.0000,0.0000,3.499,0,-3.10189,0,0.0574,0.726,1.807,0,-0.04631,-0.08099,-0.3055,-0.8678,-0.7342
236.40,237.67,237.68,0,-3.05460,0,|r_aux|,cross-domain,0.0000,0.0000,3.590,0,-3.05460,0,0.1292,1.096,1.065,0,0.243,-0.1792,0.05819,-0.5089,-0.1414
236.80,238.07,238.08,0,-2.48594,0,|r_qp|,cross-domain,0.0000,0.0000,3.502,0,-2.48594,0,0.5884,0.7207,1.021,0,-0.4086,-0.7568,-0.461,0.1816,-0.866
237.20,238.47,238.48,0,-2.74435,0,|r_bal|,cross-domain,0.0000,0.0000,4.114,0,-2.74435,0,1.277,0.7571,2.356,0,-0.5041,-0.9794,-0.4133,-1.129,-0.2659
237.60,238.87,238.88,0,-1.53570,0,e_rec,cross-domain,0.0000,0.0000,3.803,0,-1.53570,0,1.751,1.096,1.178,0,-0.9087,-0.8623,0.0603,1.465,-0.3071
238.00,239.27,239.28,0,-2.29476,0,|r_bal|,cross-domain,0.0000,0.0000,3.539,0,-2.29476,0,0.9041,0.6728,0.9762,0,-0.3898,0.1948,-0.477,0.4776,-0.8797
238.40,239.67,239.68,0,-2.70804,0,|r_bal|,cross-domain,0.0000,0.0000,3.672,0,-2.70804,0,0.8611,0.5908,2.137,0,0.179,0.6094,-0.5215,0.01372,-0.8042
238.80,240.07,240.08,0,-2.90888,0,|r_bal|,cross-domain,0.0000,0.0000,3.616,0,-2.90888,0,1.306,1.027,1.064,0,0.5187,0.5911,0.2347,-0.5236,-0.4553
239.20,240.47,240.48,0,-2.60992,0,|r_bal|,cross-domain,0.0000,0.0000,3.520,0,-2.60992,0,1.005,0.7018,0.7647,0,0.4477,0.4344,-0.09579,0.623,-0.7221
239.60,240.87,240.88,0,-2.52350,0,e_rec,cross-domain,0.0000,0.0000,3.640,0,-2.52350,0,0.3731,0.8625,2.175,0,0.5892,1.341,-0.06385,1.23,-0.9241
240.00,241.27,241.28,0,-2.84964,0,|r_aux|,cross-domain,0.0000,0.0000,3.514,0,-2.84964,0,0.5453,1.186,1.386,0,0.3374,2.732,0.2123,-0.4641,-0.5099
240.40,241.67,241.68,0,-2.79344,0,|r_aux|,cross-domain,0.0000,0.0000,3.652,0,-2.79344,0,0.7175,0.7509,1.235,0,0.1665,2.96,-0.4902,-0.5063,-0.47
240.80,242.07,242.08,0,-2.59087,0,|r_bal|,cross-domain,0.0000,0.0000,3.575,0,-2.59087,0,1.105,0.5628,2.333,0,0.3144,2.761,-0.4593,0.1785,-0.3499
241.20,242.47,242.48,0,-2.91134,0,|r_bal|,cross-domain,0.0000,0.0000,3.440,0,-2.91134,0,1.306,0.9865,1.294,0,0.1566,1.58,0.1276,-1.034,0.8139
241.60,242.87,242.88,0,-2.18531,0,e_rec,cross-domain,0.0000,0.0000,3.612,0,-2.18531,0,0.8898,0.6353,1.176,0,0.04914,0.9242,-0.2769,1.365,-0.8263
242.00,243.27,243.28,0,-3.31242,0,|r_aux|,cross-domain,0.0000,0.0000,3.558,0,-3.31242,0,0.6458,0.8342,2.876,0,0.448,-0.09543,-0.2103,-1.215,0.5085
242.40,243.67,243.68,0,-2.86635,0,|r_aux|,cross-domain,0.0000,0.0000,3.479,0,-2.86635,0,0.7462,1.168,1.844,0,0.5251,-0.6538,0.184,0.01448,-0.353
242.80,244.07,244.08,0,-2.59307,0,|r_bal|,cross-domain,0.0000,0.0000,3.597,0,-2.59307,0,0.9759,0.7258,1.466,0,0.1324,-0.6725,-0.3939,0.3141,-0.8223
243.20,244.47,244.48,0,-2.82411,0,|r_bal|,cross-domain,0.0000,0.0000,3.437,0,-2.82411,0,1.091,0.5275,2.281,0,0.4897,0.6069,-0.3021,0.04756,-0.3117
243.60,244.87,244.88,0,-3.10805,0,|r_bal|,cross-domain,0.0000,0.0000,3.512,0,-3.10805,0,1.249,0.9747,1.154,0,0.8489,1.128,0.2609,-0.6353,-0.01153
244.00,245.27,245.28,0,-2.91221,0,|r_bal|,cross-domain,0.0000,0.0000,3.489,0,-2.91221,0,1.148,0.6334,0.8812,0,0.7768,1.697,-0.1362,-0.04764,-0.7238
244.40,245.67,245.68,0,-2.77353,0,|r_aux|,cross-domain,0.0000,0.0000,3.556,0,-2.77353,0,0.5453,0.8647,2.274,0,0.0632,2.064,-0.3869,-0.436,-0.4728
244.80,246.07,246.08,0,-2.81378,0,|r_aux|,cross-domain,0.0000,0.0000,3.650,0,-2.81378,0,0.3731,1.145,1.035,0,-0.03844,1.641,-0.01865,-0.5962,-0.1608
245.20,246.47,246.48,0,-3.11897,0,|r_aux|,cross-domain,0.0000,0.0000,3.436,0,-3.11897,0,0.6745,0.794,0.7528,0,0.8391,1.447,-0.5128,-0.4121,-0.5982
245.60,246.87,246.88,0,-3.12091,0,|r_aux|,cross-domain,0.0000,0.0000,3.607,0,-3.12091,0,0.8324,0.884,1.91,0,1.493,0.807,-0.3605,0.3414,-0.8787
246.00,247.27,247.28,0,-3.52827,0,|r_aux|,cross-domain,0.0000,0.0000,3.505,0,-3.52827,0,0.5166,1.22,0.6939,0,1.463,0.05462,0.1335,-0.7059,-0.8606
246.40,247.67,247.68,0,-3.09568,0,|r_aux|,cross-domain,0.0000,0.0000,3.590,0,-3.09568,0,0.287,0.8058,0.392,0,0.2196,-0.4929,-0.4341,-0.654,-0.6281
246.80,248.07,248.08,0,-2.96994,0,|r_qp|,cross-domain,0.0000,0.0000,3.681,0,-2.96994,0,-0.2296,0.5724,1.968,0,-0.6439,-0.9386,-0.3847,-0.8853,-0.7707
247.20,248.47,248.48,0,-2.47746,0,|r_qp|,cross-domain,0.0000,0.0000,3.519,0,-2.47746,0,0.3731,0.9946,1.209,0,-0.8011,-0.7959,0.06999,-0.2219,-0.6041
247.60,248.87,248.88,0,-2.67583,0,|r_aux|,cross-domain,0.0000,0.0000,3.613,0,-2.67583,0,0.7175,0.7305,0.9625,0,-0.02348,-0.4135,-0.2109,0.06948,-0.5203
248.00,249.27,249.28,0,-3.02041,0,|r_aux|,cross-domain,0.0000,0.0000,4.368,0,-3.02041,0,0.8898,1.06,2.209,0,0.9567,-0.2411,-0.003187,-0.02249,-0.8155
248.40,249.67,249.68,0,-3.45489,0,|r_aux|,cross-domain,0.0000,0.0000,3.511,0,-3.45489,0,0.9185,1.319,0.9286,0,1.445,-0.3337,0.5309,-0.7136,-0.7692
248.80,250.07,250.08,0,-2.75807,0,e_rec,cross-domain,0.0000,0.0000,3.667,0,-2.75807,0,0.8754,0.8292,0.8042,0,1.076,-0.1999,-0.03678,1.122,-0.308
249.20,250.47,250.48,0,-3.38175,0,|r_bal|,cross-domain,0.0000,0.0000,3.422,0,-3.38175,0,1.119,0.4704,2.11,0,0.8287,0.03939,-0.1065,-1.048,-0.6942
249.60,250.87,250.88,0,-3.08033,0,|r_bal|,cross-domain,0.0000,0.0000,3.680,0,-3.08033,0,1.033,0.9693,0.7938,0,0.6857,0.06781,0.5308,-0.493,-0.8961
250.00,251.27,251.28,0,-2.47852,0,e_rec,cross-domain,0.0000,0.0000,3.576,0,-2.47852,0,1.005,0.6765,0.7073,0,0.3554,0.09404,-0.09773,0.9473,-0.7405
250.40,251.67,251.68,0,-2.78536,0,|r_aux|,cross-domain,0.0000,0.0000,3.427,0,-2.78536,0,0.8324,0.9441,2.366,0,0.1495,0.288,-0.2505,-0.3697,-0.5863
250.80,252.07,252.08,0,-2.49078,0,|r_aux|,cross-domain,0.0000,0.0000,3.588,0,-2.49078,0,0.7032,1.234,1.414,0,0.428,0.6582,0.1322,0.8189,-0.3411
251.20,252.47,252.48,0,-2.73308,0,|r_bal|,cross-domain,0.0000,0.0000,3.398,0,-2.73308,0,1.105,0.8787,0.9392,0,-0.323,0.1464,-0.3486,-0.9614,-0.7789
251.60,252.87,252.88,0,-2.47340,0,|r_qp|,cross-domain,0.0000,0.0000,3.452,0,-2.47340,0,0.6888,0.9216,2.308,0,-0.6692,-0.4833,-0.2319,-0.3261,-0.7727
252.00,253.27,253.28,0,-1.98344,0,e_rec,cross-domain,0.0000,0.0000,3.594,0,-1.98344,0,0.6171,1.185,0.8605,0,-0.5956,-0.6893,0.05566,1.221,-0.3558
252.40,253.67,253.68,0,-2.49668,0,|r_aux|,cross-domain,0.0000,0.0000,3.599,0,-2.49668,0,0.6458,0.8137,0.468,0,-0.1098,-0.02506,-0.3446,0.3929,-0.7583
252.80,254.07,254.08,0,-2.97772,0,|r_bal|,cross-domain,0.0000,0.0000,3.583,0,-2.97772,0,1.134,0.857,1.672,0,0.2488,0.3117,-0.2582,-0.9282,-0.4304
253.20,254.47,254.48,0,-2.67796,0,|r_aux|,cross-domain,0.0000,0.0000,3.481,0,-2.67796,0,1.22,1.217,0.8206,0,0.4423,0.1972,0.2992,0.02483,-0.8093
253.60,254.87,254.88,0,-2.40831,0,|r_bal|,cross-domain,0.0000,0.0000,3.421,0,-2.40831,0,1.32,0.8253,0.6302,0,0.1911,-0.5589,-0.2952,0.663,-0.8074
254.00,255.27,255.28,0,-2.95389,0,|r_bal|,cross-domain,0.0000,0.0000,3.575,0,-2.95389,0,0.9185,0.6327,2.184,0,-0.05333,-0.6896,-0.4383,-0.9097,-0.7994
254.40,255.67,255.68,0,-2.72564,0,|r_bal|,cross-domain,0.0000,0.0000,3.403,0,-2.72564,0,1.507,1.055,0.9665,0,0.04914,-0.3598,0.02923,-0.6795,-0.4998
254.80,256.07,256.08,0,-2.85433,0,|r_aux|,cross-domain,0.0000,0.0000,3.667,0,-2.85433,0,0.6888,0.7453,0.7362,0,-0.04902,-0.2283,-0.2809,-0.5213,-0.6143
255.20,256.47,256.48,0,-2.96007,0,|r_aux|,cross-domain,0.0000,0.0000,3.450,0,-2.96007,0,0.7749,0.9179,2.179,0,0.1655,-0.2771,-0.1382,-0.7283,-0.7912
255.60,256.87,256.88,0,-2.34567,0,e_rec,cross-domain,0.0000,0.0000,3.451,0,-2.34567,0,0.4162,1.208,0.9453,0,0.1202,-0.4708,0.2827,1.213,-0.5298
256.00,257.27,257.28,0,-2.51677,0,|r_qp|,cross-domain,0.0000,0.0000,3.662,0,-2.51677,0,0.7175,0.7157,0.6808,0,-0.5056,0.2419,-0.1086,-0.1368,-0.5573
256.40,257.67,257.68,0,-2.85632,0,|r_qp|,cross-domain,0.0000,0.0000,3.462,0,-2.85632,0,0.818,0.3546,1.637,0,-0.552,0.7756,-0.02631,-1.103,-0.8844
256.80,258.07,258.08,0,-2.75520,0,|r_aux|,cross-domain,0.0000,0.0000,3.875,0,-2.75520,0,0.8754,0.9058,0.5536,0,-0.4642,0.471,0.5948,-0.9103,-0.7312
257.20,258.47,258.48,0,-3.09665,0,|r_aux|,cross-domain,0.0000,0.0000,3.553,0,-3.09665,0,0.3588,0.491,0.516,0,0.3912,-0.4707,-0.1186,-0.2046,-0.6558
257.60,258.87,258.88,0,-3.11468,0,|r_bal|,cross-domain,0.0000,0.0000,3.573,0,-3.11468,0,0.7032,0.4263,1.913,0,0.7954,-1.171,-0.1183,0.1317,-0.9032
258.00,259.27,259.28,0,-3.25635,0,|r_aux|,cross-domain,0.0000,0.0000,4.842,0,-3.25635,0,0.574,0.9576,0.9083,0,0.7583,-1.161,0.4643,-0.4587,-0.6527
258.40,259.67,259.68,0,-3.07725,0,|r_bal|,cross-domain,0.0000,0.0000,3.637,0,-3.07725,0,0.8611,0.4663,1.002,0,0.1681,-0.9155,-0.01078,-0.7022,-0.8935
258.80,260.07,260.08,0,-3.28012,0,|r_bal|,cross-domain,0.0000,0.0000,3.805,0,-3.28012,0,0.6458,0.433,2.424,0,0.4523,-0.6999,-0.004945,-0.7888,-0.5467
259.20,260.47,260.48,0,-3.22881,0,|r_aux|,cross-domain,0.0000,0.0000,3.420,0,-3.22881,0,0.531,0.9,1.3,0,0.2193,-0.5968,0.6333,-1.051,-0.6196
259.60,260.87,260.88,0,-3.42613,0,|r_bal|,cross-domain,0.0000,0.0000,3.467,0,-3.42613,0,0.5023,0.421,0.9512,0,0.4585,-0.425,0.1917,-1.098,-0.8753
260.00,261.27,261.28,0,-3.28073,0,|r_aux|,cross-domain,0.0000,0.0000,3.630,0,-3.28073,0,0.4162,0.5859,2.376,0,0.09572,-0.3895,0.3522,-1.148,-0.2025
260.40,261.67,261.68,0,-2.66215,0,|r_aux|,cross-domain,0.0000,0.0000,3.381,0,-2.66215,0,0.6314,0.9917,1.059,0,0.01734,-0.33,0.4501,0.1436,-0.8719
260.80,262.07,262.08,0,-3.10963,0,|r_bal|,cross-domain,0.0000,0.0000,3.501,0,-3.10963,0,1.119,0.5468,0.9357,0,0.3311,-0.1839,-0.1261,-0.8916,-0.4747
261.20,262.47,262.48,0,-3.15774,0,|r_bal|,cross-domain,0.0000,0.0000,3.585,0,-3.15774,0,1.076,0.6027,2.317,0,0.8252,-0.005902,-0.181,-0.3988,0.3112
261.60,262.87,262.88,0,-2.83491,0,|r_aux|,cross-domain,0.0000,0.0000,3.445,0,-2.83491,0,1.033,1.017,1.09,0,0.5051,-0.03347,0.343,-0.06048,-0.7588
262.00,263.27,263.28,0,-3.19156,0,|r_bal|,cross-domain,0.0000,0.0000,3.697,0,-3.19156,0,1.119,0.5941,0.9979,0,0.4864,-0.6683,-0.2838,-0.9624,-0.8225
262.40,263.67,263.68,0,-3.18783,0,|r_aux|,cross-domain,0.0000,0.0000,3.524,0,-3.18783,0,0.6314,0.7137,2.047,0,0.3563,-1.159,-0.5049,-0.8619,-0.4555
262.80,264.07,264.08,0,-2.88322,0,|r_aux|,cross-domain,0.0000,0.0000,3.546,0,-2.88322,0,0.8036,1.061,1.078,0,0.3393,-1.219,0.1104,-0.1954,-0.6131
263.20,264.47,264.48,0,-3.23880,0,|r_aux|,cross-domain,0.0000,0.0000,3.706,0,-3.23880,0,0.6171,0.6229,0.5321,0,1.105,-0.6577,-0.2662,0.03403,-0.7466
263.60,264.87,264.88,0,-3.32404,0,|r_bal|,cross-domain,0.0000,0.0000,3.559,0,-3.32404,0,1.091,0.5706,1.436,0,0.7114,-0.3945,-0.1552,-1.039,-0.8542
264.00,265.27,265.28,0,-2.94477,0,|r_bal|,cross-domain,0.0000,0.0000,3.633,0,-2.94477,0,1.564,1.003,0.5265,0,0.7811,-0.2722,0.2528,-0.3508,-0.8478
264.40,265.67,265.68,0,-2.88581,0,|r_bal|,cross-domain,0.0000,0.0000,3.421,0,-2.88581,0,1.708,0.5866,0.996,0,0.1505,-0.1473,-0.1783,-0.9205,-0.79
264.80,266.07,266.08,0,-2.56665,0,|r_bal|,cross-domain,0.0000,0.0000,3.432,0,-2.56665,0,0.8324,0.575,2.701,0,-0.2178,0.2467,-0.1636,0.04773,-0.84
265.20,266.47,266.48,0,-2.63020,0,|r_aux|,cross-domain,0.0000,0.0000,3.613,0,-2.63020,0,0.7175,1.042,1.357,0,0.1187,0.4438,0.3336,0.1708,-0.6732
265.60,266.87,266.88,0,-2.43541,0,|r_qp|,cross-domain,0.0000,0.0000,3.432,0,-2.43541,0,0.3731,0.5855,0.9279,0,-0.6752,-0.02783,-0.1596,0.1999,-0.775
266.00,267.27,267.28,0,-2.98118,0,|r_bal|,cross-domain,0.0000,0.0000,3.612,0,-2.98118,0,0.9615,0.3636,2.491,0,0.2965,-0.4805,0.04721,-0.2874,-0.5422
266.40,267.67,267.68,0,-3.23059,0,|r_aux|,cross-domain,0.0000,0.0000,3.404,0,-3.23059,0,0.7606,0.8958,1.576,0,0.6182,-0.8407,0.8413,-0.6111,-0.5617
266.80,268.07,268.08,0,-3.49984,0,|r_bal|,cross-domain,0.0000,0.0000,3.505,0,-3.49984,0,0.6027,0.4567,1.222,0,0.9453,-0.7247,0.2658,-0.707,-0.6473
267.20,268.47,268.48,0,-3.25512,0,|r_bal|,cross-domain,0.0000,0.0000,3.592,0,-3.25512,0,0.9185,0.7745,2.452,0,0.3651,-0.7292,0.2394,-1.193,-0.6168
267.60,268.87,268.88,0,-2.04842,0,e_rec,cross-domain,0.0000,0.0000,3.463,0,-2.04842,0,0.5023,1.087,0.9588,0,-0.5374,-0.483,0.2744,1.23,-0.901
268.00,269.27,269.28,0,-3.01682,0,|r_aux|,cross-domain,0.0000,0.0000,3.504,0,-3.01682,0,0.3014,0.6402,0.8569,0,-0.2645,-0.2649,-0.2276,-0.9487,-0.7157
268.40,269.67,269.68,0,-2.93993,0,|r_qp|,cross-domain,0.0000,0.0000,3.527,0,-2.93993,0,0.4736,0.5938,1.849,0,-0.4585,0.05499,-0.2417,-1.045,0.3048
268.80,270.07,270.08,0,-2.58148,0,e_rec,cross-domain,0.0000,0.0000,2.501,0,-2.58148,0,0.6027,1.009,0.7848,0,0.3305,-0.06783,0.1302,0.7157,-0.7079
269.20,270.47,270.48,0,-2.74643,0,|r_bal|,cross-domain,0.0000,0.0000,3.509,0,-2.74643,0,0.7749,0.5902,0.6765,0,-0.1652,-0.6608,-0.3734,-0.291,-0.8893
269.60,270.87,270.88,0,-3.36291,0,|r_aux|,cross-domain,0.0000,0.0000,3.440,0,-3.36291,0,0.4592,0.6797,2.202,0,0.303,-1.203,-0.437,-1.315,-0.7513
270.00,271.27,271.28,0,-2.17041,0,e_rec,cross-domain,0.0000,0.0000,3.591,0,-2.17041,0,0.7032,1.065,0.9505,0,-0.2419,-1.222,0.1806,1.257,-0.1974
270.40,271.67,271.68,0,-2.55221,0,e_rec,cross-domain,0.0000,0.0000,3.613,0,-2.55221,0,0.3731,0.6229,0.8039,0,0.231,-0.1685,-0.3094,1.013,-0.6361
270.80,272.07,272.08,0,-3.10138,0,|r_bal|,cross-domain,0.0000,0.0000,3.542,0,-3.10138,0,0.9185,0.3261,2.374,0,0.5509,0.8077,0.015,-0.434,-0.8308
271.20,272.47,272.48,0,-2.63179,0,e_rec,cross-domain,0.0000,0.0000,3.620,0,-2.63179,0,0.9041,0.9274,1.197,0,0.4984,0.8151,0.9055,0.7359,-0.1022
271.60,272.87,272.88,0,-2.95977,0,|r_bal|,cross-domain,0.0000,0.0000,3.521,0,-2.95977,0,1.837,0.4556,1.175,0,0.04067,-0.005437,0.4441,-1.164,-0.7455
272.00,273.27,273.28,0,-2.70915,0,|r_bal|,cross-domain,0.0000,0.0000,3.911,0,-2.70915,0,1.564,0.4794,2.619,0,-0.2154,-0.6671,0.5839,-0.5252,-0.9286
272.40,273.67,273.68,0,-2.57410,0,|r_bal|,cross-domain,0.0000,0.0000,3.627,0,-2.57410,0,1.564,0.9307,1.84,0,0.09155,-0.8495,0.8179,0.05813,-0.8055
272.80,274.07,274.08,0,-3.16174,0,|r_bal|,cross-domain,0.0000,0.0000,3.552,0,-3.16174,0,1.693,0.4514,1.331,0,0.2912,-0.8389,0.1472,-1.307,-0.8463
273.20,274.47,274.48,0,-3.09544,0,|r_bal|,cross-domain,0.0000,0.0000,3.612,0,-3.09544,0,1.435,0.6561,2.321,0,0.2145,-1.092,-0.005772,-1.141,0.007268
273.60,274.87,274.88,0,-1.79625,0,e_rec,cross-domain,0.0000,0.0000,3.490,0,-1.79625,0,1.521,1.018,0.7372,0,0.1439,-1.045,0.2963,2.363,-0.2276
274.00,275.27,275.28,0,-2.77561,0,|r_bal|,cross-domain,0.0000,0.0000,3.571,0,-2.77561,0,0.8611,0.5345,0.7505,0,0.2843,-0.4236,-0.03327,0.2573,-0.5517
274.40,275.67,275.68,0,-3.67022,0,|r_aux|,cross-domain,0.0000,0.0000,3.654,0,-3.67022,0,0.244,0.4727,2.065,0,0.8993,0.1631,0.1585,-1.16,-0.2468
274.80,276.07,276.08,0,-3.16512,0,|r_aux|,cross-domain,0.0000,0.0000,3.588,0,-3.16512,0,-0.04305,0.9382,1.007,0,0.5055,0.4438,0.6575,-0.2681,-0.8617
275.20,276.47,276.48,0,-3.20976,0,|r_aux|,cross-domain,0.0000,0.0000,3.691,0,-3.20976,0,0.1148,0.535,0.7434,0,0.3859,0.5432,0.07008,-0.5011,-0.6661
275.60,276.87,276.88,0,-2.68536,0,|r_aux|,cross-domain,0.0000,0.0000,3.545,0,-2.68536,0,0.5453,0.6457,2.131,0,-0.08209,0.7882,-0.03313,-0.01487,-0.8799
276.00,277.27,277.28,0,-2.39133,0,|r_bal|,cross-domain,0.0000,0.0000,3.438,0,-2.39133,0,1.306,1.055,1.112,0,0.2138,0.9744,0.371,0.5492,-0.7138
276.40,277.67,277.68,0,-2.84933,0,|r_bal|,cross-domain,0.0000,0.0000,3.602,0,-2.84933,0,1.536,0.5827,0.9592,0,0.593,0.2742,0.01848,-0.1342,-0.9029
276.80,278.07,278.08,0,-2.72126,0,|r_bal|,cross-domain,0.0000,0.0000,3.584,0,-2.72126,0,1.234,0.4982,2.235,0,0.5814,-0.6458,0.3042,0.6524,-0.6267
277.20,278.47,278.48,0,-3.24853,0,|r_bal|,cross-domain,0.0000,0.0000,3.518,0,-3.24853,0,1.134,0.9737,1.107,0,0.6825,-0.9495,0.7853,-0.8379,-0.09728
277.60,278.87,278.88,0,-2.45314,0,e_rec,cross-domain,0.0000,0.0000,3.606,0,-2.45314,0,1.162,0.5567,0.8938,0,0.3137,0.02695,0.5688,1.118,-0.3366
278.00,279.27,279.28,0,-2.79661,0,|r_bal|,cross-domain,0.0000,0.0000,3.562,0,-2.79661,0,1.837,0.3571,2.289,0,0.1911,0.837,1.072,-0.4095,-0.7829
278.40,279.67,279.68,0,-2.62350,0,|r_bal|,cross-domain,0.0000,0.0000,3.691,0,-2.62350,0,1.607,0.9461,1.03,0,-0.1646,0.9373,1.934,-0.4327,-0.869
278.80,280.07,280.08,0,-2.78404,0,|r_bal|,cross-domain,0.0000,0.0000,3.748,0,-2.78404,0,1.392,0.4284,0.8056,0,0.1858,0.2292,1.543,0.06558,-0.7182
279.20,280.47,280.48,0,-3.03649,0,|r_bal|,cross-domain,0.0000,0.0000,3.434,0,-3.03649,0,1.464,0.4341,2.118,0,0.3492,-0.2704,1.551,-0.4763,-0.7037
279.60,280.87,280.88,0,-3.05408,0,|r_bal|,cross-domain,0.0000,0.0000,3.614,0,-3.05408,0,1.277,0.9423,1.249,0,0.3013,-0.3902,1.983,-0.6933,-0.6574
280.00,281.27,281.28,0,-3.59637,0,|r_bal|,cross-domain,0.0000,0.0000,3.472,0,-3.59637,0,1.091,0.4791,0.9592,0,1.003,-0.8109,2.675,-0.7378,-0.7025
280.40,281.67,281.68,0,-3.06614,0,e_rec,cross-domain,0.0000,0.0000,3.717,0,-3.06614,0,0.7175,0.4063,1.914,0,0.9395,-1.028,4.045,1.354,-0.439
280.80,282.07,282.08,0,-3.98895,0,|r_aux|,cross-domain,0.0000,0.0000,3.514,0,-3.98895,0,0.7319,0.9764,0.8293,0,1.651,-0.956,4.732,-0.6643,-0.15
281.20,282.47,282.48,0,-3.16986,0,e_rec,cross-domain,0.0000,0.0000,3.467,0,-3.16986,0,0.6314,0.4727,0.721,0,1.12,0.08109,4.709,1.344,-0.1102
281.60,282.87,282.88,0,-3.71543,0,|r_bal|,cross-domain,0.0000,0.0000,3.623,0,-3.71543,0,0.9041,0.4822,2.029,0,1.11,0.812,4.849,-0.5986,-0.8804
282.00,283.27,283.28,0,-3.73573,0,|r_aux|,cross-domain,0.0000,0.0000,3.489,0,-3.73573,0,0.8324,1.043,1.163,0,0.9704,0.7702,4.921,-1.116,-0.4895
282.40,283.67,283.68,0,-3.01475,0,e_rec,cross-domain,0.0000,0.0000,3.628,0,-3.01475,0,0.9185,0.4351,0.6807,0,0.8879,0.05343,3.601,1.097,-0.2526
282.80,284.07,284.08,0,-3.34243,0,|r_bal|,cross-domain,0.0000,0.0000,3.546,0,-3.34243,0,0.8754,0.5114,1.848,0,0.7269,-0.5101,2.543,-0.3185,-0.8404
283.20,284.47,284.48,0,-2.41705,0,e_rec,cross-domain,0.0000,0.0000,3.490,0,-2.41705,0,0.9041,1,0.8753,0,0.9697,-0.6492,2.312,2.403,-0.215
283.60,284.87,284.88,0,-3.27834,0,|r_aux|,cross-domain,0.0000,0.0000,3.658,0,-3.27834,0,0.4018,0.5176,0.787,0,0.5355,-0.2917,2.961,0.02395,-0.5964
284.00,285.27,285.28,0,-3.55846,0,|r_bal|,cross-domain,0.0000,0.0000,3.523,0,-3.55846,0,1.105,0.436,2.271,0,0.6956,-0.02982,4.167,-0.8183,-0.7963
284.40,285.67,285.68,0,-2.88145,0,e_rec,cross-domain,0.0000,0.0000,3.733,0,-2.88145,0,0.7749,0.9812,1.071,0,0.6916,0.04654,4.585,1.138,-0.4807
284.80,286.07,286.08,0,-3.74786,0,|r_bal|,cross-domain,0.0000,0.0000,3.537,0,-3.74786,0,1.134,0.3816,1.24,0,1.078,-0.6268,3.066,-0.9846,-0.5698
285.20,286.47,286.48,0,-3.46483,0,|r_bal|,cross-domain,0.0000,0.0000,3.542,0,-3.46483,0,0.7749,0.7408,2.42,0,0.8188,-1.213,1.226,-0.7436,0.7217
285.60,286.87,286.88,0,-2.63195,0,|r_bal|,cross-domain,0.0000,0.0000,3.569,0,-2.63195,0,1.205,1.073,1.105,0,-0.2808,-1.388,0.4481,-0.4533,-0.6898
286.00,287.27,287.28,0,-2.69917,0,|r_qp|,cross-domain,0.0000,0.0000,3.549,0,-2.69917,0,1.249,0.5845,0.9286,0,-0.636,-1.414,0.1148,-0.8825,-0.8153
286.40,287.67,287.68,0,-2.16214,0,|r_qp|,cross-domain,0.0000,0.0000,3.465,0,-2.16214,0,1.205,0.3697,2.419,0,-0.857,-1.171,0.3585,0.6074,-0.4889
286.80,288.07,288.08,0,-2.70276,0,|r_aux|,cross-domain,0.0000,0.0000,3.626,0,-2.70276,0,0.9185,0.9319,1.32,0,-0.1976,-1.079,1.228,-0.1379,-0.5849
287.20,288.47,288.48,0,-2.17855,0,e_rec,cross-domain,0.0000,0.0000,3.535,0,-2.17855,0,0.6888,0.4374,0.9726,0,-0.4789,-0.897,0.7265,1.39,-0.8664
287.60,288.87,288.88,0,-2.95789,0,|r_bal|,cross-domain,0.0000,0.0000,3.592,0,-2.95789,0,1.148,0.612,2.187,0,-0.2148,-0.9384,0.7017,-0.99,-0.6317
288.00,289.27,289.28,0,-2.92765,0,|r_bal|,cross-domain,0.0000,0.0000,3.508,0,-2.92765,0,1.134,1.015,1.118,0,0.5658,-0.8872,0.5706,-0.1502,-0.4665
288.40,289.67,289.68,0,-3.54250,0,|r_bal|,cross-domain,0.0000,0.0000,3.518,0,-3.54250,0,0.9615,0.5751,0.6116,0,1.112,0.04699,0.8381,-0.9034,-0.7677
288.80,290.07,290.08,0,-3.51093,0,e_rec,cross-domain,0.0000,0.0000,3.670,0,-3.51093,0,0.01435,0.3637,2.133,0,1.555,0.8053,1.77,0.6084,-0.9052
289.20,290.47,290.48,0,-3.30884,0,|r_aux|,cross-domain,0.0000,0.0000,3.430,0,-3.30884,0,0.1722,0.9638,1.158,0,0.5213,1.086,2.912,-0.4338,-0.7937
289.60,290.87,290.88,0,-2.96253,0,e_rec,cross-domain,0.0000,0.0000,3.580,0,-2.96253,0,0.6314,0.4421,1.26,0,0.6143,0.8351,2.268,0.6872,-0.3645
290.00,291.27,291.28,0,-2.56088,0,e_rec,cross-domain,0.0000,0.0000,3.534,0,-2.56088,0,1.033,0.4823,2.7,0,0.6748,0.6108,1.983,1.57,-0.8257
290.40,291.67,291.68,0,-3.18675,0,|r_bal|,cross-domain,0.0000,0.0000,4.027,0,-3.18675,0,1.076,1.002,1.276,0,0.6012,0.6773,2.203,-0.6653,-0.3999
290.80,292.07,292.08,0,-2.87308,0,|r_bal|,cross-domain,0.0000,0.0000,3.752,0,-2.87308,0,0.8467,0.5125,1.091,0,0.2744,-0.1114,2.546,0.4824,-0.4845
291.20,292.47,292.48,0,-3.06400,0,|r_bal|,cross-domain,0.0000,0.0000,3.415,0,-3.06400,0,0.5884,0.4396,2.065,0,0.01895,-0.8148,3.712,0.1304,-0.2891
291.60,292.87,292.88,0,-2.94096,0,|r_qp|,cross-domain,0.0000,0.0000,3.653,0,-2.94096,0,0.5453,0.9722,0.5918,0,-0.684,-1.147,4.073,-0.6067,-0.05737
292.00,293.27,293.28,0,-3.28450,0,|r_aux|,cross-domain,0.0000,0.0000,3.478,0,-3.28450,0,0.2153,0.43,0.8052,0,0.1167,-0.4359,3.523,-0.2087,-0.3614
292.40,293.67,293.68,0,-3.03462,0,|r_bal|,cross-domain,0.0000,0.0000,3.563,0,-3.03462,0,0.8467,0.4416,1.799,0,0.02466,0.0186,3.764,-0.0726,-0.8836
292.80,294.07,294.08,0,-3.44774,0,|r_aux|,cross-domain,0.0000,0.0000,3.599,0,-3.44774,0,0.5453,0.9926,0.6888,0,0.2517,0.1659,3.958,-1.117,-0.6795
293.20,294.47,294.48,0,-3.11281,0,|r_bal|,cross-domain,0.0000,0.0000,3.423,0,-3.11281,0,1.55,0.4366,0.5826,0,0.08566,0.06184,3.671,-0.6622,-0.5183
293.60,294.87,294.88,0,-3.11682,0,|r_bal|,cross-domain,0.0000,0.0000,3.444,0,-3.11682,0,0.6745,0.4856,1.89,0,0.4773,0.02842,3.008,0.1976,-0.9135
294.00,295.27,295.28,0,-3.04633,0,|r_bal|,cross-domain,0.0000,0.0000,3.647,0,-3.04633,0,1.091,0.9862,1.039,0,0.3572,-0.06673,3.045,-0.3303,-0.8421
294.40,295.67,295.68,0,-2.82856,0,|r_qp|,cross-domain,0.0000,0.0000,3.467,0,-2.82856,0,0.7319,0.412,1.116,0,-0.4346,-0.5265,2.02,-0.2509,-0.786
294.80,296.07,296.08,0,-2.72133,0,|r_bal|,cross-domain,0.0000,0.0000,3.603,0,-2.72133,0,0.7893,0.6583,2.774,0,-0.07829,-1.026,1.166,0.1793,-0.7709
295.20,296.47,296.48,0,-2.68943,0,|r_aux|,cross-domain,0.0000,0.0000,3.425,0,-2.68943,0,0.7032,1.032,1.532,0,-0.2368,-0.8656,0.5198,-0.2502,-0.5374
295.60,296.87,296.88,0,-2.73420,0,e_rec,cross-domain,0.0000,0.0000,4.675,0,-2.73420,0,0.8754,0.6538,0.8681,0,0.3922,0.09747,1.896,0.7638,-0.622
296.00,297.27,297.28,0,-2.97202,0,|r_bal|,cross-domain,0.0000,0.0000,3.610,0,-2.97202,0,0.9041,0.3731,2.196,0,-0.1604,0.9354,4.153,-0.1561,-0.8849
296.40,297.67,297.68,0,-2.70836,0,|r_bal|,cross-domain,0.0000,0.0000,3.489,0,-2.70836,0,1.091,1.022,1.243,0,-0.3366,0.8336,5.534,0.1483,-0.7776
296.80,298.07,298.08,0,-3.41788,0,|r_bal|,cross-domain,0.0000,0.0000,3.517,0,-3.41788,0,0.6601,0.4191,0.9795,0,0.1151,0.03156,3.505,-0.984,-0.8168
297.20,298.47,298.48,0,-2.87629,0,|r_bal|,cross-domain,0.0000,0.0000,4.109,0,-2.87629,0,0.9185,0.5539,2.131,0,-0.01466,-0.5373,1.488,-0.1493,-0.2008
297.60,298.87,298.88,0,-2.68637,0,|r_aux|,cross-domain,0.0000,0.0000,3.591,0,-2.68637,0,0.8467,0.989,0.7209,0,0.1852,-0.4298,0.9585,0.2955,-0.5856
298.00,299.27,299.28,0,-2.52515,0,|r_bal|,cross-domain,0.0000,0.0000,3.692,0,-2.52515,0,0.9472,0.4466,0.5639,0,-0.2064,-0.6825,0.4319,0.49,-0.5392
298.40,299.67,299.68,0,-2.95914,0,|r_bal|,cross-domain,0.0000,0.0000,3.412,0,-2.95914,0,1.191,0.4661,1.792,0,0.4061,-0.943,0.3147,-0.1695,-0.4284
