t_s,phase,proc_cpu_pct,proc_rss_MiB,sys_cpu_pct,sys_mem_used_MiB,ram_used_MiB,gpu_load_pct,vdd_in_mW,vdd_cpu_gpu_cv_mW,vdd_soc_mW,cpu_temp_C,tj_temp_C
0.507,calibration,73.3,152.6328125,17.7,3845.50390625,,,,,,,
1.009,calibration,79.7,155.6171875,17.7,3838.703125,4018.0,0.0,4320.0,880.0,1160.0,45.218,45.468
1.511,features,85.7,167.8046875,18.1,3848.50390625,4013.0,0.0,4320.0,840.0,1160.0,45.375,45.437
2.013,features,71.7,185.7578125,15.2,3863.6796875,4021.0,0.0,4432.0,918.0,1158.0,45.562,45.437
2.515,features,73.7,191.57421875,17.4,3872.15625,4040.0,0.0,4286.0,800.0,1160.0,45.406,45.593
3.017,features,85.7,184.421875,19.0,3867.6484375,4049.0,24.0,4440.0,878.0,1160.0,45.5,45.625
3.520,features,73.6,191.015625,15.5,3864.2109375,4039.0,0.0,4400.0,878.0,1160.0,45.343,45.562
4.022,features,73.7,202.125,17.0,3878.328125,4040.0,0.0,4320.0,800.0,1160.0,45.156,45.531
4.524,features,71.7,210.19921875,14.9,3899.08984375,4054.0,0.0,4320.0,838.0,1160.0,45.156,45.531
5.027,features,75.7,215.65234375,15.9,3893.19140625,4067.0,0.0,4286.0,800.0,1160.0,45.406,45.468
5.529,features,75.6,221.109375,14.7,3906.8125,4062.0,0.0,4246.0,760.0,1160.0,45.312,45.5
6.032,features,73.7,228.0625,20.1,3908.78515625,4079.0,0.0,4286.0,800.0,1160.0,45.406,45.625
6.534,features,75.6,233.5234375,15.6,3917.2421875,4076.0,0.0,4286.0,800.0,1160.0,45.281,45.5
7.036,features,73.7,237.96484375,15.8,3915.9765625,4084.0,0.0,4286.0,800.0,1161.0,45.375,45.468
7.538,train:DC1,89.6,307.49609375,17.4,3968.484375,4092.0,0.0,4246.0,760.0,1161.0,45.281,45.437
8.040,train:DC1,99.6,346.08203125,20.9,4006.34765625,4165.0,0.0,4400.0,878.0,1158.0,45.625,45.625
8.543,train:DC1,99.5,348.33203125,19.4,4009.875,4174.0,0.0,4432.0,956.0,1198.0,45.718,45.718
9.045,train:DC1,97.6,289.26953125,23.0,3968.72265625,4102.0,0.0,4432.0,996.0,1198.0,45.218,45.562
9.548,train:DC1,99.5,335.08203125,18.3,4005.50390625,4173.0,0.0,4432.0,996.0,1198.0,45.25,45.562
10.050,train:DC1,99.6,348.33203125,20.6,4025.109375,4187.0,0.0,4392.0,996.0,1198.0,45.468,45.468
10.552,train:DC2,99.5,308.55859375,18.0,3981.69140625,4157.0,0.0,4432.0,996.0,1198.0,45.437,45.468
11.054,train:DC2,99.6,346.1015625,18.4,4019.05859375,4177.0,0.0,4392.0,996.0,1198.0,45.656,45.656
11.557,train:DC2,99.5,348.3515625,18.3,4018.85546875,4185.0,0.0,4392.0,996.0,1198.0,45.562,45.625
12.059,train:DC2,99.6,298.75,23.7,3976.4609375,4131.0,0.0,4392.0,956.0,1198.0,45.531,45.593
12.561,train:DC2,97.6,339.6015625,19.4,4015.4765625,4178.0,0.0,4512.0,1036.0,1196.0,45.437,45.625
13.063,train:DC2,99.6,348.3515625,19.6,4022.4140625,4188.0,0.0,4472.0,996.0,1196.0,45.5,45.593
13.565,train:DC3,99.6,320.1015625,18.9,3993.1640625,4123.0,0.0,4432.0,996.0,1196.0,45.375,45.562
14.067,train:DC3,97.6,348.3671875,17.9,4023.453125,4185.0,0.0,4432.0,996.0,1196.0,45.562,45.593
14.569,train:DC3,99.7,348.3671875,18.1,4024.35546875,4187.0,0.0,4432.0,996.0,1196.0,45.718,45.718
15.071,train:DC3,99.6,305.90234375,24.3,3980.2421875,4152.0,0.0,4392.0,996.0,1196.0,45.531,45.625
15.573,train:DC3,97.6,346.1171875,17.6,4025.71875,4187.0,0.0,4472.0,1036.0,1196.0,45.468,45.625
16.075,train:DC3,99.6,348.37109375,18.7,4027.578125,4191.0,0.0,4432.0,996.0,1196.0,45.625,45.593
16.578,train:DC4,97.6,324.390625,18.9,4005.0234375,4142.0,0.0,4432.0,996.0,1196.0,45.75,45.75
17.080,train:DC4,99.5,348.37109375,18.5,4021.1015625,4194.0,0.0,4392.0,996.0,1198.0,45.625,45.718
17.598,train:DC4,100.4,269.30859375,31.1,3943.35546875,4105.0,0.0,4432.0,996.0,1196.0,45.625,45.656
18.102,train:DC4,97.2,320.12109375,23.5,3989.59765625,4162.0,0.0,4592.0,1116.0,1196.0,45.468,45.625
18.604,train:DC4,99.6,348.37109375,18.4,4024.7734375,4184.0,0.0,4552.0,1076.0,1196.0,45.468,45.625
19.107,train:DC4,99.5,348.37109375,19.0,4024.203125,4158.0,0.0,4432.0,1036.0,1196.0,45.406,45.625
19.609,train:DC5,97.6,335.13671875,18.7,4005.76953125,4155.0,0.0,4392.0,996.0,1198.0,45.625,45.625
20.111,train:DC5,99.6,348.38671875,21.0,4022.71875,4182.0,0.0,4392.0,996.0,1198.0,45.687,45.781
20.613,train:DC5,99.6,273.98828125,25.5,3949.79296875,4131.0,0.0,4512.0,1036.0,1196.0,45.531,45.875
21.115,train:DC5,97.6,328.078125,24.0,4023.05078125,4178.0,0.0,4472.0,996.0,1196.0,45.5,45.687
21.617,train:DC5,99.6,348.38671875,22.5,4026.6328125,4197.0,0.0,4625.0,1116.0,1236.0,45.625,45.625
22.119,train:DC5,99.6,278.97265625,20.4,3969.80078125,4145.0,0.0,4552.0,1076.0,1196.0,45.625,45.625
22.621,train:DC6,99.5,348.38671875,21.5,4024.671875,4188.0,0.0,4512.0,1036.0,1196.0,45.562,45.625
23.123,train:DC6,99.5,348.40234375,36.4,4023.48046875,4122.0,0.0,4512.0,1036.0,1196.0,45.656,45.656
23.626,train:DC6,99.5,315.90234375,35.3,3993.21875,4170.0,23.0,4944.0,1313.0,1273.0,45.906,45.906
24.128,train:DC6,99.5,348.40234375,47.6,4026.10546875,4188.0,25.0,4984.0,1353.0,1273.0,45.75,45.75
24.631,train:DC6,101.4,348.40234375,54.1,4018.8984375,4115.0,37.0,5374.0,1629.0,1273.0,45.937,45.937
25.134,train:DC6,97.5,310.52734375,19.8,3982.86328125,4169.0,0.0,4944.0,1353.0,1234.0,45.906,45.906
25.636,train:DC1,99.6,348.40234375,20.9,4020.640625,4169.0,0.0,4585.0,1116.0,1196.0,45.718,45.812
26.139,train:DC1,101.5,295.40234375,39.1,3964.84765625,4158.0,23.0,4704.0,1196.0,1236.0,45.75,45.812
26.641,train:DC1,99.5,339.65234375,50.3,4016.73828125,4185.0,22.0,4904.0,1313.0,1234.0,45.687,45.687
27.143,train:DC1,99.7,348.40234375,44.1,4020.48046875,4115.0,34.0,5453.0,1669.0,1313.0,45.968,45.968
27.644,train:DC1,97.7,300.72265625,31.8,3975.52734375,4172.0,0.0,5023.0,1393.0,1273.0,45.968,45.968
28.146,train:DC1,101.6,333.48046875,24.8,4012.41015625,4191.0,0.0,4784.0,1194.0,1236.0,45.625,45.687
28.658,train:DC2,99.6,269.33984375,43.4,3949.37890625,4155.0,41.0,4984.0,1313.0,1273.0,46.0,46.0
29.162,train:DC2,99.2,332.4921875,36.2,4011.1796875,4190.0,0.0,5023.0,1433.0,1234.0,45.906,45.906
29.664,train:DC2,99.6,348.40234375,51.7,4028.43359375,4114.0,5.0,5453.0,1708.0,1313.0,46.031,46.031
30.168,train:DC2,99.2,291.40234375,49.5,3966.6015625,4173.0,4.0,5294.0,1632.0,1273.0,45.968,45.968
30.672,train:DC2,101.2,341.27734375,65.8,4024.69140625,4190.0,18.0,5652.0,1748.0,1351.0,46.25,46.25
31.175,train:DC3,99.4,281.40234375,51.3,3956.4609375,4155.0,28.0,6001.0,1947.0,1430.0,46.062,46.218
31.677,train:DC3,99.6,335.15234375,40.2,4011.03515625,4195.0,8.0,5334.0,1589.0,1313.0,45.937,45.968
32.180,train:DC3,99.6,348.40234375,53.7,4022.75390625,4118.0,40.0,5413.0,1629.0,1313.0,46.281,46.281
32.681,train:DC3,99.7,326.65234375,57.5,4001.484375,4187.0,44.0,6011.0,1947.0,1470.0,46.343,46.343
33.183,train:DC3,101.6,348.40234375,26.7,4023.56640625,4108.0,0.0,5652.0,1748.0,1353.0,45.875,45.875
33.686,train:DC3,97.5,269.33984375,41.3,3944.52734375,4177.0,32.0,5023.0,1353.0,1273.0,45.843,46.125
34.188,train:DC4,101.6,347.2421875,47.8,4032.47265625,4190.0,82.0,5374.0,1552.0,1313.0,46.312,46.312
34.690,train:DC4,99.6,348.40234375,24.6,4029.265625,4180.0,0.0,5063.0,1393.0,1273.0,46.0,46.0
35.192,train:DC4,99.6,315.49609375,19.7,3997.53515625,4197.0,0.0,4704.0,1196.0,1236.0,46.156,46.156
35.694,train:DC4,99.5,348.40234375,18.9,4024.4609375,4123.0,0.0,4552.0,1076.0,1196.0,45.937,45.937
36.212,train:DC4,100.5,269.33984375,37.3,3953.2421875,4183.0,24.0,4704.0,1196.0,1236.0,46.125,46.125
36.720,train:DC4,98.3,322.71484375,38.8,4005.31640625,4194.0,17.0,4944.0,1393.0,1234.0,46.156,46.156
37.223,train:DC5,99.5,348.40234375,59.9,4017.1015625,4185.0,29.0,5652.0,1867.0,1311.0,46.718,46.718
37.724,train:DC5,99.7,313.90234375,55.7,4009.546875,4185.0,37.0,5851.0,1907.0,1391.0,46.125,46.125
38.227,train:DC5,99.5,348.40234375,50.2,4020.921875,4168.0,22.0,5612.0,1748.0,1351.0,46.281,46.281
38.728,train:DC5,93.7,348.40234375,62.1,4061.609375,4209.0,62.0,5811.0,1828.0,1351.0,46.406,46.593
39.230,train:DC5,99.7,315.1328125,30.2,4028.96484375,4224.0,0.0,5334.0,1552.0,1313.0,46.343,46.343
39.732,train:DC5,101.5,333.48046875,40.5,4052.59765625,4172.0,0.0,4944.0,1313.0,1273.0,46.156,46.093
40.235,train:DC6,99.5,283.40234375,61.6,4006.40234375,4233.0,42.0,5493.0,1629.0,1353.0,46.375,46.375
40.738,train:DC6,99.3,335.15234375,37.9,4067.1015625,4173.0,0.0,5214.0,1433.0,1313.0,46.25,46.25
41.241,train:DC6,99.4,348.40234375,46.9,4089.4453125,4231.0,52.0,5095.0,1393.0,1273.0,46.468,46.468
41.743,train:DC6,101.6,293.40234375,41.9,4053.859375,4253.0,29.0,5374.0,1550.0,1353.0,46.156,46.156
42.247,train:DC6,97.3,342.109375,47.7,4077.51953125,4223.0,46.0,5294.0,1512.0,1313.0,46.343,46.343
42.748,train:DC1,99.7,281.40234375,35.6,4060.60546875,4227.0,0.0,5254.0,1472.0,1353.0,46.25,46.375
43.251,train:DC1,101.6,346.15234375,58.8,4073.98046875,4189.0,33.0,5811.0,1788.0,1430.0,46.468,46.468
43.752,train:DC1,97.7,289.40234375,48.5,4017.15625,4240.0,34.0,6080.0,1867.0,1550.0,46.312,46.406
44.255,train:DC1,99.5,339.65234375,36.3,4059.87890625,4187.0,0.0,5334.0,1512.0,1353.0,46.093,46.093
44.757,train:DC1,101.5,348.40234375,54.9,4075.06640625,4241.0,2.0,5612.0,1629.0,1353.0,46.25,46.343
45.259,train:DC1,97.5,285.44140625,68.2,4030.65234375,4255.0,0.0,5612.0,1708.0,1311.0,46.406,46.406
45.761,train:DC2,99.6,348.40234375,57.1,4097.41015625,4228.0,0.0,5413.0,1629.0,1313.0,46.437,46.343
46.263,train:DC2,101.2,348.40234375,62.8,4120.546875,4283.0,0.0,5413.0,1629.0,1313.0,46.656,46.375
46.771,train:DC2,98.9,311.203125,50.7,4089.50390625,4220.0,50.0,5413.0,1589.0,1313.0,46.562,46.562
47.273,train:DC2,99.5,348.40234375,39.0,4119.92578125,4266.0,0.0,5135.0,1433.0,1273.0,46.281,46.218
47.775,train:DC2,99.6,348.40234375,51.0,4120.71484375,4283.0,46.0,5294.0,1512.0,1313.0,46.406,46.406
48.277,train:DC2,99.6,310.52734375,52.2,4092.92578125,4219.0,47.0,5374.0,1550.0,1313.0,46.5,46.5
48.779,train:DC3,97.6,348.40234375,53.5,4128.3125,4290.0,0.0,5772.0,1748.0,1430.0,46.406,46.406
49.281,train:DC3,101.5,303.66796875,51.4,4103.59375,4236.0,39.0,5413.0,1589.0,1313.0,46.312,46.468
49.784,train:DC3,99.5,347.69140625,61.5,4141.43359375,4291.0,30.0,5612.0,1748.0,1351.0,46.625,46.625
50.286,train:DC3,101.6,348.40234375,48.5,4140.3125,4303.0,0.0,5374.0,1589.0,1313.0,46.406,46.406
50.788,train:DC3,97.6,327.5625,53.9,4138.30859375,4273.0,27.0,5772.0,1788.0,1430.0,46.593,46.593
51.289,train:DC3,99.7,333.48046875,51.3,4155.04296875,4319.0,45.0,5652.0,1748.0,1391.0,46.593,46.593
51.791,train:DC4,99.7,328.65234375,29.1,4135.51171875,4277.0,0.0,5135.0,1433.0,1313.0,46.218,46.281
52.294,train:DC4,99.4,348.40234375,20.5,4158.01953125,4324.0,0.0,4744.0,1154.0,1236.0,46.406,46.406
52.796,train:DC4,99.6,295.40234375,39.4,4112.484375,4264.0,4.0,4944.0,1353.0,1234.0,46.312,46.593
53.298,train:DC4,99.5,343.7890625,37.0,4159.6484375,4318.0,36.0,5103.0,1472.0,1273.0,46.5,46.5
53.800,train:DC4,101.5,348.40234375,25.5,4157.80078125,4326.0,0.0,4784.0,1273.0,1236.0,46.187,46.343
54.303,train:DC5,97.5,339.65234375,18.8,4148.46484375,4316.0,0.0,4625.0,1116.0,1236.0,46.343,46.343
54.805,train:DC5,101.5,348.40234375,17.7,4151.30078125,4319.0,0.0,4472.0,1036.0,1196.0,46.25,46.312
55.308,train:DC5,99.5,320.15234375,20.6,4130.3203125,4290.0,0.0,4472.0,1036.0,1196.0,46.156,46.218
55.810,train:DC5,99.5,348.40234375,23.4,4147.17578125,4315.0,0.0,4512.0,1036.0,1196.0,46.437,46.437
56.312,train:DC5,101.6,291.40234375,17.9,4100.9765625,4269.0,0.0,4472.0,996.0,1196.0,46.218,46.375
56.815,train:DC5,97.6,333.48046875,19.0,4144.33203125,4312.0,0.0,4432.0,996.0,1196.0,46.218,46.375
57.317,train:DC6,99.5,287.40234375,18.5,4105.71875,4272.0,0.0,4392.0,996.0,1196.0,46.187,46.312
57.820,train:DC6,99.4,346.15234375,17.0,4147.140625,4272.0,0.0,4392.0,996.0,1196.0,46.187,46.312
58.321,train:DC6,101.7,348.40234375,17.7,4151.00390625,4315.0,0.0,4392.0,956.0,1196.0,46.312,46.343
58.824,train:DC6,99.5,323.7421875,22.7,4141.52734375,4319.0,0.0,4432.0,996.0,1196.0,46.25,46.343
59.326,train:DC6,99.5,348.40234375,17.4,4156.4609375,4310.0,0.0,4512.0,1036.0,1236.0,46.281,46.531
59.829,train:DC1,99.5,320.15234375,18.5,4134.1328125,4324.0,0.0,4432.0,996.0,1196.0,46.312,46.375
60.330,train:DC1,99.6,348.40234375,19.0,4153.66796875,4302.0,0.0,4432.0,996.0,1196.0,46.25,46.343
60.833,train:DC1,99.5,295.40234375,18.2,4103.04296875,4322.0,0.0,4472.0,996.0,1196.0,46.218,46.312
61.334,train:DC1,99.7,346.15234375,21.4,4150.44921875,4278.0,0.0,4432.0,996.0,1196.0,46.375,46.375
61.837,train:DC1,101.5,348.40234375,26.9,4151.28515625,4319.0,0.0,4545.0,1036.0,1236.0,46.468,46.468
62.339,train:DC1,97.6,310.52734375,32.3,4131.11328125,4263.0,3.0,4744.0,1196.0,1236.0,46.468,46.593
62.841,train:DC2,99.5,348.40234375,40.5,4149.69140625,4315.0,37.0,4824.0,1234.0,1236.0,46.437,46.406
63.344,train:DC2,101.5,311.20703125,20.1,4123.8203125,4318.0,0.0,5023.0,1393.0,1273.0,46.531,46.531
63.846,train:DC2,99.5,348.40234375,18.9,4156.57421875,4316.0,0.0,4625.0,1116.0,1236.0,46.25,46.468
64.348,train:DC2,97.6,273.24609375,18.1,4096.984375,4325.0,0.0,4505.0,1076.0,1236.0,46.343,46.468
64.850,train:DC2,101.6,339.65234375,21.4,4148.46484375,4293.0,0.0,4472.0,996.0,1196.0,46.25,46.25
65.352,train:DC3,99.6,269.33984375,19.3,4092.0,4319.0,0.0,4585.0,1076.0,1236.0,46.468,46.468
65.855,train:DC3,99.4,335.15234375,18.7,4139.26953125,4284.0,0.0,4472.0,996.0,1196.0,46.531,46.531
66.357,train:DC3,101.6,348.40234375,18.7,4151.0546875,4317.0,0.0,4472.0,1036.0,1196.0,46.343,46.343
66.859,train:DC3,97.6,313.15234375,17.4,4124.41015625,4267.0,0.0,4432.0,996.0,1196.0,46.437,46.437
67.360,train:DC3,99.7,348.40234375,17.7,4153.0234375,4319.0,0.0,4472.0,996.0,1196.0,46.25,46.406
67.862,train:DC3,99.6,278.98828125,17.9,4092.703125,4324.0,0.0,4432.0,996.0,1196.0,46.281,46.468
68.364,train:DC4,101.6,348.40234375,24.5,4150.91015625,4303.0,0.0,4512.0,1036.0,1236.0,46.468,46.468
68.866,train:DC4,99.6,269.33984375,19.7,4091.296875,4321.0,0.0,4472.0,1036.0,1196.0,46.375,46.531
69.368,train:DC4,99.6,337.65234375,18.9,4150.9765625,4297.0,3.0,4472.0,1036.0,1196.0,46.468,46.562
69.870,train:DC4,97.6,348.40234375,18.5,4155.18359375,4321.0,0.0,4472.0,996.0,1196.0,46.281,46.406
70.372,train:DC4,101.7,313.90234375,20.1,4130.78515625,4281.0,0.0,4472.0,996.0,1196.0,46.218,46.406
70.874,train:DC4,99.6,333.48046875,17.7,4150.8046875,4325.0,0.0,4472.0,996.0,1196.0,46.187,46.343
71.375,train:DC5,99.6,307.65234375,25.1,4110.70703125,4268.0,0.0,4432.0,996.0,1196.0,46.687,46.687
71.877,train:DC5,99.6,348.40234375,19.6,4156.2890625,4314.0,0.0,4512.0,1036.0,1236.0,46.343,46.343
72.379,train:DC5,99.6,273.24609375,18.3,4096.37109375,4327.0,0.0,4512.0,1036.0,1196.0,46.312,46.375
72.882,train:DC5,99.6,339.65234375,18.0,4139.421875,4316.0,0.0,4432.0,996.0,1196.0,46.25,46.5
73.383,train:DC5,99.7,348.40234375,17.7,4149.45703125,4318.0,0.0,4432.0,996.0,1196.0,46.656,46.375
73.885,train:DC6,99.6,339.65234375,18.5,4153.40625,4307.0,0.0,4432.0,996.0,1196.0,46.375,46.5
74.387,train:DC6,101.6,348.40234375,23.9,4149.63671875,4324.0,0.0,4432.0,996.0,1196.0,46.375,46.375
74.891,train:DC6,97.3,313.90234375,18.6,4124.3984375,4299.0,0.0,4545.0,1036.0,1236.0,46.5,46.5
75.393,train:DC6,101.6,348.40234375,17.9,4151.16015625,4319.0,0.0,4512.0,996.0,1196.0,46.312,46.468
75.895,train:DC6,99.6,277.40234375,17.9,4100.578125,4281.0,0.0,4472.0,996.0,1196.0,46.156,46.5
76.397,train:DC6,99.5,331.65234375,19.9,4148.5390625,4312.0,0.0,4472.0,996.0,1196.0,46.187,46.312
76.899,train:DC1,99.7,269.33984375,17.3,4100.45703125,4269.0,0.0,4392.0,996.0,1196.0,46.5,46.5
77.401,train:DC1,101.7,335.15234375,24.8,4149.8671875,4320.0,0.0,4432.0,996.0,1196.0,46.437,46.437
77.902,train:DC1,97.7,348.40234375,31.2,4148.6640625,4321.0,0.0,4704.0,1234.0,1236.0,46.375,46.531
78.404,train:DC1,99.7,307.65234375,18.7,4117.3984375,4298.0,0.0,4625.0,1116.0,1236.0,46.312,46.406
78.906,train:DC1,99.6,348.40234375,17.4,4148.3046875,4320.0,0.0,4512.0,1036.0,1196.0,46.562,46.312
79.408,train:DC2,101.6,302.7265625,17.9,4114.37890625,4284.0,0.0,4432.0,996.0,1196.0,46.437,46.437
79.909,train:DC2,97.7,348.40234375,17.7,4147.28515625,4321.0,0.0,4512.0,996.0,1196.0,46.437,46.437
80.425,train:DC2,101.0,269.33984375,24.9,4072.22265625,4277.0,0.0,4552.0,1036.0,1196.0,46.593,46.593
80.928,train:DC2,99.2,335.15234375,17.6,4148.8984375,4317.0,0.0,4552.0,1036.0,1196.0,46.656,46.656
81.430,train:DC2,99.6,348.40234375,20.3,4150.3359375,4320.0,0.0,4512.0,1036.0,1196.0,46.468,46.5
81.932,train:DC2,101.6,305.4453125,17.6,4120.96484375,4312.0,0.0,4472.0,996.0,1196.0,46.437,46.437
82.434,train:DC3,99.6,348.40234375,18.2,4158.25,4314.0,0.0,4432.0,996.0,1196.0,46.312,46.468
82.936,train:DC3,97.7,310.1015625,16.8,4125.5625,4321.0,0.0,4432.0,996.0,1196.0,46.343,46.375
83.439,train:DC3,99.4,348.40234375,20.2,4157.44921875,4327.0,0.0,4472.0,996.0,1196.0,46.281,46.468
83.940,train:DC3,101.7,275.24609375,20.1,4085.8046875,4295.0,0.0,4512.0,1076.0,1236.0,46.281,46.375
84.443,train:DC3,99.4,339.65234375,19.2,4146.6015625,4325.0,0.0,4472.0,996.0,1196.0,46.562,46.562
84.945,train:DC4,99.7,273.24609375,17.7,4081.6484375,4270.0,0.0,4472.0,996.0,1196.0,46.312,46.312
85.447,train:DC4,99.7,339.65234375,18.6,4149.21875,4323.0,0.0,4472.0,996.0,1196.0,46.375,46.437
85.948,train:DC4,99.7,348.40234375,17.0,4144.66796875,4255.0,0.0,4472.0,996.0,1196.0,46.25,46.468
86.450,train:DC4,97.7,315.453125,18.4,4113.92578125,4313.0,0.0,4472.0,996.0,1196.0,46.281,46.468
86.952,train:DC4,101.6,348.40234375,21.9,4146.08203125,4316.0,0.0,4585.0,1076.0,1236.0,46.25,46.375
87.454,train:DC4,99.6,278.98828125,17.7,4089.453125,4297.0,0.0,4472.0,996.0,1196.0,46.312,46.437
87.956,train:DC5,97.7,348.40234375,17.7,4146.1796875,4314.0,0.0,4432.0,996.0,1196.0,46.593,46.593
88.458,train:DC5,101.6,273.24609375,18.3,4086.77734375,4300.0,0.0,4432.0,996.0,1196.0,46.281,46.343
88.959,train:DC5,99.6,339.65234375,25.3,4137.64453125,4315.0,0.0,4432.0,996.0,1196.0,46.406,46.593
89.461,train:DC5,101.6,348.40234375,27.2,4149.8125,4273.0,0.0,4472.0,1036.0,1236.0,46.531,46.531
89.963,train:DC5,97.6,309.65234375,29.7,4116.109375,4315.0,0.0,4585.0,1116.0,1236.0,46.312,46.562
90.466,train:DC5,99.6,333.48046875,51.8,4147.765625,4318.0,68.0,4904.0,1313.0,1234.0,46.531,46.562
90.968,train:DC6,99.6,281.41796875,43.1,4089.26953125,4311.0,32.0,5254.0,1552.0,1273.0,46.718,46.718
91.470,train:DC6,101.6,335.16796875,39.0,4133.2421875,4318.0,6.0,5175.0,1512.0,1273.0,46.687,46.687
91.971,train:DC6,97.7,348.41796875,41.1,4145.03515625,4276.0,21.0,5095.0,1433.0,1273.0,46.593,46.593
92.473,train:DC6,99.6,299.484375,41.0,4098.9765625,4316.0,19.0,5135.0,1433.0,1273.0,46.5,46.5
92.976,train:DC6,99.5,344.16796875,43.0,4143.22265625,4278.0,25.0,5135.0,1472.0,1273.0,46.75,46.593
93.478,train:DC1,101.6,269.35546875,36.1,4082.0859375,4312.0,3.0,5023.0,1433.0,1234.0,46.656,46.656
93.981,train:DC1,97.4,332.953125,36.8,4143.48046875,4333.0,4.0,4944.0,1393.0,1234.0,46.593,47.031
94.483,train:DC1,101.6,348.41796875,39.5,4158.80859375,4290.0,21.0,4984.0,1393.0,1234.0,46.531,46.593
94.985,train:DC1,99.5,289.41796875,42.0,4097.72265625,4327.0,40.0,5023.0,1433.0,1234.0,46.593,46.593
95.487,train:DC1,99.6,342.30859375,38.6,4156.65234375,4252.0,21.0,5095.0,1472.0,1234.0,46.468,46.656
95.989,train:DC1,97.5,348.41796875,42.5,4162.50390625,4316.0,4.0,4984.0,1353.0,1234.0,46.593,46.593
96.491,train:DC2,99.7,333.16796875,39.1,4142.88671875,4326.0,4.0,5055.0,1472.0,1234.0,46.468,46.593
96.993,train:DC2,99.6,348.41796875,37.5,4156.63671875,4314.0,4.0,4984.0,1393.0,1234.0,46.406,46.531
97.495,train:DC2,101.6,299.77734375,36.1,4106.56640625,4333.0,21.0,4904.0,1353.0,1234.0,46.687,46.687
97.998,train:DC2,99.5,346.16796875,36.5,4157.2265625,4277.0,22.0,4944.0,1313.0,1234.0,46.687,46.687
98.500,train:DC2,97.5,348.41796875,38.0,4160.26953125,4323.0,22.0,4904.0,1273.0,1234.0,46.562,46.656
99.002,train:DC2,101.6,312.68359375,41.3,4127.203125,4331.0,4.0,4904.0,1313.0,1234.0,46.75,46.75
99.504,train:DC3,97.6,348.41796875,50.3,4162.73046875,4319.0,4.0,5135.0,1512.0,1273.0,47.156,47.156
100.006,train:DC3,99.6,281.41796875,52.2,4091.81640625,4334.0,0.0,5334.0,1629.0,1273.0,46.781,46.781
100.508,train:DC3,99.7,337.66796875,44.1,4151.02734375,4272.0,14.0,5175.0,1472.0,1273.0,46.625,46.625
101.010,train:DC3,99.6,348.41796875,51.2,4163.71484375,4326.0,16.0,5374.0,1589.0,1273.0,46.531,46.843
101.512,train:DC3,99.6,300.421875,23.8,4113.62890625,4329.0,0.0,4864.0,1273.0,1234.0,46.562,46.593
102.014,train:DC3,99.7,333.49609375,27.5,4137.3359375,4284.0,22.0,4665.0,1156.0,1236.0,46.562,46.718
102.516,train:DC4,99.6,273.26171875,41.1,4083.546875,4324.0,22.0,4904.0,1313.0,1234.0,46.656,46.562
103.019,train:DC4,99.5,335.16796875,27.7,4147.1328125,4282.0,0.0,4744.0,1234.0,1236.0,46.656,46.781
103.520,train:DC4,97.6,348.41796875,31.4,4161.375,4324.0,0.0,4704.0,1156.0,1236.0,47.0,47.0
104.022,train:DC4,99.6,289.41796875,34.0,4093.2890625,4322.0,3.0,4784.0,1234.0,1236.0,46.687,46.687
104.524,train:DC4,97.6,342.21875,36.2,4146.17578125,4293.0,8.0,4984.0,1393.0,1234.0,46.593,46.593
105.026,train:DC5,101.6,271.26171875,30.2,4076.7421875,4307.0,0.0,4904.0,1353.0,1234.0,46.468,46.656
105.529,train:DC5,99.6,334.3046875,24.9,4147.32421875,4294.0,0.0,4665.0,1156.0,1236.0,46.593,46.687
106.031,train:DC5,97.6,348.41796875,19.3,4158.94140625,4329.0,0.0,4545.0,1036.0,1196.0,46.406,46.625
106.533,train:DC5,99.6,297.41796875,29.7,4098.54296875,4247.0,23.0,4665.0,1156.0,1236.0,46.437,46.593
107.035,train:DC5,97.5,341.28125,38.5,4151.08984375,4321.0,4.0,4904.0,1313.0,1234.0,46.5,46.656
107.537,train:DC5,101.6,348.41796875,29.5,4162.64453125,4333.0,0.0,4784.0,1234.0,1236.0,46.593,46.843
108.039,train:DC6,97.7,333.0390625,27.8,4149.16796875,4304.0,0.0,4744.0,1194.0,1236.0,46.593,46.656
108.541,train:DC6,99.5,348.41796875,45.6,4177.828125,4348.0,0.0,4984.0,1313.0,1234.0,46.718,46.781
109.043,train:DC6,97.6,273.26171875,48.3,4101.9921875,4341.0,4.0,5095.0,1433.0,1234.0,46.875,46.875
109.545,train:DC6,99.6,333.16796875,62.1,4158.203125,4320.0,9.0,5413.0,1669.0,1273.0,47.0,47.0
110.050,train:DC6,101.0,348.41796875,65.9,4166.78125,4337.0,0.0,5533.0,1708.0,1273.0,46.843,46.843
110.552,train:DC6,97.6,279.00390625,30.9,4098.90234375,4261.0,0.0,5103.0,1393.0,1234.0,46.625,46.718
111.054,train:DC1,101.6,348.41796875,36.8,4177.79296875,4348.0,4.0,4904.0,1313.0,1234.0,46.593,46.687
111.556,train:DC1,97.5,348.41796875,43.3,4174.890625,4345.0,4.0,5095.0,1512.0,1234.0,46.625,46.656
112.058,train:DC1,99.6,327.76953125,27.1,4150.83203125,4345.0,4.0,5095.0,1512.0,1234.0,46.625,46.656
112.560,train:DC1,99.6,348.41796875,22.1,4176.84765625,4329.0,0.0,4784.0,1273.0,1236.0,46.562,46.687
113.063,train:DC1,97.5,291.41796875,17.3,4120.03515625,4347.0,0.0,4545.0,1076.0,1196.0,46.781,46.781
113.565,train:DC1,101.5,331.66796875,28.7,4167.80078125,4294.0,0.0,4432.0,996.0,1196.0,46.843,46.843
114.075,train:DC2,98.1,269.35546875,38.5,4111.4453125,4346.0,23.0,4665.0,1116.0,1236.0,46.593,46.687
114.580,train:DC2,99.0,331.33203125,40.5,4177.9609375,4284.0,25.0,4904.0,1313.0,1234.0,46.562,46.906
115.083,train:DC2,99.5,348.41796875,21.9,4188.20703125,4347.0,0.0,5015.0,1393.0,1234.0,46.781,46.781
115.585,train:DC2,101.6,295.41796875,22.9,4133.703125,4357.0,0.0,4744.0,1194.0,1236.0,46.656,46.843
116.087,train:DC2,99.5,343.36328125,32.6,4187.203125,4322.0,0.0,4665.0,1156.0,1236.0,46.593,46.687
116.591,train:DC3,99.3,269.35546875,38.7,4111.47265625,4356.0,4.0,4864.0,1273.0,1234.0,46.593,46.937
117.093,train:DC3,99.5,333.16796875,32.4,4178.05078125,4296.0,4.0,5023.0,1472.0,1234.0,46.75,46.75
117.595,train:DC3,99.6,348.41796875,26.6,4184.2734375,4347.0,0.0,4824.0,1273.0,1234.0,46.687,46.843
118.097,train:DC3,99.6,295.41796875,26.8,4127.578125,4352.0,0.0,4744.0,1234.0,1236.0,46.906,46.906
118.600,train:DC3,97.5,343.7109375,35.3,4177.6015625,4324.0,0.0,4545.0,1076.0,1236.0,46.781,46.781
119.102,train:DC3,101.6,348.41796875,37.0,4174.08984375,4344.0,14.0,4864.0,1273.0,1234.0,46.906,46.906
119.604,train:DC4,99.6,335.16796875,30.2,4166.109375,4291.0,4.0,4944.0,1393.0,1234.0,46.75,46.75
120.107,train:DC4,99.5,348.41796875,20.1,4174.34765625,4344.0,0.0,4704.0,1194.0,1236.0,46.593,46.875
120.609,train:DC4,99.6,313.890625,22.1,4147.30078125,4285.0,0.0,4585.0,1076.0,1196.0,46.781,46.781
121.111,train:DC4,101.6,348.41796875,40.3,4176.49609375,4340.0,0.0,4625.0,1116.0,1236.0,47.031,47.031
121.622,train:DC4,99.7,269.35546875,39.9,4101.80859375,4346.0,4.0,4944.0,1353.0,1234.0,46.843,46.843
122.127,train:DC4,99.2,326.38671875,27.6,4157.546875,4309.0,4.0,5055.0,1472.0,1234.0,46.843,46.843
122.629,train:DC5,99.5,348.41796875,23.6,4177.91796875,4335.0,0.0,4704.0,1194.0,1236.0,46.593,46.812
123.131,train:DC5,99.5,332.32421875,18.2,4162.015625,4303.0,0.0,4585.0,1116.0,1236.0,46.718,46.875
123.633,train:DC5,99.6,348.41796875,30.2,4171.75390625,4339.0,0.0,4472.0,1036.0,1196.0,46.75,46.75
124.136,train:DC5,99.5,293.41796875,41.4,4115.703125,4278.0,21.0,4744.0,1194.0,1236.0,46.656,46.718
124.639,train:DC5,99.4,341.015625,40.9,4167.5234375,4332.0,24.0,4944.0,1353.0,1234.0,46.75,46.75
125.141,train:DC6,99.5,269.35546875,41.8,4098.8671875,4335.0,22.0,4984.0,1353.0,1234.0,46.781,46.781
125.643,train:DC6,99.6,335.16796875,21.2,4153.83203125,4322.0,0.0,4944.0,1313.0,1234.0,46.593,46.718
126.145,train:DC6,99.5,348.41796875,19.9,4171.125,4339.0,0.0,4585.0,1076.0,1236.0,46.656,46.812
126.648,train:DC6,101.5,305.84375,33.0,4125.29296875,4298.0,0.0,4512.0,1036.0,1196.0,46.687,46.875
127.150,train:DC6,99.6,346.16796875,48.6,4163.49609375,4340.0,25.0,4824.0,1273.0,1234.0,46.75,46.781
127.652,train:DC6,99.7,348.41796875,32.5,4164.50390625,4332.0,4.0,5095.0,1472.0,1234.0,46.75,46.75
128.154,train:DC1,99.6,339.66796875,24.3,4167.7578125,4323.0,0.0,4744.0,1234.0,1236.0,46.75,46.75
128.656,train:DC1,99.6,348.41796875,26.3,4175.15234375,4344.0,0.0,4625.0,1116.0,1236.0,47.031,47.031
129.158,train:DC1,99.6,310.14453125,33.6,4138.453125,4318.0,5.0,4585.0,1116.0,1236.0,47.062,47.062
129.660,train:DC1,99.6,348.41796875,40.7,4171.9296875,4339.0,4.0,4904.0,1353.0,1234.0,46.875,46.968
130.162,train:DC1,103.6,269.35546875,33.5,4098.3671875,4285.0,4.0,4984.0,1433.0,1234.0,47.0,47.0
130.679,train:DC1,94.7,326.38671875,24.5,4155.30859375,4340.0,0.0,4784.0,1234.0,1236.0,46.781,46.875
131.181,train:DC2,101.6,348.41796875,24.7,4176.44140625,4269.0,0.0,4625.0,1156.0,1196.0,46.562,46.812
131.683,train:DC2,99.6,320.51953125,33.4,4145.84375,4334.0,11.0,4625.0,1116.0,1236.0,46.906,46.906
132.185,train:DC2,99.6,348.41796875,36.7,4174.7890625,4338.0,4.0,4984.0,1433.0,1234.0,46.968,46.968
132.687,train:DC2,99.6,283.41796875,25.3,4113.65625,4304.0,2.0,5023.0,1472.0,1234.0,46.75,46.812
133.190,train:DC2,101.4,339.66796875,24.7,4161.1875,4337.0,0.0,4625.0,1156.0,1236.0,46.812,46.812
133.691,train:DC3,97.7,269.35546875,21.2,4094.58203125,4265.0,0.0,4665.0,1156.0,1236.0,46.687,46.843
134.194,train:DC3,101.4,333.16796875,33.2,4154.75,4334.0,31.0,4625.0,1116.0,1236.0,46.968,46.781
134.696,train:DC3,97.6,348.41796875,39.7,4167.94140625,4341.0,8.0,4944.0,1353.0,1234.0,47.187,47.187
135.198,train:DC3,101.5,295.41796875,26.8,4115.7578125,4313.0,3.0,4984.0,1433.0,1234.0,46.843,46.968
135.700,train:DC3,97.6,346.16796875,22.0,4166.19921875,4336.0,0.0,4704.0,1154.0,1236.0,46.937,46.937
136.202,train:DC3,101.6,348.41796875,23.3,4164.4140625,4290.0,0.0,4625.0,1116.0,1236.0,46.812,46.812
136.704,train:DC4,97.6,339.66796875,40.0,4157.50390625,4326.0,9.0,4744.0,1194.0,1236.0,46.843,46.875
137.206,train:DC4,101.6,348.41796875,36.1,4171.14453125,4280.0,4.0,4984.0,1393.0,1234.0,47.031,47.031
137.708,train:DC4,99.6,307.66796875,32.1,4123.09375,4336.0,0.0,4904.0,1353.0,1234.0,46.937,46.937
138.210,train:DC4,99.6,348.41796875,29.6,4166.6953125,4337.0,0.0,4864.0,1313.0,1234.0,46.906,46.906
138.712,train:DC4,101.6,348.41796875,32.6,4164.01953125,4307.0,9.0,4744.0,1194.0,1236.0,46.843,46.843
139.230,train:DC4,98.5,323.26171875,34.9,4153.67578125,4338.0,4.0,4864.0,1273.0,1234.0,46.843,46.875
139.732,train:DC5,99.6,348.41796875,29.2,4170.3828125,4298.0,0.0,4904.0,1353.0,1234.0,46.781,46.781
140.233,train:DC5,99.6,320.7890625,17.5,4144.67578125,4340.0,0.0,4545.0,1076.0,1196.0,47.0,47.0
140.735,train:DC5,97.7,348.41796875,19.1,4164.4765625,4261.0,0.0,4512.0,1036.0,1196.0,46.75,46.968
141.237,train:DC5,101.6,281.41796875,34.3,4104.87890625,4326.0,21.0,4625.0,1116.0,1236.0,46.906,46.906
141.739,train:DC5,99.6,337.421875,37.6,4156.578125,4333.0,12.0,4904.0,1273.0,1234.0,46.906,46.906
142.247,train:DC5,100.4,269.35546875,21.2,4086.66796875,4288.0,0.0,4744.0,1234.0,1236.0,46.781,46.843
142.753,train:DC6,98.8,333.515625,23.5,4149.3828125,4335.0,0.0,4625.0,1116.0,1236.0,47.031,47.031
143.255,train:DC6,99.6,348.41796875,17.1,4167.2109375,4285.0,0.0,4472.0,1036.0,1196.0,46.781,46.812
143.757,train:DC6,101.6,301.54296875,21.4,4116.43359375,4335.0,0.0,4432.0,996.0,1196.0,46.875,46.875
144.259,train:DC6,97.6,348.41796875,22.7,4167.5234375,4331.0,0.0,4625.0,1076.0,1236.0,47.125,47.125
144.773,train:DC6,101.2,269.35546875,17.5,4094.46484375,4318.0,0.0,4472.0,996.0,1196.0,46.781,46.906
145.277,train:DC1,99.2,346.16796875,18.7,4160.734375,4326.0,0.0,4472.0,996.0,1196.0,46.75,46.875
145.778,train:DC1,99.6,348.41796875,23.3,4170.70703125,4317.0,0.0,4472.0,996.0,1196.0,46.781,46.906
146.280,train:DC1,99.6,326.66796875,18.2,4146.33203125,4331.0,0.0,4512.0,996.0,1196.0,46.75,46.75
146.782,train:DC1,99.6,348.41796875,17.4,4161.9453125,4286.0,0.0,4432.0,996.0,1196.0,46.656,46.75
147.284,train:DC1,99.6,295.41796875,18.9,4111.078125,4331.0,0.0,4472.0,996.0,1196.0,46.812,46.812
147.786,train:DC1,99.6,333.49609375,17.4,4155.3125,4330.0,0.0,4432.0,996.0,1196.0,46.656,46.937
148.288,train:DC2,99.6,289.41796875,17.6,4106.79296875,4329.0,0.0,4432.0,996.0,1196.0,46.75,47.125
148.790,train:DC2,99.6,339.66796875,24.7,4161.44140625,4339.0,0.0,4432.0,996.0,1196.0,46.687,46.843
149.293,train:DC2,101.5,348.41796875,27.4,4177.1171875,4327.0,0.0,4665.0,1156.0,1236.0,47.0,47.0
149.795,train:DC2,97.5,313.91796875,17.4,4144.32421875,4345.0,0.0,4472.0,1036.0,1196.0,47.062,47.062
150.297,train:DC2,101.5,348.41796875,43.5,4176.4296875,4294.0,13.0,4744.0,1196.0,1236.0,46.968,47.0
150.800,train:DC3,99.5,295.41796875,38.9,4125.39453125,4339.0,22.0,4944.0,1353.0,1234.0,46.906,46.906
151.303,train:DC3,99.4,346.16796875,22.3,4174.3046875,4277.0,0.0,4744.0,1194.0,1236.0,46.718,47.0
151.805,train:DC3,99.5,348.41796875,28.3,4179.015625,4339.0,0.0,4665.0,1116.0,1236.0,46.843,46.875
152.307,train:DC3,99.6,313.91796875,41.1,4141.66015625,4346.0,4.0,4944.0,1353.0,1234.0,46.843,46.937
152.809,train:DC3,99.6,348.41796875,39.6,4179.7265625,4306.0,4.0,5095.0,1472.0,1234.0,46.843,46.906
153.312,train:DC3,99.5,269.35546875,26.8,4107.06640625,4345.0,0.0,4824.0,1273.0,1236.0,47.062,47.062
153.814,train:DC4,99.6,346.16796875,36.2,4176.07421875,4296.0,0.0,4665.0,1196.0,1236.0,46.906,46.906
154.316,train:DC4,99.6,348.41796875,37.1,4182.8046875,4346.0,22.0,4904.0,1273.0,1234.0,46.937,46.937
154.818,train:DC4,101.5,316.9453125,36.9,4148.70703125,4349.0,4.0,4944.0,1353.0,1234.0,47.156,47.156
155.320,train:DC4,97.6,348.41796875,32.8,4172.62109375,4320.0,0.0,4904.0,1313.0,1234.0,46.906,46.906
155.823,train:DC4,101.5,273.26171875,23.3,4102.953125,4343.0,0.0,4625.0,1116.0,1236.0,46.937,46.968
156.325,train:DC4,99.6,330.04296875,27.3,4161.41015625,4281.0,0.0,4585.0,1076.0,1236.0,46.937,46.937
156.827,train:DC5,99.5,348.41796875,39.4,4171.66015625,4343.0,5.0,4864.0,1273.0,1234.0,47.062,47.062
157.329,train:DC5,99.6,322.16796875,39.1,4155.765625,4272.0,4.0,4984.0,1393.0,1234.0,46.906,46.906
157.831,train:DC5,99.6,348.41796875,27.7,4175.9140625,4333.0,0.0,4744.0,1234.0,1236.0,46.843,47.093
158.333,train:DC5,99.6,281.41796875,28.9,4113.578125,4349.0,0.0,4744.0,1194.0,1236.0,46.937,46.937
158.835,train:DC5,99.6,339.66796875,22.4,4170.01953125,4313.0,0.0,4585.0,1076.0,1236.0,47.062,47.062
159.340,train:DC6,101.1,269.35546875,36.6,4097.26953125,4328.0,4.0,4784.0,1234.0,1236.0,47.031,47.031
159.842,train:DC6,99.5,333.16796875,36.6,4163.3984375,4292.0,4.0,4944.0,1433.0,1234.0,46.968,47.093
160.344,train:DC6,97.7,348.41796875,24.8,4170.11328125,4342.0,0.0,4744.0,1234.0,1236.0,47.031,47.093
160.846,train:DC6,101.6,301.54296875,21.1,4127.07421875,4345.0,0.0,4585.0,1116.0,1236.0,46.937,47.031
161.348,train:DC6,99.6,346.16796875,41.0,4173.49609375,4322.0,8.0,4944.0,1353.0,1234.0,47.031,47.031
161.850,train:DC6,99.6,348.41796875,36.8,4180.67578125,4353.0,4.0,5023.0,1433.0,1234.0,46.843,46.937
162.352,train:DC1,101.6,335.16796875,27.4,4168.26953125,4315.0,0.0,4784.0,1273.0,1236.0,47.156,46.968
162.854,train:DC1,97.6,348.41796875,22.8,4179.8828125,4352.0,0.0,4585.0,1116.0,1236.0,47.218,47.218
163.356,train:DC1,101.6,307.66796875,21.0,4135.65625,4276.0,0.0,4552.0,1076.0,1196.0,46.875,47.093
163.858,train:DC1,97.6,348.41796875,36.6,4177.6796875,4343.0,4.0,4824.0,1273.0,1236.0,47.031,47.031
164.360,train:DC1,101.6,348.41796875,42.1,4179.82421875,4352.0,5.0,5103.0,1472.0,1234.0,47.093,47.125
164.862,train:DC1,99.6,319.640625,20.9,4146.90625,4303.0,0.0,4704.0,1196.0,1236.0,46.906,46.968
165.364,train:DC2,97.6,348.41796875,24.2,4178.359375,4350.0,0.0,4585.0,1116.0,1236.0,46.875,47.218
165.866,train:DC2,99.7,313.37109375,19.4,4144.859375,4301.0,0.0,4552.0,1076.0,1236.0,46.906,47.0
166.367,train:DC2,101.6,348.41796875,39.0,4175.359375,4347.0,24.0,4864.0,1273.0,1236.0,47.125,47.125
166.869,train:DC2,99.6,348.41796875,37.5,4175.82421875,4348.0,4.0,5023.0,1393.0,1234.0,47.343,47.343
167.371,train:DC2,99.7,326.66796875,25.3,4157.79296875,4330.0,0.0,4744.0,1194.0,1236.0,47.125,47.156
167.873,train:DC2,99.7,333.49609375,20.8,4164.83203125,4337.0,0.0,4512.0,1076.0,1196.0,47.062,47.062
168.375,train:DC3,99.6,320.16796875,17.8,4147.23828125,4337.0,0.0,4512.0,1076.0,1196.0,47.062,47.062
168.877,train:DC3,99.6,348.41796875,37.7,4175.62109375,4319.0,0.0,4472.0,996.0,1196.0,46.875,47.062
169.381,train:DC3,101.2,269.35546875,39.9,4099.44921875,4348.0,16.0,4784.0,1234.0,1236.0,46.906,47.0
169.882,train:DC3,97.7,330.48046875,35.5,4159.77734375,4271.0,22.0,4944.0,1313.0,1234.0,46.812,47.062
170.384,train:DC3,97.7,348.41796875,18.5,4176.01953125,4340.0,0.0,4864.0,1273.0,1234.0,47.375,47.375
170.886,train:DC4,99.7,318.71875,22.7,4149.5078125,4348.0,0.0,4545.0,1076.0,1236.0,47.375,47.375
171.388,train:DC4,101.6,348.41796875,45.3,4180.56640625,4329.0,0.0,4545.0,1076.0,1236.0,47.156,47.218
171.890,train:DC4,97.6,348.41796875,43.7,4178.875,4354.0,4.0,5023.0,1393.0,1273.0,47.437,47.437
172.392,train:DC4,99.6,321.39453125,26.4,4155.69140625,4278.0,4.0,5095.0,1512.0,1234.0,47.187,47.312
172.894,train:DC4,99.6,348.41796875,20.1,4186.38671875,4343.0,0.0,4704.0,1196.0,1236.0,46.843,46.937
173.396,train:DC4,99.6,275.23046875,25.4,4125.94140625,4358.0,0.0,4585.0,1076.0,1196.0,46.812,47.156
173.898,train:DC5,99.6,346.16796875,41.5,4198.96484375,4319.0,12.0,4585.0,1076.0,1236.0,46.812,47.0
174.400,train:DC5,97.6,348.41796875,36.7,4184.37890625,4371.0,24.0,4864.0,1313.0,1234.0,47.437,47.437
174.902,train:DC5,99.6,309.66796875,22.8,4147.82421875,4287.0,3.0,4904.0,1353.0,1234.0,47.062,47.187
175.404,train:DC5,99.6,348.41796875,18.3,4188.60546875,4343.0,0.0,4625.0,1116.0,1236.0,46.968,47.187
175.910,train:DC5,100.8,269.35546875,20.8,4100.953125,4361.0,0.0,4505.0,1036.0,1196.0,46.812,47.062
176.412,train:DC5,97.6,322.73046875,40.2,4152.20703125,4302.0,21.0,4552.0,1076.0,1236.0,47.0,47.031
176.914,train:DC6,101.5,348.41796875,44.9,4165.87109375,4329.0,4.0,4904.0,1313.0,1234.0,47.187,47.031
177.416,train:DC6,97.6,313.91796875,24.7,4153.578125,4306.0,4.0,5095.0,1472.0,1234.0,47.156,47.156
177.918,train:DC6,101.6,348.41796875,20.6,4164.91796875,4341.0,0.0,4704.0,1196.0,1236.0,47.093,47.031
178.420,train:DC6,99.7,271.515625,20.9,4095.5625,4337.0,0.0,4585.0,1116.0,1236.0,47.25,47.25
178.922,train:DC6,99.6,333.16796875,36.8,4155.69921875,4313.0,11.0,4665.0,1156.0,1236.0,47.062,47.281
179.424,train:DC6,99.6,333.49609375,36.1,4157.97265625,4340.0,12.0,4904.0,1273.0,1234.0,46.968,47.031
179.926,train:DC1,99.6,313.91796875,26.8,4131.9140625,4295.0,2.0,4904.0,1353.0,1234.0,47.125,47.218
180.428,train:DC1,99.6,348.41796875,21.1,4166.57421875,4340.0,0.0,4665.0,1156.0,1236.0,47.312,47.312
180.930,train:DC1,101.6,271.515625,22.7,4100.43359375,4339.0,0.0,4625.0,1116.0,1236.0,47.156,47.156
181.432,train:DC1,97.6,334.109375,37.1,4153.5859375,4322.0,4.0,4704.0,1156.0,1236.0,47.25,47.25
181.934,train:DC1,99.6,348.41796875,38.2,4169.9375,4346.0,4.0,5023.0,1393.0,1234.0,47.125,47.125
182.435,train:DC2,99.7,318.03125,24.7,4136.21484375,4281.0,0.0,4944.0,1353.0,1234.0,47.062,47.062
182.937,train:DC2,99.6,348.41796875,25.3,4171.57421875,4344.0,0.0,4625.0,1156.0,1236.0,46.968,47.093
183.439,train:DC2,99.7,273.140625,21.3,4095.27734375,4272.0,0.0,4625.0,1156.0,1236.0,46.968,47.093
183.941,train:DC2,101.6,334.609375,37.0,4155.4375,4330.0,4.0,4704.0,1194.0,1236.0,47.25,47.25
184.443,train:DC2,99.6,348.41796875,39.3,4171.875,4336.0,4.0,4944.0,1393.0,1234.0,47.593,47.593
184.944,train:DC2,99.7,290.4296875,22.7,4117.83203125,4302.0,0.0,4864.0,1353.0,1234.0,47.25,47.25
185.446,train:DC3,99.6,348.41796875,18.7,4171.59765625,4329.0,0.0,4545.0,1116.0,1196.0,47.093,47.125
185.948,train:DC3,101.6,273.26171875,36.6,4097.34375,4291.0,4.0,4744.0,1194.0,1236.0,47.125,47.125
186.450,train:DC3,95.6,333.16796875,43.8,4158.34375,4337.0,4.0,5063.0,1472.0,1234.0,47.156,47.156
186.952,train:DC3,101.6,348.41796875,25.0,4168.5234375,4338.0,0.0,5023.0,1393.0,1234.0,47.062,47.156
187.454,train:DC3,99.7,295.41796875,23.1,4112.33984375,4313.0,0.0,4625.0,1156.0,1236.0,47.125,47.125
187.956,train:DC3,99.6,333.49609375,21.1,4159.953125,4340.0,0.0,4585.0,1116.0,1236.0,47.25,47.25
188.458,train:DC4,99.6,272.5625,38.9,4096.625,4305.0,24.0,4665.0,1196.0,1236.0,47.187,47.187
188.960,train:DC4,99.6,333.546875,39.3,4157.67578125,4346.0,19.0,4904.0,1313.0,1234.0,47.187,47.187
189.462,train:DC4,99.6,348.41796875,32.1,4165.04296875,4338.0,0.0,5023.0,1393.0,1234.0,47.343,47.343
189.964,train:DC4,101.6,295.41796875,23.5,4114.2265625,4327.0,0.0,4665.0,1156.0,1236.0,47.125,47.156
190.466,train:DC4,97.6,346.16796875,23.3,4163.5234375,4338.0,0.0,4545.0,1076.0,1236.0,47.0,47.218
190.968,train:DC5,101.6,273.26171875,39.1,4095.80859375,4289.0,3.0,4744.0,1234.0,1236.0,47.281,47.375
191.470,train:DC5,97.6,335.16796875,36.2,4161.37109375,4338.0,4.0,4984.0,1433.0,1234.0,47.218,47.187
191.972,train:DC5,101.6,348.41796875,18.5,4174.31640625,4283.0,0.0,4784.0,1273.0,1236.0,47.343,47.343
192.474,train:DC5,97.6,302.34375,22.6,4120.5859375,4336.0,0.0,4625.0,1116.0,1236.0,47.218,47.218
192.976,train:DC5,101.6,348.41796875,20.6,4173.38671875,4340.0,0.0,4585.0,1076.0,1236.0,47.156,47.156
193.478,train:DC5,99.6,348.41796875,37.2,4166.0703125,4315.0,22.0,4744.0,1154.0,1236.0,47.062,47.187
193.980,train:DC6,99.6,338.734375,36.3,4159.28515625,4333.0,22.0,4864.0,1273.0,1234.0,47.187,47.187
194.481,train:DC6,99.6,348.41796875,17.9,4166.91796875,4300.0,0.0,4625.0,1156.0,1236.0,47.0,47.062
194.983,train:DC6,99.6,309.03125,18.1,4133.77734375,4340.0,0.0,4465.0,1036.0,1196.0,47.062,47.093
195.485,train:DC6,99.6,348.41796875,22.7,4171.84375,4270.0,0.0,4432.0,996.0,1196.0,47.187,47.187
195.990,train:DC6,99.1,269.35546875,18.2,4102.09375,4330.0,0.0,4472.0,1036.0,1236.0,47.062,47.062
196.492,train:DC6,101.7,326.38671875,17.7,4159.97265625,4339.0,0.0,4432.0,996.0,1196.0,47.125,47.125
196.993,train:DC1,99.6,348.41796875,17.7,4175.42578125,4329.0,0.0,4472.0,996.0,1196.0,47.0,47.125
197.495,train:DC1,99.6,326.66796875,17.9,4152.88671875,4342.0,0.0,4432.0,996.0,1196.0,47.281,47.281
197.997,train:DC1,99.7,348.41796875,17.7,4168.86328125,4298.0,0.0,4432.0,996.0,1196.0,47.093,47.218
198.499,train:DC1,99.6,289.41796875,22.8,4114.65625,4348.0,0.0,4472.0,996.0,1196.0,47.125,47.406
199.001,train:DC1,99.6,344.16796875,17.8,4172.07421875,4342.0,0.0,4505.0,1036.0,1196.0,47.062,47.281
199.503,train:DC2,99.7,272.640625,25.2,4098.14453125,4325.0,0.0,4432.0,996.0,1196.0,46.968,47.156
200.004,train:DC2,99.7,335.16796875,23.7,4156.234375,4354.0,0.0,4665.0,1156.0,1236.0,46.968,47.125
200.506,train:DC2,99.7,348.41796875,17.3,4170.4609375,4327.0,0.0,4472.0,1036.0,1196.0,47.156,47.093
201.008,train:DC2,99.6,307.66796875,19.1,4135.9765625,4349.0,0.0,4472.0,996.0,1196.0,47.406,47.406
201.510,train:DC2,99.6,348.41796875,18.7,4170.40234375,4288.0,0.0,4472.0,996.0,1196.0,47.093,47.093
202.022,train:DC2,99.5,269.35546875,22.5,4101.67578125,4339.0,0.0,4512.0,1036.0,1236.0,47.125,47.187
202.526,train:DC3,101.2,346.16796875,17.3,4168.58203125,4284.0,0.0,4472.0,996.0,1196.0,46.968,47.093
203.028,train:DC3,99.7,348.41796875,18.9,4175.7421875,4340.0,0.0,4432.0,996.0,1196.0,47.031,47.187
203.530,train:DC3,97.7,318.390625,17.1,4141.6796875,4341.0,0.0,4432.0,996.0,1196.0,47.062,47.093
204.031,train:DC3,101.6,348.41796875,17.9,4180.2109375,4304.0,0.0,4392.0,956.0,1196.0,47.062,47.062
204.533,train:DC3,97.7,270.328125,17.3,4097.43359375,4342.0,0.0,4392.0,956.0,1196.0,47.156,47.156
205.035,train:DC3,101.7,323.23046875,22.7,4155.7734375,4343.0,0.0,4505.0,1036.0,1196.0,47.062,47.125
205.537,train:DC4,99.6,348.41796875,17.1,4174.08984375,4339.0,0.0,4432.0,996.0,1196.0,46.937,47.218
206.039,train:DC4,99.7,320.16796875,18.7,4142.390625,4342.0,0.0,4432.0,996.0,1196.0,47.062,47.093
206.541,train:DC4,101.6,348.41796875,17.3,4174.02734375,4323.0,0.0,4432.0,996.0,1196.0,47.25,47.25
207.042,train:DC4,99.6,285.41796875,18.6,4107.03125,4348.0,0.0,4392.0,956.0,1196.0,47.062,47.093
207.545,train:DC4,97.4,340.41015625,17.6,4159.8984375,4289.0,0.0,4432.0,996.0,1196.0,47.125,47.187
208.047,train:DC5,99.7,269.94140625,22.5,4094.41015625,4329.0,0.0,4545.0,1036.0,1196.0,46.937,47.156
208.549,train:DC5,101.6,335.16796875,17.4,4158.13671875,4283.0,0.0,4472.0,996.0,1196.0,47.062,47.156
209.051,train:DC5,99.6,348.41796875,20.0,4170.5546875,4343.0,0.0,4472.0,1036.0,1196.0,47.062,47.062
209.553,train:DC5,99.6,307.66796875,17.6,4134.62890625,4347.0,0.0,4432.0,996.0,1196.0,47.187,47.187
210.055,train:DC5,99.7,348.41796875,17.4,4172.65234375,4317.0,0.0,4432.0,956.0,1196.0,47.156,47.156
210.560,train:DC5,98.9,269.35546875,21.8,4102.07421875,4340.0,0.0,4512.0,1036.0,1196.0,47.125,47.187
211.062,train:DC6,99.7,346.16796875,23.4,4172.109375,4309.0,0.0,4545.0,1076.0,1196.0,47.0,47.156
211.563,train:DC6,99.7,348.41796875,19.2,4170.51953125,4343.0,0.0,4512.0,1036.0,1196.0,47.0,47.093
212.065,train:DC6,99.6,324.6171875,18.4,4152.36328125,4275.0,0.0,4432.0,996.0,1196.0,47.281,47.343
212.567,train:DC6,101.6,348.41796875,18.3,4170.9609375,4335.0,0.0,4432.0,996.0,1196.0,47.125,47.125
213.069,train:DC6,99.6,291.41796875,17.9,4114.0859375,4346.0,0.0,4432.0,996.0,1196.0,47.093,47.25
213.572,train:DC6,97.5,333.49609375,16.7,4162.16796875,4319.0,0.0,4432.0,996.0,1196.0,47.062,47.125
214.074,train:DC1,101.6,273.26171875,22.9,4100.6640625,4345.0,0.0,4552.0,1076.0,1196.0,47.125,47.218
214.575,train:DC1,97.6,337.9453125,17.1,4159.60546875,4308.0,0.0,4472.0,996.0,1196.0,46.906,47.062
215.077,train:DC1,99.6,348.41796875,18.3,4174.3359375,4347.0,0.0,4432.0,996.0,1196.0,47.093,47.281
215.579,train:DC1,101.6,308.3984375,17.3,4130.91015625,4270.0,0.0,4392.0,996.0,1196.0,47.093,47.125
216.081,train:DC1,99.7,348.41796875,17.6,4172.5078125,4337.0,0.0,4432.0,996.0,1196.0,47.093,47.093
216.583,train:DC2,99.7,301.54296875,17.8,4119.5859375,4273.0,0.0,4432.0,996.0,1196.0,46.875,47.093
217.085,train:DC2,99.6,346.16796875,22.4,4167.78515625,4328.0,0.0,4472.0,1036.0,1236.0,47.125,47.125
217.586,train:DC2,99.7,348.41796875,17.7,4174.83984375,4347.0,0.0,4472.0,996.0,1196.0,47.0,47.093
218.088,train:DC2,99.7,325.94921875,17.7,4152.296875,4301.0,0.0,4432.0,996.0,1196.0,47.062,47.156
218.590,train:DC2,101.7,348.41796875,17.9,4169.5703125,4342.0,0.0,4432.0,996.0,1196.0,47.0,47.062
219.091,train:DC2,97.7,285.50390625,17.5,4117.1015625,4278.0,0.0,4472.0,996.0,1196.0,47.156,47.156
219.593,train:DC3,99.7,348.41796875,17.6,4173.0546875,4345.0,0.0,4432.0,996.0,1196.0,47.218,47.218
220.095,train:DC3,99.6,273.6640625,18.9,4105.6953125,4278.0,0.0,4432.0,996.0,1196.0,47.0,47.062
220.597,train:DC3,99.6,335.16796875,22.8,4164.10546875,4336.0,0.0,4472.0,1036.0,1236.0,47.125,47.125
221.099,train:DC3,99.6,348.41796875,17.3,4174.4453125,4347.0,0.0,4432.0,996.0,1196.0,46.968,47.125
221.600,train:DC3,97.7,305.046875,18.3,4131.703125,4304.0,0.0,4432.0,996.0,1196.0,47.0,47.281
222.102,train:DC3,99.6,333.49609375,17.3,4165.6875,4304.0,0.0,4432.0,996.0,1196.0,47.0,47.281
222.604,train:DC4,97.5,289.41796875,18.7,4115.9609375,4338.0,0.0,4392.0,956.0,1196.0,46.875,47.156
223.107,train:DC4,101.5,341.203125,17.4,4173.17578125,4288.0,0.0,4392.0,996.0,1196.0,46.968,47.093
223.609,train:DC4,99.5,348.41796875,24.3,4193.65234375,4346.0,0.0,4392.0,956.0,1196.0,47.156,47.156
224.112,train:DC4,99.6,308.796875,17.1,4160.76953125,4366.0,0.0,4512.0,1036.0,1196.0,47.031,47.093
224.614,train:DC4,97.6,348.41796875,18.0,4183.15625,4341.0,0.0,4472.0,996.0,1196.0,47.031,47.25
225.116,train:DC5,97.6,295.41796875,19.3,4124.08984375,4356.0,0.0,4432.0,996.0,1196.0,47.062,47.187
225.618,train:DC5,101.6,346.16796875,17.3,4176.98046875,4316.0,0.0,4432.0,996.0,1196.0,47.062,47.125
226.120,train:DC5,99.6,348.41796875,17.3,4179.484375,4349.0,0.0,4432.0,956.0,1196.0,46.968,47.093
226.622,train:DC5,97.6,315.41015625,22.8,4150.51953125,4283.0,0.0,4392.0,956.0,1196.0,46.812,47.062
227.124,train:DC5,99.5,348.41796875,17.3,4183.94140625,4339.0,0.0,4472.0,996.0,1196.0,47.125,47.125
227.627,train:DC5,99.5,272.48046875,18.0,4110.52734375,4356.0,0.0,4432.0,956.0,1196.0,47.218,47.218
228.129,train:DC6,99.5,348.41796875,17.9,4176.1328125,4306.0,0.0,4392.0,956.0,1196.0,47.031,47.156
228.632,train:DC6,99.5,348.41796875,17.3,4182.71484375,4348.0,0.0,4392.0,956.0,1196.0,46.968,47.156
229.134,train:DC6,97.6,326.66796875,17.1,4160.57421875,4295.0,0.0,4392.0,956.0,1196.0,46.968,47.156
229.636,train:DC6,99.6,348.41796875,22.9,4182.23046875,4349.0,0.0,4392.0,956.0,1196.0,46.968,47.093
230.138,train:DC6,99.5,291.41796875,17.3,4124.26171875,4355.0,0.0,4505.0,1036.0,1196.0,47.062,47.156
230.641,train:DC6,99.4,333.49609375,18.0,4172.8984375,4344.0,0.0,4472.0,996.0,1196.0,46.937,47.25
231.144,train:DC1,99.5,273.26171875,17.3,4107.37109375,4344.0,0.0,4392.0,996.0,1196.0,47.062,47.093
231.646,train:DC1,97.5,335.16796875,17.6,4166.72265625,4321.0,0.0,4392.0,996.0,1196.0,47.281,47.093
232.148,train:DC1,99.6,348.41796875,17.9,4177.0,4355.0,0.0,4392.0,956.0,1196.0,46.937,47.062
232.650,train:DC1,99.6,304.72265625,23.3,4133.046875,4293.0,0.0,4392.0,996.0,1196.0,46.968,47.156
233.152,train:DC1,99.6,348.41796875,17.3,4174.0625,4340.0,0.0,4505.0,1036.0,1196.0,47.25,47.25
233.655,train:DC2,97.5,293.41796875,17.9,4122.66015625,4346.0,0.0,4432.0,996.0,1196.0,47.343,47.343
234.158,train:DC2,101.4,346.16796875,18.2,4174.36328125,4342.0,0.0,4432.0,996.0,1196.0,46.937,47.0
234.660,train:DC2,95.6,348.41796875,18.0,4179.9921875,4347.0,0.0,4432.0,996.0,1196.0,47.156,47.156
235.162,train:DC2,101.6,320.16796875,17.6,4145.5859375,4311.0,0.0,4432.0,996.0,1196.0,47.218,47.218
235.664,train:DC2,97.6,348.41796875,21.3,4181.13671875,4353.0,0.0,4432.0,956.0,1196.0,46.968,47.125
236.166,train:DC2,101.6,272.48046875,18.7,4102.79296875,4272.0,0.0,4512.0,1036.0,1196.0,47.031,47.156
236.668,train:DC3,97.6,348.41796875,19.0,4174.72265625,4336.0,0.0,4472.0,996.0,1196.0,46.937,47.125
237.170,train:DC3,99.6,348.41796875,17.7,4172.06640625,4347.0,0.0,4432.0,996.0,1196.0,46.968,47.125
237.672,train:DC3,97.6,326.66796875,18.6,4158.55859375,4335.0,0.0,4432.0,996.0,1196.0,46.937,47.062
238.174,train:DC3,99.6,348.41796875,17.1,4173.3359375,4344.0,0.0,4432.0,996.0,1196.0,46.875,47.031
238.676,train:DC3,99.6,289.41796875,17.6,4116.63671875,4300.0,0.0,4432.0,996.0,1196.0,47.093,47.093
239.178,train:DC3,99.6,333.49609375,21.9,4167.7265625,4345.0,0.0,4585.0,1076.0,1236.0,47.218,47.218
239.680,train:DC4,97.6,269.453125,18.5,4106.91796875,4288.0,0.0,4472.0,996.0,1196.0,47.062,47.187
240.183,train:DC4,101.5,335.16796875,18.1,4162.05859375,4342.0,0.0,4432.0,996.0,1196.0,47.031,47.125
240.685,train:DC4,97.6,348.41796875,17.6,4172.984375,4350.0,0.0,4432.0,996.0,1196.0,46.968,47.125
241.187,train:DC4,99.6,304.54296875,17.6,4130.0078125,4318.0,0.0,4432.0,996.0,1196.0,46.875,47.125
241.689,train:DC4,99.7,348.41796875,18.2,4175.55859375,4350.0,0.0,4432.0,956.0,1196.0,46.968,47.0
242.191,train:DC5,97.6,289.41796875,21.2,4117.703125,4292.0,0.0,4545.0,1036.0,1196.0,47.187,47.187
242.693,train:DC5,99.5,339.66796875,18.3,4163.89453125,4345.0,0.0,4472.0,996.0,1196.0,47.187,47.187
243.195,train:DC5,99.5,348.41796875,17.7,4172.015625,4269.0,0.0,4392.0,996.0,1196.0,46.906,47.218
243.698,train:DC5,99.5,314.2109375,17.7,4139.85546875,4338.0,0.0,4432.0,996.0,1196.0,47.031,47.25
244.200,train:DC5,99.6,348.41796875,17.1,4174.26171875,4350.0,0.0,4432.0,996.0,1196.0,47.062,47.281
244.702,train:DC5,99.7,272.48046875,17.9,4102.921875,4309.0,0.0,4392.0,956.0,1196.0,47.156,47.156
245.204,train:DC6,99.5,348.41796875,21.8,4173.4921875,4339.0,0.0,4432.0,996.0,1196.0,47.093,47.093
245.706,train:DC6,97.6,348.41796875,18.7,4173.0078125,4306.0,0.0,4472.0,996.0,1196.0,47.031,47.062
246.208,train:DC6,99.6,326.66796875,18.3,4155.14453125,4344.0,0.0,4432.0,996.0,1196.0,46.937,47.062
246.710,train:DC6,99.6,348.41796875,17.1,4183.6875,4288.0,0.0,4432.0,996.0,1196.0,46.937,47.125
247.212,train:DC6,97.6,289.41796875,17.9,4118.171875,4338.0,0.0,4392.0,956.0,1196.0,46.968,47.062
247.714,train:DC6,99.6,333.49609375,18.4,4170.6015625,4346.0,0.0,4432.0,996.0,1196.0,47.0,47.156
248.217,train:DC1,99.4,269.35546875,22.6,4096.83203125,4328.0,0.0,4392.0,956.0,1196.0,47.187,47.187
248.719,train:DC1,97.6,332.046875,21.5,4164.33203125,4352.0,0.0,4472.0,1036.0,1196.0,47.218,47.218
249.222,train:DC1,101.5,348.41796875,17.7,4174.76171875,4288.0,0.0,4432.0,996.0,1196.0,46.968,47.062
249.723,train:DC1,97.6,297.41796875,17.6,4122.06640625,4343.0,0.0,4472.0,996.0,1196.0,47.062,47.187
250.226,train:DC1,99.6,346.16796875,17.5,4174.75390625,4351.0,0.0,4432.0,996.0,1196.0,47.125,47.156
250.727,train:DC2,99.6,281.41796875,17.5,4113.6875,4324.0,0.0,4392.0,956.0,1196.0,47.093,47.125
251.229,train:DC2,99.6,339.66796875,22.2,4165.33203125,4349.0,0.0,4432.0,996.0,1196.0,47.0,47.125
251.732,train:DC2,97.6,348.41796875,18.0,4174.52734375,4310.0,0.0,4512.0,1036.0,1196.0,46.968,47.062
252.234,train:DC2,99.6,307.66796875,17.7,4138.92578125,4347.0,0.0,4432.0,996.0,1196.0,47.25,47.25
252.735,train:DC2,99.6,348.41796875,18.9,4174.42578125,4280.0,0.0,4432.0,996.0,1196.0,47.093,47.093
253.242,train:DC2,98.7,269.35546875,17.2,4096.5546875,4345.0,0.0,4432.0,996.0,1196.0,47.156,47.156
253.744,train:DC3,99.7,346.16796875,18.0,4177.09765625,4277.0,0.0,4392.0,996.0,1196.0,47.031,47.062
254.246,train:DC3,97.6,348.41796875,17.7,4181.84765625,4334.0,0.0,4392.0,956.0,1196.0,46.937,47.125
254.748,train:DC3,99.6,322.23046875,17.7,4153.33984375,4348.0,0.0,4392.0,996.0,1196.0,47.031,47.062
255.250,train:DC3,97.6,348.41796875,17.1,4172.2890625,4313.0,0.0,4432.0,996.0,1196.0,47.031,47.187
255.751,train:DC3,99.7,289.41796875,17.3,4117.61328125,4349.0,0.0,4392.0,956.0,1196.0,46.875,47.093
256.253,train:DC3,101.6,333.49609375,17.9,4166.09375,4276.0,0.0,4432.0,996.0,1196.0,47.218,47.218
256.755,train:DC4,95.7,273.26171875,17.1,4098.19921875,4346.0,0.0,4392.0,956.0,1196.0,46.937,47.0
257.256,train:DC4,99.7,335.16796875,17.1,4160.30859375,4343.0,0.0,4472.0,996.0,1196.0,47.062,47.156
257.758,train:DC4,99.7,348.41796875,18.3,4179.27734375,4334.0,0.0,4432.0,996.0,1196.0,47.062,47.125
258.260,train:DC4,99.6,304.37109375,17.6,4130.875,4347.0,0.0,4432.0,956.0,1196.0,46.906,47.093
258.762,train:DC4,99.6,348.41796875,18.5,4170.00390625,4299.0,0.0,4432.0,996.0,1196.0,47.031,47.218
259.264,train:DC5,99.5,289.41796875,17.1,4107.60546875,4333.0,0.0,4432.0,956.0,1196.0,46.968,47.093
259.766,train:DC5,97.7,340.9375,17.7,4164.609375,4282.0,0.0,4432.0,956.0,1196.0,47.031,47.218
260.267,train:DC5,99.7,348.41796875,17.4,4164.94140625,4337.0,0.0,4392.0,956.0,1196.0,46.843,47.093
260.769,train:DC5,97.7,315.91796875,17.7,4140.23828125,4345.0,0.0,4432.0,956.0,1196.0,46.843,47.031
261.271,train:DC5,99.6,348.41796875,17.3,4167.88671875,4321.0,0.0,4392.0,956.0,1196.0,47.156,47.062
261.772,train:DC5,101.7,272.796875,30.6,4093.04296875,4341.0,0.0,4665.0,1156.0,1236.0,47.312,47.312
262.275,train:DC6,97.6,348.41796875,17.4,4172.03125,4313.0,0.0,4512.0,1076.0,1196.0,46.968,47.0
262.776,train:DC6,97.6,348.41796875,19.2,4091.02734375,4348.0,0.0,4512.0,996.0,1196.0,47.062,47.156
263.296,train:DC6,98.2,335.16796875,16.8,4156.546875,4280.0,0.0,4432.0,996.0,1196.0,47.187,47.187
263.798,train:DC6,101.6,348.41796875,19.1,4168.28515625,4333.0,0.0,4432.0,956.0,1196.0,46.906,47.093
264.300,train:DC6,99.6,301.78515625,16.4,4118.3828125,4343.0,0.0,4392.0,956.0,1196.0,47.062,47.156
264.801,train:DC6,99.7,333.49609375,17.3,4164.21875,4313.0,0.0,4392.0,956.0,1196.0,46.906,47.062
265.303,train:DC1,97.7,289.41796875,17.0,4107.1328125,4342.0,0.0,4392.0,956.0,1196.0,47.0,47.218
265.804,train:DC1,99.7,344.16796875,17.7,4164.7109375,4307.0,0.0,4392.0,956.0,1196.0,46.875,47.093
266.306,train:DC1,97.7,348.41796875,17.3,4166.74609375,4339.0,0.0,4392.0,956.0,1196.0,46.843,47.093
266.807,train:DC1,101.7,318.0625,17.7,4129.140625,4267.0,0.0,4392.0,956.0,1196.0,47.031,47.031
267.309,train:DC1,97.6,348.41796875,17.3,4159.40234375,4324.0,0.0,4392.0,956.0,1196.0,47.093,47.093
267.811,train:DC2,97.7,307.125,18.4,4124.9296875,4264.0,0.0,4392.0,996.0,1196.0,47.0,47.0
268.313,train:DC2,99.7,348.41796875,17.6,4157.40234375,4322.0,0.0,4432.0,956.0,1196.0,47.031,47.093
268.828,train:DC2,100.9,269.35546875,19.5,4088.6171875,4336.0,0.0,4432.0,996.0,1196.0,47.187,47.187
269.332,train:DC2,97.1,333.16796875,19.6,4147.9453125,4289.0,0.0,4432.0,996.0,1196.0,47.187,47.218
269.834,train:DC2,99.6,348.41796875,17.1,4162.80078125,4335.0,0.0,4432.0,996.0,1196.0,47.031,47.125
270.336,train:DC2,99.6,291.26953125,16.9,4114.99609375,4264.0,0.0,4392.0,956.0,1196.0,46.812,47.125
270.838,train:DC3,99.6,348.41796875,36.9,4170.38671875,4344.0,20.0,4744.0,1234.0,1236.0,47.093,47.093
271.348,train:DC3,100.0,269.35546875,39.0,4095.38671875,4344.0,19.0,4984.0,1353.0,1234.0,47.187,47.187
271.852,train:DC3,97.2,333.09765625,30.0,4155.98046875,4305.0,0.0,4784.0,1234.0,1236.0,47.031,47.093
272.354,train:DC3,99.6,348.41796875,19.6,4165.85546875,4338.0,0.0,4585.0,1076.0,1236.0,47.093,47.093
272.855,train:DC3,101.7,297.41796875,20.2,4112.69921875,4271.0,0.0,4545.0,1076.0,1196.0,47.187,47.343
273.357,train:DC3,99.6,333.49609375,19.9,4159.30078125,4324.0,0.0,4545.0,1076.0,1196.0,47.062,47.25
273.859,train:DC4,99.6,272.921875,33.7,4094.8359375,4336.0,21.0,4824.0,1273.0,1234.0,47.031,47.25
274.361,train:DC4,99.6,335.16796875,35.7,4153.71484375,4318.0,5.0,4864.0,1313.0,1234.0,47.062,47.093
274.863,train:DC4,99.5,348.41796875,26.3,4161.17578125,4334.0,0.0,4704.0,1194.0,1236.0,47.312,47.312
275.365,train:DC4,99.6,301.54296875,22.0,4118.9375,4287.0,0.0,4585.0,1116.0,1236.0,47.093,47.093
275.867,train:DC4,99.6,346.16796875,21.5,4159.21875,4287.0,0.0,4585.0,1116.0,1236.0,47.093,47.093
276.369,train:DC5,99.6,287.41796875,19.7,4104.19140625,4332.0,0.0,4545.0,1076.0,1236.0,47.062,47.093
276.872,train:DC5,99.5,339.66796875,18.5,4158.45703125,4277.0,0.0,4512.0,1036.0,1196.0,47.031,47.187
277.373,train:DC5,101.6,348.41796875,35.4,4159.9296875,4331.0,0.0,4472.0,1036.0,1196.0,46.968,47.125
277.875,train:DC5,97.6,307.66796875,38.9,4120.8203125,4332.0,4.0,4864.0,1313.0,1234.0,47.187,47.187
278.377,train:DC5,99.6,348.41796875,22.7,4161.515625,4301.0,4.0,4984.0,1433.0,1234.0,47.25,47.25
278.890,train:DC5,101.4,269.35546875,21.7,4089.51171875,4334.0,0.0,4665.0,1154.0,1236.0,47.062,47.281
279.394,train:DC6,99.2,346.16796875,21.5,4158.4296875,4269.0,0.0,4625.0,1116.0,1236.0,46.968,47.062
279.896,train:DC6,97.7,348.41796875,28.3,4162.12109375,4339.0,0.0,4505.0,1036.0,1196.0,47.062,47.343
280.397,train:DC6,101.6,320.515625,20.5,4128.9765625,4261.0,0.0,4545.0,1076.0,1236.0,47.093,47.093
280.899,train:DC6,99.6,348.41796875,36.6,4157.46875,4317.0,0.0,4465.0,1036.0,1236.0,47.218,47.281
281.401,train:DC6,99.6,273.26171875,38.1,4089.71484375,4330.0,4.0,4864.0,1313.0,1234.0,47.187,47.187
281.903,train:DC6,99.6,326.38671875,28.0,4138.05859375,4284.0,4.0,4984.0,1433.0,1234.0,47.25,47.25
282.405,train:DC1,99.6,348.41796875,18.8,4156.8125,4318.0,0.0,4704.0,1194.0,1236.0,47.093,47.125
282.907,train:DC1,99.6,326.578125,19.3,4136.125,4268.0,0.0,4505.0,1076.0,1196.0,47.312,47.312
283.409,train:DC1,99.6,348.41796875,34.1,4161.625,4320.0,0.0,4512.0,1036.0,1236.0,47.125,47.125
283.911,train:DC1,101.6,272.69921875,39.9,4085.1640625,4334.0,27.0,4864.0,1273.0,1234.0,47.406,47.406
284.413,train:DC1,99.6,335.16796875,21.2,4146.01171875,4289.0,4.0,4944.0,1353.0,1234.0,47.375,47.375
284.930,train:DC1,100.7,269.35546875,18.6,4092.4453125,4337.0,0.0,4625.0,1076.0,1236.0,47.343,47.343
285.436,train:DC2,98.8,331.375,35.5,4141.44921875,4286.0,6.0,4505.0,1036.0,1196.0,47.25,47.25
285.938,train:DC2,99.6,348.41796875,39.6,4159.15625,4334.0,21.0,4824.0,1273.0,1234.0,47.218,47.218
286.440,train:DC2,97.6,289.41796875,21.5,4104.9296875,4332.0,0.0,4904.0,1313.0,1234.0,47.281,47.343
286.942,train:DC2,101.6,344.16796875,21.3,4160.94921875,4313.0,0.0,4625.0,1116.0,1236.0,47.187,47.218
287.444,train:DC2,97.6,348.41796875,35.8,4158.8203125,4333.0,4.0,4625.0,1116.0,1236.0,47.062,47.343
287.946,train:DC3,101.6,333.16796875,36.9,4146.96875,4272.0,4.0,4864.0,1313.0,1234.0,47.187,47.187
288.448,train:DC3,97.6,348.41796875,22.0,4166.6875,4339.0,4.0,4984.0,1433.0,1234.0,47.468,47.468
288.950,train:DC3,101.6,297.421875,23.0,4109.4921875,4259.0,0.0,4665.0,1156.0,1236.0,47.125,47.125
289.452,train:DC3,99.6,346.171875,22.0,4158.74609375,4325.0,0.0,4625.0,1116.0,1236.0,47.25,47.312
289.954,train:DC3,99.6,348.421875,39.5,4165.08984375,4339.0,5.0,4665.0,1116.0,1236.0,47.093,47.343
290.456,train:DC3,99.6,308.31640625,38.6,4127.54296875,4297.0,4.0,4944.0,1353.0,1234.0,47.375,47.281
290.958,train:DC4,99.6,348.421875,34.2,4160.01953125,4324.0,0.0,4984.0,1433.0,1234.0,47.218,47.218
291.460,train:DC4,99.6,299.73828125,30.4,4112.80859375,4280.0,2.0,4864.0,1273.0,1234.0,47.281,47.281
291.962,train:DC4,101.6,346.171875,26.9,4157.44921875,4332.0,0.0,4665.0,1156.0,1236.0,47.312,47.312
292.465,train:DC4,99.6,348.421875,44.9,4157.0859375,4330.0,6.0,4784.0,1234.0,1236.0,47.531,47.531
292.966,train:DC4,97.6,313.921875,36.0,4125.94921875,4301.0,4.0,4984.0,1433.0,1234.0,47.281,47.281
293.468,train:DC4,99.6,333.5,23.1,4147.94140625,4330.0,0.0,4944.0,1393.0,1234.0,47.218,47.25
293.970,train:DC5,101.6,304.078125,20.4,4116.8984375,4294.0,0.0,4625.0,1156.0,1236.0,47.093,47.187
294.472,train:DC5,97.6,346.171875,38.0,4158.046875,4329.0,4.0,4784.0,1194.0,1236.0,47.125,47.25
294.974,train:DC5,101.6,348.421875,35.7,4157.3984375,4260.0,4.0,4864.0,1273.0,1234.0,47.062,47.093
295.476,train:DC5,99.6,322.53125,20.5,4136.66796875,4320.0,0.0,4864.0,1273.0,1234.0,47.187,47.187
295.978,train:DC5,99.6,348.421875,17.3,4163.7578125,4329.0,0.0,4545.0,1076.0,1196.0,47.343,47.343
296.480,train:DC6,99.6,313.921875,18.5,4127.7109375,4290.0,0.0,4432.0,996.0,1196.0,47.187,47.406
296.982,train:DC6,99.6,348.421875,35.3,4156.703125,4334.0,30.0,4585.0,1116.0,1236.0,47.187,47.343
297.491,train:DC6,100.1,269.359375,36.7,4083.015625,4277.0,24.0,4824.0,1273.0,1234.0,47.312,47.312
297.995,train:DC6,99.2,334.0078125,25.7,4150.95703125,4332.0,3.0,4864.0,1313.0,1234.0,47.25,47.25
298.497,train:DC6,101.6,348.421875,19.7,4167.3046875,4339.0,0.0,4625.0,1116.0,1236.0,47.062,47.156
298.999,train:DC6,97.6,290.12890625,21.6,4101.41015625,4312.0,0.0,4512.0,1036.0,1236.0,47.125,47.312
299.501,train:DC1,99.6,348.421875,38.1,4173.48828125,4334.0,4.0,4744.0,1194.0,1236.0,47.468,47.468
300.004,train:DC1,99.4,269.359375,36.3,4093.359375,4300.0,4.0,4864.0,1313.0,1234.0,47.437,47.437
300.506,train:DC1,99.7,335.171875,20.7,4155.20703125,4351.0,0.0,4784.0,1273.0,1234.0,47.218,47.218
301.008,train:DC1,99.6,348.421875,22.1,4165.46875,4331.0,0.0,4625.0,1116.0,1236.0,47.218,47.312
301.510,train:DC1,101.6,304.890625,22.6,4123.01953125,4325.0,0.0,4585.0,1076.0,1236.0,47.093,47.375
302.012,train:DC1,99.6,333.5,37.2,4149.17578125,4341.0,4.0,4744.0,1234.0,1236.0,47.281,47.281
302.514,train:DC2,97.6,283.421875,41.1,4108.29296875,4321.0,4.0,5023.0,1472.0,1234.0,47.281,47.406
303.016,train:DC2,101.5,339.671875,25.1,4160.7421875,4342.0,0.0,4864.0,1313.0,1234.0,47.062,47.218
303.518,train:DC2,99.6,348.421875,19.3,4165.36328125,4288.0,0.0,4625.0,1116.0,1236.0,47.437,47.437
304.021,train:DC2,99.4,312.10546875,36.6,4130.04296875,4339.0,22.0,4744.0,1194.0,1234.0,47.218,47.218
304.523,train:DC2,99.6,348.421875,36.8,4165.67578125,4348.0,22.0,4904.0,1313.0,1234.0,47.25,47.25
305.026,train:DC3,99.5,289.421875,39.2,4107.07421875,4313.0,22.0,4976.0,1313.0,1234.0,47.343,47.343
305.528,train:DC3,99.6,339.671875,34.9,4164.59765625,4345.0,3.0,4976.0,1353.0,1234.0,47.562,47.562
306.030,train:DC3,99.6,348.421875,19.8,4171.38671875,4302.0,0.0,4704.0,1154.0,1236.0,47.25,47.312
306.532,train:DC3,99.6,318.171875,17.7,4137.01953125,4340.0,0.0,4545.0,1036.0,1196.0,47.062,47.218
307.034,train:DC3,101.5,348.421875,39.5,4169.27734375,4260.0,4.0,4784.0,1234.0,1236.0,47.062,47.125
307.539,train:DC3,97.0,269.359375,38.2,4090.46875,4325.0,4.0,4904.0,1353.0,1234.0,47.75,47.75
308.041,train:DC4,99.7,346.171875,19.7,4163.328125,4328.0,0.0,4704.0,1234.0,1236.0,47.25,47.25
308.543,train:DC4,101.7,348.421875,20.4,4166.65625,4317.0,0.0,4545.0,1076.0,1236.0,47.281,47.281
309.045,train:DC4,99.5,326.671875,19.7,4145.0234375,4339.0,0.0,4505.0,1036.0,1196.0,47.093,47.312
309.547,train:DC4,99.6,348.421875,36.6,4163.125,4283.0,24.0,4704.0,1154.0,1236.0,47.218,47.25
310.049,train:DC4,99.6,281.421875,36.5,4099.12109375,4340.0,34.0,4944.0,1273.0,1234.0,47.156,47.25
310.551,train:DC4,99.6,331.671875,27.2,4156.33203125,4341.0,2.0,4944.0,1353.0,1234.0,47.156,47.187
311.058,train:DC5,98.7,269.359375,17.2,4089.07421875,4329.0,0.0,4545.0,1076.0,1236.0,47.437,47.437
311.561,train:DC5,99.4,335.171875,20.1,4153.54296875,4338.0,0.0,4465.0,1036.0,1196.0,47.25,47.25
312.063,train:DC5,99.5,348.421875,37.7,4159.87109375,4295.0,10.0,4784.0,1194.0,1236.0,47.218,47.375
312.565,train:DC5,101.6,291.421875,38.7,4099.73828125,4336.0,22.0,4904.0,1273.0,1234.0,47.093,47.281
313.068,train:DC5,97.5,339.671875,28.4,4152.5078125,4329.0,0.0,4944.0,1353.0,1234.0,47.312,47.5
313.579,train:DC5,99.8,269.359375,22.3,4081.44921875,4308.0,0.0,4625.0,1116.0,1236.0,47.093,47.281
314.085,train:DC6,96.8,331.72265625,20.9,4140.13671875,4329.0,0.0,4505.0,1076.0,1196.0,47.156,47.343
314.587,train:DC6,101.6,348.421875,37.3,4151.36328125,4287.0,11.0,4824.0,1273.0,1234.0,47.5,47.5
315.089,train:DC6,99.6,289.421875,37.2,4096.8515625,4325.0,4.0,5015.0,1472.0,1234.0,47.687,47.687
315.591,train:DC6,99.6,342.171875,19.7,4150.07421875,4268.0,0.0,4824.0,1273.0,1234.0,47.218,47.375
316.093,train:DC6,97.6,348.421875,20.1,4150.1171875,4317.0,0.0,4585.0,1116.0,1236.0,47.187,47.312
316.595,train:DC1,101.6,335.171875,24.0,4142.58984375,4315.0,0.0,4545.0,1076.0,1196.0,47.187,47.218
317.097,train:DC1,99.6,348.421875,38.9,4152.6640625,4311.0,9.0,4824.0,1273.0,1234.0,47.375,47.375
317.599,train:DC1,99.6,297.421875,38.5,4103.953125,4337.0,4.0,5055.0,1472.0,1234.0,47.281,47.281
318.101,train:DC1,99.5,346.171875,25.2,4157.0546875,4274.0,0.0,4744.0,1234.0,1234.0,47.156,47.218
318.603,train:DC1,99.7,348.421875,22.0,4157.234375,4332.0,0.0,4545.0,1076.0,1236.0,47.5,47.5
319.105,train:DC1,99.6,317.9765625,24.0,4127.41796875,4335.0,0.0,4545.0,1076.0,1236.0,47.312,47.343
319.607,train:DC2,99.6,348.421875,40.2,4156.6796875,4325.0,5.0,4864.0,1313.0,1234.0,47.187,47.218
320.109,train:DC2,101.5,304.953125,39.3,4111.66796875,4328.0,4.0,5055.0,1472.0,1234.0,47.343,47.343
320.611,train:DC2,97.6,348.421875,22.3,4155.2890625,4298.0,0.0,4744.0,1194.0,1236.0,47.531,47.531
321.113,train:DC2,103.6,269.359375,24.4,4078.01171875,4331.0,0.0,4625.0,1116.0,1236.0,47.218,47.25
321.631,train:DC2,96.6,333.171875,33.6,4144.1484375,4256.0,0.0,4585.0,1116.0,1236.0,47.312,47.312
322.133,train:DC2,99.6,333.5,41.8,4142.63671875,4309.0,4.0,5055.0,1512.0,1234.0,47.312,47.343
322.635,train:DC3,99.6,315.25390625,36.2,4128.02734375,4334.0,4.0,5055.0,1512.0,1234.0,47.375,47.375
323.136,train:DC3,99.6,348.421875,19.9,4156.234375,4310.0,0.0,4744.0,1194.0,1236.0,47.218,47.25
323.638,train:DC3,99.6,275.265625,19.2,4085.91796875,4328.0,0.0,4505.0,1036.0,1196.0,47.125,47.156
324.141,train:DC3,99.4,339.671875,22.0,4143.890625,4281.0,0.0,4505.0,996.0,1196.0,47.468,47.468
324.643,train:DC3,99.6,348.421875,36.9,4161.68359375,4334.0,24.0,4824.0,1273.0,1234.0,47.312,47.312
325.145,train:DC4,99.6,322.6640625,39.0,4136.61328125,4256.0,4.0,4944.0,1353.0,1234.0,47.343,47.343
325.647,train:DC4,99.6,348.421875,23.8,4155.828125,4323.0,0.0,4744.0,1194.0,1234.0,47.406,47.406
326.149,train:DC4,99.6,289.421875,20.7,4098.62109375,4334.0,0.0,4585.0,1076.0,1236.0,47.187,47.343
326.651,train:DC4,99.6,340.17578125,25.1,4148.0,4295.0,10.0,4585.0,1076.0,1236.0,47.218,47.281
327.153,train:DC4,99.6,348.421875,38.5,4153.296875,4328.0,4.0,4944.0,1353.0,1234.0,47.25,47.25
327.655,train:DC4,99.6,305.46484375,39.8,4115.8125,4253.0,4.0,5055.0,1472.0,1234.0,47.406,47.375
328.157,train:DC5,101.6,348.421875,34.1,4154.7734375,4329.0,0.0,4864.0,1313.0,1234.0,47.531,47.531
328.659,train:DC5,99.7,301.546875,19.9,4109.5,4325.0,0.0,4625.0,1116.0,1236.0,47.281,47.281
329.160,train:DC5,99.6,346.171875,36.1,4154.609375,4313.0,36.0,4824.0,1234.0,1234.0,47.437,47.437
329.663,train:DC5,99.6,348.421875,18.9,4155.90234375,4330.0,0.0,4585.0,1076.0,1236.0,47.125,47.218
330.165,train:DC5,99.6,325.64453125,18.5,4135.0,4285.0,0.0,4505.0,1036.0,1236.0,47.093,47.25
330.666,train:DC5,99.7,333.5,20.3,4147.4765625,4322.0,0.0,4505.0,1036.0,1196.0,47.093,47.218
331.168,train:DC6,99.7,313.921875,24.8,4121.28515625,4277.0,0.0,4585.0,1116.0,1236.0,47.343,47.343
331.670,train:DC6,101.6,348.42578125,18.6,4155.73046875,4330.0,0.0,4545.0,1076.0,1236.0,47.437,47.437
332.172,train:DC6,97.7,273.26953125,18.7,4083.6953125,4335.0,0.0,4505.0,1036.0,1196.0,47.125,47.406
332.674,train:DC6,99.6,335.17578125,24.7,4143.93359375,4310.0,4.0,4625.0,1116.0,1236.0,47.375,47.375
333.175,train:DC6,101.7,348.42578125,38.0,4155.9453125,4330.0,4.0,4984.0,1433.0,1234.0,47.437,47.437
333.677,train:DC1,97.6,322.671875,34.6,4136.12109375,4303.0,0.0,4944.0,1393.0,1234.0,47.218,47.281
334.179,train:DC1,101.6,348.42578125,22.7,4157.46484375,4332.0,0.0,4665.0,1156.0,1236.0,47.156,47.218
334.681,train:DC1,97.7,289.42578125,23.1,4099.5234375,4266.0,28.0,4625.0,1116.0,1236.0,47.156,47.468
335.183,train:DC1,101.5,339.67578125,36.4,4145.66015625,4266.0,28.0,4625.0,1116.0,1236.0,47.156,47.468
335.685,train:DC1,97.6,348.42578125,36.1,4155.8046875,4320.0,4.0,4904.0,1313.0,1234.0,47.187,47.187
336.187,train:DC1,101.6,302.015625,21.1,4115.41015625,4330.0,0.0,4904.0,1353.0,1234.0,47.562,47.562
336.689,train:DC2,99.6,348.42578125,22.0,4161.2890625,4290.0,0.0,4585.0,1116.0,1236.0,47.093,47.093
337.191,train:DC2,99.6,297.42578125,23.2,4106.5546875,4336.0,0.0,4505.0,1076.0,1196.0,47.281,47.343
337.693,train:DC2,99.6,346.17578125,36.1,4153.26953125,4289.0,4.0,4665.0,1156.0,1236.0,47.156,47.5
338.195,train:DC2,99.6,348.42578125,32.6,4153.62109375,4336.0,3.0,4944.0,1433.0,1234.0,47.218,47.406
338.697,train:DC2,99.6,320.4296875,19.2,4128.1484375,4289.0,0.0,4904.0,1353.0,1234.0,47.125,47.218
339.199,train:DC2,99.6,333.50390625,19.1,4141.39453125,4318.0,0.0,4585.0,1116.0,1236.0,47.125,47.343
339.701,train:DC3,101.6,311.2265625,23.4,4122.33203125,4316.0,0.0,4505.0,1036.0,1196.0,47.406,47.406
340.202,train:DC3,97.6,348.42578125,38.0,4156.078125,4313.0,4.0,4704.0,1154.0,1236.0,47.281,47.281
340.711,train:DC3,102.3,269.36328125,32.7,4084.49609375,4331.0,4.0,4944.0,1393.0,1234.0,47.343,47.343
341.215,train:DC3,95.2,331.1796875,23.0,4147.51171875,4282.0,0.0,4904.0,1353.0,1234.0,47.281,47.281
341.717,train:DC3,99.6,348.42578125,22.3,4156.0,4330.0,0.0,4625.0,1116.0,1236.0,47.125,47.281
342.219,train:DC4,99.6,312.15625,26.1,4119.09765625,4330.0,0.0,4505.0,1036.0,1196.0,47.062,47.281
342.721,train:DC4,99.6,348.42578125,37.9,4156.16015625,4317.0,29.0,4665.0,1154.0,1236.0,47.156,47.312
343.223,train:DC4,99.6,348.42578125,39.1,4149.71875,4331.0,21.0,4904.0,1313.0,1234.0,47.187,47.218
343.725,train:DC4,99.5,324.8984375,25.7,4128.3046875,4273.0,2.0,4944.0,1353.0,1234.0,47.218,47.218
344.227,train:DC4,99.6,348.42578125,48.8,4139.9140625,4323.0,0.0,4784.0,1234.0,1234.0,47.406,47.281
344.729,train:DC4,99.6,269.36328125,27.9,4056.0625,4314.0,0.0,4944.0,1313.0,1273.0,47.5,47.5
345.231,train:DC5,99.6,346.17578125,37.5,4201.57421875,4270.0,4.0,4824.0,1273.0,1234.0,47.187,47.343
345.733,train:DC5,99.6,348.42578125,32.7,4175.28515625,4376.0,4.0,4976.0,1433.0,1234.0,47.281,47.281
346.235,train:DC5,99.6,326.67578125,21.8,4164.41015625,4341.0,0.0,4904.0,1313.0,1234.0,47.281,47.281
346.737,train:DC5,99.6,348.42578125,22.6,4171.29296875,4349.0,0.0,4665.0,1154.0,1236.0,47.187,47.468
347.239,train:DC5,99.6,300.13671875,34.0,4154.67578125,4308.0,0.0,4585.0,1076.0,1236.0,47.468,47.468
347.741,train:DC5,101.6,333.50390625,38.5,4167.67578125,4339.0,4.0,4744.0,1234.0,1234.0,47.375,47.375
348.243,train:DC6,97.6,281.42578125,34.3,4151.43359375,4344.0,4.0,4944.0,1433.0,1234.0,47.312,47.312
348.745,train:DC6,101.6,339.6875,29.3,4170.90625,4344.0,0.0,4824.0,1313.0,1234.0,47.218,47.343
349.247,train:DC6,97.6,348.42578125,19.1,4170.16796875,4347.0,0.0,4625.0,1114.0,1236.0,47.156,47.281
349.749,train:DC6,99.6,320.17578125,26.9,4157.13671875,4335.0,0.0,4545.0,1076.0,1236.0,47.125,47.312
350.251,train:DC6,99.6,348.42578125,40.9,4153.43359375,4345.0,18.0,4784.0,1234.0,1234.0,47.187,47.281
350.753,train:DC1,99.6,297.42578125,32.7,4166.92578125,4330.0,4.0,4944.0,1353.0,1234.0,47.562,47.562
351.255,train:DC1,99.5,347.40625,23.4,4175.859375,4348.0,0.0,4824.0,1234.0,1234.0,47.218,47.218
351.768,train:DC1,101.4,269.36328125,21.9,4141.33984375,4352.0,0.0,4625.0,1116.0,1236.0,47.375,47.375
352.272,train:DC1,97.2,335.17578125,33.3,4162.80859375,4320.0,0.0,4545.0,1076.0,1236.0,47.125,47.218
352.774,train:DC1,101.5,348.42578125,41.0,4181.81640625,4359.0,24.0,4784.0,1234.0,1234.0,47.281,47.312
353.276,train:DC1,97.7,290.1328125,37.5,4130.49609375,4329.0,8.0,4944.0,1353.0,1234.0,47.218,47.25
353.778,train:DC2,101.6,348.42578125,26.0,4185.75,4340.0,0.0,4824.0,1273.0,1234.0,47.156,47.281
354.280,train:DC2,99.6,289.42578125,26.2,4161.03125,4335.0,0.0,4625.0,1156.0,1236.0,47.406,47.406
354.782,train:DC2,99.6,344.17578125,30.3,4172.4453125,4351.0,0.0,4585.0,1116.0,1236.0,47.468,47.468
355.283,train:DC2,99.7,348.42578125,39.3,4174.00390625,4350.0,23.0,4824.0,1273.0,1234.0,47.375,47.375
355.785,train:DC2,99.6,307.67578125,56.2,4123.6328125,4308.0,5.0,5055.0,1433.0,1273.0,47.406,47.406
356.287,train:DC2,99.6,333.50390625,49.5,4119.41015625,4309.0,0.0,5294.0,1550.0,1273.0,47.625,47.625
356.789,train:DC3,101.6,273.26953125,40.3,4100.90234375,4317.0,0.0,5135.0,1433.0,1273.0,47.25,47.343
357.291,train:DC3,95.6,335.17578125,45.4,4074.37890625,4256.0,0.0,5095.0,1393.0,1273.0,47.437,47.437
357.793,train:DC3,101.6,348.42578125,49.2,4048.53515625,4258.0,9.0,5294.0,1550.0,1273.0,47.468,47.468
358.295,train:DC3,99.6,285.42578125,69.5,4009.296875,4241.0,4.0,5413.0,1708.0,1273.0,47.843,47.687
358.798,train:DC3,99.4,339.67578125,33.8,3988.21484375,4218.0,0.0,5374.0,1629.0,1273.0,47.562,47.562
359.300,train:DC4,99.6,270.33203125,21.1,3995.84375,4193.0,31.0,4784.0,1234.0,1234.0,47.281,47.281
359.802,train:DC4,99.6,337.67578125,24.6,3994.16796875,4216.0,0.0,4585.0,1116.0,1236.0,47.5,47.5
360.303,train:DC4,101.6,348.42578125,21.6,3986.25390625,4207.0,0.0,4585.0,1116.0,1236.0,47.281,47.312
360.805,train:DC4,99.6,311.9296875,25.7,3968.01171875,4207.0,0.0,4585.0,1076.0,1236.0,47.156,47.218
361.308,train:DC4,97.6,348.42578125,31.7,3983.75,4204.0,0.0,4625.0,1076.0,1236.0,47.156,47.218
361.812,train:DC4,101.1,269.36328125,38.1,3973.6015625,4204.0,4.0,4864.0,1313.0,1234.0,47.562,47.562
362.314,train:DC5,99.7,346.17578125,33.2,3989.171875,4210.0,4.0,4976.0,1433.0,1234.0,47.281,47.281
362.816,train:DC5,99.6,348.42578125,32.2,3983.13671875,4205.0,0.0,4864.0,1313.0,1234.0,47.437,47.437
363.318,train:DC5,99.6,326.4453125,20.3,3969.328125,4190.0,0.0,4625.0,1116.0,1236.0,47.312,47.343
363.820,train:DC5,99.6,348.42578125,22.1,3967.53515625,4190.0,0.0,4625.0,1116.0,1236.0,47.218,47.25
364.322,train:DC5,99.6,293.42578125,20.3,3967.2890625,4181.0,0.0,4585.0,1076.0,1236.0,47.062,47.25
364.824,train:DC5,99.5,333.50390625,19.5,3981.140625,4188.0,0.0,4505.0,1036.0,1236.0,47.125,47.218
365.326,train:DC6,99.6,277.42578125,26.9,3973.4140625,4194.0,0.0,4545.0,1076.0,1236.0,47.343,47.343
365.829,train:DC6,99.4,339.67578125,36.9,3957.7734375,4194.0,4.0,4864.0,1273.0,1234.0,47.437,47.437
366.331,train:DC6,101.6,348.42578125,31.6,3965.1953125,4186.0,4.0,5015.0,1433.0,1234.0,47.468,47.468
366.833,train:DC6,97.6,313.92578125,23.8,3956.37109375,4186.0,0.0,4704.0,1194.0,1236.0,47.218,47.281
367.335,train:DC6,101.6,348.42578125,30.8,3963.8515625,4185.0,0.0,4625.0,1116.0,1236.0,47.093,47.218
367.837,train:DC1,99.6,299.70703125,40.7,3962.5859375,4188.0,4.0,4984.0,1393.0,1234.0,47.187,47.25
368.339,train:DC1,97.5,347.19921875,31.8,3945.1171875,4183.0,4.0,5055.0,1512.0,1234.0,47.156,47.281
368.841,train:DC1,101.7,348.42578125,23.7,3944.1328125,4183.0,0.0,4744.0,1234.0,1234.0,47.281,47.281
369.343,train:DC1,99.7,333.17578125,20.6,3943.88671875,4182.0,0.0,4545.0,1076.0,1236.0,47.375,47.375
369.844,train:DC1,99.7,348.42578125,28.5,3943.1171875,4182.0,0.0,4505.0,1036.0,1236.0,47.218,47.25
370.347,train:DC1,99.6,295.4140625,38.3,3935.1171875,4182.0,3.0,4904.0,1353.0,1234.0,47.375,47.375
370.848,train:DC2,99.6,348.42578125,31.5,3958.01171875,4193.0,4.0,4976.0,1472.0,1234.0,47.406,47.406
371.350,train:DC2,99.6,289.42578125,21.4,3942.4140625,4182.0,0.0,4665.0,1154.0,1236.0,47.156,47.406
371.852,train:DC2,99.6,339.67578125,24.6,3987.296875,4182.0,0.0,4585.0,1116.0,1236.0,47.187,47.281
372.355,train:DC2,99.5,348.42578125,31.3,4004.06640625,4216.0,4.0,4625.0,1116.0,1236.0,47.031,47.187
372.857,train:DC2,99.5,303.546875,37.7,3952.8515625,4238.0,4.0,4824.0,1273.0,1234.0,47.375,47.375
373.359,train:DC2,99.6,333.50390625,32.1,3993.80859375,4167.0,3.0,4824.0,1313.0,1234.0,47.281,47.343
373.861,train:DC3,99.7,271.91015625,21.3,3921.25390625,4240.0,0.0,4585.0,1116.0,1236.0,47.156,47.343
374.362,train:DC3,97.7,333.546875,17.8,3987.48828125,4242.0,0.0,4472.0,1036.0,1196.0,47.343,47.5
374.864,train:DC3,101.6,348.42578125,29.3,3967.640625,4203.0,22.0,4512.0,1036.0,1236.0,47.281,47.343
375.367,train:DC3,99.5,289.42578125,36.7,3911.76953125,4209.0,23.0,4784.0,1234.0,1234.0,47.156,47.343
375.869,train:DC3,97.6,339.67578125,27.7,3958.1640625,4127.0,0.0,4744.0,1234.0,1236.0,46.875,47.218
376.371,train:DC3,99.6,333.50390625,24.2,3956.2421875,4188.0,0.0,4472.0,1036.0,1196.0,47.062,47.281
376.873,train:DC4,99.6,313.92578125,39.9,3966.1171875,4203.0,22.0,4904.0,1273.0,1234.0,47.25,47.25
377.376,train:DC4,99.6,348.42578125,33.9,3984.8125,4205.0,4.0,4904.0,1313.0,1234.0,47.25,47.25
377.892,train:DC4,98.7,269.36328125,23.4,3905.6015625,4220.0,0.0,4665.0,1116.0,1236.0,47.125,47.281
378.396,train:DC4,97.2,330.53515625,27.4,3965.96484375,4218.0,0.0,4585.0,1076.0,1236.0,47.125,47.281
378.899,train:DC4,101.5,348.42578125,37.9,3976.578125,4200.0,6.0,4904.0,1353.0,1234.0,47.25,47.25
379.401,train:DC5,99.6,314.3671875,32.3,3984.20703125,4207.0,4.0,5015.0,1472.0,1234.0,47.375,47.312
379.903,train:DC5,99.5,348.42578125,22.3,4020.92578125,4228.0,0.0,4665.0,1194.0,1236.0,47.0,47.437
380.407,train:DC5,99.3,269.37890625,18.6,3948.1796875,4258.0,0.0,4505.0,1036.0,1196.0,47.25,47.281
380.908,train:DC5,97.7,333.0703125,23.4,3948.8828125,4186.0,5.0,4472.0,996.0,1196.0,47.312,47.406
381.411,train:DC5,99.6,348.44140625,37.5,3955.42578125,4179.0,22.0,4744.0,1194.0,1236.0,47.156,47.281
381.923,train:DC5,99.5,281.80078125,36.7,3884.5546875,4190.0,4.0,4904.0,1273.0,1234.0,47.343,47.343
382.425,train:DC6,99.6,348.44140625,19.8,3953.50390625,4161.0,0.0,4625.0,1116.0,1236.0,47.218,47.218
382.927,train:DC6,99.6,348.44140625,19.5,3950.6171875,4194.0,0.0,4512.0,1036.0,1196.0,47.093,47.156
383.430,train:DC6,99.5,313.94140625,24.2,3921.67578125,4192.0,32.0,4545.0,1036.0,1236.0,47.187,47.25
383.932,train:DC6,97.5,348.44140625,37.8,3974.28515625,4196.0,22.0,4784.0,1234.0,1236.0,47.25,47.25
384.448,train:DC6,102.8,269.37890625,47.9,3957.48828125,4230.0,4.0,5135.0,1512.0,1234.0,47.437,47.562
384.952,train:DC6,95.2,322.75390625,25.5,3957.51953125,4183.0,0.0,4864.0,1273.0,1234.0,47.218,47.281
385.454,train:DC1,99.6,348.44140625,23.3,4025.56640625,4267.0,0.0,4625.0,1116.0,1236.0,47.187,47.281
385.956,train:DC1,97.6,313.94140625,28.3,3985.125,4187.0,4.0,4625.0,1116.0,1236.0,47.062,47.281
386.458,train:DC1,99.6,348.44140625,38.0,4020.11328125,4253.0,4.0,4904.0,1313.0,1234.0,47.031,47.437
386.960,train:DC1,99.6,269.37890625,33.2,3956.24609375,4219.0,3.0,4984.0,1393.0,1234.0,47.312,47.312
387.462,train:DC1,99.6,333.19140625,18.9,4010.58203125,4216.0,0.0,4625.0,1116.0,1236.0,47.093,47.375
387.964,train:DC1,97.6,333.51953125,22.4,4029.10546875,4270.0,0.0,4545.0,1076.0,1196.0,47.218,47.218
388.465,train:DC2,97.6,313.94140625,26.7,3961.65625,4191.0,5.0,4625.0,1156.0,1236.0,47.437,47.437
388.967,train:DC2,99.6,348.44140625,39.1,3957.14453125,4191.0,4.0,4944.0,1353.0,1234.0,47.25,47.25
389.469,train:DC2,99.6,273.28515625,37.2,3956.8984375,4198.0,0.0,4944.0,1393.0,1234.0,47.25,47.281
389.971,train:DC2,99.6,339.69140625,24.7,3941.578125,4175.0,0.0,4625.0,1156.0,1236.0,47.281,47.281
390.473,train:DC2,99.6,348.44140625,18.3,3953.390625,4195.0,0.0,4505.0,1036.0,1196.0,47.375,47.375
390.975,train:DC3,97.6,330.51171875,38.8,3955.8203125,4195.0,4.0,4784.0,1273.0,1236.0,47.125,47.25
391.477,train:DC3,101.6,348.44140625,37.4,3978.28125,4220.0,4.0,4984.0,1433.0,1234.0,47.125,47.25
391.979,train:DC3,99.6,291.44140625,29.1,3970.27734375,4212.0,0.0,4904.0,1313.0,1234.0,47.031,47.218
392.482,train:DC3,99.5,346.19140625,20.9,3970.40234375,4212.0,0.0,4585.0,1116.0,1236.0,47.25,47.25
392.984,train:DC3,99.6,348.44140625,19.9,3969.140625,4210.0,0.0,4545.0,1036.0,1196.0,46.968,47.156
393.486,train:DC3,97.6,313.41015625,25.8,3955.55078125,4197.0,22.0,4625.0,1116.0,1236.0,47.25,47.125
393.988,train:DC4,101.6,348.44140625,40.1,3979.62109375,4197.0,22.0,4625.0,1116.0,1236.0,47.25,47.125
394.490,train:DC4,99.6,307.69140625,32.8,3979.8671875,4221.0,6.0,4904.0,1273.0,1234.0,47.343,47.343
394.992,train:DC4,99.6,348.44140625,21.3,3963.78515625,4221.0,0.0,4784.0,1234.0,1236.0,47.156,47.375
395.494,train:DC4,99.5,273.28515625,20.3,3963.78515625,4205.0,37.0,4585.0,1076.0,1236.0,47.187,47.343
395.997,train:DC4,99.5,335.19140625,21.1,3978.5234375,4205.0,0.0,4512.0,1036.0,1196.0,47.0,47.25
396.498,train:DC4,97.7,333.51953125,21.1,3969.98046875,4220.0,0.0,4472.0,996.0,1196.0,47.093,47.218
397.000,train:DC5,101.6,326.69140625,19.8,3970.03515625,4219.0,0.0,4472.0,1036.0,1196.0,47.125,47.156
397.502,train:DC5,97.6,348.44140625,18.0,3991.69140625,4226.0,0.0,4505.0,1036.0,1236.0,47.125,47.187
398.005,train:DC5,99.6,300.1328125,18.9,3976.91015625,4233.0,0.0,4505.0,1036.0,1196.0,47.281,47.281
398.506,train:DC5,101.6,346.19140625,28.5,3992.27734375,4219.0,0.0,4465.0,1036.0,1196.0,47.125,47.25
399.008,train:DC5,99.6,348.44140625,38.6,3988.078125,4234.0,15.0,4744.0,1234.0,1236.0,47.281,47.406
399.510,train:DC6,99.6,339.69140625,31.9,4007.55859375,4226.0,5.0,4984.0,1393.0,1234.0,47.281,47.281
400.012,train:DC6,99.6,348.44140625,26.5,4007.55859375,4249.0,0.0,4824.0,1313.0,1234.0,47.125,47.375
400.514,train:DC6,99.6,322.19140625,22.3,4003.55859375,4241.0,0.0,4625.0,1156.0,1236.0,47.468,47.468
401.016,train:DC6,99.5,348.44140625,28.6,3989.734375,4249.0,0.0,4585.0,1076.0,1236.0,47.031,47.062
401.518,train:DC6,99.6,289.44140625,36.2,3989.734375,4231.0,21.0,4744.0,1194.0,1236.0,47.187,47.187
402.020,train:DC6,99.6,333.51953125,32.2,3997.23828125,4231.0,4.0,4864.0,1313.0,1234.0,47.468,47.468
402.522,train:DC1,101.6,275.28515625,19.8,4005.23828125,4239.0,0.0,4744.0,1234.0,1234.0,47.125,47.156
403.025,train:DC1,99.5,339.69140625,18.5,3986.0703125,4247.0,0.0,4545.0,1076.0,1236.0,47.187,47.281
403.526,train:DC1,99.7,348.44140625,17.3,3985.9765625,4228.0,0.0,4465.0,996.0,1196.0,47.0,47.125
404.028,train:DC1,99.6,318.4453125,27.6,3977.19921875,4228.0,0.0,4472.0,996.0,1196.0,47.468,47.468
404.530,train:DC1,97.6,348.44140625,36.3,3981.4453125,4223.0,24.0,4744.0,1234.0,1236.0,47.156,47.156
405.032,train:DC2,99.6,301.56640625,41.7,3975.8203125,4223.0,25.0,4944.0,1353.0,1234.0,47.156,47.25
405.534,train:DC2,99.6,348.44140625,18.5,3973.66796875,4222.0,0.0,4904.0,1313.0,1234.0,47.343,47.343
406.044,train:DC2,102.0,269.37890625,20.1,3978.26171875,4215.0,0.0,4585.0,1076.0,1236.0,47.187,47.281
406.548,train:DC2,99.2,337.69140625,17.0,3978.26171875,4220.0,0.0,4505.0,1036.0,1236.0,47.093,47.187
407.050,train:DC2,97.6,348.44140625,17.2,3967.609375,4217.0,0.0,4432.0,996.0,1196.0,47.062,47.187
407.552,train:DC2,101.6,310.55859375,17.5,3967.609375,4210.0,0.0,4472.0,996.0,1196.0,47.218,47.093
408.054,train:DC3,99.6,348.44140625,17.4,3972.546875,4225.0,0.0,4432.0,996.0,1196.0,47.062,47.156
408.556,train:DC3,99.7,310.171875,17.0,3972.3984375,4214.0,0.0,4432.0,996.0,1196.0,47.156,47.281
409.058,train:DC3,99.6,348.44140625,18.6,3964.08984375,4214.0,0.0,4432.0,996.0,1196.0,47.187,47.218
409.559,train:DC3,99.6,274.0390625,17.3,3964.08984375,4206.0,0.0,4432.0,996.0,1196.0,47.0,47.25
410.061,train:DC3,99.7,339.69140625,19.0,3954.0390625,4204.0,0.0,4432.0,996.0,1196.0,46.875,47.125
410.563,train:DC4,101.7,271.22265625,17.0,3976.92578125,4203.0,0.0,4472.0,996.0,1196.0,46.968,47.093
411.065,train:DC4,97.6,339.69140625,18.0,3967.87890625,4219.0,0.0,4432.0,996.0,1196.0,47.093,47.093
411.567,train:DC4,99.6,348.44140625,16.7,3967.87890625,4210.0,0.0,4472.0,996.0,1196.0,47.062,47.25
412.068,train:DC4,99.6,316.97265625,18.0,3942.35546875,4203.0,0.0,4432.0,996.0,1196.0,47.062,47.125
412.570,train:DC4,101.7,348.44140625,16.9,3957.85546875,4200.0,0.0,4472.0,996.0,1196.0,46.968,47.187
413.072,train:DC4,97.7,281.58203125,22.5,3947.46484375,4188.0,0.0,4432.0,996.0,1196.0,47.0,47.062
413.574,train:DC5,101.6,348.44140625,25.3,3963.8046875,4205.0,0.0,4545.0,1076.0,1196.0,47.093,47.218
414.076,train:DC5,99.6,269.39453125,18.6,3948.64453125,4191.0,0.0,4505.0,1076.0,1196.0,46.937,47.031
414.578,train:DC5,99.6,339.70703125,17.3,3948.64453125,4191.0,0.0,4465.0,1036.0,1196.0,47.062,47.218
415.080,train:DC5,99.6,348.45703125,19.1,3947.23046875,4189.0,0.0,4432.0,996.0,1196.0,47.0,47.093
415.581,train:DC5,99.6,316.5234375,18.3,3939.35546875,4185.0,0.0,4545.0,1036.0,1236.0,47.0,47.218
416.083,train:DC5,99.6,333.53515625,36.3,3960.2421875,4196.0,30.0,4625.0,1116.0,1236.0,47.0,47.031
416.586,train:DC6,99.6,295.45703125,37.0,3960.2421875,4202.0,20.0,4904.0,1313.0,1234.0,47.187,47.187
417.087,train:DC6,99.6,346.20703125,19.7,3952.234375,4202.0,0.0,4784.0,1273.0,1234.0,47.375,47.375
417.589,train:DC6,99.7,348.45703125,49.5,3951.08203125,4194.0,0.0,4784.0,1234.0,1236.0,47.156,47.156
418.091,train:DC6,99.6,322.19921875,27.6,3934.671875,4192.0,0.0,4904.0,1273.0,1234.0,46.937,47.0
418.593,train:DC6,99.6,348.45703125,25.4,3942.36328125,4184.0,0.0,4704.0,1154.0,1236.0,47.25,47.25
419.095,train:DC1,101.7,313.8984375,22.2,3957.69140625,4184.0,0.0,4545.0,1076.0,1236.0,47.062,47.125
419.597,train:DC1,97.6,348.45703125,34.2,3957.69140625,4200.0,0.0,4744.0,1194.0,1236.0,47.218,47.218
420.101,train:DC1,101.1,269.39453125,38.3,3943.57421875,4186.0,4.0,4784.0,1234.0,1236.0,46.968,47.218
420.603,train:DC1,99.6,334.03125,38.1,3943.57421875,4186.0,4.0,4944.0,1353.0,1234.0,47.125,47.125
421.105,train:DC1,99.6,348.45703125,25.7,3943.43359375,4178.0,0.0,4864.0,1313.0,1234.0,47.062,47.062
421.607,train:DC1,99.6,297.12890625,20.3,3943.1875,4178.0,0.0,4704.0,1154.0,1236.0,47.031,47.031
422.109,train:DC2,99.6,348.45703125,20.3,4024.8203125,4186.0,0.0,4505.0,1076.0,1196.0,47.156,47.156
422.611,train:DC2,99.6,289.45703125,24.2,3988.17578125,4252.0,0.0,4505.0,1076.0,1236.0,47.093,47.093
423.113,train:DC2,99.5,339.70703125,23.5,4036.24609375,4258.0,0.0,4585.0,1076.0,1196.0,46.906,47.187
423.615,train:DC2,97.6,348.45703125,32.5,4152.45703125,4318.0,68.0,4784.0,1154.0,1236.0,47.25,47.25
424.117,train:DC2,99.7,299.5234375,24.1,4092.91015625,4391.0,0.0,4744.0,1154.0,1236.0,46.937,47.156
424.619,train:DC2,97.5,333.53515625,37.9,4156.83203125,4402.0,4.0,4864.0,1273.0,1234.0,47.375,47.093
425.122,train:DC3,101.6,281.45703125,38.0,4092.6640625,4383.0,4.0,4904.0,1353.0,1234.0,46.937,47.187
425.624,train:DC3,97.6,335.20703125,25.1,4098.7421875,4371.0,0.0,4784.0,1273.0,1234.0,47.0,47.031
426.126,train:DC3,99.6,348.45703125,17.5,4106.515625,4334.0,0.0,4585.0,1116.0,1236.0,47.125,47.218
426.627,train:DC3,99.7,306.2578125,38.3,4106.44140625,4350.0,3.0,4824.0,1234.0,1236.0,47.093,47.375
427.129,train:DC3,101.6,348.45703125,36.9,4104.1640625,4332.0,4.0,4984.0,1433.0,1234.0,46.906,47.031
427.631,train:DC4,97.6,295.45703125,25.8,4112.53125,4349.0,0.0,4824.0,1313.0,1234.0,47.156,47.156
428.133,train:DC4,101.5,346.20703125,21.9,4094.73046875,4347.0,0.0,4625.0,1116.0,1236.0,47.218,47.218
428.635,train:DC4,99.6,348.45703125,39.0,4097.671875,4341.0,6.0,4784.0,1234.0,1236.0,47.062,47.093
429.137,train:DC4,97.6,320.20703125,38.8,4090.69140625,4341.0,8.0,4944.0,1353.0,1234.0,47.031,47.156
429.640,train:DC4,101.4,348.45703125,29.3,4099.40234375,4342.0,0.0,4864.0,1313.0,1234.0,47.125,47.125
430.143,train:DC4,99.5,272.58984375,19.8,4084.921875,4364.0,6.0,4665.0,1156.0,1236.0,47.281,47.281
430.645,train:DC5,99.5,346.27734375,22.3,4119.6875,4354.0,0.0,4585.0,1116.0,1236.0,47.062,47.062
431.147,train:DC5,97.6,348.52734375,19.8,4119.62890625,4352.0,0.0,4505.0,1076.0,1196.0,47.062,47.093
431.650,train:DC5,101.5,314.02734375,21.6,4094.52734375,4361.0,0.0,4545.0,1076.0,1196.0,47.062,47.156
432.152,train:DC5,99.5,348.52734375,20.8,4095.51953125,4314.0,0.0,4585.0,1076.0,1236.0,47.062,47.093
432.659,train:DC5,100.6,269.46484375,37.0,4095.51953125,4338.0,23.0,4784.0,1234.0,1236.0,47.031,47.062
433.162,train:DC5,99.5,326.23046875,39.3,4098.078125,4333.0,6.0,5055.0,1353.0,1234.0,47.062,47.062
433.664,train:DC6,99.6,348.52734375,23.6,4098.07421875,4340.0,0.0,4784.0,1234.0,1236.0,47.281,47.281
434.166,train:DC6,99.5,332.91015625,19.9,4083.28125,4325.0,0.0,4585.0,1116.0,1236.0,47.062,47.062
434.668,train:DC6,99.6,348.52734375,28.1,4081.515625,4326.0,0.0,4625.0,1116.0,1236.0,47.125,47.156
435.170,train:DC6,99.6,305.18359375,19.1,4076.71875,4323.0,0.0,4505.0,1036.0,1236.0,46.937,47.125
435.673,train:DC6,99.5,348.52734375,27.1,4080.71875,4319.0,0.0,4585.0,1076.0,1236.0,47.093,47.093
436.175,fusion_fit,101.5,237.48828125,23.5,4057.3984375,4330.0,0.0,4505.0,1076.0,1196.0,47.062,47.343
436.678,fusion_fit,99.5,322.21484375,41.5,4009.32421875,4247.0,27.0,4824.0,1234.0,1236.0,47.25,47.25
437.180,fusion_fit,97.5,274.171875,38.7,3967.9375,4263.0,3.0,5095.0,1353.0,1313.0,47.312,47.312
437.682,fusion_fit,101.6,321.8515625,23.3,4015.13671875,4232.0,0.0,4944.0,1194.0,1273.0,47.062,47.187
438.185,fusion_fit,101.5,328.734375,19.0,4027.9765625,4258.0,0.0,4744.0,1035.0,1273.0,46.968,47.125
438.687,fusion_fit,99.6,246.82421875,21.2,3996.65234375,4262.0,0.0,4744.0,1035.0,1273.0,46.968,47.062
439.190,fusion_fit,97.4,325.9375,19.3,4026.12890625,4278.0,0.0,4625.0,996.0,1275.0,47.375,47.375
439.692,fusion_fit,99.6,285.19921875,20.5,3998.11328125,4274.0,0.0,4704.0,1036.0,1275.0,47.062,47.062
440.194,fusion_fit,101.5,333.515625,21.4,4021.73046875,4252.0,0.0,4704.0,1036.0,1275.0,47.093,47.218
440.696,fusion_fit,97.6,343.328125,22.6,4045.97265625,4284.0,0.0,4744.0,1035.0,1275.0,47.125,47.25
441.198,fusion_fit,101.6,343.70703125,17.0,4037.44921875,4280.0,0.0,4665.0,996.0,1275.0,47.0,47.093
441.700,fusion_fit,97.7,346.66796875,18.7,4040.6484375,4283.0,0.0,4592.0,996.0,1275.0,47.125,47.125
442.202,fusion_fit,99.5,269.2578125,35.9,3991.8671875,4289.0,22.0,4944.0,1194.0,1313.0,47.062,47.062
442.705,fusion_fit,101.5,309.11328125,36.5,4028.48828125,4255.0,4.0,5063.0,1313.0,1313.0,47.25,47.25
443.207,fusion_fit,99.5,338.58203125,20.9,4041.29296875,4277.0,0.0,4784.0,1114.0,1275.0,47.406,47.406
443.710,fusion_fit,99.5,344.80859375,38.6,4046.1953125,4284.0,24.0,5023.0,1273.0,1313.0,47.218,47.218
444.212,fusion_fit,99.5,285.34375,61.2,4028.0390625,4270.0,8.0,5374.0,1629.0,1273.0,47.562,47.562
444.714,fusion_fit,101.6,325.36328125,32.3,4044.2578125,4289.0,0.0,5175.0,1353.0,1313.0,47.062,47.187
445.217,fusion_fit,97.5,264.55859375,20.9,4031.74609375,4292.0,8.0,4864.0,1114.0,1273.0,47.125,47.156
445.721,fusion_fit,101.1,328.796875,37.6,4044.82421875,4286.0,29.0,5095.0,1313.0,1313.0,47.031,47.093
446.228,fusion_fit,100.5,265.51171875,32.9,4027.54296875,4272.0,2.0,5135.0,1353.0,1313.0,47.093,47.093
446.733,fusion_fit,99.1,334.3046875,35.9,4047.14453125,4292.0,26.0,4984.0,1393.0,1234.0,47.5,47.5
447.235,fusion_fit,101.5,265.6171875,36.3,4030.51171875,4293.0,4.0,5095.0,1353.0,1273.0,47.281,47.281
447.738,fusion_fit,97.5,319.203125,26.0,4033.21484375,4274.0,0.0,4984.0,1234.0,1273.0,47.25,47.25
448.240,fusion_fit,99.6,269.76953125,17.4,4013.734375,4298.0,0.0,4784.0,1074.0,1275.0,47.031,47.156
448.742,fusion_fit,99.6,268.3359375,36.7,4028.578125,4274.0,26.0,4944.0,1273.0,1273.0,47.062,47.156
449.247,fusion_fit,100.8,268.35546875,41.9,4028.81640625,4274.0,3.0,4864.0,1353.0,1194.0,47.062,47.125
449.749,fusion_fit,97.6,268.390625,29.7,4036.703125,4282.0,0.0,4520.0,1198.0,1158.0,47.187,47.187
450.253,fusion_fit,101.3,268.4296875,18.9,4036.66796875,4282.0,0.0,4286.0,1001.0,1161.0,47.062,47.218
450.755,fusion_fit,99.6,268.46484375,21.9,4029.19921875,4274.0,4.0,4246.0,1001.0,1161.0,46.968,47.156
451.256,fusion_fit,99.7,268.484375,23.2,4029.9375,4275.0,0.0,4206.0,1001.0,1161.0,46.781,47.125
451.759,fusion_fit,99.5,268.49609375,23.0,4025.10546875,4270.0,0.0,4206.0,1001.0,1161.0,46.937,47.156
452.262,fusion_fit,99.3,268.51171875,17.7,4025.5859375,4271.0,0.0,4133.0,921.0,1123.0,47.062,47.062
452.763,fusion_fit,99.7,268.515625,18.3,4018.96875,4264.0,0.0,4093.0,922.0,1123.0,47.031,47.25
453.266,fusion_fit,99.4,268.51953125,37.8,4019.7890625,4265.0,23.0,4472.0,1198.0,1158.0,46.906,47.093
453.768,fusion_fit,97.6,268.51953125,36.2,4015.95703125,4265.0,23.0,4472.0,1198.0,1158.0,46.906,47.093
454.271,fusion_fit,101.5,268.5234375,22.3,4016.17578125,4261.0,4.0,4625.0,1315.0,1156.0,47.156,47.156
454.773,fusion_fit,99.5,268.5234375,19.9,4013.046875,4261.0,0.0,4326.0,1080.0,1160.0,47.375,47.375
455.277,fusion_fit,101.2,268.5234375,19.1,4013.046875,4258.0,0.0,4173.0,961.0,1161.0,47.062,47.156
455.779,fusion_fit,97.6,268.5234375,26.4,4008.953125,4258.0,0.0,4173.0,961.0,1161.0,47.093,47.187
456.282,fusion_fit,101.4,268.5234375,20.3,4008.953125,4254.0,0.0,4320.0,1080.0,1160.0,46.937,47.093
456.784,fusion_fit,99.5,268.5234375,18.4,4006.953125,4254.0,0.0,4246.0,1000.0,1161.0,46.968,47.031
457.287,fusion_fit,99.5,268.5234375,22.3,4006.953125,4252.0,0.0,4173.0,961.0,1121.0,46.906,47.031
457.791,fusion_fit,99.2,268.5234375,36.1,4004.953125,4252.0,15.0,4206.0,1001.0,1161.0,47.0,47.0
458.293,fusion_fit,99.6,268.5234375,36.9,4005.02734375,4250.0,3.0,4552.0,1275.0,1158.0,47.281,47.281
458.795,fusion_fit,99.6,268.5234375,19.3,4002.94140625,4250.0,4.0,4704.0,1395.0,1156.0,47.125,47.125
459.298,fusion_fit,99.3,268.5234375,18.6,4002.94140625,4248.0,0.0,4320.0,1080.0,1160.0,47.031,47.031
459.800,fusion_fit,101.5,268.5234375,19.3,4000.6015625,4248.0,0.0,4206.0,961.0,1161.0,46.968,47.187
460.303,fusion_fit,99.5,268.5234375,38.1,4000.6015625,4246.0,22.0,4206.0,1001.0,1161.0,46.906,47.093
460.805,fusion_fit,101.5,268.5234375,38.8,3998.6015625,4246.0,21.0,4512.0,1196.0,1158.0,47.0,47.125
461.309,fusion_fit,99.3,268.5234375,23.4,3998.6015625,4244.0,3.0,4625.0,1315.0,1156.0,47.0,47.156
461.811,fusion_fit,99.6,268.5234375,19.2,3998.6015625,4244.0,0.0,4326.0,1080.0,1160.0,47.125,47.156
462.313,fusion_fit,99.6,268.52734375,19.3,3998.6015625,4244.0,0.0,4206.0,961.0,1161.0,47.093,47.125
462.815,fusion_fit,99.4,268.52734375,37.1,3996.6015625,4244.0,3.0,4246.0,1000.0,1161.0,47.031,47.156
463.318,fusion_fit,99.4,268.52734375,35.3,3996.6015625,4242.0,7.0,4632.0,1315.0,1156.0,47.125,47.062
463.821,fusion_fit,101.5,268.52734375,20.0,3996.6015625,4242.0,0.0,4632.0,1315.0,1156.0,47.093,47.093
464.323,fusion_fit,99.6,268.52734375,19.1,3996.6015625,4242.0,0.0,4286.0,1080.0,1160.0,46.937,47.125
464.825,fusion_fit,97.5,268.52734375,20.1,3996.6015625,4242.0,0.0,4206.0,961.0,1161.0,47.031,47.093
465.328,fusion_fit,99.4,268.52734375,37.5,3996.59375,4242.0,23.0,4326.0,1040.0,1160.0,46.906,47.062
465.831,fusion_fit,99.4,268.52734375,36.3,3996.59375,4242.0,3.0,4632.0,1315.0,1156.0,47.093,47.093
466.333,fusion_fit,99.6,268.52734375,20.5,3996.59375,4242.0,0.0,4672.0,1355.0,1156.0,47.093,47.093
466.836,fusion_fit,101.4,268.52734375,19.3,3996.828125,4242.0,0.0,4286.0,1040.0,1161.0,46.906,47.187
467.340,fusion_fit,99.2,268.52734375,19.9,3996.828125,4242.0,0.0,4206.0,961.0,1161.0,46.843,47.187
467.844,fusion_fit,99.2,268.52734375,36.0,3996.7890625,4242.0,4.0,4286.0,1040.0,1160.0,46.937,47.125
468.346,fusion_fit,101.6,268.52734375,38.3,3996.7890625,4242.0,4.0,4632.0,1315.0,1156.0,47.125,47.187
468.848,fusion_fit,99.5,268.52734375,22.4,3996.7890625,4242.0,0.0,4592.0,1275.0,1158.0,46.875,47.093
469.351,fusion_fit,99.5,268.52734375,28.5,3961.703125,4205.0,0.0,4480.0,1118.0,1160.0,47.062,47.156
469.853,fusion_fit,99.6,268.52734375,24.2,3961.22265625,4205.0,0.0,4320.0,1000.0,1160.0,47.218,47.218
470.356,fusion_fit,99.4,268.52734375,36.7,3961.0,4204.0,4.0,4440.0,1118.0,1158.0,47.062,47.062
470.858,fusion_fit,99.5,268.52734375,33.7,3960.953125,4204.0,4.0,4665.0,1355.0,1156.0,47.062,47.062
471.360,fusion_fit,99.6,268.52734375,19.3,3960.70703125,4204.0,0.0,4552.0,1277.0,1158.0,47.062,47.062
471.862,fusion_fit,99.6,268.52734375,18.3,3960.69921875,4204.0,0.0,4206.0,1001.0,1161.0,46.968,47.125
472.364,fusion_fit,101.6,268.52734375,21.3,3960.91796875,4204.0,0.0,4133.0,922.0,1123.0,46.812,47.031
472.866,fusion_fit,99.6,268.52734375,34.6,3960.91796875,4204.0,4.0,4360.0,1120.0,1160.0,47.0,47.156
473.368,fusion_fit,99.7,268.52734375,48.5,3971.640625,4204.0,4.0,4712.0,1395.0,1156.0,47.343,47.343
473.872,fusion_fit,99.1,268.52734375,32.3,3975.375,4221.0,0.0,4824.0,1393.0,1196.0,47.093,47.281
474.375,fusion_fit,99.6,268.52734375,17.7,3971.44921875,4215.0,0.0,4480.0,1118.0,1158.0,46.968,47.125
474.876,fusion_fit,99.7,268.52734375,21.7,3971.33984375,4215.0,0.0,4286.0,1000.0,1160.0,46.875,47.125
475.380,fusion_fit,99.3,268.52734375,36.8,3971.33984375,4215.0,22.0,4440.0,1118.0,1158.0,46.906,47.031
475.881,fusion_fit,99.7,268.52734375,36.7,3969.64453125,4215.0,4.0,4592.0,1236.0,1156.0,46.906,46.968
476.384,fusion_fit,99.5,268.52734375,22.4,3969.00390625,4212.0,0.0,4512.0,1236.0,1158.0,46.843,47.0
476.885,fusion_fit,99.7,268.52734375,21.2,3967.73046875,4212.0,0.0,4246.0,1000.0,1161.0,47.062,47.062
477.387,fusion_fit,99.5,268.52734375,27.8,3934.15234375,4211.0,0.0,4173.0,961.0,1161.0,47.125,47.125
477.890,fusion_fit,101.5,268.52734375,40.1,3934.0078125,4178.0,30.0,4480.0,1158.0,1158.0,46.906,46.968
478.393,fusion_fit,99.4,268.52734375,36.2,3934.0078125,4178.0,6.0,4672.0,1315.0,1196.0,46.937,47.187
478.895,fusion_fit,99.7,268.52734375,20.5,3930.01953125,4178.0,0.0,4512.0,1198.0,1158.0,47.062,47.062
479.398,fusion_fit,99.5,268.52734375,18.3,3930.015625,4177.0,0.0,4246.0,1001.0,1161.0,46.843,47.156
479.900,fusion_fit,99.5,268.52734375,21.3,3928.49609375,4177.0,0.0,4133.0,961.0,1123.0,46.906,47.125
480.402,fusion_fit,99.7,268.52734375,35.7,3928.49609375,4175.0,4.0,4472.0,1158.0,1158.0,46.906,47.125
480.904,fusion_fit,101.4,268.52734375,34.6,3927.55859375,4175.0,4.0,4665.0,1355.0,1156.0,46.906,47.093
481.406,fusion_fit,99.6,268.52734375,18.5,3927.55859375,4174.0,0.0,4480.0,1198.0,1158.0,46.687,47.031
481.909,fusion_fit,99.4,268.52734375,19.1,3926.75,4174.0,0.0,4286.0,1040.0,1160.0,46.875,47.062
482.411,fusion_fit,99.6,268.52734375,22.5,3926.75,4174.0,0.0,4173.0,961.0,1161.0,46.968,47.0
482.914,fusion_fit,99.5,268.52734375,38.5,3926.1171875,4174.0,4.0,4512.0,1198.0,1158.0,46.937,46.968
483.417,fusion_fit,99.4,268.52734375,35.3,3926.1171875,4173.0,4.0,4704.0,1395.0,1156.0,47.062,46.968
483.919,fusion_fit,99.5,268.52734375,25.5,3926.10546875,4173.0,0.0,4440.0,1158.0,1158.0,46.843,46.968
484.425,fusion_fit,100.8,268.52734375,21.1,3926.10546875,4173.0,0.0,4246.0,1040.0,1161.0,46.937,47.062
484.928,fusion_fit,99.5,268.52734375,24.8,3926.10546875,4173.0,0.0,4173.0,961.0,1161.0,46.781,47.125
485.432,fusion_fit,99.1,268.52734375,37.9,3926.10546875,4173.0,4.0,4552.0,1198.0,1158.0,46.937,47.093
485.938,fusion_fit,101.0,268.52734375,34.1,3926.1015625,4173.0,4.0,4704.0,1395.0,1156.0,46.968,47.125
486.442,fusion_fit,99.1,268.52734375,21.4,3926.1015625,4173.0,0.0,4400.0,1120.0,1160.0,47.031,47.031
486.945,fusion_fit,99.5,268.52734375,21.2,3926.1015625,4173.0,0.0,4246.0,1000.0,1161.0,46.843,47.156
487.448,fusion_fit,101.3,268.52734375,25.8,3926.1015625,4173.0,0.0,4206.0,1001.0,1161.0,46.875,47.031
487.951,fusion_fit,99.5,268.52734375,36.5,3926.1015625,4173.0,4.0,4592.0,1275.0,1158.0,46.843,47.093
488.453,fusion_fit,99.5,268.52734375,33.1,3926.1015625,4173.0,4.0,4744.0,1435.0,1156.0,46.875,47.0
488.956,fusion_fit,99.4,268.52734375,21.7,3926.06640625,4173.0,0.0,4440.0,1158.0,1160.0,47.187,47.187
489.461,fusion_fit,100.9,268.52734375,19.3,3925.6796875,4173.0,0.0,4286.0,1040.0,1160.0,46.812,46.906
489.964,fusion_fit,99.4,268.52734375,26.2,3925.6796875,4173.0,0.0,4206.0,1001.0,1161.0,46.906,46.906
490.468,fusion_fit,99.3,268.52734375,40.0,3925.6796875,4173.0,8.0,4592.0,1236.0,1158.0,47.218,46.968
490.973,fusion_fit,99.0,268.52734375,37.8,3925.6484375,4173.0,4.0,4744.0,1355.0,1156.0,46.968,46.968
491.476,fusion_fit,99.5,268.52734375,27.0,3925.6484375,4173.0,0.0,4440.0,1158.0,1158.0,46.906,46.906
491.979,fusion_fit,101.4,268.52734375,22.9,3925.6484375,4173.0,0.0,4246.0,1001.0,1161.0,46.875,46.968
492.482,fusion_fit,99.4,268.52734375,28.4,3925.6484375,4173.0,0.0,4173.0,961.0,1161.0,46.781,47.156
492.984,fusion_fit,99.5,268.52734375,37.3,3925.6484375,4173.0,5.0,4592.0,1315.0,1158.0,46.968,46.968
493.487,fusion_fit,99.5,268.52734375,31.9,3925.6484375,4173.0,4.0,4744.0,1435.0,1156.0,46.968,47.093
493.990,fusion_fit,101.3,268.52734375,23.3,3925.6484375,4173.0,0.0,4360.0,1120.0,1160.0,46.687,47.0
494.493,fusion_fit,99.3,268.52734375,21.3,3925.6484375,4173.0,0.0,4246.0,1000.0,1161.0,46.75,46.937
494.997,fusion_fit,101.3,268.52734375,28.6,3925.48046875,4173.0,9.0,4246.0,1000.0,1161.0,47.031,47.031
495.500,fusion_fit,97.4,268.52734375,36.5,3925.48046875,4173.0,4.0,4592.0,1275.0,1156.0,46.906,46.968
496.002,fusion_fit,95.6,268.52734375,31.7,3925.35546875,4173.0,3.0,4704.0,1395.0,1156.0,47.062,47.062
496.505,fusion_fit,99.3,268.52734375,23.1,3925.84765625,4173.0,0.0,4400.0,1118.0,1158.0,47.062,47.125
497.009,fusion_fit,97.2,268.52734375,26.2,3925.84765625,4173.0,4.0,4326.0,1040.0,1160.0,46.843,47.031
497.513,fusion_fit,99.3,268.52734375,36.2,3926.08203125,4173.0,4.0,4632.0,1315.0,1156.0,47.062,47.0
498.016,fusion_fit,99.3,268.52734375,28.6,3926.08203125,4173.0,3.0,4632.0,1355.0,1156.0,46.937,47.187
498.520,fusion_fit,99.2,268.52734375,20.2,3926.08203125,4173.0,0.0,4286.0,1040.0,1160.0,46.687,47.093
499.022,fusion_fit,99.5,268.52734375,19.5,3926.21484375,4174.0,0.0,4166.0,961.0,1161.0,46.718,47.125
499.524,fusion_fit,99.6,268.52734375,26.8,3926.45703125,4174.0,19.0,4246.0,1001.0,1161.0,46.718,46.968
500.027,fusion_fit,99.4,268.52734375,36.4,3926.22265625,4174.0,20.0,4472.0,1158.0,1158.0,46.75,46.968
500.530,fusion_fit,97.5,268.52734375,33.9,3926.22265625,4174.0,3.0,4592.0,1275.0,1156.0,46.812,46.937
501.032,fusion_fit,99.5,268.52734375,19.1,3926.21484375,4174.0,0.0,4286.0,1040.0,1160.0,46.562,46.906
501.535,fusion_fit,99.6,268.52734375,19.0,3926.21484375,4174.0,0.0,4246.0,960.0,1160.0,46.875,46.906
502.038,fusion_fit,99.4,268.52734375,25.7,3926.19921875,4174.0,7.0,4286.0,1040.0,1160.0,46.687,46.843
502.541,fusion_fit,99.5,268.52734375,35.9,3926.19921875,4174.0,4.0,4592.0,1315.0,1156.0,46.875,46.937
503.044,fusion_fit,101.4,268.52734375,28.3,3926.19921875,4174.0,0.0,4552.0,1275.0,1158.0,46.687,46.75
503.547,fusion_fit,97.4,268.52734375,19.2,3926.19921875,4174.0,0.0,4246.0,1001.0,1161.0,46.843,46.843
504.050,fusion_fit,99.4,268.52734375,19.5,3926.19921875,4174.0,0.0,4173.0,961.0,1161.0,46.781,47.093
504.554,fusion_fit,99.2,268.52734375,33.2,3858.80859375,4174.0,10.0,4360.0,1080.0,1160.0,46.843,46.937
505.056,fusion_fit,95.6,268.52734375,36.1,3855.0,4104.0,4.0,4632.0,1315.0,1156.0,46.875,47.031
505.560,fusion_fit,99.2,268.52734375,29.7,3855.0,4104.0,0.0,4552.0,1238.0,1158.0,46.687,46.906
506.063,fusion_fit,97.5,268.52734375,21.8,3853.8671875,4103.0,0.0,4246.0,1040.0,1161.0,47.125,46.906
506.565,fusion_fit,101.6,268.52734375,33.0,3853.8671875,4103.0,0.0,4400.0,1118.0,1160.0,46.812,46.937
507.067,fusion_fit,99.6,268.52734375,26.9,3852.9765625,4102.0,4.0,4400.0,1118.0,1160.0,47.0,47.0
507.570,fusion_fit,99.3,268.52734375,36.1,3852.9765625,4102.0,4.0,4632.0,1315.0,1156.0,47.156,47.156
508.072,fusion_fit,99.5,268.52734375,28.8,3852.19921875,4101.0,0.0,4552.0,1238.0,1158.0,46.875,47.031
508.574,fusion_fit,99.7,268.52734375,22.0,3852.03125,4101.0,0.0,4286.0,1040.0,1161.0,46.781,47.0
509.077,fusion_fit,99.4,268.52734375,22.2,3851.31640625,4100.0,0.0,4206.0,961.0,1161.0,46.75,46.937
509.578,fusion_fit,99.7,268.52734375,24.1,3851.55859375,4101.0,0.0,4246.0,1001.0,1161.0,47.093,47.093
510.082,fusion_fit,99.4,268.52734375,28.0,3850.90625,4100.0,22.0,4326.0,1040.0,1160.0,46.875,46.875
510.584,fusion_fit,99.6,268.52734375,25.6,3850.90625,4100.0,0.0,4326.0,1040.0,1160.0,46.937,46.968
511.087,fusion_fit,99.3,268.52734375,23.1,3848.68359375,4098.0,0.0,4286.0,1000.0,1161.0,46.843,47.031
511.591,fusion_fit,101.2,268.52734375,28.0,3848.68359375,4098.0,18.0,4440.0,1118.0,1160.0,46.937,46.968
512.094,fusion_fit,61.7,268.58984375,22.7,3851.84765625,4101.0,0.0,4400.0,1038.0,1160.0,46.656,46.843
