t_start,t_end,t_release,label,score,alarm,dominant,domain,csec_corr,csec_unc,decision_ms_after_target,csec_wait_ms,prov_score,prov_alarm,|r_bal|,|r_aux|,|r_cool|,|r_ups|,|r_qp|,|r_pv|,|r_reg|,e_rec,e_fc
2.00,3.27,4.17,0,1.35835,1,e_rec,cross-domain,0.6455,0.0000,891.054,890,6.52234,1,-6.243,-2.772,-4.378,0,-8.793,33.72,50,31.41,46.46
2.40,3.67,4.17,0,0.40073,1,e_rec,cross-domain,0.4611,0.0000,491.054,490,4.08929,1,-6.243,-2.772,-4.378,0,-8.793,29,48.32,24.08,44.29
2.80,4.07,4.17,0,11.51740,1,e_rec,cross-domain,0.1537,0.0000,91.054,90,12.74692,1,-6.243,-2.772,-4.378,0,-8.793,18.38,47.14,50,16.48
3.20,4.47,4.48,0,-1.10632,0,e_rec,cross-domain,0.0000,0.0000,3.650,0,-1.10632,0,-6.243,-2.772,-4.378,0,-8.793,8.336,50,11.38,50
3.60,4.87,4.88,0,8.40269,1,e_rec,cross-domain,0.0000,0.0000,3.648,0,8.40269,1,-6.243,-2.772,-4.378,0,-8.793,1.571,44.57,37.94,11.09
4.00,5.27,5.28,0,8.90508,1,e_rec,cross-domain,0.0000,0.0000,3.664,0,8.90508,1,-6.243,-2.772,-4.378,0,-8.793,2.323,47.63,39.4,3.574
4.40,5.67,5.68,0,-0.82945,0,|r_qp|,cross-domain,0.0000,0.0000,3.841,0,-0.82945,0,-6.243,-2.772,-4.378,0,-8.793,4.932,41.78,10.66,41.27
4.80,6.07,6.08,0,-0.42105,1,|r_qp|,cross-domain,0.0000,0.0000,3.645,0,-0.42105,1,-6.243,-2.772,-4.378,0,-8.793,7.569,37.87,8.172,1.491
5.20,6.47,6.48,0,-0.05283,1,|r_qp|,cross-domain,0.0000,0.0000,3.969,0,-0.05283,1,-6.243,-2.772,-4.378,0,-8.793,6.629,28.7,7.755,-0.0622
5.60,6.87,6.88,0,-2.01005,0,|r_qp|,cross-domain,0.0000,0.0000,3.516,0,-2.01005,0,-6.243,-2.772,-4.378,0,-8.793,4.111,18.83,3.066,39.26
6.00,7.27,7.28,0,-2.20087,0,|r_qp|,cross-domain,0.0000,0.0000,3.568,0,-2.20087,0,-6.243,-2.772,-4.378,0,-8.793,1.943,14.29,-0.6836,0.6141
6.40,7.67,7.68,0,-1.83585,0,|r_qp|,cross-domain,0.0000,0.0000,3.527,0,-1.83585,0,-6.243,-2.772,-4.378,0,-8.793,1.695,6.11,-0.9815,-0.2261
6.80,8.07,8.08,0,-0.59558,0,|r_qp|,cross-domain,0.0000,0.0000,3.464,0,-0.59558,0,-6.243,-2.772,-4.378,0,-8.793,2.957,0.622,4.128,34.39
7.20,8.47,8.48,0,-1.37151,0,|r_qp|,cross-domain,0.0000,0.0000,3.479,0,-1.37151,0,-6.243,-2.772,-4.378,0,-8.793,3.16,1.445,-0.5603,-0.6159
7.60,8.87,8.88,0,-1.30299,0,|r_qp|,cross-domain,0.0000,0.0000,3.442,0,-1.30299,0,-6.243,-2.772,-4.378,0,-8.793,4.169,1.024,-0.4039,1.497
8.00,9.27,9.28,0,-0.60595,0,|r_qp|,cross-domain,0.0000,0.0000,4.078,0,-0.60595,0,-6.243,-2.772,-4.378,0,-8.793,4.587,0.8707,4.238,38.85
8.40,9.67,9.68,0,-1.52235,0,|r_qp|,cross-domain,0.0000,0.0000,3.773,0,-1.52235,0,-6.243,-2.772,-4.378,0,-8.793,3.519,0.02623,-1.294,-0.3455
8.80,10.07,10.08,0,-1.56311,0,|r_qp|,cross-domain,0.0000,0.0000,3.636,0,-1.56311,0,-6.243,-2.772,-4.378,0,-8.793,2.085,-0.333,-1.18,1.376
9.20,10.47,10.48,0,-1.02318,0,|r_qp|,cross-domain,0.0000,0.0000,3.564,0,-1.02318,0,-6.243,-2.772,-4.378,0,-8.793,0.2075,-0.1773,3.625,43.12
9.60,10.87,10.88,0,-1.69812,0,|r_qp|,cross-domain,0.0000,0.0000,3.445,0,-1.69812,0,-6.243,-2.772,-4.378,0,-8.793,-0.5158,0.67,-1.245,-0.8106
10.00,11.27,11.28,0,-1.55415,0,|r_qp|,cross-domain,0.0000,0.0000,3.464,0,-1.55415,0,-6.243,-2.772,-4.378,0,-8.793,0.09866,0.1399,-0.7084,2.981
10.40,11.67,11.68,0,-0.65153,0,|r_qp|,cross-domain,0.0000,0.0000,3.407,0,-0.65153,0,-6.243,-2.772,-4.378,0,-8.793,2.161,0.2384,4.509,41.9
10.80,12.07,12.08,0,-1.23727,0,|r_qp|,cross-domain,0.0000,0.0000,3.479,0,-1.23727,0,-6.243,-2.772,-4.378,0,-8.793,3.196,0.6116,-0.2845,-0.4857
11.20,12.47,12.48,0,-1.26943,0,|r_qp|,cross-domain,0.0000,0.0000,3.900,0,-1.26943,0,-6.243,-2.772,-4.378,0,-8.793,4.671,0.1339,-0.4077,3.075
11.60,12.87,12.88,0,-0.41412,1,|r_qp|,cross-domain,0.0000,0.0000,3.488,0,-0.41412,1,-6.243,-2.772,-4.378,0,-8.793,4.797,0.3089,4.788,40.03
12.00,13.27,13.28,0,-1.24363,0,|r_qp|,cross-domain,0.0000,0.0000,3.405,0,-1.24363,0,-6.243,-2.772,-4.378,0,-8.793,4.208,0.702,-0.4144,-0.4413
12.40,13.67,13.68,0,-1.44816,0,|r_qp|,cross-domain,0.0000,0.0000,3.400,0,-1.44816,0,-6.243,-2.772,-4.378,0,-8.793,3.387,0.2894,-0.8798,1.459
12.80,14.07,14.08,0,-0.78920,0,|r_qp|,cross-domain,0.0000,0.0000,3.422,0,-0.78920,0,-6.243,-2.772,-4.378,0,-8.793,1.951,0.003682,4.298,45.19
13.20,14.47,14.48,0,-1.53420,0,|r_qp|,cross-domain,0.0000,0.0000,3.410,0,-1.53420,0,-6.243,-2.772,-4.378,0,-8.793,1.085,0.3184,-1.001,-0.7824
13.60,14.87,14.88,0,-1.63964,0,|r_qp|,cross-domain,0.0000,0.0000,3.405,0,-1.63964,0,-6.243,-2.772,-4.378,0,-8.793,0.4456,-0.1543,-1.161,1.611
14.00,15.27,15.28,0,-1.32546,0,|r_qp|,cross-domain,0.0000,0.0000,3.396,0,-1.32546,0,-6.243,-2.772,-4.378,0,-8.793,0.474,0.04943,2.928,46.45
14.40,15.67,15.68,0,-1.27109,0,|r_qp|,cross-domain,0.0000,0.0000,3.915,0,-1.27109,0,-6.243,-2.772,-4.378,0,-8.793,0.794,0.8527,-0.04383,-0.5176
14.80,16.07,16.08,0,-1.52041,0,|r_qp|,cross-domain,0.0000,0.0000,3.711,0,-1.52041,0,-6.243,-2.772,-4.378,0,-8.793,1.165,0.3303,-0.7215,2.781
15.20,16.47,16.48,0,-0.60215,0,|r_qp|,cross-domain,0.0000,0.0000,3.458,0,-0.60215,0,-6.243,-2.772,-4.378,0,-8.793,2.236,0.1914,4.447,39.04
15.60,16.87,16.88,0,-1.25103,0,|r_qp|,cross-domain,0.0000,0.0000,3.410,0,-1.25103,0,-6.243,-2.772,-4.378,0,-8.793,2.966,1.265,-0.1973,-0.6506
16.00,17.27,17.28,0,-1.22286,0,|r_qp|,cross-domain,0.0000,0.0000,3.481,0,-1.22286,0,-6.243,-2.772,-4.378,0,-8.793,3.962,0.2334,-0.3257,0.6235
16.40,17.67,17.68,0,-1.23283,0,|r_qp|,cross-domain,0.0000,0.0000,3.392,0,-1.23283,0,-6.243,-2.772,-4.378,0,-8.793,3.205,0.09622,2.816,45.62
16.80,18.07,18.08,0,-1.01533,0,|r_qp|,cross-domain,0.0000,0.0000,3.421,0,-1.01533,0,-6.243,-2.772,-4.378,0,-8.793,2.132,0.2479,0.488,-0.2684
17.20,18.47,18.48,0,-1.59159,0,|r_qp|,cross-domain,0.0000,0.0000,4.053,0,-1.59159,0,-6.243,-2.772,-4.378,0,-8.793,0.443,0.4237,-0.9763,0.7004
17.60,18.87,18.88,0,-1.03334,0,|r_qp|,cross-domain,0.0000,0.0000,3.579,0,-1.03334,0,-6.243,-2.772,-4.378,0,-8.793,0.55,0.5196,3.469,40.22
18.00,19.27,19.28,0,-1.23393,0,|r_qp|,cross-domain,0.0000,0.0000,3.481,0,-1.23393,0,-6.243,-2.772,-4.378,0,-8.793,1.488,1.758,0.1287,-0.637
18.40,19.67,19.68,0,-1.27095,0,|r_qp|,cross-domain,0.0000,0.0000,3.445,0,-1.27095,0,-6.243,-2.772,-4.378,0,-8.793,3.15,0.3764,-0.3448,0.6417
18.80,20.07,20.08,0,-1.17300,0,|r_qp|,cross-domain,0.0000,0.0000,3.402,0,-1.17300,0,-6.243,-2.772,-4.378,0,-8.793,3.567,0.2001,2.79,42.97
19.20,20.47,20.48,0,-1.41365,0,|r_qp|,cross-domain,0.0000,0.0000,3.388,0,-1.41365,0,-6.243,-2.772,-4.378,0,-8.793,2.538,0.1085,-0.8263,-0.4299
19.60,20.87,20.88,0,-1.61698,0,|r_qp|,cross-domain,0.0000,0.0000,3.347,0,-1.61698,0,-6.243,-2.772,-4.378,0,-8.793,0.5512,-0.1885,-1.177,0.6411
20.00,21.27,21.28,0,-1.16454,0,|r_qp|,cross-domain,0.0000,0.0000,3.396,0,-1.16454,0,-6.243,-2.772,-4.378,0,-8.793,-0.9154,-0.02011,3.545,45.81
20.40,21.67,21.68,0,-1.51561,0,|r_qp|,cross-domain,0.0000,0.0000,3.946,0,-1.51561,0,-6.243,-2.772,-4.378,0,-8.793,-0.7766,0.6385,-0.6224,-0.3484
20.80,22.07,22.08,0,-1.62527,0,|r_qp|,cross-domain,0.0000,0.0000,3.614,0,-1.62527,0,-6.243,-2.772,-4.378,0,-8.793,0.07737,-0.01815,-1.157,0.009393
21.20,22.47,22.48,0,-0.94625,0,|r_qp|,cross-domain,0.0000,0.0000,3.487,0,-0.94625,0,-6.243,-2.772,-4.378,0,-8.793,0.4022,0.05897,3.865,42.94
21.60,22.87,22.88,0,-1.52212,0,|r_qp|,cross-domain,0.0000,0.0000,3.449,0,-1.52212,0,-6.243,-2.772,-4.378,0,-8.793,0.4969,0.4725,-0.8235,-0.2103
22.00,23.27,23.28,0,-1.56830,0,|r_qp|,cross-domain,0.0000,0.0000,3.468,0,-1.56830,0,-6.243,-2.772,-4.378,0,-8.793,0.747,-0.03715,-1.08,-0.1472
22.40,23.67,23.68,0,-1.41135,0,|r_qp|,cross-domain,0.0000,0.0000,3.412,0,-1.41135,0,-6.243,-2.772,-4.378,0,-8.793,0.7366,-2.53e-05,2.234,40.84
22.80,24.07,24.08,0,-1.11121,0,|r_qp|,cross-domain,0.0000,0.0000,3.489,0,-1.11121,0,-6.243,-2.772,-4.378,0,-8.793,0.5819,1.009,0.5713,0.4788
23.20,24.47,24.48,0,-1.43170,0,|r_qp|,cross-domain,0.0000,0.0000,3.564,0,-1.43170,0,-6.243,-2.772,-4.378,0,-8.793,-0.5452,1.527,-0.2246,-0.1041
23.60,24.87,24.88,0,-1.76457,0,|r_qp|,cross-domain,0.0000,0.0000,3.961,0,-1.76457,0,-6.243,-2.772,-4.378,0,-8.793,-1.148,1.84,1.367,36
24.00,25.27,25.28,0,-1.39557,0,|r_qp|,cross-domain,0.0000,0.0000,3.535,0,-1.39557,0,-6.243,-2.772,-4.378,0,-8.793,-0.7447,3.401,0.2585,0.2802
24.40,25.67,25.68,0,-1.68164,0,|r_qp|,cross-domain,0.0000,0.0000,3.541,0,-1.68164,0,-6.243,-2.772,-4.378,0,-8.793,-0.3612,2.657,-0.8133,0.0755
24.80,26.07,26.08,0,-1.28557,0,|r_qp|,cross-domain,0.0000,0.0000,3.497,0,-1.28557,0,-6.243,-2.772,-4.378,0,-8.793,0.9599,2.346,2.769,37.57
25.20,26.47,26.48,0,-1.30069,0,|r_qp|,cross-domain,0.0000,0.0000,3.470,0,-1.30069,0,-6.243,-2.772,-4.378,0,-8.793,1.616,3.089,0.2047,0.3922
25.60,26.87,26.88,0,-1.20479,0,|r_qp|,cross-domain,0.0000,0.0000,3.366,0,-1.20479,0,-6.243,-2.772,-4.378,0,-8.793,3.408,1.441,-0.0604,-0.3517
26.00,27.27,27.28,0,-1.02858,0,|r_qp|,cross-domain,0.0000,0.0000,3.412,0,-1.02858,0,-6.243,-2.772,-4.378,0,-8.793,3.623,1.054,2.867,35.61
26.40,27.67,27.68,0,-1.19352,0,|r_qp|,cross-domain,0.0000,0.0000,3.167,0,-1.19352,0,-6.243,-2.772,-4.378,0,-8.793,2.617,1.239,0.1212,0.8198
26.80,28.07,28.08,0,-1.37515,0,|r_qp|,cross-domain,0.0000,0.0000,3.799,0,-1.37515,0,-6.243,-2.772,-4.378,0,-8.793,0.3539,1.481,-0.1887,-0.3366
27.20,28.47,28.48,0,-1.56206,0,|r_qp|,cross-domain,0.0000,0.0000,3.582,0,-1.56206,0,-6.243,-2.772,-4.378,0,-8.793,-0.9535,2.137,2.281,39.84
27.60,28.87,28.88,0,-1.01244,0,|r_qp|,cross-domain,0.0000,0.0000,3.581,0,-1.01244,0,-6.243,-2.772,-4.378,0,-8.793,-0.8105,3.684,1.576,1.435
28.00,29.27,29.28,0,-1.36615,0,|r_qp|,cross-domain,0.0000,0.0000,3.561,0,-1.36615,0,-6.243,-2.772,-4.378,0,-8.793,-0.9333,3.55,0.3614,-0.2604
28.40,29.67,29.68,0,-1.82801,0,|r_qp|,cross-domain,0.0000,0.0000,3.477,0,-1.82801,0,-6.243,-2.772,-4.378,0,-8.793,-1.266,3.721,1.594,37.27
28.80,30.07,30.08,0,-1.46156,0,|r_qp|,cross-domain,0.0000,0.0000,3.423,0,-1.46156,0,-6.243,-2.772,-4.378,0,-8.793,-0.8511,4.65,0.3499,1.266
29.20,30.47,30.48,0,-1.34632,0,|r_qp|,cross-domain,0.0000,0.0000,3.401,0,-1.34632,0,-6.243,-2.772,-4.378,0,-8.793,1.231,2.593,-0.02837,-0.4347
29.60,30.87,30.88,0,-1.22784,0,|r_qp|,cross-domain,0.0000,0.0000,4.037,0,-1.22784,0,-6.243,-2.772,-4.378,0,-8.793,2.839,1.545,2.278,33.32
30.00,31.27,31.28,0,-1.55812,0,|r_qp|,cross-domain,0.0000,0.0000,3.703,0,-1.55812,0,-6.243,-2.772,-4.378,0,-8.793,2.782,1.115,-1.046,0.8016
30.40,31.67,31.68,0,-1.66985,0,|r_qp|,cross-domain,0.0000,0.0000,3.450,0,-1.66985,0,-6.243,-2.772,-4.378,0,-8.793,0.8503,0.4018,-1.367,-0.6574
30.80,32.07,32.08,0,-1.55768,0,|r_qp|,cross-domain,0.0000,0.0000,3.568,0,-1.55768,0,-6.243,-2.772,-4.378,0,-8.793,-0.6683,0.6525,2.072,40.81
31.20,32.47,32.48,0,-0.94180,0,|r_qp|,cross-domain,0.0000,0.0000,3.440,0,-0.94180,0,-6.243,-2.772,-4.378,0,-8.793,-1.045,0.985,1.417,2.227
31.60,32.87,32.88,0,-1.39471,0,|r_qp|,cross-domain,0.0000,0.0000,3.345,0,-1.39471,0,-6.243,-2.772,-4.378,0,-8.793,-0.9058,1.82,-0.03324,-0.3718
32.00,33.27,33.28,0,-1.53905,0,|r_qp|,cross-domain,0.0000,0.0000,3.411,0,-1.53905,0,-6.243,-2.772,-4.378,0,-8.793,-0.5754,2.1,2.128,37.38
32.40,33.67,33.68,0,-0.95979,0,|r_qp|,cross-domain,0.0000,0.0000,3.367,0,-0.95979,0,-6.243,-2.772,-4.378,0,-8.793,0.2188,4.035,1.797,3.319
32.80,34.07,34.08,0,-1.20028,0,|r_qp|,cross-domain,0.0000,0.0000,3.968,0,-1.20028,0,-6.243,-2.772,-4.378,0,-8.793,1.946,3.464,0.4674,-0.6082
33.20,34.47,34.48,0,-1.02192,0,|r_qp|,cross-domain,0.0000,0.0000,3.652,0,-1.02192,0,-6.243,-2.772,-4.378,0,-8.793,3.282,3.609,3.299,34.63
33.60,34.87,34.88,0,-1.76388,0,|r_qp|,cross-domain,0.0000,0.0000,3.475,0,-1.76388,0,-6.243,-2.772,-4.378,0,-8.793,2.952,4.202,-1.143,1.266
34.00,35.27,35.28,0,-1.73380,0,|r_qp|,cross-domain,0.0000,0.0000,3.657,0,-1.73380,0,-6.243,-2.772,-4.378,0,-8.793,1.441,2.087,-1.355,-0.7129
34.40,35.67,35.68,0,-1.30835,0,|r_qp|,cross-domain,0.0000,0.0000,3.451,0,-1.30835,0,-6.243,-2.772,-4.378,0,-8.793,0.1889,1.225,2.676,38.6
34.80,36.07,36.08,0,-1.64520,0,|r_qp|,cross-domain,0.0000,0.0000,3.426,0,-1.64520,0,-6.243,-2.772,-4.378,0,-8.793,0.03107,0.6397,-1.031,1.016
35.20,36.47,36.48,0,-1.63015,0,|r_qp|,cross-domain,0.0000,0.0000,4.457,0,-1.63015,0,-6.243,-2.772,-4.378,0,-8.793,0.2466,0.05187,-1.234,-0.7572
35.60,36.87,36.88,0,-1.33549,0,|r_qp|,cross-domain,0.0000,0.0000,3.377,0,-1.33549,0,-6.243,-2.772,-4.378,0,-8.793,0.7213,0.3377,2.503,40.48
36.00,37.27,37.28,0,-1.59600,0,|r_qp|,cross-domain,0.0000,0.0000,3.960,0,-1.59600,0,-6.243,-2.772,-4.378,0,-8.793,0.5573,0.7176,-0.9643,0.5559
36.40,37.67,37.68,0,-1.65594,0,|r_qp|,cross-domain,0.0000,0.0000,3.557,0,-1.65594,0,-6.243,-2.772,-4.378,0,-8.793,0.5131,0.2347,-1.313,-0.7026
36.80,38.07,38.08,0,-1.17944,0,|r_qp|,cross-domain,0.0000,0.0000,3.638,0,-1.17944,0,-6.243,-2.772,-4.378,0,-8.793,0.3162,0.2028,2.918,39.1
37.20,38.47,38.48,0,-1.53214,0,|r_qp|,cross-domain,0.0000,0.0000,3.417,0,-1.53214,0,-6.243,-2.772,-4.378,0,-8.793,0.08865,0.5552,-0.7476,0.3801
37.60,38.87,38.88,0,-1.66003,0,|r_qp|,cross-domain,0.0000,0.0000,3.559,0,-1.66003,0,-6.243,-2.772,-4.378,0,-8.793,0.2012,0.1191,-1.317,-0.87
38.00,39.27,39.28,0,-1.50516,0,|r_qp|,cross-domain,0.0000,0.0000,3.426,0,-1.50516,0,-6.243,-2.772,-4.378,0,-8.793,0.08379,-0.03324,1.982,40.25
38.40,39.67,39.68,0,-1.05759,0,|r_qp|,cross-domain,0.0000,0.0000,3.386,0,-1.05759,0,-6.243,-2.772,-4.378,0,-8.793,0.2291,0.514,0.8322,2.442
38.80,40.07,40.08,0,-1.41996,0,|r_qp|,cross-domain,0.0000,0.0000,4.052,0,-1.41996,0,-6.243,-2.772,-4.378,0,-8.793,0.1124,0.2904,-0.5046,-0.4111
39.20,40.47,40.48,0,-1.16440,0,|r_qp|,cross-domain,0.0000,0.0000,3.612,0,-1.16440,0,-6.243,-2.772,-4.378,0,-8.793,1.009,0.1445,2.56,34.66
39.60,40.87,40.88,0,-1.30226,0,|r_qp|,cross-domain,0.0000,0.0000,3.474,0,-1.30226,0,-6.243,-2.772,-4.378,0,-8.793,1.768,1.485,0.01789,2.007
40.00,41.27,41.28,0,-1.32746,0,|r_qp|,cross-domain,0.0000,0.0000,3.744,0,-1.32746,0,-6.243,-2.772,-4.378,0,-8.793,2.531,1.181,-0.3755,-0.4138
40.40,41.67,41.68,0,-1.11963,0,|r_qp|,cross-domain,0.0000,0.0000,3.469,0,-1.11963,0,-6.243,-2.772,-4.378,0,-8.793,3.004,1.407,2.679,34.93
40.80,42.07,42.08,0,-1.59063,0,|r_qp|,cross-domain,0.0000,0.0000,3.420,0,-1.59063,0,-6.243,-2.772,-4.378,0,-8.793,2.457,2.287,-0.9263,0.4894
41.20,42.47,42.48,0,-1.64028,0,|r_qp|,cross-domain,0.0000,0.0000,3.364,0,-1.64028,0,-6.243,-2.772,-4.378,0,-8.793,1.818,0.9466,-1.295,-0.5042
41.60,42.87,42.88,0,-1.22899,0,|r_qp|,cross-domain,0.0000,0.0000,3.461,0,-1.22899,0,-6.243,-2.772,-4.378,0,-8.793,0.6621,0.909,2.798,38.46
42.00,43.27,43.28,0,-1.50229,0,|r_qp|,cross-domain,0.0000,0.0000,4.067,0,-1.50229,0,-6.243,-2.772,-4.378,0,-8.793,0.1118,1.12,-0.4937,1.374
42.40,43.67,43.68,0,-1.38633,0,|r_qp|,cross-domain,0.0000,0.0000,3.660,0,-1.38633,0,-6.243,-2.772,-4.378,0,-8.793,0.05275,0.6997,-0.3263,-0.4529
42.80,44.07,44.08,0,-1.27708,0,|r_qp|,cross-domain,0.0000,0.0000,3.538,0,-1.27708,0,-6.243,-2.772,-4.378,0,-8.793,0.8563,0.4729,2.286,34.62
43.20,44.47,44.48,0,-0.98371,0,|r_qp|,cross-domain,0.0000,0.0000,3.650,0,-0.98371,0,-6.243,-2.772,-4.378,0,-8.793,1.984,1.011,0.8152,0.9024
43.60,44.87,44.88,0,-1.23519,0,|r_qp|,cross-domain,0.0000,0.0000,3.467,0,-1.23519,0,-6.243,-2.772,-4.378,0,-8.793,3.608,0.2669,-0.412,-0.8143
44.00,45.27,45.28,0,-0.62038,0,|r_qp|,cross-domain,0.0000,0.0000,3.431,0,-0.62038,0,-6.243,-2.772,-4.378,0,-8.793,4.655,0.2699,3.854,35.53
44.40,45.67,45.68,0,-1.24431,0,|r_qp|,cross-domain,0.0000,0.0000,3.382,0,-1.24431,0,-6.243,-2.772,-4.378,0,-8.793,3.986,0.649,-0.2978,1.003
44.80,46.07,46.08,0,-1.36450,0,|r_qp|,cross-domain,0.0000,0.0000,3.387,0,-1.36450,0,-6.243,-2.772,-4.378,0,-8.793,1.476,0.7312,-0.4285,-0.3613
45.20,46.47,46.48,0,-1.63796,0,|r_qp|,cross-domain,0.0000,0.0000,4.009,0,-1.63796,0,-6.243,-2.772,-4.378,0,-8.793,-0.6395,1.154,1.754,38.61
45.60,46.87,46.88,0,-1.66742,0,|r_qp|,cross-domain,0.0000,0.0000,3.582,0,-1.66742,0,-6.243,-2.772,-4.378,0,-8.793,-1.046,2.413,-0.7482,-0.2775
46.00,47.27,47.28,0,-1.65420,0,|r_qp|,cross-domain,0.0000,0.0000,3.712,0,-1.65420,0,-6.243,-2.772,-4.378,0,-8.793,0.1633,0.9715,-1.143,-0.7962
46.40,47.67,47.68,0,-1.32786,0,|r_qp|,cross-domain,0.0000,0.0000,3.449,0,-1.32786,0,-6.243,-2.772,-4.378,0,-8.793,1.155,0.4411,2.456,40.01
46.80,48.07,48.08,0,-1.27745,0,|r_qp|,cross-domain,0.0000,0.0000,3.445,0,-1.27745,0,-6.243,-2.772,-4.378,0,-8.793,1.387,0.09074,-0.1317,1.476
47.20,48.47,48.48,0,-1.46687,0,|r_qp|,cross-domain,0.0000,0.0000,3.369,0,-1.46687,0,-6.243,-2.772,-4.378,0,-8.793,1.715,-0.231,-0.9529,-0.5652
47.60,48.87,48.88,0,-0.92755,0,|r_qp|,cross-domain,0.0000,0.0000,3.385,0,-0.92755,0,-6.243,-2.772,-4.378,0,-8.793,2.088,-0.125,3.191,35.88
48.00,49.27,49.28,0,-1.33220,0,|r_qp|,cross-domain,0.0000,0.0000,4.155,0,-1.33220,0,-6.243,-2.772,-4.378,0,-8.793,2.065,0.9438,-0.2434,1.443
48.40,49.67,49.68,0,-1.62494,0,|r_qp|,cross-domain,0.0000,0.0000,3.606,0,-1.62494,0,-6.243,-2.772,-4.378,0,-8.793,0.907,0.3784,-1.225,-0.452
48.80,50.07,50.08,0,-1.51100,0,|r_qp|,cross-domain,0.0000,0.0000,3.556,0,-1.51100,0,-6.243,-2.772,-4.378,0,-8.793,-0.1837,0.5526,1.86,36.79
49.20,50.47,50.48,0,-1.58804,0,|r_qp|,cross-domain,0.0000,0.0000,3.593,0,-1.58804,0,-6.243,-2.772,-4.378,0,-8.793,-0.3786,0.6569,-0.805,0.9317
49.60,50.87,50.88,0,-1.61721,0,|r_qp|,cross-domain,0.0000,0.0000,3.425,0,-1.61721,0,-6.243,-2.772,-4.378,0,-8.793,0.4288,0.04108,-1.22,-0.7618
50.00,51.27,51.28,0,-1.39721,0,|r_qp|,cross-domain,0.0000,0.0000,3.485,0,-1.39721,0,-6.243,-2.772,-4.378,0,-8.793,1.362,-0.09817,2.09,39.5
50.40,51.67,51.68,0,-1.39419,0,|r_qp|,cross-domain,0.0000,0.0000,3.520,0,-1.39419,0,-6.243,-2.772,-4.378,0,-8.793,1.59,0.3662,-0.516,0.8136
50.80,52.07,52.08,0,-1.52003,0,|r_qp|,cross-domain,0.0000,0.0000,3.460,0,-1.52003,0,-6.243,-2.772,-4.378,0,-8.793,1.746,0.06729,-1.085,-0.79
51.20,52.47,52.48,0,-1.59067,0,|r_qp|,cross-domain,0.0000,0.0000,4.043,0,-1.59067,0,-6.243,-2.772,-4.378,0,-8.793,1.962,0.1889,1.572,41.05
51.60,52.87,52.88,0,-1.55315,0,|r_qp|,cross-domain,0.0000,0.0000,3.639,0,-1.55315,0,-6.243,-2.772,-4.378,0,-8.793,1.902,0.6079,-1.057,0.04345
52.00,53.27,53.28,0,-1.55292,0,|r_qp|,cross-domain,0.0000,0.0000,3.672,0,-1.55292,0,-6.243,-2.772,-4.378,0,-8.793,1.346,0.1644,-1.083,-0.2691
52.40,53.67,53.68,0,-1.37254,0,|r_qp|,cross-domain,0.0000,0.0000,3.606,0,-1.37254,0,-6.243,-2.772,-4.378,0,-8.793,0.8816,0.1119,2.469,42.5
52.80,54.07,54.08,0,-1.62912,0,|r_qp|,cross-domain,0.0000,0.0000,3.449,0,-1.62912,0,-6.243,-2.772,-4.378,0,-8.793,0.5082,0.5427,-1.105,0.3346
53.20,54.47,54.48,0,-1.71602,0,|r_qp|,cross-domain,0.0000,0.0000,3.408,0,-1.71602,0,-6.243,-2.772,-4.378,0,-8.793,0.01701,0.03593,-1.457,-0.5419
53.60,54.87,54.88,0,-1.36964,0,|r_qp|,cross-domain,0.0000,0.0000,3.421,0,-1.36964,0,-6.243,-2.772,-4.378,0,-8.793,-0.6572,0.1041,2.488,39.82
54.00,55.27,55.28,0,-1.44849,0,|r_qp|,cross-domain,0.0000,0.0000,3.424,0,-1.44849,0,-6.243,-2.772,-4.378,0,-8.793,-0.6389,0.5498,-0.3954,0.4181
54.40,55.67,55.68,0,-1.40985,0,|r_qp|,cross-domain,0.0000,0.0000,3.977,0,-1.40985,0,-6.243,-2.772,-4.378,0,-8.793,0.63,-0.148,-0.6456,-0.8678
54.80,56.07,56.08,0,-1.54016,0,|r_qp|,cross-domain,0.0000,0.0000,3.576,0,-1.54016,0,-6.243,-2.772,-4.378,0,-8.793,1.739,-0.5308,1.538,39.66
55.20,56.47,56.48,0,-1.51480,0,|r_qp|,cross-domain,0.0000,0.0000,3.742,0,-1.51480,0,-6.243,-2.772,-4.378,0,-8.793,1.849,0.05072,-0.976,0.793
55.60,56.87,56.88,0,-1.56141,0,|r_qp|,cross-domain,0.0000,0.0000,3.448,0,-1.56141,0,-6.243,-2.772,-4.378,0,-8.793,1.035,-0.2708,-1.156,-0.4354
56.00,57.27,57.28,0,-1.33542,0,|r_qp|,cross-domain,0.0000,0.0000,3.446,0,-1.33542,0,-6.243,-2.772,-4.378,0,-8.793,0.1328,-0.1514,2.573,41.61
56.40,57.67,57.68,0,-1.60487,0,|r_qp|,cross-domain,0.0000,0.0000,3.387,0,-1.60487,0,-6.243,-2.772,-4.378,0,-8.793,0.1287,0.4377,-1.013,0.1466
56.80,58.07,58.08,0,-1.65936,0,|r_qp|,cross-domain,0.0000,0.0000,3.427,0,-1.65936,0,-6.243,-2.772,-4.378,0,-8.793,0.2114,-0.03827,-1.331,-0.704
57.20,58.47,58.48,0,-1.43812,0,|r_qp|,cross-domain,0.0000,0.0000,3.915,0,-1.43812,0,-6.243,-2.772,-4.378,0,-8.793,0.7689,0.03658,2.135,40.56
57.60,58.87,58.88,0,-1.25520,0,|r_qp|,cross-domain,0.0000,0.0000,3.905,0,-1.25520,0,-6.243,-2.772,-4.378,0,-8.793,1.213,0.2236,-0.07752,0.6161
58.00,59.27,59.28,0,-1.38316,0,|r_qp|,cross-domain,0.0000,0.0000,3.530,0,-1.38316,0,-6.243,-2.772,-4.378,0,-8.793,2.336,-0.1912,-0.7771,-0.7098
58.40,59.67,59.68,0,-0.96168,0,|r_qp|,cross-domain,0.0000,0.0000,3.804,0,-0.96168,0,-6.243,-2.772,-4.378,0,-8.793,3.157,-0.07059,3.028,36.89
58.80,60.07,65.41,0,13.28600,1,e_rec,cross-domain,0.0547,0.0000,5332.251,5330,13.72350,1,-6.243,-2.772,-4.378,50,-8.793,11.06,10.53,50,50
59.20,60.47,65.41,0,11.42310,1,e_rec,cross-domain,0.3672,0.0000,4932.251,4930,14.36060,1,-6.243,-2.772,-4.378,50,-8.793,50,28.07,50,50
59.60,60.87,65.41,0,8.52111,1,e_rec,cross-domain,0.6797,0.0000,4532.251,4530,13.95861,1,-6.243,-2.772,-4.378,50,-8.793,50,35.33,50,50
60.00,61.27,65.41,0,5.20850,1,e_rec,cross-domain,0.9922,0.0000,4132.251,4130,13.14600,1,-6.243,-2.772,-4.378,50,-8.793,50,50,50,50
60.40,61.67,65.41,0,5.16737,1,e_rec,cross-domain,1.0000,0.0000,3732.251,3730,13.16737,1,-6.243,-2.772,-4.378,50,-8.793,50,49.61,50,50
60.80,62.07,65.41,0,5.67281,1,e_rec,cross-domain,1.0000,0.0000,3332.251,3330,13.67281,1,-6.243,-2.772,-4.378,50,-8.793,50,41.09,50,48.52
61.20,62.47,65.41,0,5.25544,1,e_rec,cross-domain,1.0000,0.0000,2932.251,2930,13.25544,1,-6.243,-2.772,-4.378,50,-8.793,50,48.02,50,50
61.60,62.87,65.41,0,4.46912,1,e_rec,cross-domain,1.0000,0.0000,2532.251,2530,12.46912,1,-6.243,-2.772,-4.378,50,-8.793,50,50,47.2,39.61
62.00,63.27,65.41,0,5.20315,1,e_rec,cross-domain,1.0000,0.0000,2132.251,2130,13.20315,1,-6.243,-2.772,-4.378,50,-8.793,50,50,50,47.44
62.40,63.67,65.41,0,5.53339,1,e_rec,cross-domain,1.0000,0.0000,1732.251,1730,13.53339,1,-6.243,-2.772,-4.378,0,-8.793,50,50,50,32.67
62.80,64.07,65.41,0,-7.65432,0,|r_qp|,cross-domain,1.0000,0.0000,1332.251,1330,0.34568,1,-6.243,-2.772,-4.378,0,-8.793,48.47,17.68,3.742,28.53
63.20,64.47,66.37,0,9.00894,1,e_rec,cross-domain,0.8487,0.0000,1890.900,1890,15.79860,1,-6.243,-2.772,-4.378,0,-8.793,42.11,9.564,50,16.96
63.60,64.87,66.37,0,9.72029,1,e_rec,cross-domain,0.7837,0.0000,1490.900,1490,15.99026,1,-6.243,-2.772,-4.378,0,-8.793,36.31,4.944,50,9.119
64.00,65.27,66.37,0,10.56028,1,e_rec,cross-domain,0.7188,0.0000,1090.900,1090,16.31055,1,-6.243,-2.772,-4.378,0,-8.793,46.62,4.107,50,15.92
64.40,65.67,67.68,0,-2.31995,0,|r_qp|,cross-domain,0.6127,0.0000,2004.436,2000,2.58181,1,-6.243,-2.772,-4.378,0,-8.793,45.34,6.516,7.86,10.13
64.80,66.07,67.68,0,5.17738,1,e_rec,cross-domain,0.6152,0.0000,1604.436,1600,10.09883,1,-6.243,-2.772,-4.378,0,-8.793,39.46,9.353,32.61,15.17
65.20,66.47,67.68,0,-5.49655,0,|r_qp|,cross-domain,0.5614,0.0000,1204.436,1200,-1.00541,0,-6.243,-2.772,-4.378,0,-8.793,25.36,9.519,-0.1144,10.51
65.60,66.87,67.68,0,-3.07743,0,|r_qp|,cross-domain,0.4500,0.0000,804.436,800,0.52257,1,-6.243,-2.772,-4.378,0,-8.793,17.24,7.487,5.075,7.489
66.00,67.27,67.68,0,-3.27404,0,|r_qp|,cross-domain,0.2438,0.0000,404.436,400,-1.32404,0,-6.243,-2.772,-4.378,0,-8.793,9.467,5.595,0.4929,13.92
66.40,67.67,67.68,0,-1.64425,0,|r_qp|,cross-domain,0.0000,0.0000,4.436,0,-1.64425,0,-6.243,-2.772,-4.378,0,-8.793,1.288,6.82,0.06063,3.818
66.80,68.07,68.08,0,-0.17162,1,|r_qp|,cross-domain,0.0000,0.0000,4.018,0,-0.17162,1,-6.243,-2.772,-4.378,0,-8.793,1.99,8.573,5.148,8.726
67.20,68.47,68.48,0,-2.12191,0,|r_qp|,cross-domain,0.0000,0.0000,3.505,0,-2.12191,0,-6.243,-2.772,-4.378,0,-8.793,2.338,8.882,-0.8905,8.214
67.60,68.87,68.88,0,-2.04335,0,|r_qp|,cross-domain,0.0000,0.0000,3.737,0,-2.04335,0,-6.243,-2.772,-4.378,0,-8.793,1.362,6.9,-1.084,4.997
68.00,69.27,69.28,0,0.54642,1,|r_qp|,cross-domain,0.0000,0.0000,3.502,0,0.54642,1,-6.243,-2.772,-4.378,0,-8.793,0.1579,6.086,7.1,7.72
68.40,69.67,69.68,0,-1.78917,0,|r_qp|,cross-domain,0.0000,0.0000,3.432,0,-1.78917,0,-6.243,-2.772,-4.378,0,-8.793,-0.3143,5.026,-0.2302,7.565
68.80,70.07,70.08,0,-1.78544,0,|r_qp|,cross-domain,0.0000,0.0000,3.510,0,-1.78544,0,-6.243,-2.772,-4.378,0,-8.793,0.4977,5.451,-0.6258,2.103
69.20,70.47,70.48,0,-0.91495,0,|r_qp|,cross-domain,0.0000,0.0000,3.378,0,-0.91495,0,-6.243,-2.772,-4.378,0,-8.793,1.237,6.814,2.618,8.225
69.60,70.87,70.88,0,-1.89733,0,|r_qp|,cross-domain,0.0000,0.0000,4.106,0,-1.89733,0,-6.243,-2.772,-4.378,0,-8.793,0.9568,6.017,-0.6408,6.337
70.00,71.27,71.28,0,-1.99421,0,|r_qp|,cross-domain,0.0000,0.0000,3.574,0,-1.99421,0,-6.243,-2.772,-4.378,0,-8.793,0.1209,5.963,-1.102,2.573
70.40,71.67,71.68,0,-1.04560,0,|r_qp|,cross-domain,0.0000,0.0000,3.460,0,-1.04560,0,-6.243,-2.772,-4.378,0,-8.793,-0.5413,6.338,2.434,9.298
70.80,72.07,72.08,0,-1.91943,0,|r_qp|,cross-domain,0.0000,0.0000,3.624,0,-1.91943,0,-6.243,-2.772,-4.378,0,-8.793,-0.3357,5.657,-0.7222,4.648
71.20,72.47,72.48,0,-1.97288,0,|r_qp|,cross-domain,0.0000,0.0000,3.465,0,-1.97288,0,-6.243,-2.772,-4.378,0,-8.793,-0.251,5.066,-1.224,1.379
71.60,72.87,72.88,0,-1.13599,0,|r_qp|,cross-domain,0.0000,0.0000,3.430,0,-1.13599,0,-6.243,-2.772,-4.378,0,-8.793,0.3391,4.692,1.756,9.2
72.00,73.27,73.28,0,-1.69689,0,|r_qp|,cross-domain,0.0000,0.0000,3.421,0,-1.69689,0,-6.243,-2.772,-4.378,0,-8.793,0.3253,4.474,-0.1216,7.563
72.40,73.67,73.68,0,-1.52237,0,|r_qp|,cross-domain,0.0000,0.0000,3.377,0,-1.52237,0,-6.243,-2.772,-4.378,0,-8.793,1.262,4.595,-0.1685,0.5045
72.80,74.07,74.08,0,0.02468,1,|r_qp|,cross-domain,0.0000,0.0000,4.048,0,0.02468,1,-6.243,-2.772,-4.378,0,-8.793,2.605,5.484,5.054,7.37
73.20,74.47,74.48,0,-1.78953,0,|r_qp|,cross-domain,0.0000,0.0000,3.599,0,-1.78953,0,-6.243,-2.772,-4.378,0,-8.793,2.592,6.326,-0.6838,3.147
73.60,74.87,74.88,0,-1.94591,0,|r_qp|,cross-domain,0.0000,0.0000,3.606,0,-1.94591,0,-6.243,-2.772,-4.378,0,-8.793,1.432,5.953,-1.25,0.7108
74.00,75.27,75.28,0,-0.62428,0,|r_qp|,cross-domain,0.0000,0.0000,3.746,0,-0.62428,0,-6.243,-2.772,-4.378,0,-8.793,-0.06883,6.925,3.618,7.056
74.40,75.67,75.68,0,-1.92418,0,|r_qp|,cross-domain,0.0000,0.0000,3.444,0,-1.92418,0,-6.243,-2.772,-4.378,0,-8.793,-0.6271,5.591,-0.7602,3.932
74.80,76.07,76.08,0,-1.82054,0,|r_qp|,cross-domain,0.0000,0.0000,3.640,0,-1.82054,0,-6.243,-2.772,-4.378,0,-8.793,0.1048,4.943,-0.8825,0.4806
75.20,76.47,76.48,0,-0.19745,1,|r_qp|,cross-domain,0.0000,0.0000,3.450,0,-0.19745,1,-6.243,-2.772,-4.378,0,-8.793,1.387,4.378,4.363,7.768
75.60,76.87,76.88,0,-1.23114,0,|r_qp|,cross-domain,0.0000,0.0000,3.402,0,-1.23114,0,-6.243,-2.772,-4.378,0,-8.793,2.1,4.796,0.7872,2.399
76.00,77.27,77.28,0,-1.47697,0,|r_qp|,cross-domain,0.0000,0.0000,3.982,0,-1.47697,0,-6.243,-2.772,-4.378,0,-8.793,3.477,4.981,-0.3149,-0.5165
76.40,77.67,77.68,0,0.25260,1,|r_qp|,cross-domain,0.0000,0.0000,3.503,0,0.25260,1,-6.243,-2.772,-4.378,0,-8.793,4.603,6.245,5.546,6.129
76.80,78.07,78.08,0,-1.60910,0,|r_qp|,cross-domain,0.0000,0.0000,3.608,0,-1.60910,0,-6.243,-2.772,-4.378,0,-8.793,4.49,5.165,-0.75,0.4991
77.20,78.47,78.48,0,-1.70076,0,|r_qp|,cross-domain,0.0000,0.0000,3.399,0,-1.70076,0,-6.243,-2.772,-4.378,0,-8.793,3.345,3.991,-1.186,-0.9342
77.60,78.87,78.88,0,-0.19253,1,|r_qp|,cross-domain,0.0000,0.0000,3.386,0,-0.19253,1,-6.243,-2.772,-4.378,0,-8.793,2.212,3.545,4.165,8.275
78.00,79.27,79.28,0,-1.37572,0,|r_qp|,cross-domain,0.0000,0.0000,3.407,0,-1.37572,0,-6.243,-2.772,-4.378,0,-8.793,1.575,2.661,-0.04791,1.065
78.40,79.67,79.68,0,-1.67337,0,|r_qp|,cross-domain,0.0000,0.0000,3.407,0,-1.67337,0,-6.243,-2.772,-4.378,0,-8.793,1.986,3.395,-1.023,-0.8342
78.80,80.07,80.08,0,-0.35021,1,|r_qp|,cross-domain,0.0000,0.0000,4.200,0,-0.35021,1,-6.243,-2.772,-4.378,0,-8.793,2.983,4.409,3.745,8.505
79.20,80.47,80.48,0,-1.01159,0,|r_qp|,cross-domain,0.0000,0.0000,3.612,0,-1.01159,0,-6.243,-2.772,-4.378,0,-8.793,3.982,4.635,1.121,1.3
79.60,80.87,80.88,0,-1.32764,0,|r_qp|,cross-domain,0.0000,0.0000,3.458,0,-1.32764,0,-6.243,-2.772,-4.378,0,-8.793,5.02,3.934,-0.2426,-0.6995
80.00,81.27,81.28,0,0.38279,1,|r_qp|,cross-domain,0.0000,0.0000,3.617,0,0.38279,1,-6.243,-2.772,-4.378,0,-8.793,5.8,4.628,5.607,7.407
80.40,81.67,81.68,0,-1.61158,0,|r_qp|,cross-domain,0.0000,0.0000,3.437,0,-1.61158,0,-6.243,-2.772,-4.378,0,-8.793,5.301,4.68,-0.9888,-0.156
80.80,82.07,82.08,0,-1.68896,0,|r_qp|,cross-domain,0.0000,0.0000,3.372,0,-1.68896,0,-6.243,-2.772,-4.378,0,-8.793,3.616,4.188,-1.149,-0.9096
81.20,82.47,82.48,0,-0.78037,0,|r_qp|,cross-domain,0.0000,0.0000,3.404,0,-0.78037,0,-6.243,-2.772,-4.378,0,-8.793,1.919,3.952,2.561,9.733
81.60,82.87,82.88,0,-1.56260,0,|r_qp|,cross-domain,0.0000,0.0000,3.400,0,-1.56260,0,-6.243,-2.772,-4.378,0,-8.793,1.01,2.697,-0.6365,-0.2512
82.00,83.27,83.28,0,-1.63819,0,|r_qp|,cross-domain,0.0000,0.0000,4.043,0,-1.63819,0,-6.243,-2.772,-4.378,0,-8.793,1.612,2.605,-1.009,-0.9409
82.40,83.67,83.68,0,-0.12940,1,|r_qp|,cross-domain,0.0000,0.0000,3.558,0,-0.12940,1,-6.243,-2.772,-4.378,0,-8.793,2.784,2.986,4.298,9.816
82.80,84.07,84.08,0,-1.27118,0,|r_qp|,cross-domain,0.0000,0.0000,3.390,0,-1.27118,0,-6.243,-2.772,-4.378,0,-8.793,3.904,2.273,-0.1161,0.6655
83.20,84.47,84.48,0,-1.37110,0,|r_qp|,cross-domain,0.0000,0.0000,3.671,0,-1.37110,0,-6.243,-2.772,-4.378,0,-8.793,4.523,2.135,-0.6128,-0.5881
83.60,84.87,84.88,0,0.26253,1,|r_qp|,cross-domain,0.0000,0.0000,3.478,0,0.26253,1,-6.243,-2.772,-4.378,0,-8.793,5.189,3.282,5.189,8.927
84.00,85.27,85.28,0,-1.43286,0,|r_qp|,cross-domain,0.0000,0.0000,3.500,0,-1.43286,0,-6.243,-2.772,-4.378,0,-8.793,4.916,4.422,-0.448,-0.3732
84.40,85.67,85.68,0,-1.46226,0,|r_qp|,cross-domain,0.0000,0.0000,3.418,0,-1.46226,0,-6.243,-2.772,-4.378,0,-8.793,4.651,4.606,-0.501,-0.7751
84.80,86.07,86.08,0,-1.31150,0,|r_qp|,cross-domain,0.0000,0.0000,3.381,0,-1.31150,0,-6.243,-2.772,-4.378,0,-8.793,3.932,4.917,1.16,14.49
85.20,86.47,86.48,0,-1.43132,0,|r_qp|,cross-domain,0.0000,0.0000,4.011,0,-1.43132,0,-6.243,-2.772,-4.378,0,-8.793,3.104,3.285,-0.3817,-0.01085
85.60,86.87,86.88,0,-1.57086,0,|r_qp|,cross-domain,0.0000,0.0000,3.547,0,-1.57086,0,-6.243,-2.772,-4.378,0,-8.793,2.718,3.285,-0.8058,-0.639
86.00,87.27,87.28,0,-0.48140,0,|r_qp|,cross-domain,0.0000,0.0000,3.833,0,-0.48140,0,-6.243,-2.772,-4.378,0,-8.793,2.787,4.019,3.373,9.584
86.40,87.67,87.68,0,-1.21642,0,|r_qp|,cross-domain,0.0000,0.0000,3.495,0,-1.21642,0,-6.243,-2.772,-4.378,0,-8.793,3.306,4.95,0.5324,-0.1121
86.80,88.07,88.08,0,-1.33233,0,|r_qp|,cross-domain,0.0000,0.0000,3.393,0,-1.33233,0,-6.243,-2.772,-4.378,0,-8.793,4.371,4.323,-0.1025,-0.6187
87.20,88.47,88.48,0,-0.58980,0,|r_qp|,cross-domain,0.0000,0.0000,3.400,0,-0.58980,0,-6.243,-2.772,-4.378,0,-8.793,5.635,4.562,2.835,10.55
87.60,88.87,88.88,0,-1.29273,0,|r_qp|,cross-domain,0.0000,0.0000,3.408,0,-1.29273,0,-6.243,-2.772,-4.378,0,-8.793,5.758,3.462,-0.3087,-0.6867
88.00,89.27,89.28,0,-1.51208,0,|r_qp|,cross-domain,0.0000,0.0000,3.887,0,-1.51208,0,-6.243,-2.772,-4.378,0,-8.793,4.637,3.693,-0.8066,-0.7426
88.40,89.67,89.68,0,-0.84654,0,|r_qp|,cross-domain,0.0000,0.0000,3.885,0,-0.84654,0,-6.243,-2.772,-4.378,0,-8.793,2.985,4.365,2.502,12.78
88.80,90.07,90.08,0,-1.37789,0,|r_qp|,cross-domain,0.0000,0.0000,3.461,0,-1.37789,0,-6.243,-2.772,-4.378,0,-8.793,1.986,3.007,-0.1771,-0.8084
89.20,90.47,90.48,0,-1.57777,0,|r_qp|,cross-domain,0.0000,0.0000,3.735,0,-1.57777,0,-6.243,-2.772,-4.378,0,-8.793,1.9,3.075,-0.7677,-0.7688
89.60,90.87,90.88,0,-1.42206,0,|r_qp|,cross-domain,0.0000,0.0000,3.511,0,-1.42206,0,-6.243,-2.772,-4.378,0,-8.793,2.002,3.41,0.8655,15.33
90.00,91.27,91.28,0,-1.39279,0,|r_qp|,cross-domain,0.0000,0.0000,3.502,0,-1.39279,0,-6.243,-2.772,-4.378,0,-8.793,2.18,3.234,-0.1782,-0.3646
90.40,91.67,91.68,0,-1.47956,0,|r_qp|,cross-domain,0.0000,0.0000,3.465,0,-1.47956,0,-6.243,-2.772,-4.378,0,-8.793,2.7,2.061,-0.7306,-0.6338
90.80,92.07,92.08,0,-1.02092,0,|r_qp|,cross-domain,0.0000,0.0000,3.366,0,-1.02092,0,-6.243,-2.772,-4.378,0,-8.793,3.116,1.595,1.443,12.32
91.20,92.47,92.48,0,-1.49887,0,|r_qp|,cross-domain,0.0000,0.0000,4.109,0,-1.49887,0,-6.243,-2.772,-4.378,0,-8.793,2.829,2.367,-0.7682,-0.8321
91.60,92.87,92.88,0,-1.70984,0,|r_qp|,cross-domain,0.0000,0.0000,3.826,0,-1.70984,0,-6.243,-2.772,-4.378,0,-8.793,1.618,2.104,-1.298,-0.676
92.00,93.27,93.28,0,-1.15305,0,|r_qp|,cross-domain,0.0000,0.0000,3.477,0,-1.15305,0,-6.243,-2.772,-4.378,0,-8.793,0.5011,2.432,1.476,11.81
92.40,93.67,93.68,0,-1.51618,0,|r_qp|,cross-domain,0.0000,0.0000,3.674,0,-1.51618,0,-6.243,-2.772,-4.378,0,-8.793,0.3382,1.471,-0.6231,-0.3347
92.80,94.07,94.08,0,-1.57339,0,|r_qp|,cross-domain,0.0000,0.0000,3.470,0,-1.57339,0,-6.243,-2.772,-4.378,0,-8.793,0.9784,1.18,-0.9632,-0.8075
93.20,94.47,94.48,0,-0.71821,0,|r_qp|,cross-domain,0.0000,0.0000,3.480,0,-0.71821,0,-6.243,-2.772,-4.378,0,-8.793,2.256,1.893,2.432,10.81
93.60,94.87,94.88,0,-1.05138,0,|r_qp|,cross-domain,0.0000,0.0000,3.760,0,-1.05138,0,-6.243,-2.772,-4.378,0,-8.793,3.466,2.62,0.6242,-0.09262
94.00,95.27,95.28,0,-1.22276,0,|r_qp|,cross-domain,0.0000,0.0000,3.448,0,-1.22276,0,-6.243,-2.772,-4.378,0,-8.793,4.855,2.592,-0.1277,-0.7014
94.40,95.67,95.68,0,-0.80419,0,|r_qp|,cross-domain,0.0000,0.0000,4.172,0,-0.80419,0,-6.243,-2.772,-4.378,0,-8.793,5.49,3.043,1.874,9.685
94.80,96.07,96.08,0,-1.34890,0,|r_qp|,cross-domain,0.0000,0.0000,3.571,0,-1.34890,0,-6.243,-2.772,-4.378,0,-8.793,4.922,2.141,-0.5997,-0.6677
95.20,96.47,96.48,0,-1.53914,0,|r_qp|,cross-domain,0.0000,0.0000,3.659,0,-1.53914,0,-6.243,-2.772,-4.378,0,-8.793,3.49,1.581,-1.108,-0.7906
95.60,96.87,96.88,0,-0.92261,0,|r_qp|,cross-domain,0.0000,0.0000,3.601,0,-0.92261,0,-6.243,-2.772,-4.378,0,-8.793,2.087,1.856,1.925,12.37
96.00,97.27,97.28,0,-1.19471,0,|r_qp|,cross-domain,0.0000,0.0000,3.503,0,-1.19471,0,-6.243,-2.772,-4.378,0,-8.793,1.909,1.536,0.1678,-0.4969
96.40,97.67,97.68,0,-1.37692,0,|r_qp|,cross-domain,0.0000,0.0000,3.413,0,-1.37692,0,-6.243,-2.772,-4.378,0,-8.793,2.542,1.49,-0.5083,-0.8738
96.80,98.07,98.08,0,-1.16937,0,|r_qp|,cross-domain,0.0000,0.0000,3.552,0,-1.16937,0,-6.243,-2.772,-4.378,0,-8.793,3.454,2.696,1.289,14.63
97.20,98.47,98.48,0,-1.23612,0,|r_qp|,cross-domain,0.0000,0.0000,2.756,0,-1.23612,0,-6.243,-2.772,-4.378,0,-8.793,3.937,2.221,-0.07463,-0.1116
97.60,98.87,98.88,0,-1.49189,0,|r_qp|,cross-domain,0.0000,0.0000,4.020,0,-1.49189,0,-6.243,-2.772,-4.378,0,-8.793,3.579,1.863,-0.9185,-0.6926
98.00,99.27,99.28,0,-0.23119,1,|r_qp|,cross-domain,0.0000,0.0000,3.596,0,-0.23119,1,-6.243,-2.772,-4.378,0,-8.793,3.378,1.612,3.569,8.296
98.40,99.67,99.68,0,-1.33018,0,|r_qp|,cross-domain,0.0000,0.0000,3.672,0,-1.33018,0,-6.243,-2.772,-4.378,0,-8.793,2.673,-0.4362,-0.6875,-0.5498
98.80,100.07,100.08,0,-1.54752,0,|r_qp|,cross-domain,0.0000,0.0000,3.591,0,-1.54752,0,-6.243,-2.772,-4.378,0,-8.793,2.089,-0.07076,-1.225,-0.6103
99.20,100.47,100.48,0,-0.77006,0,|r_qp|,cross-domain,0.0000,0.0000,3.955,0,-0.77006,0,-6.243,-2.772,-4.378,0,-8.793,0.9701,0.8381,3.098,23.04
99.60,100.87,100.88,0,-1.50700,0,|r_qp|,cross-domain,0.0000,0.0000,3.649,0,-1.50700,0,-6.243,-2.772,-4.378,0,-8.793,0.4888,-0.07751,-0.8586,-0.0486
100.00,101.27,101.28,0,-1.52268,0,|r_qp|,cross-domain,0.0000,0.0000,3.441,0,-1.52268,0,-6.243,-2.772,-4.378,0,-8.793,0.4957,-0.2084,-0.9836,-0.8241
100.40,101.67,101.68,0,-0.63089,0,|r_qp|,cross-domain,0.0000,0.0000,4.110,0,-0.63089,0,-6.243,-2.772,-4.378,0,-8.793,0.9277,0.1964,3.397,22.66
100.80,102.07,102.08,0,-0.99001,0,|r_qp|,cross-domain,0.0000,0.0000,3.893,0,-0.99001,0,-6.243,-2.772,-4.378,0,-8.793,1.566,-0.03771,0.5927,-0.2207
101.20,102.47,102.48,0,-1.42928,0,|r_qp|,cross-domain,0.0000,0.0000,3.641,0,-1.42928,0,-6.243,-2.772,-4.378,0,-8.793,2.285,-0.03119,-0.8615,-0.3623
101.60,102.87,102.88,0,-0.70284,0,|r_qp|,cross-domain,0.0000,0.0000,3.718,0,-0.70284,0,-6.243,-2.772,-4.378,0,-8.793,3.12,0.1617,3.094,25.61
102.00,103.27,103.28,0,-1.49802,0,|r_qp|,cross-domain,0.0000,0.0000,3.501,0,-1.49802,0,-6.243,-2.772,-4.378,0,-8.793,3.051,-0.188,-1.185,-0.185
102.40,103.67,103.68,0,-1.58543,0,|r_qp|,cross-domain,0.0000,0.0000,3.474,0,-1.58543,0,-6.243,-2.772,-4.378,0,-8.793,1.67,-0.4679,-1.364,-0.7179
102.80,104.07,104.08,0,-1.70418,0,|r_qp|,cross-domain,0.0000,0.0000,3.732,0,-1.70418,0,-6.243,-2.772,-4.378,0,-8.793,0.1881,-0.2259,0.7376,31.76
103.20,104.47,104.48,0,-1.58686,0,|r_qp|,cross-domain,0.0000,0.0000,3.555,0,-1.58686,0,-6.243,-2.772,-4.378,0,-8.793,-0.1981,-0.4583,-1.097,-0.2564
103.60,104.87,104.88,0,-1.55350,0,|r_qp|,cross-domain,0.0000,0.0000,4.089,0,-1.55350,0,-6.243,-2.772,-4.378,0,-8.793,0.01701,-0.5284,-1.074,-0.855
104.00,105.27,105.28,0,-1.02259,0,|r_qp|,cross-domain,0.0000,0.0000,3.984,0,-1.02259,0,-6.243,-2.772,-4.378,0,-8.793,0.2311,-0.4016,2.321,24.76
104.40,105.67,105.68,0,-1.57033,0,|r_qp|,cross-domain,0.0000,0.0000,3.639,0,-1.57033,0,-6.243,-2.772,-4.378,0,-8.793,-0.07708,-0.5172,-1.09,-0.5267
104.80,106.07,106.08,0,-1.63276,0,|r_qp|,cross-domain,0.0000,0.0000,3.729,0,-1.63276,0,-6.243,-2.772,-4.378,0,-8.793,-0.005857,-0.6784,-1.308,-0.3636
105.20,106.47,106.48,0,-0.59036,0,|r_qp|,cross-domain,0.0000,0.0000,3.489,0,-0.59036,0,-6.243,-2.772,-4.378,0,-8.793,0.2765,-0.4507,3.501,22.75
105.60,106.87,106.88,0,-1.26071,0,|r_qp|,cross-domain,0.0000,0.0000,3.480,0,-1.26071,0,-6.243,-2.772,-4.378,0,-8.793,0.4441,-0.6425,-0.2243,-0.5429
106.00,107.27,107.28,0,-1.62318,0,|r_qp|,cross-domain,0.0000,0.0000,3.509,0,-1.62318,0,-6.243,-2.772,-4.378,0,-8.793,0.6813,-0.2223,-1.309,-0.6724
106.40,107.67,107.68,0,-0.92978,0,|r_qp|,cross-domain,0.0000,0.0000,3.417,0,-0.92978,0,-6.243,-2.772,-4.378,0,-8.793,0.4989,0.1294,2.702,25.32
106.80,108.07,108.08,0,-1.23798,0,|r_qp|,cross-domain,0.0000,0.0000,4.060,0,-1.23798,0,-6.243,-2.772,-4.378,0,-8.793,0.8021,-0.1713,-0.08753,-0.08039
107.20,108.47,108.48,0,-1.35518,0,|r_qp|,cross-domain,0.0000,0.0000,3.672,0,-1.35518,0,-6.243,-2.772,-4.378,0,-8.793,1.633,-0.6625,-0.6883,-0.8044
107.60,108.87,108.88,0,-0.89946,0,|r_qp|,cross-domain,0.0000,0.0000,3.724,0,-0.89946,0,-6.243,-2.772,-4.378,0,-8.793,2.758,-0.4256,2.774,30.56
108.00,109.27,109.28,0,-1.02581,0,|r_qp|,cross-domain,0.0000,0.0000,3.740,0,-1.02581,0,-6.243,-2.772,-4.378,0,-8.793,3.413,-0.3342,0.2062,-0.07989
108.40,109.67,109.68,0,-1.17632,0,|r_qp|,cross-domain,0.0000,0.0000,3.467,0,-1.17632,0,-6.243,-2.772,-4.378,0,-8.793,3.674,0.1191,-0.2417,-0.4884
108.80,110.07,110.08,0,-1.44375,0,|r_qp|,cross-domain,0.0000,0.0000,3.618,0,-1.44375,0,-6.243,-2.772,-4.378,0,-8.793,3.875,1.322,1.355,32.04
109.20,110.47,110.48,0,-1.58517,0,|r_qp|,cross-domain,0.0000,0.0000,3.475,0,-1.58517,0,-6.243,-2.772,-4.378,0,-8.793,3.36,1.578,-1.207,-0.4053
109.60,110.87,110.88,0,-1.69284,0,|r_qp|,cross-domain,0.0000,0.0000,3.170,0,-1.69284,0,-6.243,-2.772,-4.378,0,-8.793,1.221,1.228,-1.32,-0.3196
110.00,111.27,111.28,0,-0.85457,0,|r_qp|,cross-domain,0.0000,0.0000,3.845,0,-0.85457,0,-6.243,-2.772,-4.378,0,-8.793,-0.5532,0.6826,3.117,24.66
110.40,111.67,111.68,0,-1.15669,0,|r_qp|,cross-domain,0.0000,0.0000,3.550,0,-1.15669,0,-6.243,-2.772,-4.378,0,-8.793,-0.7153,0.04393,0.3747,-0.3465
110.80,112.07,112.08,0,-1.47713,0,|r_qp|,cross-domain,0.0000,0.0000,3.773,0,-1.47713,0,-6.243,-2.772,-4.378,0,-8.793,1.013,-0.2123,-0.9078,-0.7954
111.20,112.47,112.48,0,-0.92621,0,|r_qp|,cross-domain,0.0000,0.0000,3.544,0,-0.92621,0,-6.243,-2.772,-4.378,0,-8.793,2.356,-0.269,2.426,25.57
111.60,112.87,112.88,0,-0.76402,0,|r_qp|,cross-domain,0.0000,0.0000,3.428,0,-0.76402,0,-6.243,-2.772,-4.378,0,-8.793,2.901,-0.3053,1.11,0.3007
112.00,113.27,113.28,0,-1.12180,0,|r_qp|,cross-domain,0.0000,0.0000,3.543,0,-1.12180,0,-6.243,-2.772,-4.378,0,-8.793,3.498,-0.3652,-0.1573,-0.8274
112.40,113.67,113.68,0,-0.92057,0,|r_qp|,cross-domain,0.0000,0.0000,3.399,0,-0.92057,0,-6.243,-2.772,-4.378,0,-8.793,3.872,0.009629,2.292,25.49
112.80,114.07,114.08,0,-1.23176,0,|r_qp|,cross-domain,0.0000,0.0000,4.091,0,-1.23176,0,-6.243,-2.772,-4.378,0,-8.793,3.549,-0.427,-0.4999,-0.6324
113.20,114.47,114.48,0,-1.59058,0,|r_qp|,cross-domain,0.0000,0.0000,3.765,0,-1.59058,0,-6.243,-2.772,-4.378,0,-8.793,1.297,-0.4275,-1.332,-0.8149
113.60,114.87,114.88,0,-1.65898,0,|r_qp|,cross-domain,0.0000,0.0000,3.414,0,-1.65898,0,-6.243,-2.772,-4.378,0,-8.793,-0.5048,0.007086,0.9347,30.74
114.00,115.27,115.28,0,-1.38801,0,|r_qp|,cross-domain,0.0000,0.0000,3.737,0,-1.38801,0,-6.243,-2.772,-4.378,0,-8.793,-0.9158,0.2004,-0.2763,-0.2043
114.40,115.67,115.68,0,-1.38113,0,|r_qp|,cross-domain,0.0000,0.0000,3.498,0,-1.38113,0,-6.243,-2.772,-4.378,0,-8.793,0.2413,0.5055,-0.3868,-0.7343
114.80,116.07,116.08,0,-1.98043,0,|r_qp|,cross-domain,0.0000,0.0000,3.524,0,-1.98043,0,-6.243,-2.772,-4.378,0,-8.793,1.044,1.626,0.3084,34.88
115.20,116.47,116.48,0,-1.50358,0,|r_qp|,cross-domain,0.0000,0.0000,3.551,0,-1.50358,0,-6.243,-2.772,-4.378,0,-8.793,1.272,1.652,-0.596,0.7714
115.60,116.87,116.88,0,-1.45656,0,|r_qp|,cross-domain,0.0000,0.0000,3.408,0,-1.45656,0,-6.243,-2.772,-4.378,0,-8.793,1.306,1.11,-0.6482,-0.6829
116.00,117.27,117.28,0,-0.18035,1,|r_qp|,cross-domain,0.0000,0.0000,4.034,0,-0.18035,1,-6.243,-2.772,-4.378,0,-8.793,2.101,0.4572,4.601,21.5
116.40,117.67,117.68,0,-1.44548,0,|r_qp|,cross-domain,0.0000,0.0000,3.589,0,-1.44548,0,-6.243,-2.772,-4.378,0,-8.793,2.566,-0.01917,-0.9385,-0.265
116.80,118.07,118.08,0,-1.52694,0,|r_qp|,cross-domain,0.0000,0.0000,3.703,0,-1.52694,0,-6.243,-2.772,-4.378,0,-8.793,2.283,0.2521,-1.13,-0.6012
117.20,118.47,118.48,0,-1.59320,0,|r_qp|,cross-domain,0.0000,0.0000,3.652,0,-1.59320,0,-6.243,-2.772,-4.378,0,-8.793,1.253,1.187,1.094,30.43
117.60,118.87,118.88,0,-1.34283,0,|r_qp|,cross-domain,0.0000,0.0000,3.391,0,-1.34283,0,-6.243,-2.772,-4.378,0,-8.793,0.6764,1.354,-0.129,-0.005919
118.00,119.27,119.28,0,-1.65430,0,|r_qp|,cross-domain,0.0000,0.0000,3.696,0,-1.65430,0,-6.243,-2.772,-4.378,0,-8.793,0.6719,0.8779,-1.216,-0.6782
118.40,119.67,119.68,0,-0.96368,0,|r_qp|,cross-domain,0.0000,0.0000,3.472,0,-0.96368,0,-6.243,-2.772,-4.378,0,-8.793,1.543,0.4771,2.684,27.65
118.80,120.07,120.08,0,-0.70708,0,|r_qp|,cross-domain,0.0000,0.0000,2.884,0,-0.70708,0,-6.243,-2.772,-4.378,0,-8.793,2.522,-0.0275,1.356,-0.06089
119.20,120.47,120.48,0,-1.23084,0,|r_qp|,cross-domain,0.0000,0.0000,4.061,0,-1.23084,0,-6.243,-2.772,-4.378,0,-8.793,3.832,-0.1332,-0.4769,-0.5458
119.60,120.87,120.88,0,-0.94496,0,|r_qp|,cross-domain,0.0000,0.0000,3.465,0,-0.94496,0,-6.243,-2.772,-4.378,0,-8.793,4.598,-0.04373,2.341,28.77
120.00,121.27,121.28,0,-1.20899,0,|r_qp|,cross-domain,0.0000,0.0000,3.911,0,-1.20899,0,-6.243,-2.772,-4.378,0,-8.793,3.856,-0.3139,-0.4472,-0.6007
120.40,121.67,121.68,0,-1.54081,0,|r_qp|,cross-domain,0.0000,0.0000,3.464,0,-1.54081,0,-6.243,-2.772,-4.378,0,-8.793,1.599,-0.4658,-1.199,-0.4566
120.80,122.07,122.08,0,-1.35393,0,|r_qp|,cross-domain,0.0000,0.0000,3.540,0,-1.35393,0,-6.243,-2.772,-4.378,0,-8.793,-0.3889,0.03086,1.744,28.99
121.20,122.47,122.48,0,-1.40349,0,|r_qp|,cross-domain,0.0000,0.0000,3.567,0,-1.40349,0,-6.243,-2.772,-4.378,0,-8.793,-0.7597,-0.03774,-0.3797,-0.1338
121.60,122.87,122.88,0,-1.51847,0,|r_qp|,cross-domain,0.0000,0.0000,3.454,0,-1.51847,0,-6.243,-2.772,-4.378,0,-8.793,0.7734,-0.1204,-0.9785,-0.6431
122.00,123.27,123.28,0,-0.20434,1,|r_qp|,cross-domain,0.0000,0.0000,4.054,0,-0.20434,1,-6.243,-2.772,-4.378,0,-8.793,2.655,0.0605,4.567,24.08
122.40,123.67,123.68,0,-0.48121,0,|r_qp|,cross-domain,0.0000,0.0000,3.806,0,-0.48121,0,-6.243,-2.772,-4.378,0,-8.793,4.114,-0.1949,1.852,0.3949
122.80,124.07,124.08,0,-0.80334,0,|r_qp|,cross-domain,0.0000,0.0000,3.616,0,-0.80334,0,-6.243,-2.772,-4.378,0,-8.793,5.466,-0.3786,0.5784,-0.7256
123.20,124.47,124.48,0,-0.33945,1,|r_qp|,cross-domain,0.0000,0.0000,3.650,0,-0.33945,1,-6.243,-2.772,-4.378,0,-8.793,6.057,-0.005309,3.596,22.49
123.60,124.87,124.88,0,-1.36141,0,|r_qp|,cross-domain,0.0000,0.0000,3.687,0,-1.36141,0,-6.243,-2.772,-4.378,0,-8.793,4.958,-0.3192,-1.053,-0.5234
124.00,125.27,125.28,0,-1.20108,0,|r_qp|,cross-domain,0.0000,0.0000,3.493,0,-1.20108,0,-6.243,-2.772,-4.378,0,-8.793,2.595,0.7548,-0.04999,-0.1673
124.40,125.67,125.68,0,-1.70899,0,|r_qp|,cross-domain,0.0000,0.0000,3.534,0,-1.70899,0,-6.243,-2.772,-4.378,0,-8.793,0.6613,2.58,1.338,34.61
124.80,126.07,126.08,0,-1.50700,0,|r_qp|,cross-domain,0.0000,0.0000,3.532,0,-1.50700,0,-6.243,-2.772,-4.378,0,-8.793,0.4751,3.598,-0.2508,-0.3613
125.20,126.47,126.48,0,-1.43894,0,|r_qp|,cross-domain,0.0000,0.0000,4.108,0,-1.43894,0,-6.243,-2.772,-4.378,0,-8.793,1.494,4.7,0.009519,-0.4758
125.60,126.87,126.88,0,-2.06381,0,|r_qp|,cross-domain,0.0000,0.0000,3.634,0,-2.06381,0,-6.243,-2.772,-4.378,0,-8.793,2.423,5.733,1.039,41.59
126.00,127.27,127.28,0,-1.24836,0,|r_qp|,cross-domain,0.0000,0.0000,3.759,0,-1.24836,0,-6.243,-2.772,-4.378,0,-8.793,2.836,5.576,0.6132,0.07107
126.40,127.67,127.68,0,-1.28240,0,|r_qp|,cross-domain,0.0000,0.0000,3.658,0,-1.28240,0,-6.243,-2.772,-4.378,0,-8.793,3.439,5.222,0.3439,-0.3263
126.80,128.07,128.08,0,-1.34251,0,|r_qp|,cross-domain,0.0000,0.0000,3.519,0,-1.34251,0,-6.243,-2.772,-4.378,0,-8.793,4.199,4.734,2.16,31.34
127.20,128.47,128.48,0,-1.45639,0,|r_qp|,cross-domain,0.0000,0.0000,3.578,0,-1.45639,0,-6.243,-2.772,-4.378,0,-8.793,4.287,4.231,-0.4756,-0.4131
127.60,128.87,128.88,0,-1.67709,0,|r_qp|,cross-domain,0.0000,0.0000,3.508,0,-1.67709,0,-6.243,-2.772,-4.378,0,-8.793,2.851,2.894,-1.224,-0.7402
128.00,129.27,129.28,0,-0.96804,0,|r_qp|,cross-domain,0.0000,0.0000,2.617,0,-0.96804,0,-6.243,-2.772,-4.378,0,-8.793,1.693,1.015,3.038,31.92
128.40,129.67,129.68,0,-1.05854,0,|r_qp|,cross-domain,0.0000,0.0000,4.054,0,-1.05854,0,-6.243,-2.772,-4.378,0,-8.793,1.662,-0.2071,0.353,-0.03685
128.80,130.07,130.08,0,-1.00427,0,|r_qp|,cross-domain,0.0000,0.0000,3.569,0,-1.00427,0,-6.243,-2.772,-4.378,0,-8.793,3.219,1.351,0.5457,-0.6507
129.20,130.47,130.48,0,-1.71897,0,|r_qp|,cross-domain,0.0000,0.0000,3.788,0,-1.71897,0,-6.243,-2.772,-4.378,0,-8.793,4.473,3.718,0.911,33.08
129.60,130.87,130.88,0,-1.48510,0,|r_qp|,cross-domain,0.0000,0.0000,3.562,0,-1.48510,0,-6.243,-2.772,-4.378,0,-8.793,4.128,5.18,-0.3672,-0.2003
130.00,131.27,131.28,0,-1.36552,0,|r_qp|,cross-domain,0.0000,0.0000,3.588,0,-1.36552,0,-6.243,-2.772,-4.378,0,-8.793,3.297,5.182,0.1044,-0.244
130.40,131.67,131.68,0,-2.16333,0,|r_qp|,cross-domain,0.0000,0.0000,3.556,0,-2.16333,0,-6.243,-2.772,-4.378,0,-8.793,2.331,5.026,0.3,36.89
130.80,132.07,132.08,0,-1.66027,0,|r_qp|,cross-domain,0.0000,0.0000,3.442,0,-1.66027,0,-6.243,-2.772,-4.378,0,-8.793,2.098,4.037,-0.8574,-0.3969
131.20,132.47,132.48,0,-1.40105,0,|r_qp|,cross-domain,0.0000,0.0000,4.142,0,-1.40105,0,-6.243,-2.772,-4.378,0,-8.793,1.506,2.598,-0.2263,-0.3603
131.60,132.87,132.88,0,-1.90239,0,|r_qp|,cross-domain,0.0000,0.0000,3.819,0,-1.90239,0,-6.243,-2.772,-4.378,0,-8.793,0.8465,1.182,0.7027,37.85
132.00,133.27,133.28,0,-1.48726,0,|r_qp|,cross-domain,0.0000,0.0000,3.580,0,-1.48726,0,-6.243,-2.772,-4.378,0,-8.793,0.7561,0.3845,-0.768,-0.2677
132.40,133.67,133.68,0,-1.57253,0,|r_qp|,cross-domain,0.0000,0.0000,3.671,0,-1.57253,0,-6.243,-2.772,-4.378,0,-8.793,0.7215,0.205,-1.076,-0.5454
132.80,134.07,134.08,0,-1.40505,0,|r_qp|,cross-domain,0.0000,0.0000,3.493,0,-1.40505,0,-6.243,-2.772,-4.378,0,-8.793,1.318,0.2282,1.482,30.14
133.20,134.47,134.48,0,-0.92785,0,|r_qp|,cross-domain,0.0000,0.0000,3.553,0,-0.92785,0,-6.243,-2.772,-4.378,0,-8.793,2.005,0.3188,0.8189,0.2086
133.60,134.87,134.88,0,-1.09131,0,|r_qp|,cross-domain,0.0000,0.0000,3.531,0,-1.09131,0,-6.243,-2.772,-4.378,0,-8.793,3.599,1.416,0.2479,-0.5389
134.00,135.27,135.28,0,-1.40183,0,|r_qp|,cross-domain,0.0000,0.0000,3.471,0,-1.40183,0,-6.243,-2.772,-4.378,0,-8.793,4.953,2.85,1.766,34.34
134.40,135.67,135.68,0,-1.39347,0,|r_qp|,cross-domain,0.0000,0.0000,4.185,0,-1.39347,0,-6.243,-2.772,-4.378,0,-8.793,4.676,3.28,-0.5165,-0.7438
134.80,136.07,136.08,0,-1.74932,0,|r_qp|,cross-domain,0.0000,0.0000,3.662,0,-1.74932,0,-6.243,-2.772,-4.378,0,-8.793,2.175,2.408,-1.43,-0.5431
135.20,136.47,136.48,0,-1.28375,0,|r_qp|,cross-domain,0.0000,0.0000,3.723,0,-1.28375,0,-6.243,-2.772,-4.378,0,-8.793,-0.133,1.417,1.896,25.09
135.60,136.87,136.88,0,-1.60496,0,|r_qp|,cross-domain,0.0000,0.0000,3.691,0,-1.60496,0,-6.243,-2.772,-4.378,0,-8.793,-1.075,0.06999,-0.9439,-0.1585
136.00,137.27,137.28,0,-1.64468,0,|r_qp|,cross-domain,0.0000,0.0000,3.544,0,-1.64468,0,-6.243,-2.772,-4.378,0,-8.793,-0.205,-0.01241,-1.243,-0.9088
136.40,137.67,137.68,0,-1.77710,0,|r_qp|,cross-domain,0.0000,0.0000,3.653,0,-1.77710,0,-6.243,-2.772,-4.378,0,-8.793,0.4746,0.29,0.6172,32.52
136.80,138.07,138.08,0,-0.87562,0,|r_qp|,cross-domain,0.0000,0.0000,3.529,0,-0.87562,0,-6.243,-2.772,-4.378,0,-8.793,1.203,-0.007176,1.026,0.1974
137.20,138.47,138.48,0,-1.21536,0,|r_qp|,cross-domain,0.0000,0.0000,3.540,0,-1.21536,0,-6.243,-2.772,-4.378,0,-8.793,2.47,-0.2704,-0.2856,-0.6394
137.60,138.87,138.88,0,-1.01007,0,|r_qp|,cross-domain,0.0000,0.0000,4.014,0,-1.01007,0,-6.243,-2.772,-4.378,0,-8.793,4.354,-0.3062,2.326,31.65
138.00,139.27,139.28,0,-1.08453,0,|r_qp|,cross-domain,0.0000,0.0000,3.609,0,-1.08453,0,-6.243,-2.772,-4.378,0,-8.793,5.382,-0.1671,-0.2081,-0.24
138.40,139.67,139.68,0,-0.86377,0,|r_qp|,cross-domain,0.0000,0.0000,3.676,0,-0.86377,0,-6.243,-2.772,-4.378,0,-8.793,4.922,1.444,0.8035,-0.2763
138.80,140.07,140.08,0,-1.41284,0,|r_qp|,cross-domain,0.0000,0.0000,3.650,0,-1.41284,0,-6.243,-2.772,-4.378,0,-8.793,3.626,3.683,1.978,33.39
139.20,140.47,140.48,0,-1.50644,0,|r_qp|,cross-domain,0.0000,0.0000,3.554,0,-1.50644,0,-6.243,-2.772,-4.378,0,-8.793,2.53,4.736,-0.3139,-0.3236
139.60,140.87,140.88,0,-1.50086,0,|r_qp|,cross-domain,0.0000,0.0000,3.573,0,-1.50086,0,-6.243,-2.772,-4.378,0,-8.793,2.199,4.699,-0.2859,-0.6891
140.00,141.27,141.28,0,-1.89616,0,|r_qp|,cross-domain,0.0000,0.0000,3.492,0,-1.89616,0,-6.243,-2.772,-4.378,0,-8.793,2.212,5.147,1.314,39.13
140.40,141.67,141.68,0,-1.27159,0,|r_qp|,cross-domain,0.0000,0.0000,3.439,0,-1.27159,0,-6.243,-2.772,-4.378,0,-8.793,2.549,4.553,0.3963,-0.03299
140.80,142.07,142.08,0,-1.43543,0,|r_qp|,cross-domain,0.0000,0.0000,3.818,0,-1.43543,0,-6.243,-2.772,-4.378,0,-8.793,3.32,3.288,-0.4646,-0.6394
141.20,142.47,142.48,0,-0.43455,1,|r_qp|,cross-domain,0.0000,0.0000,3.698,0,-0.43455,1,-6.243,-2.772,-4.378,0,-8.793,3.758,1.538,3.889,22.92
141.60,142.87,142.88,0,-1.27423,0,|r_qp|,cross-domain,0.0000,0.0000,3.661,0,-1.27423,0,-6.243,-2.772,-4.378,0,-8.793,3.482,-0.04499,-0.5246,-0.1622
142.00,143.27,143.28,0,-1.51599,0,|r_qp|,cross-domain,0.0000,0.0000,5.051,0,-1.51599,0,-6.243,-2.772,-4.378,0,-8.793,1.93,0.04531,-1.105,-0.8561
142.40,143.67,143.68,0,-1.48996,0,|r_qp|,cross-domain,0.0000,0.0000,3.429,0,-1.48996,0,-6.243,-2.772,-4.378,0,-8.793,0.66,0.1365,1.292,30.19
142.80,144.07,144.08,0,-1.15919,0,|r_qp|,cross-domain,0.0000,0.0000,3.567,0,-1.15919,0,-6.243,-2.772,-4.378,0,-8.793,0.622,-0.08223,0.184,-0.2184
143.20,144.47,144.48,0,-1.49938,0,|r_qp|,cross-domain,0.0000,0.0000,3.517,0,-1.49938,0,-6.243,-2.772,-4.378,0,-8.793,1.369,-0.1627,-1.013,-0.7907
143.60,144.87,144.88,0,-1.36565,0,|r_qp|,cross-domain,0.0000,0.0000,4.120,0,-1.36565,0,-6.243,-2.772,-4.378,0,-8.793,2.52,0.2185,1.58,32.04
144.00,145.27,145.28,0,-0.97231,0,|r_qp|,cross-domain,0.0000,0.0000,3.795,0,-0.97231,0,-6.243,-2.772,-4.378,0,-8.793,3.01,0.5444,0.585,0.1014
144.40,145.67,145.68,0,-1.13820,0,|r_qp|,cross-domain,0.0000,0.0000,3.659,0,-1.13820,0,-6.243,-2.772,-4.378,0,-8.793,4.094,1.673,0.09294,-0.4127
144.80,146.07,146.08,0,-1.05957,0,|r_qp|,cross-domain,0.0000,0.0000,3.679,0,-1.05957,0,-6.243,-2.772,-4.378,0,-8.793,5.064,3.272,2.521,29.15
145.20,146.47,146.48,0,-1.39223,0,|r_qp|,cross-domain,0.0000,0.0000,3.643,0,-1.39223,0,-6.243,-2.772,-4.378,0,-8.793,5.134,3.412,-0.525,-0.4014
145.60,146.87,146.88,0,-1.24126,0,|r_qp|,cross-domain,0.0000,0.0000,3.680,0,-1.24126,0,-6.243,-2.772,-4.378,0,-8.793,4.116,3.54,0.1081,-0.1669
146.00,147.27,147.28,0,-2.06168,0,|r_qp|,cross-domain,0.0000,0.0000,3.655,0,-2.06168,0,-6.243,-2.772,-4.378,0,-8.793,2.531,3.296,0.5089,40.03
146.40,147.67,147.68,0,-1.55421,0,|r_qp|,cross-domain,0.0000,0.0000,3.564,0,-1.55421,0,-6.243,-2.772,-4.378,0,-8.793,1.659,3.135,-0.6081,-0.09775
146.80,148.07,148.08,0,-1.68905,0,|r_qp|,cross-domain,0.0000,0.0000,4.061,0,-1.68905,0,-6.243,-2.772,-4.378,0,-8.793,1.243,2.239,-1.172,-0.8047
147.20,148.47,148.48,0,-0.36011,1,|r_qp|,cross-domain,0.0000,0.0000,3.574,0,-0.36011,1,-6.243,-2.772,-4.378,0,-8.793,1.691,1.294,4.394,23.71
147.60,148.87,148.88,0,-0.87948,0,|r_qp|,cross-domain,0.0000,0.0000,3.633,0,-0.87948,0,-6.243,-2.772,-4.378,0,-8.793,2.427,-0.02916,0.8457,0.07602
148.00,149.27,149.28,0,-1.15335,0,|r_qp|,cross-domain,0.0000,0.0000,3.350,0,-1.15335,0,-6.243,-2.772,-4.378,0,-8.793,3.605,-0.09457,-0.2178,-0.7667
148.40,149.67,149.68,0,-1.19311,0,|r_qp|,cross-domain,0.0000,0.0000,3.415,0,-1.19311,0,-6.243,-2.772,-4.378,0,-8.793,4.224,0.09161,1.589,27.92
148.80,150.07,150.08,0,-1.15166,0,|r_qp|,cross-domain,0.0000,0.0000,3.426,0,-1.15166,0,-6.243,-2.772,-4.378,0,-8.793,3.616,-0.1633,-0.2161,-0.6281
149.20,150.47,150.48,0,-0.77081,0,|r_qp|,cross-domain,0.0000,0.0000,3.402,0,-0.77081,0,-6.243,-2.772,-4.378,0,-8.793,2.936,0.2844,1.33,2.409
149.60,150.87,150.88,0,-0.49363,0,|r_qp|,cross-domain,0.0000,0.0000,3.716,0,-0.49363,0,-6.243,-2.772,-4.378,0,-8.793,4.336,0.6381,3.733,26.6
150.00,151.27,151.28,0,-1.34208,0,|r_qp|,cross-domain,0.0000,0.0000,3.967,0,-1.34208,0,-6.243,-2.772,-4.378,0,-8.793,5.044,0.8457,-0.7946,-0.366
150.40,151.67,151.68,0,-1.49930,0,|r_qp|,cross-domain,0.0000,0.0000,3.482,0,-1.49930,0,-6.243,-2.772,-4.378,0,-8.793,4.401,0.3849,-1.274,-0.3345
150.80,152.07,152.08,0,-1.47797,0,|r_qp|,cross-domain,0.0000,0.0000,3.677,0,-1.47797,0,-6.243,-2.772,-4.378,0,-8.793,1.315,0.1481,1.208,29.63
151.20,152.47,152.48,0,-1.38903,0,|r_qp|,cross-domain,0.0000,0.0000,3.425,0,-1.38903,0,-6.243,-2.772,-4.378,0,-8.793,0.4467,0.171,-0.51,-0.9601
151.60,152.87,152.88,0,-1.08964,0,|r_qp|,cross-domain,0.0000,0.0000,3.417,0,-1.08964,0,-6.243,-2.772,-4.378,0,-8.793,1.833,0.0321,0.2548,-0.3475
152.00,153.27,153.28,0,-1.86946,0,|r_qp|,cross-domain,0.0000,0.0000,3.419,0,-1.86946,0,-6.243,-2.772,-4.378,0,-8.793,2.901,0.09782,0.4356,38.98
152.40,153.67,153.68,0,-0.93182,0,|r_qp|,cross-domain,0.0000,0.0000,3.388,0,-0.93182,0,-6.243,-2.772,-4.378,0,-8.793,2.549,-0.1701,0.6091,-0.4402
152.80,154.07,154.08,0,-0.90705,0,|r_qp|,cross-domain,0.0000,0.0000,4.060,0,-0.90705,0,-6.243,-2.772,-4.378,0,-8.793,2.897,0.7512,0.8446,0.2287
153.20,154.47,154.48,0,-1.03738,0,|r_qp|,cross-domain,0.0000,0.0000,3.589,0,-1.03738,0,-6.243,-2.772,-4.378,0,-8.793,3.088,2.785,2.716,28.54
153.60,154.87,154.88,0,-1.24132,0,|r_qp|,cross-domain,0.0000,0.0000,3.485,0,-1.24132,0,-6.243,-2.772,-4.378,0,-8.793,3.614,3.437,0.1167,-0.7109
154.00,155.27,155.28,0,-1.58188,0,|r_qp|,cross-domain,0.0000,0.0000,3.827,0,-1.58188,0,-6.243,-2.772,-4.378,0,-8.793,2.771,2.418,-0.9321,0.2681
154.40,155.67,155.68,0,-1.55754,0,|r_qp|,cross-domain,0.0000,0.0000,3.438,0,-1.55754,0,-6.243,-2.772,-4.378,0,-8.793,1.76,0.9142,1.247,32.67
154.80,156.07,156.08,0,-1.44627,0,|r_qp|,cross-domain,0.0000,0.0000,3.389,0,-1.44627,0,-6.243,-2.772,-4.378,0,-8.793,1.327,-0.09907,-0.838,-0.8634
155.20,156.47,156.48,0,-1.65121,0,|r_qp|,cross-domain,0.0000,0.0000,3.375,0,-1.65121,0,-6.243,-2.772,-4.378,0,-8.793,0.1205,-0.2168,-1.296,-0.2803
155.60,156.87,156.88,0,-1.66619,0,|r_qp|,cross-domain,0.0000,0.0000,3.359,0,-1.66619,0,-6.243,-2.772,-4.378,0,-8.793,-0.543,0.02246,1.067,32.88
156.00,157.27,157.28,0,-1.48178,0,|r_qp|,cross-domain,0.0000,0.0000,4.074,0,-1.48178,0,-6.243,-2.772,-4.378,0,-8.793,-0.5649,0.03936,-0.6622,-0.5628
156.40,157.67,157.68,0,-1.58568,0,|r_qp|,cross-domain,0.0000,0.0000,3.567,0,-1.58568,0,-6.243,-2.772,-4.378,0,-8.793,0.4903,-0.002418,-1.076,0.1331
156.80,158.07,158.08,0,-0.96616,0,|r_qp|,cross-domain,0.0000,0.0000,3.695,0,-0.96616,0,-6.243,-2.772,-4.378,0,-8.793,1.71,0.323,2.519,26.05
157.20,158.47,158.48,0,-1.01242,0,|r_qp|,cross-domain,0.0000,0.0000,3.534,0,-1.01242,0,-6.243,-2.772,-4.378,0,-8.793,2.093,-0.2697,0.3815,-0.7351
157.60,158.87,158.88,0,-1.42951,0,|r_qp|,cross-domain,0.0000,0.0000,3.410,0,-1.42951,0,-6.243,-2.772,-4.378,0,-8.793,2.3,-0.1611,-0.8612,0.0005094
158.00,159.27,159.28,0,-1.61385,0,|r_qp|,cross-domain,0.0000,0.0000,3.392,0,-1.61385,0,-6.243,-2.772,-4.378,0,-8.793,2.051,-0.008581,0.9684,33.97
158.40,159.67,159.68,0,-1.52419,0,|r_qp|,cross-domain,0.0000,0.0000,3.384,0,-1.52419,0,-6.243,-2.772,-4.378,0,-8.793,1.63,-0.1577,-1.129,-0.8954
158.80,160.07,160.08,0,-1.56248,0,|r_qp|,cross-domain,0.0000,0.0000,3.448,0,-1.56248,0,-6.243,-2.772,-4.378,0,-8.793,0.5208,-0.3948,-1.081,0.04891
159.20,160.47,160.48,0,-1.68655,0,|r_qp|,cross-domain,0.0000,0.0000,3.993,0,-1.68655,0,-6.243,-2.772,-4.378,0,-8.793,-0.2548,0.1048,0.8078,30.35
159.60,160.87,160.88,0,-1.31747,0,|r_qp|,cross-domain,0.0000,0.0000,3.531,0,-1.31747,0,-6.243,-2.772,-4.378,0,-8.793,-0.2633,-0.2858,-0.2533,-0.616
160.00,161.27,161.28,0,-1.37144,0,|r_qp|,cross-domain,0.0000,0.0000,3.708,0,-1.37144,0,-6.243,-2.772,-4.378,0,-8.793,1.283,-0.1812,-0.5168,0.5731
160.40,161.67,161.68,0,-0.93061,0,|r_qp|,cross-domain,0.0000,0.0000,3.484,0,-0.93061,0,-6.243,-2.772,-4.378,0,-8.793,2.895,-0.04507,2.766,31.14
160.80,162.07,162.08,0,-1.18140,0,|r_qp|,cross-domain,0.0000,0.0000,3.408,0,-1.18140,0,-6.243,-2.772,-4.378,0,-8.793,3.752,-0.2487,-0.3456,-0.7136
161.20,162.47,162.48,0,-1.30058,0,|r_qp|,cross-domain,0.0000,0.0000,3.387,0,-1.30058,0,-6.243,-2.772,-4.378,0,-8.793,3.736,-0.2095,-0.663,-0.114
161.60,162.87,162.88,0,-1.39012,0,|r_qp|,cross-domain,0.0000,0.0000,3.375,0,-1.39012,0,-6.243,-2.772,-4.378,0,-8.793,2.791,0.08834,1.151,27.74
162.00,163.27,163.28,0,-1.45051,0,|r_qp|,cross-domain,0.0000,0.0000,4.072,0,-1.45051,0,-6.243,-2.772,-4.378,0,-8.793,1.846,-0.1473,-0.9237,-0.8384
162.40,163.67,163.68,0,-1.61449,0,|r_qp|,cross-domain,0.0000,0.0000,3.542,0,-1.61449,0,-6.243,-2.772,-4.378,0,-8.793,0.2663,-0.2056,-1.207,-0.3853
162.80,164.07,164.08,0,-1.56622,0,|r_qp|,cross-domain,0.0000,0.0000,3.520,0,-1.56622,0,-6.243,-2.772,-4.378,0,-8.793,-0.3249,0.212,1.176,29.91
163.20,164.47,164.48,0,-1.24585,0,|r_qp|,cross-domain,0.0000,0.0000,3.568,0,-1.24585,0,-6.243,-2.772,-4.378,0,-8.793,-0.08695,-0.0538,-0.01932,-0.6728
163.60,164.87,164.88,0,-1.39131,0,|r_qp|,cross-domain,0.0000,0.0000,3.450,0,-1.39131,0,-6.243,-2.772,-4.378,0,-8.793,1.23,0.06693,-0.5149,0.7752
164.00,165.27,165.28,0,-1.77842,0,|r_qp|,cross-domain,0.0000,0.0000,3.374,0,-1.77842,0,-6.243,-2.772,-4.378,0,-8.793,2.287,-0.06539,0.546,35.78
164.40,165.67,165.68,0,-1.49230,0,|r_qp|,cross-domain,0.0000,0.0000,3.426,0,-1.49230,0,-6.243,-2.772,-4.378,0,-8.793,2.248,-0.205,-1.096,-0.5827
164.80,166.07,166.08,0,-1.47791,0,|r_qp|,cross-domain,0.0000,0.0000,3.382,0,-1.47791,0,-6.243,-2.772,-4.378,0,-8.793,1.169,-0.605,-0.9452,-0.04237
165.20,166.47,166.48,0,-0.80088,0,|r_qp|,cross-domain,0.0000,0.0000,3.973,0,-0.80088,0,-6.243,-2.772,-4.378,0,-8.793,-0.009114,-0.4264,3,24.32
165.60,166.87,166.88,0,-1.49668,0,|r_qp|,cross-domain,0.0000,0.0000,3.491,0,-1.49668,0,-6.243,-2.772,-4.378,0,-8.793,-0.07178,-0.6237,-0.9111,-0.9552
166.00,167.27,167.28,0,-1.58133,0,|r_qp|,cross-domain,0.0000,0.0000,3.749,0,-1.58133,0,-6.243,-2.772,-4.378,0,-8.793,-0.2205,-0.4372,-1.055,0.01247
166.40,167.67,167.68,0,-1.85296,0,|r_qp|,cross-domain,0.0000,0.0000,3.662,0,-1.85296,0,-6.243,-2.772,-4.378,0,-8.793,-0.06831,-0.02316,0.6775,36.57
166.80,168.07,168.08,0,-1.54647,0,|r_qp|,cross-domain,0.0000,0.0000,3.576,0,-1.54647,0,-6.243,-2.772,-4.378,0,-8.793,-0.09801,-0.02222,-0.9318,-0.5663
167.20,168.47,168.48,0,-1.57784,0,|r_qp|,cross-domain,0.0000,0.0000,3.564,0,-1.57784,0,-6.243,-2.772,-4.378,0,-8.793,0.5562,-0.4998,-1.146,0.1247
167.60,168.87,168.88,0,-0.58830,0,|r_qp|,cross-domain,0.0000,0.0000,3.445,0,-0.58830,0,-6.243,-2.772,-4.378,0,-8.793,1.113,-0.3111,3.429,22.82
168.00,169.27,169.28,0,-1.48991,0,|r_qp|,cross-domain,0.0000,0.0000,3.338,0,-1.48991,0,-6.243,-2.772,-4.378,0,-8.793,0.9203,-0.5248,-0.9931,-0.8585
168.40,169.67,169.68,0,-1.52686,0,|r_qp|,cross-domain,0.0000,0.0000,4.024,0,-1.52686,0,-6.243,-2.772,-4.378,0,-8.793,0.385,-0.5178,-0.9271,0.7451
168.80,170.07,170.08,0,-1.85112,0,|r_qp|,cross-domain,0.0000,0.0000,3.583,0,-1.85112,0,-6.243,-2.772,-4.378,0,-8.793,-0.1571,-0.2079,0.3088,31.42
169.20,170.47,170.48,0,-1.55453,0,|r_qp|,cross-domain,0.0000,0.0000,3.825,0,-1.55453,0,-6.243,-2.772,-4.378,0,-8.793,-0.1351,-0.1413,-0.9846,-0.7457
169.60,170.87,170.88,0,-1.47193,0,|r_qp|,cross-domain,0.0000,0.0000,3.519,0,-1.47193,0,-6.243,-2.772,-4.378,0,-8.793,0.1057,-0.394,-0.764,-0.1684
170.00,171.27,171.28,0,-1.09560,0,|r_qp|,cross-domain,0.0000,0.0000,3.440,0,-1.09560,0,-6.243,-2.772,-4.378,0,-8.793,0.2911,-0.1212,2.586,31.29
170.40,171.67,171.68,0,-1.36464,0,|r_qp|,cross-domain,0.0000,0.0000,3.542,0,-1.36464,0,-6.243,-2.772,-4.378,0,-8.793,0.529,-0.6412,-0.5698,-0.7543
170.80,172.07,172.08,0,-1.41368,0,|r_qp|,cross-domain,0.0000,0.0000,3.502,0,-1.41368,0,-6.243,-2.772,-4.378,0,-8.793,1.355,-0.6389,-0.7693,0.06588
171.20,172.47,172.48,0,-0.32291,1,|r_qp|,cross-domain,0.0000,0.0000,4.267,0,-0.32291,1,-6.243,-2.772,-4.378,0,-8.793,1.971,-0.3096,4.16,23.14
171.60,172.87,172.88,0,-1.24660,0,|r_qp|,cross-domain,0.0000,0.0000,3.563,0,-1.24660,0,-6.243,-2.772,-4.378,0,-8.793,2.318,-0.5668,-0.408,-0.5638
172.00,173.27,173.28,0,-1.44366,0,|r_qp|,cross-domain,0.0000,0.0000,3.411,0,-1.44366,0,-6.243,-2.772,-4.378,0,-8.793,2.452,-0.5218,-1.001,-0.2134
172.40,173.67,173.68,0,-1.25275,0,|r_qp|,cross-domain,0.0000,0.0000,3.648,0,-1.25275,0,-6.243,-2.772,-4.378,0,-8.793,1.993,-0.1718,1.636,27.81
172.80,174.07,174.08,0,-1.45416,0,|r_qp|,cross-domain,0.0000,0.0000,3.474,0,-1.45416,0,-6.243,-2.772,-4.378,0,-8.793,1.577,-0.4623,-0.916,-0.2804
173.20,174.47,174.48,0,-1.61391,0,|r_qp|,cross-domain,0.0000,0.0000,3.409,0,-1.61391,0,-6.243,-2.772,-4.378,0,-8.793,0.0972,-0.4071,-1.209,-0.2525
173.60,174.87,174.88,0,-0.82188,0,|r_qp|,cross-domain,0.0000,0.0000,3.662,0,-0.82188,0,-6.243,-2.772,-4.378,0,-8.793,-0.3938,-0.1334,3.165,26.21
174.00,175.27,175.28,0,-1.41975,0,|r_qp|,cross-domain,0.0000,0.0000,3.484,0,-1.41975,0,-6.243,-2.772,-4.378,0,-8.793,-0.1284,-0.0644,-0.5497,-0.6411
174.40,175.67,175.68,0,-1.55442,0,|r_qp|,cross-domain,0.0000,0.0000,4.044,0,-1.55442,0,-6.243,-2.772,-4.378,0,-8.793,0.9959,-0.08868,-1.05,0.2668
174.80,176.07,176.08,0,-1.11062,0,|r_qp|,cross-domain,0.0000,0.0000,3.535,0,-1.11062,0,-6.243,-2.772,-4.378,0,-8.793,2.058,0.2776,2.106,27.27
175.20,176.47,176.48,0,-1.32471,0,|r_qp|,cross-domain,0.0000,0.0000,3.426,0,-1.32471,0,-6.243,-2.772,-4.378,0,-8.793,1.958,0.05059,-0.5154,-0.823
175.60,176.87,176.88,0,-1.48156,0,|r_qp|,cross-domain,0.0000,0.0000,3.724,0,-1.48156,0,-6.243,-2.772,-4.378,0,-8.793,1.604,-0.06669,-0.9547,-0.5468
176.00,177.27,177.28,0,-1.84312,0,|r_qp|,cross-domain,0.0000,0.0000,3.537,0,-1.84312,0,-6.243,-2.772,-4.378,0,-8.793,0.5824,0.2276,0.3604,32.1
176.40,177.67,177.68,0,-1.58288,0,|r_qp|,cross-domain,0.0000,0.0000,3.399,0,-1.58288,0,-6.243,-2.772,-4.378,0,-8.793,0.3564,-0.2214,-1.146,-0.7166
176.80,178.07,178.08,0,-1.62256,0,|r_qp|,cross-domain,0.0000,0.0000,3.416,0,-1.62256,0,-6.243,-2.772,-4.378,0,-8.793,-0.2675,-0.5894,-1.241,-0.5544
177.20,178.47,178.48,0,-0.88889,0,|r_qp|,cross-domain,0.0000,0.0000,3.400,0,-0.88889,0,-6.243,-2.772,-4.378,0,-8.793,-0.4659,-0.5825,2.89,26.2
177.60,178.87,178.88,0,-1.41747,0,|r_qp|,cross-domain,0.0000,0.0000,4.099,0,-1.41747,0,-6.243,-2.772,-4.378,0,-8.793,-0.2855,-0.7619,-0.6294,-0.4623
178.00,179.27,179.28,0,-1.40212,0,|r_qp|,cross-domain,0.0000,0.0000,3.529,0,-1.40212,0,-6.243,-2.772,-4.378,0,-8.793,0.7536,-0.8081,-0.6895,0.01308
178.40,179.67,179.68,0,-0.92672,0,|r_qp|,cross-domain,0.0000,0.0000,3.692,0,-0.92672,0,-6.243,-2.772,-4.378,0,-8.793,1.708,-0.4734,2.526,26.36
178.80,180.07,180.08,0,-1.28439,0,|r_qp|,cross-domain,0.0000,0.0000,3.479,0,-1.28439,0,-6.243,-2.772,-4.378,0,-8.793,2.025,-0.7091,-0.5198,-0.6847
179.20,180.47,180.48,0,-1.44088,0,|r_qp|,cross-domain,0.0000,0.0000,3.396,0,-1.44088,0,-6.243,-2.772,-4.378,0,-8.793,1.998,-0.491,-0.9388,-0.3567
179.60,180.87,180.88,0,-0.88353,0,|r_qp|,cross-domain,0.0000,0.0000,3.351,0,-0.88353,0,-6.243,-2.772,-4.378,0,-8.793,1.425,0.1628,2.617,23.65
180.00,181.27,181.28,0,-1.53118,0,|r_qp|,cross-domain,0.0000,0.0000,3.388,0,-1.53118,0,-6.243,-2.772,-4.378,0,-8.793,1.24,-0.0485,-1.074,-0.7836
180.40,181.67,181.68,0,-1.38835,0,|r_qp|,cross-domain,0.0000,0.0000,3.657,0,-1.38835,0,-6.243,-2.772,-4.378,0,-8.793,0.6015,-0.4597,-0.5987,-0.4293
180.80,182.07,182.08,0,-1.36495,0,|r_qp|,cross-domain,0.0000,0.0000,3.903,0,-1.36495,0,-6.243,-2.772,-4.378,0,-8.793,0.1933,-0.4196,1.496,28.08
181.20,182.47,182.48,0,-1.21736,0,|r_qp|,cross-domain,0.0000,0.0000,3.470,0,-1.21736,0,-6.243,-2.772,-4.378,0,-8.793,0.2306,-0.5979,-0.04363,-0.365
181.60,182.87,182.88,0,-1.34986,0,|r_qp|,cross-domain,0.0000,0.0000,3.642,0,-1.34986,0,-6.243,-2.772,-4.378,0,-8.793,1.286,-0.4011,-0.5438,-0.2352
182.00,183.27,183.28,0,-1.22134,0,|r_qp|,cross-domain,0.0000,0.0000,3.455,0,-1.22134,0,-6.243,-2.772,-4.378,0,-8.793,2.391,0.08626,1.731,27.88
182.40,183.67,183.68,0,-1.46915,0,|r_qp|,cross-domain,0.0000,0.0000,3.403,0,-1.46915,0,-6.243,-2.772,-4.378,0,-8.793,2.689,-0.3548,-1.109,-0.6251
182.80,184.07,184.08,0,-1.52738,0,|r_qp|,cross-domain,0.0000,0.0000,3.382,0,-1.52738,0,-6.243,-2.772,-4.378,0,-8.793,1.697,-0.5402,-1.155,-0.06125
183.20,184.47,184.48,0,-1.11999,0,|r_qp|,cross-domain,0.0000,0.0000,3.379,0,-1.11999,0,-6.243,-2.772,-4.378,0,-8.793,0.5577,-0.4048,2.004,25.13
183.60,184.87,184.88,0,-1.58797,0,|r_qp|,cross-domain,0.0000,0.0000,4.034,0,-1.58797,0,-6.243,-2.772,-4.378,0,-8.793,0.3727,-0.6068,-1.23,-0.7261
184.00,185.27,185.28,0,-1.59767,0,|r_qp|,cross-domain,0.0000,0.0000,3.577,0,-1.59767,0,-6.243,-2.772,-4.378,0,-8.793,-0.1665,-0.7099,-1.174,-0.208
184.40,185.67,185.68,0,-1.80819,0,|r_qp|,cross-domain,0.0000,0.0000,3.462,0,-1.80819,0,-6.243,-2.772,-4.378,0,-8.793,-0.2884,-0.3185,0.618,34.02
184.80,186.07,186.08,0,-1.35619,0,|r_qp|,cross-domain,0.0000,0.0000,3.655,0,-1.35619,0,-6.243,-2.772,-4.378,0,-8.793,-0.304,-0.5918,-0.4227,-0.6596
185.20,186.47,186.48,0,-1.50596,0,|r_qp|,cross-domain,0.0000,0.0000,3.431,0,-1.50596,0,-6.243,-2.772,-4.378,0,-8.793,0.7774,-0.5562,-0.959,0.1674
185.60,186.87,186.88,0,-0.49688,0,|r_qp|,cross-domain,0.0000,0.0000,3.558,0,-0.49688,0,-6.243,-2.772,-4.378,0,-8.793,1.831,-0.3468,3.739,24.64
186.00,187.27,187.28,0,-1.30882,0,|r_qp|,cross-domain,0.0000,0.0000,3.469,0,-1.30882,0,-6.243,-2.772,-4.378,0,-8.793,2.171,-0.532,-0.5651,-0.4193
186.40,187.67,187.68,0,-1.51109,0,|r_qp|,cross-domain,0.0000,0.0000,3.401,0,-1.51109,0,-6.243,-2.772,-4.378,0,-8.793,2.002,-0.6836,-1.17,-0.09373
186.80,188.07,188.08,0,-0.40440,1,|r_qp|,cross-domain,0.0000,0.0000,3.964,0,-0.40440,1,-6.243,-2.772,-4.378,0,-8.793,1.436,-0.5207,3.91,22.68
187.20,188.47,188.48,0,-1.48275,0,|r_qp|,cross-domain,0.0000,0.0000,3.482,0,-1.48275,0,-6.243,-2.772,-4.378,0,-8.793,0.9375,-0.6325,-0.9583,-0.3757
187.60,188.87,188.88,0,-1.50225,0,|r_qp|,cross-domain,0.0000,0.0000,3.768,0,-1.50225,0,-6.243,-2.772,-4.378,0,-8.793,-0.2523,-0.5477,-0.8399,-0.1941
188.00,189.27,189.28,0,-1.24013,0,|r_qp|,cross-domain,0.0000,0.0000,3.620,0,-1.24013,0,-6.243,-2.772,-4.378,0,-8.793,-0.5426,-0.175,1.989,27.68
188.40,189.67,189.68,0,-1.09920,0,|r_qp|,cross-domain,0.0000,0.0000,3.470,0,-1.09920,0,-6.243,-2.772,-4.378,0,-8.793,-0.2267,-0.1692,0.4717,-0.07899
188.80,190.07,190.08,0,-1.46736,0,|r_qp|,cross-domain,0.0000,0.0000,3.430,0,-1.46736,0,-6.243,-2.772,-4.378,0,-8.793,1.561,-0.07323,-0.8827,-0.2004
189.20,190.47,190.48,0,-0.29036,1,|r_qp|,cross-domain,0.0000,0.0000,3.429,0,-0.29036,1,-6.243,-2.772,-4.378,0,-8.793,2.857,0.4103,4.123,21
189.60,190.87,190.88,0,-1.27783,0,|r_qp|,cross-domain,0.0000,0.0000,3.350,0,-1.27783,0,-6.243,-2.772,-4.378,0,-8.793,2.905,0.1059,-0.449,-0.3443
190.00,191.27,191.28,0,-1.54526,0,|r_qp|,cross-domain,0.0000,0.0000,3.996,0,-1.54526,0,-6.243,-2.772,-4.378,0,-8.793,2.162,-0.3617,-1.265,-0.4437
190.40,191.67,191.68,0,-1.32802,0,|r_qp|,cross-domain,0.0000,0.0000,3.500,0,-1.32802,0,-6.243,-2.772,-4.378,0,-8.793,1.11,0.04363,1.244,23.31
190.80,192.07,192.08,0,-1.57133,0,|r_qp|,cross-domain,0.0000,0.0000,3.697,0,-1.57133,0,-6.243,-2.772,-4.378,0,-8.793,0.8598,-0.2662,-1.198,-0.9466
191.20,192.47,192.48,0,-1.60883,0,|r_qp|,cross-domain,0.0000,0.0000,3.411,0,-1.60883,0,-6.243,-2.772,-4.378,0,-8.793,-0.2735,-0.4421,-1.159,-0.356
191.60,192.87,192.88,0,-1.28617,0,|r_qp|,cross-domain,0.0000,0.0000,3.322,0,-1.28617,0,-6.243,-2.772,-4.378,0,-8.793,-0.8513,-0.0794,1.887,27.45
192.00,193.27,193.28,0,-1.41069,0,|r_qp|,cross-domain,0.0000,0.0000,3.352,0,-1.41069,0,-6.243,-2.772,-4.378,0,-8.793,-1.262,-0.3413,-0.3914,-0.1589
192.40,193.67,193.68,0,-1.51204,0,|r_qp|,cross-domain,0.0000,0.0000,3.360,0,-1.51204,0,-6.243,-2.772,-4.378,0,-8.793,-0.3214,-0.4046,-0.8223,0.01758
192.80,194.07,194.08,0,-0.73220,0,|r_qp|,cross-domain,0.0000,0.0000,4.117,0,-0.73220,0,-6.243,-2.772,-4.378,0,-8.793,0.7172,-0.0486,2.958,21.04
193.20,194.47,194.48,0,-1.49481,0,|r_qp|,cross-domain,0.0000,0.0000,3.514,0,-1.49481,0,-6.243,-2.772,-4.378,0,-8.793,1.19,-0.3952,-0.9745,-0.1922
193.60,194.87,194.88,0,-1.58363,0,|r_qp|,cross-domain,0.0000,0.0000,3.403,0,-1.58363,0,-6.243,-2.772,-4.378,0,-8.793,1.188,-0.2419,-1.229,-0.2922
194.00,195.27,195.28,0,-1.50622,0,|r_qp|,cross-domain,0.0000,0.0000,3.426,0,-1.50622,0,-6.243,-2.772,-4.378,0,-8.793,0.5657,0.4408,0.7339,21.89
194.40,195.67,195.68,0,-1.55570,0,|r_qp|,cross-domain,0.0000,0.0000,3.443,0,-1.55570,0,-6.243,-2.772,-4.378,0,-8.793,0.2809,0.2699,-0.9396,-0.2904
194.80,196.07,196.08,0,-1.73743,0,|r_qp|,cross-domain,0.0000,0.0000,3.395,0,-1.73743,0,-6.243,-2.772,-4.378,0,-8.793,-0.6477,0.2991,-1.383,-0.389
195.20,196.47,196.48,0,-0.89573,0,|r_qp|,cross-domain,0.0000,0.0000,3.643,0,-0.89573,0,-6.243,-2.772,-4.378,0,-8.793,-0.8042,0.5833,2.917,23.37
195.60,196.87,196.88,0,-1.53239,0,|r_qp|,cross-domain,0.0000,0.0000,3.376,0,-1.53239,0,-6.243,-2.772,-4.378,0,-8.793,-0.6215,0.2538,-0.722,0.1969
196.00,197.27,197.28,0,-1.53413,0,|r_qp|,cross-domain,0.0000,0.0000,4.008,0,-1.53413,0,-6.243,-2.772,-4.378,0,-8.793,0.7028,0.1434,-0.9249,0.05156
196.40,197.67,197.68,0,-0.64596,0,|r_qp|,cross-domain,0.0000,0.0000,3.541,0,-0.64596,0,-6.243,-2.772,-4.378,0,-8.793,1.9,0.4433,3.476,25.66
196.80,198.07,198.08,0,-1.49319,0,|r_qp|,cross-domain,0.0000,0.0000,3.469,0,-1.49319,0,-6.243,-2.772,-4.378,0,-8.793,2.092,0.041,-1.015,-0.2705
197.20,198.47,198.48,0,-1.56980,0,|r_qp|,cross-domain,0.0000,0.0000,3.402,0,-1.56980,0,-6.243,-2.772,-4.378,0,-8.793,1.771,-0.07056,-1.208,0.0455
197.60,198.87,198.88,-1,4.99194,1,e_rec,cross-domain,0.0000,0.0000,3.343,0,4.99194,1,-6.243,-2.772,-4.378,0,-8.793,1.168,0.1418,20.28,16.75
198.00,199.27,199.28,1,-1.48764,0,|r_qp|,cross-domain,0.0000,0.0000,3.376,0,-1.48764,0,-6.243,-2.772,-4.378,0,-8.793,2.186,7.706,0.2874,-0.435
198.40,199.67,199.68,1,-1.56182,0,|r_qp|,cross-domain,0.0000,0.0000,3.376,0,-1.56182,0,-6.243,-2.772,-4.378,0,-8.793,3.701,7.358,-0.1994,-0.5171
198.80,200.07,200.08,1,5.62282,1,e_rec,cross-domain,0.0000,0.0000,3.407,0,5.62282,1,-6.243,-2.772,-4.378,0,-8.793,5.968,7.562,22.88,16.72
199.20,200.47,200.48,1,0.05269,1,|r_qp|,cross-domain,0.0000,0.0000,3.792,0,0.05269,1,-6.243,-2.772,-4.378,0,-8.793,8.274,7.927,4.521,2.815
199.60,200.87,200.88,1,-0.49925,0,|r_qp|,cross-domain,0.0000,0.0000,3.389,0,-0.49925,0,-6.243,-2.772,-4.378,0,-8.793,10.35,8.414,2.427,-0.2528
200.00,201.27,201.28,1,0.97544,1,|r_qp|,cross-domain,0.0000,0.0000,3.448,0,0.97544,1,-6.243,-2.772,-4.378,0,-8.793,11.24,9.003,7.374,5.747
200.40,201.67,201.68,1,-1.20016,0,|r_qp|,cross-domain,0.0000,0.0000,3.371,0,-1.20016,0,-6.243,-2.772,-4.378,0,-8.793,9.937,6.67,0.02357,-0.2301
200.80,202.07,202.08,1,-1.39333,0,|r_qp|,cross-domain,0.0000,0.0000,3.369,0,-1.39333,0,-6.243,-2.772,-4.378,0,-8.793,7.579,5.889,-0.4221,-0.4817
201.20,202.47,202.48,1,5.64709,1,e_rec,cross-domain,0.0000,0.0000,3.409,0,5.64709,1,-6.243,-2.772,-4.378,0,-8.793,6.13,5.699,22.45,14.32
201.60,202.87,202.88,1,-1.12146,0,|r_qp|,cross-domain,0.0000,0.0000,3.330,0,-1.12146,0,-6.243,-2.772,-4.378,0,-8.793,5.94,7.789,0.9541,-0.4064
202.00,203.27,203.28,1,-1.59714,0,|r_qp|,cross-domain,0.0000,0.0000,3.966,0,-1.59714,0,-6.243,-2.772,-4.378,0,-8.793,5.895,8.193,-0.4486,-0.5689
202.40,203.67,203.68,1,4.24975,1,e_rec,cross-domain,0.0000,0.0000,3.510,0,4.24975,1,-6.243,-2.772,-4.378,0,-8.793,6.357,8.787,18.25,8.575
202.80,204.07,204.08,1,-0.36744,1,|r_qp|,cross-domain,0.0000,0.0000,3.439,0,-0.36744,1,-6.243,-2.772,-4.378,0,-8.793,7.685,7.548,3.084,0.5946
203.20,204.47,204.48,1,-0.55716,0,|r_qp|,cross-domain,0.0000,0.0000,3.403,0,-0.55716,0,-6.243,-2.772,-4.378,0,-8.793,9.642,6.837,2.099,0.1615
203.60,204.87,204.88,1,6.59821,1,e_rec,cross-domain,0.0000,0.0000,3.343,0,6.59821,1,-6.243,-2.772,-4.378,0,-8.793,11.1,7.003,24.83,12.25
204.00,205.27,205.28,1,-0.53499,0,|r_qp|,cross-domain,0.0000,0.0000,3.464,0,-0.53499,0,-6.243,-2.772,-4.378,0,-8.793,11.3,8.142,2.211,0.6393
204.40,205.67,205.68,1,-0.90731,0,|r_qp|,cross-domain,0.0000,0.0000,3.439,0,-0.90731,0,-6.243,-2.772,-4.378,0,-8.793,10.89,8.574,1.1,-0.6636
204.80,206.07,206.08,1,4.73940,1,e_rec,cross-domain,0.0000,0.0000,3.463,0,4.73940,1,-6.243,-2.772,-4.378,0,-8.793,9.42,9.234,19.63,11.33
205.20,206.47,206.48,1,-1.64522,0,|r_qp|,cross-domain,0.0000,0.0000,3.919,0,-1.64522,0,-6.243,-2.772,-4.378,0,-8.793,7.097,7.17,-0.9015,-0.2364
205.60,206.87,206.88,1,-1.75750,0,|r_qp|,cross-domain,0.0000,0.0000,3.410,0,-1.75750,0,-6.243,-2.772,-4.378,0,-8.793,4.442,6.366,-1.073,-0.6127
206.00,207.27,207.28,1,3.68889,1,e_rec,cross-domain,0.0000,0.0000,3.386,0,3.68889,1,-6.243,-2.772,-4.378,0,-8.793,3.715,6.256,16.58,10.86
206.40,207.67,207.68,1,-0.42696,1,|r_qp|,cross-domain,0.0000,0.0000,3.527,0,-0.42696,1,-6.243,-2.772,-4.378,0,-8.793,5.851,7.999,3.232,0.8959
206.80,208.07,208.08,1,-0.70054,0,|r_qp|,cross-domain,0.0000,0.0000,3.417,0,-0.70054,0,-6.243,-2.772,-4.378,0,-8.793,8.963,8.251,1.979,0.08375
207.20,208.47,208.48,1,6.39160,1,e_rec,cross-domain,0.0000,0.0000,3.430,0,6.39160,1,-6.243,-2.772,-4.378,0,-8.793,11.21,8.747,24.46,12.06
207.60,208.87,208.88,1,-0.28301,1,|r_qp|,cross-domain,0.0000,0.0000,3.381,0,-0.28301,1,-6.243,-2.772,-4.378,0,-8.793,11.38,7.793,3.018,2.085
208.00,209.27,209.28,1,-0.77334,0,|r_qp|,cross-domain,0.0000,0.0000,3.364,0,-0.77334,0,-6.243,-2.772,-4.378,0,-8.793,10.8,8.042,1.432,-0.6869
208.40,209.67,209.68,1,0.24001,1,|r_qp|,cross-domain,0.0000,0.0000,3.916,0,0.24001,1,-6.243,-2.772,-4.378,0,-8.793,9.255,8.7,5.384,6.852
208.80,210.07,210.08,1,-1.53649,0,|r_qp|,cross-domain,0.0000,0.0000,3.478,0,-1.53649,0,-6.243,-2.772,-4.378,0,-8.793,6.846,7.063,-0.5439,-0.11
209.20,210.47,210.48,1,-1.77117,0,|r_qp|,cross-domain,0.0000,0.0000,4.615,0,-1.77117,0,-6.243,-2.772,-4.378,0,-8.793,4.068,6.802,-1.01,-0.8621
209.60,210.87,210.88,1,2.15635,1,e_rec,cross-domain,0.0000,0.0000,3.433,0,2.15635,1,-6.243,-2.772,-4.378,0,-8.793,2.534,7.228,12.37,13.74
210.00,211.27,211.28,1,-1.25447,0,|r_qp|,cross-domain,0.0000,0.0000,3.541,0,-1.25447,0,-6.243,-2.772,-4.378,0,-8.793,3.393,7.257,0.823,0.2526
210.40,211.67,211.68,1,-1.19766,0,|r_qp|,cross-domain,0.0000,0.0000,3.394,0,-1.19766,0,-6.243,-2.772,-4.378,0,-8.793,5.139,6.348,0.5867,-0.2391
210.80,212.07,212.08,1,6.47864,1,e_rec,cross-domain,0.0000,0.0000,3.363,0,6.47864,1,-6.243,-2.772,-4.378,0,-8.793,7.528,6.036,24.87,13.99
211.20,212.47,212.48,1,-0.76275,0,|r_qp|,cross-domain,0.0000,0.0000,3.546,0,-0.76275,0,-6.243,-2.772,-4.378,0,-8.793,9.286,7.915,1.776,1.346
211.60,212.87,212.88,1,-1.12301,0,|r_qp|,cross-domain,0.0000,0.0000,3.933,0,-1.12301,0,-6.243,-2.772,-4.378,0,-8.793,10.08,8.56,0.5802,-0.02883
212.00,213.27,213.28,1,1.45139,1,|r_qp|,cross-domain,0.0000,0.0000,3.475,0,1.45139,1,-6.243,-2.772,-4.378,0,-8.793,9.396,9.646,9.251,6.702
212.40,213.67,213.68,1,-1.57732,0,|r_qp|,cross-domain,0.0000,0.0000,3.657,0,-1.57732,0,-6.243,-2.772,-4.378,0,-8.793,7.239,7.536,-0.6391,-0.109
212.80,214.07,214.08,1,-1.70430,0,|r_qp|,cross-domain,0.0000,0.0000,3.433,0,-1.70430,0,-6.243,-2.772,-4.378,0,-8.793,5.007,7.413,-0.8077,-0.6964
213.20,214.47,214.48,1,3.30862,1,e_rec,cross-domain,0.0000,0.0000,3.355,0,3.30862,1,-6.243,-2.772,-4.378,0,-8.793,3.79,7.534,15.8,13.56
213.60,214.87,214.88,1,-1.06504,0,|r_qp|,cross-domain,0.0000,0.0000,3.522,0,-1.06504,0,-6.243,-2.772,-4.378,0,-8.793,4.458,7.743,1.352,0.2147
214.00,215.27,215.28,1,-1.16671,0,|r_qp|,cross-domain,0.0000,0.0000,3.413,0,-1.16671,0,-6.243,-2.772,-4.378,0,-8.793,6.219,7.138,0.7029,0.1023
214.40,215.67,215.68,1,3.56785,1,e_rec,cross-domain,0.0000,0.0000,3.968,0,3.56785,1,-6.243,-2.772,-4.378,0,-8.793,7.991,7.274,15.73,9.308
214.80,216.07,216.08,1,-0.39387,1,|r_qp|,cross-domain,0.0000,0.0000,3.572,0,-0.39387,1,-6.243,-2.772,-4.378,0,-8.793,9.397,8.109,2.911,1.037
215.20,216.47,216.48,1,-0.78415,0,|r_qp|,cross-domain,0.0000,0.0000,3.437,0,-0.78415,0,-6.243,-2.772,-4.378,0,-8.793,10.44,8.301,1.541,0.06997
215.60,216.87,216.88,1,4.29438,1,e_rec,cross-domain,0.0000,0.0000,3.675,0,4.29438,1,-6.243,-2.772,-4.378,0,-8.793,10.32,8.718,18.03,10.97
216.00,217.27,217.28,1,-1.42338,0,|r_qp|,cross-domain,0.0000,0.0000,3.422,0,-1.42338,0,-6.243,-2.772,-4.378,0,-8.793,8.633,8.053,-0.2517,-0.07713
216.40,217.67,217.68,1,-1.58375,0,|r_qp|,cross-domain,0.0000,0.0000,3.399,0,-1.58375,0,-6.243,-2.772,-4.378,0,-8.793,6.266,7.941,-0.4999,-0.6023
216.80,218.07,218.08,1,3.28399,1,e_rec,cross-domain,0.0000,0.0000,3.420,0,3.28399,1,-6.243,-2.772,-4.378,0,-8.793,5.227,8.279,15.61,12.72
217.20,218.47,218.48,1,-0.83227,0,|r_qp|,cross-domain,0.0000,0.0000,3.373,0,-0.83227,0,-6.243,-2.772,-4.378,0,-8.793,6.136,7.369,1.844,0.9819
217.60,218.87,218.88,1,-0.97882,0,|r_qp|,cross-domain,0.0000,0.0000,3.981,0,-0.97882,0,-6.243,-2.772,-4.378,0,-8.793,7.557,6.568,0.9936,-0.2012
218.00,219.27,219.28,1,5.35454,1,e_rec,cross-domain,0.0000,0.0000,3.729,0,5.35454,1,-6.243,-2.772,-4.378,0,-8.793,9.206,6.622,20.94,8.945
218.40,219.67,219.68,1,-0.61034,0,|r_qp|,cross-domain,0.0000,0.0000,3.736,0,-0.61034,0,-6.243,-2.772,-4.378,0,-8.793,10.09,8.029,2.129,0.8523
218.80,220.07,220.08,1,-0.94864,0,|r_qp|,cross-domain,0.0000,0.0000,3.605,0,-0.94864,0,-6.243,-2.772,-4.378,0,-8.793,10.52,8.121,0.9805,-0.1066
219.20,220.47,220.48,1,6.22931,1,e_rec,cross-domain,0.0000,0.0000,3.834,0,6.22931,1,-6.243,-2.772,-4.378,0,-8.793,9.903,8.47,24.09,12.19
219.60,220.87,220.88,1,-1.27870,0,|r_qp|,cross-domain,0.0000,0.0000,3.644,0,-1.27870,0,-6.243,-2.772,-4.378,0,-8.793,7.422,2.066,-0.6806,-0.1765
220.00,221.27,221.28,-1,-1.64831,0,|r_qp|,cross-domain,0.0000,0.0000,3.545,0,-1.64831,0,-6.243,-2.772,-4.378,0,-8.793,3.433,1.703,-1.383,-0.306
220.40,221.67,221.68,-1,-1.79055,0,|r_qp|,cross-domain,0.0000,0.0000,2.933,0,-1.79055,0,-6.243,-2.772,-4.378,0,-8.793,0.3142,2.048,0.2112,22.58
220.80,222.07,222.08,-1,-1.45886,0,|r_qp|,cross-domain,0.0000,0.0000,4.010,0,-1.45886,0,-6.243,-2.772,-4.378,0,-8.793,-0.7789,-0.09941,-0.4977,0.7468
221.20,222.47,222.48,-1,-1.55475,0,|r_qp|,cross-domain,0.0000,0.0000,3.595,0,-1.55475,0,-6.243,-2.772,-4.378,0,-8.793,0.6248,-0.3868,-1.086,-0.198
221.60,222.87,222.88,-1,-1.16940,0,|r_qp|,cross-domain,0.0000,0.0000,3.709,0,-1.16940,0,-6.243,-2.772,-4.378,0,-8.793,1.798,-0.1123,1.001,14.35
222.00,223.27,223.28,-1,-1.41255,0,|r_qp|,cross-domain,0.0000,0.0000,3.667,0,-1.41255,0,-6.243,-2.772,-4.378,0,-8.793,2.134,-0.2259,-0.8414,-0.6156
222.40,223.67,223.68,-1,-1.49027,0,|r_qp|,cross-domain,0.0000,0.0000,3.672,0,-1.49027,0,-6.243,-2.772,-4.378,0,-8.793,2.082,-0.251,-1.075,-0.5638
222.80,224.07,224.08,-1,-1.09289,0,|r_qp|,cross-domain,0.0000,0.0000,3.488,0,-1.09289,0,-6.243,-2.772,-4.378,0,-8.793,1.291,0.1061,1.715,19.8
223.20,224.47,224.48,-1,-1.48685,0,|r_qp|,cross-domain,0.0000,0.0000,3.424,0,-1.48685,0,-6.243,-2.772,-4.378,0,-8.793,1.174,-0.2753,-0.9324,-0.2646
223.60,224.87,224.88,-1,-1.61367,0,|r_qp|,cross-domain,0.0000,0.0000,4.106,0,-1.61367,0,-6.243,-2.772,-4.378,0,-8.793,0.2626,-0.5244,-1.263,-0.4558
224.00,225.27,225.28,-1,-1.32471,0,|r_qp|,cross-domain,0.0000,0.0000,3.574,0,-1.32471,0,-6.243,-2.772,-4.378,0,-8.793,0.02882,-0.3224,1.835,30.65
224.40,225.67,225.68,-1,-1.44732,0,|r_qp|,cross-domain,0.0000,0.0000,3.539,0,-1.44732,0,-6.243,-2.772,-4.378,0,-8.793,-0.05507,-0.6112,-0.6335,0.866
224.80,226.07,226.08,-1,-1.56687,0,|r_qp|,cross-domain,0.0000,0.0000,3.703,0,-1.56687,0,-6.243,-2.772,-4.378,0,-8.793,0.6569,-0.7326,-1.185,-0.1794
225.20,226.47,226.48,-1,-0.97167,0,|r_qp|,cross-domain,0.0000,0.0000,3.529,0,-0.97167,0,-6.243,-2.772,-4.378,0,-8.793,1.278,0.1171,1.918,17.29
225.60,226.87,226.88,-1,-1.50060,0,|r_qp|,cross-domain,0.0000,0.0000,3.583,0,-1.50060,0,-6.243,-2.772,-4.378,0,-8.793,1.361,-0.1547,-0.9575,0.03361
226.00,227.27,227.28,-1,-1.60094,0,|r_qp|,cross-domain,0.0000,0.0000,3.478,0,-1.60094,0,-6.243,-2.772,-4.378,0,-8.793,1.109,-0.2071,-1.27,-0.3531
226.40,227.67,227.68,-1,-1.10630,0,|r_qp|,cross-domain,0.0000,0.0000,3.515,0,-1.10630,0,-6.243,-2.772,-4.378,0,-8.793,0.4958,-0.03596,2.136,25.4
226.80,228.07,228.08,-1,-1.51466,0,|r_qp|,cross-domain,0.0000,0.0000,4.059,0,-1.51466,0,-6.243,-2.772,-4.378,0,-8.793,0.5026,-0.3261,-0.9461,-0.3336
227.20,228.47,228.48,-1,-1.53179,0,|r_qp|,cross-domain,0.0000,0.0000,3.606,0,-1.53179,0,-6.243,-2.772,-4.378,0,-8.793,-0.2407,-0.6127,-0.9566,-0.3835
227.60,228.87,228.88,-1,-1.01000,0,|r_qp|,cross-domain,0.0000,0.0000,3.607,0,-1.01000,0,-6.243,-2.772,-4.378,0,-8.793,-0.3756,-0.3952,2.347,23.43
228.00,229.27,229.28,-1,-1.51214,0,|r_qp|,cross-domain,0.0000,0.0000,3.567,0,-1.51214,0,-6.243,-2.772,-4.378,0,-8.793,-0.389,-0.5221,-0.7875,0.6926
228.40,229.67,229.68,-1,-1.58381,0,|r_qp|,cross-domain,0.0000,0.0000,3.534,0,-1.58381,0,-6.243,-2.772,-4.378,0,-8.793,0.4388,-0.6407,-1.192,-0.1459
228.80,230.07,230.08,-1,-1.22167,0,|r_qp|,cross-domain,0.0000,0.0000,3.542,0,-1.22167,0,-6.243,-2.772,-4.378,0,-8.793,1.284,-0.115,0.9437,14.91
229.20,230.47,230.48,-1,-1.29154,0,|r_qp|,cross-domain,0.0000,0.0000,3.457,0,-1.29154,0,-6.243,-2.772,-4.378,0,-8.793,1.649,-0.3701,-0.4219,-0.4807
229.60,230.87,240.20,-1,6.81647,1,e_rec,cross-domain,0.0000,0.1797,9322.906,9320,6.09772,1,-6.243,-2.772,-4.378,0,-8.793,5.85,0.1254,25.38,50
230.00,231.27,240.20,1,4.25707,1,e_rec,cross-domain,0.0000,0.4922,8922.906,8920,2.28832,1,-6.243,-2.772,-4.378,0,-8.793,13.29,1.017,12.84,50
230.40,231.67,240.20,1,11.90246,1,e_rec,cross-domain,0.0000,0.8047,8522.906,8520,8.68371,1,-6.243,-2.772,-4.378,0,-8.793,22.24,1.254,28.25,3.48
230.80,232.07,240.20,1,13.63878,1,e_rec,cross-domain,0.0000,1.0000,8122.906,8120,9.63878,1,-6.243,-2.772,-4.378,0,-8.793,29.64,1.264,33.46,50
231.20,232.47,240.20,1,12.99099,1,e_rec,cross-domain,0.0000,1.0000,7722.906,7720,8.99099,1,-6.243,-2.772,-4.378,0,-8.793,35.04,2.101,30.92,50
231.60,232.87,240.20,1,13.67386,1,e_rec,cross-domain,0.0000,1.0000,7322.906,7320,9.67386,1,-6.243,-2.772,-4.378,0,-8.793,35.88,0.8755,29.68,6.118
232.00,233.27,240.20,1,15.68066,1,e_rec,cross-domain,0.0000,1.0000,6922.906,6920,11.68066,1,-6.243,-2.772,-4.378,0,-8.793,35.94,1.23,38.95,50
232.40,233.67,240.20,1,18.89120,1,e_rec,cross-domain,0.0000,1.0000,6522.906,6520,14.89120,1,-6.243,-2.772,-4.378,0,-8.793,38.76,2.002,48.39,46.72
232.80,234.07,240.20,1,20.29750,1,e_rec,cross-domain,0.0000,1.0000,6122.906,6120,16.29750,1,-6.243,-2.772,-4.378,0,-8.793,41.68,2.294,49.87,9.996
233.20,234.47,240.20,1,19.58378,1,e_rec,cross-domain,0.0000,1.0000,5722.906,5720,15.58378,1,-6.243,-2.772,-4.378,0,-8.793,44.88,2.178,50,50
233.60,234.87,240.20,1,18.37846,1,e_rec,cross-domain,0.0000,1.0000,5322.906,5320,14.37846,1,-6.243,-2.772,-4.378,0,-8.793,45.83,2.842,46.28,50
234.00,235.27,240.20,1,11.83185,1,e_rec,cross-domain,0.0000,1.0000,4922.906,4920,7.83185,1,-6.243,-2.772,-4.378,0,-8.793,41.57,1.178,23.27,5.123
234.40,235.67,240.20,1,9.96021,1,e_rec,cross-domain,0.0000,1.0000,4522.906,4520,5.96021,1,-6.243,-2.772,-4.378,0,-8.793,36.43,1.815,21.35,50
234.80,236.07,240.20,1,11.59630,1,e_rec,cross-domain,0.0000,1.0000,4122.906,4120,7.59630,1,-6.243,-2.772,-4.378,0,-8.793,33.74,2.712,26.28,41.09
235.20,236.47,240.20,1,12.90442,1,e_rec,cross-domain,0.0000,1.0000,3722.906,3720,8.90442,1,-6.243,-2.772,-4.378,0,-8.793,32.29,1.598,27.79,4.589
235.60,236.87,240.20,1,13.61763,1,e_rec,cross-domain,0.0000,1.0000,3322.906,3320,9.61763,1,-6.243,-2.772,-4.378,0,-8.793,33.08,1.359,32.97,50
236.00,237.27,240.20,1,14.61956,1,e_rec,cross-domain,0.0000,1.0000,2922.906,2920,10.61956,1,-6.243,-2.772,-4.378,0,-8.793,36.44,1.548,34.74,36.6
236.40,237.67,240.20,1,17.07264,1,e_rec,cross-domain,0.0000,1.0000,2522.906,2520,13.07264,1,-6.243,-2.772,-4.378,0,-8.793,38.09,0.9879,40,7.511
236.80,238.07,240.20,1,18.46190,1,e_rec,cross-domain,0.0000,1.0000,2122.906,2120,14.46190,1,-6.243,-2.772,-4.378,0,-8.793,40.74,1.329,46.92,50
237.20,238.47,240.20,1,12.51008,1,e_rec,cross-domain,0.0000,1.0000,1722.906,1720,8.51008,1,-6.243,-2.772,-4.378,0,-8.793,42.76,1.651,28.38,50
237.60,238.87,240.20,1,12.06913,1,e_rec,cross-domain,0.0000,1.0000,1322.906,1320,8.06913,1,-6.243,-2.772,-4.378,0,-8.793,39.96,1.763,24.32,5.37
238.00,239.27,240.20,1,8.82786,1,e_rec,cross-domain,0.0000,1.0000,922.906,920,4.82786,1,-6.243,-2.772,-4.378,0,-8.793,36.59,1.39,14.4,1.113
238.40,239.67,240.20,1,19.71140,1,e_rec,cross-domain,0.0000,1.0000,522.906,520,15.71140,1,-6.243,-2.772,-4.378,0,-8.793,33.66,1.079,50,26.26
238.80,240.07,240.20,1,8.00541,1,e_rec,cross-domain,0.0000,1.0000,122.906,120,4.00541,1,-6.243,-2.772,-4.378,0,-8.793,30.56,-0.1689,12.6,4.496
239.20,240.47,240.48,1,2.49229,1,|r_qp|,cross-domain,0.0000,0.7812,4.155,0,-0.63271,0,-6.243,-2.772,-4.378,0,-8.793,23.06,-0.4149,-1.135,-0.6196
239.60,240.87,240.88,1,1.17803,1,|r_qp|,cross-domain,0.0000,0.4688,3.630,0,-0.69697,0,-6.243,-2.772,-4.378,0,-8.793,13.01,0.2155,1.249,16.72
240.00,241.27,241.28,1,-0.75016,0,|r_qp|,cross-domain,0.0000,0.1562,3.781,0,-1.37516,0,-6.243,-2.772,-4.378,0,-8.793,3.651,-0.04248,-0.8527,-0.1024
240.40,241.67,241.68,1,-1.65635,0,|r_qp|,cross-domain,0.0000,0.0000,3.529,0,-1.65635,0,-6.243,-2.772,-4.378,0,-8.793,0.315,-0.2382,-1.385,-0.9282
240.80,242.07,242.08,1,-0.79993,0,|r_qp|,cross-domain,0.0000,0.0000,3.718,0,-0.79993,0,-6.243,-2.772,-4.378,0,-8.793,-0.2297,-0.0845,2.656,18.03
241.20,242.47,242.48,1,-1.62208,0,|r_qp|,cross-domain,0.0000,0.0000,3.573,0,-1.62208,0,-6.243,-2.772,-4.378,0,-8.793,0.1235,-0.4309,-1.121,1.488
241.60,242.87,242.88,1,-1.68489,0,|r_qp|,cross-domain,0.0000,0.0000,3.456,0,-1.68489,0,-6.243,-2.772,-4.378,0,-8.793,-0.502,-0.3753,-1.377,-0.7078
242.00,243.27,243.28,1,-1.23306,0,|r_qp|,cross-domain,0.0000,0.0000,3.001,0,-1.23306,0,-6.243,-2.772,-4.378,0,-8.793,-0.572,0.1942,1.639,21.32
242.40,243.67,243.68,1,-1.56869,0,|r_qp|,cross-domain,0.0000,0.0000,3.999,0,-1.56869,0,-6.243,-2.772,-4.378,0,-8.793,-0.7363,-0.06523,-0.8503,0.5379
242.80,244.07,244.08,1,-1.57637,0,|r_qp|,cross-domain,0.0000,0.0000,3.849,0,-1.57637,0,-6.243,-2.772,-4.378,0,-8.793,-1.169,-0.3816,-0.9483,-0.5571
243.20,244.47,244.48,1,-0.26023,1,|r_qp|,cross-domain,0.0000,0.0000,3.630,0,-0.26023,1,-6.243,-2.772,-4.378,0,-8.793,0.05408,-0.2958,4.67,24.16
243.60,244.87,244.88,1,-1.59759,0,|r_qp|,cross-domain,0.0000,0.0000,3.549,0,-1.59759,0,-6.243,-2.772,-4.378,0,-8.793,0.5467,-0.4186,-1.122,1.134
244.00,245.27,245.28,1,-1.59765,0,|r_qp|,cross-domain,0.0000,0.0000,3.566,0,-1.59765,0,-6.243,-2.772,-4.378,0,-8.793,1.297,-0.4015,-1.321,-0.4075
244.40,245.67,245.68,1,-1.04454,0,|r_qp|,cross-domain,0.0000,0.0000,3.482,0,-1.04454,0,-6.243,-2.772,-4.378,0,-8.793,1.328,0.02605,2.151,24.24
244.80,246.07,246.08,1,-1.59354,0,|r_qp|,cross-domain,0.0000,0.0000,3.462,0,-1.59354,0,-6.243,-2.772,-4.378,0,-8.793,0.8936,-0.1639,-1.181,0.1053
245.20,246.47,246.48,1,-1.58701,0,|r_qp|,cross-domain,0.0000,0.0000,4.055,0,-1.58701,0,-6.243,-2.772,-4.378,0,-8.793,0.09864,-0.1486,-1.081,-0.245
245.60,246.87,246.88,1,-1.57228,0,|r_qp|,cross-domain,0.0000,0.0000,3.695,0,-1.57228,0,-6.243,-2.772,-4.378,0,-8.793,-0.5792,0.4491,0.5224,19.64
246.00,247.27,247.28,1,-1.36896,0,|r_qp|,cross-domain,0.0000,0.0000,3.718,0,-1.36896,0,-6.243,-2.772,-4.378,0,-8.793,-0.8042,0.5128,-0.1626,0.02575
246.40,247.67,247.68,1,-1.48890,0,|r_qp|,cross-domain,0.0000,0.0000,3.601,0,-1.48890,0,-6.243,-2.772,-4.378,0,-8.793,1.06,0.3622,-0.8278,-0.4457
246.80,248.07,248.08,1,-0.92674,0,|r_qp|,cross-domain,0.0000,0.0000,3.537,0,-0.92674,0,-6.243,-2.772,-4.378,0,-8.793,2.446,0.6205,2.125,19.19
247.20,248.47,248.48,1,-1.30070,0,|r_qp|,cross-domain,0.0000,0.0000,3.542,0,-1.30070,0,-6.243,-2.772,-4.378,0,-8.793,2.409,0.06975,-0.411,0.4025
247.60,248.87,248.88,1,-1.65188,0,|r_qp|,cross-domain,0.0000,0.0000,3.507,0,-1.65188,0,-6.243,-2.772,-4.378,0,-8.793,0.8775,0.1193,-1.311,0.09678
248.00,249.27,249.28,1,-1.43292,0,|r_qp|,cross-domain,0.0000,0.0000,3.524,0,-1.43292,0,-6.243,-2.772,-4.378,0,-8.793,-0.3239,0.722,0.9543,19.47
248.40,249.67,249.68,1,-1.61794,0,|r_qp|,cross-domain,0.0000,0.0000,4.053,0,-1.61794,0,-6.243,-2.772,-4.378,0,-8.793,-0.3688,1.081,-0.9194,-0.4241
248.80,250.07,250.08,1,-1.75963,0,|r_qp|,cross-domain,0.0000,0.0000,3.572,0,-1.75963,0,-6.243,-2.772,-4.378,0,-8.793,-0.579,0.751,-1.391,-0.4989
249.20,250.47,250.48,1,-1.05201,0,|r_qp|,cross-domain,0.0000,0.0000,4.013,0,-1.05201,0,-6.243,-2.772,-4.378,0,-8.793,-0.8154,0.974,2.409,22.02
249.60,250.87,250.88,1,-0.77224,0,|r_qp|,cross-domain,0.0000,0.0000,3.662,0,-0.77224,0,-6.243,-2.772,-4.378,0,-8.793,-1.096,0.1201,1.777,1.91
250.00,251.27,251.28,1,-1.73599,0,|r_qp|,cross-domain,0.0000,0.0000,3.555,0,-1.73599,0,-6.243,-2.772,-4.378,0,-8.793,-1.097,0.4098,-1.265,0.1636
250.40,251.67,251.68,1,-1.72195,0,|r_qp|,cross-domain,0.0000,0.0000,3.514,0,-1.72195,0,-6.243,-2.772,-4.378,0,-8.793,-0.6363,0.8962,0.1921,20.33
250.80,252.07,252.08,1,-1.18557,0,|r_qp|,cross-domain,0.0000,0.0000,3.536,0,-1.18557,0,-6.243,-2.772,-4.378,0,-8.793,-0.2398,1.161,0.5165,1.115
251.20,252.47,252.48,1,-1.48665,0,|r_qp|,cross-domain,0.0000,0.0000,2.978,0,-1.48665,0,-6.243,-2.772,-4.378,0,-8.793,0.7357,0.7551,-0.7041,-0.324
251.60,252.87,252.88,1,-1.31479,0,|r_qp|,cross-domain,0.0000,0.0000,4.036,0,-1.31479,0,-6.243,-2.772,-4.378,0,-8.793,0.9028,1.068,0.734,12.4
252.00,253.27,253.28,1,-1.47431,0,|r_qp|,cross-domain,0.0000,0.0000,3.587,0,-1.47431,0,-6.243,-2.772,-4.378,0,-8.793,0.8675,1.333,-0.5339,0.4055
252.40,253.67,253.68,1,-1.71356,0,|r_qp|,cross-domain,0.0000,0.0000,3.692,0,-1.71356,0,-6.243,-2.772,-4.378,0,-8.793,-0.09423,1.399,-1.17,-0.0591
252.80,254.07,254.08,1,-1.36582,0,|r_qp|,cross-domain,0.0000,0.0000,3.530,0,-1.36582,0,-6.243,-2.772,-4.378,0,-8.793,-0.4972,1.923,1.326,18.57
253.20,254.47,254.48,1,-1.28857,0,|r_qp|,cross-domain,0.0000,0.0000,3.544,0,-1.28857,0,-6.243,-2.772,-4.378,0,-8.793,-0.4654,1.492,0.2177,0.1479
253.60,254.87,254.88,1,-1.53742,0,|r_qp|,cross-domain,0.0000,0.0000,3.427,0,-1.53742,0,-6.243,-2.772,-4.378,0,-8.793,1.163,1.086,-0.863,-0.3892
254.00,255.27,255.28,1,-1.30540,0,|r_qp|,cross-domain,0.0000,0.0000,3.504,0,-1.30540,0,-6.243,-2.772,-4.378,0,-8.793,2.304,1.259,1.03,18.39
254.40,255.67,255.68,1,-1.43527,0,|r_qp|,cross-domain,0.0000,0.0000,4.110,0,-1.43527,0,-6.243,-2.772,-4.378,0,-8.793,2.277,0.5539,-0.7075,0.6769
254.80,256.07,256.08,1,-1.67447,0,|r_qp|,cross-domain,0.0000,0.0000,3.595,0,-1.67447,0,-6.243,-2.772,-4.378,0,-8.793,0.9316,0.4713,-1.364,-0.4332
255.20,256.47,256.48,1,-1.29633,0,|r_qp|,cross-domain,0.0000,0.0000,3.639,0,-1.29633,0,-6.243,-2.772,-4.378,0,-8.793,-0.009469,1.147,1.161,15.88
255.60,256.87,256.88,1,-1.68556,0,|r_qp|,cross-domain,0.0000,0.0000,3.589,0,-1.68556,0,-6.243,-2.772,-4.378,0,-8.793,0.1281,1.198,-1.165,-0.3345
256.00,257.27,257.28,1,-1.70361,0,|r_qp|,cross-domain,0.0000,0.0000,3.505,0,-1.70361,0,-6.243,-2.772,-4.378,0,-8.793,-0.2492,0.7536,-1.269,-0.632
256.40,257.67,257.68,1,-1.11799,0,|r_qp|,cross-domain,0.0000,0.0000,3.517,0,-1.11799,0,-6.243,-2.772,-4.378,0,-8.793,-0.6286,0.7729,2.168,22.31
256.80,258.07,258.08,1,-1.30307,0,|r_qp|,cross-domain,0.0000,0.0000,3.444,0,-1.30307,0,-6.243,-2.772,-4.378,0,-8.793,-0.9563,-0.1984,-0.03354,0.4322
257.20,258.47,258.48,1,-1.50658,0,|r_qp|,cross-domain,0.0000,0.0000,3.545,0,-1.50658,0,-6.243,-2.772,-4.378,0,-8.793,0.2316,-0.5923,-0.962,-0.7683
257.60,258.87,258.88,1,-1.31008,0,|r_qp|,cross-domain,0.0000,0.0000,3.846,0,-1.31008,0,-6.243,-2.772,-4.378,0,-8.793,1.085,-0.1796,1.101,20.94
258.00,259.27,259.28,1,-1.56381,0,|r_qp|,cross-domain,0.0000,0.0000,3.501,0,-1.56381,0,-6.243,-2.772,-4.378,0,-8.793,1.209,-0.3386,-1.18,-0.1957
258.40,259.67,259.68,1,-1.57393,0,|r_qp|,cross-domain,0.0000,0.0000,3.484,0,-1.57393,0,-6.243,-2.772,-4.378,0,-8.793,0.3814,-0.4522,-1.164,-0.7534
258.80,260.07,260.08,1,-1.25793,0,|r_qp|,cross-domain,0.0000,0.0000,3.569,0,-1.25793,0,-6.243,-2.772,-4.378,0,-8.793,-0.6161,-0.2985,1.824,26.25
259.20,260.47,260.48,1,-1.46911,0,|r_qp|,cross-domain,0.0000,0.0000,3.465,0,-1.46911,0,-6.243,-2.772,-4.378,0,-8.793,-0.1259,-0.5984,-0.7637,-0.2113
259.60,260.87,260.88,1,-1.45915,0,|r_qp|,cross-domain,0.0000,0.0000,3.476,0,-1.45915,0,-6.243,-2.772,-4.378,0,-8.793,0.5209,-0.6652,-0.849,-0.5339
260.00,261.27,261.28,1,-1.55878,0,|r_qp|,cross-domain,0.0000,0.0000,3.452,0,-1.55878,0,-6.243,-2.772,-4.378,0,-8.793,0.9037,-0.3011,0.7295,26.64
260.40,261.67,261.68,1,-1.37529,0,|r_qp|,cross-domain,0.0000,0.0000,3.529,0,-1.37529,0,-6.243,-2.772,-4.378,0,-8.793,0.6407,-0.2998,-0.4957,0.1582
260.80,262.07,262.08,1,-1.45922,0,|r_qp|,cross-domain,0.0000,0.0000,3.467,0,-1.45922,0,-6.243,-2.772,-4.378,0,-8.793,0.4565,-0.3896,-0.7869,-0.4316
261.20,262.47,262.48,1,-0.84278,0,|r_qp|,cross-domain,0.0000,0.0000,3.442,0,-0.84278,0,-6.243,-2.772,-4.378,0,-8.793,0.5271,-0.02368,2.573,19.99
261.60,262.87,262.88,1,-1.49527,0,|r_qp|,cross-domain,0.0000,0.0000,3.600,0,-1.49527,0,-6.243,-2.772,-4.378,0,-8.793,0.7263,-0.1822,-0.8757,-0.1225
262.00,263.27,263.28,1,-1.66937,0,|r_qp|,cross-domain,0.0000,0.0000,3.498,0,-1.66937,0,-6.243,-2.772,-4.378,0,-8.793,0.2566,-0.244,-1.387,-0.4659
262.40,263.67,263.68,1,-0.73584,0,|r_qp|,cross-domain,0.0000,0.0000,3.553,0,-0.73584,0,-6.243,-2.772,-4.378,0,-8.793,-0.577,0.3281,3.259,22.24
262.80,264.07,264.08,1,-1.64186,0,|r_qp|,cross-domain,0.0000,0.0000,3.476,0,-1.64186,0,-6.243,-2.772,-4.378,0,-8.793,-0.3594,0.0533,-1.171,-0.442
263.20,264.47,264.48,1,-1.60098,0,|r_qp|,cross-domain,0.0000,0.0000,3.473,0,-1.60098,0,-6.243,-2.772,-4.378,0,-8.793,-0.4281,-0.2608,-1.097,-0.5438
263.60,264.87,264.88,1,-1.16711,0,|r_qp|,cross-domain,0.0000,0.0000,3.602,0,-1.16711,0,-6.243,-2.772,-4.378,0,-8.793,-0.2344,-0.3643,2.234,29.01
264.00,265.27,265.28,1,-1.50102,0,|r_qp|,cross-domain,0.0000,0.0000,3.680,0,-1.50102,0,-6.243,-2.772,-4.378,0,-8.793,-0.4515,-0.6189,-0.819,-0.1375
264.40,265.67,265.68,1,-1.54045,0,|r_qp|,cross-domain,0.0000,0.0000,3.525,0,-1.54045,0,-6.243,-2.772,-4.378,0,-8.793,0.1802,-0.8281,-1.059,-0.1653
264.80,266.07,266.08,1,-0.88916,0,|r_qp|,cross-domain,0.0000,0.0000,3.443,0,-0.88916,0,-6.243,-2.772,-4.378,0,-8.793,1.018,-0.4158,2.738,26.33
265.20,266.47,266.48,1,-1.14632,0,|r_qp|,cross-domain,0.0000,0.0000,3.453,0,-1.14632,0,-6.243,-2.772,-4.378,0,-8.793,1.575,-0.5475,-0.008588,-0.6755
265.60,266.87,266.88,1,-1.48059,0,|r_qp|,cross-domain,0.0000,0.0000,3.515,0,-1.48059,0,-6.243,-2.772,-4.378,0,-8.793,1.873,-0.4935,-1.046,-0.359
266.00,267.27,267.28,1,-1.77568,0,|r_qp|,cross-domain,0.0000,0.0000,3.491,0,-1.77568,0,-6.243,-2.772,-4.378,0,-8.793,1.323,-0.2032,0.4728,33.16
266.40,267.67,267.68,1,-1.50230,0,|r_qp|,cross-domain,0.0000,0.0000,3.428,0,-1.50230,0,-6.243,-2.772,-4.378,0,-8.793,1.143,-0.1911,-0.9977,-0.7874
266.80,268.07,268.08,-1,-1.51008,0,|r_qp|,cross-domain,0.0000,0.0000,3.511,0,-1.51008,0,-6.243,-2.772,-4.378,0,-8.793,0.5747,-0.5348,-0.9768,-0.3337
267.20,268.47,268.48,-1,-1.02727,0,|r_qp|,cross-domain,0.0000,0.0000,3.476,0,-1.02727,0,-6.243,-2.772,-4.378,0,-8.793,0.2896,-0.2546,2.488,27.13
267.60,268.87,268.88,-1,-1.37487,0,|r_qp|,cross-domain,0.0000,0.0000,3.505,0,-1.37487,0,-6.243,-2.772,-4.378,0,-8.793,0.2401,-0.564,-0.5446,-0.6556
268.00,269.27,269.28,-1,-1.51837,0,|r_qp|,cross-domain,0.0000,0.0000,3.426,0,-1.51837,0,-6.243,-2.772,-4.378,0,-8.793,0.572,-0.5028,-0.9658,0.1119
268.40,269.67,269.68,-1,-0.37187,1,|r_qp|,cross-domain,0.0000,0.0000,3.588,0,-0.37187,1,-6.243,-2.772,-4.378,0,-8.793,1.106,0.04546,4.026,20.91
268.80,270.07,270.08,-1,-1.50441,0,|r_qp|,cross-domain,0.0000,0.0000,3.553,0,-1.50441,0,-6.243,-2.772,-4.378,0,-8.793,1.358,-0.2862,-1.018,-0.3509
269.20,270.47,270.48,-1,-1.55631,0,|r_qp|,cross-domain,0.0000,0.0000,3.579,0,-1.55631,0,-6.243,-2.772,-4.378,0,-8.793,1.064,-0.5456,-1.189,-0.4146
269.60,270.87,270.88,-1,-1.25652,0,|r_qp|,cross-domain,0.0000,0.0000,3.509,0,-1.25652,0,-6.243,-2.772,-4.378,0,-8.793,0.2247,-0.422,1.821,28.01
270.00,271.27,271.28,-1,-1.53335,0,|r_qp|,cross-domain,0.0000,0.0000,3.495,0,-1.53335,0,-6.243,-2.772,-4.378,0,-8.793,0.05809,-0.6462,-1.039,-0.8796
270.40,271.67,271.68,-1,-1.65546,0,|r_qp|,cross-domain,0.0000,0.0000,3.421,0,-1.65546,0,-6.243,-2.772,-4.378,0,-8.793,-0.6365,-0.6434,-1.284,-0.2594
270.80,272.07,272.08,-1,-1.84376,0,|r_qp|,cross-domain,0.0000,0.0000,3.461,0,-1.84376,0,-6.243,-2.772,-4.378,0,-8.793,-0.4488,-0.1852,0.6435,35.36
271.20,272.47,272.48,-1,-1.28151,0,|r_qp|,cross-domain,0.0000,0.0000,3.503,0,-1.28151,0,-6.243,-2.772,-4.378,0,-8.793,-0.2125,-0.001494,-0.1018,-0.6366
271.60,272.87,272.88,-1,-1.47302,0,|r_qp|,cross-domain,0.0000,0.0000,3.624,0,-1.47302,0,-6.243,-2.772,-4.378,0,-8.793,1.108,-0.08249,-0.8068,0.3408
272.00,273.27,273.28,-1,-1.39738,0,|r_qp|,cross-domain,0.0000,0.0000,3.537,0,-1.39738,0,-6.243,-2.772,-4.378,0,-8.793,2.104,0.07721,1.409,30.57
272.40,273.67,273.68,-1,-1.29216,0,|r_qp|,cross-domain,0.0000,0.0000,3.559,0,-1.29216,0,-6.243,-2.772,-4.378,0,-8.793,2.314,-0.4722,-0.5422,-0.7162
272.80,274.07,274.08,-1,-1.48491,0,|r_qp|,cross-domain,0.0000,0.0000,3.606,0,-1.48491,0,-6.243,-2.772,-4.378,0,-8.793,1.664,-0.7336,-1.064,-0.2226
273.20,274.47,274.48,-1,-0.75207,0,|r_qp|,cross-domain,0.0000,0.0000,3.435,0,-0.75207,0,-6.243,-2.772,-4.378,0,-8.793,0.6112,-0.4835,2.968,22.96
273.60,274.87,274.88,-1,-1.53333,0,|r_qp|,cross-domain,0.0000,0.0000,3.713,0,-1.53333,0,-6.243,-2.772,-4.378,0,-8.793,0.3341,-0.452,-1.038,-0.8302
274.00,275.27,275.28,-1,-1.65488,0,|r_qp|,cross-domain,0.0000,0.0000,3.491,0,-1.65488,0,-6.243,-2.772,-4.378,0,-8.793,-0.2354,-0.1954,-1.257,-0.2659
274.40,275.67,275.68,-1,-1.33030,0,|r_qp|,cross-domain,0.0000,0.0000,3.470,0,-1.33030,0,-6.243,-2.772,-4.378,0,-8.793,-0.2234,0.321,1.75,27.61
274.80,276.07,276.08,-1,-1.51969,0,|r_qp|,cross-domain,0.0000,0.0000,3.481,0,-1.51969,0,-6.243,-2.772,-4.378,0,-8.793,-0.1916,0.02408,-0.8054,-0.2175
275.20,276.47,276.48,-1,-1.52246,0,|r_qp|,cross-domain,0.0000,0.0000,3.390,0,-1.52246,0,-6.243,-2.772,-4.378,0,-8.793,0.5893,-0.3009,-0.9387,0.2205
275.60,276.87,276.88,-1,-1.30608,0,|r_qp|,cross-domain,0.0000,0.0000,3.474,0,-1.30608,0,-6.243,-2.772,-4.378,0,-8.793,1.532,-0.3296,1.65,29.92
276.00,277.27,277.28,-1,-1.15463,0,|r_qp|,cross-domain,0.0000,0.0000,3.513,0,-1.15463,0,-6.243,-2.772,-4.378,0,-8.793,1.935,-0.5606,-0.08393,-0.6992
276.40,277.67,277.68,-1,-1.51372,0,|r_qp|,cross-domain,0.0000,0.0000,3.490,0,-1.51372,0,-6.243,-2.772,-4.378,0,-8.793,2.165,-0.3674,-1.148,-0.1239
276.80,278.07,278.08,-1,-1.17228,0,|r_qp|,cross-domain,0.0000,0.0000,3.514,0,-1.17228,0,-6.243,-2.772,-4.378,0,-8.793,1.678,0.1031,2.075,29.31
277.20,278.47,278.48,-1,-1.54197,0,|r_qp|,cross-domain,0.0000,0.0000,3.440,0,-1.54197,0,-6.243,-2.772,-4.378,0,-8.793,1.157,-0.0473,-1.1,-0.8302
277.60,278.87,278.88,-1,-1.28223,0,|r_qp|,cross-domain,0.0000,0.0000,3.447,0,-1.28223,0,-6.243,-2.772,-4.378,0,-8.793,-0.1999,0.04615,-0.05207,0.02291
278.00,279.27,279.28,-1,-1.91251,0,|r_qp|,cross-domain,0.0000,0.0000,3.534,0,-1.91251,0,-6.243,-2.772,-4.378,0,-8.793,-0.708,0.7271,0.6563,35.88
278.40,279.67,279.68,-1,-1.43405,0,|r_qp|,cross-domain,0.0000,0.0000,3.474,0,-1.43405,0,-6.243,-2.772,-4.378,0,-8.793,-0.5434,1.115,-0.3346,-0.5688
278.80,280.07,280.08,-1,-1.44171,0,|r_qp|,cross-domain,0.0000,0.0000,3.484,0,-1.44171,0,-6.243,-2.772,-4.378,0,-8.793,0.9661,1.112,-0.4833,0.4123
279.20,280.47,280.48,-1,-1.48723,0,|r_qp|,cross-domain,0.0000,0.0000,3.828,0,-1.48723,0,-6.243,-2.772,-4.378,0,-8.793,2.17,1.426,1.253,29.1
279.60,280.87,280.88,-1,-1.42957,0,|r_qp|,cross-domain,0.0000,0.0000,3.529,0,-1.42957,0,-6.243,-2.772,-4.378,0,-8.793,2.388,1.082,-0.7006,-0.5838
280.00,281.27,281.28,-1,-1.36463,0,|r_qp|,cross-domain,0.0000,0.0000,3.492,0,-1.36463,0,-6.243,-2.772,-4.378,0,-8.793,1.991,2.512,-0.127,0.5604
280.40,281.67,281.68,-1,-1.97465,0,|r_qp|,cross-domain,0.0000,0.0000,3.426,0,-1.97465,0,-6.243,-2.772,-4.378,0,-8.793,1.322,3.7,0.5552,33.58
280.80,282.07,282.08,-1,-1.75847,0,|r_qp|,cross-domain,0.0000,0.0000,3.527,0,-1.75847,0,-6.243,-2.772,-4.378,0,-8.793,0.9616,4.233,-1.008,-0.7737
281.20,282.47,282.48,-1,-1.48405,0,|r_qp|,cross-domain,0.0000,0.0000,3.537,0,-1.48405,0,-6.243,-2.772,-4.378,0,-8.793,-0.1843,4.351,0.08338,0.3775
281.60,282.87,282.88,-1,-2.15430,0,|r_qp|,cross-domain,0.0000,0.0000,3.429,0,-2.15430,0,-6.243,-2.772,-4.378,0,-8.793,-0.5149,4.711,1.126,44
282.00,283.27,283.28,-1,-1.66326,0,|r_qp|,cross-domain,0.0000,0.0000,3.560,0,-1.66326,0,-6.243,-2.772,-4.378,0,-8.793,-0.3016,4.297,-0.5312,-0.607
282.40,283.67,283.68,-1,-1.59089,0,|r_qp|,cross-domain,0.0000,0.0000,4.616,0,-1.59089,0,-6.243,-2.772,-4.378,0,-8.793,1.186,3.206,-0.6053,0.5328
282.80,284.07,284.08,-1,-1.72888,0,|r_qp|,cross-domain,0.0000,0.0000,3.437,0,-1.72888,0,-6.243,-2.772,-4.378,0,-8.793,2.415,2.339,1.125,36.25
283.20,284.47,284.48,-1,-1.32766,0,|r_qp|,cross-domain,0.0000,0.0000,3.492,0,-1.32766,0,-6.243,-2.772,-4.378,0,-8.793,2.78,1.698,-0.3299,-0.5636
283.60,284.87,284.88,-1,-1.42035,0,|r_qp|,cross-domain,0.0000,0.0000,3.448,0,-1.42035,0,-6.243,-2.772,-4.378,0,-8.793,2.956,3.003,-0.3707,0.0823
284.00,285.27,285.28,-1,-1.93399,0,|r_qp|,cross-domain,0.0000,0.0000,3.502,0,-1.93399,0,-6.243,-2.772,-4.378,0,-8.793,2.318,3.956,0.8665,37.48
284.40,285.67,285.68,-1,-1.59514,0,|r_qp|,cross-domain,0.0000,0.0000,3.457,0,-1.59514,0,-6.243,-2.772,-4.378,0,-8.793,1.805,4.005,-0.6626,-0.9457
284.80,286.07,286.08,-1,-1.62573,0,|r_qp|,cross-domain,0.0000,0.0000,3.414,0,-1.62573,0,-6.243,-2.772,-4.378,0,-8.793,1.011,2.322,-0.8797,-0.02539
285.20,286.47,286.48,-1,-1.42528,0,|r_qp|,cross-domain,0.0000,0.0000,3.467,0,-1.42528,0,-6.243,-2.772,-4.378,0,-8.793,0.4016,1.069,1.539,28.1
285.60,286.87,286.88,-1,-1.21829,0,|r_qp|,cross-domain,0.0000,0.0000,3.433,0,-1.21829,0,-6.243,-2.772,-4.378,0,-8.793,0.4677,-0.2188,-0.03342,-0.6767
286.00,287.27,287.28,-1,-1.40454,0,|r_qp|,cross-domain,0.0000,0.0000,3.508,0,-1.40454,0,-6.243,-2.772,-4.378,0,-8.793,1.181,-0.01696,-0.594,0.3376
286.40,287.67,287.68,-1,-1.38136,0,|r_qp|,cross-domain,0.0000,0.0000,3.490,0,-1.38136,0,-6.243,-2.772,-4.378,0,-8.793,2.169,0.3734,1.363,28.57
286.80,288.07,288.08,-1,-1.19288,0,|r_qp|,cross-domain,0.0000,0.0000,3.462,0,-1.19288,0,-6.243,-2.772,-4.378,0,-8.793,2.397,0.368,-0.1087,-0.7956
287.20,288.47,288.48,-1,-1.60010,0,|r_qp|,cross-domain,0.0000,0.0000,3.509,0,-1.60010,0,-6.243,-2.772,-4.378,0,-8.793,1.716,0.3371,-1.231,-0.04852
287.60,288.87,288.88,-1,-1.16279,0,|r_qp|,cross-domain,0.0000,0.0000,3.426,0,-1.16279,0,-6.243,-2.772,-4.378,0,-8.793,0.5459,0.4708,2.275,28.78
288.00,289.27,289.28,-1,-1.55763,0,|r_qp|,cross-domain,0.0000,0.0000,3.547,0,-1.55763,0,-6.243,-2.772,-4.378,0,-8.793,0.3874,-0.1492,-1.068,-0.8381
288.40,289.67,289.68,-1,-1.23052,0,|r_qp|,cross-domain,0.0000,0.0000,3.626,0,-1.23052,0,-6.243,-2.772,-4.378,0,-8.793,-0.2676,0.5036,0.2215,0.4208
288.80,290.07,290.08,-1,-2.03492,0,|r_qp|,cross-domain,0.0000,0.0000,3.422,0,-2.03492,0,-6.243,-2.772,-4.378,0,-8.793,-0.3826,1.5,0.9692,44.59
289.20,290.47,290.48,-1,-1.64055,0,|r_qp|,cross-domain,0.0000,0.0000,3.528,0,-1.64055,0,-6.243,-2.772,-4.378,0,-8.793,-0.5487,2.173,-0.7994,-0.7085
289.60,290.87,290.88,-1,-1.59643,0,|r_qp|,cross-domain,0.0000,0.0000,3.432,0,-1.59643,0,-6.243,-2.772,-4.378,0,-8.793,0.2719,1.841,-0.7222,0.7766
290.00,291.27,291.28,-1,-2.00742,0,|r_qp|,cross-domain,0.0000,0.0000,3.547,0,-2.00742,0,-6.243,-2.772,-4.378,0,-8.793,1.131,1.804,0.6427,40.66
290.40,291.67,291.68,-1,-1.49776,0,|r_qp|,cross-domain,0.0000,0.0000,3.423,0,-1.49776,0,-6.243,-2.772,-4.378,0,-8.793,1.506,1.472,-0.7382,-0.6751
290.80,292.07,292.08,-1,-1.48182,0,|r_qp|,cross-domain,0.0000,0.0000,3.578,0,-1.48182,0,-6.243,-2.772,-4.378,0,-8.793,1.657,2.549,-0.457,0.3045
291.20,292.47,292.48,-1,-2.08293,0,|r_qp|,cross-domain,0.0000,0.0000,3.500,0,-2.08293,0,-6.243,-2.772,-4.378,0,-8.793,1.148,3.449,0.2657,34.52
291.60,292.87,292.88,-1,-1.66789,0,|r_qp|,cross-domain,0.0000,0.0000,3.437,0,-1.66789,0,-6.243,-2.772,-4.378,0,-8.793,0.9946,3.759,-0.8142,-0.7789
292.00,293.27,293.28,-1,-1.66204,0,|r_qp|,cross-domain,0.0000,0.0000,3.405,0,-1.66204,0,-6.243,-2.772,-4.378,0,-8.793,0.09999,3.305,-0.705,0.01479
292.40,293.67,293.68,-1,-2.11730,0,|r_qp|,cross-domain,0.0000,0.0000,3.498,0,-2.11730,0,-6.243,-2.772,-4.378,0,-8.793,-0.2281,3.693,0.6685,38.76
292.80,294.07,294.08,-1,-1.67668,0,|r_qp|,cross-domain,0.0000,0.0000,3.475,0,-1.67668,0,-6.243,-2.772,-4.378,0,-8.793,-0.2083,3.539,-0.7174,-0.6604
293.20,294.47,294.48,-1,-1.24561,0,|r_qp|,cross-domain,0.0000,0.0000,3.489,0,-1.24561,0,-6.243,-2.772,-4.378,0,-8.793,0.6414,3.434,0.5982,0.9819
293.60,294.87,294.88,-1,-1.89889,0,|r_qp|,cross-domain,0.0000,0.0000,3.438,0,-1.89889,0,-6.243,-2.772,-4.378,0,-8.793,1.484,3.077,0.8572,36.41
294.00,295.27,295.28,-1,-1.43879,0,|r_qp|,cross-domain,0.0000,0.0000,3.454,0,-1.43879,0,-6.243,-2.772,-4.378,0,-8.793,1.731,2.355,-0.4457,-0.8387
294.40,295.67,295.68,-1,-1.71204,0,|r_qp|,cross-domain,0.0000,0.0000,3.526,0,-1.71204,0,-6.243,-2.772,-4.378,0,-8.793,1.162,1.911,-1.228,0.08167
294.80,296.07,296.08,-1,-1.78881,0,|r_qp|,cross-domain,0.0000,0.0000,3.454,0,-1.78881,0,-6.243,-2.772,-4.378,0,-8.793,0.2699,0.951,0.7476,32.92
295.20,296.47,296.48,-1,-1.61597,0,|r_qp|,cross-domain,0.0000,0.0000,3.729,0,-1.61597,0,-6.243,-2.772,-4.378,0,-8.793,-0.01728,0.08109,-1.158,-0.8518
295.60,296.87,296.88,-1,-1.39743,0,|r_qp|,cross-domain,0.0000,0.0000,3.435,0,-1.39743,0,-6.243,-2.772,-4.378,0,-8.793,-0.6864,1.678,-0.05351,0.2123
296.00,297.27,297.28,-1,-2.11150,0,|r_qp|,cross-domain,0.0000,0.0000,3.806,0,-2.11150,0,-6.243,-2.772,-4.378,0,-8.793,-0.679,3.988,1.031,42.19
296.40,297.67,297.68,-1,-1.53549,0,|r_qp|,cross-domain,0.0000,0.0000,3.555,0,-1.53549,0,-6.243,-2.772,-4.378,0,-8.793,-0.5122,5.031,0.00946,-0.6855
296.80,298.07,298.08,-1,-1.72586,0,|r_qp|,cross-domain,0.0000,0.0000,3.453,0,-1.72586,0,-6.243,-2.772,-4.378,0,-8.793,0.7032,3.23,-0.9821,0.1509
297.20,298.47,298.48,-1,-1.73196,0,|r_qp|,cross-domain,0.0000,0.0000,3.497,0,-1.73196,0,-6.243,-2.772,-4.378,0,-8.793,1.764,1.528,0.7418,31.63
297.60,298.87,298.88,0,-1.36523,0,|r_qp|,cross-domain,0.0000,0.0000,3.439,0,-1.36523,0,-6.243,-2.772,-4.378,0,-8.793,2.077,0.2271,-0.6178,-0.7159
298.00,299.27,299.28,0,-1.38086,0,|r_qp|,cross-domain,0.0000,0.0000,3.448,0,-1.38086,0,-6.243,-2.772,-4.378,0,-8.793,1.987,0.07546,-0.5994,0.4613
298.40,299.67,299.68,0,-1.55583,0,|r_qp|,cross-domain,0.0000,0.0000,3.469,0,-1.55583,0,-6.243,-2.772,-4.378,0,-8.793,1.306,-0.01423,0.9593,29.88
