t_s,phase,proc_cpu_pct,proc_rss_MiB,sys_cpu_pct,sys_mem_used_MiB,ram_used_MiB,gpu_load_pct,vdd_in_mW,vdd_cpu_gpu_cv_mW,vdd_soc_mW,cpu_temp_C,tj_temp_C
0.506,calibration,99.2,146.03125,21.9,1976.19140625,,,,,,,
1.008,calibration,99.6,162.53515625,17.9,1985.28515625,2107.0,0.0,4052.0,1003.0,1083.0,44.843,44.906
1.510,features,101.7,162.56640625,19.2,1996.8515625,2117.0,0.0,4019.0,1003.0,1083.0,44.906,45.156
2.026,features,98.9,180.5859375,17.3,2016.35546875,2128.0,0.0,4093.0,1003.0,1083.0,44.843,45.093
2.528,features,99.5,193.9609375,17.0,2027.984375,2148.0,0.0,4059.0,1003.0,1083.0,44.781,45.0
3.030,features,101.7,223.0546875,17.6,2039.859375,2159.0,0.0,4019.0,963.0,1083.0,44.906,45.0
3.531,features,97.7,235.40234375,17.0,2051.2421875,2171.0,0.0,4019.0,963.0,1083.0,44.968,44.968
4.033,features,101.7,248.2578125,17.3,2067.85546875,2183.0,0.0,4059.0,963.0,1083.0,44.875,45.031
4.535,features,97.7,263.60546875,17.0,2081.9453125,2199.0,0.0,4059.0,1003.0,1083.0,44.906,45.156
5.036,features,101.7,258.078125,17.3,2095.296875,2213.0,0.0,4019.0,963.0,1123.0,44.75,45.031
5.538,features,99.6,289.52734375,17.0,2107.171875,2227.0,0.0,4019.0,963.0,1123.0,45.031,45.156
6.040,features,99.7,304.453125,17.3,2124.5234375,2238.0,0.0,4059.0,963.0,1083.0,44.937,45.031
6.541,features,97.7,312.3125,17.0,2132.08203125,2256.0,0.0,4059.0,1003.0,1083.0,44.906,45.093
7.043,features,101.7,311.25390625,17.6,2129.7734375,2251.0,0.0,4059.0,963.0,1083.0,44.781,45.187
7.545,train:DC1,97.6,420.15234375,17.0,2251.8203125,2275.0,0.0,4059.0,963.0,1123.0,44.812,45.093
8.046,train:DC1,99.7,421.671875,17.3,2250.55078125,2383.0,0.0,4019.0,963.0,1123.0,44.75,45.093
8.548,train:DC1,101.7,406.421875,17.5,2241.80859375,2382.0,0.0,4019.0,963.0,1123.0,44.937,44.968
9.050,train:DC1,99.7,387.171875,16.8,2214.3671875,2381.0,0.0,3979.0,963.0,1123.0,45.031,45.031
9.551,train:DC1,99.7,360.671875,16.7,2213.01171875,2368.0,0.0,4019.0,963.0,1123.0,44.968,44.968
10.053,train:DC1,99.6,420.17578125,18.2,2252.38671875,2344.0,0.0,4019.0,963.0,1123.0,44.968,44.968
10.555,train:DC1,99.6,421.67578125,17.3,2246.8125,2334.0,0.0,4019.0,963.0,1123.0,44.812,45.156
11.057,train:DC1,101.6,420.17578125,17.3,2245.9453125,2378.0,0.0,4019.0,963.0,1123.0,44.875,45.156
11.559,train:DC1,99.6,407.22265625,17.0,2237.2109375,2377.0,0.0,4019.0,963.0,1123.0,45.0,45.125
12.060,train:DC2,99.7,417.9296875,17.3,2244.2265625,2368.0,0.0,3979.0,963.0,1125.0,44.937,45.0
12.562,train:DC2,99.6,420.1796875,17.3,2244.2265625,2375.0,0.0,4059.0,963.0,1123.0,44.968,45.031
13.064,train:DC2,99.7,391.4375,17.3,2213.81640625,2375.0,0.0,4059.0,963.0,1123.0,44.875,45.156
13.565,train:DC2,101.7,368.5625,17.6,2211.25,2367.0,0.0,4019.0,963.0,1123.0,44.937,45.218
14.067,train:DC2,101.6,344.71484375,16.9,2190.16015625,2358.0,0.0,4019.0,963.0,1123.0,44.937,45.281
14.582,train:DC2,97.1,420.1875,17.3,2244.0546875,2348.0,0.0,4019.0,963.0,1123.0,44.875,45.062
15.084,train:DC2,99.6,421.6875,17.3,2242.94921875,2325.0,0.0,4019.0,963.0,1123.0,44.843,45.093
15.586,train:DC2,101.6,417.9375,17.3,2249.70703125,2374.0,0.0,4019.0,963.0,1123.0,44.781,45.031
16.087,train:DC2,97.7,400.23828125,16.5,2231.859375,2381.0,0.0,3979.0,963.0,1123.0,45.0,45.156
16.589,train:DC3,99.7,406.453125,17.9,2238.875,2371.0,0.0,3979.0,963.0,1123.0,45.125,45.125
17.091,train:DC3,101.7,387.21875,16.4,2215.375,2378.0,0.0,3979.0,963.0,1123.0,45.156,45.156
17.592,train:DC3,99.6,360.0625,17.8,2207.4765625,2377.0,0.0,3979.0,963.0,1123.0,44.937,44.968
18.094,train:DC3,99.7,420.21875,17.1,2252.890625,2361.0,0.0,4019.0,963.0,1123.0,44.937,45.25
18.595,train:DC3,99.7,421.71875,17.0,2252.03125,2344.0,0.0,4019.0,963.0,1123.0,44.843,45.125
19.097,train:DC3,99.7,420.21875,17.7,2236.83984375,2323.0,0.0,4019.0,963.0,1123.0,45.125,45.125
19.599,train:DC3,99.7,412.96875,17.6,2224.98046875,2368.0,0.0,4019.0,963.0,1123.0,44.906,45.093
20.101,train:DC3,101.6,396.15625,17.0,2214.0234375,2368.0,0.0,4019.0,963.0,1123.0,45.062,45.093
20.602,train:DC3,97.7,370.4765625,17.3,2214.24609375,2369.0,0.0,4019.0,963.0,1123.0,45.0,45.0
21.104,train:DC4,99.6,372.84765625,17.3,2211.578125,2367.0,0.0,3979.0,963.0,1123.0,44.906,45.218
21.606,train:DC4,101.7,420.22265625,17.1,2242.8203125,2366.0,0.0,4019.0,963.0,1123.0,44.781,45.093
22.119,train:DC4,99.4,344.75390625,17.2,2184.0078125,2374.0,0.0,4019.0,963.0,1123.0,45.125,45.125
22.623,train:DC4,99.2,420.2421875,17.3,2245.7109375,2346.0,0.0,4019.0,963.0,1123.0,45.218,45.218
23.125,train:DC4,101.6,421.7421875,17.1,2244.60546875,2338.0,0.0,4019.0,963.0,1123.0,44.937,45.062
23.627,train:DC4,99.6,417.9921875,17.5,2243.4921875,2348.0,0.0,4059.0,963.0,1123.0,45.031,45.062
24.129,train:DC4,101.7,406.4921875,17.0,2232.94921875,2375.0,0.0,4019.0,963.0,1123.0,44.875,45.156
24.630,train:DC4,97.7,378.9921875,17.7,2216.10546875,2372.0,0.0,4019.0,963.0,1123.0,45.125,45.187
25.132,train:DC4,99.7,352.796875,17.3,2195.81640625,2371.0,0.0,4019.0,963.0,1123.0,44.937,45.156
25.633,train:DC5,99.7,358.62890625,17.3,2201.01171875,2354.0,0.0,4019.0,963.0,1123.0,45.062,45.125
26.135,train:DC5,101.6,420.2421875,17.3,2244.8828125,2360.0,0.0,4019.0,963.0,1123.0,45.156,45.156
26.637,train:DC5,99.7,421.77734375,17.3,2244.8828125,2376.0,0.0,4019.0,963.0,1123.0,45.0,45.187
27.138,train:DC5,99.7,420.24609375,17.1,2244.48046875,2345.0,0.0,4019.0,963.0,1123.0,44.906,45.156
27.640,train:DC5,99.7,419.49609375,17.6,2262.94140625,2331.0,0.0,4019.0,963.0,1123.0,44.875,45.187
28.142,train:DC5,97.7,406.49609375,16.7,2255.04296875,2394.0,0.0,4019.0,963.0,1123.0,45.406,45.406
28.644,train:DC5,99.6,380.99609375,17.3,2230.57421875,2394.0,0.0,4019.0,963.0,1123.0,45.0,45.031
29.145,train:DC5,101.7,352.6796875,17.3,2210.78515625,2393.0,0.0,4019.0,963.0,1123.0,45.187,45.187
29.647,train:DC5,97.7,420.24609375,17.1,2263.35546875,2387.0,0.0,4019.0,963.0,1123.0,45.218,45.218
30.149,train:DC5,99.6,407.2890625,17.5,2253.73828125,2370.0,0.0,4019.0,963.0,1123.0,45.031,45.343
30.651,train:DC6,97.6,420.2578125,17.1,2260.5078125,2368.0,0.0,3979.0,963.0,1123.0,45.125,45.25
31.152,train:DC6,99.7,421.7890625,17.0,2260.20703125,2392.0,0.0,4059.0,963.0,1123.0,44.937,45.218
31.654,train:DC6,99.6,418.0078125,17.1,2258.85546875,2347.0,0.0,4019.0,963.0,1123.0,45.0,45.156
32.156,train:DC6,99.7,402.0078125,17.3,2234.58984375,2390.0,0.0,4019.0,963.0,1123.0,44.968,45.187
32.658,train:DC6,97.6,372.8828125,17.5,2227.7734375,2389.0,0.0,3979.0,963.0,1123.0,44.968,45.125
33.159,train:DC6,97.7,344.78515625,17.1,2191.84375,2389.0,0.0,4019.0,963.0,1123.0,45.187,45.187
33.661,train:DC6,101.7,421.7578125,17.3,2255.70703125,2379.0,0.0,4019.0,963.0,1123.0,45.062,45.312
34.163,train:DC6,97.6,420.2734375,17.3,2254.2109375,2362.0,0.0,4019.0,963.0,1123.0,45.062,45.218
34.665,train:DC6,99.6,407.31640625,17.1,2246.46875,2350.0,0.0,4019.0,963.0,1123.0,44.968,45.156
35.167,train:DC1,99.7,412.640625,18.9,2248.87890625,2353.0,0.0,4019.0,963.0,1123.0,44.968,45.187
35.669,train:DC1,99.6,393.5234375,17.6,2232.0703125,2388.0,0.0,4019.0,963.0,1123.0,45.156,45.218
36.170,train:DC1,99.6,366.76953125,16.7,2214.8984375,2384.0,0.0,4059.0,963.0,1123.0,45.062,45.218
36.672,train:DC1,99.6,420.2734375,17.6,2250.90625,2382.0,0.0,4019.0,963.0,1123.0,45.093,45.187
37.174,train:DC1,97.7,421.7734375,17.3,2248.390625,2381.0,0.0,4019.0,963.0,1123.0,45.218,45.218
37.675,train:DC1,99.7,420.2734375,17.1,2254.9609375,2363.0,0.0,4019.0,963.0,1123.0,45.125,45.125
38.177,train:DC1,99.7,413.0234375,17.3,2243.84375,2359.0,0.0,4019.0,963.0,1123.0,45.062,45.156
38.679,train:DC1,97.7,392.1796875,17.0,2233.3515625,2325.0,0.0,4019.0,963.0,1123.0,45.156,45.25
39.180,train:DC1,101.7,368.1875,17.6,2218.39453125,2380.0,0.0,4019.0,963.0,1123.0,45.125,45.187
39.682,train:DC2,97.7,366.76953125,16.7,2220.99609375,2366.0,0.0,4019.0,963.0,1123.0,45.125,45.343
40.193,train:DC2,99.7,344.80078125,17.2,2190.703125,2380.0,0.0,3979.0,963.0,1123.0,45.093,45.093
40.698,train:DC2,97.2,421.7734375,17.0,2246.92578125,2378.0,0.0,3979.0,922.0,1123.0,45.187,45.375
41.199,train:DC2,99.7,420.2734375,17.1,2240.95703125,2365.0,0.0,3979.0,963.0,1123.0,45.437,45.437
41.701,train:DC2,99.7,414.77734375,17.5,2239.8671875,2356.0,0.0,3979.0,963.0,1123.0,45.062,45.218
42.203,train:DC2,97.7,398.0234375,17.1,2225.80078125,2328.0,0.0,3979.0,963.0,1123.0,45.125,45.187
42.704,train:DC2,99.7,368.7734375,17.5,2214.69140625,2385.0,0.0,4019.0,963.0,1123.0,45.125,45.25
43.216,train:DC2,101.6,344.80078125,16.9,2192.4921875,2381.0,0.0,3979.0,963.0,1123.0,45.093,45.187
43.720,train:DC2,99.2,420.2734375,17.0,2244.8828125,2376.0,0.0,3979.0,963.0,1123.0,45.062,45.156
44.222,train:DC2,97.7,407.31640625,17.6,2231.8828125,2359.0,0.0,3979.0,963.0,1123.0,45.218,45.218
44.724,train:DC3,99.7,420.2734375,16.7,2246.34375,2362.0,0.0,4019.0,963.0,1123.0,45.093,45.281
45.225,train:DC3,99.6,419.5234375,17.9,2236.16796875,2352.0,0.0,4019.0,963.0,1123.0,45.218,45.218
45.727,train:DC3,97.7,398.0234375,17.0,2220.65234375,2333.0,0.0,4019.0,963.0,1123.0,45.031,45.218
46.229,train:DC3,99.7,371.8984375,17.0,2211.890625,2373.0,0.0,4019.0,963.0,1123.0,45.281,45.281
46.734,train:DC3,98.9,344.80078125,16.9,2184.04296875,2373.0,0.0,4019.0,963.0,1123.0,45.312,45.312
47.236,train:DC3,99.7,420.2734375,17.3,2239.48828125,2371.0,0.0,4019.0,963.0,1123.0,45.062,45.218
47.737,train:DC3,99.7,421.7734375,17.0,2242.0390625,2365.0,0.0,4019.0,963.0,1123.0,45.125,45.25
48.239,train:DC3,97.7,413.41796875,17.3,2234.9296875,2351.0,0.0,4019.0,963.0,1123.0,45.062,45.312
48.741,train:DC3,99.7,396.55078125,16.9,2223.39453125,2348.0,0.0,3979.0,963.0,1123.0,45.125,45.218
49.242,train:DC4,99.7,398.0234375,17.6,2215.609375,2341.0,0.0,3979.0,963.0,1123.0,45.125,45.125
49.744,train:DC4,97.7,373.99609375,17.0,2214.55859375,2319.0,0.0,3979.0,963.0,1123.0,45.25,45.25
50.245,train:DC4,99.7,344.80078125,17.1,2186.19921875,2367.0,0.0,4019.0,963.0,1123.0,45.125,45.312
50.748,train:DC4,99.6,420.2734375,17.2,2238.58984375,2370.0,0.0,4019.0,963.0,1123.0,45.125,45.218
51.249,train:DC4,97.7,421.7734375,17.3,2235.06640625,2366.0,0.0,4019.0,963.0,1123.0,45.062,45.156
51.751,train:DC4,99.7,415.5546875,16.7,2233.74609375,2350.0,0.0,3979.0,963.0,1123.0,45.187,45.125
52.253,train:DC4,99.6,400.0234375,17.6,2216.546875,2348.0,0.0,3979.0,963.0,1123.0,45.343,45.343
52.754,train:DC4,99.7,368.7734375,16.7,2208.89453125,2314.0,0.0,3979.0,963.0,1123.0,45.031,45.218
53.260,train:DC4,100.8,344.80078125,17.2,2180.71484375,2370.0,0.0,4019.0,963.0,1123.0,45.156,45.156
53.762,train:DC5,97.7,344.80078125,17.3,2181.09375,2354.0,0.0,3979.0,963.0,1125.0,45.125,45.312
54.264,train:DC5,97.7,420.2734375,17.1,2235.75,2367.0,0.0,3979.0,963.0,1123.0,45.187,45.281
54.765,train:DC5,101.6,421.7734375,16.9,2234.4453125,2366.0,0.0,3979.0,963.0,1123.0,45.125,45.156
55.267,train:DC5,97.7,418.0234375,17.0,2229.25,2353.0,0.0,3979.0,963.0,1123.0,45.093,45.187
55.769,train:DC5,101.6,403.82421875,17.0,2223.9921875,2352.0,0.0,3979.0,963.0,1123.0,45.406,45.406
56.271,train:DC5,97.7,372.8984375,17.1,2204.765625,2323.0,0.0,4019.0,963.0,1123.0,45.125,45.156
56.772,train:DC5,99.7,344.80078125,17.5,2184.79296875,2374.0,0.0,4019.0,963.0,1123.0,45.218,45.218
57.274,train:DC5,99.7,421.7734375,16.4,2240.24609375,2372.0,0.0,4019.0,963.0,1123.0,45.125,45.218
57.776,train:DC5,99.6,420.2734375,17.0,2245.20703125,2376.0,0.0,3979.0,963.0,1123.0,45.125,45.25
58.277,train:DC5,97.7,407.31640625,17.5,2228.15234375,2359.0,0.0,3979.0,963.0,1125.0,45.062,45.281
58.779,train:DC6,99.7,418.0234375,17.0,2242.56640625,2366.0,0.0,3979.0,963.0,1123.0,45.25,45.25
59.281,train:DC6,99.6,404.5234375,17.3,2225.48046875,2349.0,0.0,4019.0,963.0,1123.0,45.093,45.281
59.782,train:DC6,99.6,372.8984375,16.7,2209.2265625,2334.0,0.0,3979.0,963.0,1123.0,45.125,45.281
60.284,train:DC6,97.7,346.5859375,17.3,2181.5625,2313.0,0.0,4019.0,963.0,1123.0,45.093,45.218
60.786,train:DC6,99.6,421.7734375,17.0,2245.6796875,2377.0,0.0,3979.0,963.0,1123.0,45.187,45.187
61.287,train:DC6,99.7,420.27734375,17.3,2242.74609375,2374.0,0.0,3979.0,963.0,1123.0,45.406,45.406
61.789,train:DC6,99.7,419.52734375,16.7,2241.42578125,2373.0,0.0,4019.0,963.0,1123.0,45.25,45.25
62.290,train:DC6,99.7,404.52734375,17.6,2220.703125,2373.0,0.0,4019.0,963.0,1123.0,45.25,45.25
62.792,train:DC6,97.7,376.87109375,16.7,2219.3671875,2352.0,0.0,4019.0,963.0,1123.0,45.218,45.312
63.294,train:DC1,99.7,379.02734375,17.3,2218.03125,2351.0,0.0,4019.0,963.0,1123.0,45.125,45.281
63.795,train:DC1,99.7,347.83203125,16.7,2185.77734375,2349.0,0.0,4019.0,963.0,1123.0,45.218,45.281
64.297,train:DC1,99.7,421.77734375,17.3,2240.29296875,2329.0,0.0,4019.0,963.0,1123.0,45.156,45.25
64.799,train:DC1,99.7,420.27734375,16.7,2237.359375,2372.0,0.0,4019.0,963.0,1123.0,45.281,45.281
65.300,train:DC1,99.7,419.52734375,17.3,2236.0390625,2369.0,0.0,4019.0,963.0,1123.0,45.187,45.343
65.802,train:DC1,97.7,404.52734375,17.1,2219.4453125,2367.0,0.0,4019.0,963.0,1123.0,45.125,45.375
66.303,train:DC1,99.7,379.21875,17.3,2217.86328125,2354.0,0.0,4019.0,963.0,1123.0,45.125,45.406
66.805,train:DC1,99.6,344.8046875,16.7,2183.69921875,2349.0,0.0,4019.0,963.0,1123.0,45.312,45.25
67.307,train:DC1,99.7,420.27734375,17.3,2239.8984375,2329.0,0.0,4019.0,963.0,1123.0,45.5,45.5
67.808,train:DC1,99.7,407.3203125,16.7,2230.671875,2371.0,0.0,4019.0,963.0,1123.0,45.218,45.25
68.310,train:DC2,99.7,420.27734375,17.0,2235.6328125,2362.0,0.0,4019.0,963.0,1123.0,45.187,45.375
68.812,train:DC2,99.7,421.77734375,17.3,2242.1875,2367.0,0.0,3979.0,963.0,1123.0,45.125,45.218
69.314,train:DC2,97.6,406.52734375,16.7,2223.1953125,2373.0,0.0,3979.0,963.0,1123.0,45.218,45.25
69.816,train:DC2,99.6,381.02734375,17.0,2221.8828125,2356.0,0.0,3979.0,963.0,1123.0,45.218,45.25
70.317,train:DC2,99.7,350.59765625,17.5,2189.3671875,2353.0,0.0,4019.0,963.0,1123.0,45.25,45.25
70.819,train:DC2,97.7,420.27734375,16.4,2236.2890625,2345.0,0.0,4019.0,963.0,1123.0,45.125,45.312
71.321,train:DC2,101.7,421.77734375,17.4,2233.109375,2318.0,0.0,4019.0,963.0,1123.0,45.156,45.25
71.823,train:DC2,97.7,418.02734375,17.3,2231.7578125,2364.0,0.0,4019.0,963.0,1123.0,45.093,45.218
72.324,train:DC2,97.7,400.38671875,17.0,2215.65234375,2363.0,0.0,4019.0,963.0,1123.0,45.312,45.375
72.826,train:DC3,101.7,406.52734375,17.0,2220.609375,2355.0,0.0,4019.0,963.0,1123.0,45.375,45.375
73.328,train:DC3,97.7,383.02734375,17.1,2219.27734375,2367.0,0.0,4019.0,963.0,1123.0,45.125,45.312
73.829,train:DC3,99.6,352.7109375,17.0,2188.74609375,2351.0,0.0,4019.0,963.0,1123.0,45.093,45.312
74.331,train:DC3,99.7,420.27734375,17.0,2233.4296875,2349.0,0.0,4019.0,963.0,1123.0,45.187,45.312
74.833,train:DC3,97.6,421.77734375,17.1,2232.078125,2323.0,0.0,4019.0,963.0,1123.0,45.156,45.281
75.335,train:DC3,99.6,420.27734375,16.8,2234.7109375,2363.0,0.0,4019.0,963.0,1123.0,45.093,45.218
75.837,train:DC3,99.7,408.52734375,17.5,2234.08203125,2366.0,0.0,4019.0,963.0,1123.0,45.281,45.5
76.338,train:DC3,99.7,380.85546875,17.0,2209.61328125,2373.0,0.0,4019.0,963.0,1123.0,45.468,45.468
76.840,train:DC3,97.6,353.21484375,16.8,2193.50390625,2364.0,0.0,4019.0,963.0,1123.0,45.156,45.437
77.342,train:DC4,101.7,357.02734375,17.3,2195.94140625,2354.0,0.0,4019.0,963.0,1123.0,45.25,45.281
77.843,train:DC4,99.6,420.27734375,16.7,2244.64453125,2353.0,0.0,4019.0,963.0,1123.0,45.093,45.468
78.345,train:DC4,99.6,421.77734375,17.3,2242.34765625,2338.0,0.0,4059.0,963.0,1123.0,45.406,45.406
78.847,train:DC4,97.7,420.27734375,17.1,2241.04296875,2316.0,0.0,4019.0,963.0,1123.0,45.093,45.312
79.349,train:DC4,99.7,408.52734375,17.5,2231.84765625,2372.0,0.0,3979.0,963.0,1123.0,45.187,45.25
79.850,train:DC4,99.7,385.27734375,16.7,2215.01953125,2371.0,0.0,3979.0,963.0,1123.0,45.156,45.437
80.352,train:DC4,97.7,359.48828125,17.5,2196.453125,2370.0,0.0,3979.0,963.0,1123.0,45.281,45.343
80.854,train:DC4,101.7,421.77734375,17.1,2238.7578125,2362.0,0.0,3979.0,922.0,1123.0,45.031,45.218
81.355,train:DC4,97.7,420.27734375,16.4,2243.7578125,2345.0,0.0,4019.0,963.0,1123.0,45.062,45.218
81.857,train:DC4,99.7,407.3203125,17.8,2234.578125,2321.0,0.0,4019.0,963.0,1123.0,45.437,45.437
82.359,train:DC5,99.7,420.27734375,17.0,2241.1328125,2320.0,0.0,4019.0,963.0,1123.0,45.281,45.218
82.860,train:DC5,99.7,413.02734375,17.3,2231.921875,2372.0,0.0,4019.0,963.0,1123.0,45.281,45.406
83.362,train:DC5,97.7,391.52734375,17.0,2219.09765625,2371.0,0.0,4019.0,963.0,1123.0,45.156,45.281
83.864,train:DC5,99.7,362.7109375,17.1,2203.98046875,2366.0,0.0,4059.0,963.0,1123.0,45.187,45.25
84.366,train:DC5,99.6,421.77734375,17.9,2239.00390625,2356.0,0.0,4019.0,963.0,1123.0,44.968,45.218
84.867,train:DC5,99.7,420.27734375,17.3,2244.3125,2340.0,0.0,4019.0,963.0,1123.0,45.187,45.187
85.369,train:DC5,99.7,421.77734375,16.7,2258.95703125,2346.0,0.0,4019.0,963.0,1123.0,45.406,45.406
85.871,train:DC5,97.6,411.484375,17.5,2249.96484375,2390.0,0.0,3979.0,963.0,1123.0,45.187,45.25
86.373,train:DC5,101.6,394.9296875,16.7,2229.18359375,2389.0,0.0,3979.0,963.0,1123.0,45.156,45.437
86.875,train:DC6,99.6,396.5625,17.7,2230.70703125,2372.0,0.0,3979.0,963.0,1123.0,45.062,45.312
87.377,train:DC6,101.7,368.77734375,17.9,2223.078125,2385.0,0.0,4019.0,963.0,1123.0,45.125,45.218
87.883,train:DC6,98.7,344.8046875,16.6,2201.78125,2384.0,0.0,3979.0,963.0,1123.0,45.062,45.25
88.385,train:DC6,99.6,420.27734375,17.3,2259.5078125,2367.0,0.0,3979.0,922.0,1123.0,45.031,45.25
88.887,train:DC6,97.6,421.77734375,17.3,2258.4609375,2358.0,0.0,3979.0,922.0,1123.0,45.093,45.281
89.389,train:DC6,99.6,418.02734375,17.0,2257.59375,2339.0,0.0,4019.0,963.0,1123.0,45.093,45.156
89.891,train:DC6,99.7,402.33984375,17.3,2240.7734375,2389.0,0.0,4019.0,963.0,1123.0,45.031,45.156
90.393,train:DC6,101.6,372.90234375,17.3,2224.21484375,2388.0,0.0,3979.0,963.0,1123.0,45.25,45.25
90.894,train:DC6,97.7,346.3046875,17.3,2196.58984375,2387.0,0.0,3979.0,922.0,1123.0,45.281,45.281
91.396,train:DC1,101.6,348.3125,17.3,2199.16015625,2378.0,0.0,3979.0,963.0,1123.0,45.156,45.187
91.898,train:DC1,99.6,420.27734375,17.0,2259.63671875,2383.0,0.0,3979.0,922.0,1123.0,45.093,45.312
92.400,train:DC1,101.6,421.77734375,17.3,2253.7421875,2369.0,0.0,3979.0,963.0,1123.0,45.218,45.406
92.902,train:DC1,97.7,418.4140625,17.1,2253.41015625,2353.0,0.0,4019.0,963.0,1123.0,45.125,45.312
93.404,train:DC1,99.6,408.52734375,17.5,2243.65234375,2327.0,0.0,4019.0,963.0,1123.0,45.093,45.312
93.906,train:DC1,99.6,380.26171875,16.5,2226.85546875,2383.0,0.0,4019.0,963.0,1123.0,45.093,45.25
94.407,train:DC1,99.7,354.7109375,17.8,2202.44140625,2389.0,0.0,4019.0,963.0,1123.0,45.281,45.281
94.910,train:DC1,99.6,421.77734375,17.0,2256.84375,2388.0,0.0,4019.0,963.0,1123.0,45.468,45.468
95.412,train:DC1,99.5,420.27734375,19.0,2254.71484375,2370.0,0.0,4052.0,963.0,1123.0,45.25,45.25
95.914,train:DC1,99.5,407.3203125,17.3,2245.76953125,2362.0,0.0,3979.0,963.0,1123.0,45.25,45.343
96.416,train:DC2,99.7,420.27734375,17.0,2251.18359375,2353.0,0.0,3979.0,963.0,1123.0,45.312,45.312
96.918,train:DC2,99.6,413.02734375,17.1,2242.23828125,2358.0,0.0,3979.0,963.0,1123.0,45.125,45.312
97.420,train:DC2,99.6,391.52734375,17.3,2229.171875,2330.0,0.0,3979.0,963.0,1123.0,45.156,45.312
97.922,train:DC2,101.6,368.77734375,17.3,2220.2265625,2384.0,0.0,3979.0,922.0,1123.0,45.125,45.343
98.423,train:DC2,101.6,344.8046875,16.9,2191.75390625,2381.0,0.0,3979.0,963.0,1123.0,45.125,45.281
98.940,train:DC2,96.8,420.27734375,17.8,2247.5078125,2379.0,0.0,3979.0,963.0,1123.0,45.0,45.312
99.442,train:DC2,99.6,421.77734375,16.5,2246.33203125,2370.0,0.0,3979.0,963.0,1123.0,45.093,45.281
99.944,train:DC2,99.6,418.02734375,17.5,2244.78125,2353.0,0.0,4019.0,963.0,1123.0,45.031,45.25
100.446,train:DC2,101.6,400.2109375,17.0,2227.921875,2345.0,0.0,3979.0,963.0,1123.0,45.343,45.343
100.948,train:DC3,97.6,406.52734375,17.3,2234.7265625,2344.0,0.0,3979.0,963.0,1123.0,45.187,45.187
101.450,train:DC3,101.6,383.55078125,17.1,2219.08203125,2322.0,0.0,3979.0,963.0,1123.0,45.125,45.218
101.952,train:DC3,99.6,352.7109375,17.3,2201.58203125,2374.0,0.0,3979.0,922.0,1123.0,45.281,45.281
102.453,train:DC3,99.7,420.27734375,17.3,2251.86328125,2383.0,0.0,3979.0,963.0,1123.0,45.281,45.281
102.955,train:DC3,97.7,421.77734375,16.8,2251.15234375,2383.0,0.0,4019.0,963.0,1123.0,45.093,45.218
103.457,train:DC3,101.7,420.27734375,17.8,2246.453125,2362.0,0.0,4019.0,963.0,1123.0,45.312,45.343
103.959,train:DC3,99.7,413.02734375,16.7,2238.6640625,2355.0,0.0,3979.0,963.0,1123.0,45.281,45.281
104.460,train:DC3,99.6,391.52734375,17.9,2222.1015625,2347.0,0.0,3979.0,963.0,1123.0,45.125,45.437
104.962,train:DC3,99.6,364.2578125,17.1,2207.28125,2377.0,0.0,4019.0,963.0,1123.0,45.187,45.187
105.464,train:DC4,99.7,366.7734375,17.3,2220.09375,2325.0,0.0,3979.0,963.0,1123.0,45.156,45.312
105.971,train:DC4,100.5,344.8046875,16.8,2192.19140625,2383.0,0.0,3979.0,963.0,1123.0,45.062,45.406
106.473,train:DC4,99.7,421.77734375,17.6,2253.921875,2385.0,0.0,3979.0,922.0,1123.0,45.125,45.281
106.975,train:DC4,99.6,420.27734375,16.7,2252.35546875,2384.0,0.0,3979.0,922.0,1123.0,45.031,45.406
107.477,train:DC4,99.6,419.52734375,17.3,2251.515625,2375.0,0.0,3979.0,922.0,1123.0,45.125,45.25
107.979,train:DC4,99.6,404.54296875,17.5,2234.6953125,2351.0,0.0,3979.0,922.0,1123.0,45.218,45.343
108.481,train:DC4,99.6,379.4921875,16.8,2218.3828125,2337.0,0.0,3979.0,963.0,1123.0,45.125,45.156
108.982,train:DC4,99.7,346.6953125,17.0,2196.82421875,2381.0,0.0,4019.0,963.0,1123.0,45.156,45.375
109.484,train:DC4,101.6,420.29296875,17.5,2252.5703125,2384.0,0.0,4019.0,963.0,1123.0,45.125,45.406
109.986,train:DC4,97.7,407.3359375,17.0,2235.546875,2367.0,0.0,4019.0,963.0,1123.0,45.156,45.343
110.488,train:DC5,99.6,420.29296875,17.1,2250.46875,2382.0,0.0,3979.0,963.0,1123.0,45.125,45.218
110.989,train:DC5,99.7,421.79296875,17.3,2249.6875,2381.0,0.0,4019.0,963.0,1123.0,45.125,45.25
111.491,train:DC5,101.7,411.04296875,17.3,2239.42578125,2363.0,0.0,4019.0,963.0,1123.0,45.125,45.25
111.993,train:DC5,99.6,391.546875,17.7,2231.8125,2363.0,0.0,4019.0,963.0,1123.0,45.468,45.468
112.495,train:DC5,97.6,360.85546875,17.0,2212.6015625,2329.0,0.0,3979.0,963.0,1123.0,45.156,45.156
112.997,train:DC5,99.7,420.359375,17.6,2243.703125,2375.0,0.0,3979.0,963.0,1123.0,45.25,45.156
113.498,train:DC5,99.7,421.859375,17.0,2248.05078125,2379.0,0.0,3979.0,963.0,1123.0,45.343,45.343
114.000,train:DC5,99.7,420.359375,17.3,2242.7578125,2374.0,0.0,3979.0,922.0,1123.0,45.187,45.218
114.501,train:DC5,99.7,405.57421875,17.3,2231.4375,2363.0,0.0,3979.0,963.0,1123.0,45.125,45.343
115.002,train:DC6,99.7,411.609375,17.3,2234.04296875,2365.0,0.0,3979.0,963.0,1123.0,45.062,45.25
115.504,train:DC6,101.7,420.359375,17.3,2249.79296875,2365.0,0.0,3979.0,963.0,1123.0,45.062,45.25
116.006,train:DC6,99.6,382.13671875,17.3,2222.68359375,2381.0,0.0,4012.0,963.0,1123.0,45.406,45.156
116.507,train:DC6,97.7,354.79296875,17.1,2198.125,2354.0,0.0,4019.0,963.0,1123.0,45.187,45.187
117.009,train:DC6,101.7,421.859375,17.9,2249.0390625,2333.0,0.0,4019.0,963.0,1123.0,45.25,45.25
117.511,train:DC6,99.6,420.359375,16.7,2241.4765625,2380.0,0.0,4019.0,963.0,1123.0,45.25,45.25
118.013,train:DC6,101.6,421.859375,17.6,2252.2421875,2373.0,0.0,4019.0,963.0,1123.0,45.343,45.343
118.515,train:DC6,97.6,406.609375,17.3,2233.7890625,2384.0,0.0,3979.0,963.0,1123.0,45.125,45.343
119.017,train:DC6,99.7,384.44921875,17.0,2226.50390625,2372.0,0.0,3979.0,963.0,1123.0,45.062,45.343
119.518,train:DC1,99.7,385.359375,17.5,2222.82421875,2358.0,0.0,3979.0,963.0,1123.0,45.125,45.312
120.020,train:DC1,101.7,359.21484375,17.3,2202.1953125,2358.0,0.0,3979.0,922.0,1123.0,45.437,45.437
120.522,train:DC1,97.6,421.859375,17.0,2249.18359375,2349.0,0.0,3979.0,963.0,1123.0,45.25,45.25
121.024,train:DC1,101.7,420.359375,17.3,2253.3515625,2322.0,0.0,4019.0,963.0,1123.0,45.218,45.343
121.525,train:DC1,97.7,421.859375,17.6,2248.46484375,2385.0,0.0,4019.0,963.0,1123.0,45.093,45.375
122.027,train:DC1,101.6,406.609375,17.1,2228.85546875,2380.0,0.0,4019.0,963.0,1123.0,45.156,45.312
122.529,train:DC1,99.6,385.359375,17.3,2238.2734375,2376.0,0.0,4019.0,963.0,1123.0,45.187,45.218
123.031,train:DC1,99.6,352.79296875,17.3,2193.1953125,2370.0,0.0,3979.0,922.0,1123.0,45.281,45.156
123.533,train:DC1,97.7,420.359375,17.3,2248.0625,2348.0,0.0,4019.0,963.0,1123.0,45.281,45.281
124.035,train:DC1,101.6,407.40234375,17.1,2236.6875,2329.0,0.0,4019.0,963.0,1123.0,45.156,45.25
124.536,train:DC2,99.7,420.359375,17.8,2247.19921875,2324.0,0.0,3979.0,963.0,1123.0,45.218,45.406
125.038,train:DC2,99.6,421.859375,16.8,2251.09375,2378.0,0.0,4019.0,963.0,1123.0,45.093,45.25
125.540,train:DC2,99.7,406.609375,18.9,2237.09375,2382.0,0.0,3979.0,963.0,1123.0,45.187,45.406
126.042,train:DC2,99.7,381.109375,24.1,2227.68359375,2386.0,0.0,4213.0,1081.0,1121.0,45.312,45.312
126.544,train:DC2,99.6,352.61328125,17.3,2195.49609375,2371.0,0.0,4093.0,1003.0,1123.0,45.156,45.437
127.046,train:DC2,99.6,420.359375,17.3,2249.92578125,2358.0,0.0,4019.0,963.0,1123.0,45.281,45.281
127.547,train:DC2,99.6,421.859375,16.9,2253.6015625,2330.0,0.0,4019.0,963.0,1123.0,45.218,45.406
128.049,train:DC2,101.6,418.109375,20.5,2244.24609375,2385.0,0.0,4093.0,1003.0,1123.0,45.437,45.437
128.551,train:DC2,99.7,400.29296875,18.3,2238.82421875,2376.0,0.0,4059.0,963.0,1123.0,45.187,45.406
129.053,train:DC3,99.7,406.609375,21.6,2231.77734375,2370.0,0.0,4019.0,963.0,1123.0,45.25,45.281
129.555,train:DC3,99.6,381.109375,17.5,2234.27734375,2378.0,0.0,4052.0,963.0,1123.0,45.25,45.375
130.056,train:DC3,99.6,348.109375,17.1,2191.41796875,2373.0,0.0,4019.0,963.0,1123.0,45.187,45.187
130.558,train:DC3,99.6,420.359375,17.0,2245.96484375,2362.0,0.0,4019.0,963.0,1123.0,45.375,45.375
131.060,train:DC3,99.7,421.859375,17.7,2241.14453125,2349.0,0.0,4059.0,963.0,1123.0,45.125,45.281
131.561,train:DC3,99.7,418.109375,17.0,2245.15625,2372.0,0.0,4019.0,963.0,1123.0,45.125,45.25
132.063,train:DC3,99.7,406.609375,21.6,2238.53125,2376.0,0.0,3979.0,963.0,1123.0,45.125,45.218
132.565,train:DC3,99.6,373.33203125,17.0,2211.7734375,2370.0,0.0,4012.0,963.0,1123.0,45.281,45.281
133.067,train:DC3,99.6,346.38671875,17.6,2183.32421875,2362.0,0.0,4019.0,963.0,1123.0,45.25,45.25
133.568,train:DC4,101.7,346.76171875,17.0,2187.44140625,2357.0,0.0,4019.0,963.0,1123.0,45.187,45.437
134.071,train:DC4,97.6,420.359375,17.3,2240.25390625,2364.0,0.0,3979.0,963.0,1123.0,45.156,45.312
134.572,train:DC4,99.7,421.859375,17.6,2244.265625,2344.0,0.0,3979.0,963.0,1123.0,45.5,45.218
135.074,train:DC4,99.7,418.109375,21.1,2241.47265625,2322.0,0.0,4019.0,963.0,1123.0,45.312,45.312
135.576,train:DC4,99.6,406.609375,17.3,2230.04296875,2373.0,0.0,4052.0,1003.0,1123.0,45.312,45.312
136.078,train:DC4,101.5,373.9140625,17.3,2216.98828125,2377.0,0.0,4019.0,963.0,1123.0,45.125,45.531
136.580,train:DC4,99.6,346.76171875,17.0,2197.6953125,2372.0,0.0,4019.0,963.0,1123.0,45.156,45.281
137.082,train:DC4,99.6,421.859375,17.3,2240.35546875,2368.0,0.0,3979.0,922.0,1123.0,45.093,45.25
137.584,train:DC4,99.7,420.359375,17.0,2239.2890625,2351.0,0.0,3979.0,963.0,1123.0,45.156,45.343
138.085,train:DC4,99.7,407.40234375,21.7,2236.9609375,2328.0,0.0,3979.0,963.0,1123.0,45.468,45.468
138.587,train:DC5,99.6,418.109375,16.5,2238.37890625,2323.0,0.0,4052.0,1003.0,1123.0,45.218,45.437
139.089,train:DC5,101.7,406.609375,17.3,2237.50390625,2378.0,0.0,4019.0,963.0,1123.0,45.25,45.343
139.591,train:DC5,97.7,375.46484375,17.3,2227.71484375,2370.0,0.0,3979.0,963.0,1123.0,45.062,45.312
140.093,train:DC5,99.6,346.76171875,17.6,2187.6015625,2371.0,0.0,3979.0,922.0,1123.0,45.437,45.437
140.595,train:DC5,99.6,421.859375,17.0,2238.29296875,2366.0,0.0,3979.0,922.0,1123.0,45.281,45.343
141.096,train:DC5,99.7,420.359375,20.7,2239.12890625,2358.0,0.0,3979.0,922.0,1123.0,45.25,45.437
141.598,train:DC5,101.6,419.609375,17.7,2237.609375,2334.0,0.0,4093.0,1003.0,1123.0,45.187,45.343
142.101,train:DC5,99.5,399.72265625,17.3,2233.44140625,2373.0,0.0,4012.0,963.0,1123.0,45.156,45.406
142.603,train:DC5,97.6,374.29296875,16.8,2220.1328125,2372.0,0.0,3979.0,963.0,1123.0,45.125,45.25
143.105,train:DC6,101.6,372.984375,17.3,2216.50390625,2367.0,0.0,3979.0,922.0,1123.0,45.312,45.406
143.607,train:DC6,99.6,346.76171875,17.3,2188.8046875,2372.0,0.0,3979.0,922.0,1123.0,45.312,45.312
144.108,train:DC6,99.6,421.859375,17.1,2239.234375,2367.0,0.0,4019.0,963.0,1123.0,45.156,45.406
144.610,train:DC6,99.7,420.359375,21.7,2241.13671875,2369.0,0.0,4093.0,1003.0,1123.0,45.281,45.375
145.112,train:DC6,99.6,419.609375,17.1,2236.6328125,2336.0,0.0,4019.0,963.0,1123.0,45.156,45.25
145.614,train:DC6,99.6,398.109375,17.6,2237.05859375,2372.0,0.0,4019.0,963.0,1123.0,45.531,45.531
146.116,train:DC6,99.7,370.4765625,17.0,2219.8125,2372.0,0.0,3979.0,963.0,1123.0,45.25,45.25
146.623,train:DC6,100.5,344.88671875,17.4,2197.16015625,2371.0,0.0,3979.0,922.0,1123.0,45.187,45.437
147.125,train:DC6,99.7,420.359375,17.0,2239.37890625,2367.0,0.0,4019.0,963.0,1123.0,45.125,45.281
147.627,train:DC6,99.6,407.40234375,21.1,2234.6875,2366.0,0.0,4093.0,1003.0,1123.0,45.25,45.312
148.128,train:DC1,99.7,420.359375,17.6,2238.96875,2363.0,0.0,4019.0,963.0,1123.0,45.156,45.218
148.630,train:DC1,99.6,417.609375,17.0,2234.2734375,2342.0,0.0,4019.0,963.0,1123.0,45.093,45.312
149.132,train:DC1,99.6,398.109375,17.6,2234.63671875,2373.0,0.0,4019.0,963.0,1123.0,45.406,45.406
149.634,train:DC1,99.6,368.859375,17.0,2210.0078125,2370.0,0.0,4019.0,963.0,1123.0,45.187,45.437
150.145,train:DC1,99.8,344.88671875,17.0,2198.76953125,2373.0,0.0,3979.0,963.0,1123.0,45.218,45.406
150.649,train:DC1,99.1,420.359375,21.9,2255.55078125,2371.0,0.0,4133.0,1043.0,1123.0,45.281,45.406
151.151,train:DC1,99.7,421.859375,17.0,2251.09375,2367.0,0.0,4019.0,963.0,1123.0,45.187,45.281
151.653,train:DC1,101.6,412.45703125,17.1,2240.359375,2354.0,0.0,4019.0,963.0,1123.0,45.281,45.406
152.154,train:DC1,97.7,395.01171875,17.3,2226.7578125,2385.0,0.0,4019.0,963.0,1123.0,45.281,45.312
152.656,train:DC2,101.6,396.52734375,17.3,2237.9140625,2338.0,0.0,4019.0,963.0,1123.0,45.375,45.437
153.158,train:DC2,99.7,368.859375,16.7,2210.94140625,2385.0,0.0,3979.0,963.0,1123.0,45.156,45.312
153.660,train:DC2,97.6,421.859375,21.4,2250.5625,2382.0,0.0,4093.0,1041.0,1123.0,45.218,45.312
154.162,train:DC2,101.7,420.359375,17.3,2245.65234375,2373.0,0.0,4052.0,963.0,1123.0,45.156,45.343
154.663,train:DC2,99.6,421.859375,17.3,2249.3203125,2365.0,0.0,4052.0,963.0,1123.0,45.437,45.437
155.165,train:DC2,99.6,411.609375,18.9,2238.03125,2349.0,0.0,4019.0,963.0,1123.0,45.25,45.25
155.667,train:DC2,99.7,393.2734375,17.0,2236.71875,2321.0,0.0,4019.0,963.0,1123.0,45.218,45.218
156.169,train:DC2,99.6,360.85546875,17.0,2204.0,2372.0,0.0,4019.0,963.0,1123.0,45.125,45.437
156.671,train:DC2,99.7,420.359375,21.6,2242.671875,2375.0,0.0,4059.0,963.0,1123.0,45.312,45.312
157.172,train:DC2,99.7,407.40234375,17.3,2235.984375,2367.0,0.0,4019.0,963.0,1123.0,45.218,45.437
157.674,train:DC3,99.6,420.359375,17.1,2249.4765625,2381.0,0.0,4019.0,963.0,1123.0,45.125,45.375
158.176,train:DC3,99.7,421.859375,17.5,2241.76953125,2366.0,0.0,4019.0,922.0,1123.0,45.187,45.281
158.678,train:DC3,101.6,407.81640625,16.7,2230.140625,2354.0,0.0,3979.0,963.0,1123.0,45.468,45.468
159.179,train:DC3,99.7,387.359375,17.0,2230.203125,2322.0,0.0,4019.0,963.0,1123.0,45.093,45.468
159.681,train:DC3,99.7,354.61328125,21.6,2203.875,2377.0,0.0,4019.0,963.0,1123.0,45.312,45.218
160.183,train:DC3,99.6,420.359375,17.3,2239.38671875,2371.0,0.0,4059.0,963.0,1123.0,45.375,45.375
160.685,train:DC3,99.7,421.859375,17.5,2241.36328125,2369.0,0.0,4019.0,963.0,1123.0,45.187,45.343
161.187,train:DC3,97.6,420.359375,17.3,2245.78515625,2362.0,0.0,3979.0,922.0,1123.0,45.156,45.406
161.689,train:DC3,101.6,402.20703125,17.0,2231.6953125,2355.0,0.0,3979.0,963.0,1123.0,45.25,45.312
162.191,train:DC4,99.7,406.609375,17.0,2228.1484375,2359.0,0.0,3979.0,963.0,1123.0,45.437,45.437
162.692,train:DC4,99.7,384.6484375,19.9,2239.875,2334.0,0.0,3979.0,963.0,1123.0,45.25,45.25
163.195,train:DC4,99.6,352.79296875,19.3,2194.0,2372.0,0.0,4093.0,1003.0,1123.0,45.312,45.406
163.696,train:DC4,101.6,420.359375,17.5,2244.9375,2376.0,0.0,4019.0,963.0,1123.0,45.125,45.468
164.198,train:DC4,99.6,421.859375,17.0,2240.4375,2372.0,0.0,4019.0,963.0,1123.0,45.187,45.406
164.700,train:DC4,99.7,418.109375,17.0,2245.09375,2361.0,0.0,3979.0,922.0,1123.0,45.031,45.25
165.202,train:DC4,99.6,406.609375,17.3,2226.83984375,2358.0,0.0,3979.0,922.0,1123.0,45.125,45.343
165.704,train:DC4,99.6,373.28125,17.3,2221.7265625,2333.0,0.0,3979.0,922.0,1123.0,45.437,45.437
166.205,train:DC4,97.6,346.38671875,21.1,2192.56640625,2374.0,0.0,4052.0,1003.0,1123.0,45.25,45.406
166.707,train:DC5,101.6,344.88671875,17.6,2196.13671875,2363.0,0.0,4019.0,963.0,1123.0,45.187,45.218
167.209,train:DC5,101.7,420.359375,17.2,2241.98046875,2373.0,0.0,3979.0,963.0,1123.0,45.406,45.437
167.711,train:DC5,97.6,421.859375,17.3,2246.45703125,2378.0,0.0,3979.0,963.0,1123.0,45.156,45.375
168.213,train:DC5,101.6,418.109375,16.9,2246.296875,2370.0,0.0,3979.0,922.0,1123.0,45.187,45.312
168.715,train:DC5,97.6,400.109375,17.0,2235.27734375,2367.0,0.0,3979.0,922.0,1123.0,45.312,45.343
169.217,train:DC5,99.6,370.0234375,21.9,2215.69921875,2339.0,0.0,4052.0,1003.0,1123.0,45.156,45.375
169.724,train:DC5,100.6,344.88671875,17.2,2196.91015625,2378.0,0.0,4019.0,963.0,1123.0,45.25,45.343
170.226,train:DC5,99.7,421.859375,17.6,2251.4140625,2383.0,0.0,3979.0,963.0,1123.0,45.25,45.281
170.727,train:DC5,97.7,420.359375,16.7,2246.515625,2378.0,0.0,3979.0,963.0,1123.0,45.187,45.406
171.229,train:DC5,101.7,407.40234375,17.6,2234.98046875,2366.0,0.0,3979.0,922.0,1123.0,45.312,45.218
171.730,train:DC6,99.7,415.30078125,17.0,2242.38671875,2370.0,0.0,3979.0,963.0,1123.0,45.468,45.468
172.232,train:DC6,101.6,398.30078125,21.4,2227.640625,2359.0,0.0,4093.0,1003.0,1123.0,45.312,45.312
172.734,train:DC6,97.6,366.85546875,17.3,2215.11328125,2346.0,0.0,4019.0,963.0,1123.0,45.218,45.468
173.251,train:DC6,100.7,344.88671875,17.1,2196.16015625,2378.0,0.0,4019.0,963.0,1123.0,45.093,45.343
173.755,train:DC6,99.2,421.859375,17.1,2250.78125,2382.0,0.0,4019.0,963.0,1123.0,45.281,45.281
174.257,train:DC6,99.7,420.359375,17.9,2245.2265625,2376.0,0.0,3979.0,963.0,1123.0,45.125,45.343
174.758,train:DC6,99.7,415.1640625,16.7,2241.7734375,2373.0,0.0,3979.0,922.0,1123.0,45.093,45.25
175.260,train:DC6,99.6,397.36328125,21.6,2238.17578125,2373.0,0.0,3979.0,922.0,1123.0,45.093,45.25
175.762,train:DC6,101.6,369.31640625,17.0,2219.203125,2369.0,0.0,4052.0,1003.0,1123.0,45.5,45.281
176.264,train:DC1,97.6,366.890625,17.1,2215.42578125,2350.0,0.0,4019.0,963.0,1123.0,45.218,45.375
176.771,train:DC1,100.5,344.88671875,16.8,2195.49609375,2355.0,0.0,3979.0,922.0,1123.0,45.187,45.562
177.276,train:DC1,99.1,421.859375,17.5,2249.546875,2327.0,0.0,3979.0,963.0,1123.0,45.343,45.343
177.778,train:DC1,99.7,420.359375,17.1,2251.32421875,2381.0,0.0,4019.0,963.0,1123.0,45.25,45.406
178.279,train:DC1,99.7,414.08203125,20.9,2239.83984375,2383.0,0.0,3979.0,963.0,1123.0,45.187,45.25
178.781,train:DC1,99.6,393.609375,17.0,2239.71875,2379.0,0.0,4093.0,1003.0,1123.0,45.25,45.531
179.283,train:DC1,101.5,368.859375,17.8,2219.3671875,2371.0,0.0,4052.0,963.0,1123.0,45.343,45.343
179.785,train:DC1,97.6,421.859375,16.7,2250.61328125,2359.0,0.0,4019.0,963.0,1123.0,45.531,45.531
180.287,train:DC1,99.6,420.359375,17.3,2245.57421875,2323.0,0.0,4019.0,963.0,1123.0,45.281,45.312
180.789,train:DC1,101.6,407.40234375,16.7,2239.4765625,2377.0,0.0,4059.0,963.0,1123.0,45.187,45.375
181.291,train:DC2,99.7,420.359375,21.6,2251.75,2371.0,0.0,4019.0,963.0,1123.0,45.25,45.281
181.793,train:DC2,99.5,413.109375,17.5,2238.2109375,2383.0,0.0,4093.0,1003.0,1123.0,45.25,45.406
182.295,train:DC2,99.6,391.609375,17.1,2236.94140625,2375.0,0.0,4019.0,963.0,1123.0,45.281,45.25
182.797,train:DC2,99.6,362.79296875,17.5,2215.33203125,2368.0,0.0,3979.0,963.0,1123.0,45.406,45.437
183.299,train:DC2,99.6,421.859375,17.1,2241.96875,2362.0,0.0,3979.0,963.0,1123.0,45.468,45.468
183.801,train:DC2,99.6,420.359375,17.8,2246.390625,2331.0,0.0,3979.0,963.0,1123.0,45.187,45.406
184.303,train:DC2,101.6,421.859375,18.5,2249.7734375,2378.0,0.0,4019.0,963.0,1123.0,45.281,45.375
184.805,train:DC2,97.6,411.109375,19.7,2242.921875,2381.0,0.0,4133.0,1041.0,1123.0,45.25,45.375
185.307,train:DC2,101.6,389.73046875,17.0,2237.58984375,2374.0,0.0,4052.0,963.0,1123.0,45.187,45.281
185.808,train:DC3,99.7,391.609375,17.3,2234.6171875,2369.0,0.0,4019.0,963.0,1123.0,45.125,45.406
186.310,train:DC3,99.6,362.79296875,17.3,2214.80859375,2366.0,0.0,3979.0,963.0,1123.0,45.312,45.437
186.812,train:DC3,99.7,421.859375,17.3,2246.0546875,2362.0,0.0,4019.0,963.0,1123.0,45.406,45.406
187.314,train:DC3,97.6,420.359375,17.0,2256.96484375,2341.0,0.0,4019.0,963.0,1123.0,45.156,45.468
187.816,train:DC3,101.7,421.859375,21.1,2254.35546875,2389.0,0.0,4093.0,1003.0,1123.0,45.468,45.468
188.318,train:DC3,99.7,406.609375,17.3,2238.25390625,2386.0,0.0,4019.0,963.0,1123.0,45.187,45.406
188.819,train:DC3,101.7,387.359375,17.3,2234.8671875,2385.0,0.0,4019.0,963.0,1123.0,45.125,45.343
189.321,train:DC3,97.6,354.83984375,16.8,2206.35546875,2373.0,0.0,3979.0,963.0,1123.0,45.343,45.406
189.823,train:DC3,99.6,420.359375,17.3,2253.3515625,2369.0,0.0,4019.0,963.0,1123.0,45.312,45.281
190.325,train:DC3,99.6,407.40234375,17.0,2233.86328125,2349.0,0.0,4059.0,963.0,1123.0,45.375,45.375
190.827,train:DC4,99.7,420.359375,21.9,2245.69921875,2345.0,0.0,4019.0,963.0,1123.0,45.312,45.312
191.328,train:DC4,99.6,421.859375,18.0,2242.109375,2335.0,0.0,4052.0,963.0,1123.0,45.187,45.437
191.830,train:DC4,99.7,406.609375,17.0,2237.70703125,2373.0,0.0,4019.0,963.0,1123.0,45.187,45.343
192.332,train:DC4,101.7,385.24609375,17.5,2234.08984375,2377.0,0.0,4019.0,963.0,1123.0,45.562,45.562
192.834,train:DC4,97.5,352.79296875,16.7,2199.90625,2369.0,0.0,3979.0,963.0,1123.0,45.156,45.218
193.336,train:DC4,101.7,420.359375,18.4,2244.765625,2368.0,0.0,4019.0,922.0,1123.0,45.281,45.343
193.838,train:DC4,99.6,421.859375,21.1,2242.765625,2357.0,0.0,4019.0,963.0,1123.0,45.281,45.281
194.340,train:DC4,97.6,420.359375,17.3,2242.98828125,2324.0,0.0,4052.0,1003.0,1123.0,45.125,45.375
194.842,train:DC4,101.6,401.1640625,17.3,2238.6484375,2374.0,0.0,4019.0,963.0,1123.0,45.218,45.375
195.344,train:DC5,97.6,406.609375,16.4,2236.609375,2371.0,0.0,4019.0,963.0,1123.0,45.187,45.312
195.846,train:DC5,101.6,381.42578125,17.5,2239.89453125,2383.0,0.0,4019.0,963.0,1123.0,45.375,45.281
196.348,train:DC5,101.6,352.79296875,17.0,2200.75,2378.0,0.0,4019.0,963.0,1123.0,45.531,45.531
196.850,train:DC5,99.5,420.359375,21.0,2256.3125,2365.0,0.0,4019.0,963.0,1123.0,45.281,45.468
197.352,train:DC5,97.6,421.859375,17.3,2243.55078125,2352.0,0.0,4052.0,1003.0,1123.0,45.281,45.468
197.854,train:DC5,99.7,418.109375,17.1,2252.734375,2322.0,0.0,4019.0,963.0,1123.0,45.218,45.5
198.356,train:DC5,101.6,406.609375,17.3,2235.32421875,2383.0,0.0,3979.0,963.0,1123.0,45.281,45.312
198.858,train:DC5,99.6,376.921875,17.3,2225.94140625,2386.0,0.0,3979.0,963.0,1123.0,45.093,45.406
199.360,train:DC5,99.6,346.38671875,17.5,2194.14453125,2377.0,0.0,4019.0,963.0,1123.0,45.125,45.312
199.862,train:DC6,101.7,344.88671875,21.1,2191.578125,2364.0,0.0,3979.0,963.0,1123.0,45.468,45.468
200.364,train:DC6,97.6,420.359375,17.3,2245.625,2362.0,0.0,4052.0,1003.0,1123.0,45.187,45.531
200.866,train:DC6,99.6,421.859375,17.3,2246.8671875,2371.0,0.0,4019.0,963.0,1123.0,45.25,45.375
201.368,train:DC6,101.6,418.109375,16.7,2242.0390625,2326.0,0.0,4019.0,963.0,1123.0,45.187,45.375
201.870,train:DC6,99.7,406.609375,17.0,2234.37109375,2381.0,0.0,4019.0,963.0,1123.0,45.5,45.5
202.372,train:DC6,97.7,372.984375,17.5,2222.33203125,2381.0,0.0,4019.0,963.0,1123.0,45.25,45.281
202.873,train:DC6,101.7,346.703125,21.1,2202.30859375,2377.0,0.0,4019.0,963.0,1123.0,45.281,45.281
203.375,train:DC6,97.6,421.859375,17.6,2244.78125,2369.0,0.0,4052.0,1003.0,1123.0,45.187,45.375
203.877,train:DC6,101.7,420.359375,17.1,2248.84375,2365.0,0.0,4019.0,963.0,1123.0,45.281,45.468
204.379,train:DC6,99.6,407.40234375,17.6,2230.77734375,2345.0,0.0,4019.0,963.0,1123.0,45.218,45.343
204.881,train:DC1,99.6,418.109375,17.7,2241.93359375,2342.0,0.0,4019.0,963.0,1123.0,45.125,45.25
205.382,train:DC1,99.7,405.36328125,17.5,2230.9140625,2373.0,0.0,4059.0,963.0,1123.0,45.5,45.5
205.884,train:DC1,101.7,372.984375,17.6,2218.6953125,2378.0,0.0,4019.0,963.0,1123.0,45.218,45.25
206.386,train:DC1,97.6,344.88671875,21.3,2191.87109375,2373.0,0.0,4093.0,1003.0,1123.0,45.25,45.5
206.888,train:DC1,99.6,421.859375,18.2,2246.3125,2366.0,0.0,4052.0,963.0,1123.0,45.312,45.375
207.390,train:DC1,101.6,420.359375,17.1,2244.78125,2368.0,0.0,4019.0,963.0,1123.0,45.125,45.468
207.892,train:DC1,99.6,417.6015625,17.6,2239.3828125,2355.0,0.0,4019.0,963.0,1123.0,45.218,45.375
208.394,train:DC1,97.6,398.109375,18.2,2231.2890625,2346.0,0.0,4019.0,963.0,1123.0,45.187,45.406
208.896,train:DC1,101.7,369.31640625,16.5,2220.05078125,2378.0,0.0,4019.0,963.0,1123.0,45.218,45.281
209.398,train:DC2,99.6,367.625,21.6,2209.234375,2368.0,0.0,4093.0,1043.0,1123.0,45.187,45.312
209.906,train:DC2,100.3,344.88671875,17.1,2196.16796875,2380.0,0.0,4019.0,963.0,1123.0,45.125,45.281
210.411,train:DC2,97.1,421.859375,17.0,2242.5546875,2374.0,0.0,3979.0,963.0,1123.0,45.312,45.312
210.912,train:DC2,101.6,420.359375,17.6,2244.83984375,2368.0,0.0,4019.0,963.0,1123.0,45.437,45.437
211.414,train:DC2,99.7,417.609375,17.0,2240.234375,2356.0,0.0,4059.0,963.0,1123.0,45.187,45.437
211.916,train:DC2,97.6,398.109375,17.6,2234.890625,2327.0,0.0,4019.0,963.0,1123.0,45.25,45.343
212.418,train:DC2,99.6,368.859375,21.1,2220.90625,2373.0,0.0,4133.0,1001.0,1123.0,45.281,45.312
212.928,train:DC2,102.0,344.88671875,17.6,2193.11328125,2376.0,0.0,4019.0,963.0,1123.0,45.25,45.25
213.432,train:DC2,99.2,420.359375,17.5,2243.81640625,2371.0,0.0,4019.0,963.0,1123.0,45.187,45.312
213.934,train:DC2,99.7,407.40234375,16.5,2237.515625,2369.0,0.0,3979.0,963.0,1123.0,45.187,45.281
214.435,train:DC3,99.7,420.359375,17.5,2240.9375,2358.0,0.0,3979.0,963.0,1123.0,45.375,45.375
214.937,train:DC3,99.6,419.609375,16.7,2239.34375,2367.0,0.0,3979.0,922.0,1123.0,45.187,45.343
215.440,train:DC3,99.6,398.109375,23.0,2236.95703125,2330.0,0.0,4133.0,1041.0,1123.0,45.125,45.281
215.941,train:DC3,99.7,370.4765625,17.1,2216.93359375,2376.0,0.0,4052.0,963.0,1123.0,45.218,45.375
216.450,train:DC3,100.2,344.88671875,17.4,2196.0,2387.0,0.0,4019.0,963.0,1123.0,45.312,45.281
216.952,train:DC3,99.7,420.359375,17.1,2250.47265625,2382.0,0.0,3979.0,963.0,1123.0,45.187,45.218
217.453,train:DC3,99.7,421.859375,17.0,2254.26171875,2370.0,0.0,4059.0,963.0,1123.0,45.125,45.187
217.955,train:DC3,99.7,412.78515625,17.3,2248.6484375,2365.0,0.0,4059.0,963.0,1123.0,45.343,45.406
218.457,train:DC3,101.6,395.01171875,21.1,2234.796875,2335.0,0.0,4133.0,1041.0,1123.0,45.312,45.312
218.959,train:DC4,99.7,398.109375,17.6,2232.953125,2342.0,0.0,4019.0,963.0,1123.0,45.031,45.406
219.461,train:DC4,99.6,368.859375,17.0,2216.265625,2380.0,0.0,4019.0,963.0,1123.0,45.093,45.281
219.972,train:DC4,99.7,344.88671875,17.5,2186.26171875,2379.0,0.0,4019.0,963.0,1123.0,45.25,45.25
220.477,train:DC4,99.1,420.359375,17.3,2248.69921875,2380.0,0.0,3979.0,922.0,1123.0,45.437,45.437
220.978,train:DC4,99.6,421.859375,17.3,2250.68359375,2374.0,0.0,3979.0,922.0,1123.0,45.25,45.25
221.480,train:DC4,99.7,413.5234375,21.7,2245.39453125,2362.0,0.0,4052.0,963.0,1123.0,45.343,45.343
221.982,train:DC4,99.7,399.45703125,17.6,2231.42578125,2341.0,0.0,4052.0,1003.0,1123.0,45.093,45.281
222.483,train:DC4,99.7,366.85546875,17.5,2217.875,2378.0,0.0,4019.0,963.0,1123.0,45.343,45.343
222.999,train:DC4,100.9,344.88671875,17.2,2196.515625,2380.0,0.0,4019.0,963.0,1123.0,45.125,45.25
223.501,train:DC5,99.6,344.88671875,17.3,2192.60546875,2367.0,0.0,3979.0,963.0,1123.0,45.312,45.312
224.002,train:DC5,99.6,420.359375,17.3,2247.18359375,2378.0,0.0,4019.0,963.0,1123.0,45.437,45.437
224.504,train:DC5,99.6,421.859375,21.3,2248.5859375,2379.0,0.0,3979.0,963.0,1123.0,45.125,45.343
225.006,train:DC5,99.6,418.109375,17.0,2243.7265625,2367.0,0.0,4052.0,963.0,1123.0,45.125,45.375
225.508,train:DC5,99.6,400.109375,17.6,2238.44921875,2354.0,0.0,4019.0,963.0,1123.0,45.125,45.437
226.010,train:DC5,99.6,371.17578125,16.7,2208.94140625,2329.0,0.0,3979.0,963.0,1123.0,45.125,45.312
226.515,train:DC5,99.1,344.88671875,17.5,2197.94140625,2383.0,0.0,3979.0,963.0,1123.0,45.281,45.406
227.016,train:DC5,99.7,421.859375,17.3,2252.51953125,2384.0,0.0,3979.0,963.0,1123.0,45.312,45.156
227.518,train:DC5,99.6,420.359375,17.7,2249.72265625,2381.0,0.0,3979.0,922.0,1123.0,45.343,45.343
228.020,train:DC5,101.7,407.40234375,20.6,2239.78515625,2363.0,0.0,4052.0,1003.0,1123.0,45.562,45.562
228.522,train:DC6,97.7,418.109375,17.3,2251.05859375,2368.0,0.0,4019.0,963.0,1123.0,45.125,45.156
229.024,train:DC6,101.6,400.109375,17.6,2231.90625,2363.0,0.0,4019.0,963.0,1123.0,45.218,45.406
229.525,train:DC6,99.7,368.859375,17.3,2219.3203125,2331.0,0.0,3979.0,963.0,1123.0,45.187,45.343
230.032,train:DC6,98.6,344.88671875,16.9,2192.56640625,2382.0,0.0,4019.0,963.0,1123.0,45.25,45.406
230.534,train:DC6,99.7,421.859375,17.9,2255.06640625,2386.0,0.0,4019.0,963.0,1123.0,45.312,45.375
231.036,train:DC6,97.7,420.359375,21.3,2250.25390625,2382.0,0.0,4052.0,963.0,1123.0,45.156,45.343
231.537,train:DC6,101.7,414.64453125,17.3,2246.9765625,2370.0,0.0,4019.0,963.0,1123.0,45.156,45.187
232.039,train:DC6,101.7,398.109375,17.0,2234.8125,2366.0,0.0,3979.0,922.0,1123.0,45.25,45.25
232.541,train:DC6,99.7,369.31640625,17.5,2215.96875,2339.0,0.0,3979.0,963.0,1123.0,45.187,45.25
233.042,train:DC1,99.7,368.859375,16.7,2212.515625,2336.0,0.0,3979.0,963.0,1123.0,45.281,45.468
233.550,train:DC1,98.4,344.88671875,17.4,2193.07421875,2383.0,0.0,4019.0,963.0,1123.0,45.156,45.375
234.052,train:DC1,99.7,421.859375,21.3,2256.16015625,2387.0,0.0,4052.0,1003.0,1123.0,45.187,45.437
234.554,train:DC1,99.7,420.359375,17.1,2252.94140625,2384.0,0.0,4019.0,963.0,1123.0,45.093,45.312
235.055,train:DC1,99.7,414.06640625,16.8,2236.65234375,2366.0,0.0,3979.0,922.0,1123.0,45.375,45.468
235.557,train:DC1,99.7,394.6484375,17.8,2238.69140625,2370.0,0.0,3979.0,963.0,1123.0,45.187,45.25
236.058,train:DC1,99.7,368.859375,16.7,2218.171875,2342.0,0.0,4019.0,963.0,1123.0,45.281,45.406
236.560,train:DC1,101.6,421.859375,17.3,2249.41796875,2381.0,0.0,4019.0,963.0,1123.0,45.187,45.375
237.062,train:DC1,97.7,420.359375,21.1,2245.65625,2381.0,0.0,4019.0,963.0,1123.0,45.187,45.375
237.564,train:DC1,99.6,407.40234375,17.4,2233.12890625,2377.0,0.0,4052.0,1003.0,1123.0,45.125,45.281
238.066,train:DC2,99.7,420.359375,17.3,2245.54296875,2364.0,0.0,4019.0,963.0,1123.0,45.218,45.25
238.567,train:DC2,101.6,413.40234375,16.7,2239.58203125,2377.0,0.0,4019.0,963.0,1123.0,45.312,45.312
239.069,train:DC2,99.7,391.609375,17.8,2232.36328125,2371.0,0.0,4019.0,963.0,1123.0,45.343,45.343
239.571,train:DC2,99.6,365.25390625,17.3,2211.11328125,2364.0,0.0,3979.0,963.0,1123.0,45.281,45.5
240.073,train:DC2,97.6,421.859375,21.1,2243.54296875,2350.0,0.0,3979.0,963.0,1123.0,45.187,45.312
240.575,train:DC2,99.6,420.359375,17.9,2246.94140625,2324.0,0.0,4093.0,1003.0,1123.0,45.156,45.25
241.077,train:DC2,101.6,421.859375,17.0,2243.65625,2378.0,0.0,4019.0,963.0,1123.0,45.468,45.312
241.579,train:DC2,99.6,411.109375,17.0,2243.42578125,2375.0,0.0,4019.0,963.0,1123.0,45.156,45.25
242.080,train:DC2,99.6,389.73046875,17.3,2224.65234375,2375.0,0.0,3979.0,963.0,1123.0,45.093,45.156
242.582,train:DC3,99.6,391.609375,17.0,2235.859375,2356.0,0.0,4059.0,963.0,1123.0,45.25,45.343
243.084,train:DC3,101.6,362.79296875,21.3,2208.51171875,2367.0,0.0,4019.0,922.0,1123.0,45.187,45.343
243.586,train:DC3,99.6,421.859375,17.3,2239.7578125,2356.0,0.0,4093.0,1003.0,1123.0,45.218,45.218
244.088,train:DC3,97.6,420.359375,17.0,2252.1953125,2321.0,0.0,4052.0,963.0,1123.0,45.156,45.281
244.590,train:DC3,101.7,421.859375,17.9,2247.71875,2383.0,0.0,4019.0,963.0,1123.0,45.125,45.343
245.092,train:DC3,99.6,410.81640625,17.0,2244.5,2379.0,0.0,4019.0,963.0,1123.0,45.468,45.468
245.593,train:DC3,99.7,387.359375,16.7,2232.625,2384.0,0.0,3979.0,963.0,1123.0,45.25,45.25
246.095,train:DC3,99.7,359.828125,19.7,2202.28515625,2368.0,0.0,4019.0,963.0,1123.0,45.343,45.343
246.597,train:DC3,99.6,420.359375,19.7,2249.0390625,2357.0,0.0,4133.0,1041.0,1121.0,45.281,45.343
247.099,train:DC3,99.6,407.40234375,17.3,2237.2578125,2333.0,0.0,4052.0,963.0,1123.0,45.125,45.312
247.600,train:DC4,99.7,420.359375,17.1,2249.73046875,2334.0,0.0,3979.0,963.0,1123.0,45.187,45.312
248.102,train:DC4,99.7,421.859375,17.0,2253.12890625,2381.0,0.0,4019.0,963.0,1123.0,45.156,45.406
248.604,train:DC4,97.7,407.29296875,17.1,2237.19921875,2384.0,0.0,4019.0,963.0,1123.0,45.187,45.312
249.105,train:DC4,101.6,387.359375,17.5,2229.41796875,2380.0,0.0,4019.0,922.0,1123.0,45.125,45.375
249.608,train:DC4,99.6,354.3203125,22.2,2202.35546875,2377.0,0.0,4133.0,1001.0,1123.0,45.281,45.281
250.109,train:DC4,101.6,420.359375,16.4,2249.26171875,2365.0,0.0,4052.0,963.0,1123.0,45.281,45.375
250.611,train:DC4,99.6,421.859375,17.0,2253.80078125,2338.0,0.0,4019.0,963.0,1123.0,45.343,45.343
251.113,train:DC4,99.6,420.359375,17.3,2249.203125,2385.0,0.0,4019.0,963.0,1123.0,45.187,45.468
251.615,train:DC4,97.6,404.19140625,16.7,2238.2265625,2380.0,0.0,3979.0,963.0,1123.0,45.093,45.343
252.117,train:DC5,99.6,406.609375,17.5,2227.56640625,2370.0,0.0,3979.0,963.0,1123.0,45.125,45.312
252.619,train:DC5,101.6,385.359375,20.8,2237.8828125,2373.0,0.0,4019.0,963.0,1123.0,45.593,45.593
253.121,train:DC5,99.6,352.79296875,16.8,2195.10546875,2377.0,0.0,4052.0,963.0,1123.0,45.125,45.343
253.623,train:DC5,99.6,420.359375,17.8,2249.96484375,2358.0,0.0,4019.0,963.0,1123.0,45.312,45.406
254.125,train:DC5,99.6,421.859375,17.3,2253.3046875,2361.0,0.0,3979.0,963.0,1123.0,45.375,45.375
254.627,train:DC5,101.6,420.359375,17.0,2246.15234375,2327.0,0.0,4059.0,963.0,1123.0,45.5,45.5
255.129,train:DC5,97.6,408.609375,17.3,2233.98046875,2377.0,0.0,4019.0,963.0,1123.0,45.312,45.312
255.631,train:DC5,101.6,379.109375,21.3,2226.8984375,2381.0,0.0,4019.0,963.0,1123.0,45.281,45.375
256.133,train:DC5,99.7,352.9140625,17.5,2194.68359375,2374.0,0.0,4052.0,963.0,1123.0,45.468,45.468
256.635,train:DC6,99.6,352.79296875,17.3,2199.2109375,2361.0,0.0,3979.0,963.0,1123.0,45.25,45.218
257.137,train:DC6,99.7,420.359375,17.0,2246.21484375,2362.0,0.0,3979.0,963.0,1123.0,45.187,45.375
257.638,train:DC6,99.6,421.859375,17.3,2249.5546875,2357.0,0.0,3979.0,963.0,1123.0,45.281,45.406
258.140,train:DC6,99.6,420.359375,17.6,2245.0,2329.0,0.0,4019.0,963.0,1123.0,45.125,45.281
258.642,train:DC6,99.6,408.2109375,20.8,2234.328125,2376.0,0.0,4019.0,963.0,1123.0,45.281,45.343
259.144,train:DC6,99.6,379.109375,17.9,2221.828125,2381.0,0.0,4052.0,1003.0,1123.0,45.156,45.406
259.646,train:DC6,99.5,348.015625,16.7,2196.828125,2376.0,0.0,4019.0,963.0,1123.0,45.312,45.343
260.148,train:DC6,99.6,421.859375,17.9,2249.7265625,2366.0,0.0,4019.0,963.0,1123.0,45.5,45.5
260.650,train:DC6,101.6,420.359375,17.0,2241.5625,2369.0,0.0,3979.0,963.0,1123.0,45.125,45.343
261.152,train:DC6,97.7,407.40234375,17.3,2230.83203125,2338.0,0.0,4019.0,963.0,1123.0,45.25,45.375
261.653,train:DC1,99.7,418.109375,21.3,2243.91015625,2343.0,0.0,3979.0,963.0,1123.0,45.156,45.375
262.155,train:DC1,101.6,406.609375,17.6,2231.56640625,2375.0,0.0,4052.0,1003.0,1123.0,45.25,45.281
262.657,train:DC1,99.7,376.73828125,17.5,2228.2890625,2378.0,0.0,3979.0,963.0,1123.0,45.031,45.437
263.159,train:DC1,99.6,346.76171875,17.0,2192.6015625,2375.0,0.0,3979.0,922.0,1123.0,45.187,45.343
263.661,train:DC1,99.6,421.859375,17.3,2247.18359375,2367.0,0.0,3979.0,922.0,1123.0,45.125,45.218
264.163,train:DC1,97.6,420.359375,17.3,2243.90625,2360.0,0.0,3979.0,922.0,1123.0,45.187,45.218
264.665,train:DC1,101.7,419.609375,20.5,2239.0234375,2347.0,0.0,4019.0,963.0,1123.0,45.125,45.25
265.167,train:DC1,99.6,398.109375,18.0,2232.0703125,2378.0,0.0,4052.0,1003.0,1123.0,45.125,45.343
265.669,train:DC1,99.6,373.45703125,17.2,2227.5390625,2379.0,0.0,4019.0,963.0,1123.0,45.281,45.281
266.171,train:DC2,99.6,372.984375,16.8,2218.28125,2368.0,0.0,3979.0,963.0,1123.0,45.25,45.281
266.673,train:DC2,99.6,344.88671875,17.5,2198.34765625,2381.0,0.0,3979.0,922.0,1123.0,45.187,45.375
267.175,train:DC2,101.5,421.859375,17.1,2252.87109375,2384.0,0.0,4019.0,922.0,1123.0,45.25,45.25
267.677,train:DC2,97.6,420.359375,17.3,2255.48828125,2364.0,0.0,4019.0,922.0,1123.0,45.406,45.406
268.179,train:DC2,101.6,417.609375,21.1,2244.6015625,2353.0,0.0,4052.0,1003.0,1123.0,45.281,45.5
268.681,train:DC2,99.6,398.109375,17.5,2232.50390625,2325.0,0.0,4019.0,963.0,1123.0,45.281,45.312
269.183,train:DC2,99.6,368.859375,17.0,2212.65625,2379.0,0.0,4012.0,963.0,1123.0,45.156,45.375
269.690,train:DC2,98.6,344.88671875,16.8,2200.484375,2375.0,0.0,3979.0,963.0,1123.0,45.125,45.312
270.195,train:DC2,99.1,420.359375,17.3,2247.13671875,2374.0,0.0,3979.0,922.0,1123.0,45.031,45.343
270.697,train:DC2,101.6,407.40234375,17.0,2236.41015625,2368.0,0.0,3979.0,963.0,1123.0,45.062,45.25
271.199,train:DC3,99.7,420.359375,21.1,2245.12890625,2361.0,0.0,4093.0,1003.0,1123.0,45.406,45.406
271.701,train:DC3,99.5,419.609375,17.8,2240.6484375,2364.0,0.0,4019.0,963.0,1123.0,45.468,45.468
272.203,train:DC3,99.7,398.109375,17.0,2229.75,2337.0,0.0,4019.0,963.0,1123.0,45.093,45.406
272.705,train:DC3,99.6,371.3125,17.0,2217.3984375,2377.0,0.0,4019.0,963.0,1123.0,45.375,45.375
273.210,train:DC3,99.0,344.88671875,17.2,2190.73828125,2372.0,0.0,4052.0,963.0,1123.0,45.5,45.5
273.712,train:DC3,99.6,420.359375,17.3,2245.3671875,2377.0,0.0,4019.0,922.0,1123.0,45.218,45.375
274.213,train:DC3,101.7,421.859375,21.7,2241.33203125,2365.0,0.0,4093.0,1003.0,1123.0,45.062,45.375
274.715,train:DC3,99.6,412.91015625,17.5,2238.0546875,2362.0,0.0,4019.0,963.0,1123.0,45.125,45.343
275.217,train:DC3,99.6,396.63671875,18.1,2227.43359375,2343.0,0.0,4019.0,963.0,1123.0,45.25,45.437
275.719,train:DC4,99.6,398.109375,17.5,2234.76171875,2350.0,0.0,3979.0,963.0,1123.0,45.218,45.281
276.222,train:DC4,99.6,368.859375,17.1,2215.78515625,2374.0,0.0,4059.0,963.0,1123.0,45.312,45.312
276.729,train:DC4,100.5,344.88671875,17.3,2195.84765625,2378.0,0.0,4019.0,963.0,1123.0,45.343,45.343
277.234,train:DC4,99.1,420.359375,21.3,2242.28125,2374.0,0.0,4173.0,1001.0,1121.0,45.218,45.406
277.736,train:DC4,99.6,421.859375,17.1,2245.0703125,2368.0,0.0,4052.0,963.0,1123.0,45.187,45.406
278.238,train:DC4,99.6,413.23828125,17.5,2236.93359375,2368.0,0.0,4019.0,963.0,1123.0,45.031,45.312
278.740,train:DC4,99.6,399.08984375,16.7,2234.28515625,2350.0,0.0,3979.0,963.0,1123.0,45.125,45.218
279.241,train:DC4,99.7,366.85546875,17.3,2215.21484375,2347.0,0.0,4019.0,963.0,1123.0,45.218,45.25
279.754,train:DC4,99.5,344.88671875,16.9,2195.28125,2386.0,0.0,3979.0,922.0,1123.0,45.031,45.218
280.258,train:DC5,99.2,344.88671875,21.9,2199.875,2373.0,0.0,4093.0,1043.0,1123.0,45.375,45.375
280.759,train:DC5,101.7,420.359375,17.6,2254.484375,2386.0,0.0,4019.0,963.0,1123.0,45.125,45.468
281.261,train:DC5,99.6,421.859375,16.7,2249.22265625,2381.0,0.0,3979.0,963.0,1123.0,45.218,45.25
281.763,train:DC5,99.6,416.109375,17.0,2245.9453125,2365.0,0.0,3979.0,963.0,1123.0,45.25,45.25
282.265,train:DC5,99.7,400.109375,17.3,2233.8515625,2357.0,0.0,3979.0,963.0,1123.0,45.125,45.406
282.767,train:DC5,99.6,366.85546875,17.3,2214.8203125,2323.0,0.0,4019.0,963.0,1123.0,45.156,45.406
283.280,train:DC5,101.3,344.88671875,20.8,2195.6171875,2386.0,0.0,4093.0,1003.0,1123.0,45.343,45.343
283.784,train:DC5,97.2,421.859375,17.9,2253.828125,2385.0,0.0,4019.0,963.0,1123.0,45.062,45.406
284.286,train:DC5,101.7,420.359375,16.7,2257.2265625,2381.0,0.0,4019.0,963.0,1123.0,45.125,45.25
284.787,train:DC5,99.7,407.40234375,17.5,2245.04296875,2365.0,0.0,3979.0,963.0,1123.0,45.468,45.468
285.289,train:DC6,99.7,417.7421875,17.3,2249.69921875,2373.0,0.0,4019.0,963.0,1123.0,45.312,45.312
285.791,train:DC6,97.7,400.109375,17.1,2237.6015625,2369.0,0.0,4019.0,963.0,1123.0,45.156,45.406
286.292,train:DC6,101.6,367.8515625,22.0,2218.875,2334.0,0.0,4052.0,1003.0,1123.0,45.562,45.562
286.800,train:DC6,100.5,344.88671875,17.4,2198.33984375,2381.0,0.0,4052.0,963.0,1123.0,45.437,45.437
287.304,train:DC6,99.2,421.859375,17.8,2249.27734375,2381.0,0.0,3979.0,963.0,1123.0,45.25,45.437
287.806,train:DC6,97.6,420.359375,16.5,2246.0,2377.0,0.0,4019.0,963.0,1123.0,45.062,45.312
288.308,train:DC6,101.7,418.39453125,17.5,2241.515625,2373.0,0.0,3979.0,963.0,1123.0,45.125,45.406
288.809,train:DC6,99.7,398.109375,16.8,2230.91015625,2362.0,0.0,3979.0,963.0,1123.0,45.125,45.25
289.311,train:DC6,97.7,369.96484375,18.2,2219.7578125,2343.0,0.0,3979.0,922.0,1123.0,45.062,45.343
289.813,train:DC1,103.6,372.20703125,21.1,2225.15234375,2349.0,0.0,4019.0,963.0,1123.0,45.343,45.343
290.315,train:DC1,97.5,344.88671875,17.3,2204.6015625,2365.0,0.0,4019.0,963.0,1123.0,45.406,45.406
290.817,train:DC1,99.7,421.859375,17.0,2250.9375,2382.0,0.0,4019.0,963.0,1123.0,45.187,45.187
291.318,train:DC1,99.7,420.359375,17.0,2246.40234375,2378.0,0.0,3979.0,963.0,1123.0,45.218,45.437
291.820,train:DC1,99.7,414.8828125,17.3,2241.7734375,2378.0,0.0,3979.0,963.0,1123.0,45.218,45.437
292.322,train:DC1,99.7,398.109375,17.3,2229.61328125,2373.0,0.0,4019.0,963.0,1123.0,45.125,45.281
292.824,train:DC1,101.6,368.859375,21.7,2218.41796875,2361.0,0.0,4019.0,963.0,1123.0,45.125,45.312
293.338,train:DC1,99.1,344.88671875,17.2,2199.578125,2350.0,0.0,4052.0,1003.0,1123.0,45.125,45.312
293.843,train:DC1,97.2,420.359375,17.0,2246.25,2331.0,0.0,4019.0,963.0,1123.0,45.218,45.406
294.345,train:DC1,101.6,407.40234375,16.7,2241.9609375,2378.0,0.0,3979.0,963.0,1123.0,45.375,45.375
294.846,train:DC2,99.7,420.359375,17.5,2246.734375,2373.0,0.0,3979.0,963.0,1123.0,45.187,45.406
295.348,train:DC2,99.6,419.609375,16.7,2242.140625,2378.0,0.0,3979.0,963.0,1123.0,45.062,45.375
295.850,train:DC2,99.6,393.140625,21.1,2222.67578125,2373.0,0.0,3979.0,963.0,1123.0,45.25,45.281
296.352,train:DC2,101.6,367.078125,17.5,2227.35546875,2362.0,0.0,4052.0,1003.0,1123.0,45.5,45.5
296.854,train:DC2,95.6,421.859375,16.7,2249.58203125,2367.0,0.0,4019.0,963.0,1123.0,45.25,45.25
297.355,train:DC2,101.7,420.359375,17.3,2247.87109375,2331.0,0.0,4019.0,963.0,1123.0,45.218,45.218
297.857,train:DC2,97.6,421.859375,17.0,2251.078125,2379.0,0.0,4019.0,963.0,1123.0,45.218,45.343
298.359,train:DC2,99.6,411.109375,16.9,2238.7578125,2382.0,0.0,4059.0,963.0,1123.0,45.187,45.343
298.861,train:DC2,99.6,389.73046875,21.7,2235.203125,2378.0,0.0,4019.0,963.0,1123.0,45.125,45.312
299.363,train:DC3,99.6,391.609375,17.0,2233.22265625,2366.0,0.0,4052.0,1003.0,1123.0,45.218,45.531
299.865,train:DC3,99.6,362.79296875,17.0,2224.7578125,2365.0,0.0,4019.0,963.0,1123.0,45.343,45.343
300.366,train:DC3,97.7,421.859375,16.7,2247.43359375,2364.0,0.0,4019.0,963.0,1123.0,45.125,45.468
300.868,train:DC3,99.7,420.359375,17.5,2247.8046875,2336.0,0.0,4019.0,963.0,1123.0,45.25,45.437
301.369,train:DC3,99.7,421.859375,16.7,2259.984375,2379.0,0.0,4019.0,963.0,1123.0,45.187,45.437
301.871,train:DC3,99.7,406.609375,21.7,2247.67578125,2391.0,0.0,4019.0,963.0,1123.0,45.343,45.312
302.373,train:DC3,99.7,385.97265625,17.5,2228.53515625,2387.0,0.0,4093.0,1003.0,1123.0,45.187,45.406
302.875,train:DC3,97.6,352.79296875,16.7,2203.7890625,2375.0,0.0,4019.0,963.0,1123.0,45.375,45.375
303.376,train:DC3,99.7,420.359375,17.6,2262.2421875,2362.0,0.0,4059.0,963.0,1123.0,45.25,45.437
303.878,train:DC3,99.6,407.40234375,16.7,2250.5625,2335.0,0.0,4019.0,963.0,1123.0,45.187,45.5
304.381,train:DC4,99.6,420.359375,17.5,2255.66015625,2332.0,0.0,4019.0,963.0,1123.0,45.406,45.406
304.882,train:DC4,99.7,421.859375,20.8,2259.66015625,2387.0,0.0,4019.0,963.0,1123.0,45.187,45.312
305.384,train:DC4,99.6,406.609375,17.5,2247.10546875,2391.0,0.0,4093.0,1003.0,1123.0,45.312,45.312
305.886,train:DC4,97.6,381.109375,17.3,2235.984375,2386.0,0.0,4019.0,963.0,1123.0,45.5,45.5
306.388,train:DC4,99.6,351.421875,17.5,2209.1328125,2375.0,0.0,4019.0,963.0,1123.0,45.187,45.437
306.890,train:DC4,101.7,420.359375,17.3,2252.26171875,2364.0,0.0,4019.0,963.0,1123.0,45.312,45.312
307.392,train:DC4,97.6,421.859375,17.3,2255.66015625,2332.0,0.0,3979.0,963.0,1123.0,45.343,45.437
307.894,train:DC4,99.7,418.109375,19.4,2252.67578125,2387.0,0.0,4019.0,963.0,1123.0,45.187,45.531
308.395,train:DC4,99.7,400.19921875,19.0,2237.890625,2391.0,0.0,4093.0,1041.0,1123.0,45.187,45.312
308.897,train:DC5,99.6,404.609375,17.3,2241.61328125,2376.0,0.0,4052.0,963.0,1123.0,45.125,45.437
309.399,train:DC5,97.7,374.984375,17.1,2231.0703125,2389.0,0.0,4019.0,963.0,1123.0,45.437,45.437
309.901,train:DC5,99.6,344.88671875,17.3,2196.73828125,2378.0,0.0,4019.0,963.0,1123.0,45.281,45.281
310.402,train:DC5,99.7,420.359375,17.3,2258.25390625,2366.0,0.0,4019.0,963.0,1123.0,45.312,45.562
310.904,train:DC5,97.6,421.859375,17.0,2255.09375,2347.0,0.0,4019.0,963.0,1123.0,45.156,45.312
311.407,train:DC5,99.5,416.3671875,22.0,2252.83203125,2388.0,0.0,4093.0,1043.0,1123.0,45.562,45.343
311.909,train:DC5,99.6,400.109375,17.3,2234.515625,2392.0,0.0,4019.0,1003.0,1123.0,45.156,45.281
312.411,train:DC5,97.6,366.85546875,16.7,2221.9453125,2387.0,0.0,4019.0,963.0,1123.0,45.343,45.343
312.925,train:DC5,101.1,344.88671875,17.7,2198.26171875,2377.0,0.0,4019.0,963.0,1123.0,45.375,45.375
313.429,train:DC6,99.2,344.88671875,17.3,2196.4921875,2369.0,0.0,3979.0,963.0,1123.0,45.218,45.468
313.931,train:DC6,97.7,420.359375,16.4,2258.8203125,2367.0,0.0,4059.0,963.0,1123.0,45.218,45.406
314.433,train:DC6,99.6,421.859375,21.5,2254.171875,2347.0,0.0,4093.0,1043.0,1123.0,45.312,45.375
314.935,train:DC6,99.7,413.32421875,17.0,2250.25,2385.0,0.0,4059.0,1003.0,1123.0,45.375,45.375
315.437,train:DC6,99.6,398.54296875,17.5,2230.953125,2389.0,0.0,4019.0,963.0,1123.0,45.218,45.312
315.939,train:DC6,99.7,366.85546875,16.7,2219.14453125,2386.0,0.0,3979.0,963.0,1123.0,45.281,45.406
316.455,train:DC6,98.8,344.88671875,17.1,2199.890625,2382.0,0.0,3979.0,963.0,1123.0,45.218,45.406
316.959,train:DC6,99.1,421.859375,16.9,2254.4609375,2362.0,0.0,4019.0,963.0,1123.0,45.156,45.437
317.461,train:DC6,99.6,420.359375,21.7,2253.63671875,2343.0,0.0,4019.0,963.0,1123.0,45.218,45.281
317.963,train:DC6,97.7,407.40234375,16.7,2238.01953125,2385.0,0.0,4052.0,1003.0,1123.0,45.312,45.375
318.465,train:DC1,99.6,416.11328125,17.9,2249.7890625,2334.0,0.0,4019.0,963.0,1123.0,45.406,45.406
318.967,train:DC1,99.6,400.109375,17.2,2236.43359375,2381.0,0.0,4019.0,963.0,1123.0,45.562,45.562
319.469,train:DC1,99.6,366.85546875,16.7,2224.51953125,2383.0,0.0,4019.0,963.0,1123.0,45.312,45.5
319.983,train:DC1,101.2,344.88671875,17.2,2202.34375,2376.0,0.0,4019.0,963.0,1123.0,45.156,45.375
320.487,train:DC1,97.2,421.859375,21.1,2248.03515625,2365.0,0.0,3979.0,963.0,1123.0,45.5,45.343
320.989,train:DC1,99.7,420.359375,16.9,2251.9375,2352.0,0.0,4052.0,1003.0,1123.0,45.125,45.281
321.490,train:DC1,99.7,413.83203125,17.3,2238.765625,2383.0,0.0,4019.0,963.0,1123.0,45.343,45.343
321.992,train:DC1,97.7,392.4140625,16.7,2234.85546875,2378.0,0.0,3979.0,963.0,1123.0,45.406,45.406
322.494,train:DC1,99.7,365.96484375,17.6,2211.1015625,2382.0,0.0,3979.0,963.0,1123.0,45.218,45.375
322.996,train:DC2,99.6,366.85546875,16.9,2220.55078125,2366.0,0.0,4019.0,963.0,1123.0,45.156,45.343
323.497,train:DC2,97.7,420.359375,21.1,2251.578125,2375.0,0.0,3979.0,963.0,1123.0,45.125,45.218
323.999,train:DC2,101.7,421.859375,17.0,2247.4609375,2363.0,0.0,4052.0,1003.0,1123.0,45.406,45.406
324.501,train:DC2,97.6,420.359375,17.9,2252.34375,2345.0,0.0,4052.0,963.0,1123.0,45.187,45.406
325.003,train:DC2,97.6,411.109375,16.7,2235.578125,2350.0,0.0,4019.0,963.0,1123.0,45.25,45.5
325.504,train:DC2,101.7,385.359375,17.0,2238.453125,2381.0,0.0,4019.0,963.0,1123.0,45.125,45.406
326.006,train:DC2,99.7,358.79296875,17.3,2199.91796875,2377.0,0.0,3979.0,963.0,1123.0,45.156,45.25
326.508,train:DC2,97.6,421.859375,21.1,2255.18359375,2378.0,0.0,3979.0,963.0,1123.0,45.093,45.312
327.010,train:DC2,99.7,420.359375,17.3,2251.84765625,2368.0,0.0,4052.0,1003.0,1123.0,45.281,45.343
327.511,train:DC2,99.6,407.40234375,17.4,2239.45703125,2347.0,0.0,4019.0,963.0,1123.0,45.343,45.375
328.013,train:DC3,99.7,420.359375,17.3,2251.98828125,2360.0,0.0,3979.0,963.0,1123.0,45.156,45.375
328.515,train:DC3,97.7,408.609375,16.7,2240.7265625,2333.0,0.0,3979.0,963.0,1123.0,45.125,45.312
329.016,train:DC3,99.7,379.109375,17.5,2234.62109375,2388.0,0.0,4019.0,963.0,1123.0,45.125,45.25
329.520,train:DC3,99.2,354.171875,20.3,2207.84375,2377.0,0.0,4019.0,963.0,1123.0,45.343,45.343
330.022,train:DC3,99.7,421.859375,18.4,2250.88671875,2374.0,0.0,4093.0,1003.0,1123.0,45.125,45.218
330.524,train:DC3,97.6,420.359375,17.3,2247.4921875,2355.0,0.0,4019.0,963.0,1123.0,45.218,45.375
331.025,train:DC3,99.7,419.609375,17.3,2242.8984375,2359.0,0.0,4019.0,963.0,1123.0,45.187,45.343
331.527,train:DC3,99.7,404.609375,16.7,2236.109375,2332.0,0.0,4019.0,963.0,1123.0,45.437,45.312
332.028,train:DC3,99.7,378.609375,17.5,2231.515625,2383.0,0.0,3979.0,963.0,1123.0,45.125,45.25
332.530,train:DC4,97.6,379.109375,16.4,2232.29296875,2366.0,0.0,3979.0,963.0,1123.0,45.25,45.312
333.031,train:DC4,101.7,346.76171875,22.3,2191.0703125,2380.0,0.0,4093.0,1003.0,1123.0,45.187,45.562
333.533,train:DC4,97.6,421.859375,16.4,2245.69140625,2377.0,0.0,4019.0,963.0,1123.0,45.125,45.343
334.035,train:DC4,99.7,420.359375,17.1,2258.22265625,2370.0,0.0,4059.0,963.0,1123.0,45.187,45.281
334.536,train:DC4,99.7,419.609375,17.5,2255.05859375,2355.0,0.0,4019.0,963.0,1123.0,45.343,45.343
335.038,train:DC4,99.7,399.4453125,16.8,2234.81640625,2328.0,0.0,4052.0,963.0,1123.0,45.468,45.468
335.539,train:DC4,97.7,372.3515625,19.2,2223.6328125,2389.0,0.0,4059.0,963.0,1123.0,45.343,45.437
336.049,train:DC4,102.1,344.88671875,21.6,2196.8125,2386.0,0.0,4093.0,1003.0,1123.0,45.156,45.312
336.554,train:DC4,97.1,420.359375,17.0,2259.23046875,2383.0,0.0,4019.0,963.0,1123.0,45.125,45.281
337.055,train:DC4,99.7,407.40234375,17.6,2241.93359375,2370.0,0.0,4019.0,963.0,1123.0,45.343,45.343
337.556,train:DC5,99.7,420.359375,17.3,2254.76171875,2370.0,0.0,4019.0,963.0,1123.0,45.093,45.25
338.058,train:DC5,97.7,417.92578125,16.8,2251.484375,2359.0,0.0,3979.0,963.0,1123.0,45.25,45.375
338.559,train:DC5,99.8,398.109375,17.0,2231.515625,2332.0,0.0,3979.0,963.0,1123.0,45.218,45.343
339.060,train:DC5,99.7,368.859375,21.6,2219.54296875,2385.0,0.0,4133.0,1041.0,1123.0,45.25,45.343
339.577,train:DC5,98.8,344.88671875,16.8,2192.90625,2382.0,0.0,4059.0,963.0,1123.0,45.093,45.281
340.081,train:DC5,99.2,420.359375,17.5,2255.21484375,2387.0,0.0,4019.0,963.0,1123.0,45.25,45.375
340.582,train:DC5,99.7,421.859375,16.7,2252.3515625,2376.0,0.0,4019.0,963.0,1123.0,45.406,45.406
341.083,train:DC5,97.8,412.24609375,17.6,2249.125,2357.0,0.0,4059.0,963.0,1123.0,45.187,45.312
341.585,train:DC5,99.8,395.01171875,16.8,2229.16015625,2329.0,0.0,4019.0,963.0,1123.0,45.125,45.343
342.086,train:DC6,97.7,392.48828125,21.9,2226.4140625,2327.0,0.0,4093.0,1043.0,1123.0,45.218,45.25
342.588,train:DC6,99.6,367.39453125,17.3,2223.9453125,2389.0,0.0,4059.0,1003.0,1123.0,45.375,45.375
343.089,train:DC6,99.7,421.859375,17.0,2255.1875,2386.0,0.0,4019.0,963.0,1123.0,45.281,45.281
343.591,train:DC6,99.7,420.359375,17.3,2258.671875,2382.0,0.0,4019.0,963.0,1123.0,45.187,45.375
344.092,train:DC6,97.7,421.859375,17.1,2254.7734375,2371.0,0.0,4019.0,963.0,1123.0,45.062,45.375
344.593,train:DC6,99.7,411.109375,17.0,2240.16796875,2367.0,0.0,3979.0,963.0,1123.0,45.218,45.281
345.095,train:DC6,99.7,387.359375,21.1,2229.26171875,2333.0,0.0,4052.0,1003.0,1123.0,45.406,45.281
345.597,train:DC6,97.6,359.5703125,17.3,2220.7421875,2384.0,0.0,4052.0,1003.0,1123.0,45.281,45.312
346.098,train:DC6,99.7,420.359375,17.1,2259.859375,2391.0,0.0,4019.0,963.0,1123.0,45.406,45.406
346.599,train:DC6,99.8,407.40234375,17.3,2238.50390625,2370.0,0.0,3979.0,963.0,1123.0,45.156,45.468
347.100,train:DC1,97.8,420.359375,17.1,2250.80078125,2382.0,0.0,4019.0,963.0,1123.0,45.218,45.437
347.602,train:DC1,99.8,421.859375,17.0,2254.27734375,2370.0,0.0,4019.0,963.0,1123.0,45.093,45.437
348.103,train:DC1,99.8,406.609375,21.1,2236.0,2364.0,0.0,4019.0,963.0,1123.0,45.281,45.281
348.605,train:DC1,99.6,385.359375,17.3,2232.2734375,2348.0,0.0,4052.0,1003.0,1123.0,45.031,45.281
349.106,train:DC1,99.7,351.515625,17.6,2197.11328125,2380.0,0.0,4052.0,963.0,1123.0,45.062,45.343
349.608,train:DC1,99.6,420.359375,16.7,2247.80078125,2379.0,0.0,4019.0,963.0,1123.0,45.343,45.343
350.109,train:DC1,99.8,421.859375,17.3,2252.45703125,2384.0,0.0,4019.0,963.0,1123.0,45.5,45.5
350.611,train:DC1,97.8,418.109375,16.7,2255.671875,2371.0,0.0,4019.0,963.0,1123.0,45.218,45.25
351.112,train:DC1,99.8,400.29296875,18.3,2236.08203125,2359.0,0.0,3979.0,963.0,1123.0,45.125,45.375
351.613,train:DC2,99.7,404.609375,20.5,2235.83203125,2365.0,0.0,4012.0,1003.0,1123.0,45.062,45.281
352.115,train:DC2,99.6,374.984375,16.5,2223.37890625,2347.0,0.0,4019.0,963.0,1123.0,45.093,45.25
352.616,train:DC2,97.7,344.88671875,16.9,2196.7421875,2386.0,0.0,3979.0,963.0,1123.0,45.125,45.312
353.117,train:DC2,99.8,420.359375,17.3,2259.21875,2391.0,0.0,4019.0,963.0,1123.0,45.25,45.312
353.619,train:DC2,99.8,421.859375,17.0,2254.7421875,2386.0,0.0,4019.0,963.0,1123.0,45.343,45.343
354.120,train:DC2,97.8,418.109375,16.8,2251.7578125,2375.0,0.0,4019.0,963.0,1123.0,45.156,45.25
354.621,train:DC2,99.7,400.109375,21.3,2233.734375,2365.0,0.0,4052.0,1003.0,1123.0,45.156,45.343
355.123,train:DC2,99.6,366.85546875,17.6,2214.76171875,2346.0,0.0,4019.0,963.0,1123.0,45.156,45.312
355.636,train:DC2,99.4,344.88671875,16.6,2200.00390625,2381.0,0.0,4019.0,963.0,1123.0,45.218,45.25
356.140,train:DC3,99.2,344.88671875,17.5,2195.43359375,2370.0,0.0,4019.0,963.0,1123.0,45.218,45.468
356.641,train:DC3,97.8,420.359375,16.7,2249.9375,2381.0,0.0,3979.0,963.0,1123.0,45.25,45.25
357.142,train:DC3,99.8,421.859375,17.0,2254.69921875,2386.0,0.0,3979.0,963.0,1123.0,45.125,45.375
357.644,train:DC3,99.8,412.78125,21.4,2243.98046875,2371.0,0.0,4052.0,1003.0,1123.0,45.218,45.312
358.145,train:DC3,99.6,395.609375,17.0,2225.2578125,2357.0,0.0,4019.0,963.0,1123.0,45.125,45.25
358.647,train:DC3,99.7,366.85546875,16.7,2221.9296875,2345.0,0.0,3979.0,963.0,1123.0,45.281,45.281
359.148,train:DC3,97.8,420.359375,17.3,2253.17578125,2384.0,0.0,4019.0,963.0,1123.0,45.562,45.562
359.649,train:DC3,99.8,421.859375,16.8,2256.06640625,2384.0,0.0,4019.0,963.0,1123.0,45.562,45.562
360.151,train:DC3,99.8,420.359375,17.2,2252.62109375,2387.0,0.0,4019.0,963.0,1123.0,45.218,45.437
360.652,train:DC3,97.7,405.57421875,21.7,2241.54296875,2384.0,0.0,4019.0,963.0,1123.0,45.125,45.343
361.154,train:DC4,101.6,411.109375,17.2,2249.42578125,2373.0,0.0,4052.0,1003.0,1123.0,45.312,45.218
361.656,train:DC4,97.7,389.359375,17.0,2231.171875,2381.0,0.0,4019.0,963.0,1123.0,45.187,45.343
362.157,train:DC4,99.7,360.85546875,16.7,2211.9296875,2362.0,0.0,4019.0,963.0,1123.0,45.156,45.281
362.659,train:DC4,97.7,420.359375,17.5,2255.05859375,2351.0,0.0,3979.0,963.0,1123.0,45.25,45.406
363.160,train:DC4,99.8,421.859375,17.0,2250.58203125,2386.0,0.0,3979.0,963.0,1123.0,45.125,45.312
363.661,train:DC4,99.7,420.359375,21.3,2255.1171875,2382.0,0.0,3979.0,963.0,1123.0,45.187,45.312
364.163,train:DC4,99.6,408.609375,17.3,2234.578125,2386.0,0.0,4052.0,1003.0,1123.0,45.125,45.25
364.665,train:DC4,99.7,379.109375,17.3,2234.5625,2382.0,0.0,4019.0,963.0,1123.0,45.312,45.312
365.166,train:DC4,97.8,352.9140625,17.0,2203.6796875,2370.0,0.0,4019.0,963.0,1123.0,45.156,45.375
365.667,train:DC5,99.8,352.79296875,17.0,2200.06640625,2351.0,0.0,3979.0,963.0,1125.0,45.125,45.375
366.169,train:DC5,97.8,420.359375,17.5,2253.953125,2346.0,0.0,4059.0,963.0,1123.0,45.156,45.312
366.670,train:DC5,101.7,421.859375,21.1,2250.44921875,2351.0,0.0,4019.0,963.0,1123.0,45.343,45.343
367.172,train:DC5,97.6,418.109375,17.5,2253.6328125,2382.0,0.0,4133.0,1003.0,1123.0,45.156,45.25
367.673,train:DC5,99.7,406.609375,17.1,2242.58984375,2385.0,0.0,4059.0,963.0,1123.0,45.25,45.25
368.175,train:DC5,99.7,372.984375,16.9,2223.76171875,2374.0,0.0,4019.0,963.0,1123.0,45.218,45.343
368.676,train:DC5,97.8,345.66796875,17.3,2199.71484375,2363.0,0.0,3979.0,963.0,1123.0,45.125,45.312
369.177,train:DC5,99.8,421.859375,16.7,2259.66015625,2352.0,0.0,3979.0,963.0,1123.0,45.093,45.25
369.679,train:DC5,99.7,420.359375,20.9,2256.46875,2357.0,0.0,3979.0,963.0,1123.0,45.093,45.281
370.181,train:DC5,99.6,407.40234375,17.9,2242.0546875,2388.0,0.0,4133.0,1041.0,1123.0,45.437,45.437
370.683,train:DC6,99.6,418.109375,17.3,2254.5859375,2373.0,0.0,4019.0,963.0,1123.0,45.406,45.406
371.184,train:DC6,97.7,400.109375,17.0,2235.69921875,2386.0,0.0,3979.0,963.0,1123.0,45.218,45.406
371.685,train:DC6,99.7,368.828125,16.8,2217.984375,2382.0,0.0,3979.0,963.0,1123.0,45.218,45.218
372.194,train:DC6,100.2,344.88671875,17.3,2199.2265625,2365.0,0.0,4019.0,963.0,1123.0,45.125,45.375
372.698,train:DC6,97.2,421.859375,17.1,2253.828125,2362.0,0.0,4059.0,963.0,1123.0,45.093,45.281
373.199,train:DC6,99.7,420.359375,21.3,2258.2421875,2328.0,0.0,4133.0,1041.0,1123.0,45.125,45.406
373.701,train:DC6,99.6,413.30859375,17.3,2250.91796875,2390.0,0.0,4019.0,963.0,1123.0,45.218,45.218
374.203,train:DC6,99.7,391.609375,16.7,2224.046875,2382.0,0.0,4019.0,963.0,1123.0,45.093,45.375
374.704,train:DC6,99.7,364.33984375,17.5,2219.69140625,2387.0,0.0,3979.0,963.0,1123.0,45.156,45.437
375.205,train:DC1,97.8,364.234375,17.5,2208.94921875,2367.0,0.0,3979.0,963.0,1123.0,44.968,45.218
375.707,train:DC1,99.7,420.359375,16.4,2255.9453125,2364.0,0.0,3979.0,963.0,1123.0,45.281,45.312
376.208,train:DC1,99.7,421.859375,21.1,2252.23828125,2360.0,0.0,4052.0,1003.0,1123.0,45.562,45.562
376.710,train:DC1,97.6,420.359375,17.3,2256.77734375,2334.0,0.0,4019.0,1003.0,1123.0,45.187,45.187
377.212,train:DC1,99.7,408.609375,17.3,2245.390625,2388.0,0.0,4019.0,963.0,1123.0,45.281,45.312
377.713,train:DC1,99.7,385.359375,17.3,2235.68359375,2385.0,0.0,3979.0,963.0,1123.0,45.125,45.25
378.214,train:DC1,97.7,354.79296875,16.4,2196.9140625,2382.0,0.0,4019.0,963.0,1123.0,45.156,45.312
378.716,train:DC1,101.7,421.859375,17.8,2255.71875,2363.0,0.0,4019.0,963.0,1123.0,45.125,45.218
379.217,train:DC1,97.7,420.359375,21.1,2252.453125,2360.0,0.0,4019.0,963.0,1123.0,45.25,45.343
379.719,train:DC1,99.6,407.40234375,17.0,2247.5390625,2324.0,0.0,4052.0,1003.0,1123.0,45.187,45.375
380.221,train:DC2,99.7,420.078125,16.7,2247.05078125,2337.0,0.0,4019.0,963.0,1123.0,45.125,45.281
380.722,train:DC2,97.7,407.95703125,17.6,2236.33203125,2378.0,0.0,4019.0,963.0,1123.0,45.187,45.25
381.224,train:DC2,99.8,378.87109375,16.4,2234.6640625,2383.0,0.0,3979.0,963.0,1123.0,45.312,45.312
381.725,train:DC2,99.7,346.76171875,17.8,2200.48828125,2381.0,0.0,3979.0,922.0,1123.0,45.5,45.5
382.226,train:DC2,99.7,421.859375,20.8,2247.3125,2363.0,0.0,4019.0,963.0,1123.0,45.125,45.406
382.728,train:DC2,97.6,420.359375,17.5,2251.91015625,2360.0,0.0,4052.0,1003.0,1123.0,45.125,45.406
383.230,train:DC2,97.7,419.609375,17.1,2247.33203125,2332.0,0.0,4019.0,963.0,1123.0,45.093,45.281
383.731,train:DC2,99.8,398.109375,17.6,2228.84375,2379.0,0.0,4059.0,963.0,1123.0,45.218,45.468
384.232,train:DC2,99.8,369.31640625,16.7,2217.6953125,2384.0,0.0,4019.0,963.0,1123.0,45.187,45.25
384.733,train:DC3,97.7,370.3125,17.4,2226.3359375,2368.0,0.0,4019.0,963.0,1123.0,45.312,45.5
385.243,train:DC3,100.0,344.88671875,21.2,2191.41015625,2381.0,0.0,4059.0,963.0,1123.0,45.156,45.406
385.748,train:DC3,99.0,421.859375,17.5,2245.953125,2358.0,0.0,4052.0,1003.0,1123.0,45.125,45.406
386.250,train:DC3,97.7,420.359375,16.7,2247.75,2356.0,0.0,4019.0,963.0,1123.0,45.125,45.218
386.751,train:DC3,99.8,414.54296875,17.1,2244.64453125,2329.0,0.0,4019.0,963.0,1123.0,45.25,45.375
387.252,train:DC3,99.8,394.484375,17.3,2232.37109375,2376.0,0.0,4019.0,963.0,1123.0,45.312,45.25
387.753,train:DC3,99.8,368.328125,17.3,2221.3359375,2379.0,0.0,3979.0,963.0,1123.0,45.312,45.437
388.254,train:DC3,97.7,421.859375,21.9,2245.67578125,2376.0,0.0,4019.0,963.0,1123.0,45.125,45.343
388.756,train:DC3,101.6,420.359375,17.3,2250.21484375,2366.0,0.0,4052.0,1003.0,1123.0,45.437,45.375
389.258,train:DC3,97.7,407.40234375,17.3,2234.87890625,2355.0,0.0,4059.0,963.0,1123.0,45.0,45.343
389.759,train:DC4,97.8,420.359375,16.4,2240.09765625,2363.0,0.0,3979.0,963.0,1123.0,45.281,45.343
390.260,train:DC4,99.7,413.109375,17.9,2244.91015625,2322.0,0.0,3979.0,963.0,1123.0,45.125,45.406
390.762,train:DC4,99.8,387.359375,16.7,2232.86328125,2384.0,0.0,4019.0,963.0,1123.0,45.125,45.406
391.263,train:DC4,99.7,360.984375,19.5,2214.49609375,2380.0,0.0,4019.0,963.0,1123.0,45.125,45.343
391.765,train:DC4,97.6,421.859375,19.9,2245.99609375,2377.0,0.0,4052.0,1003.0,1123.0,45.156,45.312
392.267,train:DC4,99.6,420.359375,17.3,2250.59375,2366.0,0.0,4019.0,963.0,1123.0,45.406,45.406
392.768,train:DC4,97.7,421.859375,16.7,2246.44140625,2355.0,0.0,3979.0,963.0,1123.0,45.187,45.406
393.270,train:DC4,101.6,406.609375,17.5,2239.7109375,2328.0,0.0,3979.0,963.0,1123.0,45.25,45.375
393.772,train:DC4,97.7,384.41015625,16.4,2236.2890625,2379.0,0.0,3979.0,963.0,1123.0,45.156,45.375
394.273,train:DC5,99.6,385.05078125,17.6,2225.50390625,2368.0,0.0,3979.0,963.0,1123.0,45.437,45.437
394.776,train:DC5,99.6,354.79296875,21.6,2205.8828125,2379.0,0.0,4093.0,1003.0,1123.0,45.125,45.25
395.278,train:DC5,99.6,421.859375,18.1,2252.765625,2376.0,0.0,4019.0,963.0,1123.0,45.218,45.468
395.780,train:DC5,99.6,420.359375,17.3,2250.39453125,2366.0,0.0,4019.0,963.0,1123.0,45.062,45.312
396.281,train:DC5,99.7,419.609375,17.3,2247.2421875,2355.0,0.0,4019.0,963.0,1123.0,45.156,45.5
396.783,train:DC5,97.7,404.20703125,16.4,2230.59765625,2329.0,0.0,4059.0,963.0,1123.0,45.093,45.281
397.285,train:DC5,101.7,374.984375,18.2,2224.58203125,2384.0,0.0,4019.0,963.0,1123.0,45.218,45.437
397.787,train:DC5,99.5,344.88671875,20.7,2168.5234375,2379.0,0.0,4133.0,1001.0,1123.0,45.25,45.281
398.289,train:DC5,97.7,420.359375,17.1,2250.94140625,2374.0,0.0,4019.0,963.0,1123.0,45.187,45.375
398.791,train:DC5,99.6,407.40234375,17.0,2232.72265625,2363.0,0.0,3979.0,963.0,1123.0,45.156,45.343
399.292,train:DC6,97.7,420.375,17.9,2246.4375,2362.0,0.0,3979.0,963.0,1123.0,45.187,45.406
399.794,train:DC6,101.7,414.25390625,16.4,2242.92578125,2359.0,0.0,3979.0,963.0,1123.0,45.5,45.25
400.295,train:DC6,97.7,395.14453125,17.3,2230.28515625,2330.0,0.0,4019.0,963.0,1123.0,45.062,45.375
400.797,train:DC6,99.6,366.87109375,21.3,2218.79296875,2377.0,0.0,4133.0,1041.0,1123.0,45.281,45.281
401.299,train:DC6,99.6,421.875,17.0,2249.90234375,2381.0,0.0,4019.0,963.0,1123.0,45.125,45.468
401.801,train:DC6,99.7,420.375,17.5,2244.8984375,2376.0,0.0,4019.0,963.0,1123.0,45.156,45.437
402.302,train:DC6,97.7,421.875,17.3,2242.37109375,2361.0,0.0,4019.0,963.0,1123.0,45.093,45.343
402.804,train:DC6,99.7,411.125,16.8,2237.3671875,2361.0,0.0,4059.0,963.0,1123.0,45.281,45.281
403.305,train:DC6,99.7,389.63671875,17.5,2238.90625,2326.0,0.0,4019.0,963.0,1123.0,45.406,45.406
403.807,train:DC1,97.6,385.375,20.0,2228.625,2329.0,0.0,4093.0,1043.0,1123.0,45.281,45.468
404.309,train:DC1,101.6,358.03125,17.3,2218.73046875,2383.0,0.0,4059.0,963.0,1123.0,45.125,45.406
404.811,train:DC1,97.7,421.875,17.0,2249.9765625,2381.0,0.0,4019.0,963.0,1123.0,45.156,45.312
405.312,train:DC1,99.8,420.375,17.5,2253.42578125,2385.0,0.0,3979.0,963.0,1123.0,45.312,45.312
405.813,train:DC1,97.7,421.875,16.7,2259.0546875,2375.0,0.0,4052.0,963.0,1123.0,45.125,45.187
406.314,train:DC1,99.8,406.625,17.1,2237.74609375,2361.0,0.0,4019.0,963.0,1123.0,45.218,45.375
406.815,train:DC1,99.7,381.125,21.9,2234.09765625,2336.0,0.0,4052.0,1003.0,1123.0,45.187,45.312
407.317,train:DC1,99.6,348.53515625,17.3,2203.5546875,2381.0,0.0,4059.0,1003.0,1123.0,45.125,45.312
407.819,train:DC1,99.7,420.375,17.0,2253.57421875,2385.0,0.0,4019.0,963.0,1123.0,45.156,45.218
408.320,train:DC1,99.8,407.41796875,17.1,2248.98046875,2380.0,0.0,3979.0,963.0,1123.0,45.187,45.187
408.821,train:DC2,97.8,420.375,17.3,2261.51171875,2393.0,0.0,3979.0,963.0,1123.0,45.5,45.5
409.322,train:DC2,99.8,419.625,17.3,2258.17578125,2382.0,0.0,4019.0,963.0,1123.0,45.187,45.468
409.824,train:DC2,99.7,404.625,21.0,2246.7421875,2363.0,0.0,4019.0,963.0,1123.0,45.125,45.312
410.326,train:DC2,97.6,375.0,17.6,2228.10546875,2336.0,0.0,4052.0,1003.0,1123.0,45.25,45.312
410.827,train:DC2,99.7,344.90234375,17.6,2194.90234375,2391.0,0.0,4059.0,963.0,1123.0,45.437,45.437
411.329,train:DC2,99.7,420.375,16.7,2256.328125,2388.0,0.0,4019.0,963.0,1123.0,45.125,45.25
411.831,train:DC2,99.7,421.875,17.0,2253.05078125,2384.0,0.0,3979.0,963.0,1123.0,45.218,45.406
412.332,train:DC2,99.7,413.42578125,17.3,2249.65625,2373.0,0.0,3979.0,922.0,1123.0,45.125,45.281
412.834,train:DC2,97.8,396.48828125,17.1,2241.73828125,2373.0,0.0,3979.0,963.0,1123.0,45.125,45.406
413.335,train:DC3,99.7,396.66015625,20.8,2231.38671875,2359.0,0.0,4052.0,1003.0,1123.0,45.125,45.343
413.837,train:DC3,99.6,368.875,17.0,2224.41796875,2340.0,0.0,4019.0,963.0,1123.0,45.281,45.375
414.338,train:DC3,101.7,344.90234375,17.6,2197.84375,2387.0,0.0,4019.0,963.0,1123.0,45.531,45.531
414.859,train:DC3,96.1,420.375,16.7,2260.33984375,2392.0,0.0,4019.0,963.0,1123.0,45.218,45.375
415.360,train:DC3,99.7,421.875,17.3,2260.39453125,2392.0,0.0,4019.0,963.0,1123.0,45.187,45.406
415.861,train:DC3,97.8,412.9140625,17.3,2250.734375,2374.0,0.0,4019.0,963.0,1123.0,45.156,45.25
416.363,train:DC3,99.7,393.625,21.5,2231.875,2363.0,0.0,4093.0,1003.0,1123.0,45.5,45.5
416.865,train:DC3,99.6,364.72265625,17.3,2220.72265625,2336.0,0.0,4019.0,963.0,1123.0,45.218,45.218
417.366,train:DC3,97.7,420.375,17.3,2259.640625,2391.0,0.0,4019.0,963.0,1123.0,45.343,45.343
417.881,train:DC3,101.0,344.90234375,17.0,2197.390625,2379.0,0.0,4019.0,963.0,1123.0,45.25,45.343
418.389,train:DC4,100.5,420.375,17.3,2258.8828125,2390.0,0.0,4019.0,963.0,1125.0,45.125,45.312
418.890,train:DC4,97.8,421.875,17.1,2255.6640625,2387.0,0.0,3979.0,963.0,1123.0,45.156,45.218
419.391,train:DC4,99.7,412.3515625,20.8,2261.7109375,2393.0,0.0,4052.0,1003.0,1123.0,45.312,45.312
419.893,train:DC4,99.7,393.625,17.5,2238.23828125,2362.0,0.0,4019.0,963.0,1123.0,45.468,45.468
420.394,train:DC4,99.7,361.01953125,17.0,2219.8046875,2351.0,0.0,3979.0,963.0,1123.0,45.218,45.25
420.896,train:DC4,97.7,420.375,17.1,2262.875,2394.0,0.0,4019.0,963.0,1123.0,45.218,45.218
421.397,train:DC4,99.8,421.875,17.0,2259.890625,2391.0,0.0,4059.0,963.0,1123.0,45.125,45.5
421.898,train:DC4,99.8,420.375,17.1,2264.7734375,2396.0,0.0,4019.0,963.0,1123.0,45.093,45.343
422.399,train:DC4,97.8,405.58984375,21.9,2247.6484375,2379.0,0.0,4052.0,1003.0,1123.0,45.156,45.468
422.901,train:DC5,101.6,411.125,17.3,2253.62109375,2385.0,0.0,4019.0,963.0,1123.0,45.312,45.312
423.403,train:DC5,97.7,388.203125,17.3,2234.90625,2385.0,0.0,4019.0,963.0,1123.0,45.312,45.312
423.904,train:DC5,97.8,360.87109375,16.8,2215.99609375,2366.0,0.0,4019.0,963.0,1123.0,45.343,45.406
424.405,train:DC5,99.8,420.375,17.3,2262.98828125,2347.0,0.0,3979.0,963.0,1123.0,45.125,45.468
424.906,train:DC5,101.8,421.875,17.1,2258.3359375,2394.0,0.0,4019.0,963.0,1123.0,45.125,45.343
425.407,train:DC5,97.7,420.375,21.1,2263.703125,2390.0,0.0,4019.0,963.0,1123.0,45.125,45.281
425.909,train:DC5,99.6,408.625,17.6,2246.59765625,2395.0,0.0,4093.0,1003.0,1123.0,45.343,45.343
426.411,train:DC5,97.7,380.01953125,16.4,2244.6328125,2386.0,0.0,4019.0,963.0,1123.0,45.156,45.25
426.912,train:DC5,99.8,352.9296875,17.6,2213.78515625,2376.0,0.0,4019.0,963.0,1123.0,45.125,45.375
427.413,train:DC6,99.8,352.80859375,17.3,2213.10546875,2356.0,0.0,4019.0,963.0,1123.0,45.125,45.375
427.914,train:DC6,97.8,420.375,16.5,2256.171875,2364.0,0.0,4059.0,963.0,1123.0,45.25,45.281
428.416,train:DC6,99.7,421.875,21.9,2260.66796875,2387.0,0.0,4059.0,963.0,1123.0,45.125,45.25
428.918,train:DC6,99.6,418.125,17.3,2250.8828125,2392.0,0.0,4133.0,1041.0,1123.0,45.343,45.343
429.419,train:DC6,97.7,406.625,17.1,2251.59765625,2386.0,0.0,4059.0,963.0,1123.0,45.437,45.437
429.920,train:DC6,101.7,376.2734375,17.1,2232.7109375,2391.0,0.0,4019.0,963.0,1123.0,45.125,45.218
430.422,train:DC6,97.8,346.77734375,17.3,2201.95703125,2372.0,0.0,4019.0,963.0,1123.0,45.281,45.281
430.923,train:DC6,97.8,421.875,17.1,2262.72265625,2355.0,0.0,3979.0,963.0,1123.0,45.093,45.375
431.426,train:DC6,99.4,420.375,20.3,2263.7421875,2359.0,0.0,4059.0,963.0,1123.0,45.093,45.312
431.927,train:DC6,101.6,407.41796875,18.7,2251.515625,2395.0,0.0,4133.0,1043.0,1123.0,45.25,45.281
432.439,train:DC1,97.8,418.125,17.0,2254.21484375,2383.0,0.0,4052.0,963.0,1123.0,45.156,45.312
432.941,train:DC1,99.7,405.46875,17.1,2242.67578125,2393.0,0.0,4019.0,963.0,1123.0,45.343,45.343
433.442,train:DC1,99.7,373.0,17.3,2230.85546875,2382.0,0.0,4059.0,963.0,1123.0,45.125,45.437
433.943,train:DC1,97.8,344.90234375,17.5,2203.5546875,2370.0,0.0,4059.0,963.0,1123.0,45.156,45.312
434.444,train:DC1,99.7,421.875,17.4,2258.05078125,2350.0,0.0,4019.0,963.0,1123.0,45.125,45.437
434.946,train:DC1,99.7,420.375,17.7,2261.75,2351.0,0.0,4019.0,963.0,1123.0,45.312,45.312
435.447,train:DC1,97.8,413.73046875,16.7,2252.40625,2393.0,0.0,4019.0,963.0,1123.0,45.218,45.406
435.948,train:DC1,99.8,391.625,17.0,2232.93359375,2392.0,0.0,4019.0,963.0,1123.0,45.187,45.25
436.449,train:DC1,99.7,364.35546875,17.3,2220.92578125,2380.0,0.0,3979.0,963.0,1123.0,45.125,45.312
436.951,train:DC2,99.7,366.87109375,16.7,2217.03515625,2368.0,0.0,3979.0,963.0,1123.0,45.218,45.25
437.452,train:DC2,97.7,420.375,17.5,2256.390625,2364.0,0.0,4059.0,963.0,1123.0,45.125,45.375
437.954,train:DC2,99.7,421.875,16.2,2260.53515625,2361.0,0.0,4019.0,963.0,1123.0,45.218,45.25
438.455,train:DC2,99.7,420.375,17.3,2256.15625,2326.0,0.0,4019.0,963.0,1123.0,45.375,45.375
438.957,train:DC2,99.7,413.125,17.3,2247.58984375,2387.0,0.0,4019.0,963.0,1123.0,45.125,45.437
439.459,train:DC2,97.7,385.9453125,17.1,2237.99609375,2387.0,0.0,4059.0,963.0,1123.0,45.031,45.25
439.960,train:DC2,97.7,361.40625,17.5,2214.76171875,2381.0,0.0,4019.0,963.0,1123.0,45.062,45.343
440.461,train:DC2,101.7,421.875,16.7,2253.890625,2362.0,0.0,4019.0,963.0,1123.0,45.375,45.375
440.963,train:DC2,99.7,420.375,17.3,2250.1484375,2358.0,0.0,4019.0,963.0,1123.0,45.187,45.25
441.465,train:DC2,97.7,407.41796875,17.3,2242.03515625,2327.0,0.0,4019.0,963.0,1123.0,45.218,45.437
441.966,train:DC3,99.7,420.375,16.7,2255.62890625,2325.0,0.0,3979.0,963.0,1123.0,45.218,45.468
442.468,train:DC3,97.7,408.625,17.0,2244.41796875,2387.0,0.0,4059.0,963.0,1123.0,45.125,45.343
442.969,train:DC3,101.7,385.375,17.3,2233.26953125,2384.0,0.0,4019.0,963.0,1123.0,45.062,45.343
443.470,train:DC3,97.7,355.02734375,17.1,2202.3125,2380.0,0.0,3979.0,963.0,1123.0,45.093,45.187
443.972,train:DC3,99.7,421.875,17.3,2253.24609375,2369.0,0.0,4019.0,963.0,1123.0,45.25,45.281
444.474,train:DC3,99.7,420.375,17.3,2245.7890625,2358.0,0.0,4019.0,963.0,1123.0,45.468,45.468
444.976,train:DC3,99.5,419.625,17.3,2251.796875,2301.0,0.0,4019.0,963.0,1123.0,45.187,45.437
445.478,train:DC3,99.6,406.625,17.3,2241.1953125,2383.0,0.0,4019.0,963.0,1125.0,45.125,45.281
445.980,train:DC3,97.7,379.86328125,17.1,2232.83203125,2392.0,0.0,3979.0,963.0,1123.0,45.125,45.406
446.481,train:DC4,101.7,381.7265625,17.1,2229.51171875,2379.0,0.0,3979.0,963.0,1125.0,45.125,45.281
446.983,train:DC4,99.7,354.80859375,17.0,2209.09765625,2392.0,0.0,3979.0,963.0,1123.0,45.156,45.25
447.485,train:DC4,99.7,421.875,17.0,2256.0859375,2379.0,0.0,4019.0,963.0,1123.0,45.281,45.218
447.986,train:DC4,97.6,420.375,17.4,2261.046875,2361.0,0.0,4019.0,963.0,1123.0,45.5,45.5
448.489,train:DC4,101.5,421.875,17.5,2256.69140625,2349.0,0.0,4019.0,963.0,1123.0,45.187,45.25
448.991,train:DC4,99.6,406.625,17.0,2245.65625,2388.0,0.0,4019.0,963.0,1123.0,45.312,45.312
449.492,train:DC4,99.7,383.125,17.1,2233.4453125,2385.0,0.0,4019.0,963.0,1123.0,45.312,45.312
449.994,train:DC4,99.7,352.80859375,17.0,2206.5546875,2388.0,0.0,4019.0,963.0,1123.0,45.218,45.312
450.495,train:DC4,99.7,420.375,17.3,2253.546875,2385.0,0.0,3979.0,963.0,1123.0,45.031,45.187
450.997,train:DC4,99.7,407.41796875,17.3,2244.15625,2368.0,0.0,3979.0,922.0,1123.0,45.093,45.25
451.498,train:DC5,99.7,420.375,17.5,2255.3125,2371.0,0.0,3979.0,922.0,1123.0,45.437,45.437
451.999,train:DC5,99.7,421.875,16.7,2260.02734375,2368.0,0.0,3979.0,922.0,1123.0,45.218,45.218
452.501,train:DC5,99.7,406.625,17.3,2243.87109375,2340.0,0.0,3979.0,963.0,1123.0,45.218,45.218
453.002,train:DC5,101.7,387.375,17.0,2233.55859375,2383.0,0.0,4019.0,963.0,1123.0,45.187,45.375
453.503,train:DC5,97.7,356.72265625,17.0,2214.546875,2380.0,0.0,3979.0,922.0,1123.0,45.125,45.343
454.005,train:DC5,101.6,420.375,17.3,2261.5,2393.0,0.0,3979.0,922.0,1123.0,45.062,45.343
454.507,train:DC5,97.7,421.875,17.3,2256.90625,2380.0,0.0,4019.0,963.0,1123.0,45.125,45.25
455.008,train:DC5,101.6,420.375,17.3,2261.625,2362.0,0.0,4059.0,963.0,1123.0,45.312,45.312
455.510,train:DC5,97.7,405.58984375,18.7,2249.34375,2349.0,0.0,4059.0,963.0,1123.0,45.218,45.343
456.012,train:DC6,101.7,410.96875,17.0,2253.9453125,2346.0,0.0,4019.0,963.0,1123.0,45.156,45.187
456.513,train:DC6,99.7,387.59765625,17.3,2233.8046875,2393.0,0.0,4019.0,963.0,1123.0,45.312,45.375
457.015,train:DC6,99.7,360.87109375,17.0,2214.68359375,2388.0,0.0,3979.0,963.0,1123.0,45.156,45.406
457.516,train:DC6,97.7,420.375,17.3,2257.8125,2389.0,0.0,3979.0,963.0,1123.0,45.218,45.25
458.017,train:DC6,99.7,421.875,17.0,2258.16796875,2382.0,0.0,4019.0,963.0,1123.0,45.125,45.312
458.519,train:DC6,99.7,420.375,17.0,2255.06640625,2355.0,0.0,4019.0,963.0,1123.0,45.375,45.375
459.020,train:DC6,99.7,408.625,17.8,2242.58984375,2358.0,0.0,4019.0,963.0,1123.0,45.468,45.468
459.521,train:DC6,101.7,385.375,17.0,2231.8125,2388.0,0.0,4019.0,963.0,1123.0,45.187,45.437
460.023,train:DC6,97.7,358.55078125,16.8,2211.47265625,2386.0,0.0,3979.0,963.0,1123.0,45.062,45.375
460.524,train:DC1,101.7,358.859375,17.0,2216.17578125,2374.0,0.0,4019.0,963.0,1123.0,45.187,45.281
461.026,train:DC1,97.7,420.375,17.5,2255.296875,2387.0,0.0,3979.0,922.0,1123.0,45.156,45.375
461.527,train:DC1,101.7,421.875,16.7,2258.4921875,2382.0,0.0,3979.0,922.0,1123.0,45.187,45.281
462.029,train:DC1,97.7,420.375,17.1,2255.33203125,2371.0,0.0,3979.0,963.0,1123.0,45.125,45.25
462.530,train:DC1,99.7,408.625,17.5,2242.8046875,2366.0,0.0,3979.0,963.0,1123.0,45.437,45.437
463.032,train:DC1,99.7,385.375,17.3,2231.95703125,2340.0,0.0,4019.0,963.0,1123.0,45.25,45.406
463.533,train:DC1,99.7,358.80859375,16.7,2212.8828125,2387.0,0.0,3979.0,963.0,1123.0,45.281,45.218
464.035,train:DC1,99.7,421.875,17.6,2251.71484375,2383.0,0.0,4019.0,963.0,1123.0,45.25,45.25
464.537,train:DC1,101.7,420.375,17.0,2252.4296875,2384.0,0.0,3979.0,922.0,1123.0,45.406,45.406
465.038,train:DC1,97.7,407.41796875,17.3,2237.3359375,2367.0,0.0,3979.0,922.0,1123.0,45.218,45.281
465.540,train:DC2,99.7,420.375,17.0,2248.4296875,2372.0,0.0,3979.0,963.0,1123.0,45.312,45.312
466.041,train:DC2,101.7,413.125,17.3,2245.15234375,2361.0,0.0,4019.0,963.0,1123.0,45.25,45.312
466.542,train:DC2,99.7,391.625,16.7,2232.8828125,2356.0,0.0,4019.0,963.0,1123.0,45.187,45.375
467.044,train:DC2,97.7,362.80859375,17.6,2213.80859375,2345.0,0.0,4019.0,963.0,1123.0,45.218,45.375
467.545,train:DC2,101.7,421.875,16.7,2252.921875,2384.0,0.0,4019.0,963.0,1123.0,45.125,45.218
468.046,train:DC2,99.8,420.375,17.3,2249.5859375,2381.0,0.0,3979.0,963.0,1123.0,45.312,45.375
468.548,train:DC2,97.7,421.875,17.5,2254.40625,2378.0,0.0,3979.0,963.0,1123.0,45.375,45.375
469.049,train:DC2,99.7,411.125,17.0,2242.87109375,2366.0,0.0,3979.0,922.0,1123.0,45.187,45.312
469.551,train:DC2,99.7,389.74609375,17.1,2231.140625,2362.0,0.0,3979.0,922.0,1123.0,45.25,45.406
470.052,train:DC3,101.7,391.625,17.5,2231.046875,2362.0,0.0,3979.0,963.0,1123.0,45.125,45.375
470.554,train:DC3,97.7,364.80859375,16.7,2218.28515625,2338.0,0.0,3979.0,922.0,1123.0,45.093,45.312
471.056,train:DC3,101.7,421.875,17.3,2249.52734375,2381.0,0.0,3979.0,963.0,1123.0,45.156,45.25
471.557,train:DC3,97.7,420.375,17.3,2254.18359375,2385.0,0.0,4019.0,922.0,1123.0,45.312,45.281
472.058,train:DC3,99.7,421.875,17.3,2252.5703125,2384.0,0.0,4019.0,963.0,1123.0,45.437,45.437
472.560,train:DC3,99.7,411.625,16.7,2240.1015625,2365.0,0.0,3979.0,963.0,1123.0,45.125,45.406
473.061,train:DC3,101.7,393.625,17.6,2229.3125,2361.0,0.0,3979.0,963.0,1123.0,45.156,45.5
473.562,train:DC3,99.7,362.6953125,16.7,2216.796875,2348.0,0.0,3979.0,963.0,1123.0,45.125,45.343
474.063,train:DC3,97.8,420.375,17.0,2248.0390625,2379.0,0.0,4019.0,963.0,1123.0,45.156,45.281
474.575,train:DC3,99.8,344.90234375,17.4,2194.8671875,2351.0,0.0,3979.0,963.0,1123.0,45.218,45.25
475.082,train:DC4,100.5,420.375,17.0,2249.41015625,2381.0,0.0,4019.0,963.0,1123.0,45.218,45.218
475.584,train:DC4,99.7,421.875,17.0,2254.06640625,2385.0,0.0,3979.0,922.0,1123.0,45.437,45.437
476.085,train:DC4,99.7,416.125,16.7,2250.90625,2385.0,0.0,3979.0,922.0,1123.0,45.437,45.437
476.586,train:DC4,99.7,400.125,17.0,2230.8203125,2382.0,0.0,3979.0,922.0,1123.0,45.125,45.406
477.088,train:DC4,97.8,368.875,17.3,2227.66015625,2362.0,0.0,3979.0,922.0,1123.0,45.187,45.406
477.594,train:DC4,102.7,344.90234375,17.1,2207.57421875,2367.0,0.0,3979.0,963.0,1123.0,45.093,45.343
478.095,train:DC4,97.7,421.875,16.7,2262.125,2339.0,0.0,3979.0,963.0,1123.0,45.187,45.281
478.596,train:DC4,101.7,420.375,17.8,2255.08984375,2393.0,0.0,4019.0,963.0,1123.0,45.25,45.375
479.098,train:DC4,97.8,407.41796875,17.1,2245.5390625,2386.0,0.0,3979.0,963.0,1123.0,45.25,45.156
479.599,train:DC5,99.7,416.28515625,17.5,2248.8203125,2377.0,0.0,3979.0,963.0,1125.0,45.375,45.375
480.100,train:DC5,99.7,400.125,17.1,2231.87890625,2388.0,0.0,3979.0,963.0,1125.0,45.187,45.281
480.602,train:DC5,99.7,368.5,17.1,2225.515625,2377.0,0.0,4019.0,963.0,1123.0,45.156,45.5
481.110,train:DC5,100.3,344.90234375,17.4,2199.0390625,2365.0,0.0,4019.0,963.0,1123.0,45.25,45.468
481.612,train:DC5,97.7,421.875,17.2,2253.55859375,2338.0,0.0,3979.0,963.0,1123.0,45.218,45.437
482.113,train:DC5,99.7,420.375,16.8,2256.30078125,2385.0,0.0,3979.0,963.0,1123.0,45.218,45.343
482.615,train:DC5,101.7,414.609375,17.0,2252.671875,2388.0,0.0,3979.0,963.0,1125.0,45.0,45.406
483.116,train:DC5,97.8,398.125,17.3,2236.046875,2384.0,0.0,3979.0,922.0,1123.0,45.125,45.343
483.617,train:DC5,101.7,369.33203125,17.0,2224.55078125,2369.0,0.0,4019.0,963.0,1123.0,45.375,45.406
484.118,train:DC6,97.8,373.0,17.0,2219.4296875,2364.0,0.0,3979.0,963.0,1123.0,45.281,45.281
484.620,train:DC6,99.7,344.90234375,17.1,2200.33203125,2359.0,0.0,3979.0,963.0,1123.0,45.25,45.375
485.121,train:DC6,99.8,421.875,17.8,2247.046875,2355.0,0.0,3979.0,963.0,1123.0,45.093,45.312
485.622,train:DC6,101.8,420.375,16.8,2249.859375,2350.0,0.0,4019.0,963.0,1123.0,45.062,45.312
486.123,train:DC6,97.8,419.625,17.3,2245.1875,2381.0,0.0,4019.0,963.0,1123.0,45.25,45.25
486.625,train:DC6,101.7,398.125,17.3,2232.5078125,2384.0,0.0,4019.0,963.0,1123.0,45.125,45.25
487.126,train:DC6,97.7,374.546875,17.0,2229.61328125,2379.0,0.0,3979.0,963.0,1123.0,45.281,45.281
487.628,train:DC6,99.7,344.90234375,16.7,2201.56640625,2365.0,0.0,4019.0,963.0,1123.0,45.125,45.25
488.129,train:DC6,99.8,420.375,17.5,2247.984375,2356.0,0.0,3979.0,963.0,1123.0,45.218,45.343
488.630,train:DC6,101.7,407.41796875,17.1,2244.35546875,2329.0,0.0,3979.0,963.0,1125.0,45.156,45.312
489.131,train:DC1,97.8,420.375,17.0,2255.0390625,2333.0,0.0,3979.0,963.0,1125.0,45.406,45.406
489.632,train:DC1,99.8,419.625,17.3,2251.41015625,2386.0,0.0,3979.0,963.0,1125.0,45.25,45.25
490.134,train:DC1,99.7,401.8515625,17.3,2234.6015625,2383.0,0.0,3979.0,963.0,1125.0,45.125,45.25
490.635,train:DC1,99.7,375.0,17.0,2231.96484375,2382.0,0.0,3979.0,963.0,1125.0,45.312,45.312
491.136,train:DC1,101.7,344.90234375,17.3,2195.796875,2379.0,0.0,3979.0,922.0,1123.0,45.093,45.375
491.638,train:DC1,97.8,420.375,16.7,2258.13671875,2358.0,0.0,4019.0,963.0,1123.0,45.093,45.281
492.139,train:DC1,99.7,421.875,17.3,2262.62890625,2347.0,0.0,3979.0,922.0,1125.0,45.062,45.25
492.640,train:DC1,99.8,417.69140625,17.6,2257.56640625,2394.0,0.0,4019.0,963.0,1123.0,45.375,45.375
493.141,train:DC1,101.7,396.65234375,17.0,2238.1875,2389.0,0.0,4019.0,963.0,1123.0,45.187,45.375
493.643,train:DC2,97.7,401.18359375,17.1,2237.0625,2377.0,0.0,3979.0,963.0,1125.0,45.218,45.406
494.144,train:DC2,99.8,375.0,17.0,2221.875,2388.0,0.0,3979.0,963.0,1125.0,45.156,45.343
494.645,train:DC2,99.7,344.90234375,17.5,2201.453125,2384.0,0.0,3979.0,922.0,1123.0,45.312,45.312
495.147,train:DC2,99.8,420.375,16.7,2255.92578125,2364.0,0.0,4019.0,922.0,1123.0,45.25,45.25
495.648,train:DC2,99.8,421.875,17.6,2260.171875,2352.0,0.0,3979.0,963.0,1123.0,45.218,45.218
496.149,train:DC2,99.7,416.46484375,17.0,2256.42578125,2379.0,0.0,4019.0,963.0,1123.0,45.062,45.25
496.650,train:DC2,99.7,400.125,17.1,2237.046875,2388.0,0.0,3979.0,922.0,1125.0,45.093,45.218
497.152,train:DC2,99.8,371.0,17.0,2224.34765625,2392.0,0.0,4019.0,922.0,1123.0,45.062,45.187
497.654,train:DC2,99.5,344.90234375,17.5,2201.3828125,2383.0,0.0,3979.0,922.0,1123.0,45.156,45.156
498.156,train:DC3,99.7,344.90234375,16.7,2204.3046875,2364.0,0.0,3979.0,922.0,1123.0,45.218,45.218
498.657,train:DC3,99.7,420.375,17.3,2258.78515625,2367.0,0.0,3979.0,922.0,1123.0,45.187,45.375
499.159,train:DC3,99.8,421.875,17.0,2255.89453125,2364.0,0.0,3979.0,963.0,1123.0,45.218,45.343
499.660,train:DC3,99.7,418.125,17.6,2250.83203125,2336.0,0.0,3979.0,963.0,1125.0,45.062,45.312
500.161,train:DC3,99.8,402.125,16.7,2239.57421875,2390.0,0.0,4019.0,963.0,1123.0,45.125,45.343
500.663,train:DC3,99.7,373.0,17.5,2226.89453125,2387.0,0.0,3979.0,963.0,1123.0,45.25,45.281
501.164,train:DC3,99.8,344.90625,17.0,2192.05078125,2389.0,0.0,4019.0,963.0,1123.0,45.218,45.218
501.665,train:DC3,101.7,421.875,17.1,2254.75390625,2378.0,0.0,3979.0,963.0,1123.0,45.375,45.375
502.167,train:DC3,97.7,420.375,17.3,2257.56640625,2365.0,0.0,4019.0,963.0,1123.0,45.125,45.25
502.668,train:DC3,99.7,407.41796875,17.3,2246.0625,2346.0,0.0,4059.0,963.0,1123.0,45.156,45.218
503.169,train:DC4,99.7,418.125,17.3,2255.87109375,2348.0,0.0,4019.0,963.0,1123.0,45.093,45.25
503.671,train:DC4,99.7,406.625,17.3,2237.2265625,2387.0,0.0,4019.0,963.0,1123.0,45.125,45.218
504.172,train:DC4,99.8,376.05078125,17.0,2232.421875,2384.0,0.0,4019.0,963.0,1123.0,45.281,45.281
504.673,train:DC4,99.7,346.77734375,17.9,2197.78515625,2387.0,0.0,4019.0,963.0,1123.0,45.156,45.406
505.176,train:DC4,97.6,421.875,17.0,2252.40625,2376.0,0.0,4019.0,963.0,1123.0,45.281,45.468
505.677,train:DC4,101.7,420.375,17.3,2255.21875,2363.0,0.0,4019.0,963.0,1123.0,45.156,45.437
506.179,train:DC4,99.7,419.625,16.4,2251.8359375,2360.0,0.0,3979.0,963.0,1123.0,45.218,45.281
506.680,train:DC4,99.7,404.625,17.8,2234.9609375,2331.0,0.0,3979.0,963.0,1125.0,45.062,45.281
507.182,train:DC4,101.7,375.7578125,16.7,2227.64453125,2386.0,0.0,3979.0,963.0,1125.0,45.312,45.312
507.683,train:DC5,99.7,379.125,17.3,2230.453125,2374.0,0.0,3979.0,963.0,1125.0,45.531,45.531
508.184,train:DC5,97.8,346.77734375,17.3,2196.3046875,2385.0,0.0,4019.0,963.0,1123.0,45.156,45.437
508.686,train:DC5,99.7,421.875,17.5,2250.92578125,2382.0,0.0,4019.0,963.0,1123.0,45.125,45.312
509.187,train:DC5,99.8,420.375,16.8,2253.73828125,2369.0,0.0,4019.0,963.0,1123.0,45.156,45.312
509.688,train:DC5,99.8,419.625,17.3,2250.35546875,2358.0,0.0,3979.0,963.0,1123.0,45.093,45.343
510.189,train:DC5,99.8,404.625,17.1,2241.35546875,2341.0,0.0,4019.0,963.0,1125.0,45.031,45.218
510.690,train:DC5,99.8,379.125,17.0,2234.046875,2392.0,0.0,4019.0,963.0,1123.0,45.343,45.343
511.192,train:DC5,99.7,344.90234375,17.9,2194.72265625,2386.0,0.0,4019.0,963.0,1125.0,45.437,45.468
511.694,train:DC5,101.6,420.375,17.0,2257.0703125,2388.0,0.0,3979.0,963.0,1125.0,45.25,45.25
512.195,train:DC5,97.7,407.41796875,17.0,2237.16015625,2368.0,0.0,3979.0,963.0,1125.0,45.218,45.406
512.696,train:DC6,99.8,420.375,17.5,2250.36328125,2374.0,0.0,3979.0,963.0,1123.0,45.156,45.343
513.197,train:DC6,99.8,419.625,17.1,2242.1640625,2370.0,0.0,4019.0,963.0,1123.0,45.406,45.281
513.699,train:DC6,99.8,404.625,17.1,2235.32421875,2351.0,0.0,4019.0,922.0,1123.0,45.25,45.25
514.200,train:DC6,99.8,375.0,17.3,2223.140625,2382.0,0.0,4019.0,963.0,1123.0,45.343,45.343
514.701,train:DC6,99.8,344.90234375,17.0,2204.03515625,2378.0,0.0,3979.0,963.0,1123.0,45.406,45.406
515.202,train:DC6,99.7,420.375,18.4,2244.9765625,2376.0,0.0,4019.0,963.0,1123.0,45.156,45.218
515.704,train:DC6,99.6,421.875,17.5,2250.3046875,2370.0,0.0,3979.0,963.0,1123.0,45.125,45.281
516.206,train:DC6,99.7,418.125,17.0,2242.36328125,2370.0,0.0,3979.0,922.0,1123.0,45.125,45.312
516.707,train:DC6,97.8,396.65234375,16.7,2236.3046875,2352.0,0.0,3979.0,963.0,1123.0,45.468,45.468
517.208,train:DC1,101.8,403.5,17.6,2233.94140625,2357.0,0.0,3979.0,963.0,1123.0,45.218,45.218
517.709,train:DC1,97.8,375.0,17.3,2228.9296875,2337.0,0.0,3979.0,963.0,1123.0,45.062,45.437
518.210,train:DC1,101.8,344.90234375,16.8,2195.6171875,2376.0,0.0,3979.0,963.0,1123.0,45.125,45.406
518.711,train:DC1,99.7,420.375,16.7,2250.14453125,2381.0,0.0,3979.0,963.0,1125.0,45.187,45.25
519.213,train:DC1,99.7,421.875,17.6,2251.27734375,2375.0,0.0,4019.0,963.0,1123.0,45.218,45.343
519.714,train:DC1,99.7,418.125,16.7,2243.53515625,2371.0,0.0,4019.0,963.0,1123.0,45.343,45.343
520.215,train:DC1,99.8,400.125,17.9,2237.43359375,2361.0,0.0,3979.0,963.0,1123.0,45.375,45.375
520.716,train:DC1,99.8,369.41796875,17.1,2217.2109375,2325.0,0.0,3979.0,963.0,1125.0,45.156,45.406
521.221,train:DC1,99.0,344.90234375,17.2,2197.375,2380.0,0.0,4019.0,963.0,1125.0,45.125,45.375
521.723,train:DC2,99.7,344.90234375,16.8,2195.11328125,2368.0,0.0,3979.0,963.0,1125.0,45.093,45.25
522.225,train:DC2,99.6,420.375,17.8,2249.546875,2381.0,0.0,3979.0,963.0,1125.0,45.187,45.25
522.726,train:DC2,99.7,421.875,17.0,2245.41796875,2377.0,0.0,3979.0,963.0,1123.0,45.281,45.5
523.227,train:DC2,99.8,418.125,17.6,2244.84375,2369.0,0.0,4019.0,963.0,1123.0,45.156,45.25
523.729,train:DC2,99.8,400.125,16.7,2240.40234375,2372.0,0.0,3979.0,922.0,1123.0,45.343,45.406
524.230,train:DC2,99.8,369.43359375,17.3,2218.50390625,2342.0,0.0,3979.0,963.0,1123.0,45.187,45.468
524.735,train:DC2,100.9,344.90234375,16.8,2198.34765625,2389.0,0.0,4019.0,963.0,1123.0,45.156,45.406
525.236,train:DC2,99.8,421.875,17.9,2252.86328125,2384.0,0.0,3979.0,963.0,1125.0,45.281,45.5
525.738,train:DC2,97.8,420.375,16.4,2252.97265625,2384.0,0.0,3979.0,922.0,1125.0,45.125,45.406
526.239,train:DC2,99.8,407.41796875,17.6,2239.0859375,2370.0,0.0,3979.0,963.0,1125.0,45.187,45.375
526.740,train:DC3,99.8,418.125,17.0,2244.59765625,2374.0,0.0,3979.0,963.0,1125.0,45.062,45.375
527.241,train:DC3,99.8,400.125,17.1,2230.43359375,2362.0,0.0,3979.0,963.0,1123.0,45.156,45.312
527.742,train:DC3,99.8,370.91796875,16.7,2225.73828125,2357.0,0.0,4019.0,963.0,1123.0,45.312,45.312
528.246,train:DC3,101.2,344.90234375,17.5,2197.90234375,2357.0,0.0,4019.0,963.0,1123.0,45.312,45.312
528.747,train:DC3,97.7,421.875,16.4,2252.77734375,2329.0,0.0,3979.0,963.0,1123.0,45.218,45.25
529.248,train:DC3,101.8,420.375,17.3,2246.1484375,2384.0,0.0,3979.0,963.0,1123.0,45.187,45.343
529.750,train:DC3,97.8,414.41796875,17.3,2250.30859375,2377.0,0.0,3979.0,963.0,1123.0,45.375,45.437
530.251,train:DC3,99.8,397.8203125,17.3,2233.8203125,2382.0,0.0,3979.0,963.0,1123.0,45.218,45.312
530.752,train:DC3,99.7,369.33203125,17.3,2219.93359375,2369.0,0.0,4019.0,963.0,1123.0,45.25,45.343
531.253,train:DC4,99.8,369.8828125,17.3,2223.46875,2359.0,0.0,3979.0,963.0,1123.0,45.25,45.375
531.761,train:DC4,100.5,344.90234375,16.8,2195.640625,2363.0,0.0,3979.0,963.0,1123.0,45.312,45.312
532.262,train:DC4,99.7,421.875,17.3,2257.84375,2334.0,0.0,3979.0,963.0,1125.0,45.562,45.562
532.763,train:DC4,99.8,420.375,16.7,2253.51171875,2389.0,0.0,4019.0,963.0,1125.0,45.25,45.312
533.265,train:DC4,99.8,414.43359375,17.5,2249.18359375,2385.0,0.0,3979.0,963.0,1125.0,45.281,45.5
533.766,train:DC4,97.8,397.44140625,17.0,2236.87109375,2388.0,0.0,4019.0,963.0,1123.0,45.156,45.312
534.267,train:DC4,99.8,368.875,16.4,2216.66796875,2372.0,0.0,4019.0,963.0,1123.0,45.25,45.343
534.782,train:DC4,101.1,344.90234375,17.4,2196.31640625,2364.0,0.0,4019.0,963.0,1123.0,45.125,45.343
535.286,train:DC4,99.2,420.375,17.0,2258.71875,2335.0,0.0,3979.0,922.0,1125.0,45.125,45.25
535.787,train:DC4,99.7,407.41796875,17.5,2234.33203125,2390.0,0.0,4019.0,963.0,1123.0,45.437,45.437
536.288,train:DC5,99.8,420.375,17.3,2245.45703125,2366.0,0.0,3979.0,963.0,1123.0,45.281,45.25
536.790,train:DC5,99.7,419.625,17.3,2257.4921875,2377.0,0.0,3979.0,963.0,1123.0,45.281,45.406
537.291,train:DC5,99.7,398.125,17.0,2241.4609375,2389.0,0.0,3979.0,963.0,1123.0,45.187,45.343
537.792,train:DC5,99.8,373.0,17.5,2229.3828125,2373.0,0.0,3979.0,922.0,1123.0,45.156,45.343
538.294,train:DC5,99.6,344.90234375,17.0,2201.40625,2369.0,0.0,3979.0,922.0,1123.0,45.281,45.25
538.796,train:DC5,99.7,420.375,17.6,2255.9375,2356.0,0.0,3979.0,922.0,1125.0,45.125,45.343
539.297,train:DC5,99.8,421.875,16.7,2257.67578125,2387.0,0.0,3979.0,963.0,1123.0,45.375,45.375
539.798,train:DC5,99.8,412.74609375,17.5,2251.6640625,2389.0,0.0,3979.0,963.0,1125.0,45.5,45.5
540.299,train:DC5,99.8,395.0546875,16.7,2234.875,2391.0,0.0,3979.0,963.0,1125.0,45.312,45.406
540.801,train:DC6,99.7,398.125,17.6,2238.17578125,2374.0,0.0,3979.0,963.0,1125.0,45.25,45.468
541.302,train:DC6,99.8,368.875,17.0,2225.96875,2385.0,0.0,4019.0,963.0,1123.0,45.156,45.468
541.809,train:DC6,98.6,344.90234375,17.3,2197.2890625,2373.0,0.0,4019.0,963.0,1123.0,45.093,45.281
542.313,train:DC6,101.2,420.375,17.0,2258.96484375,2359.0,0.0,3979.0,963.0,1123.0,45.156,45.406
542.814,train:DC6,97.8,421.875,17.1,2254.26953125,2331.0,0.0,3979.0,963.0,1123.0,45.281,45.281
543.316,train:DC6,99.8,412.796875,17.3,2243.50390625,2386.0,0.0,4019.0,963.0,1125.0,45.437,45.437
543.817,train:DC6,99.8,395.625,17.6,2239.0625,2383.0,0.0,3979.0,963.0,1125.0,45.218,45.343
544.318,train:DC6,99.7,366.87109375,16.4,2218.85546875,2378.0,0.0,3979.0,963.0,1123.0,45.093,45.343
544.819,train:DC6,103.8,344.90234375,17.8,2197.578125,2366.0,0.0,3979.0,963.0,1123.0,45.156,45.312
545.340,train:DC1,96.0,344.90234375,17.3,2193.19140625,2368.0,0.0,3979.0,963.0,1123.0,45.437,45.437
545.842,train:DC1,99.8,420.375,17.1,2247.6640625,2356.0,0.0,3979.0,963.0,1123.0,45.125,45.218
546.343,train:DC1,99.7,421.875,17.3,2250.9609375,2335.0,0.0,3979.0,963.0,1125.0,45.375,45.375
546.844,train:DC1,97.8,414.375,17.3,2240.359375,2382.0,0.0,4019.0,963.0,1123.0,45.125,45.406
547.345,train:DC1,101.7,399.66015625,17.3,2234.91796875,2378.0,0.0,4019.0,963.0,1123.0,45.25,45.406
547.847,train:DC1,99.8,366.87109375,17.3,2222.3515625,2382.0,0.0,3979.0,963.0,1123.0,45.031,45.343
548.359,train:DC1,101.6,344.90234375,16.9,2194.515625,2369.0,0.0,4019.0,963.0,1123.0,45.375,45.218
548.863,train:DC1,97.2,421.875,17.3,2249.8828125,2366.0,0.0,3979.0,922.0,1123.0,45.5,45.5
549.364,train:DC1,99.8,420.375,16.7,2245.25,2333.0,0.0,3979.0,963.0,1125.0,45.218,45.406
549.865,train:DC1,99.8,407.41796875,17.3,2239.07421875,2377.0,0.0,3979.0,963.0,1125.0,45.156,45.312
550.366,train:DC2,101.8,416.12109375,17.1,2250.12890625,2370.0,0.0,3979.0,963.0,1125.0,45.125,45.343
550.867,train:DC2,99.7,400.125,17.9,2238.05078125,2381.0,0.0,3979.0,963.0,1125.0,45.562,45.562
551.369,train:DC2,97.7,366.87109375,17.4,2224.16015625,2385.0,0.0,3979.0,963.0,1123.0,45.25,45.281
551.879,train:DC2,102.0,344.90234375,17.6,2200.671875,2375.0,0.0,4019.0,963.0,1123.0,45.343,45.375
552.383,train:DC2,99.2,421.875,17.1,2247.35546875,2371.0,0.0,4059.0,963.0,1123.0,45.156,45.312
552.884,train:DC2,97.7,420.375,17.3,2250.63671875,2343.0,0.0,4019.0,963.0,1123.0,45.093,45.343
553.386,train:DC2,101.7,414.51171875,17.0,2240.03515625,2382.0,0.0,3979.0,963.0,1125.0,45.156,45.218
553.887,train:DC2,97.8,395.51953125,17.3,2233.015625,2377.0,0.0,4019.0,963.0,1123.0,45.343,45.437
554.388,train:DC2,99.7,368.6171875,17.1,2220.375,2380.0,0.0,4019.0,963.0,1123.0,45.375,45.437
554.889,train:DC3,101.7,366.87109375,17.5,2216.16796875,2367.0,0.0,3979.0,922.0,1125.0,45.125,45.406
555.398,train:DC3,98.3,344.90234375,16.4,2194.71875,2371.0,0.0,3979.0,963.0,1125.0,45.093,45.343
555.902,train:DC3,99.2,421.875,17.1,2249.27734375,2365.0,0.0,3979.0,963.0,1123.0,45.125,45.343
556.403,train:DC3,101.8,420.375,17.3,2252.8203125,2345.0,0.0,3979.0,963.0,1123.0,45.125,45.218
556.905,train:DC3,97.8,414.28515625,17.6,2240.6171875,2368.0,0.0,3979.0,963.0,1123.0,45.218,45.218
557.406,train:DC3,101.8,395.87109375,16.7,2243.80078125,2380.0,0.0,3979.0,963.0,1123.0,45.25,45.406
557.907,train:DC3,97.7,368.875,17.3,2217.69140625,2377.0,0.0,4019.0,963.0,1123.0,45.125,45.375
558.425,train:DC3,102.4,344.90234375,17.0,2197.57421875,2372.0,0.0,3979.0,963.0,1123.0,45.0,45.375
558.929,train:DC3,97.2,420.375,17.6,2252.10546875,2368.0,0.0,3979.0,963.0,1123.0,45.156,45.156
559.430,train:DC3,99.8,407.41796875,17.0,2234.609375,2348.0,0.0,3979.0,963.0,1123.0,45.375,45.375
559.931,train:DC4,97.8,420.375,17.1,2245.6640625,2354.0,0.0,3979.0,963.0,1123.0,45.531,45.531
560.433,train:DC4,101.7,417.625,17.2,2242.93359375,2326.0,0.0,3979.0,963.0,1125.0,45.125,45.5
560.934,train:DC4,99.7,398.125,17.6,2238.84765625,2382.0,0.0,4019.0,963.0,1123.0,45.125,45.343
561.435,train:DC4,99.8,368.875,16.7,2218.6484375,2378.0,0.0,3979.0,963.0,1123.0,45.156,45.343
561.949,train:DC4,101.2,344.90234375,17.2,2198.5390625,2381.0,0.0,3979.0,922.0,1123.0,45.187,45.218
562.453,train:DC4,99.2,420.375,17.3,2245.0234375,2373.0,0.0,3979.0,963.0,1123.0,45.125,45.218
562.954,train:DC4,97.8,421.875,17.3,2253.1171875,2361.0,0.0,3979.0,922.0,1125.0,45.375,45.375
563.455,train:DC4,99.8,412.55859375,17.1,2248.421875,2325.0,0.0,4019.0,963.0,1123.0,45.375,45.406
563.956,train:DC4,99.8,395.02734375,17.5,2236.45703125,2388.0,0.0,3979.0,922.0,1123.0,45.218,45.25
564.458,train:DC5,99.7,397.64453125,17.9,2233.93359375,2369.0,0.0,3979.0,963.0,1123.0,45.125,45.5
564.960,train:DC5,99.6,368.875,17.3,2219.19140625,2381.0,0.0,3979.0,963.0,1123.0,45.125,45.25
565.476,train:DC5,102.6,344.90234375,17.1,2199.0703125,2382.0,0.0,3979.0,963.0,1123.0,45.375,45.281
565.980,train:DC5,97.2,420.375,17.0,2253.6015625,2369.0,0.0,3979.0,922.0,1123.0,45.187,45.312
566.482,train:DC5,99.7,421.8828125,17.3,2250.87109375,2367.0,0.0,3979.0,963.0,1123.0,45.281,45.281
566.983,train:DC5,99.7,412.82421875,17.5,2238.91015625,2333.0,0.0,3979.0,963.0,1123.0,45.312,45.312
567.484,train:DC5,99.7,395.1875,17.3,2234.4609375,2378.0,0.0,4019.0,963.0,1123.0,45.125,45.375
567.986,train:DC5,101.7,366.88671875,17.3,2221.8828125,2381.0,0.0,3979.0,963.0,1123.0,45.218,45.468
568.487,train:DC5,97.7,420.390625,17.4,2245.5703125,2377.0,0.0,4019.0,963.0,1123.0,45.187,45.343
568.999,train:DC5,101.6,344.91796875,17.7,2194.921875,2369.0,0.0,4019.0,963.0,1123.0,45.125,45.312
569.507,train:DC6,98.5,420.390625,16.4,2249.45703125,2367.0,0.0,4019.0,922.0,1123.0,45.187,45.281
570.008,train:DC6,99.7,421.890625,18.1,2253.609375,2369.0,0.0,3979.0,922.0,1123.0,45.125,45.281
570.509,train:DC6,99.7,412.59765625,16.8,2242.0234375,2349.0,0.0,3979.0,963.0,1123.0,45.343,45.343
571.011,train:DC6,97.8,393.66015625,16.4,2235.140625,2388.0,0.0,3979.0,963.0,1125.0,45.187,45.468
571.512,train:DC6,101.7,366.88671875,17.5,2222.484375,2382.0,0.0,3979.0,963.0,1123.0,45.343,45.343
572.013,train:DC6,99.7,420.390625,16.7,2253.73046875,2385.0,0.0,3979.0,963.0,1125.0,45.125,45.312
572.514,train:DC6,97.8,421.890625,17.6,2251.0,2374.0,0.0,3979.0,963.0,1123.0,45.218,45.343
573.016,train:DC6,99.7,420.390625,17.0,2254.6015625,2370.0,0.0,3979.0,963.0,1123.0,45.5,45.5
573.517,train:DC6,101.7,405.60546875,17.3,2235.390625,2351.0,0.0,3979.0,963.0,1123.0,45.25,45.281
574.018,train:DC1,99.7,411.640625,16.4,2240.88671875,2349.0,0.0,3938.0,922.0,1125.0,45.312,45.531
574.519,train:DC1,97.8,393.640625,17.8,2236.31640625,2380.0,0.0,4059.0,963.0,1123.0,45.125,45.281
575.021,train:DC1,101.7,360.88671875,16.8,2208.00390625,2383.0,0.0,4019.0,963.0,1123.0,45.093,45.406
575.522,train:DC1,97.7,420.390625,18.7,2254.99609375,2386.0,0.0,4019.0,963.0,1123.0,45.125,45.281
576.024,train:DC1,101.6,421.890625,17.3,2251.28125,2375.0,0.0,4019.0,963.0,1123.0,45.312,45.375
576.526,train:DC1,97.7,420.390625,17.1,2254.21484375,2370.0,0.0,3979.0,963.0,1123.0,45.437,45.437
577.027,train:DC1,99.7,410.0546875,17.0,2238.6875,2351.0,0.0,3979.0,963.0,1123.0,45.281,45.343
577.529,train:DC1,101.7,385.390625,17.3,2238.4296875,2340.0,0.0,4019.0,963.0,1123.0,45.375,45.375
578.030,train:DC1,99.7,359.4453125,17.3,2210.5859375,2385.0,0.0,3979.0,963.0,1125.0,45.343,45.343
578.531,train:DC2,97.8,360.88671875,16.8,2217.94140625,2369.0,0.0,3979.0,963.0,1123.0,45.156,45.437
579.033,train:DC2,101.7,420.390625,17.5,2249.00390625,2380.0,0.0,3979.0,963.0,1123.0,45.218,45.281
579.534,train:DC2,99.8,421.890625,16.8,2252.91796875,2376.0,0.0,4019.0,963.0,1123.0,45.156,45.343
580.035,train:DC2,97.8,420.390625,17.5,2248.46875,2372.0,0.0,4019.0,922.0,1123.0,45.406,45.281
580.536,train:DC2,101.8,408.640625,17.3,2236.390625,2368.0,0.0,3979.0,922.0,1123.0,45.25,45.25
581.037,train:DC2,97.8,385.390625,16.7,2228.8046875,2321.0,0.0,3979.0,922.0,1125.0,45.281,45.281
581.538,train:DC2,99.8,354.82421875,17.3,2208.734375,2391.0,0.0,3979.0,963.0,1123.0,45.437,45.437
582.040,train:DC2,101.8,421.890625,17.0,2259.67578125,2391.0,0.0,3979.0,963.0,1123.0,45.156,45.375
582.541,train:DC2,97.8,420.390625,17.1,2254.6796875,2386.0,0.0,3979.0,963.0,1123.0,45.125,45.281
583.042,train:DC2,101.7,407.43359375,18.2,2242.76171875,2374.0,0.0,4019.0,963.0,1123.0,45.125,45.218
583.543,train:DC3,99.8,420.390625,16.8,2253.9375,2377.0,0.0,3979.0,922.0,1123.0,45.312,45.5
584.045,train:DC3,97.7,408.640625,17.8,2238.94921875,2370.0,0.0,3979.0,922.0,1125.0,45.156,45.343
584.546,train:DC3,99.8,379.140625,16.8,2231.44921875,2331.0,0.0,3979.0,963.0,1125.0,45.125,45.406
585.047,train:DC3,99.8,348.79296875,17.0,2195.578125,2386.0,0.0,3979.0,963.0,1125.0,45.125,45.281
585.548,train:DC3,99.7,421.890625,17.6,2250.10546875,2381.0,0.0,4019.0,963.0,1123.0,45.187,45.406
586.049,train:DC3,99.8,420.390625,17.0,2249.65234375,2381.0,0.0,3979.0,922.0,1123.0,45.25,45.25
586.550,train:DC3,99.8,419.640625,17.1,2251.63671875,2367.0,0.0,3979.0,922.0,1123.0,45.156,45.406
587.052,train:DC3,99.8,404.640625,16.7,2239.67578125,2371.0,0.0,3979.0,922.0,1123.0,45.312,45.406
587.553,train:DC3,99.7,375.94921875,17.6,2227.3515625,2343.0,0.0,3979.0,963.0,1125.0,45.125,45.437
588.054,train:DC4,99.8,379.140625,17.3,2223.63671875,2339.0,0.0,3979.0,963.0,1125.0,45.187,45.468
588.555,train:DC4,99.8,346.79296875,17.1,2196.54296875,2378.0,0.0,4019.0,963.0,1123.0,45.187,45.406
589.056,train:DC4,99.8,421.890625,17.6,2251.1640625,2382.0,0.0,4019.0,963.0,1123.0,45.156,45.312
589.558,train:DC4,99.8,420.390625,16.7,2254.34375,2386.0,0.0,3979.0,922.0,1123.0,45.437,45.437
590.059,train:DC4,97.8,419.640625,17.0,2250.62890625,2374.0,0.0,3979.0,922.0,1123.0,45.25,45.25
590.560,train:DC4,99.8,404.640625,17.8,2238.3125,2370.0,0.0,3979.0,922.0,1123.0,45.281,45.281
591.061,train:DC4,101.7,375.015625,16.8,2226.72265625,2350.0,0.0,3979.0,922.0,1123.0,45.125,45.406
591.562,train:DC4,97.8,344.91796875,16.7,2198.7421875,2346.0,0.0,3979.0,922.0,1123.0,45.187,45.281
592.064,train:DC4,99.8,420.390625,17.3,2253.2734375,2385.0,0.0,3979.0,963.0,1125.0,45.156,45.437
592.565,train:DC4,101.8,407.43359375,17.5,2235.77734375,2367.0,0.0,3979.0,922.0,1125.0,45.156,45.281
593.066,train:DC5,97.8,420.390625,16.5,2246.83203125,2367.0,0.0,3979.0,922.0,1125.0,45.156,45.281
593.567,train:DC5,101.8,419.640625,17.0,2250.25390625,2378.0,0.0,3979.0,963.0,1125.0,45.5,45.5
594.068,train:DC5,99.8,399.9921875,17.8,2237.921875,2382.0,0.0,3979.0,963.0,1123.0,45.218,45.281
594.569,train:DC5,99.8,374.67578125,16.7,2226.9609375,2369.0,0.0,4019.0,963.0,1123.0,45.281,45.343
595.071,train:DC5,97.7,344.91796875,17.3,2198.875,2358.0,0.0,3979.0,922.0,1123.0,45.062,45.343
595.572,train:DC5,101.7,420.390625,16.7,2245.6015625,2330.0,0.0,3979.0,963.0,1125.0,45.187,45.375
596.074,train:DC5,97.8,421.890625,17.3,2253.69140625,2377.0,0.0,3979.0,963.0,1125.0,45.281,45.343
596.575,train:DC5,99.8,413.421875,17.0,2243.08984375,2385.0,0.0,3979.0,963.0,1125.0,45.218,45.312
597.076,train:DC5,99.8,396.66796875,17.9,2227.84375,2380.0,0.0,4019.0,922.0,1123.0,45.406,45.406
597.577,train:DC6,99.8,398.140625,17.0,2238.90234375,2359.0,0.0,3979.0,963.0,1123.0,45.218,45.343
598.078,train:DC6,99.8,368.890625,17.1,2219.44140625,2371.0,0.0,3979.0,922.0,1123.0,45.031,45.343
598.588,train:DC6,100.0,344.91796875,16.7,2199.33984375,2366.0,0.0,3979.0,963.0,1123.0,45.156,45.375
599.092,train:DC6,99.2,420.390625,17.9,2253.8671875,2334.0,0.0,3979.0,922.0,1125.0,45.375,45.375
599.593,train:DC6,99.8,421.890625,16.4,2257.52734375,2385.0,0.0,4019.0,963.0,1123.0,45.343,45.406
600.094,train:DC6,99.8,412.3515625,17.0,2252.83203125,2389.0,0.0,4019.0,963.0,1123.0,45.187,45.343
600.595,train:DC6,97.8,393.640625,17.3,2234.609375,2392.0,0.0,3979.0,922.0,1123.0,45.031,45.406
601.097,train:DC6,101.8,365.9296875,17.3,2214.57421875,2374.0,0.0,3979.0,922.0,1123.0,45.125,45.375
601.598,train:DC6,99.8,420.390625,16.7,2249.828125,2369.0,0.0,3979.0,963.0,1123.0,45.062,45.375
602.109,train:DC6,99.8,344.91796875,17.2,2195.00390625,2345.0,0.0,3979.0,963.0,1123.0,45.218,45.281
602.617,train:DC1,100.4,420.390625,17.3,2249.5390625,2342.0,0.0,3979.0,963.0,1125.0,45.125,45.218
603.118,train:DC1,97.8,421.890625,17.3,2253.69921875,2381.0,0.0,3979.0,963.0,1123.0,45.375,45.375
603.619,train:DC1,101.8,412.515625,17.3,2241.62109375,2385.0,0.0,4019.0,963.0,1125.0,45.25,45.25
604.120,train:DC1,99.8,393.640625,17.6,2229.796875,2388.0,0.0,3979.0,963.0,1125.0,45.343,45.468
604.622,train:DC1,97.7,365.828125,16.7,2225.09765625,2377.0,0.0,3979.0,922.0,1123.0,45.125,45.343
605.123,train:DC1,99.8,420.390625,17.6,2256.3359375,2372.0,0.0,4019.0,963.0,1123.0,45.125,45.437
605.624,train:DC1,99.8,421.890625,17.0,2253.60546875,2338.0,0.0,4019.0,963.0,1123.0,45.156,45.312
606.125,train:DC1,101.7,420.390625,17.3,2257.1484375,2385.0,0.0,4019.0,963.0,1123.0,45.25,45.406
606.627,train:DC1,97.7,405.60546875,17.0,2237.078125,2388.0,0.0,3979.0,963.0,1123.0,45.156,45.468
607.128,train:DC2,99.8,411.640625,17.5,2239.85546875,2370.0,0.0,3979.0,963.0,1125.0,45.187,45.343
607.629,train:DC2,101.8,393.640625,17.1,2235.3203125,2379.0,0.0,3979.0,963.0,1125.0,45.156,45.375
608.130,train:DC2,97.8,360.88671875,17.0,2214.87109375,2374.0,0.0,3979.0,963.0,1123.0,45.156,45.218
608.631,train:DC2,101.7,420.390625,17.3,2253.9921875,2370.0,0.0,4019.0,963.0,1123.0,45.218,45.218
609.133,train:DC2,97.8,421.890625,17.1,2250.2734375,2350.0,0.0,3979.0,963.0,1125.0,45.187,45.218
609.634,train:DC2,99.8,420.390625,17.3,2253.453125,2330.0,0.0,4019.0,963.0,1125.0,45.25,45.25
610.135,train:DC2,99.8,412.61328125,16.7,2241.125,2385.0,0.0,3979.0,963.0,1123.0,45.093,45.437
610.636,train:DC2,97.8,385.390625,17.3,2236.68359375,2380.0,0.0,4019.0,963.0,1123.0,45.218,45.312
611.137,train:DC2,101.8,359.4453125,17.1,2209.8359375,2376.0,0.0,4019.0,963.0,1123.0,45.125,45.25
611.639,train:DC3,99.8,360.88671875,17.3,2216.953125,2365.0,0.0,3979.0,963.0,1123.0,45.156,45.25
612.140,train:DC3,99.7,420.390625,17.1,2248.20703125,2372.0,0.0,3979.0,963.0,1123.0,45.406,45.406
612.641,train:DC3,101.8,421.890625,17.0,2252.3671875,2368.0,0.0,3979.0,963.0,1123.0,45.218,45.218
613.142,train:DC3,97.8,420.390625,17.6,2246.68359375,2332.0,0.0,3979.0,963.0,1125.0,45.312,45.312
613.643,train:DC3,97.8,408.640625,17.0,2234.8515625,2378.0,0.0,3979.0,963.0,1125.0,45.125,45.343
614.145,train:DC3,101.8,385.390625,17.0,2238.03515625,2382.0,0.0,3979.0,963.0,1125.0,45.125,45.343
614.646,train:DC3,99.7,354.82421875,17.3,2203.80078125,2377.0,0.0,3979.0,963.0,1125.0,45.125,45.281
615.147,train:DC3,99.8,421.890625,16.7,2250.80078125,2367.0,0.0,3979.0,922.0,1123.0,45.156,45.343
615.648,train:DC3,99.8,420.390625,17.3,2246.46875,2362.0,0.0,4019.0,963.0,1123.0,45.343,45.343
616.150,train:DC3,99.7,407.43359375,17.3,2234.625,2334.0,0.0,4019.0,963.0,1123.0,45.25,45.281
616.651,train:DC4,97.8,420.390625,17.0,2245.6796875,2338.0,0.0,3979.0,963.0,1123.0,45.156,45.187
617.152,train:DC4,99.7,408.640625,17.3,2234.33984375,2377.0,0.0,4019.0,963.0,1123.0,45.156,45.437
617.653,train:DC4,101.8,379.140625,17.0,2229.6484375,2381.0,0.0,3979.0,963.0,1123.0,45.156,45.25
618.154,train:DC4,99.8,354.453125,17.1,2202.30859375,2384.0,0.0,3979.0,963.0,1125.0,45.25,45.343
618.656,train:DC4,97.8,421.890625,17.3,2249.3046875,2369.0,0.0,4019.0,963.0,1123.0,45.218,45.218
619.157,train:DC4,101.7,420.390625,17.5,2252.484375,2368.0,0.0,3979.0,963.0,1123.0,45.312,45.312
619.658,train:DC4,99.8,419.640625,16.8,2249.75390625,2342.0,0.0,3979.0,963.0,1123.0,45.312,45.437
620.159,train:DC4,97.8,404.640625,17.3,2241.79296875,2381.0,0.0,4019.0,963.0,1125.0,45.218,45.312
620.661,train:DC4,101.8,379.140625,17.3,2233.53125,2377.0,0.0,3979.0,963.0,1125.0,45.125,45.468
621.162,train:DC5,97.8,379.140625,17.3,2231.11328125,2367.0,0.0,3979.0,963.0,1125.0,45.156,45.343
621.663,train:DC5,101.8,346.79296875,17.1,2195.41015625,2378.0,0.0,4019.0,963.0,1123.0,45.125,45.312
622.164,train:DC5,97.7,421.890625,17.3,2250.03125,2373.0,0.0,4019.0,963.0,1123.0,45.093,45.312
622.666,train:DC5,99.7,420.390625,17.1,2253.2109375,2369.0,0.0,4019.0,963.0,1123.0,45.187,45.281
623.167,train:DC5,101.7,419.640625,17.3,2248.7109375,2349.0,0.0,3979.0,963.0,1123.0,45.375,45.375
623.668,train:DC5,97.7,403.32421875,17.6,2233.625,2342.0,0.0,4019.0,963.0,1125.0,45.25,45.281
624.170,train:DC5,99.8,375.015625,17.0,2226.16015625,2380.0,0.0,3979.0,963.0,1125.0,45.156,45.406
624.671,train:DC5,99.7,344.91796875,17.7,2197.0078125,2381.0,0.0,4019.0,963.0,1123.0,45.093,45.281
625.173,train:DC5,101.6,420.390625,17.0,2259.49609375,2383.0,0.0,4019.0,963.0,1125.0,45.125,45.281
625.675,train:DC5,99.7,407.43359375,17.3,2245.71484375,2369.0,0.0,3979.0,963.0,1123.0,45.343,45.343
626.176,train:DC6,97.7,420.390625,17.3,2247.5625,2363.0,0.0,3979.0,963.0,1125.0,45.187,45.281
626.677,train:DC6,101.7,419.640625,17.0,2244.03515625,2364.0,0.0,3979.0,963.0,1125.0,45.406,45.406
627.179,train:DC6,97.7,398.140625,17.0,2232.87890625,2325.0,0.0,4019.0,963.0,1123.0,45.062,45.187
627.680,train:DC6,99.7,369.2734375,17.9,2227.09375,2380.0,0.0,4059.0,963.0,1123.0,45.343,45.343
628.189,train:DC6,102.3,344.91796875,16.5,2192.37109375,2390.0,0.0,4019.0,963.0,1125.0,45.125,45.343
628.690,train:DC6,97.7,420.390625,17.3,2254.70703125,2386.0,0.0,4019.0,963.0,1125.0,45.281,45.343
629.191,train:DC6,99.7,421.890625,17.0,2257.29296875,2373.0,0.0,4019.0,922.0,1123.0,45.25,45.375
629.693,train:DC6,99.7,413.12890625,17.5,2249.828125,2366.0,0.0,3979.0,963.0,1123.0,45.25,45.312
630.194,train:DC6,99.8,396.66796875,16.7,2236.421875,2332.0,0.0,3979.0,963.0,1123.0,45.281,45.281
630.695,train:DC1,99.7,398.140625,17.3,2238.3828125,2331.0,0.0,3979.0,963.0,1125.0,45.25,45.406
631.196,train:DC1,99.8,368.890625,17.0,2216.609375,2385.0,0.0,4019.0,963.0,1123.0,45.218,45.312
631.710,train:DC1,101.3,344.91796875,17.1,2201.5234375,2387.0,0.0,3979.0,963.0,1125.0,45.125,45.343
632.214,train:DC1,97.1,420.390625,16.7,2256.140625,2387.0,0.0,3979.0,963.0,1123.0,45.406,45.406
632.715,train:DC1,99.7,421.890625,16.7,2256.55078125,2373.0,0.0,4019.0,922.0,1123.0,45.625,45.625
633.217,train:DC1,99.7,412.9296875,17.8,2250.75390625,2367.0,0.0,3979.0,922.0,1123.0,45.156,45.281
633.718,train:DC1,101.7,396.6875,17.1,2245.1015625,2345.0,0.0,3979.0,963.0,1125.0,45.281,45.281
634.220,train:DC1,97.7,366.88671875,17.3,2215.4453125,2392.0,0.0,4019.0,963.0,1125.0,45.218,45.218
634.736,train:DC1,100.7,344.91796875,17.1,2200.35546875,2386.0,0.0,3979.0,963.0,1125.0,45.281,45.406
635.240,train:DC2,99.1,344.91796875,18.9,2196.82421875,2374.0,0.0,4019.0,963.0,1123.0,45.125,45.281
635.742,train:DC2,99.6,420.390625,16.8,2259.3203125,2391.0,0.0,4019.0,963.0,1123.0,45.125,45.375
636.244,train:DC2,99.6,421.890625,17.3,2254.38671875,2378.0,0.0,4019.0,922.0,1123.0,45.187,45.312
636.746,train:DC2,101.7,416.30078125,17.3,2253.27734375,2369.0,0.0,3979.0,922.0,1123.0,45.25,45.343
637.247,train:DC2,97.7,400.140625,17.3,2232.0,2348.0,0.0,3979.0,963.0,1125.0,45.187,45.343
637.748,train:DC2,99.7,366.88671875,17.0,2224.52734375,2387.0,0.0,4019.0,963.0,1125.0,45.187,45.25
638.255,train:DC2,100.6,344.91796875,17.3,2195.4296875,2379.0,0.0,4019.0,963.0,1123.0,45.468,45.468
638.760,train:DC2,99.2,421.890625,17.0,2250.046875,2381.0,0.0,4019.0,922.0,1125.0,45.125,45.312
639.261,train:DC2,99.7,420.390625,17.3,2245.49609375,2376.0,0.0,4019.0,963.0,1123.0,45.218,45.437
639.762,train:DC2,99.8,407.43359375,16.7,2235.77734375,2363.0,0.0,3979.0,963.0,1123.0,45.156,45.343
640.263,train:DC3,99.8,418.140625,17.3,2244.0625,2360.0,0.0,3979.0,963.0,1123.0,45.218,45.281
640.764,train:DC3,99.8,400.140625,17.3,2236.8515625,2360.0,0.0,3979.0,963.0,1123.0,45.156,45.312
641.266,train:DC3,99.8,367.796875,17.3,2223.19140625,2331.0,0.0,3979.0,963.0,1125.0,45.312,45.312
641.773,train:DC3,98.5,344.91796875,16.6,2201.90625,2378.0,0.0,4019.0,963.0,1125.0,45.156,45.437
642.274,train:DC3,99.7,421.890625,17.9,2248.53125,2380.0,0.0,4019.0,963.0,1125.0,45.187,45.312
642.775,train:DC3,99.8,420.390625,16.7,2250.37890625,2382.0,0.0,4019.0,963.0,1123.0,45.031,45.281
643.277,train:DC3,99.8,414.26171875,17.6,2242.9140625,2367.0,0.0,4019.0,963.0,1123.0,45.187,45.281
643.778,train:DC3,101.8,395.84765625,17.1,2237.50390625,2361.0,0.0,4019.0,963.0,1123.0,45.312,45.343
644.279,train:DC3,97.7,369.34765625,17.3,2223.71484375,2332.0,0.0,3979.0,963.0,1123.0,45.312,45.312
644.780,train:DC4,99.8,366.90625,16.7,2217.93359375,2333.0,0.0,3979.0,922.0,1125.0,45.25,45.437
645.288,train:DC4,102.4,344.91796875,17.3,2194.97265625,2380.0,0.0,3979.0,963.0,1123.0,45.125,45.312
645.792,train:DC4,95.2,421.890625,17.5,2249.58984375,2381.0,0.0,3979.0,963.0,1125.0,45.125,45.437
646.293,train:DC4,101.8,420.390625,16.8,2249.9921875,2381.0,0.0,3979.0,963.0,1123.0,45.125,45.25
646.794,train:DC4,99.8,414.33203125,17.3,2240.26953125,2368.0,0.0,3979.0,963.0,1123.0,45.25,45.25
647.296,train:DC4,97.8,395.140625,17.3,2234.80078125,2366.0,0.0,3979.0,963.0,1123.0,45.437,45.437
647.797,train:DC4,101.8,368.890625,17.3,2221.56640625,2345.0,0.0,4019.0,963.0,1123.0,45.187,45.468
648.314,train:DC4,100.6,344.91796875,17.6,2198.609375,2384.0,0.0,4019.0,963.0,1123.0,45.312,45.343
648.818,train:DC4,99.2,420.390625,16.4,2253.2265625,2385.0,0.0,3979.0,963.0,1125.0,45.156,45.281
649.319,train:DC4,99.8,407.43359375,17.6,2235.62109375,2367.0,0.0,4019.0,963.0,1123.0,45.531,45.531
649.820,train:DC5,99.7,420.390625,17.3,2245.46484375,2377.0,0.0,3979.0,963.0,1125.0,45.406,45.406
650.322,train:DC5,97.7,419.12890625,17.0,2248.05078125,2371.0,0.0,4019.0,922.0,1123.0,45.125,45.218
650.823,train:DC5,101.7,398.140625,17.0,2244.83203125,2376.0,0.0,4019.0,963.0,1123.0,45.437,45.437
651.324,train:DC5,99.8,370.35546875,17.6,2223.44921875,2355.0,0.0,3979.0,963.0,1125.0,45.218,45.5
651.828,train:DC5,99.2,344.91796875,16.8,2200.48828125,2378.0,0.0,4019.0,963.0,1123.0,45.375,45.375
652.332,train:DC5,99.2,420.390625,17.3,2247.10546875,2378.0,0.0,3979.0,963.0,1125.0,45.125,45.437
652.833,train:DC5,99.8,421.890625,17.0,2248.953125,2380.0,0.0,3979.0,963.0,1125.0,45.156,45.156
653.335,train:DC5,99.8,413.0234375,17.0,2238.10546875,2380.0,0.0,3979.0,963.0,1125.0,45.156,45.156
653.836,train:DC5,99.8,396.66796875,17.0,2238.27734375,2369.0,0.0,4019.0,963.0,1123.0,45.281,45.281
654.338,train:DC6,99.5,398.140625,17.3,2240.36328125,2370.0,0.0,3979.0,963.0,1123.0,45.187,45.281
654.839,train:DC6,99.7,368.890625,16.7,2226.5859375,2372.0,0.0,3979.0,963.0,1123.0,45.312,45.312
655.349,train:DC6,100.0,344.91796875,17.6,2197.234375,2358.0,0.0,4019.0,922.0,1123.0,45.468,45.468
655.854,train:DC6,99.2,420.390625,17.3,2259.671875,2329.0,0.0,4019.0,963.0,1123.0,45.125,45.468
656.355,train:DC6,99.8,421.890625,16.7,2260.08203125,2391.0,0.0,4019.0,963.0,1123.0,45.156,45.375
656.856,train:DC6,99.8,411.8359375,17.0,2246.54296875,2391.0,0.0,3979.0,963.0,1123.0,45.125,45.343
657.357,train:DC6,99.8,393.640625,17.9,2233.01953125,2386.0,0.0,3979.0,922.0,1123.0,45.406,45.406
657.858,train:DC6,99.8,362.88671875,16.7,2219.11328125,2366.0,0.0,3979.0,922.0,1123.0,45.093,45.25
658.360,train:DC6,99.7,420.390625,17.1,2258.234375,2358.0,0.0,3979.0,922.0,1123.0,45.218,45.218
658.874,train:DC6,99.2,344.91796875,17.6,2205.6953125,2327.0,0.0,4019.0,963.0,1123.0,45.375,45.375
659.382,train:DC1,100.4,420.390625,16.7,2256.05859375,2333.0,0.0,3979.0,963.0,1125.0,45.125,45.375
659.883,train:DC1,99.7,421.890625,17.0,2253.5703125,2387.0,0.0,4019.0,963.0,1123.0,45.125,45.25
660.385,train:DC1,99.7,412.34765625,17.5,2241.94140625,2385.0,0.0,4019.0,963.0,1123.0,45.125,45.281
660.886,train:DC1,97.7,393.640625,17.0,2238.3359375,2381.0,0.0,4019.0,963.0,1123.0,45.406,45.406
661.387,train:DC1,101.7,365.796875,17.3,2216.171875,2370.0,0.0,4019.0,922.0,1123.0,45.25,45.312
661.889,train:DC1,99.7,420.390625,17.3,2255.18359375,2363.0,0.0,4019.0,963.0,1123.0,45.281,45.375
662.390,train:DC1,99.8,421.890625,16.7,2255.41796875,2324.0,0.0,3979.0,963.0,1123.0,45.125,45.312
662.891,train:DC1,97.7,420.390625,17.0,2258.2890625,2387.0,0.0,4019.0,963.0,1123.0,45.125,45.218
663.392,train:DC1,99.8,405.60546875,17.9,2240.8203125,2390.0,0.0,3979.0,922.0,1125.0,45.125,45.312
663.894,train:DC2,99.8,411.640625,17.3,2248.17578125,2374.0,0.0,3979.0,963.0,1125.0,45.343,45.343
664.395,train:DC2,99.7,393.640625,17.3,2237.546875,2387.0,0.0,4019.0,922.0,1123.0,45.406,45.406
664.896,train:DC2,101.7,360.88671875,17.3,2216.47265625,2376.0,0.0,4019.0,963.0,1123.0,45.156,45.406
665.398,train:DC2,99.7,420.390625,17.1,2255.51171875,2371.0,0.0,3979.0,963.0,1123.0,45.125,45.312
665.899,train:DC2,99.7,421.890625,17.0,2251.765625,2344.0,0.0,4019.0,963.0,1123.0,45.218,45.281
666.400,train:DC2,97.8,420.390625,17.3,2255.9453125,2383.0,0.0,4019.0,963.0,1123.0,45.343,45.343
666.901,train:DC2,99.7,408.640625,17.0,2241.64453125,2387.0,0.0,4019.0,963.0,1125.0,45.25,45.25
667.403,train:DC2,99.7,385.390625,17.0,2230.82421875,2385.0,0.0,4019.0,963.0,1123.0,45.312,45.312
667.904,train:DC2,101.7,359.4453125,17.6,2215.94140625,2370.0,0.0,4019.0,963.0,1123.0,45.375,45.406
668.405,train:DC3,97.7,360.88671875,17.2,2204.390625,2371.0,0.0,3979.0,963.0,1123.0,45.218,45.406
668.907,train:DC3,101.7,420.390625,16.5,2251.39453125,2360.0,0.0,4019.0,963.0,1123.0,45.25,45.437
669.408,train:DC3,97.8,421.890625,17.9,2247.765625,2348.0,0.0,4059.0,963.0,1123.0,45.218,45.218
669.909,train:DC3,99.7,420.390625,17.0,2253.09375,2379.0,0.0,4019.0,963.0,1123.0,45.375,45.375
670.411,train:DC3,99.7,408.640625,16.8,2234.96875,2384.0,0.0,4019.0,963.0,1123.0,45.312,45.343
670.912,train:DC3,99.7,383.84765625,17.6,2239.14453125,2382.0,0.0,4019.0,963.0,1123.0,45.218,45.218
671.413,train:DC3,101.7,354.82421875,17.9,2205.39453125,2370.0,0.0,4019.0,963.0,1123.0,45.125,45.375
671.915,train:DC3,97.6,421.890625,17.3,2252.39453125,2368.0,0.0,4019.0,963.0,1123.0,45.125,45.375
672.417,train:DC3,101.6,420.390625,16.9,2252.67578125,2345.0,0.0,3979.0,963.0,1123.0,45.25,45.375
672.919,train:DC3,99.7,407.43359375,17.1,2241.18359375,2349.0,0.0,4019.0,963.0,1123.0,45.125,45.25
673.420,train:DC4,99.7,420.390625,17.5,2253.12890625,2322.0,0.0,3979.0,922.0,1125.0,45.406,45.406
673.922,train:DC4,99.7,408.640625,17.0,2241.63671875,2384.0,0.0,3979.0,963.0,1123.0,45.25,45.343
674.424,train:DC4,97.7,380.98828125,17.3,2234.91015625,2377.0,0.0,4019.0,963.0,1123.0,45.281,45.406
674.926,train:DC4,101.6,354.82421875,17.3,2211.03125,2382.0,0.0,4019.0,963.0,1123.0,45.125,45.343
675.427,train:DC4,99.6,421.890625,17.2,2250.296875,2366.0,0.0,4019.0,963.0,1123.0,45.406,45.406
675.929,train:DC4,97.7,420.390625,17.6,2246.43359375,2362.0,0.0,4019.0,963.0,1123.0,45.187,45.25
676.431,train:DC4,99.7,421.890625,16.7,2251.07421875,2328.0,0.0,4019.0,963.0,1123.0,45.281,45.437
676.933,train:DC4,101.6,406.640625,17.6,2239.81640625,2382.0,0.0,4059.0,963.0,1123.0,45.281,45.312
677.434,train:DC4,99.7,379.40234375,17.0,2229.44921875,2379.0,0.0,4019.0,963.0,1123.0,45.156,45.406
677.936,train:DC5,97.7,379.140625,17.1,2233.8203125,2369.0,0.0,3979.0,963.0,1123.0,45.312,45.375
678.438,train:DC5,101.6,354.82421875,17.3,2206.33984375,2381.0,0.0,4019.0,963.0,1123.0,45.343,45.406
678.939,train:DC5,99.7,421.890625,16.7,2245.4609375,2369.0,0.0,3979.0,922.0,1123.0,45.218,45.343
679.441,train:DC5,99.7,420.3984375,17.5,2252.28515625,2364.0,0.0,3979.0,922.0,1123.0,45.25,45.312
679.942,train:DC5,99.7,421.28515625,16.8,2248.421875,2348.0,0.0,3979.0,963.0,1123.0,45.125,45.312
680.444,train:DC5,99.7,406.65625,17.0,2243.05859375,2380.0,0.0,4059.0,963.0,1123.0,45.125,45.312
680.945,train:DC5,99.7,380.41015625,17.6,2231.80078125,2390.0,0.0,4019.0,963.0,1123.0,45.312,45.312
681.446,train:DC5,99.7,344.93359375,17.0,2197.9140625,2386.0,0.0,4019.0,963.0,1123.0,45.468,45.468
681.948,train:DC5,99.7,420.40625,17.3,2260.36328125,2376.0,0.0,3979.0,922.0,1123.0,45.218,45.281
682.449,train:DC5,99.7,407.44921875,17.0,2249.29296875,2365.0,0.0,4019.0,922.0,1123.0,45.375,45.437
682.950,train:DC6,99.7,420.40625,17.6,2261.171875,2369.0,0.0,4019.0,922.0,1123.0,45.187,45.375
683.452,train:DC6,99.7,419.65625,17.0,2257.42578125,2350.0,0.0,3979.0,963.0,1123.0,45.218,45.375
683.954,train:DC6,99.7,404.65625,17.3,2238.2265625,2354.0,0.0,4019.0,963.0,1123.0,45.062,45.468
684.455,train:DC6,99.6,375.03125,17.7,2235.73828125,2377.0,0.0,3979.0,963.0,1125.0,45.187,45.312
684.957,train:DC6,99.6,344.93359375,17.3,2195.1171875,2377.0,0.0,4019.0,963.0,1123.0,45.375,45.375
685.459,train:DC6,99.6,420.40625,16.7,2245.6875,2373.0,0.0,3979.0,963.0,1123.0,45.25,45.281
685.961,train:DC6,99.6,421.90625,17.9,2245.76171875,2373.0,0.0,4019.0,922.0,1123.0,45.218,45.406
686.463,train:DC6,99.6,418.15625,16.4,2244.90234375,2361.0,0.0,4019.0,963.0,1123.0,45.187,45.468
686.965,train:DC6,99.7,396.68359375,17.6,2242.47265625,2338.0,0.0,3979.0,963.0,1123.0,45.156,45.406
687.466,train:DC1,99.7,401.68359375,17.5,2231.2890625,2323.0,0.0,4019.0,963.0,1123.0,45.125,45.343
687.968,train:DC1,99.7,375.03125,17.0,2225.52734375,2378.0,0.0,4019.0,963.0,1123.0,45.343,45.25
688.469,train:DC1,99.7,344.93359375,17.3,2199.70703125,2380.0,0.0,3979.0,963.0,1123.0,45.375,45.375
688.970,train:DC1,99.7,420.40625,18.5,2246.41015625,2378.0,0.0,4019.0,963.0,1123.0,45.281,45.468
689.473,train:DC1,101.5,421.90625,17.0,2251.27734375,2367.0,0.0,3979.0,963.0,1123.0,45.25,45.281
689.975,train:DC1,99.7,413.515625,17.0,2240.01953125,2363.0,0.0,3979.0,963.0,1123.0,45.218,45.406
690.476,train:DC1,99.7,399.03515625,17.3,2237.53515625,2330.0,0.0,4019.0,963.0,1123.0,45.187,45.312
690.978,train:DC1,99.7,366.90234375,17.6,2218.03515625,2384.0,0.0,4019.0,963.0,1125.0,45.25,45.281
691.491,train:DC1,101.2,344.93359375,17.1,2198.77734375,2381.0,0.0,4019.0,963.0,1123.0,45.281,45.281
691.996,train:DC2,97.2,344.93359375,17.0,2198.19921875,2371.0,0.0,3979.0,963.0,1123.0,45.437,45.437
692.497,train:DC2,99.7,420.40625,17.3,2252.76953125,2384.0,0.0,4019.0,922.0,1123.0,45.156,45.406
692.999,train:DC2,99.7,421.90625,17.0,2249.0234375,2366.0,0.0,3979.0,922.0,1123.0,45.156,45.312
693.500,train:DC2,99.7,417.66015625,17.5,2245.16015625,2369.0,0.0,4019.0,963.0,1123.0,45.125,45.437
694.002,train:DC2,99.7,400.15625,17.0,2233.78515625,2341.0,0.0,3979.0,963.0,1123.0,45.406,45.406
694.503,train:DC2,99.7,368.796875,16.8,2222.0546875,2381.0,0.0,4019.0,963.0,1123.0,45.218,45.218
695.011,train:DC2,100.4,344.93359375,17.3,2195.0625,2385.0,0.0,3979.0,963.0,1123.0,45.218,45.218
695.513,train:DC2,99.7,421.90625,19.0,2249.3125,2381.0,0.0,4019.0,963.0,1123.0,45.281,45.375
696.014,train:DC2,99.7,420.40625,16.4,2245.8671875,2377.0,0.0,4019.0,963.0,1123.0,45.125,45.343
696.516,train:DC2,97.7,407.44921875,18.1,2235.75390625,2367.0,0.0,4019.0,963.0,1123.0,45.0,45.406
697.018,train:DC3,101.7,418.15625,17.3,2247.7421875,2364.0,0.0,4019.0,963.0,1123.0,45.062,45.25
697.519,train:DC3,97.6,400.15625,17.0,2244.12890625,2352.0,0.0,4019.0,963.0,1123.0,45.25,45.312
698.021,train:DC3,101.6,368.90625,17.5,2218.7578125,2377.0,0.0,4059.0,963.0,1123.0,45.25,45.5
698.529,train:DC3,100.5,344.93359375,16.9,2200.578125,2377.0,0.0,4019.0,963.0,1123.0,45.187,45.406
699.030,train:DC3,99.7,421.90625,17.0,2255.08984375,2386.0,0.0,4019.0,963.0,1123.0,45.156,45.312
699.532,train:DC3,97.7,420.40625,17.0,2253.96875,2373.0,0.0,4019.0,963.0,1123.0,45.187,45.406
700.033,train:DC3,99.7,414.67578125,17.3,2246.3515625,2370.0,0.0,3979.0,963.0,1123.0,45.281,45.281
700.534,train:DC3,99.7,396.953125,17.1,2236.2421875,2352.0,0.0,3979.0,963.0,1123.0,45.062,45.375
701.035,train:DC3,101.7,369.36328125,17.3,2216.9921875,2341.0,0.0,4019.0,963.0,1125.0,45.281,45.312
701.537,train:DC4,99.7,366.90234375,17.3,2228.87109375,2337.0,0.0,3979.0,963.0,1125.0,45.343,45.468
702.045,train:DC4,98.4,344.93359375,17.3,2194.01171875,2384.0,0.0,4019.0,963.0,1123.0,45.281,45.406
702.549,train:DC4,99.2,421.90625,17.1,2256.37890625,2388.0,0.0,4019.0,963.0,1123.0,45.125,45.437
703.051,train:DC4,99.7,420.40625,17.0,2249.0546875,2380.0,0.0,4019.0,922.0,1123.0,45.156,45.312
703.552,train:DC4,99.7,414.1875,17.3,2246.56640625,2362.0,0.0,4019.0,963.0,1123.0,45.437,45.437
704.054,train:DC4,101.7,393.65625,17.5,2235.13671875,2359.0,0.0,3979.0,922.0,1123.0,45.375,45.375
704.556,train:DC4,97.6,368.87890625,17.1,2223.16015625,2331.0,0.0,3979.0,963.0,1125.0,45.218,45.25
705.058,train:DC4,101.6,421.90625,16.8,2194.953125,2378.0,0.0,3979.0,963.0,1125.0,45.187,45.5
705.578,train:DC4,98.0,420.40625,16.9,2249.34375,2381.0,0.0,3979.0,922.0,1125.0,45.281,45.437
706.079,train:DC4,99.7,407.44921875,17.0,2237.8515625,2369.0,0.0,3979.0,922.0,1125.0,45.343,45.406
706.581,train:DC5,101.7,420.40625,17.8,2249.796875,2381.0,0.0,4019.0,963.0,1125.0,45.093,45.343
707.083,train:DC5,97.7,419.65625,16.4,2246.109375,2370.0,0.0,4019.0,922.0,1123.0,45.468,45.468
707.585,train:DC5,99.7,398.15625,17.6,2235.99609375,2367.0,0.0,4019.0,963.0,1123.0,45.25,45.312
708.086,train:DC5,99.7,370.51953125,17.0,2225.109375,2341.0,0.0,4019.0,963.0,1123.0,45.218,45.343
708.592,train:DC5,100.8,344.93359375,16.9,2205.83984375,2380.0,0.0,4019.0,963.0,1123.0,45.312,45.312
709.094,train:DC5,99.6,420.40625,16.9,2245.6015625,2377.0,0.0,3979.0,922.0,1125.0,45.187,45.5
709.595,train:DC5,99.7,421.90625,17.6,2251.046875,2382.0,0.0,3979.0,963.0,1125.0,45.281,45.312
710.097,train:DC5,99.7,413.37109375,16.7,2239.4765625,2363.0,0.0,3979.0,963.0,1123.0,45.125,45.312
710.598,train:DC5,97.8,396.68359375,17.3,2235.8671875,2367.0,0.0,3979.0,963.0,1123.0,45.218,45.25
711.099,train:DC6,101.7,398.15625,17.0,2232.60546875,2364.0,0.0,3979.0,963.0,1123.0,45.187,45.281
711.601,train:DC6,99.8,369.8515625,17.6,2220.875,2344.0,0.0,3979.0,963.0,1125.0,45.125,45.25
712.105,train:DC6,101.1,344.93359375,16.6,2191.82421875,2383.0,0.0,4019.0,963.0,1125.0,45.375,45.375
712.609,train:DC6,97.2,420.40625,17.6,2246.25,2378.0,0.0,4019.0,963.0,1123.0,45.437,45.437
713.110,train:DC6,99.7,421.90625,16.7,2245.60546875,2377.0,0.0,4019.0,963.0,1123.0,45.218,45.25
713.612,train:DC6,99.8,412.39453125,17.3,2239.796875,2371.0,0.0,4019.0,963.0,1123.0,45.187,45.343
714.113,train:DC6,101.8,394.0859375,17.3,2235.234375,2371.0,0.0,4019.0,963.0,1123.0,45.187,45.343
714.614,train:DC6,99.8,366.6875,17.1,2222.78125,2367.0,0.0,4019.0,963.0,1123.0,45.218,45.375
715.115,train:DC6,97.8,420.40625,16.4,2246.15625,2354.0,0.0,3979.0,963.0,1123.0,45.5,45.312
715.624,train:DC6,100.3,344.93359375,17.7,2200.93359375,2352.0,0.0,4019.0,963.0,1123.0,45.218,45.312
716.132,fusion_fit,98.5,395.9921875,17.3,2244.1015625,2324.0,0.0,3979.0,963.0,1123.0,45.25,45.312
716.633,fusion_fit,101.7,384.578125,17.7,2236.421875,2372.0,0.0,4052.0,963.0,1123.0,45.343,45.343
717.135,fusion_fit,97.6,343.28125,17.0,2192.08203125,2372.0,0.0,4133.0,961.0,1163.0,45.625,45.625
717.637,fusion_fit,99.7,403.0546875,17.6,2258.71484375,2323.0,0.0,4173.0,961.0,1163.0,45.281,45.281
718.138,fusion_fit,101.7,402.33203125,17.1,2258.97265625,2390.0,0.0,4173.0,961.0,1163.0,45.281,45.406
718.639,fusion_fit,97.7,396.171875,17.1,2251.796875,2390.0,0.0,4213.0,961.0,1161.0,45.218,45.281
719.141,fusion_fit,101.7,390.375,16.8,2242.80859375,2383.0,0.0,4173.0,961.0,1161.0,45.25,45.312
719.642,fusion_fit,97.8,323.546875,17.5,2168.67578125,2374.0,0.0,4173.0,961.0,1163.0,45.125,45.312
720.144,fusion_fit,101.5,410.69140625,17.1,2267.5546875,2300.0,0.0,4093.0,963.0,1163.0,45.281,45.281
720.645,fusion_fit,97.7,409.1015625,16.7,2255.09765625,2403.0,0.0,4133.0,963.0,1163.0,45.5,45.5
721.147,fusion_fit,99.7,357.1875,17.6,2210.56640625,2386.0,0.0,4133.0,963.0,1163.0,45.25,45.312
721.649,fusion_fit,99.7,397.65234375,17.0,2239.37890625,2358.0,0.0,4133.0,922.0,1163.0,45.187,45.343
722.150,fusion_fit,97.8,415.10546875,17.1,2256.59765625,2311.0,0.0,4133.0,922.0,1163.0,45.125,45.281
722.651,fusion_fit,99.7,409.20703125,17.6,2250.21484375,2388.0,0.0,4173.0,963.0,1163.0,45.437,45.281
723.153,fusion_fit,101.7,387.09765625,17.6,2226.8046875,2382.0,0.0,4173.0,963.0,1163.0,45.343,45.343
723.654,fusion_fit,99.7,334.2265625,17.0,2185.2734375,2378.0,0.0,4173.0,921.0,1163.0,45.281,45.281
724.165,fusion_fit,99.9,418.3984375,17.3,2250.63671875,2317.0,0.0,4133.0,963.0,1123.0,45.375,45.375
724.666,fusion_fit,99.7,411.04296875,17.1,2255.19921875,2382.0,0.0,4133.0,961.0,1163.0,45.5,45.5
725.168,fusion_fit,97.7,380.3984375,17.1,2207.17578125,2387.0,0.0,4133.0,922.0,1163.0,45.218,45.375
725.671,fusion_fit,101.4,334.34375,17.2,2175.046875,2362.0,0.0,4133.0,922.0,1163.0,45.312,45.375
726.173,fusion_fit,99.6,415.45703125,17.6,2244.41796875,2321.0,0.0,4133.0,922.0,1163.0,45.093,45.312
726.674,fusion_fit,99.6,409.6875,17.0,2238.1953125,2370.0,0.0,4173.0,961.0,1163.0,45.25,45.312
727.176,fusion_fit,97.7,403.90625,17.3,2234.65234375,2373.0,0.0,4173.0,961.0,1163.0,45.125,45.25
727.683,fusion_fit,102.6,334.578125,16.8,2175.6171875,2370.0,0.0,4173.0,961.0,1163.0,45.281,45.281
728.188,fusion_fit,99.0,405.43359375,17.3,2232.98828125,2307.0,0.0,4052.0,963.0,1123.0,45.156,45.375
728.690,fusion_fit,99.7,376.05078125,17.3,2210.1796875,2364.0,0.0,4093.0,963.0,1123.0,45.156,45.312
729.191,fusion_fit,97.7,373.50390625,17.1,2204.7265625,2366.0,0.0,4133.0,963.0,1163.0,45.093,45.187
729.693,fusion_fit,99.6,341.53515625,17.0,2179.33203125,2367.0,0.0,4173.0,961.0,1163.0,45.375,45.25
730.195,fusion_fit,99.7,356.03515625,17.4,2193.890625,2349.0,0.0,4133.0,961.0,1163.0,45.531,45.531
730.696,fusion_fit,101.7,345.4375,17.5,2187.9765625,2365.0,0.0,4133.0,963.0,1163.0,45.093,45.218
731.203,fusion_fit,100.7,338.578125,17.5,2173.1015625,2355.0,0.0,4133.0,963.0,1163.0,45.312,45.312
731.713,fusion_fit,98.0,383.4375,17.3,2221.22265625,2304.0,0.0,4052.0,963.0,1123.0,45.312,45.312
732.215,fusion_fit,99.7,355.08984375,16.8,2186.73046875,2375.0,0.0,4052.0,963.0,1123.0,45.281,45.406
732.716,fusion_fit,99.7,351.828125,18.1,2192.20703125,2348.0,0.0,4093.0,963.0,1163.0,45.343,45.343
733.223,fusion_fit,98.7,336.7109375,17.2,2169.59375,2359.0,0.0,4133.0,963.0,1163.0,45.156,45.437
733.729,fusion_fit,100.8,336.5859375,17.2,2166.62109375,2342.0,0.0,4173.0,961.0,1163.0,45.312,45.312
734.232,fusion_fit,101.3,336.41015625,18.2,2167.984375,2345.0,0.0,4173.0,921.0,1163.0,45.312,45.375
734.734,fusion_fit,97.6,387.59375,16.4,2218.9765625,2345.0,0.0,4173.0,921.0,1163.0,45.062,45.218
735.236,fusion_fit,101.6,337.56640625,17.6,2169.41796875,2301.0,0.0,4052.0,922.0,1123.0,45.343,45.343
735.738,fusion_fit,99.6,337.56640625,16.7,2169.41796875,2301.0,0.0,3898.0,963.0,1085.0,45.156,45.187
736.241,fusion_fit,99.4,337.56640625,17.6,2169.41796875,2301.0,0.0,3858.0,964.0,1085.0,45.187,45.375
736.743,fusion_fit,99.6,337.56640625,16.7,2169.41796875,2301.0,0.0,3818.0,924.0,1085.0,45.125,45.281
737.246,fusion_fit,99.4,337.56640625,17.5,2169.41796875,2301.0,0.0,3818.0,924.0,1085.0,45.281,45.281
737.749,fusion_fit,99.4,337.56640625,16.7,2169.41796875,2301.0,0.0,3818.0,924.0,1085.0,45.156,45.25
738.251,fusion_fit,99.6,337.56640625,17.3,2168.20703125,2300.0,0.0,3818.0,924.0,1085.0,45.156,45.25
738.753,fusion_fit,99.6,337.56640625,16.9,2168.20703125,2300.0,0.0,3818.0,924.0,1085.0,45.281,45.468
739.255,fusion_fit,99.6,337.56640625,17.3,2166.8203125,2298.0,0.0,3818.0,924.0,1085.0,45.093,45.406
739.757,fusion_fit,99.7,337.56640625,17.2,2166.8203125,2298.0,0.0,3858.0,964.0,1085.0,45.125,45.375
740.258,fusion_fit,99.6,337.56640625,17.1,2164.7109375,2296.0,0.0,3818.0,964.0,1085.0,45.125,45.25
740.760,fusion_fit,97.6,337.56640625,16.7,2164.7109375,2296.0,0.0,3818.0,964.0,1085.0,45.312,45.468
741.262,fusion_fit,99.6,337.56640625,17.6,2162.7109375,2294.0,0.0,3818.0,964.0,1085.0,45.187,45.343
741.765,fusion_fit,101.5,337.56640625,17.2,2162.7109375,2294.0,0.0,3818.0,964.0,1085.0,45.25,45.406
742.267,fusion_fit,99.6,337.56640625,17.3,2162.7109375,2294.0,0.0,3818.0,964.0,1085.0,45.187,45.25
742.768,fusion_fit,97.6,337.56640625,17.3,2162.7109375,2294.0,0.0,3818.0,964.0,1085.0,45.125,45.406
743.271,fusion_fit,99.6,337.56640625,17.0,2160.7109375,2292.0,0.0,3818.0,924.0,1085.0,45.156,45.156
743.773,fusion_fit,99.5,337.56640625,16.9,2160.7109375,2292.0,0.0,3818.0,924.0,1085.0,45.125,45.218
744.275,fusion_fit,99.6,337.56640625,17.0,2160.7109375,2292.0,0.0,3818.0,964.0,1085.0,45.125,45.312
744.778,fusion_fit,101.5,337.56640625,17.9,2160.7109375,2292.0,0.0,3858.0,964.0,1085.0,45.125,45.25
745.280,fusion_fit,99.6,337.56640625,17.1,2160.703125,2292.0,0.0,3858.0,964.0,1085.0,45.125,45.187
745.782,fusion_fit,99.6,337.56640625,16.9,2160.703125,2292.0,0.0,3818.0,924.0,1085.0,45.125,45.218
746.285,fusion_fit,99.4,337.56640625,17.0,2158.703125,2290.0,0.0,3818.0,924.0,1085.0,45.281,45.281
746.787,fusion_fit,99.6,337.56640625,17.0,2160.6875,2292.0,0.0,3818.0,924.0,1085.0,45.468,45.468
747.289,fusion_fit,99.6,337.56640625,17.2,2160.640625,2292.0,0.0,3818.0,924.0,1085.0,45.156,45.406
747.792,fusion_fit,99.4,337.56640625,17.0,2160.640625,2292.0,0.0,3818.0,924.0,1085.0,45.281,45.437
748.295,fusion_fit,99.5,337.56640625,16.9,2160.6328125,2292.0,0.0,3778.0,924.0,1085.0,45.125,45.281
748.796,fusion_fit,99.7,337.56640625,17.0,2160.6328125,2292.0,0.0,3818.0,924.0,1085.0,45.125,45.312
749.298,fusion_fit,97.7,337.56640625,17.3,2160.6328125,2292.0,0.0,3818.0,964.0,1085.0,45.125,45.187
749.801,fusion_fit,101.4,337.56640625,16.9,2160.6328125,2292.0,0.0,3818.0,924.0,1085.0,45.218,45.218
750.303,fusion_fit,97.6,337.56640625,17.3,2160.625,2292.0,0.0,3858.0,964.0,1085.0,45.281,45.281
750.806,fusion_fit,99.4,337.56640625,17.3,2160.625,2292.0,0.0,3818.0,964.0,1085.0,45.125,45.281
751.307,fusion_fit,99.6,337.56640625,16.7,2160.625,2292.0,0.0,3818.0,964.0,1085.0,45.125,45.25
751.809,fusion_fit,99.6,337.56640625,17.3,2160.625,2292.0,0.0,3818.0,964.0,1085.0,45.125,45.312
752.311,fusion_fit,99.6,337.56640625,17.0,2160.625,2292.0,0.0,3818.0,924.0,1085.0,45.5,45.5
752.813,fusion_fit,101.6,337.56640625,16.9,2160.625,2292.0,0.0,3818.0,924.0,1085.0,45.218,45.25
753.316,fusion_fit,99.6,337.56640625,17.0,2160.625,2292.0,0.0,3818.0,924.0,1085.0,45.218,45.375
753.818,fusion_fit,99.6,337.56640625,17.0,2160.625,2292.0,0.0,3818.0,964.0,1085.0,45.062,45.281
754.321,fusion_fit,99.4,337.56640625,17.5,2160.62109375,2292.0,0.0,3818.0,924.0,1085.0,45.281,45.281
754.824,fusion_fit,99.4,337.56640625,17.0,2160.62109375,2292.0,0.0,3818.0,964.0,1085.0,45.125,45.156
755.326,fusion_fit,97.6,337.56640625,18.8,2160.62109375,2292.0,0.0,3858.0,964.0,1085.0,45.187,45.218
755.829,fusion_fit,101.3,337.56640625,17.0,2160.62109375,2292.0,0.0,3858.0,964.0,1085.0,45.125,45.343
756.332,fusion_fit,99.4,337.56640625,16.9,2160.61328125,2292.0,0.0,3818.0,964.0,1085.0,45.093,45.312
756.835,fusion_fit,99.5,337.56640625,17.9,2158.6015625,2292.0,0.0,3818.0,964.0,1085.0,45.062,45.25
757.338,fusion_fit,99.4,337.56640625,16.9,2158.6015625,2290.0,0.0,3818.0,964.0,1085.0,45.312,45.312
757.839,fusion_fit,99.6,337.56640625,17.0,2158.6015625,2290.0,0.0,3818.0,964.0,1085.0,45.375,45.375
758.342,fusion_fit,99.6,337.56640625,17.2,2158.6015625,2290.0,0.0,3818.0,964.0,1085.0,45.125,45.312
758.844,fusion_fit,99.4,337.56640625,17.3,2158.6015625,2290.0,0.0,3818.0,964.0,1085.0,45.093,45.312
759.347,fusion_fit,99.6,337.56640625,16.7,2158.6015625,2290.0,0.0,3818.0,924.0,1085.0,45.062,45.281
759.849,fusion_fit,99.5,337.56640625,17.3,2158.6015625,2290.0,0.0,3818.0,964.0,1085.0,45.187,45.25
760.351,fusion_fit,99.6,337.56640625,16.7,2158.59375,2290.0,0.0,3818.0,924.0,1085.0,45.156,45.312
760.853,fusion_fit,99.6,337.56640625,17.5,2158.59375,2290.0,0.0,3818.0,924.0,1085.0,45.187,45.312
761.356,fusion_fit,99.4,337.56640625,16.7,2158.58203125,2290.0,0.0,3818.0,924.0,1085.0,45.125,45.375
761.858,fusion_fit,101.6,337.56640625,17.3,2158.58203125,2290.0,0.0,3818.0,924.0,1085.0,45.125,45.375
762.360,fusion_fit,99.5,337.56640625,16.7,2158.58203125,2290.0,0.0,3818.0,924.0,1085.0,45.125,45.25
762.862,fusion_fit,99.6,337.56640625,17.6,2158.58203125,2290.0,0.0,3818.0,964.0,1085.0,45.281,45.281
763.364,fusion_fit,99.6,337.56640625,16.7,2158.58203125,2290.0,0.0,3818.0,924.0,1085.0,45.437,45.437
763.866,fusion_fit,99.6,337.56640625,17.3,2158.58203125,2290.0,0.0,3818.0,924.0,1085.0,45.156,45.218
764.369,fusion_fit,99.4,337.56640625,16.9,2158.58203125,2290.0,0.0,3818.0,924.0,1085.0,45.062,45.312
764.871,fusion_fit,99.6,337.56640625,17.5,2158.58203125,2290.0,0.0,3858.0,924.0,1085.0,45.125,45.312
765.373,fusion_fit,99.6,337.56640625,16.7,2158.58203125,2290.0,0.0,3858.0,924.0,1085.0,45.125,45.218
765.875,fusion_fit,99.7,337.56640625,17.0,2158.58203125,2290.0,0.0,3818.0,924.0,1085.0,45.25,45.406
766.377,fusion_fit,99.6,337.56640625,17.0,2158.58203125,2290.0,0.0,3818.0,924.0,1085.0,45.281,45.281
766.879,fusion_fit,99.7,337.56640625,17.0,2158.57421875,2290.0,0.0,3818.0,924.0,1085.0,45.125,45.375
767.381,fusion_fit,97.6,337.56640625,17.6,2157.29296875,2289.0,0.0,3858.0,964.0,1085.0,45.125,45.312
767.883,fusion_fit,99.5,337.56640625,17.1,2157.29296875,2289.0,0.0,3818.0,964.0,1085.0,45.093,45.375
768.385,fusion_fit,99.6,337.56640625,17.2,2157.29296875,2289.0,0.0,3818.0,924.0,1085.0,45.343,45.343
768.887,fusion_fit,99.6,337.56640625,17.3,2157.29296875,2289.0,0.0,3818.0,924.0,1085.0,45.125,45.281
769.390,fusion_fit,99.5,337.56640625,16.7,2157.29296875,2289.0,0.0,3818.0,924.0,1085.0,45.25,45.25
769.891,fusion_fit,99.6,337.56640625,17.3,2157.29296875,2289.0,0.0,3818.0,924.0,1085.0,45.187,45.406
770.394,fusion_fit,99.5,337.56640625,17.5,2157.29296875,2289.0,0.0,3818.0,924.0,1085.0,45.125,45.375
770.896,fusion_fit,99.7,337.56640625,16.7,2157.29296875,2289.0,0.0,3818.0,924.0,1085.0,45.062,45.218
771.397,fusion_fit,99.7,337.56640625,16.9,2157.29296875,2289.0,0.0,3818.0,924.0,1085.0,44.937,45.281
771.899,fusion_fit,99.6,337.56640625,16.8,2157.29296875,2289.0,0.0,3818.0,924.0,1085.0,45.343,45.343
772.402,fusion_fit,99.4,337.56640625,17.8,2157.27734375,2289.0,0.0,3818.0,924.0,1085.0,45.125,45.218
772.903,fusion_fit,99.7,337.56640625,16.7,2157.27734375,2289.0,0.0,3818.0,924.0,1085.0,45.093,45.343
773.405,fusion_fit,99.7,337.56640625,17.0,2157.27734375,2289.0,0.0,3818.0,924.0,1085.0,45.062,45.312
773.907,fusion_fit,99.7,337.56640625,16.9,2157.27734375,2289.0,0.0,3818.0,924.0,1085.0,45.343,45.281
774.408,fusion_fit,99.7,337.56640625,17.3,2157.27734375,2289.0,0.0,3818.0,924.0,1085.0,45.125,45.25
774.910,fusion_fit,99.7,337.56640625,16.9,2157.27734375,2289.0,0.0,3818.0,924.0,1085.0,45.125,45.25
775.411,fusion_fit,99.7,337.56640625,17.3,2157.2734375,2289.0,0.0,3818.0,924.0,1085.0,45.062,45.406
775.914,fusion_fit,99.5,337.56640625,16.9,2157.2734375,2289.0,0.0,3818.0,924.0,1085.0,45.093,45.312
776.416,fusion_fit,99.6,337.56640625,17.3,2157.2734375,2289.0,0.0,3818.0,964.0,1085.0,45.093,45.312
776.918,fusion_fit,99.7,337.56640625,16.7,2157.2734375,2289.0,0.0,3818.0,924.0,1085.0,45.062,45.281
777.419,fusion_fit,99.7,337.56640625,17.3,2154.4921875,2286.0,0.0,3818.0,924.0,1085.0,45.281,45.281
777.922,fusion_fit,99.6,337.56640625,17.3,2154.4921875,2286.0,0.0,3818.0,924.0,1085.0,45.125,45.437
778.423,fusion_fit,99.6,337.56640625,17.0,2154.33984375,2286.0,0.0,3818.0,924.0,1085.0,45.125,45.375
778.925,fusion_fit,97.6,337.56640625,17.0,2154.33984375,2286.0,0.0,3818.0,924.0,1085.0,45.0,45.343
779.427,fusion_fit,99.6,337.56640625,17.0,2154.33984375,2286.0,0.0,3818.0,924.0,1085.0,45.343,45.187
779.929,fusion_fit,99.6,337.56640625,17.2,2154.33984375,2286.0,0.0,3818.0,924.0,1085.0,45.125,45.25
780.431,fusion_fit,99.7,337.56640625,17.3,2154.33984375,2286.0,0.0,3818.0,924.0,1085.0,45.125,45.25
780.933,fusion_fit,99.5,337.56640625,16.7,2154.33984375,2286.0,0.0,3818.0,924.0,1085.0,45.125,45.25
781.435,fusion_fit,99.7,337.56640625,17.0,2154.33984375,2286.0,0.0,3818.0,924.0,1085.0,45.218,45.25
781.938,fusion_fit,99.4,337.56640625,17.2,2154.33984375,2286.0,0.0,3818.0,924.0,1085.0,45.0,45.375
782.440,fusion_fit,99.6,337.56640625,16.7,2154.33984375,2286.0,0.0,3818.0,924.0,1085.0,45.093,45.281
782.942,fusion_fit,99.6,337.56640625,17.3,2154.33984375,2286.0,0.0,3818.0,924.0,1085.0,45.0,45.156
783.444,fusion_fit,99.7,337.56640625,17.1,2154.33203125,2286.0,0.0,3818.0,964.0,1085.0,45.25,45.25
783.946,fusion_fit,99.6,337.56640625,17.0,2154.33203125,2286.0,0.0,3818.0,964.0,1085.0,45.375,45.375
784.448,fusion_fit,99.5,337.56640625,17.3,2154.33203125,2286.0,0.0,3818.0,924.0,1085.0,45.125,45.406
784.950,fusion_fit,99.6,337.56640625,17.0,2154.33203125,2286.0,0.0,3818.0,924.0,1085.0,45.062,45.312
785.452,fusion_fit,99.7,337.56640625,16.7,2154.33203125,2286.0,0.0,3818.0,924.0,1085.0,45.125,45.281
785.954,fusion_fit,99.5,337.56640625,17.3,2154.32421875,2286.0,0.0,3818.0,924.0,1085.0,45.156,45.218
786.456,fusion_fit,99.6,337.56640625,17.0,2154.32421875,2286.0,0.0,3818.0,924.0,1085.0,45.062,45.281
786.958,fusion_fit,99.6,337.56640625,17.0,2154.32421875,2286.0,0.0,3818.0,924.0,1085.0,45.125,45.218
787.460,fusion_fit,99.7,337.56640625,17.0,2154.32421875,2286.0,0.0,3818.0,924.0,1085.0,45.125,45.25
787.962,fusion_fit,99.6,337.56640625,17.5,2156.59375,2288.0,0.0,3818.0,964.0,1085.0,45.156,45.218
788.465,fusion_fit,99.4,337.56640625,17.3,2156.59375,2288.0,0.0,3858.0,964.0,1085.0,45.031,45.218
788.966,fusion_fit,99.6,337.56640625,17.0,2156.5859375,2288.0,0.0,3858.0,924.0,1085.0,45.281,45.281
789.468,fusion_fit,99.6,337.56640625,17.3,2156.5859375,2288.0,0.0,3818.0,924.0,1085.0,45.406,45.406
789.970,fusion_fit,99.6,337.56640625,17.0,2156.5859375,2288.0,0.0,3818.0,924.0,1085.0,45.093,45.218
790.472,fusion_fit,99.6,337.56640625,17.3,2156.5859375,2288.0,0.0,3818.0,924.0,1085.0,45.093,45.343
790.975,fusion_fit,99.5,337.56640625,16.9,2156.5859375,2288.0,0.0,3818.0,964.0,1085.0,45.125,45.218
791.478,fusion_fit,99.5,337.56640625,17.6,2156.5859375,2288.0,0.0,3818.0,924.0,1085.0,45.187,45.406
791.980,fusion_fit,99.6,337.56640625,17.0,2156.5859375,2288.0,0.0,3818.0,964.0,1085.0,45.125,45.218
792.481,fusion_fit,99.7,337.56640625,17.0,2156.5859375,2288.0,0.0,3818.0,924.0,1085.0,45.187,45.187
792.983,fusion_fit,23.9,337.56640625,11.3,2162.046875,2288.0,0.0,3818.0,924.0,1085.0,45.093,45.375
