t_s,phase,proc_cpu_pct,proc_rss_MiB,sys_cpu_pct,sys_mem_used_MiB,ram_used_MiB,gpu_load_pct,vdd_in_mW,vdd_cpu_gpu_cv_mW,vdd_soc_mW,cpu_temp_C,tj_temp_C
0.507,calibration,99.1,147.6328125,21.0,1966.1953125,,,,,,,
1.009,calibration,99.6,164.05078125,17.7,1974.76171875,2098.0,0.0,4059.0,1003.0,1083.0,44.718,45.093
1.512,features,99.5,162.609375,18.2,1986.83203125,2106.0,0.0,4099.0,1003.0,1083.0,44.656,44.968
2.014,features,101.5,180.89453125,17.6,2003.625,2118.0,0.0,4099.0,1003.0,1083.0,44.875,44.937
2.516,features,99.6,197.05078125,16.7,2019.68359375,2135.0,0.0,4059.0,1003.0,1085.0,45.0,45.0
3.018,features,97.7,223.13671875,17.3,2041.6484375,2151.0,0.0,4019.0,1003.0,1085.0,44.718,44.937
3.520,features,101.6,236.5,17.3,2054.9921875,2175.0,0.0,4059.0,1003.0,1085.0,44.812,45.031
4.022,features,99.6,249.29296875,17.3,2067.60546875,2186.0,0.0,4099.0,1003.0,1083.0,44.843,45.156
4.525,features,99.4,249.59375,17.0,2084.6484375,2199.0,0.0,4059.0,1003.0,1085.0,44.687,45.093
5.027,features,99.6,271.6953125,17.1,2094.24609375,2216.0,0.0,4059.0,963.0,1125.0,44.718,45.0
5.529,features,99.6,289.1484375,17.5,2107.66015625,2230.0,0.0,4059.0,1003.0,1123.0,44.75,45.0
6.031,features,99.6,301.10546875,17.1,2119.53515625,2239.0,0.0,4099.0,1003.0,1083.0,44.937,45.0
6.538,features,100.6,299.51171875,17.1,2122.07421875,2251.0,0.0,4059.0,1003.0,1123.0,44.843,44.968
7.040,train:DC1,99.5,354.0703125,17.4,2172.37890625,2269.0,0.0,4059.0,1003.0,1123.0,44.875,44.906
7.547,train:DC1,100.7,340.18359375,16.8,2193.62109375,2328.0,0.0,4059.0,963.0,1123.0,44.843,45.125
8.048,train:DC1,99.7,421.23046875,17.3,2256.31640625,2341.0,0.0,4019.0,963.0,1123.0,44.718,45.031
8.550,train:DC1,97.6,421.23046875,17.0,2277.859375,2339.0,0.0,4019.0,963.0,1123.0,44.656,44.937
9.053,train:DC1,99.6,421.23046875,17.3,2285.109375,2409.0,0.0,4059.0,963.0,1123.0,44.875,44.906
9.554,train:DC1,99.7,421.23046875,16.7,2277.71875,2416.0,0.0,4059.0,963.0,1123.0,45.093,45.093
10.056,train:DC1,99.7,421.2421875,17.3,2275.64453125,2409.0,0.0,4019.0,963.0,1123.0,44.843,45.187
10.557,train:DC1,99.7,418.9921875,17.0,2276.12890625,2407.0,0.0,4059.0,963.0,1123.0,45.0,45.093
11.059,train:DC1,97.7,402.5234375,17.7,2247.40234375,2404.0,0.0,4059.0,963.0,1123.0,44.906,45.093
11.561,train:DC2,99.6,418.99609375,16.7,2240.6953125,2379.0,0.0,4019.0,963.0,1123.0,44.968,44.875
12.062,train:DC2,99.7,412.49609375,17.9,2233.140625,2380.0,0.0,4019.0,963.0,1123.0,44.875,45.031
12.564,train:DC2,99.6,405.99609375,17.0,2235.16796875,2380.0,0.0,4093.0,963.0,1123.0,44.875,44.968
13.065,train:DC2,99.7,392.99609375,17.3,2221.21484375,2374.0,0.0,4059.0,963.0,1123.0,45.031,45.125
13.567,train:DC2,99.7,380.49609375,17.0,2221.4921875,2376.0,0.0,4019.0,963.0,1123.0,44.937,45.031
14.069,train:DC2,97.7,368.25,17.3,2209.01171875,2368.0,0.0,4019.0,963.0,1123.0,44.781,45.062
14.570,train:DC2,101.7,356.1796875,16.7,2201.578125,2361.0,0.0,4019.0,963.0,1123.0,44.812,45.031
15.072,train:DC2,97.7,340.21875,16.8,2189.83203125,2347.0,0.0,4019.0,963.0,1123.0,45.031,45.031
15.573,train:DC3,99.7,362.1875,17.2,2204.12890625,2349.0,0.0,4019.0,963.0,1123.0,45.187,45.187
16.075,train:DC3,99.7,340.234375,17.1,2173.046875,2365.0,0.0,4019.0,963.0,1123.0,44.968,44.937
16.576,train:DC3,99.7,421.265625,17.0,2260.40625,2353.0,0.0,4059.0,963.0,1123.0,44.906,44.968
17.079,train:DC3,97.6,421.265625,17.3,2260.42578125,2361.0,0.0,4059.0,963.0,1123.0,44.937,45.031
17.580,train:DC3,99.7,421.28125,17.0,2260.91015625,2348.0,0.0,4059.0,963.0,1123.0,44.968,45.062
18.081,train:DC3,99.8,421.28125,17.0,2255.2265625,2333.0,0.0,4099.0,963.0,1123.0,44.843,45.0
18.582,train:DC3,97.8,421.28125,17.3,2255.8359375,2353.0,0.0,4059.0,963.0,1123.0,45.0,45.0
19.083,train:DC3,101.8,419.03125,17.0,2252.82421875,2387.0,0.0,4019.0,963.0,1123.0,45.125,45.125
19.585,train:DC3,97.8,402.55859375,16.8,2245.4296875,2392.0,0.0,4019.0,963.0,1123.0,45.0,45.156
20.086,train:DC4,99.8,419.03515625,17.3,2252.8359375,2377.0,0.0,4019.0,963.0,1123.0,44.875,45.031
20.587,train:DC4,97.8,412.55078125,16.8,2253.5703125,2392.0,0.0,4019.0,963.0,1123.0,44.937,45.031
21.088,train:DC4,99.7,404.40234375,17.3,2246.17578125,2393.0,0.0,4019.0,963.0,1123.0,45.187,45.187
21.589,train:DC4,97.7,391.05078125,17.6,2225.59765625,2385.0,0.0,4059.0,963.0,1123.0,44.968,44.968
22.092,train:DC4,99.6,380.55078125,17.3,2226.0078125,2388.0,0.0,4019.0,963.0,1123.0,45.031,45.031
22.593,train:DC4,99.7,368.30078125,17.3,2225.83203125,2388.0,0.0,4019.0,963.0,1123.0,44.812,45.093
23.094,train:DC4,99.7,354.23046875,17.0,2207.85546875,2383.0,0.0,4059.0,963.0,1123.0,44.875,44.968
23.601,train:DC4,98.6,340.26953125,17.4,2194.76953125,2376.0,0.0,4059.0,963.0,1123.0,44.781,45.156
24.103,train:DC5,97.7,362.23828125,16.7,2211.65625,2367.0,0.0,4019.0,963.0,1123.0,45.031,45.031
24.604,train:DC5,99.8,344.24609375,17.3,2198.453125,2376.0,0.0,4019.0,963.0,1123.0,45.093,45.093
25.105,train:DC5,99.7,421.3203125,16.7,2253.8828125,2377.0,0.0,4019.0,963.0,1123.0,44.906,45.125
25.606,train:DC5,99.8,421.3203125,17.3,2254.359375,2370.0,0.0,4019.0,963.0,1123.0,44.937,45.062
26.107,train:DC5,97.8,421.3203125,16.7,2256.06640625,2352.0,0.0,4019.0,963.0,1123.0,44.875,45.0
26.608,train:DC5,99.8,421.3203125,17.3,2256.55078125,2357.0,0.0,4019.0,963.0,1123.0,45.187,45.187
27.110,train:DC5,99.8,421.3203125,17.0,2258.984375,2341.0,0.0,4059.0,963.0,1123.0,44.875,44.937
27.611,train:DC5,97.8,419.0703125,17.1,2251.59375,2343.0,0.0,4059.0,963.0,1123.0,45.031,45.031
28.112,train:DC5,99.8,402.59765625,17.0,2231.81640625,2370.0,0.0,4059.0,963.0,1123.0,44.843,45.156
28.613,train:DC6,99.7,419.0703125,17.3,2250.17578125,2348.0,0.0,4019.0,963.0,1123.0,44.906,45.093
29.115,train:DC6,99.8,412.5703125,16.9,2244.1328125,2319.0,0.0,4059.0,963.0,1123.0,44.875,45.062
29.616,train:DC6,97.7,405.98046875,17.1,2244.6171875,2391.0,0.0,4059.0,963.0,1123.0,45.156,45.156
30.117,train:DC6,99.8,393.0703125,17.5,2229.01171875,2383.0,0.0,4019.0,963.0,1123.0,44.937,45.0
30.618,train:DC6,99.8,380.5703125,17.0,2225.0625,2391.0,0.0,4019.0,963.0,1123.0,45.093,45.093
31.119,train:DC6,97.8,368.3203125,16.8,2222.83984375,2388.0,0.0,4059.0,963.0,1123.0,44.906,45.031
31.620,train:DC6,99.8,354.25,17.3,2209.69921875,2388.0,0.0,4019.0,963.0,1123.0,45.156,45.156
32.125,train:DC6,99.0,340.2890625,16.9,2191.70703125,2377.0,0.0,4019.0,963.0,1123.0,45.031,45.031
32.627,train:DC1,99.7,361.0859375,16.8,2206.359375,2362.0,0.0,4019.0,963.0,1123.0,44.968,45.187
33.128,train:DC1,97.8,340.2890625,17.5,2188.37890625,2373.0,0.0,4019.0,963.0,1123.0,44.937,45.125
33.629,train:DC1,99.7,421.3203125,17.0,2240.53515625,2372.0,0.0,4019.0,963.0,1123.0,44.906,45.093
34.130,train:DC1,99.8,421.3203125,17.0,2241.38671875,2365.0,0.0,4059.0,963.0,1123.0,45.0,45.218
34.631,train:DC1,99.7,421.3203125,17.6,2247.62890625,2358.0,0.0,4059.0,963.0,1123.0,45.093,45.093
35.133,train:DC1,99.6,421.3203125,17.1,2248.87109375,2346.0,0.0,4059.0,963.0,1123.0,44.937,45.25
35.636,train:DC1,99.6,421.3203125,17.0,2241.77734375,2357.0,0.0,4019.0,963.0,1123.0,44.937,45.156
36.137,train:DC1,97.7,415.3515625,17.3,2241.44921875,2354.0,0.0,4019.0,963.0,1123.0,44.843,45.156
36.638,train:DC1,99.8,402.59765625,17.3,2229.18359375,2336.0,0.0,4019.0,963.0,1123.0,44.843,45.093
37.139,train:DC2,99.8,419.0703125,17.0,2240.9375,2353.0,0.0,4019.0,963.0,1123.0,45.156,45.156
37.641,train:DC2,99.8,408.0703125,16.8,2230.1015625,2348.0,0.0,4019.0,963.0,1123.0,44.937,44.968
38.142,train:DC2,97.8,399.5703125,17.3,2231.51171875,2331.0,0.0,4059.0,963.0,1123.0,45.093,45.25
38.643,train:DC2,99.8,386.8203125,17.3,2230.30078125,2343.0,0.0,4059.0,963.0,1123.0,45.0,45.093
39.144,train:DC2,97.8,374.4453125,17.0,2224.5703125,2373.0,0.0,4059.0,963.0,1123.0,45.031,45.031
39.645,train:DC2,99.8,362.2578125,17.3,2212.03515625,2380.0,0.0,4059.0,963.0,1123.0,44.937,45.093
40.146,train:DC2,99.8,346.25,16.7,2190.9921875,2372.0,0.0,4059.0,963.0,1123.0,45.187,45.187
40.647,train:DC2,97.8,421.3203125,16.8,2247.03515625,2378.0,0.0,4019.0,963.0,1123.0,45.156,45.25
41.148,train:DC3,99.8,346.25,17.3,2193.6328125,2361.0,0.0,4019.0,963.0,1123.0,44.968,45.25
41.649,train:DC3,99.8,421.3203125,17.1,2241.8203125,2373.0,0.0,4019.0,963.0,1123.0,44.968,45.093
42.151,train:DC3,99.7,421.3203125,17.3,2242.609375,2374.0,0.0,4019.0,963.0,1123.0,45.125,45.125
42.652,train:DC3,97.8,421.3203125,16.7,2241.73828125,2373.0,0.0,4019.0,963.0,1123.0,45.187,45.187
43.153,train:DC3,99.8,421.3203125,17.3,2242.625,2366.0,0.0,4019.0,963.0,1123.0,45.031,45.218
43.654,train:DC3,99.8,421.3203125,16.7,2241.25,2361.0,0.0,4059.0,963.0,1123.0,45.0,45.156
44.155,train:DC3,97.8,419.0703125,17.3,2242.39453125,2350.0,0.0,4019.0,963.0,1123.0,44.968,45.125
44.657,train:DC3,99.8,410.5703125,16.7,2233.37890625,2361.0,0.0,4019.0,963.0,1123.0,45.25,45.25
45.158,train:DC3,99.8,394.90625,17.0,2227.96484375,2353.0,0.0,4019.0,963.0,1123.0,45.125,45.062
45.659,train:DC4,97.8,412.5703125,17.3,2232.33984375,2360.0,0.0,4019.0,963.0,1123.0,45.093,45.312
46.160,train:DC4,99.7,406.0703125,17.1,2229.1328125,2360.0,0.0,4019.0,963.0,1123.0,44.875,45.125
46.662,train:DC4,99.7,393.0703125,16.7,2227.74609375,2350.0,0.0,4019.0,963.0,1123.0,44.968,45.156
47.163,train:DC4,99.7,380.5703125,17.7,2227.4921875,2332.0,0.0,4059.0,963.0,1123.0,45.0,45.093
47.664,train:DC4,95.8,368.3203125,16.7,2212.90234375,2317.0,0.0,4019.0,963.0,1123.0,45.156,45.25
48.166,train:DC4,101.7,354.25,17.3,2200.80078125,2378.0,0.0,4019.0,963.0,1123.0,45.281,45.281
48.667,train:DC4,99.8,340.2890625,16.9,2185.94140625,2379.0,0.0,4019.0,963.0,1123.0,45.062,45.187
49.183,train:DC4,98.8,421.3203125,17.3,2254.07421875,2385.0,0.0,4059.0,963.0,1123.0,44.968,45.125
49.684,train:DC5,97.8,340.2890625,17.3,2189.1953125,2371.0,0.0,4019.0,963.0,1125.0,45.093,45.093
50.185,train:DC5,99.8,421.3203125,17.1,2252.7265625,2384.0,0.0,4019.0,963.0,1125.0,45.343,45.343
50.686,train:DC5,99.8,421.3203125,16.7,2252.8203125,2385.0,0.0,4059.0,963.0,1123.0,45.093,45.093
51.187,train:DC5,97.7,421.3203125,17.3,2246.0859375,2377.0,0.0,4059.0,963.0,1123.0,45.125,45.187
51.689,train:DC5,99.8,421.3203125,16.7,2251.99609375,2375.0,0.0,4019.0,963.0,1123.0,45.062,45.187
52.190,train:DC5,99.8,420.94921875,17.3,2245.26953125,2369.0,0.0,4019.0,963.0,1123.0,45.062,45.125
52.691,train:DC5,97.7,412.76171875,16.8,2243.3671875,2367.0,0.0,4019.0,963.0,1125.0,45.093,45.187
53.192,train:DC5,99.8,408.0703125,17.3,2234.35546875,2358.0,0.0,4019.0,963.0,1123.0,45.156,45.156
53.693,train:DC5,99.7,392.03515625,17.2,2221.0,2351.0,0.0,4019.0,963.0,1123.0,45.093,45.312
54.195,train:DC6,97.8,408.0703125,17.3,2232.890625,2356.0,0.0,4019.0,963.0,1123.0,45.062,45.156
54.696,train:DC6,99.7,396.7109375,16.7,2225.328125,2357.0,0.0,4059.0,963.0,1123.0,45.031,45.062
55.197,train:DC6,99.8,385.82421875,17.3,2226.4765625,2358.0,0.0,4019.0,963.0,1123.0,45.125,45.125
55.698,train:DC6,99.8,374.4453125,16.7,2216.5390625,2339.0,0.0,4019.0,963.0,1123.0,45.406,45.406
56.199,train:DC6,97.8,362.2578125,17.0,2203.02734375,2327.0,0.0,4019.0,963.0,1123.0,45.125,45.187
56.701,train:DC6,99.8,341.80078125,17.1,2182.60546875,2312.0,0.0,4059.0,963.0,1123.0,44.937,45.156
57.202,train:DC6,99.7,421.3203125,17.3,2235.50390625,2367.0,0.0,4059.0,963.0,1123.0,45.25,45.125
57.703,train:DC6,99.7,421.3203125,16.7,2236.65234375,2367.0,0.0,4059.0,963.0,1123.0,45.25,45.125
58.204,train:DC6,99.7,404.42578125,18.9,2223.8359375,2368.0,0.0,4019.0,963.0,1123.0,45.125,45.125
58.707,train:DC1,97.6,421.3203125,17.0,2235.3671875,2355.0,0.0,4059.0,963.0,1123.0,45.187,45.187
59.208,train:DC1,99.8,421.3203125,17.1,2238.32421875,2367.0,0.0,4019.0,963.0,1123.0,45.25,45.25
59.709,train:DC1,99.8,421.3203125,17.0,2236.5859375,2370.0,0.0,4019.0,963.0,1123.0,45.093,45.187
60.210,train:DC1,97.7,421.3203125,16.8,2235.19921875,2368.0,0.0,4019.0,963.0,1125.0,45.031,45.218
60.711,train:DC1,99.8,419.0703125,17.5,2233.59375,2367.0,0.0,4059.0,963.0,1123.0,44.968,45.156
61.213,train:DC1,97.8,410.31640625,16.8,2224.75390625,2373.0,0.0,4019.0,963.0,1123.0,45.125,45.156
61.714,train:DC1,99.8,402.88671875,17.2,2219.67578125,2360.0,0.0,4019.0,963.0,1123.0,45.281,45.281
62.215,train:DC1,97.8,386.75390625,17.4,2220.7890625,2355.0,0.0,4059.0,963.0,1123.0,45.125,45.281
62.716,train:DC2,101.8,406.0703125,16.7,2220.8515625,2352.0,0.0,4059.0,963.0,1123.0,44.906,45.25
63.217,train:DC2,97.8,393.0703125,17.0,2227.9296875,2360.0,0.0,4019.0,963.0,1123.0,45.062,45.156
63.718,train:DC2,99.8,380.5703125,17.0,2218.96484375,2359.0,0.0,4019.0,963.0,1123.0,45.093,45.156
64.219,train:DC2,99.8,368.3203125,17.3,2212.1796875,2350.0,0.0,4019.0,963.0,1123.0,44.968,45.156
64.720,train:DC2,99.8,354.25,16.7,2194.24609375,2357.0,0.0,4019.0,963.0,1123.0,45.218,45.25
65.228,train:DC2,98.5,340.2890625,17.4,2180.6171875,2346.0,0.0,4019.0,963.0,1123.0,45.343,45.343
65.730,train:DC2,99.7,421.3203125,16.4,2237.34375,2336.0,0.0,4019.0,963.0,1123.0,45.093,45.25
66.231,train:DC2,97.8,421.3203125,18.1,2235.96875,2327.0,0.0,4059.0,963.0,1123.0,45.187,45.25
66.732,train:DC2,99.8,404.42578125,16.5,2223.29296875,2367.0,0.0,4059.0,963.0,1123.0,45.125,45.187
67.233,train:DC3,97.8,421.3203125,17.5,2234.9375,2318.0,0.0,4019.0,963.0,1123.0,44.968,45.187
67.734,train:DC3,99.8,421.3203125,17.2,2237.62109375,2313.0,0.0,4059.0,963.0,1123.0,45.031,45.187
68.235,train:DC3,99.8,421.3203125,16.7,2236.24609375,2369.0,0.0,4059.0,963.0,1123.0,45.187,45.187
68.736,train:DC3,97.8,421.3203125,17.1,2234.84765625,2368.0,0.0,4059.0,963.0,1123.0,45.125,45.281
69.238,train:DC3,99.7,417.0703125,17.0,2237.8046875,2366.0,0.0,4019.0,963.0,1123.0,45.125,45.281
69.739,train:DC3,99.7,408.0703125,17.3,2224.62890625,2369.0,0.0,4019.0,963.0,1123.0,45.062,45.156
70.240,train:DC3,97.8,399.5703125,16.4,2219.546875,2368.0,0.0,4019.0,963.0,1123.0,45.187,45.156
70.741,train:DC3,99.8,383.09765625,17.5,2221.15625,2366.0,0.0,4019.0,963.0,1123.0,45.343,45.343
71.242,train:DC4,101.7,403.23828125,16.7,2225.32421875,2356.0,0.0,4019.0,963.0,1123.0,45.187,45.187
71.744,train:DC4,95.8,391.07421875,17.3,2225.9296875,2372.0,0.0,4019.0,963.0,1123.0,45.125,45.25
72.245,train:DC4,99.7,379.23046875,17.0,2220.4296875,2365.0,0.0,4019.0,963.0,1123.0,45.031,45.062
72.746,train:DC4,99.8,367.6171875,17.6,2206.01171875,2359.0,0.0,4059.0,963.0,1123.0,45.125,45.218
73.247,train:DC4,99.7,350.265625,16.2,2192.99609375,2354.0,0.0,4099.0,963.0,1123.0,45.0,45.343
73.749,train:DC4,101.7,340.3046875,17.7,2183.69921875,2353.0,0.0,4019.0,963.0,1123.0,45.125,45.125
74.265,train:DC4,98.9,421.3359375,16.7,2235.8515625,2352.0,0.0,4019.0,963.0,1123.0,45.093,45.125
74.766,train:DC4,97.8,421.3359375,16.8,2234.45703125,2346.0,0.0,4019.0,963.0,1123.0,45.093,45.187
75.267,train:DC4,99.8,404.44140625,17.0,2224.28125,2327.0,0.0,4019.0,963.0,1123.0,45.031,45.156
75.768,train:DC5,97.8,421.3359375,17.3,2240.4921875,2352.0,0.0,4019.0,963.0,1123.0,45.125,45.218
76.270,train:DC5,99.7,421.3359375,17.1,2239.1171875,2334.0,0.0,4019.0,963.0,1123.0,45.343,45.343
76.771,train:DC5,97.7,421.3359375,17.3,2237.7109375,2329.0,0.0,4019.0,963.0,1123.0,45.093,45.25
77.272,train:DC5,99.8,421.3359375,16.7,2236.08984375,2315.0,0.0,4059.0,963.0,1123.0,45.187,45.281
77.773,train:DC5,99.8,419.0859375,17.6,2233.30078125,2367.0,0.0,4059.0,963.0,1123.0,45.093,45.25
78.275,train:DC5,99.7,411.4140625,17.0,2228.22265625,2369.0,0.0,4059.0,963.0,1123.0,45.125,45.281
78.776,train:DC5,97.8,404.0078125,16.7,2226.19140625,2367.0,0.0,4099.0,963.0,1123.0,45.125,45.093
79.277,train:DC5,99.7,386.76953125,17.3,2223.203125,2369.0,0.0,4059.0,963.0,1123.0,45.187,45.25
79.778,train:DC6,99.8,406.0859375,16.8,2221.3046875,2355.0,0.0,4019.0,963.0,1123.0,45.125,45.343
80.280,train:DC6,97.8,393.0859375,17.0,2222.53125,2366.0,0.0,4019.0,963.0,1123.0,45.125,45.218
80.781,train:DC6,99.8,380.5859375,17.1,2221.13671875,2369.0,0.0,4059.0,963.0,1123.0,45.031,45.156
81.282,train:DC6,99.8,369.28515625,17.0,2206.7265625,2368.0,0.0,4059.0,963.0,1123.0,45.218,45.218
81.783,train:DC6,97.7,360.26953125,17.0,2197.7109375,2367.0,0.0,4019.0,963.0,1123.0,45.093,45.406
82.285,train:DC6,99.7,340.3046875,17.0,2180.109375,2357.0,0.0,4059.0,963.0,1123.0,45.156,45.281
82.786,train:DC6,99.8,421.3359375,17.3,2235.58984375,2355.0,0.0,4059.0,963.0,1123.0,45.093,45.187
83.287,train:DC6,97.8,421.3359375,17.1,2235.2734375,2365.0,0.0,4019.0,963.0,1123.0,45.125,45.156
83.789,train:DC6,99.7,404.44140625,17.0,2228.45703125,2355.0,0.0,4059.0,963.0,1123.0,45.062,45.218
84.290,train:DC1,99.7,421.3359375,17.5,2240.27734375,2352.0,0.0,4059.0,963.0,1123.0,45.156,45.125
84.791,train:DC1,99.8,421.3359375,17.1,2242.9765625,2359.0,0.0,4059.0,963.0,1123.0,45.156,45.156
85.292,train:DC1,97.8,421.3359375,16.7,2240.60546875,2357.0,0.0,4059.0,963.0,1123.0,45.093,45.25
85.794,train:DC1,101.7,421.3359375,17.3,2239.21875,2342.0,0.0,4059.0,963.0,1123.0,45.125,45.375
86.295,train:DC1,97.8,419.0859375,17.3,2237.83203125,2333.0,0.0,4059.0,963.0,1123.0,45.031,45.25
86.796,train:DC1,99.8,412.5859375,16.8,2232.9296875,2315.0,0.0,4059.0,963.0,1123.0,45.218,45.406
87.297,train:DC1,97.8,406.0859375,17.0,2225.63671875,2372.0,0.0,4059.0,963.0,1123.0,45.312,45.312
87.798,train:DC1,101.8,388.7109375,17.3,2225.015625,2371.0,0.0,4099.0,963.0,1123.0,45.218,45.25
88.299,train:DC2,97.7,408.0859375,17.0,2229.19921875,2320.0,0.0,4059.0,963.0,1123.0,45.093,45.281
88.801,train:DC2,99.7,398.33984375,17.1,2230.97265625,2376.0,0.0,4059.0,963.0,1123.0,45.093,45.25
89.302,train:DC2,99.8,386.8359375,17.3,2225.47265625,2374.0,0.0,4059.0,963.0,1123.0,45.125,45.218
89.803,train:DC2,97.8,374.4609375,16.8,2219.5859375,2372.0,0.0,4059.0,963.0,1123.0,45.156,45.156
90.304,train:DC2,97.8,362.2734375,17.3,2203.6015625,2371.0,0.0,4059.0,963.0,1123.0,45.25,45.25
90.806,train:DC2,99.8,346.265625,17.3,2191.96484375,2374.0,0.0,4059.0,963.0,1123.0,45.125,45.281
91.307,train:DC2,99.7,421.3359375,16.4,2240.12109375,2371.0,0.0,4019.0,963.0,1123.0,45.062,45.156
91.808,train:DC2,97.8,421.3359375,17.6,2237.95703125,2370.0,0.0,4019.0,963.0,1123.0,45.0,45.093
92.317,train:DC2,100.3,340.3046875,16.9,2185.29296875,2356.0,0.0,4019.0,963.0,1123.0,45.187,45.187
92.824,train:DC3,98.5,421.3359375,16.8,2236.73828125,2369.0,0.0,4019.0,963.0,1123.0,45.312,45.312
93.325,train:DC3,101.7,421.3359375,17.8,2239.6953125,2359.0,0.0,4059.0,963.0,1123.0,45.187,45.187
93.827,train:DC3,95.7,421.3359375,16.7,2237.71484375,2357.0,0.0,4059.0,963.0,1123.0,45.062,45.25
94.328,train:DC3,101.7,421.3359375,18.2,2236.328125,2352.0,0.0,4059.0,963.0,1123.0,45.062,45.218
94.830,train:DC3,99.6,421.3359375,17.0,2242.27734375,2350.0,0.0,4093.0,963.0,1123.0,45.125,45.156
95.332,train:DC3,97.7,419.0859375,17.6,2237.375,2349.0,0.0,4059.0,963.0,1123.0,44.968,45.156
95.833,train:DC3,99.7,412.5859375,16.7,2227.41015625,2338.0,0.0,4059.0,963.0,1123.0,45.25,45.25
96.335,train:DC3,97.7,397.33203125,17.3,2220.89453125,2327.0,0.0,4019.0,963.0,1123.0,45.312,45.312
96.836,train:DC4,99.7,412.5859375,17.1,2225.41015625,2347.0,0.0,4019.0,963.0,1123.0,45.218,45.218
97.338,train:DC4,99.7,407.30859375,17.3,2227.16015625,2338.0,0.0,4019.0,963.0,1123.0,45.125,45.343
97.839,train:DC4,97.7,397.5859375,17.0,2214.375,2321.0,0.0,4019.0,963.0,1123.0,45.062,45.281
98.341,train:DC4,99.7,386.4140625,17.6,2225.7109375,2332.0,0.0,4059.0,963.0,1123.0,45.062,45.406
98.843,train:DC4,99.7,374.4609375,17.0,2208.15625,2369.0,0.0,4059.0,963.0,1123.0,45.125,45.156
99.344,train:DC4,99.7,362.2734375,17.1,2206.54296875,2372.0,0.0,4059.0,963.0,1123.0,45.125,45.218
99.845,train:DC4,97.8,346.265625,17.0,2185.44140625,2366.0,0.0,4059.0,963.0,1123.0,45.343,45.343
100.346,train:DC4,99.8,421.3359375,17.0,2241.6015625,2373.0,0.0,4059.0,963.0,1123.0,45.125,45.312
100.848,train:DC5,97.8,354.265625,17.0,2190.53125,2358.0,0.0,4019.0,963.0,1123.0,45.187,45.281
101.356,train:DC5,100.3,340.3046875,16.8,2189.16796875,2366.0,0.0,4019.0,963.0,1123.0,45.093,45.218
101.860,train:DC5,99.2,421.3359375,17.3,2241.55078125,2373.0,0.0,4019.0,963.0,1123.0,45.343,45.343
102.362,train:DC5,99.7,421.3359375,17.6,2240.1640625,2372.0,0.0,4019.0,963.0,1123.0,45.031,45.156
102.863,train:DC5,99.7,421.3359375,17.1,2238.765625,2370.0,0.0,4019.0,963.0,1123.0,45.156,45.375
103.364,train:DC5,97.8,421.3359375,16.7,2241.72265625,2358.0,0.0,4019.0,963.0,1123.0,45.031,45.156
103.866,train:DC5,99.7,421.3359375,17.0,2240.34765625,2356.0,0.0,4059.0,963.0,1123.0,45.093,45.156
104.367,train:DC5,99.8,419.0859375,17.1,2238.94921875,2355.0,0.0,4059.0,963.0,1123.0,45.031,45.156
104.868,train:DC5,97.8,403.87890625,17.3,2222.8515625,2353.0,0.0,4019.0,963.0,1123.0,45.25,45.25
105.370,train:DC6,101.7,420.78515625,17.1,2239.81640625,2355.0,0.0,4019.0,963.0,1123.0,45.25,45.25
105.871,train:DC6,97.7,413.3125,17.5,2229.43359375,2357.0,0.0,4059.0,963.0,1123.0,45.125,45.25
106.372,train:DC6,97.8,408.0859375,17.1,2223.8515625,2352.0,0.0,4059.0,963.0,1123.0,45.062,45.281
106.873,train:DC6,101.8,399.5859375,17.3,2218.7734375,2346.0,0.0,4019.0,963.0,1123.0,45.093,45.218
107.374,train:DC6,97.7,384.8359375,17.9,2199.2109375,2307.0,0.0,4059.0,963.0,1123.0,45.125,45.156
107.876,train:DC6,99.6,374.4609375,16.8,2209.3828125,2325.0,0.0,4059.0,963.0,1123.0,45.0,45.156
108.378,train:DC6,99.7,362.2734375,17.6,2206.02734375,2330.0,0.0,4059.0,963.0,1123.0,45.125,45.25
108.879,train:DC6,99.7,343.4296875,17.6,2185.9140625,2372.0,0.0,4059.0,963.0,1123.0,45.031,45.375
109.381,train:DC1,99.7,366.625,17.1,2210.1875,2320.0,0.0,4059.0,963.0,1123.0,45.0,45.218
109.882,train:DC1,101.7,354.265625,17.0,2188.8125,2372.0,0.0,4059.0,963.0,1123.0,45.031,45.187
110.389,train:DC1,98.7,340.3046875,17.2,2184.46484375,2372.0,0.0,4059.0,963.0,1123.0,45.187,45.218
110.890,train:DC1,99.7,421.3359375,17.1,2240.84375,2372.0,0.0,4059.0,963.0,1123.0,45.25,45.25
111.391,train:DC1,99.8,421.3359375,17.1,2242.359375,2374.0,0.0,4059.0,963.0,1123.0,45.218,45.218
111.893,train:DC1,99.8,421.3359375,17.1,2242.56640625,2374.0,0.0,4059.0,963.0,1123.0,45.125,45.343
112.394,train:DC1,99.7,421.3359375,17.9,2242.7734375,2374.0,0.0,4059.0,963.0,1123.0,45.031,45.312
112.895,train:DC1,99.7,421.3359375,17.1,2242.98046875,2374.0,0.0,4059.0,963.0,1123.0,45.281,45.25
113.397,train:DC1,99.7,404.44140625,17.0,2233.859375,2365.0,0.0,4019.0,963.0,1123.0,45.031,45.281
113.898,train:DC2,101.7,421.3359375,17.6,2241.828125,2373.0,0.0,4059.0,963.0,1123.0,45.125,45.187
114.399,train:DC2,97.8,421.3359375,17.0,2242.03515625,2373.0,0.0,4019.0,963.0,1123.0,45.093,45.343
114.900,train:DC2,99.8,419.0859375,16.8,2242.234375,2374.0,0.0,4059.0,963.0,1123.0,45.062,45.281
115.402,train:DC2,101.7,412.5859375,17.5,2234.56640625,2366.0,0.0,4059.0,963.0,1123.0,45.062,45.218
115.903,train:DC2,97.8,408.0859375,16.8,2223.05859375,2366.0,0.0,4059.0,963.0,1123.0,45.062,45.218
116.404,train:DC2,99.8,399.5859375,17.6,2225.71484375,2354.0,0.0,4059.0,963.0,1123.0,45.218,45.187
116.905,train:DC2,101.7,389.45703125,17.0,2218.08203125,2357.0,0.0,4099.0,963.0,1123.0,45.312,45.312
117.407,train:DC2,99.7,376.41015625,17.1,2220.87890625,2349.0,0.0,4059.0,963.0,1123.0,45.187,45.25
117.908,train:DC3,97.7,394.11328125,18.4,2223.4921875,2359.0,0.0,4019.0,963.0,1123.0,45.125,45.406
118.410,train:DC3,101.6,386.74609375,17.5,2231.171875,2355.0,0.0,4059.0,1003.0,1123.0,45.031,45.281
118.912,train:DC3,97.7,374.4609375,16.7,2210.67578125,2363.0,0.0,4059.0,963.0,1123.0,45.125,45.156
119.413,train:DC3,101.8,364.03515625,17.0,2200.1484375,2355.0,0.0,4059.0,963.0,1123.0,45.0,45.187
119.914,train:DC3,99.7,350.265625,17.4,2194.44140625,2342.0,0.0,4059.0,963.0,1123.0,45.156,45.187
120.422,train:DC3,102.3,340.3046875,17.3,2182.21875,2335.0,0.0,4059.0,1003.0,1123.0,45.312,45.406
120.927,train:DC3,97.2,421.3359375,17.3,2240.12890625,2326.0,0.0,4059.0,963.0,1123.0,45.062,45.281
121.428,train:DC3,99.8,421.3359375,17.3,2248.2109375,2314.0,0.0,4059.0,1003.0,1123.0,44.937,45.25
121.929,train:DC3,97.8,404.44140625,16.8,2239.828125,2380.0,0.0,4059.0,963.0,1123.0,45.125,45.25
122.430,train:DC4,101.7,421.3359375,17.3,2248.02734375,2330.0,0.0,4059.0,963.0,1123.0,45.25,45.25
122.931,train:DC4,99.8,421.3359375,17.1,2248.234375,2330.0,0.0,4059.0,963.0,1123.0,45.218,45.218
123.432,train:DC4,99.8,421.3359375,16.7,2248.1953125,2380.0,0.0,4059.0,963.0,1123.0,45.125,45.437
123.934,train:DC4,99.8,421.3359375,17.3,2248.40234375,2380.0,0.0,4059.0,963.0,1123.0,45.125,45.375
124.435,train:DC4,99.8,421.3359375,17.0,2248.609375,2380.0,0.0,4059.0,963.0,1123.0,45.0,45.281
124.936,train:DC4,99.8,419.0859375,17.4,2248.96875,2380.0,0.0,4059.0,963.0,1123.0,44.937,45.375
125.438,train:DC4,99.7,412.5859375,17.3,2241.8046875,2380.0,0.0,4059.0,963.0,1123.0,45.187,45.218
125.939,train:DC4,99.7,397.33203125,17.3,2227.43359375,2381.0,0.0,4059.0,963.0,1123.0,45.125,45.5
126.440,train:DC5,101.7,414.46875,16.7,2243.1015625,2367.0,0.0,4059.0,963.0,1123.0,45.156,45.312
126.942,train:DC5,97.7,408.0859375,17.6,2235.28125,2382.0,0.0,4019.0,963.0,1123.0,44.968,45.281
127.443,train:DC5,99.8,402.94140625,17.1,2231.51953125,2382.0,0.0,4019.0,963.0,1123.0,45.156,45.281
127.944,train:DC5,101.8,393.0859375,17.0,2219.81640625,2374.0,0.0,4059.0,963.0,1123.0,45.312,45.312
128.445,train:DC5,99.8,380.5859375,17.3,2225.203125,2375.0,0.0,4059.0,963.0,1123.0,45.125,45.218
128.946,train:DC5,99.8,370.3359375,17.3,2206.953125,2364.0,0.0,4059.0,963.0,1123.0,45.125,45.468
129.448,train:DC5,97.7,362.2734375,16.7,2205.18359375,2368.0,0.0,4059.0,963.0,1123.0,45.031,45.312
129.949,train:DC5,101.7,343.4296875,17.9,2187.1484375,2357.0,0.0,4059.0,963.0,1123.0,44.968,45.218
130.450,train:DC6,99.8,367.55859375,16.7,2211.40625,2351.0,0.0,4019.0,963.0,1123.0,44.968,45.375
130.952,train:DC6,99.8,354.265625,17.1,2197.99609375,2359.0,0.0,4019.0,963.0,1123.0,45.156,45.25
131.456,train:DC6,99.1,340.3046875,17.8,2186.109375,2356.0,0.0,4059.0,963.0,1123.0,45.281,45.406
131.958,train:DC6,99.7,421.3359375,17.1,2251.89453125,2352.0,0.0,4059.0,963.0,1123.0,45.062,45.375
132.459,train:DC6,99.8,421.3359375,17.0,2244.2265625,2346.0,0.0,4059.0,963.0,1123.0,45.062,45.281
132.960,train:DC6,99.8,421.3359375,17.1,2244.43359375,2340.0,0.0,4099.0,963.0,1123.0,45.156,45.375
133.461,train:DC6,99.7,421.3359375,17.5,2244.5546875,2330.0,0.0,4093.0,963.0,1123.0,45.312,45.312
133.962,train:DC6,99.8,421.3359375,17.3,2244.94921875,2318.0,0.0,4059.0,963.0,1123.0,45.093,45.187
134.463,train:DC6,99.8,404.44140625,17.1,2236.67578125,2376.0,0.0,4059.0,963.0,1123.0,45.125,45.375
134.965,train:DC1,99.8,421.3359375,16.7,2244.9296875,2331.0,0.0,4019.0,963.0,1123.0,45.062,45.281
135.466,train:DC1,101.7,421.3359375,17.3,2251.109375,2312.0,0.0,4059.0,963.0,1123.0,45.156,45.218
135.967,train:DC1,97.8,419.0859375,17.1,2243.83984375,2382.0,0.0,4059.0,963.0,1123.0,45.125,45.218
136.468,train:DC1,101.7,412.5859375,17.1,2236.34765625,2383.0,0.0,4059.0,963.0,1123.0,45.156,45.5
136.970,train:DC1,99.8,406.0859375,17.3,2237.6953125,2376.0,0.0,4059.0,963.0,1123.0,45.093,45.375
137.471,train:DC1,99.7,397.65234375,17.3,2223.5546875,2377.0,0.0,4059.0,963.0,1123.0,45.031,45.406
137.972,train:DC1,97.7,386.8359375,16.8,2223.6171875,2378.0,0.0,4059.0,963.0,1123.0,45.031,45.25
138.474,train:DC1,99.7,371.33203125,17.3,2215.8125,2378.0,0.0,4059.0,963.0,1123.0,45.156,45.156
138.975,train:DC2,101.8,393.0859375,16.8,2223.7265625,2369.0,0.0,4059.0,963.0,1123.0,45.437,45.437
139.476,train:DC2,97.8,380.5859375,17.3,2217.37890625,2378.0,0.0,4019.0,963.0,1123.0,45.031,45.375
139.977,train:DC2,99.8,368.3359375,17.6,2204.90234375,2380.0,0.0,4019.0,963.0,1123.0,45.093,45.343
140.478,train:DC2,101.7,358.265625,17.3,2197.48046875,2380.0,0.0,4019.0,963.0,1123.0,45.25,45.218
140.980,train:DC2,99.8,340.3046875,17.1,2183.44921875,2372.0,0.0,4019.0,963.0,1123.0,45.156,45.281
141.481,train:DC2,99.7,421.3359375,17.1,2249.234375,2365.0,0.0,4019.0,963.0,1123.0,45.125,45.406
141.982,train:DC2,99.7,421.3359375,17.1,2249.1953125,2357.0,0.0,4019.0,963.0,1123.0,45.093,45.437
142.483,train:DC2,99.8,421.3359375,17.5,2249.40234375,2350.0,0.0,4059.0,963.0,1123.0,45.062,45.375
142.985,train:DC2,99.7,404.44140625,17.0,2235.51953125,2351.0,0.0,4019.0,963.0,1123.0,44.875,45.25
143.486,train:DC3,99.7,421.3359375,17.1,2243.51171875,2351.0,0.0,4019.0,963.0,1123.0,45.125,45.281
143.987,train:DC3,99.8,421.3359375,17.0,2243.7109375,2352.0,0.0,4019.0,963.0,1123.0,45.187,45.281
144.489,train:DC3,99.7,421.3359375,17.3,2243.91015625,2352.0,0.0,4059.0,963.0,1123.0,45.093,45.343
144.990,train:DC3,99.8,421.3359375,17.0,2245.5078125,2339.0,0.0,4059.0,963.0,1123.0,45.093,45.281
145.491,train:DC3,99.8,419.0859375,17.6,2238.046875,2333.0,0.0,4059.0,963.0,1123.0,45.031,45.312
145.992,train:DC3,99.8,412.5859375,16.8,2231.5234375,2319.0,0.0,4059.0,963.0,1123.0,45.312,45.312
146.493,train:DC3,101.7,408.0859375,17.3,2231.5859375,2338.0,0.0,4059.0,963.0,1123.0,45.125,45.25
146.995,train:DC3,97.7,393.67578125,16.7,2223.94140625,2371.0,0.0,4059.0,963.0,1123.0,45.187,45.468
147.497,train:DC4,99.5,408.0859375,17.3,2231.46875,2318.0,0.0,4059.0,963.0,1123.0,45.093,45.312
147.998,train:DC4,99.7,406.0859375,17.0,2227.51171875,2379.0,0.0,4059.0,963.0,1123.0,45.093,45.25
148.500,train:DC4,99.7,393.0859375,17.1,2217.48046875,2379.0,0.0,4059.0,963.0,1123.0,45.0,45.25
149.001,train:DC4,99.8,384.48828125,17.3,2217.6875,2372.0,0.0,4059.0,963.0,1123.0,45.125,45.187
149.502,train:DC4,99.8,374.4609375,17.6,2211.55078125,2372.0,0.0,4093.0,963.0,1123.0,45.218,45.218
150.003,train:DC4,101.7,362.2734375,16.7,2197.77734375,2373.0,0.0,4099.0,963.0,1123.0,45.125,45.375
150.504,train:DC4,99.8,348.265625,17.3,2191.984375,2373.0,0.0,4059.0,963.0,1123.0,45.0,45.312
151.013,train:DC4,100.3,340.3046875,17.3,2183.9609375,2373.0,0.0,4019.0,963.0,1123.0,45.093,45.281
151.517,train:DC5,97.2,362.2734375,17.3,2204.69140625,2364.0,0.0,4019.0,963.0,1123.0,45.281,45.281
152.018,train:DC5,101.8,346.265625,17.0,2194.91015625,2372.0,0.0,4019.0,963.0,1123.0,45.125,45.187
152.519,train:DC5,97.8,421.3359375,17.3,2240.72265625,2372.0,0.0,4019.0,963.0,1123.0,45.125,45.437
153.020,train:DC5,101.8,421.3359375,16.5,2240.47265625,2372.0,0.0,4099.0,963.0,1123.0,45.031,45.406
153.521,train:DC5,99.8,421.3359375,17.9,2240.59375,2364.0,0.0,4059.0,963.0,1123.0,45.281,45.281
154.023,train:DC5,99.8,421.3359375,17.0,2237.51953125,2357.0,0.0,4059.0,963.0,1123.0,45.062,45.343
154.524,train:DC5,97.8,421.3359375,17.4,2238.00390625,2354.0,0.0,4059.0,963.0,1123.0,45.187,45.25
155.025,train:DC5,101.7,421.3359375,17.3,2239.35546875,2355.0,0.0,4099.0,963.0,1123.0,45.062,45.375
155.526,train:DC5,99.8,404.44140625,17.1,2225.6171875,2355.0,0.0,4059.0,963.0,1123.0,45.093,45.25
156.027,train:DC6,99.8,421.3359375,17.3,2241.2734375,2353.0,0.0,4059.0,963.0,1123.0,44.968,45.156
156.528,train:DC6,99.8,421.3359375,17.3,2237.31640625,2361.0,0.0,4059.0,963.0,1123.0,45.187,45.187
157.030,train:DC6,97.8,417.8984375,17.3,2238.83984375,2351.0,0.0,4059.0,963.0,1123.0,45.312,45.312
157.531,train:DC6,101.8,410.5859375,17.3,2226.98828125,2348.0,0.0,4059.0,963.0,1123.0,45.125,45.312
158.032,train:DC6,97.8,406.0859375,16.7,2219.50390625,2338.0,0.0,4059.0,963.0,1123.0,44.937,45.375
158.533,train:DC6,101.8,393.12109375,17.3,2223.71875,2335.0,0.0,4093.0,963.0,1123.0,45.25,45.281
159.034,train:DC6,99.7,385.62109375,17.0,2216.0546875,2317.0,0.0,4059.0,963.0,1123.0,45.281,45.343
159.535,train:DC6,99.8,370.5546875,17.3,2216.37109375,2371.0,0.0,4059.0,1003.0,1123.0,45.125,45.156
160.036,train:DC1,97.8,387.38671875,17.0,2219.05078125,2328.0,0.0,4019.0,963.0,1123.0,45.281,45.375
160.537,train:DC1,101.8,380.5859375,17.1,2219.265625,2316.0,0.0,4059.0,963.0,1123.0,45.062,45.343
161.039,train:DC1,99.8,368.3359375,17.1,2206.94921875,2374.0,0.0,4059.0,963.0,1123.0,45.25,45.281
161.540,train:DC1,97.8,356.265625,17.0,2199.52734375,2374.0,0.0,4059.0,963.0,1123.0,45.125,45.156
162.041,train:DC1,101.8,340.390625,17.1,2185.40234375,2374.0,0.0,4059.0,963.0,1123.0,45.25,45.25
162.542,train:DC1,99.7,421.3359375,17.5,2243.46875,2375.0,0.0,4059.0,963.0,1123.0,45.125,45.406
163.043,train:DC1,99.8,421.3359375,17.1,2243.796875,2375.0,0.0,4019.0,963.0,1123.0,45.093,45.281
163.544,train:DC1,99.8,421.3359375,17.1,2240.5234375,2372.0,0.0,4059.0,963.0,1123.0,45.125,45.25
164.045,train:DC1,101.8,404.44140625,17.8,2217.9453125,2349.0,0.0,4059.0,963.0,1123.0,45.343,45.343
164.547,train:DC2,97.8,421.3359375,17.1,2241.7890625,2373.0,0.0,4059.0,963.0,1123.0,45.343,45.343
165.048,train:DC2,99.7,421.3359375,16.7,2241.828125,2373.0,0.0,4019.0,963.0,1123.0,45.093,45.343
165.549,train:DC2,99.7,421.3359375,17.6,2241.76953125,2373.0,0.0,4019.0,963.0,1123.0,45.031,45.25
166.051,train:DC2,99.6,421.3359375,17.3,2241.8828125,2365.0,0.0,4019.0,963.0,1123.0,45.312,45.312
166.553,train:DC2,99.7,419.0859375,16.7,2234.6484375,2358.0,0.0,4059.0,963.0,1123.0,45.0,45.187
167.054,train:DC2,101.7,412.5859375,18.5,2228.2421875,2355.0,0.0,4059.0,963.0,1123.0,45.187,45.218
167.556,train:DC2,99.6,408.0859375,16.4,2228.86328125,2360.0,0.0,4059.0,963.0,1123.0,45.125,45.437
168.058,train:DC2,99.7,393.67578125,17.5,2228.91015625,2360.0,0.0,4019.0,963.0,1123.0,45.031,45.343
168.560,train:DC3,99.7,410.3828125,17.0,2229.0625,2360.0,0.0,4019.0,963.0,1123.0,44.968,45.218
169.061,train:DC3,101.7,404.515625,17.3,2225.03515625,2356.0,0.0,4059.0,963.0,1123.0,45.125,45.218
169.563,train:DC3,97.7,393.0859375,16.8,2222.6875,2354.0,0.0,4059.0,963.0,1123.0,45.375,45.375
170.064,train:DC3,99.7,380.5859375,17.9,2222.8984375,2348.0,0.0,4059.0,963.0,1123.0,45.187,45.218
170.566,train:DC3,99.6,370.27734375,17.0,2216.76171875,2336.0,0.0,4059.0,963.0,1123.0,45.125,45.406
171.068,train:DC3,101.7,362.2734375,17.9,2202.98828125,2332.0,0.0,4059.0,963.0,1123.0,45.031,45.312
171.570,train:DC3,99.6,346.265625,17.0,2193.203125,2320.0,0.0,4059.0,963.0,1123.0,45.406,45.343
172.072,train:DC3,99.7,421.3359375,17.1,2239.00390625,2370.0,0.0,4059.0,963.0,1123.0,44.968,45.218
172.574,train:DC4,101.6,354.265625,17.5,2200.1484375,2323.0,0.0,4019.0,963.0,1123.0,45.093,45.281
173.081,train:DC4,98.5,340.3046875,17.2,2185.89453125,2341.0,0.0,4059.0,963.0,1123.0,45.125,45.343
173.583,train:DC4,99.6,421.3359375,17.3,2243.80859375,2375.0,0.0,4059.0,963.0,1123.0,45.062,45.312
174.085,train:DC4,99.7,421.3359375,17.0,2244.015625,2375.0,0.0,4059.0,963.0,1123.0,45.0,45.312
174.587,train:DC4,99.6,421.3359375,17.3,2244.13671875,2375.0,0.0,4059.0,963.0,1123.0,45.0,45.312
175.089,train:DC4,101.6,421.3359375,17.0,2237.9765625,2375.0,0.0,4059.0,963.0,1123.0,45.156,45.281
175.591,train:DC4,99.6,421.3359375,17.3,2238.4609375,2369.0,0.0,4059.0,963.0,1123.0,45.25,45.25
176.092,train:DC4,99.7,421.3359375,17.1,2239.8125,2370.0,0.0,4059.0,963.0,1123.0,45.125,45.343
176.594,train:DC4,97.6,404.44140625,17.5,2226.57421875,2371.0,0.0,4059.0,963.0,1123.0,45.0,45.187
177.096,train:DC5,99.7,421.3359375,17.1,2242.21875,2358.0,0.0,4019.0,963.0,1123.0,44.906,45.312
177.598,train:DC5,101.6,419.0859375,17.3,2241.96484375,2374.0,0.0,4059.0,963.0,1123.0,45.25,45.25
178.099,train:DC5,99.7,408.0859375,19.1,2230.2265625,2373.0,0.0,4059.0,963.0,1123.0,45.093,45.281
178.601,train:DC5,99.6,399.5859375,17.0,2226.640625,2373.0,0.0,4059.0,963.0,1123.0,45.25,45.468
179.103,train:DC5,99.6,386.8359375,17.3,2231.97265625,2374.0,0.0,4019.0,963.0,1123.0,45.156,45.343
179.604,train:DC5,97.7,374.4609375,16.7,2227.47265625,2363.0,0.0,4019.0,963.0,1123.0,45.125,45.281
180.106,train:DC5,99.8,362.30859375,17.6,2214.72265625,2363.0,0.0,4059.0,963.0,1123.0,45.093,45.25
180.607,train:DC5,101.7,345.01171875,16.7,2198.03125,2363.0,0.0,4059.0,963.0,1123.0,45.25,45.281
181.108,train:DC6,97.7,368.3359375,17.3,2218.59375,2348.0,0.0,4059.0,963.0,1123.0,45.375,45.375
181.610,train:DC6,97.7,354.265625,17.0,2215.01171875,2363.0,0.0,4019.0,963.0,1123.0,45.156,45.406
182.118,train:DC6,100.4,340.3046875,17.6,2205.42578125,2364.0,0.0,4019.0,963.0,1123.0,45.25,45.375
182.623,train:DC6,99.1,421.3359375,17.0,2253.65625,2353.0,0.0,4059.0,963.0,1123.0,45.125,45.343
183.124,train:DC6,97.7,421.3359375,16.8,2258.5,2331.0,0.0,4059.0,963.0,1123.0,45.187,45.312
183.626,train:DC6,99.6,421.3359375,17.5,2253.14453125,2390.0,0.0,4059.0,963.0,1123.0,45.156,45.312
184.127,train:DC6,99.7,421.3359375,17.1,2254.21875,2384.0,0.0,4059.0,963.0,1123.0,45.343,45.25
184.629,train:DC6,101.7,421.3359375,17.2,2255.29296875,2386.0,0.0,4059.0,963.0,1123.0,45.375,45.375
185.130,train:DC6,97.7,404.44140625,17.3,2234.0859375,2387.0,0.0,4019.0,963.0,1123.0,45.25,45.406
185.632,train:DC1,97.7,421.3359375,17.3,2255.46484375,2365.0,0.0,4019.0,963.0,1123.0,45.125,45.281
186.133,train:DC1,99.7,419.0859375,16.8,2254.8671875,2387.0,0.0,4019.0,963.0,1123.0,45.156,45.25
186.635,train:DC1,99.6,410.921875,17.3,2246.75,2386.0,0.0,4059.0,963.0,1123.0,45.468,45.468
187.136,train:DC1,97.7,405.08984375,17.3,2239.1796875,2386.0,0.0,4019.0,963.0,1123.0,45.25,45.25
187.638,train:DC1,101.7,393.0859375,16.7,2238.74609375,2386.0,0.0,4019.0,963.0,1123.0,45.125,45.375
188.140,train:DC1,99.7,380.5859375,17.9,2238.5625,2378.0,0.0,4019.0,963.0,1123.0,45.093,45.343
188.641,train:DC1,97.7,368.3359375,16.7,2224.83203125,2374.0,0.0,4093.0,963.0,1123.0,45.062,45.281
189.143,train:DC1,99.7,349.953125,16.8,2205.80078125,2365.0,0.0,4059.0,963.0,1123.0,45.062,45.187
189.645,train:DC2,99.6,369.77734375,17.2,2224.7734375,2362.0,0.0,4059.0,963.0,1123.0,45.281,45.281
190.146,train:DC2,97.7,360.68359375,17.0,2211.359375,2370.0,0.0,4019.0,963.0,1123.0,45.343,45.437
190.648,train:DC2,101.6,340.66796875,16.7,2189.8671875,2362.0,0.0,4059.0,963.0,1123.0,45.125,45.312
191.150,train:DC2,99.7,421.3359375,17.8,2251.75,2360.0,0.0,4019.0,963.0,1123.0,45.125,45.281
191.652,train:DC2,97.6,421.3359375,17.0,2249.43359375,2354.0,0.0,4059.0,963.0,1123.0,45.156,45.218
192.153,train:DC2,99.7,421.3359375,17.0,2249.9375,2345.0,0.0,4059.0,963.0,1123.0,45.437,45.437
192.655,train:DC2,99.6,421.3359375,17.0,2247.70703125,2332.0,0.0,4059.0,963.0,1123.0,45.218,45.218
193.157,train:DC2,99.7,421.3359375,17.3,2247.48828125,2318.0,0.0,4059.0,963.0,1123.0,45.187,45.437
193.658,train:DC2,97.7,404.44140625,16.7,2236.5390625,2379.0,0.0,4059.0,963.0,1123.0,45.187,45.375
194.160,train:DC3,99.6,421.3359375,17.3,2246.42578125,2322.0,0.0,4059.0,963.0,1123.0,45.156,45.375
194.662,train:DC3,101.6,420.6328125,17.3,2250.7421875,2378.0,0.0,4059.0,963.0,1123.0,45.156,45.312
195.164,train:DC3,97.6,413.0078125,17.0,2237.375,2382.0,0.0,4059.0,963.0,1123.0,45.343,45.406
195.666,train:DC3,99.6,408.0859375,17.3,2236.46484375,2376.0,0.0,4059.0,963.0,1123.0,45.468,45.468
196.168,train:DC3,97.5,399.5859375,16.7,2223.15234375,2376.0,0.0,4019.0,963.0,1123.0,45.218,45.406
196.670,train:DC3,101.6,386.8359375,17.5,2227.26953125,2377.0,0.0,4059.0,963.0,1123.0,44.968,45.312
197.172,train:DC3,97.6,374.4609375,16.4,2220.3828125,2378.0,0.0,4099.0,963.0,1123.0,45.125,45.187
197.674,train:DC3,99.7,358.98046875,17.6,2208.2890625,2370.0,0.0,4059.0,963.0,1123.0,45.406,45.406
198.175,train:DC4,99.6,379.48828125,16.9,2218.94921875,2360.0,0.0,4019.0,963.0,1123.0,45.25,45.218
198.677,train:DC4,99.7,368.3359375,17.3,2210.80078125,2374.0,0.0,4019.0,963.0,1123.0,45.218,45.343
199.179,train:DC4,97.6,354.265625,17.3,2201.47265625,2367.0,0.0,4059.0,963.0,1123.0,45.156,45.375
199.688,train:DC4,100.1,340.30859375,17.4,2183.73828125,2361.0,0.0,4093.0,963.0,1123.0,45.5,45.343
200.190,train:DC4,99.6,421.3515625,17.0,2243.42578125,2355.0,0.0,4059.0,963.0,1123.0,45.062,45.25
200.692,train:DC4,99.7,421.3515625,17.3,2244.0859375,2352.0,0.0,4059.0,963.0,1123.0,45.312,45.312
201.194,train:DC4,97.6,421.3515625,17.0,2244.02734375,2352.0,0.0,4059.0,963.0,1123.0,45.156,45.375
201.695,train:DC4,101.7,421.3515625,17.1,2244.7578125,2344.0,0.0,4019.0,963.0,1123.0,45.25,45.406
202.197,train:DC4,99.6,404.45703125,17.2,2221.0390625,2330.0,0.0,4019.0,963.0,1123.0,45.125,45.343
202.699,train:DC5,97.7,421.3515625,16.7,2239.390625,2359.0,0.0,4019.0,963.0,1123.0,45.312,45.312
203.200,train:DC5,99.7,421.3515625,17.3,2239.89453125,2334.0,0.0,4059.0,963.0,1123.0,45.468,45.468
203.701,train:DC5,99.7,419.1015625,17.3,2238.67578125,2330.0,0.0,4019.0,963.0,1123.0,45.156,45.25
204.203,train:DC5,97.7,412.6015625,17.1,2230.60546875,2317.0,0.0,4019.0,963.0,1123.0,45.218,45.343
204.704,train:DC5,99.7,406.1015625,17.0,2226.48046875,2370.0,0.0,4059.0,963.0,1123.0,45.218,45.312
205.206,train:DC5,97.6,393.1015625,17.3,2222.609375,2370.0,0.0,4059.0,963.0,1123.0,45.187,45.218
205.708,train:DC5,99.7,380.6015625,17.3,2225.359375,2372.0,0.0,4059.0,963.0,1123.0,45.125,45.406
206.209,train:DC5,99.6,366.37109375,17.3,2214.16015625,2372.0,0.0,4059.0,963.0,1123.0,45.5,45.5
206.711,train:DC6,99.7,386.8515625,16.8,2223.9140625,2358.0,0.0,4019.0,963.0,1123.0,45.187,45.375
207.212,train:DC6,97.8,374.4765625,17.3,2216.30078125,2375.0,0.0,4019.0,963.0,1123.0,45.312,45.312
207.714,train:DC6,99.7,362.2890625,17.3,2204.94140625,2376.0,0.0,4019.0,963.0,1123.0,45.125,45.406
208.215,train:DC6,97.8,346.28125,17.0,2189.3984375,2376.0,0.0,4059.0,963.0,1123.0,45.437,45.437
208.716,train:DC6,99.6,421.3515625,25.7,2247.75390625,2372.0,0.0,4253.0,1081.0,1121.0,45.468,45.468
209.219,train:DC6,101.5,421.3515625,17.0,2247.5625,2363.0,0.0,4093.0,1003.0,1123.0,45.281,45.312
209.721,train:DC6,97.7,421.3515625,17.3,2246.75,2363.0,0.0,4059.0,963.0,1123.0,45.093,45.312
210.222,train:DC6,99.7,421.3515625,16.7,2246.5625,2355.0,0.0,4099.0,963.0,1123.0,45.343,45.25
210.723,train:DC6,99.7,404.45703125,21.3,2225.0546875,2333.0,0.0,4133.0,1043.0,1123.0,45.25,45.25
211.226,train:DC1,99.6,421.3515625,17.7,2238.4296875,2347.0,0.0,4093.0,1003.0,1123.0,45.312,45.312
211.727,train:DC1,97.6,421.3515625,22.4,2239.12890625,2355.0,0.0,4173.0,1041.0,1123.0,45.406,45.406
212.230,train:DC1,99.6,419.1015625,17.0,2239.95703125,2348.0,0.0,4052.0,1003.0,1123.0,45.218,45.281
212.731,train:DC1,99.7,412.6015625,17.3,2232.6171875,2340.0,0.0,4059.0,963.0,1123.0,45.125,45.406
213.232,train:DC1,97.7,406.1015625,16.8,2225.45703125,2329.0,0.0,4019.0,963.0,1123.0,45.125,45.281
213.734,train:DC1,99.7,393.1015625,17.6,2224.20703125,2376.0,0.0,4133.0,963.0,1123.0,45.375,45.375
214.235,train:DC1,99.8,380.6015625,17.1,2220.98046875,2375.0,0.0,4099.0,963.0,1123.0,45.562,45.562
214.736,train:DC1,97.8,364.21484375,22.5,2206.703125,2377.0,0.0,4173.0,1041.0,1123.0,45.375,45.375
215.238,train:DC2,99.6,382.6015625,17.0,2221.41796875,2367.0,0.0,4059.0,1003.0,1123.0,45.218,45.375
215.740,train:DC2,99.7,372.60546875,17.3,2220.4140625,2376.0,0.0,4059.0,963.0,1123.0,45.156,45.281
216.241,train:DC2,97.7,361.60546875,17.3,2205.38671875,2375.0,0.0,4059.0,963.0,1123.0,45.156,45.281
216.742,train:DC2,99.8,340.96484375,17.1,2183.375,2376.0,0.0,4019.0,963.0,1123.0,45.125,45.25
217.243,train:DC2,97.8,421.3515625,17.3,2239.44140625,2371.0,0.0,4059.0,963.0,1123.0,45.25,45.25
217.745,train:DC2,99.7,421.3515625,21.1,2243.7578125,2376.0,0.0,4059.0,963.0,1123.0,45.437,45.437
218.247,train:DC2,99.6,421.3515625,17.6,2247.80859375,2379.0,0.0,4052.0,1003.0,1123.0,45.093,45.437
218.749,train:DC2,99.6,421.3515625,17.3,2251.68359375,2364.0,0.0,4052.0,963.0,1123.0,45.218,45.281
219.250,train:DC2,97.7,404.45703125,17.1,2240.4765625,2357.0,0.0,4059.0,963.0,1123.0,45.093,45.437
219.751,train:DC3,99.7,421.3515625,17.0,2246.5,2370.0,0.0,4019.0,963.0,1123.0,45.187,45.187
220.253,train:DC3,99.8,421.3515625,17.0,2245.6875,2370.0,0.0,4019.0,963.0,1123.0,45.0,45.375
220.754,train:DC3,99.7,419.1015625,21.1,2259.73046875,2358.0,0.0,4019.0,963.0,1123.0,45.281,45.25
221.256,train:DC3,99.6,412.6015625,18.0,2252.5234375,2360.0,0.0,4133.0,1003.0,1123.0,45.281,45.343
221.758,train:DC3,101.6,406.1015625,17.3,2247.20703125,2371.0,0.0,4059.0,963.0,1123.0,45.062,45.375
222.260,train:DC3,97.6,393.1015625,17.1,2240.6640625,2363.0,0.0,4059.0,963.0,1123.0,45.125,45.281
222.761,train:DC3,99.6,382.15625,17.2,2241.6484375,2353.0,0.0,4019.0,963.0,1123.0,45.0,45.281
223.265,train:DC3,99.4,366.37109375,17.3,2242.078125,2353.0,0.0,4059.0,963.0,1123.0,45.437,45.437
223.766,train:DC4,99.7,386.8515625,17.9,2249.43359375,2368.0,0.0,4019.0,963.0,1123.0,45.156,45.218
224.267,train:DC4,99.7,374.4765625,20.7,2254.17578125,2353.0,0.0,4133.0,1003.0,1123.0,45.25,45.312
224.769,train:DC4,99.6,362.2890625,17.3,2230.2578125,2405.0,0.0,4093.0,1003.0,1123.0,45.375,45.375
225.270,train:DC4,99.7,346.28125,17.1,2226.2734375,2408.0,0.0,4059.0,963.0,1123.0,45.156,45.25
225.772,train:DC4,97.7,421.3515625,17.0,2272.63671875,2404.0,0.0,4059.0,963.0,1123.0,45.093,45.25
226.273,train:DC4,99.7,421.3515625,17.3,2273.4453125,2405.0,0.0,4059.0,963.0,1123.0,45.093,45.25
226.774,train:DC4,97.8,421.3515625,16.7,2271.76953125,2403.0,0.0,4059.0,963.0,1123.0,45.406,45.406
227.276,train:DC4,101.7,421.3515625,21.5,2281.84375,2413.0,0.0,4133.0,1003.0,1123.0,45.218,45.218
227.777,train:DC4,97.7,404.45703125,17.1,2272.1015625,2403.0,0.0,4059.0,963.0,1123.0,45.25,45.343
228.279,train:DC5,101.7,421.3515625,17.3,2280.4921875,2412.0,0.0,4059.0,963.0,1123.0,45.093,45.343
228.780,train:DC5,97.7,421.3515625,17.0,2279.64453125,2411.0,0.0,4059.0,963.0,1123.0,45.062,45.281
229.281,train:DC5,99.8,421.3515625,17.3,2282.50390625,2406.0,0.0,4059.0,963.0,1123.0,45.25,45.25
229.782,train:DC5,99.8,419.1015625,17.0,2276.4921875,2400.0,0.0,4019.0,963.0,1123.0,45.187,45.406
230.284,train:DC5,101.7,412.6015625,21.4,2270.578125,2392.0,0.0,4133.0,1003.0,1123.0,45.343,45.343
230.785,train:DC5,97.6,406.1015625,17.8,2257.515625,2387.0,0.0,4059.0,963.0,1123.0,45.125,45.375
231.287,train:DC5,99.7,397.60546875,17.1,2252.6484375,2384.0,0.0,4059.0,963.0,1123.0,45.125,45.312
231.788,train:DC5,99.7,381.50390625,16.7,2244.4765625,2376.0,0.0,4059.0,963.0,1123.0,45.093,45.406
232.290,train:DC6,99.7,402.44921875,17.6,2253.81640625,2385.0,0.0,4059.0,963.0,1123.0,45.437,45.437
232.791,train:DC6,99.6,393.1015625,17.9,2245.9765625,2377.0,0.0,4059.0,963.0,1123.0,45.187,45.343
233.294,train:DC6,99.5,380.6015625,21.4,2243.3203125,2377.0,0.0,4059.0,963.0,1123.0,45.187,45.343
233.796,train:DC6,101.6,368.3515625,17.2,2239.37109375,2375.0,0.0,4133.0,1003.0,1123.0,45.187,45.375
234.298,train:DC6,97.7,358.28515625,17.1,2230.42578125,2377.0,0.0,4059.0,963.0,1123.0,45.031,45.312
234.800,train:DC6,101.6,344.28125,17.3,2211.25,2362.0,0.0,4059.0,963.0,1123.0,45.062,45.343
235.302,train:DC6,99.6,421.3515625,17.3,2273.9609375,2343.0,0.0,4059.0,963.0,1123.0,45.093,45.156
235.803,train:DC6,99.7,421.3515625,16.7,2273.14453125,2405.0,0.0,4059.0,963.0,1123.0,45.312,45.312
236.304,train:DC6,97.7,404.45703125,21.9,2260.59375,2404.0,0.0,4059.0,963.0,1123.0,45.406,45.406
236.807,train:DC1,99.6,421.3515625,17.0,2274.5234375,2341.0,0.0,4133.0,1043.0,1123.0,45.093,45.218
237.309,train:DC1,101.6,421.3515625,17.7,2274.83984375,2406.0,0.0,4059.0,1003.0,1123.0,45.125,45.281
237.819,train:DC1,97.9,421.3515625,18.3,2273.375,2406.0,0.0,4099.0,963.0,1123.0,45.187,45.187
238.322,train:DC1,101.5,421.3515625,17.9,2265.984375,2405.0,0.0,4093.0,963.0,1123.0,45.406,45.406
238.823,train:DC1,99.7,421.3515625,16.7,2268.28515625,2397.0,0.0,4059.0,963.0,1123.0,45.187,45.187
239.325,train:DC1,99.7,416.4296875,21.7,2263.25390625,2400.0,0.0,4059.0,963.0,1123.0,45.156,45.218
239.827,train:DC1,99.6,408.1015625,16.7,2248.95703125,2395.0,0.0,4133.0,1043.0,1123.0,45.125,45.312
240.329,train:DC1,99.7,393.69140625,17.3,2232.15625,2392.0,0.0,4052.0,963.0,1123.0,45.25,45.25
240.830,train:DC2,99.7,412.6015625,16.9,2253.8046875,2371.0,0.0,4019.0,963.0,1123.0,45.062,45.218
241.332,train:DC2,99.7,406.1015625,17.1,2246.4140625,2393.0,0.0,4059.0,963.0,1123.0,45.218,45.218
241.833,train:DC2,99.7,395.640625,17.3,2239.65234375,2386.0,0.0,4019.0,963.0,1123.0,45.031,45.375
242.334,train:DC2,99.7,386.8515625,19.1,2236.51953125,2379.0,0.0,4059.0,963.0,1123.0,45.187,45.281
242.842,train:DC2,100.5,374.4765625,19.1,2225.16015625,2370.0,0.0,4173.0,1041.0,1121.0,45.218,45.5
243.344,train:DC2,97.6,366.9765625,16.7,2218.39453125,2356.0,0.0,4093.0,1003.0,1123.0,45.312,45.312
243.845,train:DC2,99.7,354.28125,17.6,2208.4296875,2356.0,0.0,4059.0,963.0,1123.0,45.437,45.437
244.351,train:DC2,102.7,340.3203125,16.8,2198.99609375,2360.0,0.0,4059.0,963.0,1123.0,45.187,45.406
244.853,train:DC3,97.7,362.2890625,17.3,2211.1875,2351.0,0.0,4019.0,963.0,1123.0,45.125,45.406
245.354,train:DC3,99.7,346.28125,17.3,2205.15234375,2357.0,0.0,4019.0,963.0,1123.0,45.125,45.281
245.856,train:DC3,99.7,421.3515625,21.4,2261.50390625,2365.0,0.0,4133.0,1001.0,1123.0,45.343,45.343
246.358,train:DC3,99.6,421.3515625,17.5,2254.11328125,2352.0,0.0,4093.0,1003.0,1123.0,45.187,45.187
246.859,train:DC3,99.7,421.3515625,16.8,2253.16796875,2342.0,0.0,4059.0,963.0,1123.0,45.281,45.406
247.360,train:DC3,99.7,421.3515625,17.3,2255.7734375,2352.0,0.0,4019.0,963.0,1123.0,45.218,45.312
247.862,train:DC3,99.7,421.3515625,17.6,2253.734375,2387.0,0.0,4099.0,963.0,1123.0,45.125,45.25
248.363,train:DC3,99.7,421.3515625,16.7,2254.46484375,2385.0,0.0,4059.0,963.0,1123.0,45.062,45.25
248.865,train:DC3,97.7,404.45703125,21.6,2240.44921875,2386.0,0.0,4019.0,963.0,1123.0,45.281,45.281
249.367,train:DC4,101.6,421.3515625,17.0,2256.71484375,2372.0,0.0,4059.0,1003.0,1123.0,45.125,45.156
249.868,train:DC4,99.7,419.1015625,17.1,2248.84375,2388.0,0.0,4059.0,963.0,1123.0,45.125,45.343
250.369,train:DC4,99.7,412.6015625,17.5,2242.76953125,2388.0,0.0,4019.0,963.0,1123.0,45.093,45.312
250.870,train:DC4,99.8,406.1015625,17.6,2238.640625,2382.0,0.0,4019.0,963.0,1123.0,45.125,45.281
251.372,train:DC4,97.7,397.84375,16.4,2231.25,2386.0,0.0,4059.0,963.0,1123.0,45.25,45.25
251.873,train:DC4,101.7,386.625,21.3,2219.1328125,2386.0,0.0,4019.0,963.0,1123.0,45.25,45.281
252.375,train:DC4,99.6,374.4765625,16.7,2231.36328125,2382.0,0.0,4093.0,1003.0,1123.0,45.312,45.312
252.877,train:DC4,97.7,358.7578125,17.6,2209.00390625,2374.0,0.0,4059.0,963.0,1123.0,45.125,45.281
253.378,train:DC5,101.7,380.6015625,16.7,2227.94140625,2357.0,0.0,4059.0,963.0,1123.0,45.281,45.343
253.880,train:DC5,99.7,368.3515625,17.6,2222.32421875,2379.0,0.0,4019.0,963.0,1123.0,45.125,45.218
254.381,train:DC5,97.8,356.28125,16.7,2213.4375,2369.0,0.0,4019.0,963.0,1123.0,45.375,45.375
254.883,train:DC5,101.6,340.3203125,21.6,2191.8046875,2374.0,0.0,4019.0,963.0,1123.0,45.187,45.375
255.385,train:DC5,97.6,421.3515625,17.5,2251.359375,2355.0,0.0,4093.0,1003.0,1123.0,45.25,45.406
255.886,train:DC5,101.7,421.3515625,17.3,2253.2578125,2354.0,0.0,4059.0,963.0,1123.0,45.125,45.312
256.388,train:DC5,97.7,421.3515625,17.0,2256.88671875,2361.0,0.0,4059.0,963.0,1123.0,45.343,45.406
256.889,train:DC5,99.7,421.3515625,17.3,2250.1953125,2347.0,0.0,4019.0,963.0,1123.0,45.25,45.25
257.390,train:DC5,101.7,404.45703125,17.0,2236.296875,2332.0,0.0,4093.0,963.0,1123.0,45.187,45.187
257.892,train:DC6,99.7,421.3515625,21.7,2254.6484375,2357.0,0.0,4019.0,963.0,1123.0,45.125,45.25
258.394,train:DC6,99.6,421.3515625,17.0,2255.1328125,2343.0,0.0,4133.0,1001.0,1123.0,45.156,45.25
258.895,train:DC6,99.7,421.3515625,17.3,2254.9296875,2332.0,0.0,4093.0,1003.0,1123.0,45.281,45.281
259.397,train:DC6,99.7,415.94140625,17.0,2247.5390625,2386.0,0.0,4059.0,963.0,1123.0,45.375,45.375
259.898,train:DC6,97.8,408.1015625,17.3,2241.265625,2387.0,0.0,4019.0,963.0,1123.0,45.312,45.312
260.399,train:DC6,99.7,399.6015625,17.0,2223.80859375,2381.0,0.0,4059.0,963.0,1123.0,45.187,45.343
260.900,train:DC6,101.7,386.8515625,20.7,2221.75,2383.0,0.0,4019.0,963.0,1123.0,45.218,45.25
261.403,train:DC6,99.6,371.34765625,17.7,2226.46484375,2389.0,0.0,4133.0,1003.0,1123.0,45.125,45.437
261.904,train:DC1,99.7,392.37890625,16.8,2226.453125,2373.0,0.0,4019.0,963.0,1123.0,45.406,45.406
262.406,train:DC1,99.7,380.6015625,17.5,2227.80078125,2381.0,0.0,4019.0,963.0,1123.0,45.125,45.312
262.907,train:DC1,99.8,368.3515625,17.1,2217.4765625,2382.0,0.0,4059.0,963.0,1123.0,45.312,45.375
263.408,train:DC1,99.8,361.10546875,17.3,2214.94921875,2383.0,0.0,4059.0,963.0,1123.0,45.125,45.281
263.909,train:DC1,99.8,346.28125,17.3,2204.05859375,2384.0,0.0,4059.0,963.0,1123.0,45.562,45.562
264.410,train:DC1,97.7,421.3515625,21.7,2245.68359375,2369.0,0.0,4173.0,1041.0,1123.0,45.218,45.218
264.913,train:DC1,101.6,421.3515625,17.9,2250.19921875,2374.0,0.0,4052.0,963.0,1123.0,45.156,45.187
265.414,train:DC1,99.7,421.3515625,16.7,2253.8984375,2358.0,0.0,4019.0,963.0,1123.0,45.093,45.343
265.916,train:DC1,97.7,404.45703125,16.7,2229.4140625,2353.0,0.0,4019.0,963.0,1123.0,45.125,45.312
266.417,train:DC2,99.8,421.3515625,17.6,2253.6796875,2365.0,0.0,4019.0,963.0,1123.0,45.125,45.281
266.918,train:DC2,99.8,421.3515625,17.0,2254.09765625,2354.0,0.0,4019.0,963.0,1123.0,45.343,45.125
267.419,train:DC2,99.7,421.3515625,21.1,2253.69140625,2354.0,0.0,4133.0,1043.0,1123.0,45.468,45.468
267.922,train:DC2,99.5,421.3515625,17.5,2252.328125,2346.0,0.0,4052.0,1003.0,1123.0,45.156,45.437
268.423,train:DC2,101.7,419.1015625,16.8,2241.3515625,2349.0,0.0,4093.0,963.0,1123.0,45.281,45.281
268.925,train:DC2,97.7,412.6015625,17.3,2239.15625,2331.0,0.0,4059.0,963.0,1123.0,45.125,45.468
269.426,train:DC2,99.7,406.1015625,17.4,2232.1640625,2328.0,0.0,4059.0,963.0,1123.0,45.468,45.468
269.927,train:DC2,101.7,392.06640625,17.0,2223.8828125,2379.0,0.0,4059.0,963.0,1123.0,45.093,45.187
270.429,train:DC3,99.7,408.1015625,21.6,2240.2265625,2332.0,0.0,4133.0,1041.0,1123.0,45.343,45.343
270.931,train:DC3,99.6,399.6015625,17.0,2224.9609375,2379.0,0.0,4093.0,1003.0,1123.0,45.156,45.343
271.433,train:DC3,99.7,386.8515625,17.3,2223.00390625,2380.0,0.0,4059.0,963.0,1123.0,45.187,45.25
271.934,train:DC3,99.7,375.98828125,17.0,2214.12890625,2374.0,0.0,4019.0,963.0,1123.0,45.062,45.218
272.435,train:DC3,99.7,366.13671875,17.5,2219.7890625,2377.0,0.0,4019.0,963.0,1123.0,45.312,45.312
272.937,train:DC3,99.7,354.28125,17.3,2206.6484375,2377.0,0.0,4019.0,963.0,1123.0,45.375,45.375
273.445,train:DC3,100.3,340.3203125,21.3,2196.62109375,2379.0,0.0,4133.0,1003.0,1123.0,45.375,45.406
273.950,train:DC3,97.0,421.3515625,17.5,2248.296875,2380.0,0.0,4093.0,1003.0,1123.0,45.312,45.406
274.452,train:DC4,101.7,346.28125,17.3,2204.66015625,2359.0,0.0,4059.0,963.0,1123.0,45.093,45.187
274.953,train:DC4,99.7,421.3515625,17.0,2252.34375,2384.0,0.0,4059.0,963.0,1123.0,45.125,45.343
275.454,train:DC4,99.7,421.3515625,17.5,2248.296875,2380.0,0.0,4059.0,963.0,1123.0,45.125,45.187
275.956,train:DC4,97.7,421.3515625,16.8,2247.07421875,2378.0,0.0,4093.0,963.0,1123.0,45.25,45.343
276.457,train:DC4,101.7,421.3515625,22.2,2245.00390625,2370.0,0.0,4059.0,963.0,1123.0,45.125,45.468
276.959,train:DC4,99.6,421.3515625,16.7,2243.57421875,2357.0,0.0,4093.0,1003.0,1123.0,45.125,45.343
277.461,train:DC4,99.7,421.3515625,17.6,2244.05859375,2356.0,0.0,4059.0,963.0,1123.0,45.125,45.25
277.962,train:DC4,99.7,419.1015625,17.0,2246.3828125,2347.0,0.0,4019.0,963.0,1123.0,45.062,45.25
278.464,train:DC4,99.8,404.45703125,17.1,2224.203125,2354.0,0.0,4019.0,963.0,1123.0,45.468,45.468
278.965,train:DC5,99.7,421.3515625,17.3,2241.91015625,2347.0,0.0,4019.0,963.0,1123.0,45.218,45.281
279.466,train:DC5,99.7,414.54296875,21.1,2239.109375,2353.0,0.0,4059.0,963.0,1123.0,45.125,45.156
279.968,train:DC5,99.6,408.1015625,17.0,2239.2578125,2347.0,0.0,4133.0,1003.0,1123.0,45.125,45.406
280.470,train:DC5,99.7,399.6015625,17.6,2228.11328125,2353.0,0.0,4059.0,963.0,1123.0,45.187,45.187
280.971,train:DC5,99.7,390.984375,17.1,2216.86328125,2332.0,0.0,4059.0,963.0,1123.0,45.093,45.25
281.473,train:DC5,99.7,380.6015625,16.7,2229.08203125,2332.0,0.0,4019.0,963.0,1123.0,45.062,45.375
281.974,train:DC5,97.7,368.3515625,17.8,2219.0625,2380.0,0.0,4059.0,963.0,1123.0,45.375,45.375
282.475,train:DC5,101.7,354.84375,17.4,2207.86328125,2374.0,0.0,4059.0,963.0,1123.0,45.218,45.406
282.977,train:DC6,99.7,374.4765625,20.9,2225.73828125,2325.0,0.0,4052.0,1003.0,1123.0,45.218,45.281
283.479,train:DC6,99.6,362.2890625,17.3,2212.7734375,2377.0,0.0,4059.0,1003.0,1123.0,45.156,45.343
283.980,train:DC6,99.7,346.28125,17.0,2198.65625,2377.0,0.0,4019.0,963.0,1123.0,45.125,45.156
284.481,train:DC6,99.7,421.3515625,17.5,2246.2109375,2378.0,0.0,4059.0,963.0,1123.0,45.25,45.25
284.983,train:DC6,99.8,421.3515625,16.8,2246.6953125,2378.0,0.0,4059.0,963.0,1123.0,45.281,45.187
285.484,train:DC6,97.7,421.3515625,17.3,2247.1796875,2379.0,0.0,4019.0,963.0,1123.0,45.281,45.281
285.985,train:DC6,101.7,421.3515625,21.6,2246.42578125,2378.0,0.0,4093.0,1003.0,1123.0,45.093,45.343
286.487,train:DC6,99.6,421.3515625,17.3,2248.2265625,2380.0,0.0,4059.0,963.0,1123.0,45.187,45.312
286.989,train:DC6,97.7,404.45703125,17.0,2233.54296875,2365.0,0.0,4019.0,963.0,1123.0,45.125,45.312
287.490,train:DC1,101.7,421.3515625,18.0,2249.80859375,2381.0,0.0,4059.0,963.0,1123.0,45.125,45.156
287.992,train:DC1,97.6,421.3515625,17.5,2244.84765625,2376.0,0.0,4059.0,963.0,1123.0,45.125,45.25
288.494,train:DC1,99.7,419.1015625,17.1,2245.33203125,2369.0,0.0,4059.0,963.0,1123.0,45.125,45.281
288.995,train:DC1,101.7,412.6015625,21.6,2238.42578125,2370.0,0.0,4093.0,1003.0,1123.0,45.25,45.25
289.497,train:DC1,97.6,408.1015625,17.6,2229.00390625,2359.0,0.0,4052.0,963.0,1123.0,45.406,45.406
289.998,train:DC1,99.7,399.6015625,17.0,2227.53125,2351.0,0.0,4019.0,963.0,1123.0,45.156,45.312
290.500,train:DC1,99.7,386.8515625,17.0,2222.9453125,2354.0,0.0,4059.0,963.0,1123.0,45.062,45.218
291.001,train:DC1,101.8,372.97265625,17.5,2222.5390625,2354.0,0.0,4019.0,963.0,1123.0,45.093,45.25
291.502,train:DC2,97.7,393.1015625,16.8,2223.05078125,2354.0,0.0,4019.0,963.0,1123.0,45.5,45.5
292.004,train:DC2,99.7,380.6015625,21.3,2216.2421875,2348.0,0.0,4093.0,1003.0,1123.0,45.312,45.312
292.505,train:DC2,101.6,370.3515625,17.0,2216.73046875,2348.0,0.0,4093.0,963.0,1123.0,45.281,45.343
293.007,train:DC2,99.7,362.2890625,17.3,2214.41015625,2348.0,0.0,4093.0,963.0,1123.0,45.281,45.343
293.509,train:DC2,99.7,346.28125,17.0,2197.20703125,2346.0,0.0,4052.0,963.0,1123.0,45.156,45.312
294.011,train:DC2,99.6,421.3515625,17.3,2244.89453125,2329.0,0.0,4059.0,963.0,1123.0,45.125,45.187
294.512,train:DC2,99.7,421.3515625,17.3,2245.13671875,2351.0,0.0,4093.0,963.0,1123.0,45.125,45.375
295.013,train:DC2,99.7,421.3515625,21.1,2250.984375,2376.0,0.0,4059.0,963.0,1123.0,45.281,45.281
295.515,train:DC2,99.6,404.45703125,17.0,2225.87109375,2382.0,0.0,4133.0,1043.0,1123.0,45.531,45.531
296.017,train:DC3,99.7,421.3515625,17.3,2245.45703125,2357.0,0.0,4059.0,1003.0,1123.0,45.25,45.437
296.519,train:DC3,99.7,421.3515625,16.8,2245.94140625,2377.0,0.0,4059.0,963.0,1123.0,45.125,45.343
297.020,train:DC3,99.7,421.3515625,17.5,2248.28515625,2377.0,0.0,4019.0,963.0,1123.0,45.125,45.187
297.522,train:DC3,99.7,421.3515625,16.7,2250.0859375,2380.0,0.0,4059.0,963.0,1123.0,45.5,45.5
298.023,train:DC3,99.7,419.1015625,23.8,2246.17578125,2381.0,0.0,4019.0,963.0,1123.0,45.187,45.218
298.525,train:DC3,99.6,413.33984375,17.3,2239.99609375,2378.0,0.0,4173.0,1041.0,1121.0,45.312,45.312
299.027,train:DC3,99.7,408.1015625,16.8,2236.43359375,2379.0,0.0,4052.0,963.0,1123.0,45.062,45.375
299.528,train:DC3,99.7,393.69140625,17.5,2226.21484375,2380.0,0.0,4019.0,963.0,1123.0,45.156,45.25
300.030,train:DC4,99.7,412.6015625,16.7,2242.48046875,2365.0,0.0,4019.0,963.0,1123.0,45.281,45.281
300.531,train:DC4,97.7,406.1015625,17.0,2227.07421875,2382.0,0.0,4059.0,963.0,1123.0,45.218,45.25
301.033,train:DC4,101.7,395.1015625,18.9,2223.046875,2378.0,0.0,4019.0,963.0,1123.0,45.156,45.406
301.535,train:DC4,99.5,386.0625,20.0,2221.52734375,2374.0,0.0,4133.0,1041.0,1123.0,45.156,45.187
302.037,train:DC4,99.6,374.4765625,17.3,2221.92578125,2368.0,0.0,4059.0,963.0,1123.0,45.062,45.25
302.539,train:DC4,99.7,362.2890625,17.0,2205.35546875,2357.0,0.0,4019.0,963.0,1123.0,45.125,45.25
303.040,train:DC4,99.7,346.28125,16.8,2197.87109375,2354.0,0.0,4019.0,963.0,1123.0,45.437,45.375
303.550,train:DC4,100.0,340.3203125,17.5,2191.4765625,2348.0,0.0,4059.0,963.0,1123.0,45.25,45.25
304.054,train:DC5,99.2,362.2890625,17.0,2212.0625,2350.0,0.0,4059.0,963.0,1123.0,45.218,45.343
304.556,train:DC5,101.6,346.28125,21.6,2195.2421875,2354.0,0.0,4093.0,1043.0,1123.0,45.562,45.562
305.058,train:DC5,99.6,421.3515625,17.3,2250.66015625,2351.0,0.0,4052.0,1003.0,1123.0,45.125,45.281
305.560,train:DC5,99.7,421.3515625,16.7,2251.14453125,2351.0,0.0,4019.0,963.0,1123.0,45.187,45.343
306.062,train:DC5,99.7,421.3515625,17.9,2251.62890625,2338.0,0.0,4019.0,963.0,1123.0,45.156,45.406
306.563,train:DC5,99.7,421.3515625,16.4,2244.23828125,2332.0,0.0,4019.0,963.0,1123.0,45.156,45.187
307.065,train:DC5,97.6,421.3515625,17.3,2245.5859375,2341.0,0.0,4019.0,963.0,1123.0,45.218,45.25
307.566,train:DC5,99.7,421.3515625,21.9,2246.31640625,2377.0,0.0,4059.0,963.0,1123.0,45.25,45.25
308.069,train:DC5,101.6,404.45703125,17.0,2239.27734375,2378.0,0.0,4099.0,1003.0,1123.0,45.343,45.437
308.570,train:DC6,97.6,421.3515625,17.3,2247.66796875,2371.0,0.0,4059.0,1003.0,1123.0,45.281,45.281
309.072,train:DC6,99.7,419.1015625,16.8,2243.5625,2379.0,0.0,4059.0,963.0,1123.0,45.187,45.281
309.574,train:DC6,101.7,412.6015625,17.3,2236.171875,2383.0,0.0,4019.0,963.0,1123.0,45.125,45.437
310.075,train:DC6,99.7,406.1015625,17.0,2228.71875,2383.0,0.0,4019.0,963.0,1123.0,45.156,45.281
310.577,train:DC6,97.7,394.79296875,21.6,2225.5078125,2376.0,0.0,4019.0,963.0,1123.0,45.437,45.437
311.079,train:DC6,101.6,385.91796875,17.0,2225.984375,2376.0,0.0,4059.0,1003.0,1123.0,45.125,45.406
311.580,train:DC6,97.7,374.4765625,17.0,2222.60546875,2377.0,0.0,4019.0,963.0,1123.0,45.312,45.406
312.082,train:DC6,101.7,358.09375,17.5,2209.08984375,2369.0,0.0,4019.0,963.0,1123.0,45.156,45.281
312.584,train:DC1,97.6,377.15234375,16.7,2222.71875,2369.0,0.0,4019.0,963.0,1123.0,45.187,45.281
313.086,train:DC1,101.7,368.3515625,17.6,2216.64453125,2377.0,0.0,4019.0,963.0,1123.0,45.093,45.281
313.587,train:DC1,99.6,354.28125,21.1,2206.75390625,2370.0,0.0,4019.0,963.0,1123.0,45.125,45.25
314.098,train:DC1,99.9,340.3203125,17.3,2188.640625,2370.0,0.0,4093.0,1003.0,1123.0,45.375,45.375
314.603,train:DC1,99.1,421.3515625,16.7,2248.046875,2356.0,0.0,4093.0,963.0,1123.0,45.25,45.312
315.104,train:DC1,99.7,421.3515625,17.3,2249.77734375,2343.0,0.0,4019.0,963.0,1123.0,45.25,45.25
315.606,train:DC1,99.7,421.3515625,17.3,2250.26171875,2350.0,0.0,4019.0,963.0,1123.0,45.281,45.343
316.107,train:DC1,99.7,421.3515625,17.0,2244.87109375,2338.0,0.0,4019.0,963.0,1123.0,45.156,45.25
316.608,train:DC1,99.7,404.45703125,21.6,2229.1015625,2339.0,0.0,4019.0,963.0,1123.0,45.218,45.281
317.111,train:DC2,99.6,421.3515625,17.7,2245.33984375,2349.0,0.0,4093.0,1003.0,1123.0,45.125,45.218
317.612,train:DC2,99.7,421.3515625,17.3,2245.81640625,2351.0,0.0,4019.0,963.0,1123.0,45.281,45.25
318.114,train:DC2,99.7,421.3515625,17.3,2249.30078125,2333.0,0.0,4019.0,963.0,1123.0,45.468,45.468
318.616,train:DC2,99.7,414.05078125,16.7,2242.69921875,2330.0,0.0,4019.0,963.0,1123.0,45.156,45.25
319.117,train:DC2,99.7,408.1015625,17.5,2236.640625,2382.0,0.0,4019.0,963.0,1125.0,45.125,45.437
319.619,train:DC2,99.7,399.6015625,21.0,2230.69921875,2376.0,0.0,4059.0,963.0,1123.0,45.125,45.375
320.120,train:DC2,99.7,386.8515625,17.4,2217.79296875,2378.0,0.0,4133.0,1003.0,1123.0,45.125,45.406
320.622,train:DC2,101.6,372.2734375,17.6,2217.38671875,2380.0,0.0,4059.0,963.0,1123.0,45.125,45.281
321.124,train:DC3,97.7,393.1015625,16.7,2217.8984375,2372.0,0.0,4019.0,963.0,1123.0,45.375,45.375
321.625,train:DC3,99.7,380.6015625,17.5,2225.8515625,2380.0,0.0,4019.0,963.0,1123.0,45.375,45.375
322.126,train:DC3,99.7,368.98046875,16.7,2219.77734375,2377.0,0.0,4019.0,963.0,1123.0,45.25,45.343
322.628,train:DC3,99.7,361.22265625,16.8,2211.37109375,2377.0,0.0,4019.0,963.0,1123.0,45.125,45.218
323.129,train:DC3,99.7,340.3203125,21.6,2193.25,2376.0,0.0,4093.0,1003.0,1123.0,45.125,45.406
323.631,train:DC3,99.6,421.3515625,17.1,2244.796875,2376.0,0.0,4059.0,963.0,1123.0,45.343,45.343
324.133,train:DC3,99.7,421.3515625,17.3,2247.12109375,2371.0,0.0,4019.0,963.0,1123.0,45.125,45.218
324.634,train:DC3,99.7,421.3515625,17.0,2247.60546875,2359.0,0.0,4019.0,963.0,1123.0,45.312,45.312
325.136,train:DC3,99.7,404.45703125,17.0,2226.64453125,2350.0,0.0,4059.0,963.0,1123.0,45.343,45.343
325.638,train:DC4,99.7,421.3515625,17.5,2250.91015625,2367.0,0.0,4059.0,963.0,1123.0,45.125,45.343
326.139,train:DC4,101.7,421.3515625,21.4,2245.15234375,2365.0,0.0,4133.0,1003.0,1123.0,45.125,45.406
326.641,train:DC4,99.6,421.3515625,17.3,2246.27734375,2354.0,0.0,4059.0,963.0,1123.0,45.125,45.281
327.143,train:DC4,97.7,421.3515625,17.0,2246.40234375,2351.0,0.0,4059.0,963.0,1123.0,45.468,45.468
327.644,train:DC4,99.7,419.1015625,17.1,2247.67578125,2356.0,0.0,4019.0,963.0,1123.0,45.25,45.25
328.146,train:DC4,99.7,412.6015625,17.3,2241.6171875,2343.0,0.0,4019.0,963.0,1123.0,45.187,45.281
328.648,train:DC4,99.6,406.1015625,17.1,2236.64453125,2336.0,0.0,4019.0,963.0,1123.0,45.343,45.343
329.149,train:DC4,101.6,390.67578125,21.1,2221.6875,2326.0,0.0,4133.0,1043.0,1123.0,45.187,45.218
329.651,train:DC5,99.6,408.1015625,17.3,2237.6953125,2339.0,0.0,4059.0,1003.0,1123.0,45.281,45.375
330.154,train:DC5,99.5,399.6015625,17.0,2226.140625,2330.0,0.0,4019.0,963.0,1125.0,45.156,45.25
330.656,train:DC5,99.7,386.8515625,17.5,2222.93359375,2377.0,0.0,4019.0,963.0,1123.0,45.375,45.375
331.157,train:DC5,99.7,374.4765625,17.0,2216.86328125,2378.0,0.0,4059.0,963.0,1123.0,45.25,45.25
331.659,train:DC5,99.7,367.19921875,16.8,2216.734375,2379.0,0.0,4019.0,963.0,1123.0,45.312,45.437
332.160,train:DC5,99.7,354.28125,20.8,2202.53125,2381.0,0.0,4173.0,1041.0,1123.0,45.187,45.343
332.669,train:DC5,98.3,340.3203125,17.3,2184.83203125,2381.0,0.0,4059.0,1003.0,1123.0,45.156,45.406
333.173,train:DC5,101.1,421.3515625,17.3,2244.25390625,2376.0,0.0,4019.0,963.0,1123.0,45.343,45.343
333.675,train:DC6,99.7,346.28125,17.1,2188.80859375,2359.0,0.0,4019.0,963.0,1123.0,45.281,45.375
334.176,train:DC6,99.7,421.3515625,16.7,2244.3671875,2376.0,0.0,4019.0,963.0,1123.0,45.343,45.343
334.678,train:DC6,99.7,421.3515625,18.7,2244.8515625,2376.0,0.0,4019.0,963.0,1123.0,45.156,45.593
335.180,train:DC6,99.5,421.3515625,21.1,2249.4765625,2380.0,0.0,4093.0,1003.0,1123.0,45.406,45.406
335.682,train:DC6,99.6,421.3515625,17.9,2250.046875,2374.0,0.0,4052.0,1003.0,1123.0,45.125,45.343
336.184,train:DC6,99.6,421.3515625,16.7,2250.53125,2366.0,0.0,4059.0,963.0,1123.0,45.156,45.343
336.686,train:DC6,99.7,421.3515625,17.6,2252.32421875,2360.0,0.0,4059.0,963.0,1123.0,45.218,45.375
337.187,train:DC6,97.6,419.01171875,16.9,2244.93359375,2357.0,0.0,4059.0,963.0,1123.0,45.25,45.218
337.689,train:DC6,101.6,402.62890625,17.3,2224.72265625,2352.0,0.0,4019.0,963.0,1123.0,45.375,45.375
338.191,train:DC1,99.7,419.1015625,21.1,2243.96484375,2357.0,0.0,4019.0,963.0,1123.0,45.156,45.406
338.693,train:DC1,99.6,412.6015625,17.3,2236.46875,2356.0,0.0,4052.0,1003.0,1123.0,45.125,45.281
339.195,train:DC1,101.6,406.1015625,17.5,2226.0625,2357.0,0.0,4059.0,963.0,1123.0,45.125,45.531
339.697,train:DC1,97.7,394.140625,16.7,2225.21875,2357.0,0.0,4019.0,963.0,1123.0,45.156,45.343
340.198,train:DC1,101.7,384.8515625,17.3,2221.59375,2339.0,0.0,4019.0,963.0,1123.0,45.531,45.531
340.700,train:DC1,97.6,374.4765625,16.8,2222.06640625,2329.0,0.0,4019.0,963.0,1123.0,45.25,45.281
341.202,train:DC1,101.6,362.2890625,19.4,2214.10546875,2377.0,0.0,4019.0,963.0,1123.0,45.312,45.406
341.704,train:DC1,97.6,343.4453125,20.1,2224.22265625,2413.0,0.0,4093.0,1003.0,1123.0,45.375,45.375
342.206,train:DC2,99.6,365.96875,17.2,2255.37109375,2363.0,0.0,4059.0,963.0,1123.0,45.25,45.406
342.708,train:DC2,99.6,354.28125,17.3,2230.30078125,2414.0,0.0,4059.0,963.0,1123.0,45.25,45.281
343.216,train:DC2,100.4,340.3203125,17.3,2223.5625,2417.0,0.0,4019.0,963.0,1123.0,45.125,45.343
343.720,train:DC2,97.1,421.3515625,16.7,2279.2265625,2411.0,0.0,4019.0,963.0,1123.0,45.406,45.406
344.222,train:DC2,99.7,421.3515625,17.5,2282.30078125,2414.0,0.0,4019.0,963.0,1123.0,45.625,45.625
344.723,train:DC2,97.7,421.3515625,20.8,2275.77734375,2407.0,0.0,4093.0,1003.0,1123.0,45.281,45.343
345.225,train:DC2,101.6,421.3515625,17.5,2278.8515625,2410.0,0.0,4019.0,963.0,1123.0,45.218,45.312
345.727,train:DC2,99.7,421.3515625,17.0,2273.88671875,2405.0,0.0,4019.0,963.0,1123.0,45.187,45.312
346.228,train:DC2,99.7,404.45703125,16.7,2262.99609375,2394.0,0.0,4019.0,963.0,1123.0,45.093,45.25
346.730,train:DC3,97.7,421.3515625,17.3,2268.79296875,2400.0,0.0,4019.0,963.0,1123.0,45.281,45.281
347.231,train:DC3,99.7,419.1015625,17.3,2272.9375,2396.0,0.0,4059.0,963.0,1123.0,45.375,45.437
347.733,train:DC3,99.6,412.6015625,21.6,2266.48828125,2398.0,0.0,4133.0,1003.0,1123.0,45.156,45.312
348.235,train:DC3,97.6,406.1015625,17.6,2258.7578125,2382.0,0.0,4059.0,963.0,1123.0,45.125,45.343
348.737,train:DC3,99.7,393.1015625,17.3,2244.38671875,2376.0,0.0,4019.0,963.0,1123.0,45.156,45.281
349.238,train:DC3,99.7,380.6015625,17.3,2240.66015625,2372.0,0.0,4019.0,963.0,1123.0,45.343,45.343
349.740,train:DC3,99.7,370.91015625,17.0,2238.72265625,2366.0,0.0,4019.0,963.0,1123.0,45.125,45.281
350.241,train:DC3,99.8,356.41015625,17.0,2226.63671875,2366.0,0.0,4019.0,963.0,1123.0,45.125,45.281
350.742,train:DC4,97.7,374.4765625,21.3,2233.75,2358.0,0.0,4019.0,963.0,1123.0,45.281,45.281
351.244,train:DC4,99.6,362.2890625,17.3,2227.9609375,2365.0,0.0,4093.0,1003.0,1123.0,45.375,45.406
351.746,train:DC4,99.7,346.28125,17.3,2203.90234375,2363.0,0.0,4059.0,963.0,1123.0,45.125,45.406
352.247,train:DC4,99.8,421.3515625,16.8,2265.375,2343.0,0.0,4019.0,963.0,1123.0,45.218,45.406
352.748,train:DC4,97.8,421.3515625,17.0,2260.41796875,2348.0,0.0,4059.0,963.0,1123.0,45.156,45.312
353.249,train:DC4,99.8,421.3515625,17.7,2264.56640625,2392.0,0.0,4093.0,963.0,1123.0,45.343,45.25
353.751,train:DC4,99.7,421.3515625,21.1,2258.3671875,2396.0,0.0,4099.0,963.0,1123.0,45.468,45.468
354.253,train:DC4,99.6,421.3515625,17.9,2262.75390625,2390.0,0.0,4133.0,1003.0,1123.0,45.281,45.218
354.754,train:DC4,97.7,404.45703125,17.0,2234.3515625,2394.0,0.0,4059.0,963.0,1123.0,45.281,45.437
355.256,train:DC5,99.8,421.3515625,17.0,2258.6171875,2366.0,0.0,4019.0,963.0,1123.0,45.187,45.312
355.757,train:DC5,99.8,421.3515625,17.3,2257.45703125,2390.0,0.0,4019.0,963.0,1123.0,45.218,45.218
356.258,train:DC5,99.7,414.26953125,17.3,2252.65625,2389.0,0.0,4019.0,963.0,1123.0,45.031,45.281
356.759,train:DC5,99.7,408.1015625,21.9,2250.6484375,2392.0,0.0,4019.0,963.0,1123.0,45.312,45.312
357.261,train:DC5,99.6,399.6015625,17.3,2237.97265625,2390.0,0.0,4133.0,1003.0,1123.0,45.406,45.406
357.763,train:DC5,97.7,387.07421875,16.9,2226.00390625,2377.0,0.0,4052.0,1003.0,1123.0,45.156,45.375
358.264,train:DC5,99.7,374.4765625,19.0,2240.73828125,2380.0,0.0,4093.0,1003.0,1123.0,45.062,45.406
358.766,train:DC5,99.6,359.76953125,17.0,2220.97265625,2376.0,0.0,4093.0,963.0,1123.0,45.156,45.343
359.268,train:DC6,97.7,379.79296875,17.0,2235.69140625,2363.0,0.0,4059.0,963.0,1123.0,45.125,45.312
359.769,train:DC6,99.7,367.78515625,20.0,2230.421875,2383.0,0.0,4019.0,963.0,1123.0,45.125,45.187
360.271,train:DC6,99.7,354.28125,18.9,2217.484375,2367.0,0.0,4133.0,1041.0,1123.0,45.281,45.281
360.783,train:DC6,99.6,340.3203125,16.9,2201.109375,2363.0,0.0,4052.0,1003.0,1123.0,45.343,45.5
361.287,train:DC6,99.2,421.3515625,17.0,2261.04296875,2361.0,0.0,4059.0,963.0,1123.0,45.125,45.343
361.788,train:DC6,97.8,421.3515625,17.0,2257.4453125,2357.0,0.0,4059.0,963.0,1123.0,45.281,45.437
362.290,train:DC6,99.7,421.3515625,17.0,2260.2734375,2336.0,0.0,4059.0,963.0,1123.0,45.125,45.25
362.791,train:DC6,99.8,421.3515625,16.8,2256.36328125,2392.0,0.0,4059.0,963.0,1123.0,45.187,45.406
363.292,train:DC6,99.8,404.45703125,21.6,2240.91015625,2390.0,0.0,4213.0,1041.0,1121.0,45.156,45.25
363.794,train:DC1,97.6,421.3515625,16.7,2268.28125,2341.0,0.0,4093.0,1003.0,1123.0,45.125,45.375
364.295,train:DC1,99.7,421.3515625,17.3,2264.5546875,2400.0,0.0,4059.0,963.0,1123.0,45.343,45.343
364.797,train:DC1,99.7,419.1015625,16.7,2258.71484375,2396.0,0.0,4059.0,963.0,1123.0,45.531,45.531
365.298,train:DC1,97.7,412.21875,17.6,2254.98828125,2398.0,0.0,4019.0,963.0,1123.0,45.218,45.343
365.799,train:DC1,99.7,406.1015625,17.0,2241.43359375,2394.0,0.0,4019.0,963.0,1123.0,45.218,45.312
366.301,train:DC1,99.7,392.38671875,21.4,2231.32421875,2394.0,0.0,4093.0,1003.0,1123.0,45.25,45.25
366.803,train:DC1,99.6,380.6015625,17.0,2229.56640625,2389.0,0.0,4052.0,1003.0,1123.0,45.406,45.406
367.304,train:DC1,97.8,363.01953125,17.0,2224.953125,2384.0,0.0,4019.0,963.0,1123.0,45.125,45.281
367.805,train:DC2,101.7,381.65234375,17.5,2224.46484375,2378.0,0.0,4019.0,963.0,1123.0,45.312,45.312
368.306,train:DC2,97.8,370.57421875,17.0,2231.421875,2387.0,0.0,4019.0,963.0,1123.0,45.218,45.343
368.808,train:DC2,99.7,360.2890625,16.8,2207.69140625,2378.0,0.0,4059.0,963.0,1123.0,45.187,45.312
369.309,train:DC2,99.7,340.3203125,21.3,2202.0859375,2374.0,0.0,4059.0,963.0,1123.0,45.062,45.312
369.812,train:DC2,99.5,421.3515625,17.5,2256.234375,2366.0,0.0,4133.0,1003.0,1123.0,45.281,45.281
370.314,train:DC2,97.6,421.3515625,17.0,2257.53125,2358.0,0.0,4059.0,963.0,1123.0,45.375,45.375
370.816,train:DC2,99.7,421.3515625,16.8,2253.7109375,2366.0,0.0,4059.0,963.0,1123.0,45.187,45.218
371.317,train:DC2,99.7,421.3515625,17.3,2251.77734375,2351.0,0.0,4019.0,963.0,1123.0,45.187,45.406
371.819,train:DC2,97.7,404.45703125,17.3,2238.09765625,2332.0,0.0,4019.0,963.0,1123.0,45.281,45.406
372.320,train:DC3,99.7,421.3515625,21.4,2253.83203125,2353.0,0.0,4019.0,963.0,1123.0,45.125,45.437
372.822,train:DC3,99.6,421.3515625,17.0,2257.578125,2338.0,0.0,4093.0,1003.0,1123.0,45.093,45.281
373.323,train:DC3,99.7,419.1015625,17.0,2254.984375,2331.0,0.0,4059.0,963.0,1123.0,45.281,45.281
373.825,train:DC3,99.7,412.6015625,17.0,2242.94140625,2386.0,0.0,4059.0,963.0,1123.0,45.375,45.375
374.326,train:DC3,97.8,406.1015625,17.3,2243.45703125,2390.0,0.0,4099.0,963.0,1123.0,45.156,45.343
374.827,train:DC3,99.7,393.1015625,16.7,2226.6953125,2389.0,0.0,4093.0,963.0,1123.0,45.125,45.312
375.329,train:DC3,99.7,380.6015625,21.6,2229.58984375,2389.0,0.0,4059.0,963.0,1123.0,45.125,45.406
375.831,train:DC3,99.6,366.37109375,17.1,2212.75390625,2384.0,0.0,4093.0,1003.0,1123.0,45.531,45.531
376.332,train:DC4,97.7,385.44140625,17.0,2231.70703125,2373.0,0.0,4019.0,963.0,1123.0,45.343,45.187
376.834,train:DC4,99.7,374.4765625,17.3,2222.99609375,2386.0,0.0,4019.0,963.0,1123.0,45.375,45.375
377.335,train:DC4,101.7,362.2890625,16.7,2216.06640625,2382.0,0.0,4019.0,963.0,1123.0,45.156,45.25
377.836,train:DC4,97.8,342.1953125,17.0,2194.48046875,2381.0,0.0,4019.0,963.0,1123.0,45.25,45.281
378.338,train:DC4,97.6,421.3515625,21.0,2251.17578125,2374.0,0.0,4019.0,963.0,1123.0,45.093,45.312
378.840,train:DC4,99.6,421.3515625,17.3,2250.1328125,2364.0,0.0,4093.0,1003.0,1123.0,45.093,45.187
379.342,train:DC4,99.7,421.3671875,17.3,2250.6484375,2367.0,0.0,4059.0,963.0,1123.0,45.406,45.406
379.843,train:DC4,99.7,421.3671875,17.1,2247.1328125,2365.0,0.0,4059.0,963.0,1123.0,45.125,45.156
380.345,train:DC4,99.6,404.47265625,17.3,2233.828125,2365.0,0.0,4059.0,963.0,1123.0,45.218,45.25
380.847,train:DC5,99.7,421.3671875,17.0,2252.078125,2368.0,0.0,4059.0,963.0,1123.0,45.281,45.281
381.348,train:DC5,97.7,421.3671875,17.4,2250.1015625,2366.0,0.0,4059.0,963.0,1123.0,45.187,45.406
381.849,train:DC5,99.7,419.1171875,21.2,2249.0625,2365.0,0.0,4133.0,1043.0,1123.0,45.25,45.312
382.351,train:DC5,99.6,412.66796875,17.3,2239.703125,2354.0,0.0,4059.0,963.0,1123.0,45.156,45.312
382.853,train:DC5,99.7,408.1171875,17.3,2235.48828125,2336.0,0.0,4059.0,963.0,1123.0,45.125,45.218
383.355,train:DC5,99.5,397.6171875,16.9,2230.3203125,2341.0,0.0,4059.0,963.0,1123.0,45.125,45.25
383.857,train:DC5,97.7,385.74609375,17.3,2228.71484375,2377.0,0.0,4059.0,963.0,1123.0,45.062,45.281
384.358,train:DC5,99.8,367.015625,16.7,2217.79296875,2383.0,0.0,4019.0,963.0,1123.0,45.25,45.25
384.859,train:DC6,99.7,386.8671875,21.7,2231.8359375,2362.0,0.0,4133.0,1043.0,1123.0,45.437,45.437
385.361,train:DC6,99.6,374.4921875,17.5,2225.80078125,2379.0,0.0,4093.0,1003.0,1123.0,45.156,45.312
385.863,train:DC6,97.7,362.3046875,17.3,2205.7890625,2378.0,0.0,4099.0,963.0,1123.0,45.156,45.281
386.364,train:DC6,97.7,346.296875,17.1,2195.4296875,2377.0,0.0,4059.0,963.0,1123.0,45.093,45.218
386.866,train:DC6,99.7,421.3671875,17.5,2247.4375,2379.0,0.0,4019.0,963.0,1123.0,45.375,45.375
387.367,train:DC6,99.7,421.3671875,16.8,2246.8828125,2378.0,0.0,4019.0,963.0,1123.0,45.125,45.218
387.868,train:DC6,99.7,421.3671875,21.9,2249.875,2367.0,0.0,4133.0,1043.0,1123.0,45.218,45.218
388.370,train:DC6,99.6,421.3671875,16.7,2248.63671875,2364.0,0.0,4059.0,1003.0,1123.0,45.343,45.343
388.872,train:DC6,97.7,404.47265625,17.0,2227.9453125,2359.0,0.0,4019.0,963.0,1123.0,45.25,45.406
389.374,train:DC1,101.7,421.3671875,17.3,2247.52734375,2371.0,0.0,4019.0,963.0,1123.0,45.125,45.281
389.875,train:DC1,97.8,421.3671875,16.8,2242.6640625,2362.0,0.0,4019.0,963.0,1123.0,45.125,45.187
390.376,train:DC1,97.8,419.1171875,17.0,2241.1796875,2357.0,0.0,4059.0,963.0,1123.0,45.281,45.281
390.877,train:DC1,99.7,412.6171875,22.1,2235.17578125,2359.0,0.0,4173.0,1041.0,1123.0,45.531,45.531
391.380,train:DC1,99.6,406.1171875,17.0,2230.6328125,2357.0,0.0,4093.0,1003.0,1123.0,45.156,45.187
391.881,train:DC1,99.7,393.1171875,17.3,2228.89453125,2344.0,0.0,4059.0,963.0,1123.0,45.187,45.218
392.383,train:DC1,99.7,380.6171875,17.0,2227.41796875,2326.0,0.0,4019.0,963.0,1123.0,45.156,45.406
392.884,train:DC1,99.7,363.6015625,17.0,2209.55859375,2382.0,0.0,4019.0,963.0,1123.0,45.218,45.218
393.386,train:DC2,99.7,382.10546875,17.3,2226.48046875,2333.0,0.0,4019.0,963.0,1123.0,45.125,45.375
393.887,train:DC2,97.7,368.3671875,21.9,2214.59765625,2314.0,0.0,4213.0,1041.0,1121.0,45.406,45.406
394.389,train:DC2,99.6,354.296875,17.3,2205.30859375,2378.0,0.0,4093.0,1003.0,1123.0,45.437,45.437
394.891,train:DC2,99.6,340.3359375,16.9,2187.625,2381.0,0.0,4059.0,963.0,1123.0,45.218,45.312
395.393,train:DC2,97.6,421.3671875,17.5,2247.96875,2379.0,0.0,4019.0,963.0,1123.0,45.156,45.375
395.894,train:DC2,101.7,421.3671875,17.0,2244.375,2376.0,0.0,4059.0,963.0,1123.0,45.125,45.187
396.396,train:DC2,97.7,421.3671875,17.1,2247.44140625,2379.0,0.0,4059.0,963.0,1123.0,45.5,45.5
396.897,train:DC2,99.7,421.3671875,22.5,2251.20703125,2383.0,0.0,4133.0,1003.0,1123.0,45.343,45.343
397.399,train:DC2,99.6,404.47265625,17.1,2229.91796875,2361.0,0.0,4052.0,1003.0,1123.0,45.281,45.312
397.901,train:DC3,97.7,421.3671875,17.5,2249.734375,2381.0,0.0,4019.0,963.0,1123.0,45.031,45.25
398.402,train:DC3,99.7,421.3671875,17.0,2244.93359375,2376.0,0.0,4019.0,963.0,1123.0,45.093,45.281
398.904,train:DC3,99.7,419.1171875,16.4,2243.328125,2367.0,0.0,4019.0,963.0,1123.0,45.187,45.281
399.405,train:DC3,99.7,412.6171875,17.5,2236.921875,2362.0,0.0,4019.0,963.0,1123.0,45.312,45.312
399.907,train:DC3,99.7,406.1171875,19.5,2236.2734375,2355.0,0.0,4019.0,963.0,1123.0,45.406,45.406
400.409,train:DC3,97.6,393.1171875,19.7,2232.48046875,2364.0,0.0,4052.0,1003.0,1123.0,45.125,45.156
400.910,train:DC3,101.6,380.6171875,17.5,2226.765625,2354.0,0.0,4019.0,963.0,1123.0,45.093,45.281
401.412,train:DC3,97.7,366.38671875,16.8,2220.08203125,2345.0,0.0,4059.0,963.0,1123.0,45.125,45.281
401.913,train:DC4,99.7,385.18359375,17.3,2221.48046875,2353.0,0.0,4059.0,963.0,1123.0,45.406,45.437
402.415,train:DC4,99.7,372.80859375,17.3,2224.00390625,2351.0,0.0,4059.0,963.0,1123.0,45.25,45.156
402.916,train:DC4,97.7,362.3046875,16.7,2210.2265625,2334.0,0.0,4019.0,963.0,1123.0,45.218,45.468
403.418,train:DC4,99.7,340.3359375,21.6,2193.578125,2325.0,0.0,4093.0,1003.0,1123.0,45.093,45.343
403.920,train:DC4,99.7,421.3671875,16.7,2249.68359375,2325.0,0.0,4093.0,1003.0,1123.0,45.093,45.343
404.421,train:DC4,99.7,421.3671875,17.0,2248.4453125,2381.0,0.0,4059.0,963.0,1123.0,45.093,45.375
404.922,train:DC4,99.7,421.3671875,17.0,2251.51953125,2380.0,0.0,4019.0,963.0,1123.0,45.156,45.281
405.424,train:DC4,97.7,421.3671875,17.3,2250.03515625,2383.0,0.0,4019.0,963.0,1125.0,45.281,45.281
405.925,train:DC4,99.7,404.47265625,17.5,2232.578125,2381.0,0.0,4019.0,963.0,1125.0,45.218,45.218
406.427,train:DC5,99.7,421.3671875,21.5,2244.98828125,2364.0,0.0,4019.0,963.0,1125.0,45.187,45.375
406.929,train:DC5,97.6,421.3671875,16.9,2251.0859375,2376.0,0.0,4093.0,1003.0,1123.0,45.187,45.25
407.430,train:DC5,101.7,419.1171875,18.0,2253.8359375,2382.0,0.0,4099.0,963.0,1123.0,45.343,45.281
407.932,train:DC5,99.7,410.6171875,17.3,2261.9609375,2385.0,0.0,4059.0,963.0,1123.0,45.312,45.312
408.434,train:DC5,97.6,404.1171875,17.3,2263.53125,2397.0,0.0,4059.0,963.0,1123.0,45.125,45.437
408.935,train:DC5,99.7,392.51171875,17.0,2251.671875,2395.0,0.0,4059.0,963.0,1123.0,45.093,45.375
409.437,train:DC5,99.7,376.4921875,21.6,2258.6796875,2385.0,0.0,4059.0,963.0,1123.0,45.156,45.406
409.939,train:DC5,97.6,361.41015625,17.3,2228.25,2395.0,0.0,4093.0,1003.0,1123.0,45.125,45.25
410.441,train:DC6,99.7,380.6171875,17.1,2249.0859375,2379.0,0.0,4059.0,963.0,1123.0,45.218,45.312
410.942,train:DC6,101.7,368.3671875,17.3,2232.8984375,2385.0,0.0,4019.0,963.0,1123.0,45.281,45.281
411.443,train:DC6,95.7,354.296875,17.3,2228.13671875,2378.0,0.0,4019.0,963.0,1123.0,45.125,45.281
411.953,train:DC6,102.0,340.3359375,16.9,2209.875,2380.0,0.0,4059.0,963.0,1123.0,45.093,45.25
412.458,train:DC6,99.1,421.3671875,21.9,2266.390625,2363.0,0.0,4059.0,963.0,1123.0,45.093,45.187
412.960,train:DC6,97.6,421.3671875,16.7,2266.91796875,2348.0,0.0,4133.0,1003.0,1123.0,45.406,45.406
413.462,train:DC6,99.7,421.3671875,17.0,2262.94140625,2398.0,0.0,4059.0,1003.0,1123.0,45.187,45.218
413.963,train:DC6,99.6,421.3671875,16.7,2263.8046875,2394.0,0.0,4059.0,963.0,1123.0,45.406,45.468
414.465,train:DC6,97.7,404.47265625,17.5,2250.0625,2395.0,0.0,4059.0,963.0,1123.0,45.156,45.281
414.966,train:DC1,99.7,421.3671875,16.7,2261.9296875,2381.0,0.0,4059.0,963.0,1123.0,45.343,45.343
415.468,train:DC1,99.7,419.1171875,21.6,2258.59765625,2393.0,0.0,4019.0,963.0,1123.0,45.218,45.25
415.970,train:DC1,99.6,412.6171875,17.3,2245.953125,2390.0,0.0,4133.0,1043.0,1123.0,45.218,45.406
416.472,train:DC1,99.7,406.1171875,17.0,2241.48046875,2392.0,0.0,4059.0,963.0,1123.0,45.375,45.437
416.973,train:DC1,97.7,393.1171875,17.3,2242.8125,2388.0,0.0,4059.0,963.0,1123.0,45.156,45.312
417.475,train:DC1,99.7,380.6171875,17.1,2238.8359375,2376.0,0.0,4099.0,963.0,1123.0,45.187,45.25
417.977,train:DC1,99.7,368.3671875,18.6,2224.796875,2375.0,0.0,4059.0,963.0,1123.0,45.125,45.218
418.479,train:DC1,99.6,348.359375,21.0,2203.90234375,2369.0,0.0,4059.0,963.0,1123.0,45.343,45.343
418.980,train:DC2,99.6,362.3046875,17.9,2214.97265625,2362.0,0.0,4133.0,1003.0,1123.0,45.218,45.312
419.482,train:DC2,97.6,346.296875,17.0,2195.64453125,2367.0,0.0,4059.0,963.0,1123.0,45.187,45.375
419.984,train:DC2,99.6,421.3671875,17.1,2249.046875,2367.0,0.0,4059.0,963.0,1123.0,45.125,45.406
420.486,train:DC2,99.6,421.3671875,17.2,2245.5234375,2364.0,0.0,4059.0,963.0,1123.0,45.468,45.281
420.988,train:DC2,99.6,421.3671875,17.3,2242.875,2312.0,0.0,4059.0,963.0,1123.0,44.968,45.25
421.490,train:DC2,99.6,421.3671875,17.0,2241.03125,2318.0,0.0,4019.0,963.0,1123.0,45.125,45.187
421.992,train:DC2,99.7,421.3671875,21.6,2246.14453125,2372.0,0.0,4133.0,1043.0,1123.0,45.375,45.375
422.494,train:DC2,99.6,414.13671875,17.3,2239.46875,2378.0,0.0,4059.0,1003.0,1123.0,45.156,45.375
423.005,train:DC2,99.8,402.64453125,17.0,2228.37109375,2371.0,0.0,4093.0,963.0,1123.0,45.281,45.343
423.507,train:DC3,97.6,419.1171875,17.0,2239.05859375,2360.0,0.0,4059.0,963.0,1123.0,45.218,45.25
424.008,train:DC3,99.7,410.6171875,17.0,2229.65625,2369.0,0.0,4019.0,963.0,1123.0,45.406,45.406
424.511,train:DC3,101.6,401.6171875,17.5,2234.4921875,2377.0,0.0,4059.0,963.0,1123.0,45.218,45.218
425.013,train:DC3,95.6,386.8671875,21.4,2230.1796875,2369.0,0.0,4213.0,1041.0,1123.0,45.375,45.375
425.515,train:DC3,99.6,374.4921875,17.0,2225.41796875,2369.0,0.0,4099.0,1003.0,1123.0,45.156,45.343
426.016,train:DC3,99.7,362.3046875,17.6,2205.3515625,2369.0,0.0,4059.0,963.0,1123.0,45.156,45.312
426.518,train:DC3,101.6,346.296875,16.9,2197.65234375,2362.0,0.0,4019.0,963.0,1123.0,45.031,45.343
427.020,train:DC3,97.7,421.3671875,16.8,2234.91015625,2366.0,0.0,4019.0,963.0,1123.0,45.156,45.312
427.522,train:DC4,99.6,346.296875,18.1,2184.625,2350.0,0.0,4019.0,963.0,1125.0,45.343,45.343
428.024,train:DC4,99.7,421.3671875,21.6,2241.6796875,2357.0,0.0,4093.0,1003.0,1123.0,45.25,45.343
428.526,train:DC4,99.6,421.3671875,17.0,2236.15625,2366.0,0.0,4093.0,1003.0,1123.0,45.125,45.437
429.027,train:DC4,99.7,421.3671875,17.0,2236.09375,2351.0,0.0,4059.0,1003.0,1123.0,45.187,45.25
429.529,train:DC4,97.6,421.3671875,17.0,2236.4921875,2337.0,0.0,4059.0,963.0,1123.0,45.375,45.468
430.031,train:DC4,99.6,421.3671875,17.6,2235.4375,2322.0,0.0,4059.0,963.0,1123.0,45.156,45.187
430.533,train:DC4,97.6,419.1171875,16.7,2232.59375,2367.0,0.0,4059.0,963.0,1123.0,45.187,45.5
431.034,train:DC4,99.7,408.1171875,21.9,2225.76171875,2363.0,0.0,4059.0,963.0,1123.0,45.125,45.343
431.536,train:DC4,99.6,393.70703125,16.7,2234.484375,2365.0,0.0,4099.0,1003.0,1123.0,45.25,45.406
432.038,train:DC5,99.7,408.1171875,17.6,2224.12890625,2366.0,0.0,4059.0,963.0,1123.0,45.187,45.187
432.540,train:DC5,99.6,399.6171875,16.4,2232.13671875,2363.0,0.0,4019.0,963.0,1125.0,45.25,45.406
433.041,train:DC5,99.7,386.8671875,17.6,2224.73046875,2363.0,0.0,4059.0,963.0,1123.0,45.5,45.5
433.543,train:DC5,99.6,374.4921875,17.0,2219.9453125,2364.0,0.0,4019.0,963.0,1125.0,45.218,45.343
434.045,train:DC5,99.7,362.3046875,21.9,2202.05859375,2364.0,0.0,4019.0,963.0,1125.0,45.187,45.312
434.547,train:DC5,97.6,346.296875,17.0,2194.265625,2366.0,0.0,4059.0,1003.0,1123.0,45.187,45.343
435.049,train:DC5,99.6,421.3671875,17.0,2234.69921875,2363.0,0.0,4019.0,963.0,1123.0,45.437,45.437
435.551,train:DC5,99.6,421.3671875,17.0,2234.30859375,2355.0,0.0,4059.0,963.0,1123.0,45.093,45.218
436.053,train:DC5,99.7,404.47265625,17.0,2227.73828125,2359.0,0.0,4019.0,963.0,1123.0,45.375,45.406
436.555,train:DC6,97.6,421.3671875,16.7,2233.30078125,2357.0,0.0,4019.0,963.0,1123.0,45.156,45.375
437.056,train:DC6,99.7,421.3671875,21.6,2233.2109375,2357.0,0.0,4019.0,963.0,1123.0,45.187,45.281
437.559,train:DC6,99.6,421.3671875,16.7,2233.609375,2353.0,0.0,4093.0,1003.0,1123.0,45.093,45.25
438.061,train:DC6,99.6,421.3671875,17.5,2234.01171875,2340.0,0.0,4093.0,963.0,1123.0,45.343,45.343
438.562,train:DC6,99.6,419.1171875,16.7,2230.45703125,2333.0,0.0,4059.0,963.0,1123.0,45.437,45.437
439.064,train:DC6,99.7,408.1171875,17.3,2226.94140625,2313.0,0.0,4019.0,963.0,1125.0,45.125,45.343
439.566,train:DC6,97.6,399.6171875,16.7,2231.24609375,2366.0,0.0,4019.0,963.0,1125.0,45.218,45.25
440.068,train:DC6,101.7,381.51953125,19.1,2218.45703125,2363.0,0.0,4019.0,963.0,1125.0,45.25,45.25
440.570,train:DC1,99.6,399.6171875,19.8,2223.59765625,2357.0,0.0,4093.0,1003.0,1123.0,45.531,45.531
441.072,train:DC1,99.6,386.8671875,16.7,2232.12109375,2370.0,0.0,4099.0,963.0,1123.0,45.156,45.187
441.573,train:DC1,97.7,374.4921875,17.5,2218.78515625,2363.0,0.0,4059.0,963.0,1123.0,45.281,45.281
442.075,train:DC1,99.6,362.3046875,16.7,2198.015625,2363.0,0.0,4019.0,963.0,1123.0,45.125,45.281
442.577,train:DC1,99.7,340.3359375,17.5,2184.0,2368.0,0.0,4019.0,963.0,1125.0,45.156,45.281
443.078,train:DC1,97.7,421.3671875,17.1,2231.609375,2361.0,0.0,4019.0,963.0,1125.0,45.125,45.406
443.580,train:DC1,99.6,421.3671875,21.9,2232.546875,2364.0,0.0,4133.0,1003.0,1123.0,45.281,45.406
444.082,train:DC1,99.6,421.3671875,17.0,2234.328125,2358.0,0.0,4059.0,963.0,1123.0,45.218,45.375
444.584,train:DC1,99.6,404.47265625,16.4,2223.90234375,2355.0,0.0,4019.0,963.0,1123.0,45.218,45.312
445.086,train:DC2,99.7,421.3671875,17.5,2234.75390625,2358.0,0.0,4019.0,963.0,1123.0,45.156,45.25
445.588,train:DC2,99.6,421.3671875,17.3,2231.7421875,2355.0,0.0,4019.0,963.0,1123.0,45.312,45.312
446.089,train:DC2,99.7,421.3671875,17.0,2233.1328125,2357.0,0.0,4019.0,963.0,1123.0,45.406,45.406
446.591,train:DC2,97.7,414.2421875,21.1,2226.41796875,2345.0,0.0,4133.0,1043.0,1123.0,45.187,45.375
447.093,train:DC2,99.6,408.1171875,17.8,2226.765625,2333.0,0.0,4059.0,963.0,1123.0,45.125,45.312
447.595,train:DC2,97.7,399.03125,16.5,2227.16796875,2318.0,0.0,4059.0,963.0,1123.0,45.125,45.25
448.096,train:DC2,99.7,385.48046875,17.3,2225.0625,2366.0,0.0,4059.0,963.0,1123.0,45.125,45.406
448.598,train:DC2,99.7,366.38671875,17.3,2207.01171875,2364.0,0.0,4059.0,963.0,1123.0,45.187,45.187
449.100,train:DC3,99.7,386.8671875,16.7,2227.98828125,2310.0,0.0,4019.0,963.0,1123.0,45.312,45.375
449.602,train:DC3,99.6,370.94921875,21.3,2212.0390625,2368.0,0.0,4133.0,1043.0,1123.0,45.218,45.343
450.104,train:DC3,99.6,356.296875,16.7,2197.53515625,2365.0,0.0,4059.0,1003.0,1123.0,45.125,45.343
450.607,train:DC3,99.5,340.3359375,17.5,2182.71484375,2366.0,0.0,4059.0,963.0,1123.0,45.25,45.281
451.108,train:DC3,97.7,421.3671875,16.4,2235.3125,2367.0,0.0,4019.0,963.0,1123.0,45.375,45.375
451.610,train:DC3,99.7,421.3671875,17.8,2239.984375,2371.0,0.0,4019.0,963.0,1123.0,45.187,45.406
452.111,train:DC3,97.7,421.3671875,16.7,2236.5234375,2360.0,0.0,4059.0,963.0,1123.0,45.187,45.375
452.613,train:DC3,101.6,421.3671875,21.4,2237.9375,2362.0,0.0,4133.0,1041.0,1123.0,45.187,45.218
453.116,train:DC3,99.5,404.47265625,17.0,2223.25,2355.0,0.0,4059.0,1003.0,1123.0,45.437,45.312
453.618,train:DC4,97.6,421.3671875,17.0,2236.93359375,2356.0,0.0,4059.0,963.0,1123.0,45.187,45.187
454.119,train:DC4,99.7,419.1171875,16.9,2237.140625,2353.0,0.0,4019.0,963.0,1123.0,45.156,45.218
454.621,train:DC4,99.7,412.6171875,18.2,2229.6328125,2361.0,0.0,4019.0,963.0,1123.0,45.312,45.343
455.123,train:DC4,99.6,406.1171875,17.3,2229.94921875,2353.0,0.0,4019.0,963.0,1123.0,45.156,45.312
455.624,train:DC4,99.7,393.1171875,21.1,2234.75390625,2344.0,0.0,4093.0,1003.0,1123.0,45.125,45.375
456.127,train:DC4,99.6,380.6171875,16.7,2226.78515625,2321.0,0.0,4059.0,1003.0,1123.0,45.125,45.312
456.628,train:DC4,97.7,368.3671875,17.0,2214.5546875,2374.0,0.0,4059.0,963.0,1123.0,45.437,45.468
457.130,train:DC4,99.7,347.51171875,17.0,2192.046875,2374.0,0.0,4059.0,963.0,1123.0,45.156,45.437
457.631,train:DC5,99.7,368.3671875,17.3,2215.03125,2314.0,0.0,4059.0,963.0,1123.0,45.218,45.375
458.133,train:DC5,99.7,354.296875,17.0,2195.4609375,2375.0,0.0,4059.0,963.0,1123.0,45.281,45.343
458.634,train:DC5,99.7,421.3671875,20.7,2245.453125,2376.0,0.0,4059.0,963.0,1123.0,45.437,45.437
459.136,train:DC5,97.7,421.3671875,17.3,2245.03125,2376.0,0.0,4099.0,1003.0,1123.0,45.25,45.281
459.638,train:DC5,99.6,421.3671875,17.6,2240.83203125,2372.0,0.0,4059.0,963.0,1123.0,45.218,45.25
460.139,train:DC5,97.7,421.3671875,16.9,2241.68359375,2373.0,0.0,4019.0,963.0,1123.0,45.187,45.5
460.641,train:DC5,99.7,421.3671875,17.6,2241.875,2365.0,0.0,4019.0,963.0,1123.0,45.156,45.312
461.142,train:DC5,99.7,419.1171875,16.7,2242.421875,2358.0,0.0,4019.0,963.0,1123.0,45.031,45.343
461.644,train:DC5,97.7,402.64453125,17.1,2228.80078125,2360.0,0.0,4059.0,963.0,1123.0,45.156,45.406
462.146,train:DC6,101.6,417.1171875,21.3,2233.76953125,2365.0,0.0,4093.0,1003.0,1123.0,45.25,45.25
462.648,train:DC6,99.5,408.1171875,16.7,2233.53125,2357.0,0.0,4059.0,963.0,1123.0,45.531,45.531
463.150,train:DC6,97.6,399.6171875,17.3,2226.8828125,2358.0,0.0,4059.0,963.0,1123.0,45.125,45.281
463.652,train:DC6,99.7,386.8671875,17.3,2234.90234375,2362.0,0.0,4059.0,963.0,1123.0,45.125,45.406
464.153,train:DC6,99.7,374.4921875,17.3,2226.80859375,2349.0,0.0,4059.0,963.0,1123.0,45.218,45.343
464.655,train:DC6,99.7,362.3046875,17.1,2211.1015625,2333.0,0.0,4059.0,963.0,1123.0,45.187,45.312
465.156,train:DC6,97.7,340.3359375,21.6,2185.60546875,2333.0,0.0,4093.0,1003.0,1123.0,45.281,45.25
465.658,train:DC6,99.6,421.3671875,17.0,2242.36328125,2374.0,0.0,4059.0,1003.0,1123.0,45.468,45.468
466.159,train:DC1,99.7,340.3359375,17.3,2183.52734375,2315.0,0.0,4019.0,963.0,1123.0,45.156,45.406
466.661,train:DC1,99.7,421.3671875,16.7,2243.7578125,2315.0,0.0,4019.0,963.0,1123.0,45.156,45.406
467.162,train:DC1,97.7,421.3671875,17.6,2244.203125,2375.0,0.0,4059.0,963.0,1123.0,45.281,45.312
467.664,train:DC1,99.6,421.3671875,17.3,2244.6015625,2376.0,0.0,4059.0,963.0,1123.0,45.156,45.312
468.166,train:DC1,99.6,421.3671875,21.6,2249.79296875,2376.0,0.0,4059.0,963.0,1123.0,45.437,45.406
468.668,train:DC1,97.6,421.3671875,17.0,2246.26171875,2381.0,0.0,4093.0,1003.0,1123.0,45.468,45.468
469.170,train:DC1,99.6,412.625,17.0,2233.5859375,2378.0,0.0,4059.0,963.0,1123.0,45.281,45.281
469.671,train:DC1,99.7,406.625,17.3,2230.0859375,2373.0,0.0,4059.0,963.0,1123.0,45.156,45.406
470.173,train:DC1,99.7,392.08203125,17.5,2224.66015625,2361.0,0.0,4059.0,963.0,1123.0,45.125,45.312
470.674,train:DC2,97.7,408.1171875,17.3,2229.0078125,2356.0,0.0,4019.0,963.0,1123.0,45.031,45.25
471.176,train:DC2,101.6,393.99609375,21.3,2227.05859375,2364.0,0.0,4019.0,963.0,1123.0,45.25,45.218
471.678,train:DC2,99.6,380.6484375,17.9,2223.45703125,2360.0,0.0,4093.0,1003.0,1123.0,45.375,45.375
472.180,train:DC2,97.6,368.3671875,17.0,2212.62109375,2355.0,0.0,4059.0,963.0,1123.0,45.156,45.375
472.681,train:DC2,99.7,354.296875,17.5,2193.7421875,2353.0,0.0,4019.0,963.0,1123.0,45.125,45.406
473.188,train:DC2,98.6,340.3359375,17.7,2186.6640625,2345.0,0.0,4019.0,963.0,1123.0,45.062,45.25
473.693,train:DC2,101.0,421.3671875,16.7,2251.23046875,2334.0,0.0,4019.0,963.0,1123.0,45.375,45.343
474.195,train:DC2,97.7,421.3671875,22.1,2250.02734375,2316.0,0.0,4059.0,963.0,1123.0,45.125,45.187
474.697,train:DC2,97.6,404.47265625,17.8,2236.45703125,2381.0,0.0,4133.0,1043.0,1123.0,45.281,45.375
475.199,train:DC3,99.7,421.3671875,16.8,2252.40625,2324.0,0.0,4059.0,1003.0,1123.0,45.218,45.312
475.700,train:DC3,97.7,421.3671875,17.3,2256.72265625,2384.0,0.0,4019.0,963.0,1123.0,45.156,45.281
476.201,train:DC3,99.7,421.3671875,17.0,2250.91015625,2388.0,0.0,4019.0,963.0,1123.0,45.156,45.218
476.703,train:DC3,99.8,419.1171875,17.0,2247.42578125,2382.0,0.0,4019.0,963.0,1123.0,45.125,45.281
477.204,train:DC3,99.7,412.6171875,21.7,2245.52734375,2387.0,0.0,4019.0,963.0,1123.0,45.406,45.406
477.706,train:DC3,97.6,406.1171875,17.8,2242.01171875,2385.0,0.0,4173.0,1041.0,1123.0,45.406,45.406
478.208,train:DC3,101.6,390.5078125,18.7,2231.1796875,2381.0,0.0,4093.0,1003.0,1123.0,45.187,45.281
478.710,train:DC3,99.6,371.3984375,17.0,2216.375,2367.0,0.0,4059.0,963.0,1123.0,45.218,45.406
479.211,train:DC4,97.7,391.9609375,17.0,2223.09765625,2361.0,0.0,4059.0,963.0,1123.0,45.062,45.468
479.713,train:DC4,97.7,379.4921875,17.3,2224.42578125,2370.0,0.0,4059.0,963.0,1123.0,45.093,45.218
480.214,train:DC4,101.7,366.77734375,18.7,2212.23828125,2360.0,0.0,4059.0,963.0,1123.0,45.031,45.25
480.716,train:DC4,97.7,346.296875,20.3,2188.0625,2360.0,0.0,4133.0,1043.0,1123.0,45.25,45.25
481.218,train:DC4,99.6,421.3671875,17.5,2244.609375,2360.0,0.0,4059.0,1003.0,1123.0,45.343,45.343
481.719,train:DC4,99.7,421.3671875,17.0,2241.07421875,2352.0,0.0,4019.0,963.0,1123.0,45.125,45.281
482.220,train:DC4,99.7,421.3671875,17.0,2244.1015625,2339.0,0.0,4019.0,963.0,1123.0,45.218,45.343
482.722,train:DC4,97.7,421.3671875,17.0,2240.609375,2319.0,0.0,4059.0,963.0,1123.0,45.156,45.25
483.223,train:DC4,99.7,404.47265625,17.6,2227.3046875,2372.0,0.0,4059.0,963.0,1123.0,45.125,45.312
483.724,train:DC5,99.7,421.3671875,21.3,2243.77734375,2328.0,0.0,4133.0,1043.0,1123.0,45.156,45.156
484.226,train:DC5,99.6,421.3671875,17.3,2240.29296875,2343.0,0.0,4059.0,1003.0,1123.0,45.156,45.343
484.728,train:DC5,97.7,419.1171875,16.7,2235.453125,2372.0,0.0,4093.0,963.0,1123.0,45.375,45.375
485.230,train:DC5,99.7,408.1171875,17.9,2228.03125,2375.0,0.0,4093.0,963.0,1123.0,45.218,45.468
485.731,train:DC5,99.7,399.6171875,16.7,2227.3984375,2371.0,0.0,4059.0,963.0,1123.0,45.281,45.281
486.232,train:DC5,97.7,386.8671875,17.3,2223.9140625,2374.0,0.0,4019.0,963.0,1123.0,45.312,45.312
486.734,train:DC5,99.7,374.4921875,21.3,2216.3203125,2370.0,0.0,4093.0,1003.0,1123.0,45.312,45.312
487.236,train:DC5,97.6,356.484375,17.3,2203.76171875,2372.0,0.0,4059.0,1003.0,1123.0,45.0,45.218
487.737,train:DC6,101.7,374.4921875,17.0,2216.5546875,2366.0,0.0,4059.0,963.0,1123.0,45.125,45.187
488.239,train:DC6,99.7,362.3046875,17.6,2203.375,2372.0,0.0,4019.0,963.0,1123.0,45.25,45.281
488.740,train:DC6,97.7,346.296875,16.4,2185.7890625,2360.0,0.0,4019.0,963.0,1123.0,45.375,45.406
489.241,train:DC6,97.7,421.3671875,17.9,2238.5546875,2355.0,0.0,4019.0,963.0,1123.0,45.187,45.468
489.743,train:DC6,99.7,421.3671875,21.6,2242.01171875,2357.0,0.0,4099.0,963.0,1123.0,45.218,45.437
490.245,train:DC6,99.6,421.3671875,17.3,2242.52734375,2354.0,0.0,4093.0,1003.0,1123.0,45.062,45.281
490.747,train:DC6,99.7,421.3671875,16.7,2236.03515625,2349.0,0.0,4099.0,963.0,1123.0,45.406,45.406
491.248,train:DC6,99.7,421.3671875,17.3,2240.671875,2336.0,0.0,4059.0,963.0,1123.0,45.125,45.218
491.750,train:DC6,97.7,404.47265625,17.3,2228.859375,2313.0,0.0,4059.0,963.0,1123.0,45.187,45.375
492.251,train:DC1,99.7,421.3671875,16.8,2243.06640625,2336.0,0.0,4019.0,963.0,1123.0,45.25,45.343
492.752,train:DC1,99.7,414.1953125,21.3,2229.67578125,2318.0,0.0,4059.0,963.0,1123.0,45.218,45.406
493.254,train:DC1,99.6,408.1171875,17.3,2225.109375,2375.0,0.0,4093.0,1003.0,1123.0,45.125,45.281
493.756,train:DC1,99.7,396.08203125,16.9,2227.3671875,2371.0,0.0,4059.0,963.0,1123.0,45.125,45.156
494.257,train:DC1,99.7,382.42578125,17.3,2223.890625,2374.0,0.0,4019.0,963.0,1123.0,45.375,45.375
494.759,train:DC1,97.8,368.3671875,16.7,2209.66796875,2371.0,0.0,4019.0,963.0,1123.0,45.125,45.25
495.260,train:DC1,99.7,354.296875,17.6,2194.12890625,2374.0,0.0,4059.0,963.0,1123.0,45.187,45.25
495.773,train:DC1,99.3,340.3359375,20.5,2180.4921875,2370.0,0.0,4059.0,963.0,1123.0,45.125,45.406
496.278,train:DC2,99.0,361.48046875,16.9,2205.61328125,2357.0,0.0,4093.0,1003.0,1123.0,45.125,45.343
496.780,train:DC2,99.7,340.3359375,17.1,2177.671875,2369.0,0.0,4059.0,963.0,1123.0,45.187,45.25
497.281,train:DC2,99.7,421.3671875,16.7,2237.88671875,2361.0,0.0,4019.0,963.0,1123.0,45.156,45.281
497.783,train:DC2,99.7,421.3671875,17.3,2244.9296875,2361.0,0.0,4019.0,963.0,1123.0,45.406,45.406
498.284,train:DC2,97.7,421.3671875,16.7,2238.59765625,2352.0,0.0,4019.0,963.0,1123.0,45.25,45.281
498.785,train:DC2,99.7,421.3671875,20.9,2239.8515625,2365.0,0.0,4019.0,963.0,1123.0,45.25,45.343
499.287,train:DC2,99.6,421.3671875,18.6,2243.94921875,2355.0,0.0,4093.0,1003.0,1123.0,45.156,45.187
499.790,train:DC2,99.6,415.1875,17.2,2235.5078125,2342.0,0.0,4059.0,963.0,1123.0,45.406,45.406
500.291,train:DC2,97.7,401.3359375,17.0,2233.52734375,2320.0,0.0,4059.0,963.0,1123.0,45.093,45.437
500.792,train:DC3,99.7,419.1171875,17.0,2242.8828125,2346.0,0.0,4019.0,963.0,1123.0,45.281,45.281
501.294,train:DC3,99.7,408.1171875,17.3,2230.6171875,2333.0,0.0,4059.0,963.0,1123.0,45.312,45.406
501.795,train:DC3,99.7,399.6171875,17.1,2230.94921875,2317.0,0.0,4059.0,963.0,1123.0,45.125,45.375
502.296,train:DC3,99.7,386.8671875,21.4,2228.21875,2371.0,0.0,4133.0,1003.0,1123.0,45.25,45.437
502.798,train:DC3,97.6,374.4921875,17.3,2215.76171875,2376.0,0.0,4059.0,1003.0,1123.0,45.156,45.343
503.300,train:DC3,99.7,362.3046875,17.0,2208.203125,2371.0,0.0,4019.0,963.0,1123.0,45.156,45.343
503.801,train:DC3,99.8,346.296875,17.3,2183.8046875,2376.0,0.0,4019.0,963.0,1123.0,45.093,45.375
504.302,train:DC3,99.7,421.3671875,17.3,2239.453125,2371.0,0.0,4019.0,963.0,1123.0,45.125,45.218
504.804,train:DC4,97.7,346.296875,17.1,2183.0390625,2359.0,0.0,4019.0,963.0,1123.0,45.156,45.187
505.305,train:DC4,99.7,421.3671875,21.7,2242.73828125,2374.0,0.0,4133.0,1003.0,1123.0,45.468,45.468
505.807,train:DC4,99.6,421.3671875,17.0,2237.921875,2369.0,0.0,4059.0,963.0,1123.0,45.187,45.187
506.309,train:DC4,97.7,421.3671875,16.7,2241.8203125,2365.0,0.0,4019.0,963.0,1123.0,45.156,45.343
506.810,train:DC4,99.7,421.3671875,17.5,2244.78125,2361.0,0.0,4059.0,963.0,1123.0,45.125,45.437
507.312,train:DC4,99.7,421.3828125,16.7,2245.3203125,2361.0,0.0,4019.0,963.0,1123.0,45.125,45.343
507.813,train:DC4,97.7,419.1328125,17.3,2241.76953125,2358.0,0.0,4059.0,963.0,1123.0,45.125,45.218
508.315,train:DC4,101.7,408.1328125,21.1,2228.671875,2356.0,0.0,4133.0,1043.0,1123.0,45.125,45.218
508.817,train:DC4,97.6,393.72265625,17.5,2230.78125,2336.0,0.0,4059.0,1003.0,1123.0,45.312,45.406
509.318,train:DC5,99.7,412.41796875,16.7,2228.32421875,2356.0,0.0,4019.0,963.0,1123.0,45.468,45.468
509.819,train:DC5,99.8,404.1328125,17.1,2227.64453125,2350.0,0.0,4019.0,963.0,1123.0,45.187,45.218
510.321,train:DC5,99.7,388.8828125,17.0,2228.10546875,2336.0,0.0,4059.0,963.0,1123.0,45.281,45.281
510.822,train:DC5,97.8,374.5078125,17.3,2220.0234375,2319.0,0.0,4059.0,963.0,1123.0,45.375,45.375
511.323,train:DC5,99.7,362.3203125,21.3,2204.2578125,2371.0,0.0,4133.0,1043.0,1123.0,45.156,45.375
511.825,train:DC5,99.6,346.3125,17.5,2186.23828125,2374.0,0.0,4059.0,1003.0,1123.0,45.25,45.375
512.327,train:DC5,99.7,421.3828125,17.1,2243.046875,2374.0,0.0,4059.0,963.0,1123.0,45.156,45.312
512.828,train:DC5,99.7,421.3828125,17.3,2236.97265625,2368.0,0.0,4019.0,963.0,1123.0,45.156,45.312
513.330,train:DC5,97.8,404.48828125,17.0,2231.72265625,2363.0,0.0,4019.0,963.0,1125.0,45.281,45.281
513.831,train:DC6,99.7,421.3828125,17.1,2237.296875,2369.0,0.0,4019.0,963.0,1123.0,45.281,45.281
514.332,train:DC6,97.7,421.3828125,21.1,2238.17578125,2370.0,0.0,4133.0,1043.0,1123.0,45.375,45.375
514.834,train:DC6,101.6,421.3828125,17.0,2242.40625,2374.0,0.0,4059.0,963.0,1123.0,45.125,45.375
515.336,train:DC6,97.7,421.3828125,17.0,2237.77734375,2362.0,0.0,4019.0,963.0,1123.0,45.156,45.281
515.837,train:DC6,99.7,415.1796875,17.1,2234.26953125,2358.0,0.0,4019.0,963.0,1123.0,45.125,45.312
516.338,train:DC6,97.7,408.1328125,17.3,2229.6796875,2361.0,0.0,4059.0,963.0,1123.0,45.375,45.375
516.840,train:DC6,101.7,399.6328125,16.7,2226.1875,2358.0,0.0,4059.0,963.0,1123.0,45.437,45.437
517.341,train:DC6,97.7,381.53515625,18.5,2224.0546875,2349.0,0.0,4059.0,963.0,1123.0,45.281,45.406
517.843,train:DC1,97.7,399.6328125,17.0,2228.8671875,2360.0,0.0,4059.0,963.0,1123.0,45.125,45.343
518.344,train:DC1,99.7,386.8828125,17.0,2224.96484375,2356.0,0.0,4059.0,963.0,1123.0,45.031,45.437
518.846,train:DC1,101.7,374.5078125,17.3,2218.84765625,2346.0,0.0,4059.0,963.0,1123.0,45.187,45.25
519.347,train:DC1,97.7,362.3203125,16.4,2204.83203125,2326.0,0.0,4019.0,963.0,1123.0,45.281,45.406
519.848,train:DC1,99.7,340.3515625,17.6,2183.62109375,2315.0,0.0,4059.0,963.0,1123.0,45.312,45.312
520.350,train:DC1,99.7,421.3828125,16.4,2239.8828125,2371.0,0.0,4019.0,963.0,1123.0,45.187,45.406
520.851,train:DC1,97.8,421.3828125,16.9,2242.890625,2371.0,0.0,4019.0,963.0,1123.0,45.187,45.406
521.352,train:DC1,99.7,421.3828125,17.0,2243.3984375,2374.0,0.0,4019.0,963.0,1123.0,45.218,45.343
521.853,train:DC1,99.7,404.48828125,17.5,2223.4453125,2375.0,0.0,4059.0,963.0,1123.0,45.187,45.343
522.355,train:DC2,99.7,421.3828125,16.8,2238.8203125,2355.0,0.0,4059.0,963.0,1123.0,45.187,45.187
522.856,train:DC2,99.8,421.3828125,17.3,2241.796875,2370.0,0.0,4059.0,963.0,1123.0,45.125,45.25
523.357,train:DC2,97.7,421.3828125,16.7,2238.3203125,2373.0,0.0,4059.0,963.0,1123.0,45.156,45.312
523.859,train:DC2,99.7,417.1328125,17.5,2234.046875,2370.0,0.0,4059.0,963.0,1123.0,45.343,45.375
524.360,train:DC2,99.7,408.1328125,16.7,2229.453125,2373.0,0.0,4019.0,963.0,1123.0,45.125,45.437
524.862,train:DC2,97.7,399.6328125,17.3,2225.96484375,2361.0,0.0,4019.0,963.0,1123.0,45.125,45.281
525.363,train:DC2,101.7,386.8828125,17.0,2229.04296875,2357.0,0.0,4019.0,963.0,1123.0,45.125,45.25
525.864,train:DC2,97.8,371.37890625,17.0,2218.1171875,2360.0,0.0,4059.0,963.0,1123.0,45.406,45.406
526.366,train:DC3,99.7,386.8828125,17.0,2225.07421875,2356.0,0.0,4019.0,963.0,1123.0,45.125,45.406
526.867,train:DC3,99.7,374.5078125,17.3,2219.00390625,2356.0,0.0,4019.0,963.0,1123.0,45.125,45.375
527.368,train:DC3,99.8,362.3203125,17.7,2179.9765625,2359.0,0.0,4059.0,963.0,1123.0,45.062,45.281
527.870,train:DC3,97.7,346.3125,17.3,2190.359375,2329.0,0.0,4059.0,963.0,1123.0,45.375,45.375
528.371,train:DC3,99.8,421.3828125,17.3,2242.20703125,2345.0,0.0,4059.0,963.0,1123.0,45.218,45.218
528.872,train:DC3,99.7,421.3828125,19.7,2245.60546875,2332.0,0.0,4059.0,963.0,1123.0,45.062,45.156
529.374,train:DC3,99.7,421.3828125,17.9,2244.02734375,2323.0,0.0,4133.0,1003.0,1123.0,45.0,45.375
529.875,train:DC3,101.7,421.3828125,17.0,2242.58984375,2375.0,0.0,4099.0,1003.0,1123.0,45.125,45.218
530.377,train:DC3,97.7,404.48828125,17.6,2228.73828125,2374.0,0.0,4059.0,1003.0,1123.0,45.0,45.218
530.878,train:DC4,99.7,421.3828125,17.3,2244.609375,2360.0,0.0,4059.0,1003.0,1123.0,45.156,45.156
531.380,train:DC4,101.7,421.3828125,16.7,2243.0390625,2376.0,0.0,4059.0,963.0,1123.0,45.218,45.406
531.881,train:DC4,97.8,421.3828125,17.3,2245.71484375,2374.0,0.0,4059.0,963.0,1125.0,45.093,45.375
532.382,train:DC4,101.7,413.44140625,17.3,2236.30859375,2377.0,0.0,4019.0,963.0,1125.0,45.031,45.343
532.884,train:DC4,99.8,408.1328125,17.1,2230.8203125,2376.0,0.0,4093.0,963.0,1123.0,45.125,45.218
533.385,train:DC4,99.7,399.6328125,17.3,2225.4921875,2374.0,0.0,4099.0,963.0,1123.0,45.343,45.406
533.886,train:DC4,99.7,386.8828125,17.3,2228.1640625,2372.0,0.0,4059.0,963.0,1123.0,45.125,45.25
534.388,train:DC4,99.7,371.37890625,17.1,2217.125,2367.0,0.0,4059.0,963.0,1123.0,45.125,45.312
534.889,train:DC5,99.7,392.35546875,17.3,2225.9921875,2362.0,0.0,4019.0,963.0,1123.0,45.031,45.312
535.390,train:DC5,99.7,380.6328125,17.3,2228.59375,2373.0,0.0,4019.0,963.0,1123.0,45.031,45.25
535.892,train:DC5,99.7,368.3828125,16.8,2213.984375,2368.0,0.0,4019.0,963.0,1123.0,44.968,45.218
536.393,train:DC5,101.7,354.3125,17.5,2204.9765625,2358.0,0.0,4019.0,963.0,1123.0,45.218,45.218
536.896,train:DC5,99.4,340.3515625,17.0,2195.7421875,2361.0,0.0,4059.0,963.0,1123.0,45.312,45.312
537.398,train:DC5,99.7,421.3828125,17.9,2244.0703125,2368.0,0.0,4059.0,963.0,1123.0,45.062,45.375
537.899,train:DC5,99.6,421.3828125,18.9,2247.6015625,2363.0,0.0,4059.0,963.0,1123.0,45.125,45.218
538.403,train:DC5,99.3,421.3828125,17.6,2248.953125,2318.0,0.0,4133.0,1003.0,1123.0,45.093,45.343
538.905,train:DC5,97.7,404.48828125,16.9,2235.83984375,2327.0,0.0,4059.0,963.0,1123.0,45.375,45.375
539.406,train:DC6,101.7,421.3828125,17.0,2247.546875,2354.0,0.0,4019.0,963.0,1123.0,45.25,45.281
539.907,train:DC6,99.8,421.3828125,17.0,2253.9375,2337.0,0.0,4059.0,963.0,1123.0,45.25,45.312
540.409,train:DC6,97.8,421.3828125,17.1,2249.13671875,2332.0,0.0,4059.0,963.0,1123.0,45.062,45.281
540.910,train:DC6,99.7,414.2421875,17.3,2242.5625,2381.0,0.0,4059.0,963.0,1123.0,45.156,45.25
541.411,train:DC6,97.8,408.1328125,17.0,2235.171875,2382.0,0.0,4019.0,963.0,1125.0,45.156,45.312
541.912,train:DC6,97.8,399.6328125,17.0,2231.97265625,2380.0,0.0,4019.0,963.0,1125.0,45.218,45.218
542.414,train:DC6,101.7,386.83203125,17.3,2235.0390625,2379.0,0.0,4019.0,963.0,1125.0,45.406,45.406
542.915,train:DC6,97.7,366.96484375,17.0,2217.5625,2382.0,0.0,4019.0,963.0,1123.0,45.125,45.312
543.416,train:DC1,101.7,386.8828125,17.0,2233.44140625,2369.0,0.0,4059.0,963.0,1123.0,45.187,45.25
543.918,train:DC1,97.7,374.5078125,17.3,2227.390625,2380.0,0.0,4019.0,963.0,1125.0,45.218,45.406
544.419,train:DC1,99.7,362.3203125,17.1,2214.45703125,2379.0,0.0,4019.0,963.0,1123.0,45.406,45.406
544.920,train:DC1,97.7,342.2265625,17.5,2197.92578125,2370.0,0.0,4019.0,963.0,1123.0,45.281,45.437
545.422,train:DC1,99.6,421.3828125,16.4,2249.2421875,2367.0,0.0,4059.0,963.0,1123.0,45.25,45.312
545.923,train:DC1,99.8,421.3828125,17.1,2247.7578125,2364.0,0.0,4019.0,963.0,1123.0,45.156,45.375
546.425,train:DC1,97.8,421.3828125,17.3,2254.1484375,2362.0,0.0,4019.0,963.0,1123.0,45.593,45.593
546.926,train:DC1,101.7,421.3828125,17.0,2249.34765625,2361.0,0.0,4019.0,963.0,1123.0,45.156,45.343
547.427,train:DC1,97.8,404.48828125,17.0,2231.4453125,2344.0,0.0,4019.0,963.0,1125.0,45.281,45.281
547.928,train:DC2,99.8,421.3828125,17.3,2247.21875,2363.0,0.0,4019.0,963.0,1123.0,45.093,45.312
548.429,train:DC2,99.8,421.3828125,17.0,2253.609375,2352.0,0.0,4019.0,963.0,1123.0,45.125,45.281
548.930,train:DC2,97.8,419.1328125,16.8,2248.80078125,2335.0,0.0,4059.0,963.0,1123.0,45.125,45.343
549.432,train:DC2,99.8,408.1328125,17.3,2243.37890625,2334.0,0.0,4019.0,963.0,1123.0,45.312,45.312
549.933,train:DC2,99.8,399.6328125,17.0,2230.33203125,2387.0,0.0,4019.0,963.0,1123.0,45.437,45.437
550.434,train:DC2,99.8,386.8828125,17.1,2232.85546875,2389.0,0.0,4059.0,963.0,1123.0,45.218,45.312
550.935,train:DC2,97.8,374.5078125,17.0,2225.953125,2387.0,0.0,4019.0,963.0,1123.0,45.156,45.406
551.436,train:DC2,99.8,357.4375,17.0,2214.26171875,2385.0,0.0,4019.0,963.0,1125.0,45.25,45.281
551.938,train:DC3,99.8,375.43359375,17.1,2223.2578125,2371.0,0.0,4019.0,963.0,1125.0,45.5,45.5
552.439,train:DC3,99.8,363.38671875,17.3,2214.328125,2379.0,0.0,4019.0,963.0,1125.0,45.218,45.218
552.940,train:DC3,97.8,346.3125,17.0,2190.30859375,2379.0,0.0,4019.0,963.0,1123.0,45.437,45.437
553.441,train:DC3,99.8,421.3828125,17.0,2250.98046875,2374.0,0.0,4019.0,963.0,1123.0,45.156,45.375
553.942,train:DC3,99.8,421.3828125,17.3,2245.06640625,2369.0,0.0,4019.0,963.0,1123.0,45.062,45.312
554.443,train:DC3,99.8,421.3828125,17.0,2243.828125,2368.0,0.0,4059.0,963.0,1123.0,45.218,45.218
554.944,train:DC3,97.8,421.3828125,16.7,2244.4140625,2361.0,0.0,4019.0,963.0,1123.0,45.312,45.375
555.445,train:DC3,99.8,421.3828125,17.3,2247.48828125,2363.0,0.0,4019.0,963.0,1123.0,45.468,45.468
555.947,train:DC3,99.8,404.48828125,17.3,2227.1015625,2352.0,0.0,4059.0,963.0,1123.0,45.156,45.25
556.448,train:DC4,97.8,421.3828125,17.0,2245.3671875,2361.0,0.0,4019.0,963.0,1123.0,45.375,45.375
556.949,train:DC4,99.8,419.1328125,17.1,2243.4296875,2359.0,0.0,4019.0,963.0,1123.0,45.25,45.281
557.450,train:DC4,99.8,412.6328125,17.0,2234.0703125,2353.0,0.0,4019.0,963.0,1123.0,45.437,45.25
557.951,train:DC4,99.8,406.1328125,17.0,2229.12109375,2340.0,0.0,4019.0,963.0,1123.0,45.156,45.218
558.452,train:DC4,99.8,393.1328125,17.3,2227.63671875,2322.0,0.0,4019.0,963.0,1123.0,45.187,45.218
558.954,train:DC4,99.8,380.6328125,17.3,2225.8046875,2374.0,0.0,4019.0,963.0,1123.0,45.187,45.468
559.455,train:DC4,97.8,368.3828125,17.0,2215.203125,2373.0,0.0,4019.0,963.0,1123.0,45.125,45.375
559.956,train:DC4,99.8,350.0,17.1,2193.6015625,2375.0,0.0,4059.0,963.0,1123.0,45.093,45.312
560.457,train:DC5,97.7,368.3828125,17.8,2217.29296875,2357.0,0.0,4019.0,963.0,1123.0,45.343,45.406
560.958,train:DC5,99.8,354.3125,16.8,2199.69140625,2373.0,0.0,4019.0,963.0,1123.0,45.406,45.406
561.472,train:DC5,101.3,340.3515625,17.2,2190.46875,2375.0,0.0,4059.0,963.0,1123.0,45.156,45.25
561.976,train:DC5,97.2,421.3828125,17.3,2243.37890625,2375.0,0.0,4019.0,963.0,1123.0,45.281,45.406
562.477,train:DC5,99.8,421.3828125,17.0,2247.75,2379.0,0.0,4019.0,963.0,1123.0,45.156,45.25
562.978,train:DC5,99.8,421.3828125,17.1,2243.5078125,2367.0,0.0,4019.0,963.0,1123.0,45.125,45.25
563.479,train:DC5,97.8,421.3828125,17.1,2242.0234375,2362.0,0.0,4019.0,963.0,1123.0,45.156,45.25
563.980,train:DC5,99.8,420.32421875,17.0,2245.09765625,2361.0,0.0,4019.0,963.0,1123.0,45.375,45.375
564.482,train:DC5,97.8,404.48828125,17.3,2231.79296875,2363.0,0.0,4019.0,963.0,1123.0,45.062,45.375
564.983,train:DC6,99.8,421.3828125,17.3,2243.24609375,2359.0,0.0,4019.0,963.0,1123.0,45.187,45.312
565.484,train:DC6,99.7,413.515625,17.0,2233.87890625,2358.0,0.0,4059.0,963.0,1123.0,45.062,45.343
565.985,train:DC6,99.8,408.1328125,17.6,2229.32421875,2361.0,0.0,4059.0,963.0,1123.0,45.25,45.281
566.487,train:DC6,97.7,393.15625,16.5,2226.5859375,2349.0,0.0,4019.0,963.0,1123.0,45.5,45.5
566.988,train:DC6,101.7,380.6328125,17.5,2225.1015625,2332.0,0.0,4059.0,963.0,1123.0,45.187,45.281
567.489,train:DC6,97.8,368.3828125,17.1,2214.5,2334.0,0.0,4059.0,963.0,1123.0,45.062,45.375
567.991,train:DC6,99.8,354.3125,16.8,2202.1640625,2375.0,0.0,4019.0,963.0,1123.0,45.156,45.25
568.498,train:DC6,98.5,340.3515625,17.5,2188.6953125,2374.0,0.0,4019.0,963.0,1125.0,45.218,45.25
569.002,train:DC1,99.2,356.3125,16.8,2204.55078125,2360.0,0.0,4059.0,963.0,1123.0,45.25,45.25
569.504,train:DC1,99.8,340.3515625,17.3,2187.08984375,2372.0,0.0,4019.0,963.0,1123.0,45.343,45.343
570.005,train:DC1,99.7,421.3828125,17.0,2247.19140625,2379.0,0.0,4019.0,963.0,1123.0,45.312,45.437
570.506,train:DC1,97.8,421.3828125,17.6,2242.63671875,2374.0,0.0,4019.0,963.0,1125.0,45.125,45.312
571.007,train:DC1,99.8,421.3828125,16.7,2241.3828125,2373.0,0.0,4019.0,963.0,1123.0,45.0,45.468
571.508,train:DC1,99.7,421.3828125,17.1,2245.41796875,2375.0,0.0,4019.0,963.0,1123.0,45.125,45.312
572.011,train:DC1,99.6,419.1328125,17.3,2248.6875,2366.0,0.0,4019.0,963.0,1123.0,45.343,45.343
572.512,train:DC1,97.8,412.6328125,17.1,2239.28125,2363.0,0.0,4059.0,963.0,1123.0,45.187,45.406
573.013,train:DC1,99.8,397.37890625,17.5,2233.8515625,2365.0,0.0,4019.0,963.0,1123.0,45.281,45.406
573.514,train:DC2,99.8,412.6328125,16.7,2237.67578125,2365.0,0.0,4019.0,963.0,1123.0,45.093,45.25
574.015,train:DC2,97.8,406.1328125,16.7,2233.12890625,2364.0,0.0,4019.0,963.0,1123.0,45.187,45.343
574.516,train:DC2,99.8,393.1328125,17.3,2231.64453125,2363.0,0.0,4019.0,963.0,1123.0,45.187,45.218
575.018,train:DC2,99.7,380.6328125,17.3,2230.16015625,2357.0,0.0,4019.0,963.0,1123.0,45.281,45.437
575.520,train:DC2,99.6,368.3828125,17.3,2219.55078125,2344.0,0.0,4019.0,963.0,1123.0,45.156,45.281
576.021,train:DC2,97.7,354.3125,17.3,2202.4375,2326.0,0.0,4019.0,963.0,1123.0,45.062,45.281
576.535,train:DC2,101.3,340.3515625,17.2,2193.53515625,2379.0,0.0,4059.0,963.0,1123.0,45.187,45.187
577.039,train:DC2,99.2,421.3828125,16.7,2253.60546875,2385.0,0.0,4059.0,963.0,1123.0,45.468,45.468
577.540,train:DC3,97.8,340.3515625,17.3,2199.8203125,2372.0,0.0,4059.0,963.0,1123.0,45.25,45.281
578.041,train:DC3,99.8,421.3828125,17.0,2259.875,2391.0,0.0,4059.0,963.0,1123.0,45.312,45.343
578.542,train:DC3,99.8,421.3828125,17.6,2256.88671875,2388.0,0.0,4059.0,963.0,1123.0,45.156,45.218
579.043,train:DC3,99.8,421.3828125,16.4,2255.40234375,2387.0,0.0,4019.0,963.0,1123.0,45.406,45.406
579.544,train:DC3,97.8,421.3828125,17.3,2253.91796875,2385.0,0.0,4059.0,963.0,1123.0,45.156,45.187
580.045,train:DC3,99.8,421.3828125,17.0,2260.31640625,2385.0,0.0,4059.0,963.0,1123.0,45.156,45.187
580.547,train:DC3,99.8,412.89453125,17.3,2250.2890625,2392.0,0.0,4019.0,963.0,1123.0,45.187,45.343
581.048,train:DC3,97.8,408.1328125,16.4,2243.1015625,2382.0,0.0,4019.0,963.0,1123.0,45.125,45.281
581.549,train:DC3,99.7,392.09765625,17.3,2237.66796875,2374.0,0.0,4019.0,963.0,1123.0,45.125,45.218
582.050,train:DC4,99.8,408.1328125,17.0,2241.24609375,2369.0,0.0,4019.0,963.0,1123.0,45.031,45.156
582.552,train:DC4,99.8,398.87109375,17.3,2228.50390625,2377.0,0.0,4019.0,963.0,1123.0,45.218,45.218
583.053,train:DC4,97.8,386.15234375,17.0,2231.3359375,2367.0,0.0,4019.0,963.0,1123.0,45.375,45.375
583.554,train:DC4,99.8,372.98046875,17.3,2225.53125,2363.0,0.0,4059.0,963.0,1123.0,45.25,45.25
584.055,train:DC4,99.8,361.23046875,16.7,2212.1015625,2361.0,0.0,4059.0,963.0,1123.0,45.125,45.218
584.556,train:DC4,97.8,340.3515625,17.1,2197.76953125,2351.0,0.0,4019.0,963.0,1123.0,45.125,45.312
585.057,train:DC4,99.8,421.3828125,17.3,2250.046875,2349.0,0.0,4019.0,963.0,1123.0,45.375,45.406
585.558,train:DC4,99.8,421.3828125,17.5,2248.5625,2328.0,0.0,4019.0,963.0,1125.0,45.093,45.437
586.060,train:DC4,99.8,404.48828125,16.4,2234.23828125,2380.0,0.0,4019.0,963.0,1123.0,45.281,45.281
586.561,train:DC5,97.8,421.3828125,17.3,2245.9453125,2333.0,0.0,4019.0,963.0,1125.0,45.125,45.25
587.062,train:DC5,101.8,421.3828125,17.3,2244.02734375,2377.0,0.0,4059.0,963.0,1123.0,45.406,45.406
587.563,train:DC5,97.7,421.3828125,17.1,2257.34375,2375.0,0.0,4059.0,963.0,1123.0,45.25,45.25
588.065,train:DC5,101.8,421.3828125,17.5,2255.85546875,2388.0,0.0,4059.0,963.0,1123.0,45.312,45.312
588.566,train:DC5,97.8,416.1953125,17.1,2250.9921875,2387.0,0.0,4019.0,963.0,1123.0,45.125,45.312
589.067,train:DC5,99.8,408.1328125,17.0,2239.02734375,2382.0,0.0,4059.0,963.0,1123.0,45.062,45.406
589.568,train:DC5,99.8,399.6328125,17.1,2234.421875,2386.0,0.0,4019.0,963.0,1123.0,45.125,45.156
590.070,train:DC5,99.8,384.94921875,17.0,2232.0703125,2381.0,0.0,4019.0,963.0,1123.0,45.25,45.343
590.571,train:DC6,99.7,404.19921875,16.8,2235.6796875,2363.0,0.0,4019.0,963.0,1123.0,45.125,45.375
591.072,train:DC6,99.7,392.59765625,17.5,2236.55859375,2380.0,0.0,4019.0,963.0,1125.0,45.25,45.375
591.573,train:DC6,99.8,380.13671875,17.1,2229.140625,2372.0,0.0,4019.0,963.0,1123.0,45.187,45.281
592.074,train:DC6,99.8,368.3828125,17.0,2225.453125,2376.0,0.0,4019.0,963.0,1123.0,45.062,45.281
592.576,train:DC6,97.8,354.3125,17.6,2208.27734375,2363.0,0.0,4059.0,963.0,1123.0,45.125,45.218
593.089,train:DC6,101.3,340.3515625,16.7,2192.5234375,2360.0,0.0,4059.0,963.0,1123.0,45.093,45.218
593.593,train:DC6,99.2,421.3828125,17.7,2254.62890625,2363.0,0.0,4019.0,963.0,1123.0,45.125,45.218
594.095,train:DC6,99.7,421.3828125,17.0,2255.08203125,2353.0,0.0,4059.0,963.0,1123.0,45.312,45.312
594.596,train:DC6,99.7,404.48828125,17.4,2229.8359375,2335.0,0.0,4059.0,963.0,1123.0,45.125,45.312
595.097,train:DC1,97.7,421.4453125,17.3,2239.98046875,2352.0,0.0,4019.0,963.0,1123.0,45.093,45.25
595.599,train:DC1,97.6,421.4453125,17.0,2245.56640625,2324.0,0.0,4019.0,963.0,1125.0,45.125,45.187
596.101,train:DC1,101.7,421.4453125,17.6,2246.0234375,2377.0,0.0,4059.0,963.0,1123.0,45.406,45.406
596.602,train:DC1,97.7,419.1953125,17.1,2246.6328125,2377.0,0.0,4019.0,963.0,1125.0,45.187,45.406
597.104,train:DC1,99.8,412.21484375,17.9,2247.48046875,2378.0,0.0,4019.0,963.0,1125.0,45.281,45.281
597.605,train:DC1,99.7,402.359375,17.0,2247.84375,2379.0,0.0,4019.0,963.0,1125.0,45.406,45.406
598.106,train:DC1,101.7,386.9453125,18.7,2232.69921875,2379.0,0.0,4059.0,963.0,1123.0,45.093,45.312
598.608,train:DC1,97.6,371.44140625,16.7,2222.93359375,2380.0,0.0,4019.0,963.0,1123.0,45.187,45.343
599.110,train:DC2,99.7,387.078125,17.9,2236.2265625,2378.0,0.0,4019.0,963.0,1123.0,45.125,45.312
599.611,train:DC2,99.7,374.765625,16.4,2221.0234375,2377.0,0.0,4059.0,963.0,1123.0,45.125,45.281
600.112,train:DC2,99.7,362.3828125,17.3,2202.6875,2376.0,0.0,4059.0,963.0,1123.0,45.187,45.25
600.614,train:DC2,99.8,346.375,17.3,2195.19921875,2372.0,0.0,4019.0,963.0,1123.0,45.093,45.218
601.115,train:DC2,97.7,421.4453125,17.3,2248.328125,2380.0,0.0,4019.0,963.0,1123.0,45.25,45.25
601.616,train:DC2,101.8,421.4453125,16.7,2248.9375,2372.0,0.0,4059.0,963.0,1123.0,45.5,45.5
602.117,train:DC2,99.8,421.4453125,17.6,2249.30078125,2357.0,0.0,4059.0,963.0,1123.0,45.125,45.375
602.618,train:DC2,97.8,421.4453125,16.7,2245.7265625,2350.0,0.0,4019.0,963.0,1123.0,45.156,45.406
603.120,train:DC2,101.7,404.55078125,17.3,2242.28125,2327.0,0.0,4019.0,963.0,1125.0,45.062,45.312
603.621,train:DC3,97.8,421.4453125,17.6,2246.765625,2355.0,0.0,4019.0,963.0,1123.0,45.125,45.375
604.122,train:DC3,101.8,421.4453125,16.8,2245.79296875,2338.0,0.0,4019.0,963.0,1123.0,45.156,45.406
604.623,train:DC3,99.8,416.8046875,17.3,2252.9609375,2331.0,0.0,4019.0,963.0,1123.0,45.093,45.25
605.125,train:DC3,95.7,406.1953125,17.3,2240.72265625,2384.0,0.0,4059.0,963.0,1123.0,45.187,45.437
605.627,train:DC3,97.6,392.7265625,17.3,2243.18359375,2388.0,0.0,4019.0,963.0,1123.0,45.093,45.187
606.128,train:DC3,99.7,378.5390625,17.1,2236.97265625,2390.0,0.0,4059.0,963.0,1123.0,45.25,45.375
606.630,train:DC3,99.7,365.48046875,17.3,2210.94140625,2392.0,0.0,4019.0,963.0,1123.0,45.281,45.281
607.131,train:DC3,99.8,343.5390625,17.1,2184.125,2386.0,0.0,4019.0,963.0,1123.0,45.156,45.312
607.632,train:DC4,99.8,362.3828125,17.0,2200.4140625,2378.0,0.0,3979.0,963.0,1125.0,45.125,45.312
608.133,train:DC4,101.8,346.375,17.6,2184.515625,2383.0,0.0,4019.0,963.0,1123.0,45.093,45.406
608.634,train:DC4,99.7,421.4453125,17.0,2249.2109375,2378.0,0.0,4019.0,963.0,1123.0,45.125,45.187
609.136,train:DC4,97.8,421.4453125,16.8,2252.4296875,2384.0,0.0,4059.0,963.0,1123.0,45.406,45.406
609.637,train:DC4,99.7,421.4453125,17.6,2249.6796875,2371.0,0.0,4019.0,963.0,1123.0,45.218,45.343
610.138,train:DC4,99.8,421.4453125,17.0,2248.21484375,2352.0,0.0,4019.0,963.0,1123.0,45.156,45.343
610.639,train:DC4,99.8,421.4453125,16.7,2250.56640625,2347.0,0.0,4059.0,963.0,1123.0,45.0,45.156
611.140,train:DC4,99.8,412.6953125,17.1,2251.61328125,2340.0,0.0,4019.0,963.0,1123.0,45.187,45.25
611.642,train:DC4,99.7,397.44140625,17.3,2243.1328125,2321.0,0.0,4019.0,963.0,1123.0,45.0,45.187
612.143,train:DC5,99.8,412.6953125,17.4,2251.43359375,2339.0,0.0,4019.0,963.0,1123.0,45.125,45.343
612.644,train:DC5,99.8,406.1953125,16.7,2248.9296875,2327.0,0.0,4019.0,963.0,1123.0,45.125,45.343
613.145,train:DC5,99.8,393.1953125,17.6,2235.37890625,2379.0,0.0,4059.0,963.0,1123.0,45.125,45.375
613.646,train:DC5,99.8,380.6953125,17.1,2222.55078125,2383.0,0.0,4019.0,963.0,1123.0,45.125,45.312
614.147,train:DC5,97.8,367.8125,17.1,2201.203125,2381.0,0.0,4019.0,963.0,1123.0,45.031,45.281
614.648,train:DC5,101.8,346.375,17.0,2186.09765625,2380.0,0.0,4059.0,963.0,1123.0,45.406,45.406
615.149,train:DC5,99.8,421.4453125,17.9,2248.82421875,2380.0,0.0,4019.0,963.0,1123.0,45.125,45.187
615.651,train:DC5,95.8,421.4453125,17.1,2257.03125,2388.0,0.0,4019.0,922.0,1123.0,45.187,45.406
616.153,train:DC5,99.6,404.55078125,17.3,2243.69140625,2375.0,0.0,4059.0,963.0,1123.0,45.125,45.375
616.654,train:DC6,99.7,421.4453125,17.0,2256.05078125,2388.0,0.0,4019.0,963.0,1123.0,45.156,45.406
617.155,train:DC6,99.8,421.4453125,17.3,2253.8671875,2377.0,0.0,4019.0,963.0,1123.0,45.062,45.312
617.656,train:DC6,97.8,421.4609375,17.1,2257.67578125,2373.0,0.0,4019.0,963.0,1123.0,45.156,45.343
618.157,train:DC6,101.8,419.2109375,17.6,2249.3828125,2357.0,0.0,4019.0,963.0,1123.0,45.437,45.437
618.658,train:DC6,97.8,412.7109375,16.8,2246.046875,2346.0,0.0,4019.0,963.0,1123.0,45.125,45.406
619.159,train:DC6,101.8,406.2109375,17.3,2241.734375,2333.0,0.0,4019.0,963.0,1123.0,45.25,45.343
619.661,train:DC6,99.8,393.2109375,17.3,2221.6796875,2323.0,0.0,4019.0,963.0,1123.0,45.093,45.343
620.162,train:DC6,97.8,373.6484375,17.1,2203.10546875,2307.0,0.0,4059.0,963.0,1123.0,45.406,45.406
620.663,train:DC1,99.8,388.9609375,17.3,2218.8984375,2319.0,0.0,4019.0,963.0,1123.0,45.031,45.156
621.164,train:DC1,99.7,375.375,16.8,2201.87890625,2298.0,0.0,4019.0,963.0,1125.0,45.125,45.218
621.666,train:DC1,99.8,362.3984375,17.6,2187.9140625,2381.0,0.0,4059.0,963.0,1123.0,45.093,45.375
622.167,train:DC1,99.8,346.390625,16.7,2172.8359375,2382.0,0.0,4019.0,963.0,1123.0,45.187,45.281
622.668,train:DC1,99.8,421.4609375,17.3,2249.58984375,2381.0,0.0,4019.0,963.0,1125.0,45.031,45.281
623.169,train:DC1,99.8,421.4609375,17.3,2246.484375,2378.0,0.0,4019.0,963.0,1123.0,45.125,45.125
623.670,train:DC1,101.7,421.4609375,17.6,2240.515625,2372.0,0.0,4019.0,963.0,1123.0,45.437,45.437
624.171,train:DC1,97.8,421.4609375,16.4,2244.40234375,2368.0,0.0,4019.0,922.0,1125.0,45.25,45.25
624.672,train:DC1,99.8,404.56640625,17.3,2229.73828125,2361.0,0.0,4019.0,963.0,1125.0,45.156,45.187
625.174,train:DC2,99.7,421.4609375,17.3,2245.40234375,2369.0,0.0,4019.0,963.0,1125.0,45.093,45.343
625.675,train:DC2,95.7,419.2109375,16.8,2243.859375,2367.0,0.0,4059.0,963.0,1123.0,45.125,45.312
626.177,train:DC2,101.6,412.7109375,17.8,2230.33203125,2362.0,0.0,4019.0,963.0,1123.0,45.125,45.218
626.678,train:DC2,99.8,406.2109375,16.8,2230.58984375,2346.0,0.0,4019.0,963.0,1123.0,45.093,45.25
627.179,train:DC2,99.7,393.2109375,17.1,2214.8046875,2338.0,0.0,4059.0,963.0,1123.0,45.343,45.343
627.681,train:DC2,97.7,379.62109375,17.5,2198.76171875,2322.0,0.0,4059.0,963.0,1123.0,45.187,45.187
628.182,train:DC2,101.7,366.4609375,17.0,2185.0078125,2305.0,0.0,4019.0,963.0,1123.0,45.187,45.187
628.684,train:DC2,97.7,343.5546875,16.7,2159.234375,2289.0,0.0,4019.0,963.0,1123.0,45.187,45.281
629.185,train:DC3,99.8,364.3046875,17.5,2181.91015625,2312.0,0.0,4019.0,963.0,1125.0,45.156,45.343
629.686,train:DC3,101.7,346.390625,17.3,2162.078125,2288.0,0.0,4019.0,963.0,1125.0,45.156,45.25
630.188,train:DC3,97.7,421.4609375,16.7,2240.83203125,2372.0,0.0,4019.0,963.0,1125.0,45.093,45.25
630.689,train:DC3,99.8,421.4609375,17.3,2240.953125,2372.0,0.0,4059.0,963.0,1123.0,45.125,45.187
631.190,train:DC3,99.7,421.4609375,17.3,2240.828125,2372.0,0.0,4059.0,963.0,1123.0,45.125,45.187
631.692,train:DC3,99.7,421.4609375,17.1,2240.94140625,2372.0,0.0,4059.0,963.0,1123.0,45.468,45.468
632.193,train:DC3,99.7,421.4609375,17.5,2242.81640625,2372.0,0.0,4059.0,963.0,1123.0,45.218,45.218
632.694,train:DC3,99.8,414.58984375,16.7,2232.95703125,2374.0,0.0,4019.0,963.0,1123.0,45.218,45.218
633.196,train:DC3,99.7,398.5234375,17.3,2211.77734375,2372.0,0.0,4059.0,963.0,1123.0,45.125,45.375
633.697,train:DC4,99.7,414.046875,17.3,2237.55859375,2351.0,0.0,4019.0,963.0,1125.0,45.156,45.25
634.198,train:DC4,99.7,408.2109375,17.3,2224.08984375,2369.0,0.0,4019.0,963.0,1123.0,45.031,45.218
634.700,train:DC4,99.7,395.43359375,16.7,2216.08203125,2363.0,0.0,4019.0,922.0,1123.0,45.093,45.25
635.201,train:DC4,101.7,382.7109375,17.3,2200.453125,2355.0,0.0,4019.0,963.0,1123.0,45.406,45.406
635.703,train:DC4,97.7,370.078125,17.3,2191.82421875,2348.0,0.0,4019.0,922.0,1125.0,45.125,45.218
636.204,train:DC4,97.7,354.390625,16.4,2168.10546875,2339.0,0.0,4019.0,963.0,1123.0,45.093,45.156
636.719,train:DC4,101.0,340.4296875,17.4,2155.78125,2315.0,0.0,4059.0,963.0,1123.0,45.218,45.281
637.223,train:DC4,99.2,421.4609375,17.0,2238.3828125,2299.0,0.0,4059.0,963.0,1123.0,45.125,45.156
637.727,train:DC4,99.3,340.4296875,17.2,2159.53125,2304.0,0.0,4019.0,963.0,1123.0,45.218,45.25
638.232,train:DC5,99.0,421.4609375,17.5,2234.28125,2307.0,0.0,4019.0,963.0,1125.0,45.25,45.156
638.733,train:DC5,99.7,421.4609375,17.0,2241.59765625,2318.0,0.0,4059.0,963.0,1123.0,45.25,45.25
639.234,train:DC5,101.8,421.4609375,16.4,2237.69921875,2373.0,0.0,4059.0,963.0,1123.0,45.187,45.531
639.736,train:DC5,97.7,421.4609375,17.3,2241.34765625,2369.0,0.0,4019.0,963.0,1123.0,45.25,45.25
640.237,train:DC5,99.7,419.2109375,17.3,2232.5,2373.0,0.0,4019.0,963.0,1123.0,45.125,45.218
640.739,train:DC5,99.7,412.7109375,17.5,2230.11328125,2372.0,0.0,4019.0,963.0,1123.0,45.156,45.218
641.240,train:DC5,99.7,404.33984375,16.4,2223.66015625,2369.0,0.0,4019.0,963.0,1123.0,45.218,45.218
641.742,train:DC5,99.7,386.89453125,17.5,2204.70703125,2365.0,0.0,4059.0,963.0,1123.0,45.187,45.187
642.243,train:DC6,99.7,400.82421875,16.7,2223.671875,2352.0,0.0,4019.0,963.0,1123.0,45.218,45.218
642.744,train:DC6,99.7,386.9609375,17.6,2206.55859375,2371.0,0.0,4019.0,963.0,1123.0,45.437,45.437
643.245,train:DC6,99.7,374.5859375,17.3,2188.6015625,2362.0,0.0,4019.0,963.0,1123.0,45.218,45.343
643.747,train:DC6,101.7,362.3984375,17.1,2177.59765625,2355.0,0.0,4019.0,963.0,1123.0,45.062,45.312
644.248,train:DC6,97.7,344.390625,17.0,2159.1953125,2340.0,0.0,4059.0,963.0,1123.0,45.156,45.281
644.750,train:DC6,99.7,421.4609375,17.3,2237.9453125,2330.0,0.0,4019.0,963.0,1123.0,45.531,45.531
645.251,train:DC6,99.7,421.4609375,16.7,2241.3984375,2316.0,0.0,4059.0,963.0,1123.0,45.125,45.187
645.753,train:DC6,99.7,421.4609375,17.3,2240.453125,2301.0,0.0,4019.0,963.0,1123.0,45.343,45.406
646.254,train:DC6,99.7,404.56640625,17.3,2220.75390625,2301.0,0.0,4019.0,963.0,1123.0,45.125,45.406
646.756,fusion_fit,99.6,381.12109375,17.3,2207.4609375,2250.0,0.0,3979.0,963.0,1125.0,45.125,45.437
647.258,fusion_fit,99.6,340.35546875,17.7,2173.13671875,2349.0,0.0,4093.0,963.0,1123.0,45.187,45.25
647.760,fusion_fit,99.6,399.68359375,16.9,2218.375,2334.0,0.0,4133.0,922.0,1163.0,45.125,45.187
648.262,fusion_fit,101.7,399.68359375,17.3,2221.34375,2313.0,0.0,4133.0,922.0,1163.0,45.187,45.25
648.763,fusion_fit,97.7,393.16015625,17.0,2206.44140625,2343.0,0.0,4173.0,922.0,1163.0,45.25,45.281
649.264,fusion_fit,99.7,387.0,16.7,2203.4140625,2350.0,0.0,4213.0,961.0,1163.0,45.093,45.281
649.766,fusion_fit,99.7,351.16796875,17.9,2176.3046875,2355.0,0.0,4173.0,921.0,1163.0,45.343,45.343
650.267,fusion_fit,101.7,381.1484375,17.0,2213.82421875,2351.0,0.0,4173.0,922.0,1163.0,45.218,45.468
650.768,fusion_fit,97.8,406.84375,17.0,2228.83984375,2315.0,0.0,4093.0,963.0,1123.0,45.343,45.343
651.270,fusion_fit,99.7,400.32421875,17.6,2222.203125,2372.0,0.0,4133.0,963.0,1163.0,45.312,45.343
651.771,fusion_fit,99.7,334.328125,17.0,2187.4921875,2358.0,0.0,4173.0,963.0,1163.0,45.125,45.25
652.272,fusion_fit,99.8,412.9140625,17.1,2236.75,2356.0,0.0,4133.0,963.0,1163.0,45.25,45.25
652.774,fusion_fit,99.7,405.5859375,17.5,2230.234375,2330.0,0.0,4173.0,922.0,1163.0,45.062,45.25
653.275,fusion_fit,99.7,406.0859375,16.7,2227.21484375,2355.0,0.0,4173.0,921.0,1163.0,45.312,45.531
653.776,fusion_fit,99.7,354.1015625,17.6,2190.625,2366.0,0.0,4133.0,922.0,1163.0,45.406,45.406
654.278,fusion_fit,99.7,413.03125,17.3,2235.9296875,2355.0,0.0,4133.0,922.0,1163.0,45.25,45.375
654.779,fusion_fit,99.7,409.234375,17.0,2223.09765625,2325.0,0.0,4052.0,963.0,1123.0,45.25,45.312
655.280,fusion_fit,99.7,402.15625,17.1,2228.22265625,2362.0,0.0,4133.0,922.0,1163.0,45.031,45.406
655.782,fusion_fit,99.7,336.4296875,17.9,2161.34765625,2375.0,0.0,4133.0,922.0,1163.0,45.187,45.281
656.283,fusion_fit,99.7,413.015625,16.7,2226.60546875,2358.0,0.0,4133.0,922.0,1163.0,45.375,45.375
656.785,fusion_fit,99.7,405.9140625,17.1,2235.58203125,2323.0,0.0,4133.0,922.0,1163.0,45.25,45.25
657.286,fusion_fit,99.7,406.1875,17.5,2232.390625,2297.0,0.0,4173.0,963.0,1163.0,45.375,45.406
657.787,fusion_fit,97.7,359.625,17.4,2181.52734375,2364.0,0.0,4173.0,963.0,1163.0,45.25,45.343
658.289,fusion_fit,101.7,394.94921875,18.6,2215.83984375,2359.0,0.0,4213.0,961.0,1161.0,45.156,45.343
658.791,fusion_fit,99.6,364.42578125,17.0,2189.609375,2288.0,0.0,4052.0,963.0,1123.0,45.156,45.312
659.298,fusion_fit,100.6,333.64453125,16.9,2188.71875,2357.0,0.0,4052.0,963.0,1123.0,45.375,45.375
659.801,fusion_fit,99.3,334.51171875,17.2,2183.88671875,2350.0,0.0,4133.0,963.0,1163.0,45.281,45.281
660.303,fusion_fit,99.7,405.46875,17.0,2229.515625,2353.0,0.0,4173.0,961.0,1163.0,45.25,45.375
660.804,fusion_fit,99.7,393.00390625,17.0,2218.51953125,2346.0,0.0,4133.0,963.0,1163.0,45.125,45.312
661.306,fusion_fit,97.7,398.3828125,17.1,2217.5078125,2349.0,0.0,4133.0,963.0,1163.0,45.5,45.5
661.807,fusion_fit,99.7,399.75,17.3,2225.10546875,2349.0,0.0,4133.0,963.0,1163.0,45.312,45.312
662.309,fusion_fit,101.7,351.3046875,17.3,2214.61328125,2346.0,0.0,4019.0,963.0,1123.0,45.281,45.312
662.810,fusion_fit,99.7,393.828125,17.0,2224.4453125,2360.0,0.0,4093.0,963.0,1123.0,45.187,45.5
663.311,fusion_fit,99.7,399.2890625,17.0,2223.875,2347.0,0.0,4133.0,963.0,1163.0,45.187,45.343
663.813,fusion_fit,99.7,408.42578125,17.0,2231.375,2363.0,0.0,4133.0,963.0,1163.0,45.031,45.281
664.314,fusion_fit,99.7,392.78125,17.3,2219.74609375,2346.0,0.0,4133.0,963.0,1163.0,45.343,45.343
664.815,fusion_fit,97.7,401.3359375,17.2,2220.484375,2351.0,0.0,4133.0,963.0,1163.0,45.406,45.406
665.317,fusion_fit,99.7,399.5234375,17.3,2223.82421875,2341.0,0.0,4133.0,963.0,1163.0,45.187,45.406
665.818,fusion_fit,101.7,334.98828125,17.0,2204.9765625,2336.0,0.0,4093.0,963.0,1123.0,45.125,45.343
666.320,fusion_fit,99.6,334.98828125,17.3,2204.9765625,2336.0,0.0,3898.0,963.0,1085.0,45.156,45.25
666.822,fusion_fit,97.7,334.98828125,16.7,2197.99609375,2329.0,0.0,3858.0,924.0,1085.0,45.375,45.406
667.324,fusion_fit,99.6,334.98828125,17.3,2197.99609375,2329.0,0.0,3858.0,964.0,1085.0,45.25,45.25
667.826,fusion_fit,99.6,334.98828125,17.2,2191.8046875,2323.0,0.0,3858.0,964.0,1085.0,45.156,45.312
668.327,fusion_fit,99.7,334.98828125,17.0,2191.8046875,2323.0,0.0,3818.0,964.0,1085.0,45.125,45.312
668.829,fusion_fit,99.7,334.98828125,16.7,2186.31640625,2318.0,0.0,3858.0,964.0,1085.0,45.343,45.343
669.331,fusion_fit,99.5,334.98828125,16.9,2186.31640625,2318.0,0.0,3818.0,964.0,1085.0,45.125,45.156
669.833,fusion_fit,99.6,334.98828125,17.3,2179.60546875,2311.0,0.0,3818.0,964.0,1085.0,45.218,45.406
670.335,fusion_fit,101.6,334.98828125,17.3,2179.60546875,2311.0,0.0,3818.0,964.0,1085.0,45.062,45.343
670.836,fusion_fit,99.7,334.98828125,16.7,2175.5703125,2307.0,0.0,3818.0,964.0,1085.0,45.218,45.375
671.338,fusion_fit,99.7,334.98828125,17.0,2175.5703125,2307.0,0.0,3858.0,964.0,1085.0,45.125,45.187
671.840,fusion_fit,99.7,334.98828125,17.3,2170.625,2302.0,0.0,3818.0,964.0,1085.0,45.312,45.312
672.343,fusion_fit,99.4,334.98828125,16.9,2170.625,2302.0,0.0,3818.0,964.0,1085.0,45.125,45.406
672.845,fusion_fit,99.6,334.98828125,17.3,2168.6171875,2300.0,0.0,3818.0,964.0,1085.0,45.031,45.312
673.347,fusion_fit,99.5,334.98828125,16.7,2168.6171875,2300.0,0.0,3818.0,964.0,1085.0,45.062,45.312
673.849,fusion_fit,99.6,334.98828125,17.3,2164.6171875,2296.0,0.0,3818.0,964.0,1085.0,45.343,45.343
674.352,fusion_fit,99.6,334.98828125,16.7,2164.6171875,2296.0,0.0,3818.0,924.0,1085.0,45.125,45.218
674.854,fusion_fit,101.5,334.98828125,17.3,2162.609375,2294.0,0.0,3818.0,964.0,1085.0,45.093,45.312
675.356,fusion_fit,99.6,334.98828125,16.7,2162.609375,2294.0,0.0,3818.0,924.0,1085.0,44.937,45.218
675.859,fusion_fit,99.6,334.98828125,17.3,2160.609375,2292.0,0.0,3818.0,964.0,1085.0,45.406,45.406
676.361,fusion_fit,99.5,334.98828125,16.9,2160.609375,2292.0,0.0,3818.0,924.0,1085.0,45.0,45.156
676.863,fusion_fit,99.7,334.98828125,17.0,2158.609375,2290.0,0.0,3858.0,964.0,1085.0,45.156,45.343
677.365,fusion_fit,99.6,334.98828125,17.3,2158.609375,2290.0,0.0,3858.0,964.0,1085.0,45.093,45.281
677.868,fusion_fit,99.4,334.98828125,17.5,2156.609375,2288.0,0.0,3818.0,964.0,1085.0,45.062,45.281
678.370,fusion_fit,101.6,334.98828125,16.9,2156.609375,2288.0,0.0,3818.0,964.0,1085.0,44.968,45.281
678.873,fusion_fit,99.5,334.98828125,16.7,2154.609375,2286.0,0.0,3818.0,964.0,1085.0,45.25,45.25
679.374,fusion_fit,99.7,334.98828125,17.3,2154.609375,2286.0,0.0,3818.0,964.0,1085.0,45.031,45.406
679.878,fusion_fit,99.3,334.98828125,17.0,2154.6015625,2286.0,0.0,3858.0,964.0,1085.0,45.031,45.343
680.379,fusion_fit,99.6,334.98828125,17.0,2154.6015625,2286.0,0.0,3858.0,964.0,1085.0,44.968,45.218
680.881,fusion_fit,99.6,334.98828125,17.9,2152.6015625,2284.0,0.0,3818.0,964.0,1085.0,45.125,45.187
681.384,fusion_fit,99.5,334.98828125,16.7,2152.6015625,2284.0,0.0,3818.0,964.0,1085.0,45.218,45.218
681.886,fusion_fit,99.6,334.98828125,17.0,2152.6015625,2284.0,0.0,3818.0,964.0,1085.0,45.093,45.312
682.388,fusion_fit,99.6,334.98828125,17.0,2152.6015625,2284.0,0.0,3818.0,964.0,1085.0,45.093,45.281
682.890,fusion_fit,99.6,334.98828125,17.0,2152.6015625,2284.0,0.0,3818.0,964.0,1085.0,45.25,45.25
683.392,fusion_fit,99.6,334.98828125,16.9,2152.6015625,2284.0,0.0,3818.0,924.0,1085.0,45.156,45.187
683.894,fusion_fit,99.6,334.98828125,16.7,2152.6015625,2284.0,0.0,3818.0,964.0,1085.0,45.062,45.312
684.396,fusion_fit,99.6,334.98828125,17.8,2152.6015625,2284.0,0.0,3818.0,964.0,1085.0,44.968,45.343
684.898,fusion_fit,101.5,334.98828125,17.0,2152.59375,2284.0,0.0,3818.0,964.0,1085.0,45.031,45.25
685.401,fusion_fit,99.6,334.98828125,17.0,2152.5859375,2284.0,0.0,3858.0,964.0,1085.0,44.906,45.156
685.902,fusion_fit,97.7,334.98828125,17.9,2152.5859375,2284.0,0.0,3858.0,964.0,1085.0,45.125,45.156
686.404,fusion_fit,101.6,334.98828125,16.7,2152.5859375,2284.0,0.0,3858.0,964.0,1085.0,45.156,45.437
686.906,fusion_fit,99.7,334.98828125,17.3,2152.58203125,2284.0,0.0,3818.0,964.0,1085.0,45.093,45.281
687.408,fusion_fit,99.6,334.98828125,17.0,2152.58203125,2284.0,0.0,3858.0,964.0,1085.0,44.968,45.343
687.909,fusion_fit,97.7,334.98828125,17.5,2152.58203125,2284.0,0.0,3818.0,964.0,1085.0,45.125,45.187
688.412,fusion_fit,103.4,334.98828125,16.7,2152.58203125,2284.0,0.0,3818.0,964.0,1085.0,45.218,45.218
688.914,fusion_fit,97.6,334.98828125,17.9,2152.58203125,2284.0,0.0,3858.0,964.0,1085.0,45.093,45.25
689.417,fusion_fit,99.5,334.98828125,16.9,2152.58203125,2284.0,0.0,3818.0,964.0,1085.0,44.937,45.25
689.919,fusion_fit,99.5,334.98828125,16.8,2152.58203125,2284.0,0.0,3818.0,964.0,1085.0,44.968,45.25
690.421,fusion_fit,101.6,334.98828125,17.8,2152.58203125,2284.0,0.0,3858.0,964.0,1085.0,45.187,45.281
690.922,fusion_fit,99.7,334.98828125,16.5,2152.5703125,2284.0,0.0,3858.0,964.0,1085.0,45.093,45.156
691.424,fusion_fit,97.7,334.98828125,16.7,2152.5703125,2284.0,0.0,3818.0,964.0,1085.0,45.093,45.281
691.925,fusion_fit,99.7,334.98828125,17.6,2152.5703125,2284.0,0.0,3818.0,964.0,1085.0,45.0,45.25
692.427,fusion_fit,99.6,334.98828125,16.7,2152.5703125,2284.0,0.0,3818.0,964.0,1085.0,45.093,45.187
692.929,fusion_fit,101.7,334.98828125,17.5,2152.5703125,2284.0,0.0,3818.0,964.0,1085.0,45.125,45.156
693.431,fusion_fit,99.7,334.98828125,16.4,2152.5703125,2284.0,0.0,3818.0,964.0,1085.0,45.125,45.156
693.932,fusion_fit,99.6,334.98828125,17.5,2152.5703125,2284.0,0.0,3818.0,964.0,1085.0,45.125,45.187
694.435,fusion_fit,99.4,334.98828125,16.9,2152.5703125,2284.0,0.0,3818.0,964.0,1085.0,44.906,45.312
694.938,fusion_fit,99.4,334.98828125,17.6,2152.5703125,2284.0,0.0,3818.0,964.0,1085.0,44.906,45.156
695.441,fusion_fit,99.5,334.98828125,16.7,2152.5703125,2284.0,0.0,3818.0,964.0,1085.0,45.062,45.218
695.943,fusion_fit,99.6,334.98828125,17.5,2152.5625,2284.0,0.0,3818.0,964.0,1085.0,45.187,45.218
696.444,fusion_fit,97.7,334.98828125,16.7,2152.80859375,2284.0,0.0,3858.0,964.0,1085.0,45.062,45.156
696.946,fusion_fit,101.7,334.98828125,17.2,2152.80859375,2284.0,0.0,3818.0,964.0,1085.0,45.031,45.281
697.448,fusion_fit,99.7,334.98828125,16.7,2152.80859375,2284.0,0.0,3818.0,964.0,1085.0,44.937,45.218
697.949,fusion_fit,101.6,334.98828125,17.8,2152.80078125,2284.0,0.0,3818.0,964.0,1085.0,45.218,45.25
698.451,fusion_fit,99.7,334.98828125,16.7,2153.046875,2284.0,0.0,3818.0,964.0,1085.0,45.187,45.187
698.953,fusion_fit,99.5,334.98828125,17.0,2153.046875,2284.0,0.0,3818.0,964.0,1085.0,45.031,45.125
699.455,fusion_fit,99.6,334.98828125,17.8,2153.046875,2284.0,0.0,3818.0,964.0,1085.0,44.968,45.187
699.957,fusion_fit,99.7,334.98828125,17.0,2153.046875,2284.0,0.0,3858.0,964.0,1085.0,44.968,45.156
700.459,fusion_fit,99.6,334.98828125,16.7,2153.046875,2284.0,0.0,3858.0,964.0,1085.0,44.906,45.187
700.961,fusion_fit,99.5,334.98828125,17.3,2153.046875,2284.0,0.0,3818.0,964.0,1085.0,45.093,45.187
701.464,fusion_fit,99.4,334.98828125,16.7,2153.046875,2284.0,0.0,3858.0,964.0,1085.0,45.0,45.375
701.965,fusion_fit,99.7,334.98828125,17.0,2153.0390625,2284.0,0.0,3818.0,964.0,1085.0,45.062,45.218
702.467,fusion_fit,99.6,334.98828125,17.3,2153.0390625,2284.0,0.0,3818.0,964.0,1085.0,44.968,45.156
702.969,fusion_fit,99.7,334.98828125,17.3,2153.0390625,2284.0,0.0,3818.0,964.0,1085.0,45.093,45.093
703.471,fusion_fit,99.7,334.98828125,17.0,2153.0390625,2284.0,0.0,3818.0,964.0,1085.0,45.187,45.343
703.972,fusion_fit,99.7,334.98828125,16.4,2153.0390625,2284.0,0.0,3818.0,964.0,1085.0,45.031,45.218
704.474,fusion_fit,99.7,334.98828125,17.3,2153.0390625,2284.0,0.0,3818.0,964.0,1085.0,44.906,45.312
704.976,fusion_fit,99.6,334.98828125,17.3,2153.0390625,2284.0,0.0,3818.0,964.0,1085.0,45.187,45.218
705.477,fusion_fit,101.6,334.98828125,17.0,2153.0390625,2284.0,0.0,3818.0,964.0,1085.0,45.062,45.156
705.979,fusion_fit,97.7,334.98828125,17.0,2153.0390625,2284.0,0.0,3818.0,964.0,1085.0,45.031,45.093
706.481,fusion_fit,101.6,334.98828125,16.7,2153.0390625,2284.0,0.0,3818.0,964.0,1085.0,44.937,45.343
706.982,fusion_fit,97.7,334.98828125,17.3,2153.26953125,2285.0,0.0,3858.0,964.0,1085.0,44.968,45.125
707.484,fusion_fit,99.7,334.98828125,17.7,2153.76171875,2285.0,0.0,3858.0,964.0,1085.0,45.156,45.375
707.986,fusion_fit,99.6,334.98828125,17.3,2153.59375,2285.0,0.0,3858.0,964.0,1085.0,45.093,45.093
708.487,fusion_fit,99.7,334.98828125,17.0,2153.59375,2285.0,0.0,3818.0,964.0,1085.0,45.187,45.187
708.989,fusion_fit,99.7,334.98828125,17.2,2153.59375,2285.0,0.0,3818.0,964.0,1085.0,44.906,45.156
709.490,fusion_fit,99.7,334.98828125,17.1,2153.59375,2285.0,0.0,3818.0,964.0,1085.0,44.843,45.281
709.992,fusion_fit,99.7,334.98828125,17.0,2153.5859375,2285.0,0.0,3818.0,964.0,1085.0,45.062,45.093
710.493,fusion_fit,99.7,334.98828125,17.3,2153.5859375,2285.0,0.0,3818.0,964.0,1085.0,45.125,45.125
710.995,fusion_fit,99.7,334.98828125,17.0,2153.5859375,2285.0,0.0,3818.0,964.0,1085.0,45.0,45.218
711.496,fusion_fit,99.7,334.98828125,17.0,2153.5859375,2285.0,0.0,3818.0,964.0,1085.0,44.906,45.187
711.998,fusion_fit,99.6,334.98828125,16.9,2153.5859375,2285.0,0.0,3818.0,964.0,1085.0,44.875,45.125
712.500,fusion_fit,99.6,334.98828125,17.0,2153.5859375,2285.0,0.0,3858.0,964.0,1085.0,45.187,45.187
713.002,fusion_fit,99.6,334.98828125,17.3,2153.578125,2285.0,0.0,3858.0,964.0,1085.0,45.125,45.125
713.504,fusion_fit,99.6,334.98828125,17.1,2153.578125,2285.0,0.0,3818.0,964.0,1085.0,44.937,45.312
714.006,fusion_fit,99.6,334.98828125,17.6,2153.578125,2285.0,0.0,3818.0,964.0,1085.0,44.906,45.187
714.509,fusion_fit,101.4,334.98828125,17.2,2153.578125,2285.0,0.0,3858.0,964.0,1085.0,45.062,45.156
715.011,fusion_fit,99.5,334.98828125,16.7,2153.578125,2285.0,0.0,3818.0,964.0,1085.0,44.968,45.156
715.513,fusion_fit,99.7,334.98828125,17.0,2153.578125,2285.0,0.0,3818.0,964.0,1085.0,45.125,45.125
716.014,fusion_fit,99.7,334.98828125,17.0,2153.578125,2285.0,0.0,3818.0,964.0,1085.0,44.906,45.218
716.516,fusion_fit,99.6,334.98828125,17.3,2153.41015625,2285.0,0.0,3818.0,964.0,1085.0,44.937,45.125
717.017,fusion_fit,99.7,334.98828125,17.3,2153.33203125,2285.0,0.0,3818.0,964.0,1085.0,44.937,45.093
717.519,fusion_fit,99.7,334.98828125,17.6,2153.33203125,2285.0,0.0,3818.0,964.0,1085.0,45.031,45.187
718.021,fusion_fit,99.5,334.98828125,18.5,2153.54296875,2285.0,0.0,3858.0,964.0,1085.0,44.937,45.062
718.523,fusion_fit,99.6,334.98828125,17.3,2153.54296875,2285.0,0.0,3858.0,964.0,1085.0,44.968,45.218
719.026,fusion_fit,99.5,334.98828125,16.7,2153.54296875,2285.0,0.0,3858.0,964.0,1085.0,44.843,45.25
719.527,fusion_fit,99.7,334.98828125,17.3,2153.54296875,2285.0,0.0,3818.0,964.0,1085.0,45.125,45.156
720.029,fusion_fit,99.8,334.98828125,17.3,2153.54296875,2285.0,0.0,3818.0,964.0,1085.0,45.156,45.156
720.530,fusion_fit,101.7,334.98828125,17.0,2153.54296875,2285.0,0.0,3818.0,964.0,1085.0,44.968,45.093
721.032,fusion_fit,99.7,334.98828125,17.5,2153.54296875,2285.0,0.0,3818.0,964.0,1085.0,44.906,45.25
721.534,fusion_fit,99.6,334.98828125,16.7,2153.54296875,2285.0,0.0,3818.0,964.0,1085.0,44.875,45.093
722.035,fusion_fit,99.6,334.98828125,17.0,2153.54296875,2285.0,0.0,3818.0,964.0,1085.0,44.843,45.375
722.537,fusion_fit,99.6,334.98828125,16.7,2153.54296875,2285.0,0.0,3818.0,964.0,1085.0,45.062,45.125
723.038,fusion_fit,99.8,334.98828125,17.6,2153.53515625,2285.0,0.0,3818.0,964.0,1085.0,45.031,45.25
723.540,fusion_fit,29.9,335.046875,12.0,2157.67578125,2289.0,0.0,3898.0,964.0,1085.0,44.968,45.187
