t_start,t_end,t_release,label,score,alarm,dominant,domain,csec_corr,csec_unc,decision_ms_after_target,csec_wait_ms,prov_score,prov_alarm,|r_bal|,|r_aux|,|r_cool|,|r_ups|,|r_qp|,|r_pv|,|r_reg|,e_rec,e_fc
2.00,3.27,4.17,0,2.06964,1,e_rec,cross-domain,0.6455,0.0000,891.264,890,7.23362,1,-6.243,-2.772,-4.378,0,-8.793,33.72,50,35.93,50
2.40,3.67,4.17,0,-0.06810,0,e_rec,cross-domain,0.4611,0.0000,491.264,490,3.62046,1,-6.243,-2.772,-4.378,0,-8.793,29,48.32,24.57,50
2.80,4.07,4.17,0,10.55918,1,e_rec,cross-domain,0.1537,0.0000,91.264,90,11.78870,1,-6.243,-2.772,-4.378,0,-8.793,18.38,47.14,50,15.26
3.20,4.47,4.48,0,-2.20086,0,|r_qp|,cross-domain,0.0000,0.0000,3.721,0,-2.20086,0,-6.243,-2.772,-4.378,0,-8.793,8.336,50,8.831,50
3.60,4.87,4.88,0,8.46771,1,e_rec,cross-domain,0.0000,0.0000,3.682,0,8.46771,1,-6.243,-2.772,-4.378,0,-8.793,1.571,44.57,40.71,10.74
4.00,5.27,5.28,0,7.93074,1,e_rec,cross-domain,0.0000,0.0000,3.545,0,7.93074,1,-6.243,-2.772,-4.378,0,-8.793,2.323,47.63,39.17,5.289
4.40,5.67,5.68,0,-1.14600,0,|r_qp|,cross-domain,0.0000,0.0000,3.552,0,-1.14600,0,-6.243,-2.772,-4.378,0,-8.793,4.932,41.78,10.99,49.03
4.80,6.07,6.08,0,-0.53577,0,|r_qp|,cross-domain,0.0000,0.0000,3.747,0,-0.53577,0,-6.243,-2.772,-4.378,0,-8.793,7.569,37.87,8.996,0.6993
5.20,6.47,6.48,0,-0.62485,0,|r_qp|,cross-domain,0.0000,0.0000,3.570,0,-0.62485,0,-6.243,-2.772,-4.378,0,-8.793,6.629,28.7,6.949,-0.4295
5.60,6.87,6.88,0,-2.14016,0,|r_qp|,cross-domain,0.0000,0.0000,3.649,0,-2.14016,0,-6.243,-2.772,-4.378,0,-8.793,4.111,18.83,3.174,46.14
6.00,7.27,7.28,0,-2.33863,0,|r_qp|,cross-domain,0.0000,0.0000,3.567,0,-2.33863,0,-6.243,-2.772,-4.378,0,-8.793,1.943,14.29,-0.7472,0.8045
6.40,7.67,7.68,0,-1.83199,0,|r_qp|,cross-domain,0.0000,0.0000,3.541,0,-1.83199,0,-6.243,-2.772,-4.378,0,-8.793,1.695,6.11,-0.7726,-0.3816
6.80,8.07,8.08,0,-0.15337,0,|r_qp|,cross-domain,0.0000,0.0000,3.638,0,-0.15337,0,-6.243,-2.772,-4.378,0,-8.793,2.957,0.622,5.647,38.1
7.20,8.47,8.48,0,-1.48273,0,|r_qp|,cross-domain,0.0000,0.0000,3.470,0,-1.48273,0,-6.243,-2.772,-4.378,0,-8.793,3.16,1.445,-0.7613,-0.3652
7.60,8.87,8.88,0,-1.26242,0,|r_qp|,cross-domain,0.0000,0.0000,3.832,0,-1.26242,0,-6.243,-2.772,-4.378,0,-8.793,4.169,1.024,-0.2398,0.08223
8.00,9.27,9.28,0,-0.31793,0,|r_qp|,cross-domain,0.0000,0.0000,3.687,0,-0.31793,0,-6.243,-2.772,-4.378,0,-8.793,4.587,0.8707,5.44,46.38
8.40,9.67,9.68,0,-1.56987,0,|r_qp|,cross-domain,0.0000,0.0000,3.551,0,-1.56987,0,-6.243,-2.772,-4.378,0,-8.793,3.519,0.02623,-1.336,0.2043
8.80,10.07,10.08,0,-1.45392,0,|r_qp|,cross-domain,0.0000,0.0000,3.660,0,-1.45392,0,-6.243,-2.772,-4.378,0,-8.793,2.085,-0.3329,-0.8025,0.9659
9.20,10.47,10.48,0,-0.59897,0,|r_qp|,cross-domain,0.0000,0.0000,3.480,0,-0.59897,0,-6.243,-2.772,-4.378,0,-8.793,0.2075,-0.1772,4.955,47.37
9.60,10.87,10.88,0,-1.77160,0,|r_qp|,cross-domain,0.0000,0.0000,3.597,0,-1.77160,0,-6.243,-2.772,-4.378,0,-8.793,-0.5158,0.67,-1.372,-0.4458
10.00,11.27,11.28,0,-1.39857,0,|r_qp|,cross-domain,0.0000,0.0000,3.662,0,-1.39857,0,-6.243,-2.772,-4.378,0,-8.793,0.09867,0.1399,-0.2293,1.691
10.40,11.67,11.68,0,-0.17466,0,|r_qp|,cross-domain,0.0000,0.0000,3.567,0,-0.17466,0,-6.243,-2.772,-4.378,0,-8.793,2.161,0.2384,6.126,46.96
10.80,12.07,12.08,0,-1.32930,0,|r_qp|,cross-domain,0.0000,0.0000,3.839,0,-1.32930,0,-6.243,-2.772,-4.378,0,-8.793,3.197,0.6116,-0.428,-0.2165
11.20,12.47,12.48,0,-1.13305,0,|r_qp|,cross-domain,0.0000,0.0000,3.488,0,-1.13305,0,-6.243,-2.772,-4.378,0,-8.793,4.671,0.1339,0.01596,1.453
11.60,12.87,12.88,0,-0.02154,0,|r_qp|,cross-domain,0.0000,0.0000,3.622,0,-0.02154,0,-6.243,-2.772,-4.378,0,-8.793,4.796,0.309,6.23,45.93
12.00,13.27,13.28,0,-1.33138,0,|r_qp|,cross-domain,0.0000,0.0000,3.637,0,-1.33138,0,-6.243,-2.772,-4.378,0,-8.793,4.206,0.7023,-0.5347,0.01041
12.40,13.67,13.68,0,-1.37583,0,|r_qp|,cross-domain,0.0000,0.0000,3.538,0,-1.37583,0,-6.243,-2.772,-4.378,0,-8.793,3.386,0.2898,-0.6249,0.4878
12.80,14.07,14.08,0,-0.50457,0,|r_qp|,cross-domain,0.0000,0.0000,4.127,0,-0.50457,0,-6.243,-2.772,-4.378,0,-8.793,1.952,0.00401,5.194,49.52
13.20,14.47,14.48,0,-1.59454,0,|r_qp|,cross-domain,0.0000,0.0000,3.527,0,-1.59454,0,-6.243,-2.772,-4.378,0,-8.793,1.088,0.3184,-1.076,-0.3759
13.60,14.87,14.88,0,-1.56385,0,|r_qp|,cross-domain,0.0000,0.0000,3.611,0,-1.56385,0,-6.243,-2.772,-4.378,0,-8.793,0.4473,-0.1543,-0.8882,1.306
14.00,15.27,15.28,0,-0.99350,0,|r_qp|,cross-domain,0.0000,0.0000,3.727,0,-0.99350,0,-6.243,-2.772,-4.378,0,-8.793,0.4754,0.04943,3.848,50
14.40,15.67,15.68,0,-1.41218,0,|r_qp|,cross-domain,0.0000,0.0000,3.641,0,-1.41218,0,-6.243,-2.772,-4.378,0,-8.793,0.7941,0.8527,-0.3305,-0.148
14.80,16.07,16.08,0,-1.31049,0,|r_qp|,cross-domain,0.0000,0.0000,3.601,0,-1.31049,0,-6.243,-2.772,-4.378,0,-8.793,1.165,0.3303,-0.07622,1.186
15.20,16.47,16.48,0,-0.23067,0,|r_qp|,cross-domain,0.0000,0.0000,3.548,0,-0.23067,0,-6.243,-2.772,-4.378,0,-8.793,2.236,0.1914,5.752,44
15.60,16.87,16.88,0,-1.33763,0,|r_qp|,cross-domain,0.0000,0.0000,3.537,0,-1.33763,0,-6.243,-2.772,-4.378,0,-8.793,2.966,1.265,-0.3063,-0.4036
16.00,17.27,17.28,0,-1.11814,0,|r_qp|,cross-domain,0.0000,0.0000,3.615,0,-1.11814,0,-6.243,-2.772,-4.378,0,-8.793,3.962,0.2334,0.09947,0.15
16.40,17.67,17.68,0,-1.13391,0,|r_qp|,cross-domain,0.0000,0.0000,3.550,0,-1.13391,0,-6.243,-2.772,-4.378,0,-8.793,3.205,0.09622,3.05,50
16.80,18.07,18.08,0,-1.20707,0,|r_qp|,cross-domain,0.0000,0.0000,3.632,0,-1.20707,0,-6.243,-2.772,-4.378,0,-8.793,2.132,0.2479,0.05681,0.1985
17.20,18.47,18.48,0,-1.56992,0,|r_qp|,cross-domain,0.0000,0.0000,3.620,0,-1.56992,0,-6.243,-2.772,-4.378,0,-8.793,0.443,0.4237,-0.8366,0.5602
17.60,18.87,18.88,0,-0.62126,0,|r_qp|,cross-domain,0.0000,0.0000,3.565,0,-0.62126,0,-6.243,-2.772,-4.378,0,-8.793,0.55,0.5196,4.787,44.14
18.00,19.27,19.28,0,-1.36328,0,|r_qp|,cross-domain,0.0000,0.0000,3.545,0,-1.36328,0,-6.243,-2.772,-4.378,0,-8.793,1.488,1.758,-0.1042,-0.4931
18.40,19.67,19.68,0,-1.26181,0,|r_qp|,cross-domain,0.0000,0.0000,3.787,0,-1.26181,0,-6.243,-2.772,-4.378,0,-8.793,3.15,0.3764,-0.2521,-0.2351
18.80,20.07,20.08,0,-1.15551,0,|r_qp|,cross-domain,0.0000,0.0000,3.540,0,-1.15551,0,-6.243,-2.772,-4.378,0,-8.793,3.567,0.2001,2.953,50
19.20,20.47,20.48,0,-1.50615,0,|r_qp|,cross-domain,0.0000,0.0000,3.567,0,-1.50615,0,-6.243,-2.772,-4.378,0,-8.793,2.538,0.1085,-0.9893,0.1669
19.60,20.87,20.88,0,-1.53494,0,|r_qp|,cross-domain,0.0000,0.0000,3.466,0,-1.53494,0,-6.243,-2.772,-4.378,0,-8.793,0.5512,-0.1885,-0.8679,0.412
20.00,21.27,21.28,0,-0.76149,0,|r_qp|,cross-domain,0.0000,0.0000,3.582,0,-0.76149,0,-6.243,-2.772,-4.378,0,-8.793,-0.9154,-0.02011,4.763,50
20.40,21.67,21.68,0,-1.62697,0,|r_qp|,cross-domain,0.0000,0.0000,3.466,0,-1.62697,0,-6.243,-2.772,-4.378,0,-8.793,-0.7766,0.6385,-0.8436,0.1428
20.80,22.07,22.08,0,-1.56697,0,|r_qp|,cross-domain,0.0000,0.0000,3.481,0,-1.56697,0,-6.243,-2.772,-4.378,0,-8.793,0.07737,-0.01815,-0.9123,-0.2114
21.20,22.47,22.48,0,-0.82846,0,|r_qp|,cross-domain,0.0000,0.0000,3.530,0,-0.82846,0,-6.243,-2.772,-4.378,0,-8.793,0.4022,0.05897,4.391,50
21.60,22.87,22.88,0,-1.63357,0,|r_qp|,cross-domain,0.0000,0.0000,3.527,0,-1.63357,0,-6.243,-2.772,-4.378,0,-8.793,0.4971,0.4724,-1.075,-0.05845
22.00,23.27,23.28,0,-1.52259,0,|r_qp|,cross-domain,0.0000,0.0000,3.647,0,-1.52259,0,-6.243,-2.772,-4.378,0,-8.793,0.7472,-0.03724,-0.8677,-0.3374
22.40,23.67,23.68,0,-1.44924,0,|r_qp|,cross-domain,0.0000,0.0000,3.481,0,-1.44924,0,-6.243,-2.772,-4.378,0,-8.793,0.7367,-0.0001071,2.336,50
22.80,24.07,24.08,0,-1.27170,0,|r_qp|,cross-domain,0.0000,0.0000,3.528,0,-1.27170,0,-6.243,-2.772,-4.378,0,-8.793,0.5819,1.009,0.2378,0.8226
23.20,24.47,24.48,0,-1.53763,0,|r_qp|,cross-domain,0.0000,0.0000,3.572,0,-1.53763,0,-6.243,-2.772,-4.378,0,-8.793,-0.5452,1.527,-0.392,0.4435
23.60,24.87,24.88,0,-1.61024,0,|r_qp|,cross-domain,0.0000,0.0000,3.493,0,-1.61024,0,-6.243,-2.772,-4.378,0,-8.793,-1.148,1.84,1.87,40.52
24.00,25.27,25.28,0,-1.57100,0,|r_qp|,cross-domain,0.0000,0.0000,3.565,0,-1.57100,0,-6.243,-2.772,-4.378,0,-8.793,-0.7447,3.401,-0.08834,0.6814
24.40,25.67,25.68,0,-1.72782,0,|r_qp|,cross-domain,0.0000,0.0000,3.545,0,-1.72782,0,-6.243,-2.772,-4.378,0,-8.793,-0.3613,2.657,-0.8157,0.2633
24.80,26.07,26.08,0,-1.05761,0,|r_qp|,cross-domain,0.0000,0.0000,3.508,0,-1.05761,0,-6.243,-2.772,-4.378,0,-8.793,0.9576,2.346,3.631,43.15
25.20,26.47,26.48,0,-1.43425,0,|r_qp|,cross-domain,0.0000,0.0000,3.547,0,-1.43425,0,-6.243,-2.772,-4.378,0,-8.793,1.612,3.088,-0.04023,0.2765
25.60,26.87,26.88,0,-1.26632,0,|r_qp|,cross-domain,0.0000,0.0000,3.503,0,-1.26632,0,-6.243,-2.772,-4.378,0,-8.793,3.404,1.441,-0.07129,0.06263
26.00,27.27,27.28,0,-1.11641,0,|r_qp|,cross-domain,0.0000,0.0000,3.462,0,-1.11641,0,-6.243,-2.772,-4.378,0,-8.793,3.621,1.054,2.988,45.69
26.40,27.67,27.68,0,-1.31594,0,|r_qp|,cross-domain,0.0000,0.0000,3.628,0,-1.31594,0,-6.243,-2.772,-4.378,0,-8.793,2.618,1.239,-0.102,1.201
26.80,28.07,28.08,0,-1.50894,0,|r_qp|,cross-domain,0.0000,0.0000,3.576,0,-1.50894,0,-6.243,-2.772,-4.378,0,-8.793,0.3547,1.481,-0.4216,0.5161
27.20,28.47,28.48,0,-1.45228,0,|r_qp|,cross-domain,0.0000,0.0000,3.628,0,-1.45228,0,-6.243,-2.772,-4.378,0,-8.793,-0.9532,2.137,2.782,46.82
27.60,28.87,28.88,0,-1.23163,0,|r_qp|,cross-domain,0.0000,0.0000,3.480,0,-1.23163,0,-6.243,-2.772,-4.378,0,-8.793,-0.8105,3.684,1.151,2.069
28.00,29.27,29.28,0,-1.56875,0,|r_qp|,cross-domain,0.0000,0.0000,3.403,0,-1.56875,0,-6.243,-2.772,-4.378,0,-8.793,-0.9334,3.55,-0.02163,0.7723
28.40,29.67,29.68,0,-1.70969,0,|r_qp|,cross-domain,0.0000,0.0000,3.551,0,-1.70969,0,-6.243,-2.772,-4.378,0,-8.793,-1.267,3.722,2.099,43.27
28.80,30.07,30.08,0,-1.63252,0,|r_qp|,cross-domain,0.0000,0.0000,3.433,0,-1.63252,0,-6.243,-2.772,-4.378,0,-8.793,-0.8513,4.651,0.03822,1.757
29.20,30.47,30.48,0,-1.43614,0,|r_qp|,cross-domain,0.0000,0.0000,3.579,0,-1.43614,0,-6.243,-2.772,-4.378,0,-8.793,1.234,2.595,-0.1129,-0.03094
29.60,30.87,30.88,0,-1.29928,0,|r_qp|,cross-domain,0.0000,0.0000,3.526,0,-1.29928,0,-6.243,-2.772,-4.378,0,-8.793,2.845,1.546,2.455,43.27
30.00,31.27,31.28,0,-1.59997,0,|r_qp|,cross-domain,0.0000,0.0000,3.573,0,-1.59997,0,-6.243,-2.772,-4.378,0,-8.793,2.788,1.116,-1.052,1.402
30.40,31.67,31.68,0,-1.65378,0,|r_qp|,cross-domain,0.0000,0.0000,3.736,0,-1.65378,0,-6.243,-2.772,-4.378,0,-8.793,0.8506,0.4025,-1.234,-0.6239
30.80,32.07,32.08,0,-1.52251,0,|r_qp|,cross-domain,0.0000,0.0000,3.625,0,-1.52251,0,-6.243,-2.772,-4.378,0,-8.793,-0.6716,0.6532,2.37,49.27
31.20,32.47,32.48,0,-1.08525,0,|r_qp|,cross-domain,0.0000,0.0000,3.662,0,-1.08525,0,-6.243,-2.772,-4.378,0,-8.793,-1.048,0.985,1.166,2.857
31.60,32.87,32.88,0,-1.54359,0,|r_qp|,cross-domain,0.0000,0.0000,3.457,0,-1.54359,0,-6.243,-2.772,-4.378,0,-8.793,-0.9062,1.82,-0.3069,0.4345
32.00,33.27,33.28,0,-1.33948,0,|r_qp|,cross-domain,0.0000,0.0000,3.499,0,-1.33948,0,-6.243,-2.772,-4.378,0,-8.793,-0.5735,2.1,2.933,44.16
32.40,33.67,33.68,0,-1.00531,0,|r_qp|,cross-domain,0.0000,0.0000,3.600,0,-1.00531,0,-6.243,-2.772,-4.378,0,-8.793,0.2189,4.035,1.873,3.04
32.80,34.07,34.08,0,-1.36784,0,|r_qp|,cross-domain,0.0000,0.0000,3.527,0,-1.36784,0,-6.243,-2.772,-4.378,0,-8.793,1.946,3.464,0.1995,0.1856
33.20,34.47,34.48,0,-0.97431,0,|r_qp|,cross-domain,0.0000,0.0000,3.487,0,-0.97431,0,-6.243,-2.772,-4.378,0,-8.793,3.282,3.609,3.863,43.42
33.60,34.87,34.88,0,-1.84368,0,|r_qp|,cross-domain,0.0000,0.0000,3.570,0,-1.84368,0,-6.243,-2.772,-4.378,0,-8.793,2.952,4.202,-1.244,1.457
34.00,35.27,35.28,0,-1.76116,0,|r_qp|,cross-domain,0.0000,0.0000,3.530,0,-1.76116,0,-6.243,-2.772,-4.378,0,-8.793,1.441,2.087,-1.313,-0.4565
34.40,35.67,35.68,0,-1.18472,0,|r_qp|,cross-domain,0.0000,0.0000,3.690,0,-1.18472,0,-6.243,-2.772,-4.378,0,-8.793,0.1889,1.225,3.361,47.6
34.80,36.07,36.08,0,-1.71947,0,|r_qp|,cross-domain,0.0000,0.0000,3.552,0,-1.71947,0,-6.243,-2.772,-4.378,0,-8.793,0.03105,0.6397,-1.174,1.373
35.20,36.47,36.48,0,-1.61652,0,|r_qp|,cross-domain,0.0000,0.0000,3.554,0,-1.61652,0,-6.243,-2.772,-4.378,0,-8.793,0.2467,0.05187,-1.105,-0.6385
35.60,36.87,36.88,0,-1.26838,0,|r_qp|,cross-domain,0.0000,0.0000,3.649,0,-1.26838,0,-6.243,-2.772,-4.378,0,-8.793,0.7213,0.3377,2.987,50
36.00,37.27,37.28,0,-1.68483,0,|r_qp|,cross-domain,0.0000,0.0000,3.604,0,-1.68483,0,-6.243,-2.772,-4.378,0,-8.793,0.5573,0.7176,-1.146,0.8613
36.40,37.67,37.68,0,-1.63655,0,|r_qp|,cross-domain,0.0000,0.0000,3.684,0,-1.63655,0,-6.243,-2.772,-4.378,0,-8.793,0.5131,0.2347,-1.165,-0.5884
36.80,38.07,38.08,0,-1.20662,0,|r_qp|,cross-domain,0.0000,0.0000,3.558,0,-1.20662,0,-6.243,-2.772,-4.378,0,-8.793,0.3162,0.2028,3.191,49.64
37.20,38.47,38.48,0,-1.61625,0,|r_qp|,cross-domain,0.0000,0.0000,3.552,0,-1.61625,0,-6.243,-2.772,-4.378,0,-8.793,0.08863,0.5552,-0.8994,0.8037
37.60,38.87,38.88,0,-1.66153,0,|r_qp|,cross-domain,0.0000,0.0000,3.610,0,-1.66153,0,-6.243,-2.772,-4.378,0,-8.793,0.2012,0.1191,-1.243,-0.8348
38.00,39.27,39.28,0,-1.53802,0,|r_qp|,cross-domain,0.0000,0.0000,3.580,0,-1.53802,0,-6.243,-2.772,-4.378,0,-8.793,0.08381,-0.03324,2.128,50
38.40,39.67,39.68,0,-1.13590,0,|r_qp|,cross-domain,0.0000,0.0000,3.559,0,-1.13590,0,-6.243,-2.772,-4.378,0,-8.793,0.2292,0.514,0.7573,3.103
38.80,40.07,40.08,0,-1.51926,0,|r_qp|,cross-domain,0.0000,0.0000,3.531,0,-1.51926,0,-6.243,-2.772,-4.378,0,-8.793,0.1124,0.2904,-0.6864,0.05456
39.20,40.47,40.48,0,-0.90205,0,|r_qp|,cross-domain,0.0000,0.0000,3.457,0,-0.90205,0,-6.243,-2.772,-4.378,0,-8.793,1.009,0.1445,3.591,41.48
39.60,40.87,40.88,0,-1.34648,0,|r_qp|,cross-domain,0.0000,0.0000,3.562,0,-1.34648,0,-6.243,-2.772,-4.378,0,-8.793,1.768,1.485,-0.006966,1.782
40.00,41.27,41.28,0,-1.40899,0,|r_qp|,cross-domain,0.0000,0.0000,3.438,0,-1.40899,0,-6.243,-2.772,-4.378,0,-8.793,2.532,1.183,-0.4799,-0.1281
40.40,41.67,41.68,0,-1.01662,0,|r_qp|,cross-domain,0.0000,0.0000,3.665,0,-1.01662,0,-6.243,-2.772,-4.378,0,-8.793,3.002,1.41,3.334,43.52
40.80,42.07,42.08,0,-1.67041,0,|r_qp|,cross-domain,0.0000,0.0000,3.602,0,-1.67041,0,-6.243,-2.772,-4.378,0,-8.793,2.451,2.289,-1.028,0.9762
41.20,42.47,42.48,0,-1.64418,0,|r_qp|,cross-domain,0.0000,0.0000,3.599,0,-1.64418,0,-6.243,-2.772,-4.378,0,-8.793,1.807,0.9479,-1.2,-0.299
41.60,42.87,42.88,0,-1.26274,0,|r_qp|,cross-domain,0.0000,0.0000,3.762,0,-1.26274,0,-6.243,-2.772,-4.378,0,-8.793,0.6502,0.9092,3.025,48.25
42.00,43.27,43.28,0,-1.62513,0,|r_qp|,cross-domain,0.0000,0.0000,3.648,0,-1.62513,0,-6.243,-2.772,-4.378,0,-8.793,0.1033,1.12,-0.7462,2.027
42.40,43.67,43.68,0,-1.50028,0,|r_qp|,cross-domain,0.0000,0.0000,3.656,0,-1.50028,0,-6.243,-2.772,-4.378,0,-8.793,0.04944,0.6997,-0.5278,0.1928
42.80,44.07,44.08,0,-1.08605,0,|r_qp|,cross-domain,0.0000,0.0000,3.979,0,-1.08605,0,-6.243,-2.772,-4.378,0,-8.793,0.8563,0.4729,3.123,42.15
43.20,44.47,44.48,0,-1.15312,0,|r_qp|,cross-domain,0.0000,0.0000,3.570,0,-1.15312,0,-6.243,-2.772,-4.378,0,-8.793,1.984,1.011,0.4553,1.121
43.60,44.87,44.88,-1,-1.21020,0,|r_qp|,cross-domain,0.0000,0.0000,4.308,0,-1.21020,0,-6.243,-2.772,-4.378,0,-8.793,3.608,0.2662,-0.2012,-0.8123
44.00,45.27,45.28,-1,-0.60264,0,|r_qp|,cross-domain,0.0000,0.0000,3.639,0,-0.60264,0,-6.243,-2.772,-4.378,0,-8.793,4.68,0.1933,4.389,46.6
44.40,45.67,45.68,1,-1.49031,0,|r_qp|,cross-domain,0.0000,0.0000,3.461,0,-1.49031,0,-6.243,-2.772,-4.378,0,-8.793,4.019,0.4385,-1.012,1.087
44.80,46.07,46.08,1,-1.58229,0,|r_qp|,cross-domain,0.0000,0.0000,3.637,0,-1.58229,0,-6.243,-2.772,-4.378,0,-8.793,1.536,-0.3725,-1.215,-0.09052
45.20,46.47,46.48,1,-1.17651,0,|r_qp|,cross-domain,0.0000,0.0000,3.574,0,-1.17651,0,-6.243,-2.772,-4.378,0,-8.793,-0.5477,-0.7467,3.071,47.23
45.60,46.87,46.88,1,-1.64310,0,|r_qp|,cross-domain,0.0000,0.0000,3.580,0,-1.64310,0,-6.243,-2.772,-4.378,0,-8.793,-0.9041,0.2945,-0.9768,-0.3626
46.00,47.27,47.28,1,-1.51433,0,|r_qp|,cross-domain,0.0000,0.0000,3.589,0,-1.51433,0,-6.243,-2.772,-4.378,0,-8.793,0.3925,-0.3546,-0.8901,-0.8879
46.40,47.67,47.68,1,-1.53579,0,|r_qp|,cross-domain,0.0000,0.0000,3.557,0,-1.53579,0,-6.243,-2.772,-4.378,0,-8.793,1.62,0.07788,1.957,50
46.80,48.07,48.08,1,-1.24831,0,|r_qp|,cross-domain,0.0000,0.0000,3.602,0,-1.24831,0,-6.243,-2.772,-4.378,0,-8.793,1.974,0.1431,-0.06301,0.4253
47.20,48.47,48.48,1,-1.32562,0,|r_qp|,cross-domain,0.0000,0.0000,3.512,0,-1.32562,0,-6.243,-2.772,-4.378,0,-8.793,2.537,-0.3416,-0.5502,-0.7448
47.60,48.87,48.88,1,-0.79844,0,|r_qp|,cross-domain,0.0000,0.0000,3.577,0,-0.79844,0,-6.243,-2.772,-4.378,0,-8.793,3.124,-0.423,3.777,45.56
48.00,49.27,49.28,1,-1.37258,0,|r_qp|,cross-domain,0.0000,0.0000,3.520,0,-1.37258,0,-6.243,-2.772,-4.378,0,-8.793,3.16,-0.1085,-0.6799,0.2183
48.40,49.67,49.68,1,-1.43238,0,|r_qp|,cross-domain,0.0000,0.0000,3.482,0,-1.43238,0,-6.243,-2.772,-4.378,0,-8.793,2.177,-0.7873,-0.9414,-0.8426
48.80,50.07,50.08,1,-0.98887,0,|r_qp|,cross-domain,0.0000,0.0000,3.515,0,-0.98887,0,-6.243,-2.772,-4.378,0,-8.793,1.252,-0.7959,3.594,50
49.20,50.47,50.48,1,-1.40104,0,|r_qp|,cross-domain,0.0000,0.0000,3.604,0,-1.40104,0,-6.243,-2.772,-4.378,0,-8.793,1.147,-0.1897,-0.5542,-0.268
49.60,50.87,50.88,1,-1.35529,0,|r_qp|,cross-domain,0.0000,0.0000,3.671,0,-1.35529,0,-6.243,-2.772,-4.378,0,-8.793,2.098,-0.4911,-0.6233,-0.8311
50.00,51.27,51.28,1,-1.32612,0,|r_qp|,cross-domain,0.0000,0.0000,3.594,0,-1.32612,0,-6.243,-2.772,-4.378,0,-8.793,3.221,-0.2034,2.321,49.2
50.40,51.67,51.68,1,-0.94516,0,|r_qp|,cross-domain,0.0000,0.0000,3.502,0,-0.94516,0,-6.243,-2.772,-4.378,0,-8.793,3.746,0.2933,0.6691,-0.3231
50.80,52.07,52.08,1,-1.21176,0,|r_qp|,cross-domain,0.0000,0.0000,3.552,0,-1.21176,0,-6.243,-2.772,-4.378,0,-8.793,4.173,0.05862,-0.2901,-0.2889
51.20,52.47,52.48,1,-1.21695,0,|r_qp|,cross-domain,0.0000,0.0000,3.505,0,-1.21695,0,-6.243,-2.772,-4.378,0,-8.793,4.685,0.001871,2.571,50
51.60,52.87,52.88,1,-1.45955,0,|r_qp|,cross-domain,0.0000,0.0000,3.472,0,-1.45955,0,-6.243,-2.772,-4.378,0,-8.793,3.924,0.5258,-0.9861,-0.6702
52.00,53.27,53.28,1,-1.51840,0,|r_qp|,cross-domain,0.0000,0.0000,4.433,0,-1.51840,0,-6.243,-2.772,-4.378,0,-8.793,1.853,-0.3517,-1.047,-0.1146
52.40,53.67,53.68,1,-1.68529,0,|r_qp|,cross-domain,0.0000,0.0000,3.585,0,-1.68529,0,-6.243,-2.772,-4.378,0,-8.793,-0.1989,-0.09549,1.678,50
52.80,54.07,54.08,1,-1.57627,0,|r_qp|,cross-domain,0.0000,0.0000,3.792,0,-1.57627,0,-6.243,-2.772,-4.378,0,-8.793,-0.6545,0.4587,-0.772,-0.543
53.20,54.47,54.48,1,-1.45626,0,|r_qp|,cross-domain,0.0000,0.0000,3.558,0,-1.45626,0,-6.243,-2.772,-4.378,0,-8.793,0.6294,0.4128,-0.5716,-0.7133
53.60,54.87,54.88,1,-1.35544,0,|r_qp|,cross-domain,0.0000,0.0000,3.551,0,-1.35544,0,-6.243,-2.772,-4.378,0,-8.793,2.021,1.119,2.575,48.01
54.00,55.27,55.28,1,-0.82615,0,|r_qp|,cross-domain,0.0000,0.0000,3.693,0,-0.82615,0,-6.243,-2.772,-4.378,0,-8.793,3.014,1.897,1.489,0.07065
54.40,55.67,55.68,1,-0.08093,0,|r_qp|,cross-domain,0.0000,0.0000,3.545,0,-0.08093,0,-6.243,-2.772,-4.378,0,-8.793,4.461,4.054,4.116,-0.1619
54.80,56.07,56.08,1,-1.17814,0,|r_qp|,cross-domain,0.0000,0.0000,3.668,0,-1.17814,0,-6.243,-2.772,-4.378,0,-8.793,5.798,6.767,3.718,47.05
55.20,56.47,56.48,1,-1.87930,0,|r_qp|,cross-domain,0.0000,0.0000,3.511,0,-1.87930,0,-6.243,-2.772,-4.378,0,-8.793,5.712,7.725,-1.118,-0.2141
55.60,56.87,56.88,1,-1.40542,0,|r_qp|,cross-domain,0.0000,0.0000,3.532,0,-1.40542,0,-6.243,-2.772,-4.378,0,-8.793,3.649,5.774,0.3362,0.5589
56.00,57.27,57.28,1,-1.01998,0,|r_qp|,cross-domain,0.0000,0.0000,3.671,0,-1.01998,0,-6.243,-2.772,-4.378,0,-8.793,2.264,3.945,4.099,46.55
56.40,57.67,57.68,1,-1.10258,0,|r_qp|,cross-domain,0.0000,0.0000,3.561,0,-1.10258,0,-6.243,-2.772,-4.378,0,-8.793,2.316,3.585,1.038,0.3118
56.80,58.07,58.08,1,-0.28799,0,|r_qp|,cross-domain,0.0000,0.0000,3.803,0,-0.28799,0,-6.243,-2.772,-4.378,0,-8.793,3.93,6.178,3.94,-0.1314
57.20,58.47,58.48,1,-0.79803,0,|r_qp|,cross-domain,0.0000,0.0000,3.514,0,-0.79803,0,-6.243,-2.772,-4.378,0,-8.793,5.664,9.537,5.409,45.35
57.60,58.87,58.88,1,-0.56446,0,|r_qp|,cross-domain,0.0000,0.0000,3.616,0,-0.56446,0,-6.243,-2.772,-4.378,0,-8.793,6.625,11.03,3.73,1.078
58.00,59.27,59.28,1,0.24197,1,|r_qp|,cross-domain,0.0000,0.0000,3.696,0,0.24197,1,-6.243,-2.772,-4.378,0,-8.793,8.033,12.09,6.273,-0.3476
58.40,59.67,59.68,1,-0.43318,0,|r_qp|,cross-domain,0.0000,0.0000,3.691,0,-0.43318,0,-6.243,-2.772,-4.378,0,-8.793,9.088,12.91,6.718,43.83
58.80,60.07,60.08,1,-1.28306,0,|r_qp|,cross-domain,0.0000,0.0000,3.587,0,-1.28306,0,-6.243,-2.772,-4.378,0,-8.793,9.133,13.16,1.518,1.223
59.20,60.47,60.48,1,-0.30872,0,|r_qp|,cross-domain,0.0000,0.0000,3.662,0,-0.30872,0,-6.243,-2.772,-4.378,0,-8.793,7.624,12.69,4.704,0.2351
59.60,60.87,60.88,1,-1.02688,0,|r_qp|,cross-domain,0.0000,0.0000,3.501,0,-1.02688,0,-6.243,-2.772,-4.378,0,-8.793,6.011,12.1,5.272,47.71
60.00,61.27,61.28,1,-0.86958,0,|r_qp|,cross-domain,0.0000,0.0000,3.616,0,-0.86958,0,-6.243,-2.772,-4.378,0,-8.793,4.903,12.09,3.166,0.8156
60.40,61.67,61.68,1,1.13831,1,|r_qp|,cross-domain,0.0000,0.0000,3.545,0,1.13831,1,-6.243,-2.772,-4.378,0,-8.793,5.004,14.24,10.03,0.4338
60.80,62.07,62.08,1,-1.11591,0,|r_qp|,cross-domain,0.0000,0.0000,3.566,0,-1.11591,0,-6.243,-2.772,-4.378,0,-8.793,5.321,16.78,5.845,45.03
61.20,62.47,62.48,1,1.56972,1,e_rec,cross-domain,0.0000,0.0000,3.607,0,1.56972,1,-6.243,-2.772,-4.378,0,-8.793,6.037,18.41,12.19,1.858
61.60,62.87,62.88,1,4.68371,1,e_rec,cross-domain,0.0000,0.0000,3.612,0,4.68371,1,-6.243,-2.772,-4.378,0,-8.793,7.581,21.74,22.62,0.7766
62.00,63.27,63.28,1,0.09603,1,|r_qp|,cross-domain,0.0000,0.0000,3.630,0,0.09603,1,-6.243,-2.772,-4.378,0,-8.793,9.464,25.07,10.75,43.27
62.40,63.67,63.68,1,2.49791,1,e_rec,cross-domain,0.0000,0.0000,3.472,0,2.49791,1,-6.243,-2.772,-4.378,0,-8.793,10.16,26.48,16.27,2.243
62.80,64.07,64.08,1,2.72280,1,e_rec,cross-domain,0.0000,0.0000,4.239,0,2.72280,1,-6.243,-2.772,-4.378,0,-8.793,9.317,27.53,17.19,0.09424
63.20,64.47,64.48,1,0.17586,1,e_rec,cross-domain,0.0000,0.0000,3.892,0,0.17586,1,-6.243,-2.772,-4.378,0,-8.793,8.368,28.07,12.05,48.43
63.60,64.87,64.88,1,-0.67601,0,|r_qp|,cross-domain,0.0000,0.0000,3.766,0,-0.67601,0,-6.243,-2.772,-4.378,0,-8.793,7.565,28.24,6.71,1.938
64.00,65.27,65.28,1,1.97572,1,e_rec,cross-domain,0.0000,0.0000,3.685,0,1.97572,1,-6.243,-2.772,-4.378,0,-8.793,7.011,26.54,14.89,0.2092
64.40,65.67,65.68,1,-0.84537,0,|r_qp|,cross-domain,0.0000,0.0000,3.565,0,-0.84537,0,-6.243,-2.772,-4.378,0,-8.793,6.656,25.12,8.185,44.86
64.80,66.07,66.08,1,4.31109,1,e_rec,cross-domain,0.0000,0.0000,3.665,0,4.31109,1,-6.243,-2.772,-4.378,0,-8.793,7.305,23.93,22.01,2.749
65.20,66.47,66.48,1,4.90253,1,e_rec,cross-domain,0.0000,0.0000,3.699,0,4.90253,1,-6.243,-2.772,-4.378,0,-8.793,9.73,27.59,24.18,0.2114
65.60,66.87,66.88,1,-0.27470,0,|r_qp|,cross-domain,0.0000,0.0000,3.638,0,-0.27470,0,-6.243,-2.772,-4.378,0,-8.793,11.85,30.88,10.28,41.23
66.00,67.27,67.28,1,1.72359,1,e_rec,cross-domain,0.0000,0.0000,3.817,0,1.72359,1,-6.243,-2.772,-4.378,0,-8.793,12.6,32.17,14.58,2.26
66.40,67.67,67.68,1,4.33707,1,e_rec,cross-domain,0.0000,0.0000,3.627,0,4.33707,1,-6.243,-2.772,-4.378,0,-8.793,11.45,31.95,23,0.4042
66.80,68.07,68.08,1,0.47306,1,e_rec,cross-domain,0.0000,0.0000,3.607,0,0.47306,1,-6.243,-2.772,-4.378,0,-8.793,10.77,31.26,13.13,45.12
67.20,68.47,68.48,1,3.85546,1,e_rec,cross-domain,0.0000,0.0000,3.666,0,3.85546,1,-6.243,-2.772,-4.378,0,-8.793,10.31,31.28,21.6,2.619
67.60,68.87,68.88,1,4.55902,1,e_rec,cross-domain,0.0000,0.0000,3.502,0,4.55902,1,-6.243,-2.772,-4.378,0,-8.793,10.77,33.88,24.18,0.2324
68.00,69.27,69.28,1,0.11151,1,e_rec,cross-domain,0.0000,0.0000,3.648,0,0.11151,1,-6.243,-2.772,-4.378,0,-8.793,11.22,36.13,12.83,44.39
68.40,69.67,69.68,1,6.63745,1,e_rec,cross-domain,0.0000,0.0000,3.654,0,6.63745,1,-6.243,-2.772,-4.378,0,-8.793,11.58,37.14,31.59,3.067
68.80,70.07,70.08,1,8.80815,1,e_rec,cross-domain,0.0000,0.0000,3.553,0,8.80815,1,-6.243,-2.772,-4.378,0,-8.793,11.94,39.98,38.95,0.6607
69.20,70.47,70.48,1,0.28971,1,e_rec,cross-domain,0.0000,0.0000,3.752,0,0.28971,1,-6.243,-2.772,-4.378,0,-8.793,11.82,42.06,14.59,45.93
69.60,70.87,70.88,1,5.40800,1,e_rec,cross-domain,0.0000,0.0000,3.779,0,5.40800,1,-6.243,-2.772,-4.378,0,-8.793,11.16,43.06,28.81,2.344
70.00,71.27,71.28,1,10.02553,1,e_rec,cross-domain,0.0000,0.0000,3.707,0,10.02553,1,-6.243,-2.772,-4.378,0,-8.793,10.12,44.81,44.08,0.7769
70.40,71.67,71.68,1,1.27796,1,e_rec,cross-domain,0.0000,0.0000,3.758,0,1.27796,1,-6.243,-2.772,-4.378,0,-8.793,9.298,45.71,18.85,46.4
70.80,72.07,72.08,1,7.98929,1,e_rec,cross-domain,0.0000,0.0000,3.614,0,7.98929,1,-6.243,-2.772,-4.378,0,-8.793,9.587,46.28,37.99,2.713
71.20,72.47,72.48,1,11.62727,1,e_rec,cross-domain,0.0000,0.0000,3.589,0,11.62727,1,-6.243,-2.772,-4.378,0,-8.793,10.38,48.05,49.86,0.9532
71.60,72.87,72.88,1,1.23874,1,e_rec,cross-domain,0.0000,0.0000,3.608,0,1.23874,1,-6.243,-2.772,-4.378,0,-8.793,11.42,49.29,19.2,47.01
72.00,73.27,73.28,1,6.88581,1,e_rec,cross-domain,0.0000,0.0000,3.577,0,6.88581,1,-6.243,-2.772,-4.378,0,-8.793,12.05,49.04,34.73,3.925
72.40,73.67,73.68,1,10.27233,1,e_rec,cross-domain,0.0000,0.0000,3.614,0,10.27233,1,-6.243,-2.772,-4.378,0,-8.793,12.77,48.12,45.22,1.404
72.80,74.07,74.08,1,1.85979,1,e_rec,cross-domain,0.0000,0.0000,3.514,0,1.85979,1,-6.243,-2.772,-4.378,0,-8.793,14.25,46.3,20.18,46.04
73.20,74.47,74.48,1,11.93283,1,e_rec,cross-domain,0.0000,0.0000,3.579,0,11.93283,1,-6.243,-2.772,-4.378,0,-8.793,14.48,45.59,50,3.965
73.60,74.87,74.88,1,11.74553,1,e_rec,cross-domain,0.0000,0.0000,3.574,0,11.74553,1,-6.243,-2.772,-4.378,0,-8.793,13.94,49.08,50,1.265
74.00,75.27,75.28,1,1.77963,1,e_rec,cross-domain,0.0000,0.0000,3.522,0,1.77963,1,-6.243,-2.772,-4.378,0,-8.793,12.34,50,21.11,49.58
74.40,75.67,75.68,1,10.44958,1,e_rec,cross-domain,0.0000,0.0000,3.597,0,10.44958,1,-6.243,-2.772,-4.378,0,-8.793,11.52,50,46.46,3.727
74.80,76.07,76.08,1,-4.10740,0,|r_qp|,cross-domain,0.0000,0.0000,3.625,0,-4.10740,0,-6.243,-2.772,-4.378,0,-8.793,10.21,45.67,-1.359,-0.08727
75.20,76.47,76.48,1,-2.93602,0,|r_qp|,cross-domain,0.0000,0.0000,3.547,0,-2.93602,0,-6.243,-2.772,-4.378,0,-8.793,6.948,25.63,1.814,50
75.60,76.87,76.88,1,-1.51602,0,|r_qp|,cross-domain,0.0000,0.0000,3.610,0,-1.51602,0,-6.243,-2.772,-4.378,0,-8.793,4.642,14.75,1.619,0.398
76.00,77.27,77.28,1,-1.17889,0,|r_qp|,cross-domain,0.0000,0.0000,3.521,0,-1.17889,0,-6.243,-2.772,-4.378,0,-8.793,2.849,-0.01396,-0.06399,-0.9328
76.40,77.67,77.68,1,-1.35014,0,|r_qp|,cross-domain,0.0000,0.0000,3.627,0,-1.35014,0,-6.243,-2.772,-4.378,0,-8.793,3.916,0.1103,2.146,48.01
76.80,78.07,78.08,1,-1.48096,0,|r_qp|,cross-domain,0.0000,0.0000,3.528,0,-1.48096,0,-6.243,-2.772,-4.378,0,-8.793,3.721,0.4944,-1.035,-0.6704
77.20,78.47,80.44,1,1.43795,1,|r_qp|,cross-domain,0.0000,0.0391,1960.853,1960,1.28170,1,-6.243,-2.772,-4.378,0,-8.793,2.924,-0.06151,7.866,-0.6028
77.60,78.87,80.44,1,7.15747,1,e_rec,cross-domain,0.0000,0.3516,1560.853,1560,5.75122,1,-6.243,-2.772,-4.378,0,-8.793,7.014,0.1978,24.76,50
78.00,79.27,81.05,1,3.34651,1,|r_qp|,cross-domain,0.0000,0.6562,1771.036,1770,0.72151,1,-6.243,-2.772,-4.378,0,-8.793,9.916,1.002,5.436,0.6697
78.40,79.67,81.05,1,1.89085,1,|r_qp|,cross-domain,0.0000,0.7734,1371.036,1370,-1.20290,0,-6.243,-2.772,-4.378,0,-8.793,11.19,0.5037,-1.122,-0.8813
78.80,80.07,81.05,1,0.79701,1,|r_qp|,cross-domain,0.0000,0.4844,971.036,970,-1.14049,0,-6.243,-2.772,-4.378,0,-8.793,6.759,0.3862,2.623,50
79.20,80.47,81.05,1,-0.75516,0,|r_qp|,cross-domain,0.0000,0.1797,571.036,570,-1.47391,0,-6.243,-2.772,-4.378,0,-8.793,4.09,0.9493,-0.8344,1.637
79.60,80.87,80.88,1,-1.54769,0,|r_qp|,cross-domain,0.0000,0.0000,3.764,0,-1.54769,0,-6.243,-2.772,-4.378,0,-8.793,1.565,0.3896,-0.9845,-0.5756
80.00,81.27,82.94,1,3.28133,1,e_rec,cross-domain,0.0000,0.2734,1661.029,1660,2.18758,1,-6.243,-2.772,-4.378,0,-8.793,3.612,0.6898,13.31,41.44
80.40,81.67,82.94,1,1.56984,1,|r_qp|,cross-domain,0.0000,0.3906,1261.029,1260,0.00734,1,-6.243,-2.772,-4.378,0,-8.793,6.164,0.4148,3.46,-0.122
80.80,82.07,82.94,1,0.15713,1,|r_qp|,cross-domain,0.0000,0.3906,861.029,860,-1.40537,0,-6.243,-2.772,-4.378,0,-8.793,8.31,0.1612,-1.433,-0.2971
81.20,82.47,82.94,1,-0.95043,0,|r_qp|,cross-domain,0.0000,0.1797,461.029,460,-1.66918,0,-6.243,-2.772,-4.378,0,-8.793,6.597,-0.0616,0.8518,50
81.60,82.87,82.88,1,-1.53471,0,|r_qp|,cross-domain,0.0000,0.0000,3.700,0,-1.53471,0,-6.243,-2.772,-4.378,0,-8.793,2.253,0.8309,-0.9343,-0.396
82.00,83.27,83.28,1,-1.75923,0,|r_qp|,cross-domain,0.0000,0.0000,3.546,0,-1.75923,0,-6.243,-2.772,-4.378,0,-8.793,-1.198,0.6274,-1.269,-0.7358
82.40,83.67,83.68,1,-1.67444,0,|r_qp|,cross-domain,0.0000,0.0000,3.694,0,-1.67444,0,-6.243,-2.772,-4.378,0,-8.793,-1.169,0.6215,1.981,50
82.80,84.07,84.08,1,-1.37842,0,|r_qp|,cross-domain,0.0000,0.0000,3.510,0,-1.37842,0,-6.243,-2.772,-4.378,0,-8.793,-0.7075,1.22,0.09214,0.6278
83.20,84.47,84.48,1,-1.43960,0,|r_qp|,cross-domain,0.0000,0.0000,3.555,0,-1.43960,0,-6.243,-2.772,-4.378,0,-8.793,0.9291,0.3015,-0.5913,-0.9234
83.60,84.87,84.88,1,-1.01040,0,|r_qp|,cross-domain,0.0000,0.0000,3.681,0,-1.01040,0,-6.243,-2.772,-4.378,0,-8.793,2.701,0.1853,3.223,44.76
84.00,85.27,85.28,1,-1.21018,0,|r_qp|,cross-domain,0.0000,0.0000,3.570,0,-1.21018,0,-6.243,-2.772,-4.378,0,-8.793,3.402,0.06789,-0.188,-0.3767
84.40,85.67,85.68,1,-1.30570,0,|r_qp|,cross-domain,0.0000,0.0000,3.702,0,-1.30570,0,-6.243,-2.772,-4.378,0,-8.793,3.482,-0.2443,-0.5871,-0.7001
84.80,86.07,86.08,1,-1.19904,0,|r_qp|,cross-domain,0.0000,0.0000,3.684,0,-1.19904,0,-6.243,-2.772,-4.378,0,-8.793,2.646,0.09783,2.913,50
85.20,86.47,86.48,1,14.06052,1,e_rec,cross-domain,0.0000,0.0000,3.630,0,14.06052,1,-6.243,-2.772,-4.378,0,-8.793,1.653,0.8577,50,9.696
85.60,86.87,86.88,1,-1.67623,0,|r_qp|,cross-domain,0.0000,0.0000,3.653,0,-1.67623,0,-6.243,-2.772,-4.378,0,-8.793,0.3439,0.5582,-1.221,-0.8251
86.00,87.27,87.28,1,-1.71368,0,|r_qp|,cross-domain,0.0000,0.0000,3.632,0,-1.71368,0,-6.243,-2.772,-4.378,0,-8.793,-0.03607,0.3378,1.651,50
86.40,87.67,87.68,1,-1.33761,0,|r_qp|,cross-domain,0.0000,0.0000,3.547,0,-1.33761,0,-6.243,-2.772,-4.378,0,-8.793,0.5454,0.4737,-0.1028,0.3647
86.80,88.07,88.08,1,-1.19126,0,|r_qp|,cross-domain,0.0000,0.0000,3.719,0,-1.19126,0,-6.243,-2.772,-4.378,0,-8.793,2.18,-0.164,-0.03636,-0.7596
87.20,88.47,88.48,1,-0.30316,0,|r_qp|,cross-domain,0.0000,0.0000,3.703,0,-0.30316,0,-6.243,-2.772,-4.378,0,-8.793,5.201,0.2361,5.495,50
87.60,88.87,88.88,1,-1.07739,0,|r_qp|,cross-domain,0.0000,0.0000,3.667,0,-1.07739,0,-6.243,-2.772,-4.378,0,-8.793,6.731,0.7735,-0.04534,-0.2363
88.00,89.27,89.28,1,-1.46286,0,|r_qp|,cross-domain,0.0000,0.0000,3.660,0,-1.46286,0,-6.243,-2.772,-4.378,0,-8.793,6.097,0.596,-1.278,-0.8803
88.40,89.67,89.68,1,-1.72250,0,|r_qp|,cross-domain,0.0000,0.0000,3.624,0,-1.72250,0,-6.243,-2.772,-4.378,0,-8.793,3.331,0.8911,1.294,50
88.80,90.07,90.08,1,-1.74827,0,|r_qp|,cross-domain,0.0000,0.0000,3.726,0,-1.74827,0,-6.243,-2.772,-4.378,0,-8.793,1.115,2.366,-1.184,-0.6251
89.20,90.47,90.48,1,-1.45720,0,|r_qp|,cross-domain,0.0000,0.0000,3.616,0,-1.45720,0,-6.243,-2.772,-4.378,0,-8.793,-0.1796,2.243,-0.06604,-0.02481
89.60,90.87,92.71,1,1.19824,1,|r_qp|,cross-domain,0.0000,0.1406,1831.106,1830,0.63574,1,-6.243,-2.772,-4.378,0,-8.793,2.447,2.944,9.019,43.26
90.00,91.27,92.71,1,-0.10104,0,|r_qp|,cross-domain,0.0000,0.2344,1431.106,1430,-1.03854,0,-6.243,-2.772,-4.378,0,-8.793,5.218,2.983,0.7315,0.05107
90.40,91.67,92.71,1,-0.21390,0,|r_qp|,cross-domain,0.0000,0.2344,1031.106,1030,-1.15140,0,-6.243,-2.772,-4.378,0,-8.793,7.243,1.944,-0.1573,-0.8958
90.80,92.07,92.71,1,-1.10243,0,|r_qp|,cross-domain,0.0000,0.1562,631.106,630,-1.72743,0,-6.243,-2.772,-4.378,0,-8.793,6.076,1.322,1.006,50
91.20,92.47,92.48,1,-1.58292,0,|r_qp|,cross-domain,0.0000,0.0000,3.661,0,-1.58292,0,-6.243,-2.772,-4.378,0,-8.793,2.493,1.075,-1.096,-0.7945
91.60,92.87,92.88,1,-1.64098,0,|r_qp|,cross-domain,0.0000,0.0000,3.740,0,-1.64098,0,-6.243,-2.772,-4.378,0,-8.793,0.07299,0.6477,-1.017,-0.1959
92.00,93.27,93.28,1,-1.83378,0,|r_qp|,cross-domain,0.0000,0.0000,3.693,0,-1.83378,0,-6.243,-2.772,-4.378,0,-8.793,-0.655,0.3695,1.351,50
92.40,93.67,93.68,1,-1.74127,0,|r_qp|,cross-domain,0.0000,0.0000,3.778,0,-1.74127,0,-6.243,-2.772,-4.378,0,-8.793,-0.1948,0.9959,-1.262,-0.6241
92.80,94.07,94.08,1,-1.66479,0,|r_qp|,cross-domain,0.0000,0.0000,3.665,0,-1.66479,0,-6.243,-2.772,-4.378,0,-8.793,-0.2533,0.3491,-1.094,0.09492
93.20,94.47,94.48,1,-1.25076,0,|r_qp|,cross-domain,0.0000,0.0000,3.609,0,-1.25076,0,-6.243,-2.772,-4.378,0,-8.793,1.209,0.4804,2.947,48.94
93.60,94.87,94.88,1,-1.32097,0,|r_qp|,cross-domain,0.0000,0.0000,3.594,0,-1.32097,0,-6.243,-2.772,-4.378,0,-8.793,1.745,0.621,-0.2313,-0.5741
94.00,95.27,95.28,1,-1.48362,0,|r_qp|,cross-domain,0.0000,0.0000,3.611,0,-1.48362,0,-6.243,-2.772,-4.378,0,-8.793,2.642,0.318,-0.95,-0.8755
94.40,95.67,95.68,1,-1.86170,0,|r_qp|,cross-domain,0.0000,0.0000,3.578,0,-1.86170,0,-6.243,-2.772,-4.378,0,-8.793,1.703,0.1166,0.9037,50
94.80,96.07,96.08,-1,-0.66022,0,|r_qp|,cross-domain,0.0000,0.0000,3.686,0,-0.66022,0,-6.243,-2.772,-4.378,0,-8.793,1.502,0.6812,2.012,0.62
95.20,96.47,96.48,-1,-0.94300,0,|r_qp|,cross-domain,0.0000,0.0000,3.582,0,-0.94300,0,-6.243,-2.772,-4.378,0,-8.793,3.315,0.2728,0.7241,-0.3913
95.60,96.87,96.88,-1,-0.74485,0,|r_qp|,cross-domain,0.0000,0.0000,3.600,0,-0.74485,0,-6.243,-2.772,-4.378,0,-8.793,5.542,0.2268,3.655,43.69
96.00,97.27,97.28,-1,-0.84574,0,|r_qp|,cross-domain,0.0000,0.0000,3.615,0,-0.84574,0,-6.243,-2.772,-4.378,0,-8.793,6.816,0.8335,0.7049,-0.1859
96.40,97.67,97.68,-1,-0.94756,0,|r_qp|,cross-domain,0.0000,0.0000,3.536,0,-0.94756,0,-6.243,-2.772,-4.378,0,-8.793,6.089,0.2176,0.3324,-0.476
96.80,98.07,98.08,-1,-1.26771,0,|r_qp|,cross-domain,0.0000,0.0000,3.593,0,-1.26771,0,-6.243,-2.772,-4.378,0,-8.793,4.884,0.5054,2.481,50
97.20,98.47,98.48,-1,-1.58684,0,|r_qp|,cross-domain,0.0000,0.0000,3.494,0,-1.58684,0,-6.243,-2.772,-4.378,0,-8.793,3.377,0.984,-1.213,-0.3066
97.60,98.87,98.88,-1,-1.63880,0,|r_qp|,cross-domain,0.0000,0.0000,3.534,0,-1.63880,0,-6.243,-2.772,-4.378,0,-8.793,1.108,0.3392,-1.22,-0.4344
98.00,99.27,99.28,-1,-1.62652,0,|r_qp|,cross-domain,0.0000,0.0000,3.608,0,-1.62652,0,-6.243,-2.772,-4.378,0,-8.793,-0.07292,0.1826,1.906,50
98.40,99.67,99.68,-1,-1.54802,0,|r_qp|,cross-domain,0.0000,0.0000,3.542,0,-1.54802,0,-6.243,-2.772,-4.378,0,-8.793,-0.3266,0.2281,-0.7762,-0.6598
98.80,100.07,100.08,-1,-1.45690,0,|r_qp|,cross-domain,0.0000,0.0000,3.605,0,-1.45690,0,-6.243,-2.772,-4.378,0,-8.793,0.5462,-0.1045,-0.6676,-0.7528
99.20,100.47,100.48,-1,-1.95105,0,|r_qp|,cross-domain,0.0000,0.0000,3.571,0,-1.95105,0,-6.243,-2.772,-4.378,0,-8.793,0.6289,0.03084,0.7386,50
99.60,100.87,100.88,-1,-1.60829,0,|r_qp|,cross-domain,0.0000,0.0000,3.429,0,-1.60829,0,-6.243,-2.772,-4.378,0,-8.793,0.1844,0.6402,-0.941,-0.4167
100.00,101.27,101.28,-1,-1.70152,0,|r_qp|,cross-domain,0.0000,0.0000,3.626,0,-1.70152,0,-6.243,-2.772,-4.378,0,-8.793,-0.4321,0.05624,-1.292,-0.6739
100.40,101.67,101.68,-1,-1.84130,0,|r_qp|,cross-domain,0.0000,0.0000,3.542,0,-1.84130,0,-6.243,-2.772,-4.378,0,-8.793,-0.5848,0.1376,1.266,49.91
100.80,102.07,102.08,-1,-1.38141,0,|r_qp|,cross-domain,0.0000,0.0000,3.833,0,-1.38141,0,-6.243,-2.772,-4.378,0,-8.793,-0.144,0.5619,-0.1813,-0.3935
101.20,102.47,102.48,-1,-1.38318,0,|r_qp|,cross-domain,0.0000,0.0000,3.615,0,-1.38318,0,-6.243,-2.772,-4.378,0,-8.793,1.026,-0.01469,-0.4348,-0.07486
101.60,102.87,102.88,-1,-1.53133,0,|r_qp|,cross-domain,0.0000,0.0000,3.595,0,-1.53133,0,-6.243,-2.772,-4.378,0,-8.793,2.304,-0.0007836,1.867,50
102.00,103.27,103.28,-1,-1.47535,0,|r_qp|,cross-domain,0.0000,0.0000,3.623,0,-1.47535,0,-6.243,-2.772,-4.378,0,-8.793,2.4,0.4811,-0.8483,-0.6823
102.40,103.67,103.68,-1,-1.59689,0,|r_qp|,cross-domain,0.0000,0.0000,3.512,0,-1.59689,0,-6.243,-2.772,-4.378,0,-8.793,1.177,0.03015,-1.162,-0.5478
102.80,104.07,104.08,-1,-1.64714,0,|r_qp|,cross-domain,0.0000,0.0000,3.445,0,-1.64714,0,-6.243,-2.772,-4.378,0,-8.793,-0.1615,0.3779,1.89,50
103.20,104.47,104.48,-1,-1.76812,0,|r_qp|,cross-domain,0.0000,0.0000,3.620,0,-1.76812,0,-6.243,-2.772,-4.378,0,-8.793,-0.5652,0.8403,-1.315,-0.3468
103.60,104.87,104.88,-1,-1.73793,0,|r_qp|,cross-domain,0.0000,0.0000,3.514,0,-1.73793,0,-6.243,-2.772,-4.378,0,-8.793,-0.8207,0.2829,-1.321,-0.7966
104.00,105.27,105.28,-1,-1.92079,0,|r_qp|,cross-domain,0.0000,0.0000,3.618,0,-1.92079,0,-6.243,-2.772,-4.378,0,-8.793,-0.9189,0.1076,1.053,50
104.40,105.67,105.68,-1,-1.65144,0,|r_qp|,cross-domain,0.0000,0.0000,3.402,0,-1.65144,0,-6.243,-2.772,-4.378,0,-8.793,-1.416,0.3857,-0.9413,-0.7429
104.80,106.07,106.08,-1,-1.71640,0,|r_qp|,cross-domain,0.0000,0.0000,3.429,0,-1.71640,0,-6.243,-2.772,-4.378,0,-8.793,-1.295,0.01962,-1.21,-0.2475
105.20,106.47,106.48,-1,-1.97041,0,|r_qp|,cross-domain,0.0000,0.0000,3.609,0,-1.97041,0,-6.243,-2.772,-4.378,0,-8.793,-0.9865,0.2671,0.9333,50
105.60,106.87,106.88,-1,-1.47545,0,|r_qp|,cross-domain,0.0000,0.0000,3.458,0,-1.47545,0,-6.243,-2.772,-4.378,0,-8.793,-0.8138,0.7783,-0.37,-0.6601
106.00,107.27,107.28,-1,-1.63235,0,|r_qp|,cross-domain,0.0000,0.0000,3.671,0,-1.63235,0,-6.243,-2.772,-4.378,0,-8.793,-0.191,0.171,-1.075,-0.625
106.40,107.67,107.68,-1,-1.74488,0,|r_qp|,cross-domain,0.0000,0.0000,3.674,0,-1.74488,0,-6.243,-2.772,-4.378,0,-8.793,-0.1308,-0.08967,1.306,47.07
106.80,108.07,108.08,-1,-1.50538,0,|r_qp|,cross-domain,0.0000,0.0000,3.520,0,-1.50538,0,-6.243,-2.772,-4.378,0,-8.793,0.1086,0.5392,-0.613,-0.3052
107.20,108.47,108.48,-1,-1.42350,0,|r_qp|,cross-domain,0.0000,0.0000,3.686,0,-1.42350,0,-6.243,-2.772,-4.378,0,-8.793,0.7224,0.07452,-0.5495,-0.7874
107.60,108.87,108.88,-1,-1.57293,0,|r_qp|,cross-domain,0.0000,0.0000,3.526,0,-1.57293,0,-6.243,-2.772,-4.378,0,-8.793,1.797,0.8095,1.684,45.31
108.00,109.27,109.28,-1,-1.40156,0,|r_qp|,cross-domain,0.0000,0.0000,3.678,0,-1.40156,0,-6.243,-2.772,-4.378,0,-8.793,2.478,1.488,-0.3965,-0.2661
108.40,109.67,109.68,-1,-0.93263,0,|r_qp|,cross-domain,0.0000,0.0000,3.529,0,-0.93263,0,-6.243,-2.772,-4.378,0,-8.793,2.739,2.18,1.212,-0.3637
108.80,110.07,110.08,-1,-1.63848,0,|r_qp|,cross-domain,0.0000,0.0000,3.460,0,-1.63848,0,-6.243,-2.772,-4.378,0,-8.793,2.918,3.552,2.146,50
109.20,110.47,110.48,-1,-1.82882,0,|r_qp|,cross-domain,0.0000,0.0000,3.643,0,-1.82882,0,-6.243,-2.772,-4.378,0,-8.793,2.493,4.384,-1.218,-0.5378
109.60,110.87,110.88,-1,-1.80553,0,|r_qp|,cross-domain,0.0000,0.0000,3.607,0,-1.80553,0,-6.243,-2.772,-4.378,0,-8.793,0.98,3.044,-1.188,-0.1526
110.00,111.27,111.28,-1,-1.87063,0,|r_qp|,cross-domain,0.0000,0.0000,3.527,0,-1.87063,0,-6.243,-2.772,-4.378,0,-8.793,-0.4013,1.261,1.376,50
110.40,111.67,111.68,-1,-1.53303,0,|r_qp|,cross-domain,0.0000,0.0000,3.593,0,-1.53303,0,-6.243,-2.772,-4.378,0,-8.793,-0.4632,0.5584,-0.6306,-0.4196
110.80,112.07,112.08,-1,-1.47668,0,|r_qp|,cross-domain,0.0000,0.0000,3.476,0,-1.47668,0,-6.243,-2.772,-4.378,0,-8.793,0.8809,0.1382,-0.7276,-0.7666
111.20,112.47,112.48,-1,-1.68580,0,|r_qp|,cross-domain,0.0000,0.0000,3.637,0,-1.68580,0,-6.243,-2.772,-4.378,0,-8.793,1.917,0.3118,1.481,50
111.60,112.87,112.88,-1,-1.21731,0,|r_qp|,cross-domain,0.0000,0.0000,3.483,0,-1.21731,0,-6.243,-2.772,-4.378,0,-8.793,2.338,1.086,0.1601,0.1487
112.00,113.27,113.28,-1,-1.27685,0,|r_qp|,cross-domain,0.0000,0.0000,4.302,0,-1.27685,0,-6.243,-2.772,-4.378,0,-8.793,2.839,0.4337,-0.2849,-0.85
112.40,113.67,113.68,-1,-1.56137,0,|r_qp|,cross-domain,0.0000,0.0000,3.909,0,-1.56137,0,-6.243,-2.772,-4.378,0,-8.793,3.153,0.2712,1.713,50
112.80,114.07,114.08,-1,-1.43523,0,|r_qp|,cross-domain,0.0000,0.0000,3.568,0,-1.43523,0,-6.243,-2.772,-4.378,0,-8.793,3.029,0.5195,-0.7946,-0.7071
113.20,114.47,114.48,-1,-1.58380,0,|r_qp|,cross-domain,0.0000,0.0000,3.675,0,-1.58380,0,-6.243,-2.772,-4.378,0,-8.793,1.493,-0.08215,-1.193,-0.715
113.60,114.87,114.88,-1,-1.91726,0,|r_qp|,cross-domain,0.0000,0.0000,3.601,0,-1.91726,0,-6.243,-2.772,-4.378,0,-8.793,0.1387,0.08748,0.9225,50
114.00,115.27,115.28,-1,-1.61659,0,|r_qp|,cross-domain,0.0000,0.0000,3.498,0,-1.61659,0,-6.243,-2.772,-4.378,0,-8.793,-0.3429,0.6318,-0.8986,-0.3788
114.40,115.67,115.68,-1,-1.36435,0,|r_qp|,cross-domain,0.0000,0.0000,3.575,0,-1.36435,0,-6.243,-2.772,-4.378,0,-8.793,0.1762,1.406,-0.02714,-0.8424
114.80,116.07,116.08,-1,-2.02262,0,|r_qp|,cross-domain,0.0000,0.0000,3.406,0,-2.02262,0,-6.243,-2.772,-4.378,0,-8.793,0.3654,3.288,1.188,50
115.20,116.47,116.48,-1,-1.73144,0,|r_qp|,cross-domain,0.0000,0.0000,3.608,0,-1.73144,0,-6.243,-2.772,-4.378,0,-8.793,0.6114,4.192,-0.6447,0.3492
115.60,116.87,116.88,-1,-1.68703,0,|r_qp|,cross-domain,0.0000,0.0000,3.538,0,-1.68703,0,-6.243,-2.772,-4.378,0,-8.793,0.6577,2.864,-0.8212,-0.5096
116.00,117.27,117.28,-1,-1.60619,0,|r_qp|,cross-domain,0.0000,0.0000,3.478,0,-1.60619,0,-6.243,-2.772,-4.378,0,-8.793,1.518,1.35,1.841,47.37
116.40,117.67,117.68,-1,-1.57498,0,|r_qp|,cross-domain,0.0000,0.0000,3.654,0,-1.57498,0,-6.243,-2.772,-4.378,0,-8.793,1.974,0.702,-1.052,-0.3844
116.80,118.07,118.08,-1,-1.17426,0,|r_qp|,cross-domain,0.0000,0.0000,3.475,0,-1.17426,0,-6.243,-2.772,-4.378,0,-8.793,1.72,1.056,0.3532,-0.1932
117.20,118.47,118.48,-1,-1.87331,0,|r_qp|,cross-domain,0.0000,0.0000,3.692,0,-1.87331,0,-6.243,-2.772,-4.378,0,-8.793,0.5877,2.443,1.472,50
117.60,118.87,118.88,-1,-1.70129,0,|r_qp|,cross-domain,0.0000,0.0000,3.560,0,-1.70129,0,-6.243,-2.772,-4.378,0,-8.793,-0.02895,3.716,-0.5879,-0.149
118.00,119.27,119.28,-1,-1.62548,0,|r_qp|,cross-domain,0.0000,0.0000,3.650,0,-1.62548,0,-6.243,-2.772,-4.378,0,-8.793,-0.1765,2.595,-0.5605,-0.3888
118.40,119.67,119.68,-1,-1.61035,0,|r_qp|,cross-domain,0.0000,0.0000,3.701,0,-1.61035,0,-6.243,-2.772,-4.378,0,-8.793,0.6726,1.763,2.174,50
118.80,120.07,120.08,-1,-1.26860,0,|r_qp|,cross-domain,0.0000,0.0000,3.549,0,-1.26860,0,-6.243,-2.772,-4.378,0,-8.793,1.595,1.518,0.1581,-0.174
119.20,120.47,120.48,-1,-1.32231,0,|r_qp|,cross-domain,0.0000,0.0000,3.531,0,-1.32231,0,-6.243,-2.772,-4.378,0,-8.793,2.95,0.809,-0.3677,-0.7855
119.60,120.87,120.88,-1,-1.43060,0,|r_qp|,cross-domain,0.0000,0.0000,3.659,0,-1.43060,0,-6.243,-2.772,-4.378,0,-8.793,3.798,0.3404,2.065,50
120.00,121.27,121.28,-1,-1.40269,0,|r_qp|,cross-domain,0.0000,0.0000,3.670,0,-1.40269,0,-6.243,-2.772,-4.378,0,-8.793,3.164,0.4475,-0.7216,-0.7063
120.40,121.67,121.68,-1,-1.62513,0,|r_qp|,cross-domain,0.0000,0.0000,3.750,0,-1.62513,0,-6.243,-2.772,-4.378,0,-8.793,1.318,0.0293,-1.259,-0.3382
120.80,122.07,122.08,-1,-1.89262,0,|r_qp|,cross-domain,0.0000,0.0000,3.478,0,-1.89262,0,-6.243,-2.772,-4.378,0,-8.793,-0.3438,0.345,1.116,50
121.20,122.47,122.48,-1,-1.46476,0,|r_qp|,cross-domain,0.0000,0.0000,3.605,0,-1.46476,0,-6.243,-2.772,-4.378,0,-8.793,-0.7349,0.6457,-0.3491,-0.2698
121.60,122.87,122.88,-1,-1.54929,0,|r_qp|,cross-domain,0.0000,0.0000,3.727,0,-1.54929,0,-6.243,-2.772,-4.378,0,-8.793,0.375,0.201,-0.8562,-0.3055
122.00,123.27,123.28,-1,-1.37001,0,|r_qp|,cross-domain,0.0000,0.0000,3.646,0,-1.37001,0,-6.243,-2.772,-4.378,0,-8.793,1.826,0.03166,2.455,50
122.40,123.67,123.68,-1,-0.81146,0,|r_qp|,cross-domain,0.0000,0.0000,3.612,0,-0.81146,0,-6.243,-2.772,-4.378,0,-8.793,3.147,0.6372,1.269,0.0698
122.80,124.07,124.08,-1,-0.90879,0,|r_qp|,cross-domain,0.0000,0.0000,4.357,0,-0.90879,0,-6.243,-2.772,-4.378,0,-8.793,4.579,0.09317,0.6055,-0.879
123.20,124.47,124.48,-1,-1.43332,0,|r_qp|,cross-domain,0.0000,0.0000,3.620,0,-1.43332,0,-6.243,-2.772,-4.378,0,-8.793,5.288,0.1896,1.686,47.51
123.60,124.87,124.88,-1,-1.35115,0,|r_qp|,cross-domain,0.0000,0.0000,3.709,0,-1.35115,0,-6.243,-2.772,-4.378,0,-8.793,4.331,0.4796,-0.6838,-0.4134
124.00,125.27,125.28,-1,-1.38203,0,|r_qp|,cross-domain,0.0000,0.0000,3.537,0,-1.38203,0,-6.243,-2.772,-4.378,0,-8.793,2.149,1.646,-0.2815,-0.6384
124.40,125.67,125.68,-1,-1.80778,0,|r_qp|,cross-domain,0.0000,0.0000,3.702,0,-1.80778,0,-6.243,-2.772,-4.378,0,-8.793,0.2281,3.928,2.025,50
124.80,126.07,126.08,-1,-1.49283,0,|r_qp|,cross-domain,0.0000,0.0000,3.553,0,-1.49283,0,-6.243,-2.772,-4.378,0,-8.793,-0.003327,5.669,0.4729,-0.05974
125.20,126.47,126.48,-1,-1.37341,0,|r_qp|,cross-domain,0.0000,0.0000,3.577,0,-1.37341,0,-6.243,-2.772,-4.378,0,-8.793,0.9952,6.552,0.8703,-0.61
125.60,126.87,126.88,0,-1.66543,0,|r_qp|,cross-domain,0.0000,0.0000,3.641,0,-1.66543,0,-6.243,-2.772,-4.378,0,-8.793,1.965,7.585,2.982,50
126.00,127.27,127.28,0,-1.49288,0,|r_qp|,cross-domain,0.0000,0.0000,3.607,0,-1.49288,0,-6.243,-2.772,-4.378,0,-8.793,2.368,7.779,0.5907,0.08568
126.40,127.67,127.68,0,-1.08653,0,|r_qp|,cross-domain,0.0000,0.0000,3.855,0,-1.08653,0,-6.243,-2.772,-4.378,0,-8.793,2.592,7.081,1.705,-0.3794
126.80,128.07,128.08,0,-1.57472,0,|r_qp|,cross-domain,0.0000,0.0000,3.555,0,-1.57472,0,-6.243,-2.772,-4.378,0,-8.793,3.065,6.445,2.824,48.61
127.20,128.47,128.48,0,-1.84145,0,|r_qp|,cross-domain,0.0000,0.0000,3.631,0,-1.84145,0,-6.243,-2.772,-4.378,0,-8.793,3.027,6.241,-0.956,-0.4735
127.60,128.87,128.88,0,-1.69638,0,|r_qp|,cross-domain,0.0000,0.0000,3.656,0,-1.69638,0,-6.243,-2.772,-4.378,0,-8.793,1.688,4.126,-0.7516,-0.7848
128.00,129.27,129.28,0,-1.42895,0,|r_qp|,cross-domain,0.0000,0.0000,3.493,0,-1.42895,0,-6.243,-2.772,-4.378,0,-8.793,0.6344,1.731,2.593,47.21
128.40,129.67,129.68,0,-1.14114,0,|r_qp|,cross-domain,0.0000,0.0000,3.560,0,-1.14114,0,-6.243,-2.772,-4.378,0,-8.793,0.6484,0.6903,0.5395,0.01855
128.80,130.07,130.08,0,-0.93056,0,|r_qp|,cross-domain,0.0000,0.0000,3.642,0,-0.93056,0,-6.243,-2.772,-4.378,0,-8.793,2.301,2.42,1.309,-0.6151
129.20,130.47,130.48,0,-1.45922,0,|r_qp|,cross-domain,0.0000,0.0000,3.533,0,-1.45922,0,-6.243,-2.772,-4.378,0,-8.793,3.677,5.027,2.917,50
129.60,130.87,130.88,0,-1.86281,0,|r_qp|,cross-domain,0.0000,0.0000,3.611,0,-1.86281,0,-6.243,-2.772,-4.378,0,-8.793,3.307,7.055,-0.8967,-0.4142
130.00,131.27,131.28,0,-1.49285,0,|r_qp|,cross-domain,0.0000,0.0000,3.515,0,-1.49285,0,-6.243,-2.772,-4.378,0,-8.793,2.165,6.678,0.376,-0.3056
130.40,131.67,131.68,0,-1.95992,0,|r_qp|,cross-domain,0.0000,0.0000,3.644,0,-1.95992,0,-6.243,-2.772,-4.378,0,-8.793,0.9711,6.527,1.953,50
130.80,132.07,132.08,0,-1.93581,0,|r_qp|,cross-domain,0.0000,0.0000,3.578,0,-1.93581,0,-6.243,-2.772,-4.378,0,-8.793,0.5932,5.926,-1,-0.3809
131.20,132.47,132.48,0,-1.43610,0,|r_qp|,cross-domain,0.0000,0.0000,3.478,0,-1.43610,0,-6.243,-2.772,-4.378,0,-8.793,0.1785,4.276,0.3285,-0.5272
131.60,132.87,132.88,0,-2.03767,0,|r_qp|,cross-domain,0.0000,0.0000,3.636,0,-2.03767,0,-6.243,-2.772,-4.378,0,-8.793,-0.2944,2.924,0.9548,46.63
132.00,133.27,133.28,0,-1.78632,0,|r_qp|,cross-domain,0.0000,0.0000,3.560,0,-1.78632,0,-6.243,-2.772,-4.378,0,-8.793,-0.3423,2.396,-1.091,-0.299
132.40,133.67,133.68,0,-1.51665,0,|r_qp|,cross-domain,0.0000,0.0000,3.505,0,-1.51665,0,-6.243,-2.772,-4.378,0,-8.793,-0.6282,1.72,-0.3098,-0.1394
132.80,134.07,134.08,0,-1.71227,0,|r_qp|,cross-domain,0.0000,0.0000,3.591,0,-1.71227,0,-6.243,-2.772,-4.378,0,-8.793,-0.1418,1.46,1.892,50
133.20,134.47,134.48,0,-1.19813,0,|r_qp|,cross-domain,0.0000,0.0000,3.471,0,-1.19813,0,-6.243,-2.772,-4.378,0,-8.793,0.4797,1.764,0.5855,-0.06816
133.60,134.87,134.88,0,-1.09807,0,|r_qp|,cross-domain,0.0000,0.0000,3.872,0,-1.09807,0,-6.243,-2.772,-4.378,0,-8.793,2.486,2.758,0.816,-0.5419
134.00,135.27,135.28,0,-1.24061,0,|r_qp|,cross-domain,0.0000,0.0000,3.590,0,-1.24061,0,-6.243,-2.772,-4.378,0,-8.793,4.104,4.177,3.378,49.66
134.40,135.67,135.68,0,-1.68214,0,|r_qp|,cross-domain,0.0000,0.0000,4.783,0,-1.68214,0,-6.243,-2.772,-4.378,0,-8.793,3.905,5.134,-0.7924,-0.7472
134.80,136.07,136.08,0,-1.76500,0,|r_qp|,cross-domain,0.0000,0.0000,3.697,0,-1.76500,0,-6.243,-2.772,-4.378,0,-8.793,2.078,3.542,-1.118,-0.4306
135.20,136.47,136.48,0,-2.13003,0,|r_qp|,cross-domain,0.0000,0.0000,3.547,0,-2.13003,0,-6.243,-2.772,-4.378,0,-8.793,0.4784,1.84,0.5399,50
135.60,136.87,136.88,0,-1.68800,0,|r_qp|,cross-domain,0.0000,0.0000,4.021,0,-1.68800,0,-6.243,-2.772,-4.378,0,-8.793,-0.217,0.8328,-1.096,-0.2274
136.00,137.27,137.28,0,-1.66803,0,|r_qp|,cross-domain,0.0000,0.0000,3.602,0,-1.66803,0,-6.243,-2.772,-4.378,0,-8.793,0.02354,0.2578,-1.207,-0.7372
136.40,137.67,137.68,0,-1.92338,0,|r_qp|,cross-domain,0.0000,0.0000,3.562,0,-1.92338,0,-6.243,-2.772,-4.378,0,-8.793,0.0404,0.4416,0.9578,49.52
136.80,138.07,138.08,0,-1.21964,0,|r_qp|,cross-domain,0.0000,0.0000,3.575,0,-1.21964,0,-6.243,-2.772,-4.378,0,-8.793,0.4363,0.746,0.332,0.1345
137.20,138.47,138.48,0,-1.37502,0,|r_qp|,cross-domain,0.0000,0.0000,3.558,0,-1.37502,0,-6.243,-2.772,-4.378,0,-8.793,1.621,0.3252,-0.454,-0.6769
137.60,138.87,138.88,0,-1.02479,0,|r_qp|,cross-domain,0.0000,0.0000,3.651,0,-1.02479,0,-6.243,-2.772,-4.378,0,-8.793,3.47,0.4484,3.305,47.76
138.00,139.27,139.28,0,-1.35678,0,|r_qp|,cross-domain,0.0000,0.0000,3.625,0,-1.35678,0,-6.243,-2.772,-4.378,0,-8.793,4.266,1.128,-0.56,-0.3287
138.40,139.67,139.68,0,-0.48000,0,|r_qp|,cross-domain,0.0000,0.0000,3.614,0,-0.48000,0,-6.243,-2.772,-4.378,0,-8.793,3.783,2.573,2.622,-0.1978
138.80,140.07,140.08,0,-1.77907,0,|r_qp|,cross-domain,0.0000,0.0000,3.609,0,-1.77907,0,-6.243,-2.772,-4.378,0,-8.793,2.384,4.861,1.899,47.92
139.20,140.47,140.48,0,-1.79459,0,|r_qp|,cross-domain,0.0000,0.0000,3.533,0,-1.79459,0,-6.243,-2.772,-4.378,0,-8.793,1.462,6.324,-0.579,-0.3742
139.60,140.87,140.88,0,-1.44157,0,|r_qp|,cross-domain,0.0000,0.0000,3.527,0,-1.44157,0,-6.243,-2.772,-4.378,0,-8.793,1.185,6.07,0.5217,-0.7604
140.00,141.27,141.28,0,-1.96159,0,|r_qp|,cross-domain,0.0000,0.0000,3.618,0,-1.96159,0,-6.243,-2.772,-4.378,0,-8.793,1.35,6.491,1.731,47.28
140.40,141.67,141.68,0,-1.50527,0,|r_qp|,cross-domain,0.0000,0.0000,3.494,0,-1.50527,0,-6.243,-2.772,-4.378,0,-8.793,1.719,6.441,0.3588,-0.1083
140.80,142.07,142.08,0,-1.50845,0,|r_qp|,cross-domain,0.0000,0.0000,3.596,0,-1.50845,0,-6.243,-2.772,-4.378,0,-8.793,2.507,4.775,-0.1109,-0.5599
141.20,142.47,142.48,0,-1.80739,0,|r_qp|,cross-domain,0.0000,0.0000,3.520,0,-1.80739,0,-6.243,-2.772,-4.378,0,-8.793,2.974,2.712,1.387,49.31
141.60,142.87,142.88,0,-1.61379,0,|r_qp|,cross-domain,0.0000,0.0000,3.548,0,-1.61379,0,-6.243,-2.772,-4.378,0,-8.793,2.658,1.433,-1.122,-0.3869
142.00,143.27,143.28,0,-1.65745,0,|r_qp|,cross-domain,0.0000,0.0000,3.819,0,-1.65745,0,-6.243,-2.772,-4.378,0,-8.793,1.021,0.8949,-1.177,-0.7465
142.40,143.67,143.68,0,-1.64776,0,|r_qp|,cross-domain,0.0000,0.0000,3.554,0,-1.64776,0,-6.243,-2.772,-4.378,0,-8.793,-0.263,0.4342,1.912,50
142.80,144.07,144.08,0,-1.32576,0,|r_qp|,cross-domain,0.0000,0.0000,3.666,0,-1.32576,0,-6.243,-2.772,-4.378,0,-8.793,-0.2802,0.726,0.053,-0.3131
143.20,144.47,144.48,0,-1.51300,0,|r_qp|,cross-domain,0.0000,0.0000,3.516,0,-1.51300,0,-6.243,-2.772,-4.378,0,-8.793,0.7573,0.492,-0.7642,-0.8637
143.60,144.87,144.88,0,-1.57168,0,|r_qp|,cross-domain,0.0000,0.0000,3.648,0,-1.57168,0,-6.243,-2.772,-4.378,0,-8.793,2.03,1.027,1.976,50
144.00,145.27,145.28,0,-1.09968,0,|r_qp|,cross-domain,0.0000,0.0000,3.588,0,-1.09968,0,-6.243,-2.772,-4.378,0,-8.793,2.528,2.076,0.7065,0.07731
144.40,145.67,145.68,0,-1.16998,0,|r_qp|,cross-domain,0.0000,0.0000,4.100,0,-1.16998,0,-6.243,-2.772,-4.378,0,-8.793,3.481,2.897,0.4736,-0.6847
144.80,146.07,146.08,0,-1.44870,0,|r_qp|,cross-domain,0.0000,0.0000,3.620,0,-1.44870,0,-6.243,-2.772,-4.378,0,-8.793,4.349,4.386,2.595,47.6
145.20,146.47,146.48,0,-1.70524,0,|r_qp|,cross-domain,0.0000,0.0000,3.680,0,-1.70524,0,-6.243,-2.772,-4.378,0,-8.793,4.244,5.065,-0.9101,-0.5004
145.60,146.87,146.88,0,-1.61404,0,|r_qp|,cross-domain,0.0000,0.0000,2.519,0,-1.61404,0,-6.243,-2.772,-4.378,0,-8.793,2.992,4.859,-0.5124,-0.8122
146.00,147.27,147.28,0,-1.88866,0,|r_qp|,cross-domain,0.0000,0.0000,3.650,0,-1.88866,0,-6.243,-2.772,-4.378,0,-8.793,1.319,4.569,1.749,50
146.40,147.67,147.68,0,-1.92276,0,|r_qp|,cross-domain,0.0000,0.0000,3.510,0,-1.92276,0,-6.243,-2.772,-4.378,0,-8.793,0.5267,4.912,-1.135,-0.1105
146.80,148.07,148.08,0,-1.75286,0,|r_qp|,cross-domain,0.0000,0.0000,3.509,0,-1.75286,0,-6.243,-2.772,-4.378,0,-8.793,0.1776,3.172,-0.919,-0.6641
147.20,148.47,148.48,0,-1.63941,0,|r_qp|,cross-domain,0.0000,0.0000,3.531,0,-1.63941,0,-6.243,-2.772,-4.378,0,-8.793,0.7087,1.513,2.026,50
147.60,148.87,148.88,0,-1.24043,0,|r_qp|,cross-domain,0.0000,0.0000,3.496,0,-1.24043,0,-6.243,-2.772,-4.378,0,-8.793,1.456,0.4732,0.06781,-0.0415
148.00,149.27,149.28,0,-1.32258,0,|r_qp|,cross-domain,0.0000,0.0000,3.635,0,-1.32258,0,-6.243,-2.772,-4.378,0,-8.793,2.555,0.1264,-0.4451,-0.6612
148.40,149.67,149.68,0,-1.77746,0,|r_qp|,cross-domain,0.0000,0.0000,3.472,0,-1.77746,0,-6.243,-2.772,-4.378,0,-8.793,3.038,0.3504,1.048,50
148.80,150.07,150.08,0,-1.37887,0,|r_qp|,cross-domain,0.0000,0.0000,4.011,0,-1.37887,0,-6.243,-2.772,-4.378,0,-8.793,2.32,0.7826,-0.4529,-0.4416
149.20,150.47,150.48,0,-1.12451,0,|r_qp|,cross-domain,0.0000,0.0000,3.656,0,-1.12451,0,-6.243,-2.772,-4.378,0,-8.793,1.174,0.6167,0.521,0.203
149.60,150.87,150.88,0,-1.82864,0,|r_qp|,cross-domain,0.0000,0.0000,3.578,0,-1.82864,0,-6.243,-2.772,-4.378,0,-8.793,0.1139,0.9385,1.38,50
150.00,151.27,151.28,0,-1.60575,0,|r_qp|,cross-domain,0.0000,0.0000,3.668,0,-1.60575,0,-6.243,-2.772,-4.378,0,-8.793,-0.1257,1.752,-0.6737,-0.4429
150.40,151.67,151.68,0,-1.77525,0,|r_qp|,cross-domain,0.0000,0.0000,3.641,0,-1.77525,0,-6.243,-2.772,-4.378,0,-8.793,-0.6505,1.12,-1.282,-0.5239
150.80,152.07,152.08,0,-1.52083,0,|r_qp|,cross-domain,0.0000,0.0000,3.480,0,-1.52083,0,-6.243,-2.772,-4.378,0,-8.793,0.02858,0.9989,2.395,50
151.20,152.47,152.48,0,-0.94625,0,|r_qp|,cross-domain,0.0000,0.0000,3.555,0,-0.94625,0,-6.243,-2.772,-4.378,0,-8.793,1.021,1.24,1.223,-0.06007
151.60,152.87,152.88,0,-1.20691,0,|r_qp|,cross-domain,0.0000,0.0000,3.539,0,-1.20691,0,-6.243,-2.772,-4.378,0,-8.793,3.326,0.7775,-0.04078,-0.612
152.00,153.27,153.28,0,-1.58692,0,|r_qp|,cross-domain,0.0000,0.0000,3.663,0,-1.58692,0,-6.243,-2.772,-4.378,0,-8.793,4.437,0.6315,1.424,48.11
152.40,153.67,153.68,0,-1.39520,0,|r_qp|,cross-domain,0.0000,0.0000,3.605,0,-1.39520,0,-6.243,-2.772,-4.378,0,-8.793,3.739,0.8556,-0.6755,-0.4352
152.80,154.07,154.08,0,-1.03692,0,|r_qp|,cross-domain,0.0000,0.0000,3.593,0,-1.03692,0,-6.243,-2.772,-4.378,0,-8.793,1.884,1.236,0.8129,-0.146
153.20,154.47,154.48,0,-1.94236,0,|r_qp|,cross-domain,0.0000,0.0000,5.456,0,-1.94236,0,-6.243,-2.772,-4.378,0,-8.793,0.1757,2.839,1.382,50
153.60,154.87,154.88,0,-1.80652,0,|r_qp|,cross-domain,0.0000,0.0000,4.746,0,-1.80652,0,-6.243,-2.772,-4.378,0,-8.793,-0.1885,4.132,-0.8265,-0.1981
154.00,155.27,155.28,0,-1.79097,0,|r_qp|,cross-domain,0.0000,0.0000,4.346,0,-1.79097,0,-6.243,-2.772,-4.378,0,-8.793,0.02582,2.684,-1.119,-0.6663
154.40,155.67,155.68,0,-1.59789,0,|r_qp|,cross-domain,0.0000,0.0000,4.428,0,-1.59789,0,-6.243,-2.772,-4.378,0,-8.793,0.9851,1.29,2.073,49.88
154.80,156.07,156.08,0,-1.12129,0,|r_qp|,cross-domain,0.0000,0.0000,3.866,0,-1.12129,0,-6.243,-2.772,-4.378,0,-8.793,2.039,0.7206,0.4314,0.06893
155.20,156.47,156.48,0,-1.14214,0,|r_qp|,cross-domain,0.0000,0.0000,5.319,0,-1.14214,0,-6.243,-2.772,-4.378,0,-8.793,3.594,0.2632,0.02571,-0.7045
155.60,156.87,156.88,0,-1.59227,0,|r_qp|,cross-domain,0.0000,0.0000,4.363,0,-1.59227,0,-6.243,-2.772,-4.378,0,-8.793,4.349,0.4327,1.389,48.28
156.00,157.27,157.28,0,-1.58279,0,|r_qp|,cross-domain,0.0000,0.0000,4.908,0,-1.58279,0,-6.243,-2.772,-4.378,0,-8.793,3.52,0.9289,-1.228,-0.2904
156.40,157.67,157.68,0,-1.68020,0,|r_qp|,cross-domain,0.0000,0.0000,5.229,0,-1.68020,0,-6.243,-2.772,-4.378,0,-8.793,1.146,0.4994,-1.339,-0.6489
156.80,158.07,158.08,0,-1.82970,0,|r_qp|,cross-domain,0.0000,0.0000,4.380,0,-1.82970,0,-6.243,-2.772,-4.378,0,-8.793,-0.618,0.41,1.367,50
157.20,158.47,158.48,0,-1.40674,0,|r_qp|,cross-domain,0.0000,0.0000,4.430,0,-1.40674,0,-6.243,-2.772,-4.378,0,-8.793,-0.6606,0.6462,-0.1729,-0.2908
157.60,158.87,158.88,0,-1.52024,0,|r_qp|,cross-domain,0.0000,0.0000,4.272,0,-1.52024,0,-6.243,-2.772,-4.378,0,-8.793,0.7452,0.2385,-0.8204,-0.5959
158.00,159.27,159.28,0,-1.41908,0,|r_qp|,cross-domain,0.0000,0.0000,4.189,0,-1.41908,0,-6.243,-2.772,-4.378,0,-8.793,2.387,0.3267,2.092,46.76
158.40,159.67,159.68,0,-1.29484,0,|r_qp|,cross-domain,0.0000,0.0000,4.096,0,-1.29484,0,-6.243,-2.772,-4.378,0,-8.793,3.011,0.9321,-0.2186,-0.03534
158.80,160.07,160.08,0,-1.21976,0,|r_qp|,cross-domain,0.0000,0.0000,3.964,0,-1.21976,0,-6.243,-2.772,-4.378,0,-8.793,3.423,0.2059,-0.2128,-0.6929
159.20,160.47,160.48,0,-1.52877,0,|r_qp|,cross-domain,0.0000,0.0000,3.937,0,-1.52877,0,-6.243,-2.772,-4.378,0,-8.793,3.478,0.2894,1.78,50
159.60,160.87,160.88,0,-1.57570,0,|r_qp|,cross-domain,0.0000,0.0000,5.097,0,-1.57570,0,-6.243,-2.772,-4.378,0,-8.793,2.77,0.3762,-1.224,-0.3982
160.00,161.27,161.28,0,-1.56342,0,|r_qp|,cross-domain,0.0000,0.0000,4.172,0,-1.56342,0,-6.243,-2.772,-4.378,0,-8.793,1.546,-0.01815,-1.11,-0.5101
160.40,161.67,161.68,0,-1.62975,0,|r_qp|,cross-domain,0.0000,0.0000,4.193,0,-1.62975,0,-6.243,-2.772,-4.378,0,-8.793,0.5678,0.1206,1.661,47.65
160.80,162.07,162.08,0,-1.45831,0,|r_qp|,cross-domain,0.0000,0.0000,3.827,0,-1.45831,0,-6.243,-2.772,-4.378,0,-8.793,0.5295,0.6735,-0.4916,-0.3411
161.20,162.47,162.48,0,-1.54735,0,|r_qp|,cross-domain,0.0000,0.0000,3.827,0,-1.54735,0,-6.243,-2.772,-4.378,0,-8.793,1.266,0.2403,-0.9715,-0.534
161.60,162.87,162.88,0,-1.60892,0,|r_qp|,cross-domain,0.0000,0.0000,3.900,0,-1.60892,0,-6.243,-2.772,-4.378,0,-8.793,2.188,0.398,1.608,48.24
162.00,163.27,163.28,0,-1.08869,0,|r_qp|,cross-domain,0.0000,0.0000,3.865,0,-1.08869,0,-6.243,-2.772,-4.378,0,-8.793,2.784,0.7059,0.4417,0.1564
162.40,163.67,163.68,0,-1.19922,0,|r_qp|,cross-domain,0.0000,0.0000,5.542,0,-1.19922,0,-6.243,-2.772,-4.378,0,-8.793,3.697,0.2863,-0.1627,-0.6317
162.80,164.07,164.08,0,-1.68325,0,|r_qp|,cross-domain,0.0000,0.0000,4.299,0,-1.68325,0,-6.243,-2.772,-4.378,0,-8.793,4.066,0.2884,1.205,50
163.20,164.47,164.48,0,-1.41474,0,|r_qp|,cross-domain,0.0000,0.0000,4.045,0,-1.41474,0,-6.243,-2.772,-4.378,0,-8.793,3.321,0.7051,-0.7221,-0.5751
163.60,164.87,164.88,0,-1.64940,0,|r_qp|,cross-domain,0.0000,0.0000,4.521,0,-1.64940,0,-6.243,-2.772,-4.378,0,-8.793,1.286,0.2415,-1.309,-0.6447
164.00,165.27,165.28,0,-1.97118,0,|r_qp|,cross-domain,0.0000,0.0000,3.840,0,-1.97118,0,-6.243,-2.772,-4.378,0,-8.793,-0.5373,0.001443,0.8197,50
164.40,165.67,165.68,0,-1.72363,0,|r_qp|,cross-domain,0.0000,0.0000,3.883,0,-1.72363,0,-6.243,-2.772,-4.378,0,-8.793,-0.9993,0.6702,-1.109,0.3291
164.80,166.07,166.08,0,-1.67748,0,|r_qp|,cross-domain,0.0000,0.0000,3.628,0,-1.67748,0,-6.243,-2.772,-4.378,0,-8.793,-1.037,0.01484,-1.15,-0.7679
165.20,166.47,166.48,0,-1.57730,0,|r_qp|,cross-domain,0.0000,0.0000,3.755,0,-1.57730,0,-6.243,-2.772,-4.378,0,-8.793,-0.3868,-0.04031,2.061,50
165.60,166.87,166.88,0,-1.18017,0,|r_qp|,cross-domain,0.0000,0.0000,5.232,0,-1.18017,0,-6.243,-2.772,-4.378,0,-8.793,0.4592,0.0929,0.3184,-0.008858
166.00,167.27,167.28,0,-1.09235,0,|r_qp|,cross-domain,0.0000,0.0000,4.872,0,-1.09235,0,-6.243,-2.772,-4.378,0,-8.793,2.682,-0.2543,0.1991,-0.7602
166.40,167.67,167.68,0,-1.47814,0,|r_qp|,cross-domain,0.0000,0.0000,4.403,0,-1.47814,0,-6.243,-2.772,-4.378,0,-8.793,4.259,-0.1385,1.757,50
166.80,168.07,168.08,0,-1.51288,0,|r_qp|,cross-domain,0.0000,0.0000,3.855,0,-1.51288,0,-6.243,-2.772,-4.378,0,-8.793,3.781,0.6379,-1.1,-0.3735
167.20,168.47,168.48,0,-1.57725,0,|r_qp|,cross-domain,0.0000,0.0000,3.885,0,-1.57725,0,-6.243,-2.772,-4.378,0,-8.793,1.564,-0.1461,-1.197,-0.7716
167.60,168.87,168.88,0,-1.75321,0,|r_qp|,cross-domain,0.0000,0.0000,4.430,0,-1.75321,0,-6.243,-2.772,-4.378,0,-8.793,-0.4234,-0.2728,1.453,50
168.00,169.27,169.28,0,-1.48133,0,|r_qp|,cross-domain,0.0000,0.0000,3.795,0,-1.48133,0,-6.243,-2.772,-4.378,0,-8.793,-0.7862,0.01689,-0.5361,-0.536
168.40,169.67,169.68,0,-1.57028,0,|r_qp|,cross-domain,0.0000,0.0000,3.828,0,-1.57028,0,-6.243,-2.772,-4.378,0,-8.793,-0.3261,-0.4411,-0.9775,-0.6066
168.80,170.07,170.08,0,-1.43701,0,|r_qp|,cross-domain,0.0000,0.0000,5.296,0,-1.43701,0,-6.243,-2.772,-4.378,0,-8.793,0.5353,-0.3328,2.335,50
169.20,170.47,170.48,0,-1.57199,0,|r_qp|,cross-domain,0.0000,0.0000,4.368,0,-1.57199,0,-6.243,-2.772,-4.378,0,-8.793,0.933,0.6262,-0.8811,0.3179
169.60,170.87,170.88,0,-1.44881,0,|r_qp|,cross-domain,0.0000,0.0000,4.361,0,-1.44881,0,-6.243,-2.772,-4.378,0,-8.793,1.515,-0.03354,-0.7613,-0.8861
170.00,171.27,171.28,0,-1.37812,0,|r_qp|,cross-domain,0.0000,0.0000,5.261,0,-1.37812,0,-6.243,-2.772,-4.378,0,-8.793,1.922,0.03043,2.415,49.97
170.40,171.67,171.68,0,-1.60860,0,|r_qp|,cross-domain,0.0000,0.0000,3.693,0,-1.60860,0,-6.243,-2.772,-4.378,0,-8.793,1.673,-0.01038,-1.262,-0.3754
170.80,172.07,172.08,0,-1.56999,0,|r_qp|,cross-domain,0.0000,0.0000,3.811,0,-1.56999,0,-6.243,-2.772,-4.378,0,-8.793,0.7538,-0.5547,-1.156,-0.8844
171.20,172.47,172.48,0,-1.77582,0,|r_qp|,cross-domain,0.0000,0.0000,3.680,0,-1.77582,0,-6.243,-2.772,-4.378,0,-8.793,-0.278,-0.5908,1.298,50
171.60,172.87,172.88,0,-1.59727,0,|r_qp|,cross-domain,0.0000,0.0000,2.751,0,-1.59727,0,-6.243,-2.772,-4.378,0,-8.793,-0.6781,-0.177,-0.9295,0.02102
172.00,173.27,173.28,0,-1.57002,0,|r_qp|,cross-domain,0.0000,0.0000,5.308,0,-1.57002,0,-6.243,-2.772,-4.378,0,-8.793,0.1382,-0.4503,-1.056,-0.8921
172.40,173.67,173.68,0,-1.84957,0,|r_qp|,cross-domain,0.0000,0.0000,4.216,0,-1.84957,0,-6.243,-2.772,-4.378,0,-8.793,0.9487,-0.2725,0.9639,50
172.80,174.07,174.08,0,-1.38579,0,|r_qp|,cross-domain,0.0000,0.0000,4.233,0,-1.38579,0,-6.243,-2.772,-4.378,0,-8.793,1.627,0.3374,-0.3791,1.161
173.20,174.47,174.48,0,-1.41324,0,|r_qp|,cross-domain,0.0000,0.0000,4.124,0,-1.41324,0,-6.243,-2.772,-4.378,0,-8.793,1.806,0.07659,-0.6562,-0.7729
173.60,174.87,174.88,0,-1.49556,0,|r_qp|,cross-domain,0.0000,0.0000,4.089,0,-1.49556,0,-6.243,-2.772,-4.378,0,-8.793,2.39,-0.05897,1.959,50
174.00,175.27,175.28,0,-1.50273,0,|r_qp|,cross-domain,0.0000,0.0000,3.764,0,-1.50273,0,-6.243,-2.772,-4.378,0,-8.793,2.223,0.3647,-0.9239,-0.4691
174.40,175.67,175.68,0,-1.63179,0,|r_qp|,cross-domain,0.0000,0.0000,3.919,0,-1.63179,0,-6.243,-2.772,-4.378,0,-8.793,1.289,-0.2243,-1.336,-0.4852
174.80,176.07,176.08,0,-1.73133,0,|r_qp|,cross-domain,0.0000,0.0000,5.283,0,-1.73133,0,-6.243,-2.772,-4.378,0,-8.793,0.4549,-0.07991,1.447,50
175.20,176.47,176.48,0,-1.46111,0,|r_qp|,cross-domain,0.0000,0.0000,3.918,0,-1.46111,0,-6.243,-2.772,-4.378,0,-8.793,0.2187,0.7218,-0.4412,-0.1815
175.60,176.87,176.88,0,-1.38455,0,|r_qp|,cross-domain,0.0000,0.0000,4.248,0,-1.38455,0,-6.243,-2.772,-4.378,0,-8.793,1.207,0.2557,-0.4585,-0.9126
176.00,177.27,177.28,0,-1.67798,0,|r_qp|,cross-domain,0.0000,0.0000,4.092,0,-1.67798,0,-6.243,-2.772,-4.378,0,-8.793,1.982,0.3281,1.501,50
176.40,177.67,177.68,0,-1.40288,0,|r_qp|,cross-domain,0.0000,0.0000,3.780,0,-1.40288,0,-6.243,-2.772,-4.378,0,-8.793,2.331,0.4745,-0.5481,0.3202
176.80,178.07,178.08,0,-1.33905,0,|r_qp|,cross-domain,0.0000,0.0000,3.946,0,-1.33905,0,-6.243,-2.772,-4.378,0,-8.793,2.609,-0.1697,-0.5773,-0.8912
177.20,178.47,178.48,0,-1.59077,0,|r_qp|,cross-domain,0.0000,0.0000,3.737,0,-1.59077,0,-6.243,-2.772,-4.378,0,-8.793,2.796,-0.4007,1.526,49.9
177.60,178.87,178.88,0,-1.56563,0,|r_qp|,cross-domain,0.0000,0.0000,3.907,0,-1.56563,0,-6.243,-2.772,-4.378,0,-8.793,2.244,0.04724,-1.175,-0.1774
178.00,179.27,179.28,0,-1.59275,0,|r_qp|,cross-domain,0.0000,0.0000,5.239,0,-1.59275,0,-6.243,-2.772,-4.378,0,-8.793,0.5998,-0.5802,-1.21,-0.8078
178.40,179.67,179.68,0,-1.72352,0,|r_qp|,cross-domain,0.0000,0.0000,4.300,0,-1.72352,0,-6.243,-2.772,-4.378,0,-8.793,-0.7501,-0.4797,1.55,50
178.80,180.07,180.08,0,-1.64474,0,|r_qp|,cross-domain,0.0000,0.0000,4.339,0,-1.64474,0,-6.243,-2.772,-4.378,0,-8.793,-0.9227,0.07006,-1,0.04297
179.20,180.47,180.48,0,-1.57064,0,|r_qp|,cross-domain,0.0000,0.0000,3.831,0,-1.57064,0,-6.243,-2.772,-4.378,0,-8.793,-0.005681,-0.3024,-1.007,-0.8538
179.60,180.87,180.88,0,-1.75243,0,|r_qp|,cross-domain,0.0000,0.0000,3.750,0,-1.75243,0,-6.243,-2.772,-4.378,0,-8.793,1.077,0.002024,1.315,50
180.00,181.27,181.28,0,-1.44379,0,|r_qp|,cross-domain,0.0000,0.0000,3.960,0,-1.44379,0,-6.243,-2.772,-4.378,0,-8.793,1.614,0.5734,-0.5497,0.6152
180.40,181.67,181.68,0,-1.34130,0,|r_qp|,cross-domain,0.0000,0.0000,3.742,0,-1.34130,0,-6.243,-2.772,-4.378,0,-8.793,2.295,-0.03773,-0.5219,-0.9638
180.80,182.07,182.08,0,-1.64831,0,|r_qp|,cross-domain,0.0000,0.0000,4.272,0,-1.64831,0,-6.243,-2.772,-4.378,0,-8.793,2.683,-0.3588,1.37,50
181.20,182.47,182.48,0,-1.53810,0,|r_qp|,cross-domain,0.0000,0.0000,5.134,0,-1.53810,0,-6.243,-2.772,-4.378,0,-8.793,2.428,0.05455,-1.092,0.1017
181.60,182.87,182.88,0,-1.54150,0,|r_qp|,cross-domain,0.0000,0.0000,4.383,0,-1.54150,0,-6.243,-2.772,-4.378,0,-8.793,1.605,-0.2973,-1.126,-0.9193
182.00,183.27,183.28,0,-1.82044,0,|r_qp|,cross-domain,0.0000,0.0000,4.404,0,-1.82044,0,-6.243,-2.772,-4.378,0,-8.793,0.6211,-0.1651,1.122,50
182.40,183.67,183.68,0,-1.64990,0,|r_qp|,cross-domain,0.0000,0.0000,3.891,0,-1.64990,0,-6.243,-2.772,-4.378,0,-8.793,0.3394,0.2391,-1.143,0.1304
182.80,184.07,184.08,0,-1.56123,0,|r_qp|,cross-domain,0.0000,0.0000,4.788,0,-1.56123,0,-6.243,-2.772,-4.378,0,-8.793,0.1614,-0.3976,-1.011,-0.743
183.20,184.47,184.48,0,-1.57911,0,|r_qp|,cross-domain,0.0000,0.0000,3.998,0,-1.57911,0,-6.243,-2.772,-4.378,0,-8.793,0.9653,-0.3862,1.811,50
183.60,184.87,184.88,0,-1.22627,0,|r_qp|,cross-domain,0.0000,0.0000,3.903,0,-1.22627,0,-6.243,-2.772,-4.378,0,-8.793,1.707,0.2049,0.06371,0.5728
184.00,185.27,185.28,0,-1.20256,0,|r_qp|,cross-domain,0.0000,0.0000,4.800,0,-1.20256,0,-6.243,-2.772,-4.378,0,-8.793,3.272,-0.3186,-0.2526,-0.8789
184.40,185.67,185.68,0,-1.52366,0,|r_qp|,cross-domain,0.0000,0.0000,4.282,0,-1.52366,0,-6.243,-2.772,-4.378,0,-8.793,4.106,-0.2406,1.609,50
184.80,186.07,186.08,0,-1.51345,0,|r_qp|,cross-domain,0.0000,0.0000,4.213,0,-1.51345,0,-6.243,-2.772,-4.378,0,-8.793,3.419,0.08643,-1.174,-0.5469
185.20,186.47,186.48,0,-1.57069,0,|r_qp|,cross-domain,0.0000,0.0000,3.833,0,-1.57069,0,-6.243,-2.772,-4.378,0,-8.793,1.167,-0.31,-1.155,-0.7459
185.60,186.87,186.88,0,-1.78505,0,|r_qp|,cross-domain,0.0000,0.0000,3.896,0,-1.78505,0,-6.243,-2.772,-4.378,0,-8.793,-0.6725,-0.4064,1.337,49.68
186.00,187.27,187.28,0,-1.71764,0,|r_qp|,cross-domain,0.0000,0.0000,3.959,0,-1.71764,0,-6.243,-2.772,-4.378,0,-8.793,-1.176,-0.001972,-1.192,0.4663
186.40,187.67,187.68,0,-1.66555,0,|r_qp|,cross-domain,0.0000,0.0000,3.763,0,-1.66555,0,-6.243,-2.772,-4.378,0,-8.793,-0.8796,-0.5035,-1.233,-0.7487
186.80,188.07,188.08,0,-1.68456,0,|r_qp|,cross-domain,0.0000,0.0000,3.416,0,-1.68456,0,-6.243,-2.772,-4.378,0,-8.793,-0.1269,-0.5059,1.589,50
187.20,188.47,188.48,0,-1.18957,0,|r_qp|,cross-domain,0.0000,0.0000,5.166,0,-1.18957,0,-6.243,-2.772,-4.378,0,-8.793,0.6061,-0.1094,0.2717,0.7202
187.60,188.87,188.88,0,-1.21025,0,|r_qp|,cross-domain,0.0000,0.0000,4.397,0,-1.21025,0,-6.243,-2.772,-4.378,0,-8.793,2.367,-0.4786,-0.1961,-0.9616
188.00,189.27,189.28,0,-1.07121,0,|r_qp|,cross-domain,0.0000,0.0000,4.275,0,-1.07121,0,-6.243,-2.772,-4.378,0,-8.793,3.66,-0.4423,2.917,47.13
188.40,189.67,189.68,0,-1.42032,0,|r_qp|,cross-domain,0.0000,0.0000,3.987,0,-1.42032,0,-6.243,-2.772,-4.378,0,-8.793,3.621,0.2176,-0.8029,0.6643
188.80,190.07,190.08,0,-1.52748,0,|r_qp|,cross-domain,0.0000,0.0000,3.773,0,-1.52748,0,-6.243,-2.772,-4.378,0,-8.793,2.411,-0.09859,-1.142,-0.8515
189.20,190.47,190.48,0,-1.56211,0,|r_qp|,cross-domain,0.0000,0.0000,3.911,0,-1.56211,0,-6.243,-2.772,-4.378,0,-8.793,1.169,-0.02525,1.911,50
189.60,190.87,190.88,0,-1.48943,0,|r_qp|,cross-domain,0.0000,0.0000,3.734,0,-1.48943,0,-6.243,-2.772,-4.378,0,-8.793,0.7748,0.3909,-0.6196,0.6835
190.00,191.27,191.28,0,-1.59465,0,|r_qp|,cross-domain,0.0000,0.0000,3.842,0,-1.59465,0,-6.243,-2.772,-4.378,0,-8.793,0.9571,-0.1641,-1.184,-0.8771
190.40,191.67,191.68,0,-0.78086,0,|r_qp|,cross-domain,0.0000,0.0000,5.198,0,-0.78086,0,-6.243,-2.772,-4.378,0,-8.793,1.743,-0.2299,4.078,46
190.80,192.07,192.08,0,-0.97659,0,|r_qp|,cross-domain,0.0000,0.0000,4.360,0,-0.97659,0,-6.243,-2.772,-4.378,0,-8.793,2.52,0.2615,0.7357,-0.07397
191.20,192.47,192.48,0,-0.97958,0,|r_qp|,cross-domain,0.0000,0.0000,4.313,0,-0.97958,0,-6.243,-2.772,-4.378,0,-8.793,4.112,-0.4431,0.3405,-0.7329
191.60,192.87,192.88,0,-1.59315,0,|r_qp|,cross-domain,0.0000,0.0000,4.035,0,-1.59315,0,-6.243,-2.772,-4.378,0,-8.793,4.781,-0.4373,1.259,50
192.00,193.27,193.28,0,-1.53487,0,|r_qp|,cross-domain,0.0000,0.0000,4.036,0,-1.53487,0,-6.243,-2.772,-4.378,0,-8.793,3.652,0.1296,-1.186,0.7983
192.40,193.67,193.68,0,-1.51948,0,|r_qp|,cross-domain,0.0000,0.0000,3.716,0,-1.51948,0,-6.243,-2.772,-4.378,0,-8.793,0.9613,-0.2442,-0.9534,-0.7929
192.80,194.07,194.08,0,-1.55235,0,|r_qp|,cross-domain,0.0000,0.0000,3.555,0,-1.55235,0,-6.243,-2.772,-4.378,0,-8.793,-0.9644,-0.2326,2.179,50
193.20,194.47,194.48,0,-1.66224,0,|r_qp|,cross-domain,0.0000,0.0000,2.743,0,-1.66224,0,-6.243,-2.772,-4.378,0,-8.793,-0.8336,0.07025,-1.023,0.8104
193.60,194.87,194.88,0,-1.61500,0,|r_qp|,cross-domain,0.0000,0.0000,4.974,0,-1.61500,0,-6.243,-2.772,-4.378,0,-8.793,0.07662,-0.335,-1.166,-0.8299
194.00,195.27,195.28,0,-1.04158,0,|r_qp|,cross-domain,0.0000,0.0000,4.369,0,-1.04158,0,-6.243,-2.772,-4.378,0,-8.793,1.036,-0.1245,3.444,47.6
194.40,195.67,195.68,0,-1.13139,0,|r_qp|,cross-domain,0.0000,0.0000,3.939,0,-1.13139,0,-6.243,-2.772,-4.378,0,-8.793,1.645,0.395,0.4348,0.9054
194.80,196.07,196.08,0,-1.33136,0,|r_qp|,cross-domain,0.0000,0.0000,3.792,0,-1.33136,0,-6.243,-2.772,-4.378,0,-8.793,2.894,0.01963,-0.552,-0.8875
195.20,196.47,196.48,0,-1.39040,0,|r_qp|,cross-domain,0.0000,0.0000,3.843,0,-1.39040,0,-6.243,-2.772,-4.378,0,-8.793,3.741,0.06545,2.147,50
195.60,196.87,196.88,0,-1.61830,0,|r_qp|,cross-domain,0.0000,0.0000,3.689,0,-1.61830,0,-6.243,-2.772,-4.378,0,-8.793,3.241,0.5636,-1.318,0.7409
196.00,197.27,197.28,0,-1.61805,0,|r_qp|,cross-domain,0.0000,0.0000,3.549,0,-1.61805,0,-6.243,-2.772,-4.378,0,-8.793,1.191,0.1443,-1.212,-0.59
196.40,197.67,197.68,0,-1.68371,0,|r_qp|,cross-domain,0.0000,0.0000,5.350,0,-1.68371,0,-6.243,-2.772,-4.378,0,-8.793,-0.4602,0.01014,1.738,50
196.80,198.07,198.08,0,-1.71354,0,|r_qp|,cross-domain,0.0000,0.0000,4.092,0,-1.71354,0,-6.243,-2.772,-4.378,0,-8.793,-0.7662,0.4767,-1.103,1.048
197.20,198.47,198.48,0,-1.63460,0,|r_qp|,cross-domain,0.0000,0.0000,4.296,0,-1.63460,0,-6.243,-2.772,-4.378,0,-8.793,-0.1239,-0.2171,-1.16,-0.4937
197.60,198.87,198.88,0,-1.27442,0,|r_qp|,cross-domain,0.0000,0.0000,3.923,0,-1.27442,0,-6.243,-2.772,-4.378,0,-8.793,1.164,0.05934,2.855,50
198.00,199.27,199.28,0,-1.18354,0,|r_qp|,cross-domain,0.0000,0.0000,3.727,0,-1.18354,0,-6.243,-2.772,-4.378,0,-8.793,2.204,0.6593,0.2669,1.256
198.40,199.67,199.68,0,-1.15992,0,|r_qp|,cross-domain,0.0000,0.0000,3.856,0,-1.15992,0,-6.243,-2.772,-4.378,0,-8.793,3.925,0.03722,-0.1178,-0.6767
198.80,200.07,200.08,0,-0.94325,0,|r_qp|,cross-domain,0.0000,0.0000,3.578,0,-0.94325,0,-6.243,-2.772,-4.378,0,-8.793,4.911,-0.09082,3.258,47.5
199.20,200.47,200.48,0,-1.44397,0,|r_qp|,cross-domain,0.0000,0.0000,3.771,0,-1.44397,0,-6.243,-2.772,-4.378,0,-8.793,4.398,0.3059,-1.019,-0.3023
199.60,200.87,200.88,0,-1.44536,0,|r_qp|,cross-domain,0.0000,0.0000,5.186,0,-1.44536,0,-6.243,-2.772,-4.378,0,-8.793,3.079,-0.05693,-0.9637,-0.9739
200.00,201.27,201.28,0,-1.67441,0,|r_qp|,cross-domain,0.0000,0.0000,4.246,0,-1.67441,0,-6.243,-2.772,-4.378,0,-8.793,1.533,-0.2699,1.318,47.7
200.40,201.67,201.68,0,-1.65363,0,|r_qp|,cross-domain,0.0000,0.0000,4.119,0,-1.65363,0,-6.243,-2.772,-4.378,0,-8.793,0.6634,0.2414,-1.095,1.85
200.80,202.07,202.08,0,-1.68836,0,|r_qp|,cross-domain,0.0000,0.0000,3.775,0,-1.68836,0,-6.243,-2.772,-4.378,0,-8.793,-0.4767,-0.6683,-1.377,-0.4987
201.20,202.47,202.48,0,-1.54055,0,|r_qp|,cross-domain,0.0000,0.0000,3.870,0,-1.54055,0,-6.243,-2.772,-4.378,0,-8.793,-0.7205,-0.5869,2.115,50
201.60,202.87,202.88,0,-1.45636,0,|r_qp|,cross-domain,0.0000,0.0000,3.698,0,-1.45636,0,-6.243,-2.772,-4.378,0,-8.793,-0.1046,0.1215,-0.4158,1.299
202.00,203.27,203.28,0,-1.32288,0,|r_qp|,cross-domain,0.0000,0.0000,3.590,0,-1.32288,0,-6.243,-2.772,-4.378,0,-8.793,1.712,-0.04833,-0.3717,-0.6737
202.40,203.67,203.68,0,-0.59937,0,|r_qp|,cross-domain,0.0000,0.0000,3.820,0,-0.59937,0,-6.243,-2.772,-4.378,0,-8.793,3.283,0.2715,4.351,42.42
202.80,204.07,204.08,0,-1.62831,0,|r_qp|,cross-domain,0.0000,0.0000,5.218,0,-1.62831,0,-6.243,-2.772,-4.378,0,-8.793,3,0.619,-1.295,0.9645
203.20,204.47,204.48,0,-1.64133,0,|r_qp|,cross-domain,0.0000,0.0000,4.719,0,-1.64133,0,-6.243,-2.772,-4.378,0,-8.793,1.13,-0.243,-1.344,-0.394
203.60,204.87,204.88,0,-1.10243,0,|r_qp|,cross-domain,0.0000,0.0000,3.975,0,-1.10243,0,-6.243,-2.772,-4.378,0,-8.793,-0.5803,-0.5034,3.525,50
204.00,205.27,205.28,0,-1.57221,0,|r_qp|,cross-domain,0.0000,0.0000,3.806,0,-1.57221,0,-6.243,-2.772,-4.378,0,-8.793,-0.8517,-0.01619,-0.7461,0.8404
204.40,205.67,205.68,0,-1.51586,0,|r_qp|,cross-domain,0.0000,0.0000,4.085,0,-1.51586,0,-6.243,-2.772,-4.378,0,-8.793,0.5833,-0.1766,-0.8826,-0.8539
204.80,206.07,206.08,0,-1.20277,0,|r_qp|,cross-domain,0.0000,0.0000,3.738,0,-1.20277,0,-6.243,-2.772,-4.378,0,-8.793,1.925,-0.2129,2.925,49.87
205.20,206.47,206.48,0,-1.43869,0,|r_qp|,cross-domain,0.0000,0.0000,3.695,0,-1.43869,0,-6.243,-2.772,-4.378,0,-8.793,2.341,0.1945,-0.6304,1.848
205.60,206.87,206.88,0,-1.45796,0,|r_qp|,cross-domain,0.0000,0.0000,5.450,0,-1.45796,0,-6.243,-2.772,-4.378,0,-8.793,2.289,-0.6354,-0.995,-0.616
206.00,207.27,207.28,0,-1.15241,0,|r_qp|,cross-domain,0.0000,0.0000,4.254,0,-1.15241,0,-6.243,-2.772,-4.378,0,-8.793,2.227,-0.5858,2.954,49.53
206.40,207.67,207.68,0,-1.59749,0,|r_qp|,cross-domain,0.0000,0.0000,4.315,0,-1.59749,0,-6.243,-2.772,-4.378,0,-8.793,1.928,0.1132,-1.141,1.235
206.80,208.07,208.08,0,-1.61853,0,|r_qp|,cross-domain,0.0000,0.0000,3.954,0,-1.61853,0,-6.243,-2.772,-4.378,0,-8.793,1.013,-0.3433,-1.299,-0.7883
207.20,208.47,208.48,0,-1.15245,0,|r_qp|,cross-domain,0.0000,0.0000,3.850,0,-1.15245,0,-6.243,-2.772,-4.378,0,-8.793,0.2804,0.02952,3.357,50
207.60,208.87,208.88,0,-1.51584,0,|r_qp|,cross-domain,0.0000,0.0000,3.957,0,-1.51584,0,-6.243,-2.772,-4.378,0,-8.793,0.3081,0.2579,-0.6947,0.2682
208.00,209.27,209.28,0,-1.42754,0,|r_qp|,cross-domain,0.0000,0.0000,3.709,0,-1.42754,0,-6.243,-2.772,-4.378,0,-8.793,1.356,-0.2464,-0.7053,-0.733
208.40,209.67,209.68,0,-1.59793,0,|r_qp|,cross-domain,0.0000,0.0000,3.836,0,-1.59793,0,-6.243,-2.772,-4.378,0,-8.793,2.346,-0.4624,1.555,50
208.80,210.07,210.08,0,-1.37731,0,|r_qp|,cross-domain,0.0000,0.0000,5.326,0,-1.37731,0,-6.243,-2.772,-4.378,0,-8.793,2.466,-0.03886,-0.5797,0.4093
209.20,210.47,210.48,0,-1.32461,0,|r_qp|,cross-domain,0.0000,0.0000,4.253,0,-1.32461,0,-6.243,-2.772,-4.378,0,-8.793,2.569,-0.467,-0.5888,-0.9623
209.60,210.87,210.88,0,-1.49473,0,|r_qp|,cross-domain,0.0000,0.0000,4.289,0,-1.49473,0,-6.243,-2.772,-4.378,0,-8.793,2.472,-0.5048,1.728,47.7
210.00,211.27,211.28,0,-1.55691,0,|r_qp|,cross-domain,0.0000,0.0000,3.742,0,-1.55691,0,-6.243,-2.772,-4.378,0,-8.793,2.017,0.1077,-1.01,1.449
210.40,211.67,211.68,0,-1.61494,0,|r_qp|,cross-domain,0.0000,0.0000,4.027,0,-1.61494,0,-6.243,-2.772,-4.378,0,-8.793,0.6074,-0.6158,-1.259,-0.2938
210.80,212.07,212.08,0,-1.40389,0,|r_qp|,cross-domain,0.0000,0.0000,3.696,0,-1.40389,0,-6.243,-2.772,-4.378,0,-8.793,-0.5124,-0.7704,2.492,50
211.20,212.47,212.48,0,-1.56984,0,|r_qp|,cross-domain,0.0000,0.0000,3.764,0,-1.56984,0,-6.243,-2.772,-4.378,0,-8.793,-0.3657,-0.241,-0.8812,0.2446
211.60,212.87,212.88,0,-1.52336,0,|r_qp|,cross-domain,0.0000,0.0000,3.858,0,-1.52336,0,-6.243,-2.772,-4.378,0,-8.793,0.6502,-0.678,-1.018,-0.8984
212.00,213.27,213.28,0,-1.15146,0,|r_qp|,cross-domain,0.0000,0.0000,5.218,0,-1.15146,0,-6.243,-2.772,-4.378,0,-8.793,2.099,-0.4131,2.801,46
212.40,213.67,213.68,0,-1.34577,0,|r_qp|,cross-domain,0.0000,0.0000,4.511,0,-1.34577,0,-6.243,-2.772,-4.378,0,-8.793,2.749,-0.07045,-0.4728,1.233
212.80,214.07,214.08,0,-1.32940,0,|r_qp|,cross-domain,0.0000,0.0000,4.185,0,-1.32940,0,-6.243,-2.772,-4.378,0,-8.793,3.285,-0.3972,-0.6789,-0.8828
213.20,214.47,214.48,0,-1.48593,0,|r_qp|,cross-domain,0.0000,0.0000,3.971,0,-1.48593,0,-6.243,-2.772,-4.378,0,-8.793,3.138,-0.2832,1.849,50
213.60,214.87,214.88,0,-1.57565,0,|r_qp|,cross-domain,0.0000,0.0000,3.968,0,-1.57565,0,-6.243,-2.772,-4.378,0,-8.793,2.259,0.07903,-1.119,1.261
214.00,215.27,215.28,0,-1.62987,0,|r_qp|,cross-domain,0.0000,0.0000,3.725,0,-1.62987,0,-6.243,-2.772,-4.378,0,-8.793,0.3941,-0.4349,-1.253,-0.4554
214.40,215.67,215.68,0,-1.48692,0,|r_qp|,cross-domain,0.0000,0.0000,3.707,0,-1.48692,0,-6.243,-2.772,-4.378,0,-8.793,-1.016,-0.3551,2.372,50
214.80,216.07,216.08,0,-1.55620,0,|r_qp|,cross-domain,0.0000,0.0000,2.814,0,-1.55620,0,-6.243,-2.772,-4.378,0,-8.793,-1.074,0.1243,-0.6338,0.9073
215.20,216.47,216.48,0,-1.59798,0,|r_qp|,cross-domain,0.0000,0.0000,5.120,0,-1.59798,0,-6.243,-2.772,-4.378,0,-8.793,0.1452,-0.122,-1.085,-0.9531
215.60,216.87,216.88,0,-1.34358,0,|r_qp|,cross-domain,0.0000,0.0000,4.526,0,-1.34358,0,-6.243,-2.772,-4.378,0,-8.793,1.312,-0.06057,2.511,48.67
216.00,217.27,217.28,0,-1.20534,0,|r_qp|,cross-domain,0.0000,0.0000,3.842,0,-1.20534,0,-6.243,-2.772,-4.378,0,-8.793,2.038,0.3284,0.1529,1.258
216.40,217.67,217.68,0,-1.31358,0,|r_qp|,cross-domain,0.0000,0.0000,3.741,0,-1.31358,0,-6.243,-2.772,-4.378,0,-8.793,2.758,-0.2449,-0.5288,-0.8771
216.80,218.07,218.08,0,-1.36788,0,|r_qp|,cross-domain,0.0000,0.0000,3.737,0,-1.36788,0,-6.243,-2.772,-4.378,0,-8.793,3.377,-0.4709,2.066,48.38
217.20,218.47,218.48,0,-1.58460,0,|r_qp|,cross-domain,0.0000,0.0000,3.640,0,-1.58460,0,-6.243,-2.772,-4.378,0,-8.793,2.965,0.06227,-1.251,1.118
217.60,218.87,218.88,0,-1.62995,0,|r_qp|,cross-domain,0.0000,0.0000,3.746,0,-1.62995,0,-6.243,-2.772,-4.378,0,-8.793,0.9624,-0.51,-1.331,-0.2655
218.00,219.27,219.28,0,-1.13770,0,|r_qp|,cross-domain,0.0000,0.0000,5.367,0,-1.13770,0,-6.243,-2.772,-4.378,0,-8.793,-0.5944,-0.2935,3.455,50
218.40,219.67,219.68,0,-1.64656,0,|r_qp|,cross-domain,0.0000,0.0000,4.381,0,-1.64656,0,-6.243,-2.772,-4.378,0,-8.793,-0.7791,0.1046,-0.9681,0.8936
218.80,220.07,220.08,0,-1.59733,0,|r_qp|,cross-domain,0.0000,0.0000,4.184,0,-1.59733,0,-6.243,-2.772,-4.378,0,-8.793,0.4392,-0.2949,-1.136,-0.6147
219.20,220.47,220.48,0,-1.25001,0,|r_qp|,cross-domain,0.0000,0.0000,3.733,0,-1.25001,0,-6.243,-2.772,-4.378,0,-8.793,1.533,-0.1024,2.854,50
219.60,220.87,220.88,0,-1.22955,0,|r_qp|,cross-domain,0.0000,0.0000,3.988,0,-1.22955,0,-6.243,-2.772,-4.378,0,-8.793,2.067,0.4475,0.09328,1.235
220.00,221.27,221.28,0,-1.26290,0,|r_qp|,cross-domain,0.0000,0.0000,3.814,0,-1.26290,0,-6.243,-2.772,-4.378,0,-8.793,3.208,0.1616,-0.3325,-0.6912
220.40,221.67,221.68,0,-0.78370,0,|r_qp|,cross-domain,0.0000,0.0000,3.792,0,-0.78370,0,-6.243,-2.772,-4.378,0,-8.793,3.881,0.05417,3.705,43.6
220.80,222.07,222.08,0,-1.57063,0,|r_qp|,cross-domain,0.0000,0.0000,3.679,0,-1.57063,0,-6.243,-2.772,-4.378,0,-8.793,3.341,0.5227,-1.14,1.516
221.20,222.47,222.48,0,-1.63612,0,|r_qp|,cross-domain,0.0000,0.0000,5.194,0,-1.63612,0,-6.243,-2.772,-4.378,0,-8.793,1.074,-0.2969,-1.329,-0.3689
221.60,222.87,222.88,0,-1.34051,0,|r_qp|,cross-domain,0.0000,0.0000,4.314,0,-1.34051,0,-6.243,-2.772,-4.378,0,-8.793,-0.7611,-0.4137,2.777,49.63
222.00,223.27,223.28,0,-1.63652,0,|r_qp|,cross-domain,0.0000,0.0000,4.210,0,-1.63652,0,-6.243,-2.772,-4.378,0,-8.793,-0.9341,0.04124,-0.9444,0.6159
222.40,223.67,223.68,0,-1.61792,0,|r_qp|,cross-domain,0.0000,0.0000,3.796,0,-1.61792,0,-6.243,-2.772,-4.378,0,-8.793,0.1025,-0.2522,-1.167,-0.9008
222.80,224.07,224.08,0,-1.38195,0,|r_qp|,cross-domain,0.0000,0.0000,3.925,0,-1.38195,0,-6.243,-2.772,-4.378,0,-8.793,1.435,-0.4243,2.378,50
223.20,224.47,224.48,0,-1.31219,0,|r_qp|,cross-domain,0.0000,0.0000,3.626,0,-1.31219,0,-6.243,-2.772,-4.378,0,-8.793,2.05,-0.01698,-0.3051,0.5169
223.60,224.87,224.88,0,-1.21209,0,|r_qp|,cross-domain,0.0000,0.0000,3.734,0,-1.21209,0,-6.243,-2.772,-4.378,0,-8.793,2.891,-0.6251,-0.2817,-0.6633
224.00,225.27,225.28,0,-1.57595,0,|r_qp|,cross-domain,0.0000,0.0000,3.729,0,-1.57595,0,-6.243,-2.772,-4.378,0,-8.793,3.262,-0.6113,1.477,50
224.40,225.67,225.68,0,-1.54505,0,|r_qp|,cross-domain,0.0000,0.0000,5.081,0,-1.54505,0,-6.243,-2.772,-4.378,0,-8.793,2.702,0.1162,-1.048,1.641
224.80,226.07,226.08,0,-1.64864,0,|r_qp|,cross-domain,0.0000,0.0000,4.745,0,-1.64864,0,-6.243,-2.772,-4.378,0,-8.793,0.8434,-0.366,-1.355,-0.3893
225.20,226.47,226.48,0,-1.78523,0,|r_qp|,cross-domain,0.0000,0.0000,4.122,0,-1.78523,0,-6.243,-2.772,-4.378,0,-8.793,-0.6311,-0.1082,1.409,50
225.60,226.87,226.88,0,-1.73462,0,|r_qp|,cross-domain,0.0000,0.0000,4.038,0,-1.73462,0,-6.243,-2.772,-4.378,0,-8.793,-0.9164,0.3186,-1.163,1.385
226.00,227.27,227.28,0,-1.68802,0,|r_qp|,cross-domain,0.0000,0.0000,4.002,0,-1.68802,0,-6.243,-2.772,-4.378,0,-8.793,-0.4515,-0.2402,-1.317,-0.8824
226.40,227.67,227.68,0,-1.67603,0,|r_qp|,cross-domain,0.0000,0.0000,3.875,0,-1.67603,0,-6.243,-2.772,-4.378,0,-8.793,0.2989,-0.2566,1.611,50
226.80,228.07,228.08,0,-1.44661,0,|r_qp|,cross-domain,0.0000,0.0000,4.026,0,-1.44661,0,-6.243,-2.772,-4.378,0,-8.793,0.8389,0.1916,-0.5479,0.3696
227.20,228.47,228.48,0,-1.36051,0,|r_qp|,cross-domain,0.0000,0.0000,5.315,0,-1.36051,0,-6.243,-2.772,-4.378,0,-8.793,1.959,-0.3459,-0.6002,-0.9491
227.60,228.87,228.88,0,-1.36006,0,|r_qp|,cross-domain,0.0000,0.0000,4.636,0,-1.36006,0,-6.243,-2.772,-4.378,0,-8.793,2.762,-0.5749,2.216,49.49
228.00,229.27,229.28,0,-1.60920,0,|r_qp|,cross-domain,0.0000,0.0000,4.403,0,-1.60920,0,-6.243,-2.772,-4.378,0,-8.793,2.585,0.08578,-1.271,1.211
228.40,229.67,229.68,0,-1.62159,0,|r_qp|,cross-domain,0.0000,0.0000,4.121,0,-1.62159,0,-6.243,-2.772,-4.378,0,-8.793,1.107,-0.6123,-1.358,-0.5229
228.80,230.07,230.08,0,-1.32651,0,|r_qp|,cross-domain,0.0000,0.0000,3.964,0,-1.32651,0,-6.243,-2.772,-4.378,0,-8.793,-0.3478,-0.5519,2.717,49.21
229.20,230.47,230.48,0,-1.58411,0,|r_qp|,cross-domain,0.0000,0.0000,3.844,0,-1.58411,0,-6.243,-2.772,-4.378,0,-8.793,-0.5776,-0.0312,-0.8308,0.7101
229.60,230.87,230.88,0,-1.53160,0,|r_qp|,cross-domain,0.0000,0.0000,3.730,0,-1.53160,0,-6.243,-2.772,-4.378,0,-8.793,0.3738,-0.4054,-0.9496,-0.822
230.00,231.27,231.28,0,-1.46116,0,|r_qp|,cross-domain,0.0000,0.0000,3.765,0,-1.46116,0,-6.243,-2.772,-4.378,0,-8.793,1.548,-0.3641,2.119,50
230.40,231.67,231.68,0,-1.44266,0,|r_qp|,cross-domain,0.0000,0.0000,5.327,0,-1.44266,0,-6.243,-2.772,-4.378,0,-8.793,1.987,0.1298,-0.6166,1.734
230.80,232.07,232.08,0,-1.41551,0,|r_qp|,cross-domain,0.0000,0.0000,4.450,0,-1.41551,0,-6.243,-2.772,-4.378,0,-8.793,2.385,-0.2871,-0.8139,-0.8248
231.20,232.47,232.48,0,-0.93992,0,|r_qp|,cross-domain,0.0000,0.0000,4.290,0,-0.93992,0,-6.243,-2.772,-4.378,0,-8.793,2.717,0.04415,3.448,45.24
231.60,232.87,232.88,0,-1.59344,0,|r_qp|,cross-domain,0.0000,0.0000,4.168,0,-1.59344,0,-6.243,-2.772,-4.378,0,-8.793,2.409,0.6241,-1.076,1.45
232.00,233.27,233.28,0,-1.64196,0,|r_qp|,cross-domain,0.0000,0.0000,4.491,0,-1.64196,0,-6.243,-2.772,-4.378,0,-8.793,1.129,-0.03426,-1.306,-0.419
232.40,233.67,233.68,0,-1.09276,0,|r_qp|,cross-domain,0.0000,0.0000,3.901,0,-1.09276,0,-6.243,-2.772,-4.378,0,-8.793,-0.1698,-0.4461,3.4,48.05
232.80,234.07,234.08,0,-1.56271,0,|r_qp|,cross-domain,0.0000,0.0000,3.755,0,-1.56271,0,-6.243,-2.772,-4.378,0,-8.793,-0.4643,-0.2189,-0.8213,0.5814
233.20,234.47,234.48,0,-1.66529,0,|r_qp|,cross-domain,0.0000,0.0000,3.800,0,-1.66529,0,-6.243,-2.772,-4.378,0,-8.793,-0.1891,-0.5862,-1.344,-0.8374
233.60,234.87,234.88,0,-1.27826,0,|r_qp|,cross-domain,0.0000,0.0000,5.202,0,-1.27826,0,-6.243,-2.772,-4.378,0,-8.793,0.405,-0.3891,2.853,50
234.00,235.27,235.28,0,-1.33306,0,|r_qp|,cross-domain,0.0000,0.0000,4.467,0,-1.33306,0,-6.243,-2.772,-4.378,0,-8.793,0.745,0.1297,-0.183,0.3519
234.40,235.67,235.68,0,-1.23603,0,|r_qp|,cross-domain,0.0000,0.0000,4.237,0,-1.23603,0,-6.243,-2.772,-4.378,0,-8.793,2.129,-0.4305,-0.2378,-0.9453
234.80,236.07,236.08,0,-1.63492,0,|r_qp|,cross-domain,0.0000,0.0000,3.734,0,-1.63492,0,-6.243,-2.772,-4.378,0,-8.793,3.183,-0.6119,1.298,50
235.20,236.47,236.48,0,-1.52472,0,|r_qp|,cross-domain,0.0000,0.0000,4.037,0,-1.52472,0,-6.243,-2.772,-4.378,0,-8.793,2.902,0.02318,-1.119,0.06608
235.60,236.87,236.88,0,-1.59822,0,|r_qp|,cross-domain,0.0000,0.0000,4.057,0,-1.59822,0,-6.243,-2.772,-4.378,0,-8.793,1.111,-0.3643,-1.259,-0.9402
236.00,237.27,237.28,0,-1.75009,0,|r_qp|,cross-domain,0.0000,0.0000,3.856,0,-1.75009,0,-6.243,-2.772,-4.378,0,-8.793,-0.4896,-0.3111,1.464,50
236.40,237.67,237.68,0,-1.56369,0,|r_qp|,cross-domain,0.0000,0.0000,2.748,0,-1.56369,0,-6.243,-2.772,-4.378,0,-8.793,-0.6167,0.05363,-0.7209,1.087
236.80,238.07,238.08,0,-1.55996,0,|r_qp|,cross-domain,0.0000,0.0000,4.947,0,-1.55996,0,-6.243,-2.772,-4.378,0,-8.793,0.02477,-0.4615,-1.013,-0.9355
237.20,238.47,238.48,0,-1.40278,0,|r_qp|,cross-domain,0.0000,0.0000,5.007,0,-1.40278,0,-6.243,-2.772,-4.378,0,-8.793,1.199,-0.413,2.343,50
237.60,238.87,238.88,0,-1.33580,0,|r_qp|,cross-domain,0.0000,0.0000,3.773,0,-1.33580,0,-6.243,-2.772,-4.378,0,-8.793,1.811,0.0637,-0.3501,0.2425
238.00,239.27,239.28,0,-1.29467,0,|r_qp|,cross-domain,0.0000,0.0000,3.831,0,-1.29467,0,-6.243,-2.772,-4.378,0,-8.793,2.867,-0.4752,-0.5328,-0.9637
238.40,239.67,239.68,0,-1.46644,0,|r_qp|,cross-domain,0.0000,0.0000,3.905,0,-1.46644,0,-6.243,-2.772,-4.378,0,-8.793,3.268,-0.5208,1.784,48.92
238.80,240.07,240.08,0,-1.59358,0,|r_qp|,cross-domain,0.0000,0.0000,3.762,0,-1.59358,0,-6.243,-2.772,-4.378,0,-8.793,2.596,0.2424,-1.196,1.112
239.20,240.47,240.48,0,-1.65646,0,|r_qp|,cross-domain,0.0000,0.0000,3.755,0,-1.65646,0,-6.243,-2.772,-4.378,0,-8.793,0.5721,-0.08189,-1.316,-0.8621
239.60,240.87,240.88,0,-1.59919,0,|r_qp|,cross-domain,0.0000,0.0000,5.422,0,-1.59919,0,-6.243,-2.772,-4.378,0,-8.793,-0.3811,-0.05252,1.987,50
240.00,241.27,241.28,0,-1.61081,0,|r_qp|,cross-domain,0.0000,0.0000,4.187,0,-1.61081,0,-6.243,-2.772,-4.378,0,-8.793,-0.1801,0.2223,-0.8818,1.331
240.40,241.67,241.68,0,-1.65298,0,|r_qp|,cross-domain,0.0000,0.0000,4.215,0,-1.65298,0,-6.243,-2.772,-4.378,0,-8.793,0.001812,-0.4831,-1.291,-0.535
240.80,242.07,242.08,0,-2.02862,0,|r_qp|,cross-domain,0.0000,0.0000,3.908,0,-2.02862,0,-6.243,-2.772,-4.378,0,-8.793,-0.1909,-0.4552,0.499,50
241.20,242.47,242.48,0,-1.65213,0,|r_qp|,cross-domain,0.0000,0.0000,3.884,0,-1.65213,0,-6.243,-2.772,-4.378,0,-8.793,-0.8517,0.1302,-0.8228,3.424
241.60,242.87,242.88,0,-1.59548,0,|r_qp|,cross-domain,0.0000,0.0000,3.811,0,-1.59548,0,-6.243,-2.772,-4.378,0,-8.793,-0.4815,-0.2781,-1.027,-0.9577
242.00,243.27,243.28,0,-1.80421,0,|r_qp|,cross-domain,0.0000,0.0000,3.601,0,-1.80421,0,-6.243,-2.772,-4.378,0,-8.793,0.3855,-0.2107,1.196,50
242.40,243.67,243.68,0,-1.65490,0,|r_qp|,cross-domain,0.0000,0.0000,3.836,0,-1.65490,0,-6.243,-2.772,-4.378,0,-8.793,0.4417,0.1831,-1.136,0.9348
242.80,244.07,244.08,0,-1.51826,0,|r_qp|,cross-domain,0.0000,0.0000,5.060,0,-1.51826,0,-6.243,-2.772,-4.378,0,-8.793,0.4616,-0.3977,-0.9168,-0.8282
243.20,244.47,244.48,0,-0.92644,0,|r_qp|,cross-domain,0.0000,0.0000,3.568,0,-0.92644,0,-6.243,-2.772,-4.378,0,-8.793,1.822,-0.3191,3.816,50
243.60,244.87,244.88,0,-1.17612,0,|r_qp|,cross-domain,0.0000,0.0000,3.595,0,-1.17612,0,-6.243,-2.772,-4.378,0,-8.793,2.919,0.243,0.1008,1.008
244.00,245.27,245.28,0,-1.25667,0,|r_qp|,cross-domain,0.0000,0.0000,3.535,0,-1.25667,0,-6.243,-2.772,-4.378,0,-8.793,4.396,-0.1466,-0.5422,-0.9304
244.40,245.67,245.68,0,-0.80716,0,|r_qp|,cross-domain,0.0000,0.0000,3.516,0,-0.80716,0,-6.243,-2.772,-4.378,0,-8.793,4.937,-0.3987,3.704,48.72
244.80,246.07,246.08,0,-1.26348,0,|r_qp|,cross-domain,0.0000,0.0000,3.421,0,-1.26348,0,-6.243,-2.772,-4.378,0,-8.793,4.478,-0.03116,-0.4537,0.7421
245.20,246.47,246.48,0,-1.24731,0,|r_qp|,cross-domain,0.0000,0.0000,3.361,0,-1.24731,0,-6.243,-2.772,-4.378,0,-8.793,4.316,-0.522,-0.5721,-0.8639
245.60,246.87,246.88,0,-0.93787,0,|r_qp|,cross-domain,0.0000,0.0000,3.565,0,-0.93787,0,-6.243,-2.772,-4.378,0,-8.793,3.687,-0.3603,3.276,45.71
246.00,247.27,247.28,0,-1.48225,0,|r_qp|,cross-domain,0.0000,0.0000,4.963,0,-1.48225,0,-6.243,-2.772,-4.378,0,-8.793,2.665,0.1386,-0.9455,-0.2179
246.40,247.67,247.68,0,-1.38004,0,|r_qp|,cross-domain,0.0000,0.0000,4.613,0,-1.38004,0,-6.243,-2.772,-4.378,0,-8.793,2.131,-0.4385,-0.6931,-0.7656
246.80,248.07,248.08,0,-1.62621,0,|r_qp|,cross-domain,0.0000,0.0000,3.947,0,-1.62621,0,-6.243,-2.772,-4.378,0,-8.793,1.503,-0.4003,1.478,48.15
247.20,248.47,248.48,0,-1.62153,0,|r_qp|,cross-domain,0.0000,0.0000,3.822,0,-1.62153,0,-6.243,-2.772,-4.378,0,-8.793,1.104,0.06297,-1.151,0.7271
247.60,248.87,248.88,0,-1.62463,0,|r_qp|,cross-domain,0.0000,0.0000,3.891,0,-1.62463,0,-6.243,-2.772,-4.378,0,-8.793,0.03136,-0.2288,-1.148,-0.4525
248.00,249.27,249.28,0,-1.63820,0,|r_qp|,cross-domain,0.0000,0.0000,3.660,0,-1.63820,0,-6.243,-2.772,-4.378,0,-8.793,-0.1614,-0.02562,1.838,50
248.40,249.67,249.68,0,-1.40805,0,|r_qp|,cross-domain,0.0000,0.0000,3.652,0,-1.40805,0,-6.243,-2.772,-4.378,0,-8.793,0.08261,0.5107,-0.2996,-0.2702
248.80,250.07,250.08,0,-1.40987,0,|r_qp|,cross-domain,0.0000,0.0000,3.217,0,-1.40987,0,-6.243,-2.772,-4.378,0,-8.793,1.644,-0.04793,-0.6411,-0.6389
249.20,250.47,250.48,0,-1.74154,0,|r_qp|,cross-domain,0.0000,0.0000,4.405,0,-1.74154,0,-6.243,-2.772,-4.378,0,-8.793,2.679,-0.1093,1.119,50
249.60,250.87,250.88,0,-1.58598,0,|r_qp|,cross-domain,0.0000,0.0000,4.280,0,-1.58598,0,-6.243,-2.772,-4.378,0,-8.793,2.256,0.5335,-1.124,0.1908
250.00,251.27,251.28,0,-1.62233,0,|r_qp|,cross-domain,0.0000,0.0000,3.817,0,-1.62233,0,-6.243,-2.772,-4.378,0,-8.793,0.5616,-0.07874,-1.196,-0.7267
250.40,251.67,251.68,0,-1.57620,0,|r_qp|,cross-domain,0.0000,0.0000,3.899,0,-1.57620,0,-6.243,-2.772,-4.378,0,-8.793,-0.9131,-0.2379,1.945,47.45
250.80,252.07,252.08,0,-1.69952,0,|r_qp|,cross-domain,0.0000,0.0000,3.513,0,-1.69952,0,-6.243,-2.772,-4.378,0,-8.793,-1.139,0.1389,-1.077,1.026
251.20,252.47,252.48,0,-1.63488,0,|r_qp|,cross-domain,0.0000,0.0000,3.577,0,-1.63488,0,-6.243,-2.772,-4.378,0,-8.793,-0.6005,-0.3551,-1.132,-0.5825
251.60,252.87,252.88,0,-1.15169,0,|r_qp|,cross-domain,0.0000,0.0000,3.825,0,-1.15169,0,-6.243,-2.772,-4.378,0,-8.793,0.3809,-0.2236,3.263,49.43
252.00,253.27,253.28,0,-1.32653,0,|r_qp|,cross-domain,0.0000,0.0000,5.410,0,-1.32653,0,-6.243,-2.772,-4.378,0,-8.793,1.137,0.07459,-0.2194,0.4301
252.40,253.67,253.68,0,-1.37290,0,|r_qp|,cross-domain,0.0000,0.0000,4.747,0,-1.37290,0,-6.243,-2.772,-4.378,0,-8.793,2.393,-0.3272,-0.6885,-0.8749
252.80,254.07,254.08,0,-1.56873,0,|r_qp|,cross-domain,0.0000,0.0000,3.750,0,-1.56873,0,-6.243,-2.772,-4.378,0,-8.793,3.066,-0.2395,1.6,50
253.20,254.47,254.48,0,-1.56720,0,|r_qp|,cross-domain,0.0000,0.0000,3.753,0,-1.56720,0,-6.243,-2.772,-4.378,0,-8.793,2.519,0.301,-1.158,-0.05352
253.60,254.87,254.88,0,-1.58578,0,|r_qp|,cross-domain,0.0000,0.0000,4.045,0,-1.58578,0,-6.243,-2.772,-4.378,0,-8.793,1.341,-0.3036,-1.23,-0.822
254.00,255.27,255.28,0,-1.83229,0,|r_qp|,cross-domain,0.0000,0.0000,3.866,0,-1.83229,0,-6.243,-2.772,-4.378,0,-8.793,0.04239,-0.4493,1.103,50
254.40,255.67,255.68,0,-1.62240,0,|r_qp|,cross-domain,0.0000,0.0000,4.046,0,-1.62240,0,-6.243,-2.772,-4.378,0,-8.793,-0.2537,0.003438,-0.9695,1.05
254.80,256.07,256.08,0,-1.59598,0,|r_qp|,cross-domain,0.0000,0.0000,3.604,0,-1.59598,0,-6.243,-2.772,-4.378,0,-8.793,-0.4256,-0.2968,-1.015,-0.5383
255.20,256.47,256.48,0,-1.51312,0,|r_qp|,cross-domain,0.0000,0.0000,5.224,0,-1.51312,0,-6.243,-2.772,-4.378,0,-8.793,0.5089,-0.1565,2.128,50
255.60,256.87,256.88,0,-1.15317,0,|r_qp|,cross-domain,0.0000,0.0000,4.622,0,-1.15317,0,-6.243,-2.772,-4.378,0,-8.793,1.299,0.2662,0.3252,-0.09727
256.00,257.27,257.28,0,-1.29564,0,|r_qp|,cross-domain,0.0000,0.0000,3.799,0,-1.29564,0,-6.243,-2.772,-4.378,0,-8.793,2.705,-0.1282,-0.4286,-0.6674
256.40,257.67,257.68,0,-1.71114,0,|r_qp|,cross-domain,0.0000,0.0000,3.874,0,-1.71114,0,-6.243,-2.772,-4.378,0,-8.793,3.434,-0.03824,1.133,50
256.80,258.07,258.08,0,-1.46698,0,|r_qp|,cross-domain,0.0000,0.0000,3.941,0,-1.46698,0,-6.243,-2.772,-4.378,0,-8.793,3.025,0.5916,-0.8529,-0.21
257.20,258.47,258.48,0,-1.45048,0,|r_qp|,cross-domain,0.0000,0.0000,3.704,0,-1.45048,0,-6.243,-2.772,-4.378,0,-8.793,2.045,-0.1015,-0.8478,-0.8612
257.60,258.87,258.88,0,-1.74583,0,|r_qp|,cross-domain,0.0000,0.0000,3.861,0,-1.74583,0,-6.243,-2.772,-4.378,0,-8.793,0.7453,-0.1045,1.358,50
258.00,259.27,259.28,0,-1.45061,0,|r_qp|,cross-domain,0.0000,0.0000,2.730,0,-1.45061,0,-6.243,-2.772,-4.378,0,-8.793,0.5636,0.4587,-0.4921,0.02776
258.40,259.67,259.68,0,-1.52003,0,|r_qp|,cross-domain,0.0000,0.0000,5.028,0,-1.52003,0,-6.243,-2.772,-4.378,0,-8.793,0.7879,-0.02341,-0.8957,-0.91
258.80,260.07,260.08,0,-1.61052,0,|r_qp|,cross-domain,0.0000,0.0000,4.502,0,-1.61052,0,-6.243,-2.772,-4.378,0,-8.793,1.55,-0.02694,1.705,50
259.20,260.47,260.48,0,-1.48700,0,|r_qp|,cross-domain,0.0000,0.0000,3.853,0,-1.48700,0,-6.243,-2.772,-4.378,0,-8.793,1.921,0.6192,-0.7397,0.2766
259.60,260.87,260.88,0,-1.37759,0,|r_qp|,cross-domain,0.0000,0.0000,4.006,0,-1.37759,0,-6.243,-2.772,-4.378,0,-8.793,2.099,0.1704,-0.5576,-0.7184
260.00,261.27,261.28,0,-1.56210,0,|r_qp|,cross-domain,0.0000,0.0000,3.713,0,-1.56210,0,-6.243,-2.772,-4.378,0,-8.793,2.157,0.3369,1.766,48.51
260.40,261.67,261.68,0,-1.58026,0,|r_qp|,cross-domain,0.0000,0.0000,3.683,0,-1.58026,0,-6.243,-2.772,-4.378,0,-8.793,1.693,0.4455,-1.083,-0.3692
260.80,262.07,262.08,0,-1.58539,0,|r_qp|,cross-domain,0.0000,0.0000,3.739,0,-1.58539,0,-6.243,-2.772,-4.378,0,-8.793,0.4505,-0.125,-1.07,-0.7016
261.20,262.47,262.48,0,-1.86554,0,|r_qp|,cross-domain,0.0000,0.0000,5.439,0,-1.86554,0,-6.243,-2.772,-4.378,0,-8.793,-0.6425,-0.1936,1.135,50
261.60,262.87,262.88,0,-1.66825,0,|r_qp|,cross-domain,0.0000,0.0000,4.708,0,-1.66825,0,-6.243,-2.772,-4.378,0,-8.793,-0.8279,0.338,-1.029,0.145
262.00,263.27,263.28,0,-1.61546,0,|r_qp|,cross-domain,0.0000,0.0000,4.090,0,-1.61546,0,-6.243,-2.772,-4.378,0,-8.793,-0.09129,-0.2823,-1.142,-0.9405
262.40,263.67,263.68,0,-1.60128,0,|r_qp|,cross-domain,0.0000,0.0000,3.901,0,-1.60128,0,-6.243,-2.772,-4.378,0,-8.793,0.9374,-0.4924,1.722,50
262.80,264.07,264.08,0,-1.46292,0,|r_qp|,cross-domain,0.0000,0.0000,3.985,0,-1.46292,0,-6.243,-2.772,-4.378,0,-8.793,1.339,0.1161,-0.6771,0.4278
263.20,264.47,264.48,0,-1.44623,0,|r_qp|,cross-domain,0.0000,0.0000,3.669,0,-1.44623,0,-6.243,-2.772,-4.378,0,-8.793,1.92,-0.2669,-0.852,-0.8846
263.60,264.87,264.88,0,-1.72961,0,|r_qp|,cross-domain,0.0000,0.0000,3.715,0,-1.72961,0,-6.243,-2.772,-4.378,0,-8.793,2.167,-0.1804,1.21,50
264.00,265.27,265.28,0,-1.61029,0,|r_qp|,cross-domain,0.0000,0.0000,3.705,0,-1.61029,0,-6.243,-2.772,-4.378,0,-8.793,1.586,0.2247,-1.186,0.02769
264.40,265.67,265.68,0,-1.68046,0,|r_qp|,cross-domain,0.0000,0.0000,5.122,0,-1.68046,0,-6.243,-2.772,-4.378,0,-8.793,0.1731,-0.2044,-1.366,-0.8595
264.80,266.07,266.08,0,-2.02854,0,|r_qp|,cross-domain,0.0000,0.0000,4.565,0,-2.02854,0,-6.243,-2.772,-4.378,0,-8.793,-0.9868,-0.1895,0.6555,50
265.20,266.47,266.48,0,-1.44526,0,|r_qp|,cross-domain,0.0000,0.0000,4.090,0,-1.44526,0,-6.243,-2.772,-4.378,0,-8.793,-1.025,0.3064,-0.2982,0.02928
265.60,266.87,266.88,0,-1.59326,0,|r_qp|,cross-domain,0.0000,0.0000,4.132,0,-1.59326,0,-6.243,-2.772,-4.378,0,-8.793,-0.0006659,-0.179,-1.052,-0.7827
266.00,267.27,267.28,0,-1.68462,0,|r_qp|,cross-domain,0.0000,0.0000,3.833,0,-1.68462,0,-6.243,-2.772,-4.378,0,-8.793,1.213,0.02523,1.363,47.33
266.40,267.67,267.68,0,-1.55173,0,|r_qp|,cross-domain,0.0000,0.0000,3.886,0,-1.55173,0,-6.243,-2.772,-4.378,0,-8.793,1.712,0.8053,-0.8744,0.4422
266.80,268.07,268.08,0,-1.54227,0,|r_qp|,cross-domain,0.0000,0.0000,4.137,0,-1.54227,0,-6.243,-2.772,-4.378,0,-8.793,1.807,0.2228,-1.048,-0.8629
267.20,268.47,268.48,0,-1.70816,0,|r_qp|,cross-domain,0.0000,0.0000,3.713,0,-1.70816,0,-6.243,-2.772,-4.378,0,-8.793,1.84,0.1936,1.396,50
267.60,268.87,268.88,0,-1.59203,0,|r_qp|,cross-domain,0.0000,0.0000,5.245,0,-1.59203,0,-6.243,-2.772,-4.378,0,-8.793,1.481,0.2616,-1.128,-0.3472
268.00,269.27,269.28,0,-1.64871,0,|r_qp|,cross-domain,0.0000,0.0000,4.618,0,-1.64871,0,-6.243,-2.772,-4.378,0,-8.793,0.4944,-0.2486,-1.313,-0.8482
268.40,269.67,269.68,0,-1.84361,0,|r_qp|,cross-domain,0.0000,0.0000,4.195,0,-1.84361,0,-6.243,-2.772,-4.378,0,-8.793,-0.4764,-0.259,1.171,50
268.80,270.07,270.08,0,-1.62422,0,|r_qp|,cross-domain,0.0000,0.0000,4.842,0,-1.62422,0,-6.243,-2.772,-4.378,0,-8.793,-0.7131,0.1142,-0.9315,0.4046
269.20,270.47,270.48,0,-1.60766,0,|r_qp|,cross-domain,0.0000,0.0000,3.870,0,-1.60766,0,-6.243,-2.772,-4.378,0,-8.793,-0.09654,-0.3704,-1.135,-0.9623
269.60,270.87,270.88,0,-1.61510,0,|r_qp|,cross-domain,0.0000,0.0000,4.353,0,-1.61510,0,-6.243,-2.772,-4.378,0,-8.793,0.8571,-0.436,1.638,48.95
270.00,271.27,271.28,0,-1.35427,0,|r_qp|,cross-domain,0.0000,0.0000,3.772,0,-1.35427,0,-6.243,-2.772,-4.378,0,-8.793,1.341,0.1869,-0.3263,0.2042
270.40,271.67,271.68,0,-1.28180,0,|r_qp|,cross-domain,0.0000,0.0000,5.325,0,-1.28180,0,-6.243,-2.772,-4.378,0,-8.793,2.412,-0.3248,-0.3891,-0.7403
270.80,272.07,272.08,0,-1.58429,0,|r_qp|,cross-domain,0.0000,0.0000,4.642,0,-1.58429,0,-6.243,-2.772,-4.378,0,-8.793,3.353,-0.0124,1.557,50
271.20,272.47,272.48,0,-1.52850,0,|r_qp|,cross-domain,0.0000,0.0000,4.193,0,-1.52850,0,-6.243,-2.772,-4.378,0,-8.793,3.087,0.8455,-1.018,-0.3611
271.60,272.87,272.88,0,-1.55403,0,|r_qp|,cross-domain,0.0000,0.0000,3.794,0,-1.55403,0,-6.243,-2.772,-4.378,0,-8.793,1.757,0.383,-1.049,-0.883
272.00,273.27,273.28,0,-1.80729,0,|r_qp|,cross-domain,0.0000,0.0000,3.952,0,-1.80729,0,-6.243,-2.772,-4.378,0,-8.793,0.2206,0.524,1.353,50
272.40,273.67,273.68,0,-1.71336,0,|r_qp|,cross-domain,0.0000,0.0000,3.838,0,-1.71336,0,-6.243,-2.772,-4.378,0,-8.793,-0.1384,0.7717,-1.175,0.2113
272.80,274.07,274.08,0,-1.70852,0,|r_qp|,cross-domain,0.0000,0.0000,3.743,0,-1.70852,0,-6.243,-2.772,-4.378,0,-8.793,-0.1547,0.1102,-1.353,-0.8919
273.20,274.47,274.48,0,-1.82486,0,|r_qp|,cross-domain,0.0000,0.0000,3.751,0,-1.82486,0,-6.243,-2.772,-4.378,0,-8.793,0.3518,-0.03518,1.168,50
273.60,274.87,274.88,0,-1.20214,0,|r_qp|,cross-domain,0.0000,0.0000,5.521,0,-1.20214,0,-6.243,-2.772,-4.378,0,-8.793,0.6985,0.2832,0.2719,0.2935
274.00,275.27,275.28,0,-1.37294,0,|r_qp|,cross-domain,0.0000,0.0000,4.549,0,-1.37294,0,-6.243,-2.772,-4.378,0,-8.793,1.819,-0.03323,-0.5502,-0.7798
274.40,275.67,275.68,0,-1.68825,0,|r_qp|,cross-domain,0.0000,0.0000,4.148,0,-1.68825,0,-6.243,-2.772,-4.378,0,-8.793,2.716,0.18,1.343,50
274.80,276.07,276.08,0,-1.60341,0,|r_qp|,cross-domain,0.0000,0.0000,3.752,0,-1.60341,0,-6.243,-2.772,-4.378,0,-8.793,2.399,0.6845,-1.183,-0.03889
275.20,276.47,276.48,0,-1.66525,0,|r_qp|,cross-domain,0.0000,0.0000,4.012,0,-1.66525,0,-6.243,-2.772,-4.378,0,-8.793,0.676,0.08702,-1.323,-0.8346
275.60,276.87,276.88,0,-2.02364,0,|r_qp|,cross-domain,0.0000,0.0000,3.613,0,-2.02364,0,-6.243,-2.772,-4.378,0,-8.793,-0.7284,-0.03937,0.6674,50
276.00,277.27,277.28,0,-1.71642,0,|r_qp|,cross-domain,0.0000,0.0000,3.790,0,-1.71642,0,-6.243,-2.772,-4.378,0,-8.793,-1.186,0.3596,-1.128,0.2379
276.40,277.67,277.68,0,-1.64397,0,|r_qp|,cross-domain,0.0000,0.0000,3.645,0,-1.64397,0,-6.243,-2.772,-4.378,0,-8.793,-0.5926,0.00398,-1.102,-0.7796
276.80,278.07,278.08,0,-1.85645,0,|r_qp|,cross-domain,0.0000,0.0000,5.310,0,-1.85645,0,-6.243,-2.772,-4.378,0,-8.793,0.03934,0.3055,1.051,47.9
277.20,278.47,278.48,0,-1.26409,0,|r_qp|,cross-domain,0.0000,0.0000,4.371,0,-1.26409,0,-6.243,-2.772,-4.378,0,-8.793,0.5942,0.7949,0.1856,0.266
277.60,278.87,278.88,0,-1.19452,0,|r_qp|,cross-domain,0.0000,0.0000,3.897,0,-1.19452,0,-6.243,-2.772,-4.378,0,-8.793,2.057,0.555,0.1117,-0.7577
278.00,279.27,279.28,0,-1.62016,0,|r_qp|,cross-domain,0.0000,0.0000,3.964,0,-1.62016,0,-6.243,-2.772,-4.378,0,-8.793,3.185,1.004,1.665,50
278.40,279.67,279.68,0,-1.56815,0,|r_qp|,cross-domain,0.0000,0.0000,3.969,0,-1.56815,0,-6.243,-2.772,-4.378,0,-8.793,3.023,1.829,-0.9422,-0.3572
278.80,280.07,280.08,0,-1.66553,0,|r_qp|,cross-domain,0.0000,0.0000,3.739,0,-1.66553,0,-6.243,-2.772,-4.378,0,-8.793,1.289,1.425,-1.126,-0.6327
279.20,280.47,280.48,0,-1.87063,0,|r_qp|,cross-domain,0.0000,0.0000,3.720,0,-1.87063,0,-6.243,-2.772,-4.378,0,-8.793,-0.3424,1.432,1.402,50
279.60,280.87,280.88,0,-1.70278,0,|r_qp|,cross-domain,0.0000,0.0000,2.791,0,-1.70278,0,-6.243,-2.772,-4.378,0,-8.793,-0.5749,1.871,-0.8934,-0.2558
280.00,281.27,281.28,0,-1.65588,0,|r_qp|,cross-domain,0.0000,0.0000,5.158,0,-1.65588,0,-6.243,-2.772,-4.378,0,-8.793,-0.03173,2.539,-0.7174,-0.883
280.40,281.67,281.68,0,-1.81903,0,|r_qp|,cross-domain,0.0000,0.0000,4.190,0,-1.81903,0,-6.243,-2.772,-4.378,0,-8.793,1.004,3.907,1.883,50
280.80,282.07,282.08,0,-1.54665,0,|r_qp|,cross-domain,0.0000,0.0000,3.719,0,-1.54665,0,-6.243,-2.772,-4.378,0,-8.793,1.599,4.597,-0.119,-0.01603
281.20,282.47,282.48,0,-1.23221,0,|r_qp|,cross-domain,0.0000,0.0000,3.892,0,-1.23221,0,-6.243,-2.772,-4.378,0,-8.793,2.626,4.566,0.7399,-0.2641
281.60,282.87,282.88,0,-1.65836,0,|r_qp|,cross-domain,0.0000,0.0000,3.779,0,-1.65836,0,-6.243,-2.772,-4.378,0,-8.793,3.361,4.706,2.126,47.85
282.00,283.27,283.28,0,-1.81692,0,|r_qp|,cross-domain,0.0000,0.0000,3.811,0,-1.81692,0,-6.243,-2.772,-4.378,0,-8.793,3.074,4.782,-1.167,-0.3913
282.40,283.67,283.68,0,-1.57632,0,|r_qp|,cross-domain,0.0000,0.0000,3.776,0,-1.57632,0,-6.243,-2.772,-4.378,0,-8.793,1.574,3.461,-0.4567,-0.3604
282.80,284.07,284.08,0,-1.89123,0,|r_qp|,cross-domain,0.0000,0.0000,5.758,0,-1.89123,0,-6.243,-2.772,-4.378,0,-8.793,0.1045,2.402,1.47,50
283.20,284.47,284.48,0,-1.41065,0,|r_qp|,cross-domain,0.0000,0.0000,4.425,0,-1.41065,0,-6.243,-2.772,-4.378,0,-8.793,-0.1718,2.174,0.07548,0.08129
283.60,284.87,284.88,0,-1.39469,0,|r_qp|,cross-domain,0.0000,0.0000,4.342,0,-1.39469,0,-6.243,-2.772,-4.378,0,-8.793,0.9568,2.811,0.05895,-0.721
284.00,285.27,285.28,0,-1.68065,0,|r_qp|,cross-domain,0.0000,0.0000,3.963,0,-1.68065,0,-6.243,-2.772,-4.378,0,-8.793,2.283,4.016,1.977,46.47
284.40,285.67,285.68,0,-1.71820,0,|r_qp|,cross-domain,0.0000,0.0000,4.131,0,-1.71820,0,-6.243,-2.772,-4.378,0,-8.793,2.574,4.447,-0.8283,-0.01171
284.80,286.07,286.08,0,-1.65326,0,|r_qp|,cross-domain,0.0000,0.0000,3.531,0,-1.65326,0,-6.243,-2.772,-4.378,0,-8.793,1.892,2.971,-0.8559,-0.5759
285.20,286.47,286.48,0,-1.83509,0,|r_qp|,cross-domain,0.0000,0.0000,3.893,0,-1.83509,0,-6.243,-2.772,-4.378,0,-8.793,1.347,1.18,1.247,50
285.60,286.87,286.88,0,-1.46065,0,|r_qp|,cross-domain,0.0000,0.0000,3.702,0,-1.46065,0,-6.243,-2.772,-4.378,0,-8.793,0.9136,0.4545,-0.5929,-0.3472
286.00,287.27,287.28,0,-1.52323,0,|r_qp|,cross-domain,0.0000,0.0000,5.206,0,-1.52323,0,-6.243,-2.772,-4.378,0,-8.793,0.8315,0.1065,-0.8794,-0.7993
286.40,287.67,287.68,0,-1.87248,0,|r_qp|,cross-domain,0.0000,0.0000,4.714,0,-1.87248,0,-6.243,-2.772,-4.378,0,-8.793,0.4087,0.3169,1.077,50
286.80,288.07,288.08,0,-1.67447,0,|r_qp|,cross-domain,0.0000,0.0000,3.602,0,-1.67447,0,-6.243,-2.772,-4.378,0,-8.793,0.1221,1.151,-1.019,0.03095
287.20,288.47,288.48,0,-1.71314,0,|r_qp|,cross-domain,0.0000,0.0000,4.089,0,-1.71314,0,-6.243,-2.772,-4.378,0,-8.793,-0.0928,0.6527,-1.261,-0.7634
287.60,288.87,288.88,0,-1.64083,0,|r_qp|,cross-domain,0.0000,0.0000,3.878,0,-1.64083,0,-6.243,-2.772,-4.378,0,-8.793,0.3585,0.6572,1.814,48.58
288.00,289.27,289.28,0,-1.29071,0,|r_qp|,cross-domain,0.0000,0.0000,3.811,0,-1.29071,0,-6.243,-2.772,-4.378,0,-8.793,0.9822,0.571,-0.01603,-0.09111
288.40,289.67,289.68,0,-1.19988,0,|r_qp|,cross-domain,0.0000,0.0000,3.849,0,-1.19988,0,-6.243,-2.772,-4.378,0,-8.793,2.415,0.8065,0.1016,-0.6908
288.80,290.07,290.08,0,-1.54530,0,|r_qp|,cross-domain,0.0000,0.0000,3.535,0,-1.54530,0,-6.243,-2.772,-4.378,0,-8.793,3.406,1.683,2.012,50
289.20,290.47,290.48,0,-1.72717,0,|r_qp|,cross-domain,0.0000,0.0000,5.241,0,-1.72717,0,-6.243,-2.772,-4.378,0,-8.793,2.834,2.796,-1.251,-0.5721
289.60,290.87,290.88,0,-1.76188,0,|r_qp|,cross-domain,0.0000,0.0000,4.532,0,-1.76188,0,-6.243,-2.772,-4.378,0,-8.793,0.7695,2.14,-1.225,-0.5877
290.00,291.27,291.28,0,-1.90678,0,|r_qp|,cross-domain,0.0000,0.0000,3.793,0,-1.90678,0,-6.243,-2.772,-4.378,0,-8.793,-0.9683,1.86,1.452,50
290.40,291.67,291.68,0,-1.75282,0,|r_qp|,cross-domain,0.0000,0.0000,4.164,0,-1.75282,0,-6.243,-2.772,-4.378,0,-8.793,-1.24,2.085,-0.9255,-0.2506
290.80,292.07,292.08,0,-1.64292,0,|r_qp|,cross-domain,0.0000,0.0000,3.748,0,-1.64292,0,-6.243,-2.772,-4.378,0,-8.793,-0.4794,2.404,-0.6269,-0.5896
291.20,292.47,292.48,0,-1.72934,0,|r_qp|,cross-domain,0.0000,0.0000,3.700,0,-1.72934,0,-6.243,-2.772,-4.378,0,-8.793,0.4279,3.564,2.179,50
291.60,292.87,292.88,0,-1.61526,0,|r_qp|,cross-domain,0.0000,0.0000,3.843,0,-1.61526,0,-6.243,-2.772,-4.378,0,-8.793,0.9891,3.929,-0.3902,0.03072
292.00,293.27,293.28,0,-1.51781,0,|r_qp|,cross-domain,0.0000,0.0000,5.462,0,-1.51781,0,-6.243,-2.772,-4.378,0,-8.793,1.912,3.374,-0.3562,-0.8158
292.40,293.67,293.68,0,-1.83722,0,|r_qp|,cross-domain,0.0000,0.0000,4.636,0,-1.83722,0,-6.243,-2.772,-4.378,0,-8.793,2.514,3.615,1.361,46.44
292.80,294.07,294.08,0,-1.82670,0,|r_qp|,cross-domain,0.0000,0.0000,4.024,0,-1.82670,0,-6.243,-2.772,-4.378,0,-8.793,2.008,3.819,-1.255,-0.4695
293.20,294.47,294.48,0,-1.79337,0,|r_qp|,cross-domain,0.0000,0.0000,3.925,0,-1.79337,0,-6.243,-2.772,-4.378,0,-8.793,0.4442,3.529,-1.02,-0.7708
293.60,294.87,294.88,0,-1.90688,0,|r_qp|,cross-domain,0.0000,0.0000,4.056,0,-1.90688,0,-6.243,-2.772,-4.378,0,-8.793,-0.8298,2.866,1.633,50
294.00,295.27,295.28,0,-1.86368,0,|r_qp|,cross-domain,0.0000,0.0000,3.607,0,-1.86368,0,-6.243,-2.772,-4.378,0,-8.793,-0.9445,2.914,-1.15,-0.1398
294.40,295.67,295.68,0,-1.72843,0,|r_qp|,cross-domain,0.0000,0.0000,3.825,0,-1.72843,0,-6.243,-2.772,-4.378,0,-8.793,-0.4775,1.924,-1.007,-0.7548
294.80,296.07,296.08,0,-1.72846,0,|r_qp|,cross-domain,0.0000,0.0000,3.578,0,-1.72846,0,-6.243,-2.772,-4.378,0,-8.793,0.4142,1.123,1.547,47.39
295.20,296.47,296.48,0,-1.23093,0,|r_qp|,cross-domain,0.0000,0.0000,5.290,0,-1.23093,0,-6.243,-2.772,-4.378,0,-8.793,0.9221,0.5125,0.1753,-0.0489
295.60,296.87,296.88,0,-1.21185,0,|r_qp|,cross-domain,0.0000,0.0000,4.622,0,-1.21185,0,-6.243,-2.772,-4.378,0,-8.793,2.423,1.838,0.258,-0.8326
296.00,297.27,297.28,0,-1.77069,0,|r_qp|,cross-domain,0.0000,0.0000,3.892,0,-1.77069,0,-6.243,-2.772,-4.378,0,-8.793,3.481,4.038,1.593,47.45
296.40,297.67,297.68,0,-1.65216,0,|r_qp|,cross-domain,0.0000,0.0000,4.262,0,-1.65216,0,-6.243,-2.772,-4.378,0,-8.793,3.209,5.395,-0.5291,-0.3312
296.80,298.07,298.08,0,-1.79428,0,|r_qp|,cross-domain,0.0000,0.0000,3.842,0,-1.79428,0,-6.243,-2.772,-4.378,0,-8.793,1.553,3.393,-1.199,-0.8512
297.20,298.47,298.48,0,-1.83112,0,|r_qp|,cross-domain,0.0000,0.0000,3.656,0,-1.83112,0,-6.243,-2.772,-4.378,0,-8.793,-0.1418,1.412,1.499,50
297.60,298.87,298.88,0,-1.71484,0,|r_qp|,cross-domain,0.0000,0.0000,3.840,0,-1.71484,0,-6.243,-2.772,-4.378,0,-8.793,-0.5244,0.9088,-1.121,-0.1086
298.00,299.27,299.28,0,-1.60993,0,|r_qp|,cross-domain,0.0000,0.0000,3.484,0,-1.60993,0,-6.243,-2.772,-4.378,0,-8.793,-0.2842,0.3897,-0.9384,-0.4751
298.40,299.67,299.68,0,-1.70777,0,|r_qp|,cross-domain,0.0000,0.0000,5.248,0,-1.70777,0,-6.243,-2.772,-4.378,0,-8.793,0.5736,0.2672,1.577,50
