t_start,t_end,t_release,label,score,alarm,dominant,domain,csec_corr,csec_unc,decision_ms_after_target,csec_wait_ms,prov_score,prov_alarm,|r_bal|,|r_aux|,|r_cool|,|r_ups|,|r_qp|,|r_pv|,|r_reg|,e_rec,e_fc
2.00,3.27,3.28,0,4.54242,1,e_rec,single-domain,0.0000,0.0000,4.902,0,4.54242,1,-2.44,12.68,-0.5916,0,-0.8876,31.17,50,23.49,37.92
2.40,3.67,3.68,0,0.29103,1,e_rec,single-domain,0.0000,0.0000,3.865,0,0.29103,1,-2.483,13.8,-0.4191,0,-0.876,27.3,48.32,9.859,34.4
2.80,4.07,4.08,0,12.24198,1,e_rec,single-domain,0.0000,0.0000,3.672,0,12.24198,1,-2.167,13.42,-0.3544,0,-0.858,17.78,47.15,44.96,8.615
3.20,4.47,4.48,0,-1.45776,0,e_rec,single-domain,0.0000,0.0000,3.723,0,-1.45776,0,-0.9902,10.52,0.6235,0,0.1148,8.951,50,7.585,7.274
3.60,4.87,4.88,0,6.15978,1,e_rec,single-domain,0.0000,0.0000,3.526,0,6.15978,1,-0.7319,9.036,0.4308,0,-0.1449,2.722,44.57,30.65,7.057
4.00,5.27,5.28,0,4.13849,1,e_rec,single-domain,0.0000,0.0000,3.658,0,4.13849,1,0.8036,5.769,0.573,0,-0.06899,2.993,47.63,26.24,4.608
4.40,5.67,5.68,0,-2.99908,0,e_rec,single-domain,0.0000,0.0000,3.614,0,-2.99908,0,0.07175,4.152,1.136,0,-0.04566,4.408,41.78,5.081,5.099
4.80,6.07,6.08,0,-1.04705,0,e_rec,single-domain,0.0000,0.0000,3.627,0,-1.04705,0,0.1579,4.02,0.2386,0,0.1101,6.311,37.87,9.84,-0.6283
5.20,6.47,6.48,0,-2.25983,0,e_rec,cross-domain,0.0000,0.0000,3.584,0,-2.25983,0,0.2296,2.765,-0.05782,0,0.1149,5.951,28.71,5.273,-0.6245
5.60,6.87,6.88,0,-3.79753,0,|r_aux|,cross-domain,0.0000,0.0000,3.584,0,-3.79753,0,0.4592,1.819,1.074,0,-0.3272,3.258,18.84,-0.9946,0.146
6.00,7.27,7.28,0,-2.62962,0,e_rec,cross-domain,0.0000,0.0000,3.627,0,-2.62962,0,0.3301,1.676,0.3578,0,-0.8037,1.464,14.29,1.388,-0.3982
6.40,7.67,7.68,0,-3.10449,0,|r_aux|,cross-domain,0.0000,0.0000,3.599,0,-3.10449,0,0.574,0.723,0.4135,0,-0.3707,1.044,6.111,-0.5109,-0.1607
6.80,8.07,8.08,0,-2.69529,0,|r_aux|,cross-domain,0.0000,0.0000,3.649,0,-2.69529,0,0.531,1.328,2.131,0,-0.1642,2.064,0.621,-0.5817,-0.1853
7.20,8.47,8.48,0,-2.83512,0,|r_aux|,cross-domain,0.0000,0.0000,3.541,0,-2.83512,0,1.205,1.179,1.599,0,-0.09938,1.914,1.44,-1.098,-0.5261
7.60,8.87,8.88,0,-2.18815,0,e_rec,cross-domain,0.0000,0.0000,3.558,0,-2.18815,0,1.005,0.8483,1.658,0,0.4715,1.262,1.019,1.953,-0.1896
8.00,9.27,9.28,0,-2.91996,0,|r_bal|,cross-domain,0.0000,0.0000,3.672,0,-2.91996,0,0.8898,0.818,2.672,0,0.6363,1.756,0.8667,0.006649,0.5097
8.40,9.67,9.68,0,-3.16137,0,|r_aux|,cross-domain,0.0000,0.0000,3.933,0,-3.16137,0,0.4018,1.159,1.264,0,0.7582,1.255,0.02505,-0.5794,0.2581
8.80,10.07,10.08,0,-2.16603,0,e_rec,cross-domain,0.0000,0.0000,3.839,0,-2.16603,0,0.7462,1.031,0.6861,0,0.6967,1.277,-0.3338,2.127,0.1081
9.20,10.47,10.48,0,-2.59915,0,e_rec,cross-domain,0.0000,0.0000,3.548,0,-2.59915,0,0.4879,1.218,1.971,0,0.6899,0.317,-0.1757,0.9992,0.4198
9.60,10.87,10.88,0,-3.13819,0,|r_aux|,cross-domain,0.0000,0.0000,3.498,0,-3.13819,0,0.6458,1.389,1.204,0,0.6406,-0.1873,0.6683,-0.7193,-0.2219
10.00,11.27,11.28,0,-1.93993,0,e_rec,cross-domain,0.0000,0.0000,3.642,0,-1.93993,0,0.8898,1.142,1.047,0,0.2853,-0.7021,0.1367,2.464,0.7719
10.40,11.67,11.68,0,-2.53360,0,|r_aux|,cross-domain,0.0000,0.0000,3.555,0,-2.53360,0,0.818,1.124,2.721,0,-0.2429,0.08972,0.2316,-0.08695,0.08343
10.80,12.07,12.08,0,-2.79025,0,|r_aux|,cross-domain,0.0000,0.0000,3.500,0,-2.79025,0,0.6888,1.357,1.108,0,-0.1048,0.6188,0.6034,-0.7335,-0.09958
11.20,12.47,12.48,0,-1.68589,0,e_rec,cross-domain,0.0000,0.0000,3.736,0,-1.68589,0,0.3588,1.14,0.831,0,0.3484,1.754,0.1278,3.369,0.6147
11.60,12.87,12.88,0,-2.56237,0,|r_aux|,cross-domain,0.0000,0.0000,3.540,0,-2.56237,0,1.162,1.175,2.318,0,0.5908,1.86,0.3043,0.432,-0.3964
12.00,13.27,13.28,0,-3.09827,0,|r_aux|,cross-domain,0.0000,0.0000,3.612,0,-3.09827,0,0.9902,1.38,0.8368,0,0.4997,1.408,0.697,-1.13,0.3062
12.40,13.67,13.68,0,-2.67737,0,|r_bal|,cross-domain,0.0000,0.0000,3.503,0,-2.67737,0,1.292,1.093,0.5744,0,-0.1913,0.574,0.2828,-0.7653,-0.06297
12.80,14.07,14.08,0,-2.10184,0,e_rec,cross-domain,0.0000,0.0000,3.458,0,-2.10184,0,0.5023,0.9368,1.775,0,-0.3034,-0.1069,-0.00279,1.516,0.9805
13.20,14.47,14.48,0,-2.64981,0,|r_aux|,cross-domain,0.0000,0.0000,3.627,0,-2.64981,0,0.6171,1.249,0.6571,0,-0.4242,-0.3313,0.3177,-0.5308,0.1191
13.60,14.87,14.88,0,-2.42591,0,|r_aux|,cross-domain,0.0000,0.0000,3.524,0,-2.42591,0,0.1148,0.988,0.7913,0,-0.4542,-0.7088,-0.1538,0.5904,0.6445
14.00,15.27,15.28,0,-2.51589,0,|r_qp|,cross-domain,0.0000,0.0000,3.720,0,-2.51589,0,0.3731,1.03,2.132,0,-0.6277,-1.123,0.04853,-0.07211,0.06139
14.40,15.67,15.68,0,-2.52915,0,|r_aux|,cross-domain,0.0000,0.0000,3.571,0,-2.52915,0,0.4879,1.239,0.8351,0,-0.4676,-1.422,0.8437,0.05339,-0.3804
14.80,16.07,16.08,0,-1.90740,0,e_rec,cross-domain,0.0000,0.0000,3.532,0,-1.90740,0,0.4162,1.074,0.7759,0,0.1746,-1.288,0.3145,2.809,-0.1718
15.20,16.47,16.48,0,-2.49538,0,|r_aux|,cross-domain,0.0000,0.0000,3.615,0,-2.49538,0,0.4162,1.283,1.813,0,0.1118,-0.4466,0.1733,0.6689,-0.3706
15.60,16.87,16.88,0,-3.31054,0,|r_aux|,cross-domain,0.0000,0.0000,3.587,0,-3.31054,0,0.3301,1.48,0.8108,0,0.7719,-0.01167,1.245,-0.8357,-0.3157
16.00,17.27,17.28,0,-3.38856,0,|r_aux|,cross-domain,0.0000,0.0000,3.572,0,-3.38856,0,0.7175,1.073,0.5779,0,1.777,0.9585,0.2193,-0.02749,0.08895
16.40,17.67,17.68,0,-3.54422,0,|r_bal|,cross-domain,0.0000,0.0000,4.259,0,-3.54422,0,0.9185,0.7105,2.007,0,1.908,0.816,0.08654,-0.2209,0.4108
16.80,18.07,18.08,0,-3.01097,0,e_rec,cross-domain,0.0000,0.0000,3.495,0,-3.01097,0,1.048,1.074,0.7455,0,2.034,0.8114,0.2455,1.23,-0.1442
17.20,18.47,18.48,0,-2.56498,0,e_rec,cross-domain,0.0000,0.0000,3.722,0,-2.56498,0,1.722,0.9717,0.2362,0,1.543,-0.04478,0.411,1.685,-0.4536
17.60,18.87,18.88,0,-2.72214,0,|r_bal|,cross-domain,0.0000,0.0000,3.520,0,-2.72214,0,1.363,1.291,1.292,0,0.7297,-0.2691,0.4965,0.2187,-0.3115
18.00,19.27,19.28,0,-2.62590,0,|r_bal|,cross-domain,0.0000,0.0000,3.501,0,-2.62590,0,1.607,1.425,0.01475,0,0.16,-0.2089,1.722,-0.2481,-0.5941
18.40,19.67,19.68,0,-2.44182,0,|r_aux|,cross-domain,0.0000,0.0000,3.684,0,-2.44182,0,0.7462,0.9637,0.4648,0,-0.1178,0.6498,0.354,0.4573,-0.4533
18.80,20.07,20.08,0,-2.51374,0,e_rec,cross-domain,0.0000,0.0000,3.474,0,-2.51374,0,0.7749,0.6494,2.288,0,0.2084,0.8169,0.1849,0.803,-0.08677
19.20,20.47,20.48,0,-2.81268,0,|r_aux|,cross-domain,0.0000,0.0000,3.649,0,-2.81268,0,1.019,1.057,1.046,0,0.3927,1.034,0.1083,-0.3147,-0.1301
19.60,20.87,20.88,0,-2.86812,0,|r_aux|,cross-domain,0.0000,0.0000,3.581,0,-2.86812,0,0.4449,0.8562,0.8144,0,0.3824,0.9523,-0.1879,-0.04509,-0.2833
20.00,21.27,21.28,0,-2.43561,0,e_rec,cross-domain,0.0000,0.0000,3.595,0,-2.43561,0,0.2296,1.001,1.884,0,0.2502,1.066,-0.01752,1.197,0.6071
20.40,21.67,21.68,0,-2.83449,0,|r_aux|,cross-domain,0.0000,0.0000,3.683,0,-2.83449,0,0.4879,1.224,0.6862,0,0.6039,0.7621,0.6283,0.2718,0.0592
20.80,22.07,22.08,0,-2.97181,0,|r_aux|,cross-domain,0.0000,0.0000,3.512,0,-2.97181,0,0.6888,0.9292,0.5053,0,0.2201,-0.2403,-0.02458,-0.6092,-0.3653
21.20,22.47,22.48,0,-2.87158,0,e_rec,cross-domain,0.0000,0.0000,3.682,0,-2.87158,0,0.9902,0.8898,2.094,0,1.301,-0.9307,0.04928,0.9947,-0.2856
21.60,22.87,22.88,0,-3.09902,0,|r_aux|,cross-domain,0.0000,0.0000,3.511,0,-3.09902,0,1.048,1.184,0.8483,0,0.969,-0.6159,0.4652,-0.284,-0.18
22.00,23.27,23.28,0,-3.06278,0,|r_bal|,cross-domain,0.0000,0.0000,3.545,0,-3.06278,0,1.349,0.8648,1.055,0,1.127,-0.3754,-0.04616,-0.1029,-0.5153
22.40,23.67,23.68,0,-2.63602,0,|r_bal|,cross-domain,0.0000,0.0000,3.623,0,-2.63602,0,1.091,0.8783,2.444,0,0.1996,-0.2108,-0.002614,0.09683,-0.7647
22.80,24.07,24.08,0,-1.84353,0,e_rec,cross-domain,0.0000,0.0000,3.576,0,-1.84353,0,1.32,1.169,1.02,0,0.2684,-0.2784,0.9939,2.493,-0.1025
23.20,24.47,24.48,0,-2.39315,0,|r_aux|,cross-domain,0.0000,0.0000,3.736,0,-2.39315,0,0.7175,0.991,-0.01797,0,-0.42,0.07342,1.491,0.5385,0.05152
23.60,24.87,24.88,0,-2.10884,0,|r_qp|,cross-domain,0.0000,0.0000,3.491,0,-2.10884,0,0.6888,1.17,0.8583,0,-1.05,0.38,1.777,0.4527,-0.4686
24.00,25.27,25.28,0,-2.41974,0,|r_aux|,cross-domain,0.0000,0.0000,3.514,0,-2.41974,0,0.4162,1.349,-0.4582,0,-0.6935,0.1464,3.329,0.427,0.2747
24.40,25.67,25.68,0,-1.81048,0,e_rec,cross-domain,0.0000,0.0000,3.645,0,-1.81048,0,0.2583,1.085,-0.6124,0,-0.5757,-0.2278,2.582,2.541,-0.4631
24.80,26.07,26.08,0,-3.10084,0,|r_aux|,cross-domain,0.0000,0.0000,3.593,0,-3.10084,0,0.5884,1.064,0.8254,0,0.06656,-0.4662,2.271,-0.7225,0.1606
25.20,26.47,26.48,0,-2.73270,0,|r_aux|,cross-domain,0.0000,0.0000,3.704,0,-2.73270,0,0.7606,1.3,-0.4398,0,-0.1143,-0.2835,3.019,-0.01602,-0.3983
25.60,26.87,26.88,0,-2.71251,0,|r_bal|,cross-domain,0.0000,0.0000,3.607,0,-2.71251,0,1.277,0.9552,0.1209,0,0.5631,0.8381,1.389,0.3461,-0.7258
26.00,27.27,27.28,0,-2.84745,0,|r_bal|,cross-domain,0.0000,0.0000,3.570,0,-2.84745,0,1.421,0.8614,1.941,0,0.8222,1.022,1.024,0.1422,-0.5388
26.40,27.67,27.68,0,-2.53078,0,|r_bal|,cross-domain,0.0000,0.0000,3.723,0,-2.53078,0,1.249,1.187,0.7166,0,0.2414,1.257,1.21,0.3212,0.2667
26.80,28.07,28.08,0,-1.76055,0,e_rec,cross-domain,0.0000,0.0000,3.565,0,-1.76055,0,1.105,0.9967,0.06444,0,-0.6034,0.9109,1.434,1.856,0.1934
27.20,28.47,28.48,0,-2.14199,0,e_rec,cross-domain,0.0000,0.0000,2.886,0,-2.14199,0,1.076,1.093,0.8586,0,-0.5572,1.393,2.064,0.7365,-0.3968
27.60,28.87,28.88,0,-2.12376,0,e_rec,cross-domain,0.0000,0.0000,4.027,0,-2.12376,0,1.105,1.297,-0.2177,0,-0.4851,2.148,3.605,1.046,0.9216
28.00,29.27,29.28,0,-1.35090,0,e_rec,cross-domain,0.0000,0.0000,3.526,0,-1.35090,0,1.378,1.044,-0.8795,0,0.5474,2.029,3.469,4.694,0.9255
28.40,29.67,29.68,0,-2.99758,0,|r_bal|,cross-domain,0.0000,0.0000,3.692,0,-2.99758,0,1.679,1.05,0.1433,0,0.7709,1.403,3.639,-0.182,-0.4787
28.80,30.07,30.08,0,-3.19583,0,|r_bal|,cross-domain,0.0000,0.0000,3.485,0,-3.19583,0,1.708,1.259,-1.155,0,0.7884,0.8079,4.564,-0.5852,0.4999
29.20,30.47,30.48,0,-2.97633,0,|r_bal|,cross-domain,0.0000,0.0000,3.582,0,-2.97633,0,1.406,0.9141,-0.1307,0,0.7831,1.019,2.521,0.05962,0.4233
29.60,30.87,30.88,0,-2.95170,0,|r_bal|,cross-domain,0.0000,0.0000,3.611,0,-2.95170,0,1.492,0.8161,2.278,0,0.3143,0.8814,1.5,-0.678,0.3613
30.00,31.27,31.28,0,-2.72929,0,|r_aux|,cross-domain,0.0000,0.0000,3.553,0,-2.72929,0,1.076,1.161,1.288,0,0.298,1.036,1.077,-0.08907,0.1775
30.40,31.67,31.68,0,-2.47397,0,|r_bal|,cross-domain,0.0000,0.0000,3.677,0,-2.47397,0,0.9615,0.8491,1.124,0,-0.03853,1.001,0.3852,0.3633,-0.374
30.80,32.07,32.08,0,-2.75875,0,|r_aux|,cross-domain,0.0000,0.0000,3.601,0,-2.75875,0,0.7032,0.7351,2.692,0,0.5003,1.173,0.6357,0.4538,-0.3517
31.20,32.47,32.48,0,-2.72571,0,e_rec,cross-domain,0.0000,0.0000,3.602,0,-2.72571,0,0.6601,1.093,1.351,0,1.03,1.384,0.9776,1.172,0.911
31.60,32.87,32.88,0,-2.48520,0,e_rec,cross-domain,0.0000,0.0000,3.648,0,-2.48520,0,0.6745,0.8997,0.358,0,0.6019,0.8161,1.781,1.686,0.7725
32.00,33.27,33.28,0,-3.07478,0,|r_aux|,cross-domain,0.0000,0.0000,3.500,0,-3.07478,0,0.6171,1.116,1.017,0,0.2149,-0.04607,2.027,-0.6464,-0.4626
32.40,33.67,33.68,0,-2.09046,0,e_rec,cross-domain,0.0000,0.0000,3.665,0,-2.09046,0,0.8036,1.268,-0.6259,0,0.3306,-0.4171,3.946,2.85,2.048
32.80,34.07,34.08,0,-2.79150,0,e_rec,cross-domain,0.0000,0.0000,3.478,0,-2.79150,0,0.7893,0.9841,-1.243,0,0.3993,0.1455,3.373,0.7319,0.1683
33.20,34.47,34.48,0,-2.96801,0,|r_aux|,cross-domain,0.0000,0.0000,3.563,0,-2.96801,0,0.7175,1.044,-0.1792,0,0.3078,0.5531,3.518,0.002825,-0.6066
33.60,34.87,34.88,0,-3.32431,0,|r_aux|,cross-domain,0.0000,0.0000,3.665,0,-3.32431,0,1.162,1.294,-1.213,0,0.4408,0.7203,4.109,-1.193,0.1361
34.00,35.27,35.28,0,-3.23006,0,|r_bal|,cross-domain,0.0000,0.0000,3.533,0,-3.23006,0,1.119,0.9629,-0.3652,0,0.3919,-0.05551,2.021,-1.1,-0.6097
34.40,35.67,35.68,0,-3.16031,0,|r_aux|,cross-domain,0.0000,0.0000,3.710,0,-3.16031,0,0.3588,0.8095,2.271,0,0.7629,-0.505,1.2,0.072,-0.165
34.80,36.07,36.08,0,-3.21856,0,|r_aux|,cross-domain,0.0000,0.0000,3.506,0,-3.21856,0,0.8467,1.152,1.258,0,0.5216,-0.6182,0.6236,-1.023,0.1164
35.20,36.47,36.48,0,-2.73140,0,|r_aux|,cross-domain,0.0000,0.0000,3.602,0,-2.73140,0,0.7893,0.8545,1.131,0,0.3128,-0.8638,0.03673,0.2988,-0.2762
35.60,36.87,36.88,0,-2.63174,0,|r_aux|,cross-domain,0.0000,0.0000,3.577,0,-2.63174,0,0.8324,0.8139,2.41,0,-0.01945,-1.158,0.318,0.2252,-0.4826
36.00,37.27,37.28,0,-2.86371,0,|r_aux|,cross-domain,0.0000,0.0000,3.488,0,-2.86371,0,1.033,1.122,1.206,0,0.3532,-1.27,0.694,-0.2085,-0.2145
36.40,37.67,37.68,0,-2.74563,0,|r_aux|,cross-domain,0.0000,0.0000,3.584,0,-2.74563,0,0.7462,0.7952,1.051,0,0.1789,-1.237,0.222,0.2022,-0.6661
36.80,38.07,38.08,0,-2.84836,0,|r_bal|,cross-domain,0.0000,0.0000,3.641,0,-2.84836,0,0.9041,0.8115,2.632,0,0.3484,-1.123,0.1879,-0.004369,-0.1276
37.20,38.47,38.48,0,-2.85649,0,|r_aux|,cross-domain,0.0000,0.0000,3.626,0,-2.85649,0,1.105,1.157,1.44,0,0.07945,-1.037,0.5461,-0.6798,-0.3873
37.60,38.87,38.88,0,-2.80214,0,|r_bal|,cross-domain,0.0000,0.0000,3.565,0,-2.80214,0,1.378,0.8051,1.351,0,0.159,-1.143,0.1027,-0.4555,-0.804
38.00,39.27,39.28,0,-2.55798,0,|r_qp|,cross-domain,0.0000,0.0000,3.533,0,-2.55798,0,0.6171,0.7035,2.747,0,-0.3897,-0.9614,-0.06469,0.0568,-0.8537
38.40,39.67,39.68,0,-1.70355,0,e_rec,cross-domain,0.0000,0.0000,3.661,0,-1.70355,0,0.8036,1.046,1.336,0,-0.7165,-0.9742,0.4793,2.149,1.543
38.80,40.07,40.08,0,-2.28256,0,|r_qp|,cross-domain,0.0000,0.0000,3.636,0,-2.28256,0,0.1435,0.8193,0.851,0,-1.407,-0.8853,0.2321,-0.07602,-0.1635
39.20,40.47,40.48,0,-2.66580,0,|r_qp|,cross-domain,0.0000,0.0000,3.606,0,-2.66580,0,0.2153,1.054,1.877,0,-0.627,-0.6115,0.07861,-0.5224,-0.4714
39.60,40.87,40.88,0,-2.24978,0,e_rec,cross-domain,0.0000,0.0000,3.620,0,-2.24978,0,0.5166,1.234,0.8944,0,-0.3757,-0.5699,1.409,1.058,0.3233
40.00,41.27,41.28,0,-2.51041,0,e_rec,cross-domain,0.0000,0.0000,3.546,0,-2.51041,0,0.2009,0.9554,0.0859,0,0.3339,-0.1109,1.097,1.408,-0.6975
40.40,41.67,41.68,0,-3.29936,0,|r_aux|,cross-domain,0.0000,0.0000,3.670,0,-3.29936,0,0.4592,1.065,1.084,0,0.5504,0.2299,1.308,-0.918,-0.3893
40.80,42.07,42.08,0,-3.56230,0,|r_aux|,cross-domain,0.0000,0.0000,3.657,0,-3.56230,0,0.1435,1.305,-0.4907,0,1.134,-0.07024,2.181,-0.6531,0.1582
41.20,42.47,42.48,0,-3.04697,0,|r_aux|,cross-domain,0.0000,0.0000,5.068,0,-3.04697,0,0.1722,0.9656,0.195,0,0.8623,-0.6599,0.8701,0.5143,-0.5287
41.60,42.87,42.88,0,-2.57593,0,e_rec,cross-domain,0.0000,0.0000,3.687,0,-2.57593,0,0.7606,0.8132,2.406,0,0.3483,-0.781,0.881,0.9882,-0.3672
42.00,43.27,43.28,0,-2.61594,0,|r_aux|,cross-domain,0.0000,0.0000,3.591,0,-2.61594,0,0.7893,1.152,1.32,0,-0.1416,-0.5823,1.105,0.1028,0.7451
42.40,43.67,43.68,0,-2.13174,0,e_rec,cross-domain,0.0000,0.0000,3.567,0,-2.13174,0,1.119,0.9098,0.9417,0,-0.3776,-0.5453,0.6684,1.055,-0.2197
42.80,44.07,44.08,0,-2.95722,0,|r_aux|,cross-domain,0.0000,0.0000,3.714,0,-2.95722,0,0.7893,0.9878,2.069,0,-0.06897,-0.4894,0.4318,-0.9497,-0.3952
43.20,44.47,44.48,0,-2.11998,0,e_rec,cross-domain,0.0000,0.0000,3.523,0,-2.11998,0,0.5453,1.225,0.9892,0,0.09383,-0.6287,0.9617,1.955,0.2244
43.60,44.87,44.88,0,-2.89092,0,|r_bal|,cross-domain,0.0000,0.0000,3.531,0,-2.89092,0,1.091,0.8187,0.8324,0,0.2799,0.8603,0.2469,-0.5862,-0.8778
44.00,45.27,45.28,0,-2.57308,0,|r_bal|,cross-domain,0.0000,0.0000,3.610,0,-2.57308,0,1.679,0.6607,2.285,0,0.3731,1.87,0.2366,0.08567,-0.8152
44.40,45.67,45.68,0,-2.30698,0,|r_bal|,cross-domain,0.0000,0.0000,3.545,0,-2.30698,0,1.823,1.05,0.7721,0,-0.1786,1.898,0.6273,-0.001959,0.3918
44.80,46.07,46.08,0,-2.33727,0,|r_bal|,cross-domain,0.0000,0.0000,3.578,0,-2.33727,0,1.794,0.895,-0.3347,0,0.09011,1.284,0.6716,0.4632,0.3272
45.20,46.47,46.48,0,-2.44031,0,|r_aux|,cross-domain,0.0000,0.0000,3.531,0,-2.44031,0,0.7175,1.183,-0.05779,0,-0.06902,0.7898,1.062,0.5179,-0.538
45.60,46.87,46.88,0,-3.16712,0,|r_aux|,cross-domain,0.0000,0.0000,3.545,0,-3.16712,0,0.574,1.349,-1.129,0,0.1568,0.5526,2.304,-1.129,-0.6963
46.00,47.27,47.28,0,-3.22840,0,|r_aux|,cross-domain,0.0000,0.0000,3.578,0,-3.22840,0,0.3875,0.887,-0.6431,0,0.1915,-0.1024,0.8862,-1.041,-0.6564
46.40,47.67,47.68,0,-3.14722,0,|r_bal|,cross-domain,0.0000,0.0000,3.512,0,-3.14722,0,0.9615,0.5418,1.671,0,0.6217,-0.8858,0.3994,-0.42,-0.6782
46.80,48.07,48.08,0,-2.79299,0,|r_bal|,cross-domain,0.0000,0.0000,3.547,0,-2.79299,0,1.162,0.9744,0.8341,0,0.05288,-0.8129,0.06655,-0.4619,0.8385
47.20,48.47,48.48,0,-3.20736,0,|r_aux|,cross-domain,0.0000,0.0000,3.492,0,-3.20736,0,0.3588,0.7779,0.6476,0,0.3221,-0.4597,-0.2559,-0.9039,-0.5088
47.60,48.87,48.88,0,-2.90337,0,|r_aux|,cross-domain,0.0000,0.0000,3.536,0,-2.90337,0,0.0861,1.046,2.412,0,-0.02538,-0.1415,-0.1627,-0.4894,-0.6245
48.00,49.27,49.28,0,-2.71636,0,|r_aux|,cross-domain,0.0000,0.0000,3.603,0,-2.71636,0,0.04305,1.273,1.177,0,0.2384,-0.02425,0.8853,0.6071,0.9951
48.40,49.67,49.68,0,-3.18505,0,|r_aux|,cross-domain,0.0000,0.0000,3.076,0,-3.18505,0,0.574,0.9534,1.126,0,0.449,-0.1256,0.3233,-0.8393,-0.1775
48.80,50.07,50.08,0,-3.09054,0,|r_aux|,cross-domain,0.0000,0.0000,4.215,0,-3.09054,0,0.5597,0.9119,2.037,0,0.3248,-0.08686,0.5156,-0.6641,-0.2726
49.20,50.47,50.48,0,-3.21049,0,|r_aux|,cross-domain,0.0000,0.0000,3.911,0,-3.21049,0,0.5023,1.217,0.5144,0,0.5038,-0.2138,0.6311,-0.8965,-0.1585
49.60,50.87,50.88,0,-2.90127,0,|r_aux|,cross-domain,0.0000,0.0000,3.801,0,-2.90127,0,0.8611,0.886,0.2328,0,0.425,-0.4664,0.02928,-0.1629,-0.1828
50.00,51.27,51.28,0,-3.12125,0,|r_bal|,cross-domain,0.0000,0.0000,3.801,0,-3.12125,0,1.177,0.8054,1.664,0,0.8834,-0.8231,-0.126,-0.433,-0.761
50.40,51.67,51.68,0,-3.17465,0,|r_bal|,cross-domain,0.0000,0.0000,3.672,0,-3.17465,0,1.263,1.133,1.198,0,0.6867,-0.9764,0.3349,-0.9382,0.274
50.80,52.07,52.08,0,-2.84942,0,|r_bal|,cross-domain,0.0000,0.0000,3.646,0,-2.84942,0,0.9902,0.8008,0.9715,0,0.2482,-0.8235,0.05168,-0.2709,-0.8141
51.20,52.47,52.48,0,-2.84784,0,|r_aux|,cross-domain,0.0000,0.0000,3.610,0,-2.84784,0,0.7175,0.8501,2.379,0,-0.1033,-0.6298,0.1833,-0.5371,-0.03217
51.60,52.87,52.88,0,-2.38255,0,e_rec,cross-domain,0.0000,0.0000,3.597,0,-2.38255,0,0.5884,1.139,0.91,0,-0.02476,0.07933,0.5992,0.8467,-0.4379
52.00,53.27,53.28,0,-2.28084,0,e_rec,cross-domain,0.0000,0.0000,3.732,0,-2.28084,0,0.9902,0.837,0.5907,0,0.001379,1.411,0.162,0.9064,-0.3385
52.40,53.67,53.68,0,-2.45393,0,e_rec,cross-domain,0.0000,0.0000,3.644,0,-2.45393,0,0.8611,0.828,1.969,0,0.2587,2.83,0.0988,0.5987,-0.5977
52.80,54.07,54.08,0,-2.38011,0,|r_bal|,cross-domain,0.0000,0.0000,3.550,0,-2.38011,0,1.335,1.155,0.9632,0,0.07159,3.277,0.5249,0.1213,-0.2866
53.20,54.47,54.48,0,-2.43927,0,|r_bal|,cross-domain,0.0000,0.0000,3.654,0,-2.43927,0,1.306,0.8357,0.7966,0,-0.1181,2.099,0.01151,-0.01708,-0.05304
53.60,54.87,54.88,0,-2.59103,0,|r_aux|,cross-domain,0.0000,0.0000,3.582,0,-2.59103,0,0.8467,0.8309,2.127,0,0.03332,0.8004,0.08984,0.1343,-0.4927
54.00,55.27,55.28,0,-2.76332,0,|r_aux|,cross-domain,0.0000,0.0000,3.642,0,-2.76332,0,0.5597,1.152,1.062,0,-0.3662,0.07703,0.5363,-0.7446,-0.4478
54.40,55.67,55.68,0,-2.74322,0,|r_aux|,cross-domain,0.0000,0.0000,3.514,0,-2.74322,0,0.2009,0.7563,0.7516,0,-0.03,0.1516,-0.1799,0.08059,-0.7897
54.80,56.07,56.08,0,-3.25898,0,|r_aux|,cross-domain,0.0000,0.0000,3.563,0,-3.25898,0,0.287,0.6373,2.228,0,0.09434,4.476e-05,-0.5802,-1.299,0.1988
55.20,56.47,56.48,0,-2.81280,0,|r_aux|,cross-domain,0.0000,0.0000,3.628,0,-2.81280,0,0.5884,1.02,0.9988,0,0.6688,0.091,0.02074,0.4254,-0.2473
55.60,56.87,56.88,0,-2.61562,0,e_rec,cross-domain,0.0000,0.0000,3.637,0,-2.61562,0,0.8324,0.8086,0.7559,0,1.028,1.15,-0.3069,1.299,-0.07939
56.00,57.27,57.28,0,-2.84753,0,|r_aux|,cross-domain,0.0000,0.0000,3.615,0,-2.84753,0,1.076,1.094,2.061,0,0.6507,1.922,-0.1781,-0.3602,-0.7475
56.40,57.67,57.68,0,-3.20794,0,|r_aux|,cross-domain,0.0000,0.0000,3.524,0,-3.20794,0,0.9328,1.315,0.7439,0,0.5977,1.96,0.3941,-1.41,-0.2282
56.80,58.07,58.08,0,-2.78129,0,|r_aux|,cross-domain,0.0000,0.0000,3.581,0,-2.78129,0,0.7893,0.9086,0.6461,0,0.07766,0.369,-0.06617,-0.3699,-0.6663
57.20,58.47,58.48,0,-3.12738,0,|r_bal|,cross-domain,0.0000,0.0000,3.743,0,-3.12738,0,0.7893,0.7235,1.905,0,0.2303,-0.8931,-0.009264,-0.9355,-0.3832
57.60,58.87,58.88,0,-2.72886,0,|r_aux|,cross-domain,0.0000,0.0000,3.572,0,-2.72886,0,0.9615,1.08,0.729,0,0.1639,-1.071,0.1799,-0.07698,-0.06245
58.00,59.27,59.28,0,-2.79187,0,|r_bal|,cross-domain,0.0000,0.0000,3.785,0,-2.79187,0,0.8611,0.7467,0.7214,0,0.1758,-0.1296,-0.2309,-0.1922,-0.6978
58.40,59.67,59.68,0,-2.75416,0,|r_bal|,cross-domain,0.0000,0.0000,3.698,0,-2.75416,0,1.335,0.7879,2.456,0,0.2113,0.5909,-0.09657,-0.4447,-0.6966
58.80,60.07,65.41,0,-1.77720,0,e_rec,single-domain,0.0547,0.0000,5333.061,5330,-1.33970,0,1.071,1.482,14.13,50,32.81,8.735,10.14,50,50
59.20,60.47,65.41,0,-10.93120,0,e_rec,single-domain,0.3672,0.0000,4933.061,4930,-7.99370,0,1.96,7.611,50,50,50,50,50,50,50
59.60,60.87,65.41,0,-11.91552,0,e_rec,single-domain,0.6797,0.0000,4533.061,4530,-6.47802,0,2.85,13.58,50,50,50,50,50,50,50
60.00,61.27,65.41,0,-12.67716,0,e_rec,single-domain,0.9922,0.0000,4133.061,4130,-4.73966,0,3.826,20.47,50,50,50,50,50,50,50
60.40,61.67,65.41,0,-12.46046,0,e_rec,single-domain,1.0000,0.0000,3733.061,3730,-4.46046,0,5.568,20.04,50,50,50,50,50,50,50
60.80,62.07,65.41,0,-13.04859,0,e_rec,single-domain,1.0000,0.0000,3333.061,3330,-5.04859,0,4.807,18.13,50,50,50,50,50,50,50
61.20,62.47,65.41,0,-12.95189,0,e_rec,single-domain,1.0000,0.0000,2933.061,2930,-4.95189,0,5.146,18.23,50,50,50,50,50,50,50
61.60,62.87,65.41,0,-12.58913,0,e_rec,single-domain,1.0000,0.0000,2533.061,2530,-4.58913,0,4.269,20.31,50,50,50,50,50,50,46.12
62.00,63.27,65.41,0,-12.03536,0,e_rec,single-domain,1.0000,0.0000,2133.061,2130,-4.03536,0,4.484,21.11,50,50,50,50,50,50,31.77
62.40,63.67,65.41,0,-12.38743,0,e_rec,single-domain,1.0000,0.0000,1733.061,1730,-4.38743,0,5.308,20.62,50,0,50,50,50,50,50
62.80,64.07,65.41,0,-12.82595,0,e_rec,single-domain,1.0000,0.0000,1333.061,1330,-4.82595,0,7.018,15.01,50,0,50,50,50,50,30.97
63.20,64.47,65.41,0,-21.32263,0,e_rec,single-domain,1.0000,0.0000,933.061,930,-13.32263,0,6.257,10.69,50,0,50,46.15,50,29.55,50
63.60,64.87,65.41,0,-23.26658,0,e_rec,single-domain,1.0000,0.0000,533.061,530,-15.26658,0,4.176,6.612,50,0,50,29.85,50,26.34,3.034
64.00,65.27,65.41,0,-16.43128,0,e_rec,single-domain,1.0000,0.0000,133.061,130,-8.43128,0,2.038,2.546,50,0,50,28.15,42.62,50,5.992
64.40,65.67,67.68,0,-3.49798,0,e_rec,cross-domain,0.7719,0.0000,2004.949,2000,2.67702,1,0.9328,0.7095,2.078,0,-0.5504,26.4,6.421,16.1,35.37
64.80,66.07,67.68,0,1.14677,1,e_rec,cross-domain,0.7094,0.0000,1604.949,1600,6.82177,1,0.9328,0.8385,1.074,0,0.7878,26.5,9.255,29.2,12.91
65.20,66.47,67.68,0,-7.85817,0,|r_pv|,cross-domain,0.5719,0.0000,1204.949,1200,-3.28317,0,0.7749,0.3297,0.8288,0,0.6375,22.02,9.357,-0.6085,10.61
65.60,66.87,67.68,0,-3.12154,0,e_rec,cross-domain,0.4313,0.0000,804.949,800,0.32846,1,1.191,-0.02723,2.247,0,0.7899,16.08,7.368,11.19,17.74
66.00,67.27,67.68,0,-4.62958,0,|r_pv|,cross-domain,0.2250,0.0000,404.949,400,-2.82958,0,1.306,0.4042,1.008,0,0.3853,8.464,5.475,0.8209,10.68
66.40,67.67,67.68,0,-3.52725,0,|r_bal|,cross-domain,0.0000,0.0000,4.949,0,-3.52725,0,1.607,0.03898,0.6348,0,0.4888,0.2819,6.696,-0.3245,5.112
66.80,68.07,68.08,-1,6.97398,1,e_rec,single-domain,0.0000,0.0000,3.573,0,6.97398,1,50,25.93,4.365,0,50,0.1165,8.418,50,50
67.20,68.47,68.48,1,12.46276,1,e_rec,single-domain,0.0000,0.0000,3.740,0,12.46276,1,50,50,39.02,0,50,0.5013,8.715,50,50
67.60,68.87,68.88,1,12.63441,1,e_rec,single-domain,0.0000,0.0000,3.601,0,12.63441,1,50,50,50,0,50,0.4181,6.733,50,50
68.00,69.27,69.28,1,12.66236,1,e_rec,single-domain,0.0000,0.0000,3.581,0,12.66236,1,50,50,50,0,50,-0.1837,5.941,50,50
68.40,69.67,69.68,1,12.70770,1,e_rec,single-domain,0.0000,0.0000,3.660,0,12.70770,1,50,50,50,0,50,-0.7626,4.89,50,50
68.80,70.07,70.08,1,12.67456,1,e_rec,single-domain,0.0000,0.0000,3.523,0,12.67456,1,50,50,50,0,50,-0.8363,5.367,50,50
69.20,70.47,70.48,1,12.58235,1,e_rec,single-domain,0.0000,0.0000,3.671,0,12.58235,1,50,50,50,0,50,-0.8972,6.779,50,50
69.60,70.87,70.88,1,12.63749,1,e_rec,single-domain,0.0000,0.0000,3.592,0,12.63749,1,50,50,50,0,50,-0.7682,5.989,50,50
70.00,71.27,71.28,1,12.64626,1,e_rec,single-domain,0.0000,0.0000,3.627,0,12.64626,1,50,50,50,0,50,-0.6583,5.915,50,50
70.40,71.67,71.68,1,12.63035,1,e_rec,single-domain,0.0000,0.0000,3.660,0,12.63035,1,50,50,50,0,50,-0.4775,6.271,50,50
70.80,72.07,72.08,1,12.68601,1,e_rec,single-domain,0.0000,0.0000,3.574,0,12.68601,1,50,50,50,0,50,-0.1696,5.578,50,50
71.20,72.47,72.48,1,12.72447,1,e_rec,single-domain,0.0000,0.0000,3.601,0,12.72447,1,50,50,50,0,50,-0.2579,4.923,50,50
71.60,72.87,72.88,1,12.74064,1,e_rec,single-domain,0.0000,0.0000,3.612,0,12.74064,1,50,50,50,0,50,-0.507,4.523,50,50
72.00,73.27,73.28,1,12.74116,1,e_rec,single-domain,0.0000,0.0000,3.508,0,12.74116,1,50,50,50,0,50,-0.8622,4.307,50,50
72.40,73.67,73.68,1,12.73968,1,e_rec,single-domain,0.0000,0.0000,3.564,0,12.73968,1,50,50,50,0,50,-0.7089,4.42,50,50
72.80,74.07,74.08,1,12.28996,1,e_rec,single-domain,0.0000,0.0000,3.537,0,12.28996,1,50,48.07,50,0,50,0.2152,5.308,50,50
73.20,74.47,74.48,1,11.37553,1,e_rec,single-domain,0.0000,0.0000,3.485,0,11.37553,1,50,44.11,50,0,50,0.7755,6.17,50,50
73.60,74.87,74.88,1,11.17439,1,e_rec,single-domain,0.0000,0.0000,3.747,0,11.17439,1,50,41.46,48.7,0,50,0.939,5.873,50,34.11
74.00,75.27,75.28,1,11.39317,1,e_rec,single-domain,0.0000,0.0000,3.604,0,11.39317,1,50,44.46,49.98,0,50,0.3648,6.892,50,50
74.40,75.67,75.68,1,10.73135,1,e_rec,single-domain,0.0000,0.0000,3.733,0,10.73135,1,50,41.2,50,0,50,-0.2659,5.56,50,50
74.80,76.07,76.08,1,11.02763,1,e_rec,single-domain,0.0000,0.0000,3.485,0,11.02763,1,50,42.45,48.92,0,50,-0.9005,4.824,50,50
75.20,76.47,76.48,1,10.37338,1,e_rec,single-domain,0.0000,0.0000,3.583,0,10.37338,1,50,39.36,47.86,0,50,-0.8031,4.28,50,50
75.60,76.87,76.88,1,9.53692,1,e_rec,single-domain,0.0000,0.0000,3.632,0,9.53692,1,50,35.6,50,0,50,-0.4276,4.704,50,50
76.00,77.27,77.28,1,8.75492,1,e_rec,single-domain,0.0000,0.0000,3.539,0,8.75492,1,50,31.96,47.71,0,50,0.933,4.941,50,50
76.40,77.67,77.68,1,7.78602,1,e_rec,single-domain,0.0000,0.0000,4.415,0,7.78602,1,50,26.47,47.35,0,50,2.078,6.146,50,37.58
76.80,78.07,78.08,1,6.51992,1,e_rec,single-domain,0.0000,0.0000,3.768,0,6.51992,1,50,21.68,50,0,50,2.081,5.052,50,50
77.20,78.47,78.48,1,7.31681,1,e_rec,single-domain,0.0000,0.0000,3.571,0,7.31681,1,50,25.13,50,0,50,0.935,3.877,50,50
77.60,78.87,78.88,1,7.84237,1,e_rec,single-domain,0.0000,0.0000,3.683,0,7.84237,1,50,27.57,50,0,50,-0.1958,3.475,50,50
78.00,79.27,79.28,1,8.22623,1,e_rec,single-domain,0.0000,0.0000,3.544,0,8.22623,1,50,29.15,50,0,50,-0.7791,2.597,50,50
78.40,79.67,79.68,1,7.80772,1,e_rec,single-domain,0.0000,0.0000,3.653,0,7.80772,1,50,27.4,50,0,50,-0.3541,3.311,50,50
78.80,80.07,80.08,1,8.37949,1,e_rec,single-domain,0.0000,0.0000,3.666,0,8.37949,1,50,30.08,50,0,50,0.6354,4.271,50,50
79.20,80.47,80.48,1,8.29764,1,e_rec,single-domain,0.0000,0.0000,3.540,0,8.29764,1,50,29.66,50,0,50,1.357,4.502,50,50
79.60,80.87,80.88,1,8.79569,1,e_rec,single-domain,0.0000,0.0000,3.637,0,8.79569,1,50,26.65,50,0,50,2.388,3.874,50,2.879
80.00,81.27,81.28,1,6.23051,1,e_rec,single-domain,0.0000,0.0000,3.537,0,6.23051,1,50,20.12,48.89,0,50,3.148,4.678,50,50
80.40,81.67,81.68,1,5.13792,1,e_rec,single-domain,0.0000,0.0000,3.529,0,5.13792,1,50,15.26,50,0,50,2.721,4.743,50,50
80.80,82.07,82.08,1,6.71346,1,e_rec,single-domain,0.0000,0.0000,3.543,0,6.71346,1,50,22.51,50,0,50,1.014,4.256,50,50
81.20,82.47,82.48,1,7.44319,1,e_rec,single-domain,0.0000,0.0000,3.487,0,7.44319,1,50,25.99,50,0,50,-0.5375,4.016,50,50
81.60,82.87,82.88,1,7.17263,1,e_rec,single-domain,0.0000,0.0000,3.652,0,7.17263,1,50,24.51,50,0,50,-1.16,2.747,50,50
82.00,83.27,83.28,1,6.87922,1,e_rec,single-domain,0.0000,0.0000,3.489,0,6.87922,1,50,23.03,50,0,50,-0.5321,2.569,50,50
82.40,83.67,83.68,1,6.11966,1,e_rec,single-domain,0.0000,0.0000,3.593,0,6.11966,1,50,19.53,50,0,50,0.5489,2.928,50,50
82.80,84.07,84.08,1,5.67461,1,e_rec,single-domain,0.0000,0.0000,5.056,0,5.67461,1,50,17.18,50,0,50,1.344,2.207,50,50
83.20,84.47,84.48,1,5.18417,1,e_rec,single-domain,0.0000,0.0000,3.530,0,5.18417,1,50,14.85,50,0,50,1.985,2.163,50,50
83.60,84.87,84.88,1,5.86026,1,e_rec,single-domain,0.0000,0.0000,3.634,0,5.86026,1,50,18.14,50,0,50,2.585,3.34,50,50
84.00,85.27,85.28,1,6.37140,1,e_rec,single-domain,0.0000,0.0000,4.266,0,6.37140,1,50,20.82,50,0,50,2.251,4.478,50,50
84.40,85.67,85.68,1,6.72846,1,e_rec,single-domain,0.0000,0.0000,3.752,0,6.72846,1,50,22.52,50,0,50,1.923,4.604,50,50
84.80,86.07,86.08,1,5.98665,1,e_rec,single-domain,0.0000,0.0000,3.603,0,5.98665,1,50,19.36,50,0,50,1.226,4.82,50,50
85.20,86.47,86.48,1,5.38570,1,e_rec,single-domain,0.0000,0.0000,3.523,0,5.38570,1,50,16.28,50,0,50,0.6475,3.184,50,50
85.60,86.87,86.88,1,5.30347,1,e_rec,single-domain,0.0000,0.0000,3.818,0,5.30347,1,50,15.98,50,0,50,0.3052,3.242,50,50
86.00,87.27,87.28,1,5.18808,1,e_rec,single-domain,0.0000,0.0000,3.637,0,5.18808,1,50,15.66,50,0,50,0.3652,3.961,50,50
86.40,87.67,87.68,1,5.47932,1,e_rec,single-domain,0.0000,0.0000,3.775,0,5.47932,1,50,17.19,50,0,50,0.6863,4.897,50,50
86.80,88.07,88.08,1,-10.52009,0,|r_bal|,single-domain,0.0000,0.0000,3.627,0,-10.52009,0,50,13.41,50,0,50,1.73,4.263,0.6057,-0.4543
87.20,88.47,88.48,1,-10.68041,0,|r_bal|,single-domain,0.0000,0.0000,3.849,0,-10.68041,0,50,12.33,50,0,50,3.026,4.561,0.9242,1.956
87.60,88.87,88.88,-1,-11.79287,0,|r_bal|,single-domain,0.0000,0.0000,3.617,0,-11.79287,0,50,7.851,28.74,0,50,3.178,3.475,0.4618,-0.4122
88.00,89.27,89.28,0,-2.42347,0,e_rec,cross-domain,0.0000,0.0000,3.740,0,-2.42347,0,0.8611,0.3013,0.7639,0,-0.4294,2.072,3.716,0.9418,-0.7131
88.40,89.67,89.68,0,-2.39169,0,e_rec,cross-domain,0.0000,0.0000,3.557,0,-2.39169,0,0.7175,0.09616,2.159,0,-0.7883,0.5746,4.406,1.214,1.127
88.80,90.07,90.08,0,-2.66139,0,e_rec,cross-domain,0.0000,0.0000,3.559,0,-2.66139,0,0.6027,0.5338,1.023,0,-0.0929,-0.1121,3.039,0.8109,-0.3205
89.20,90.47,90.48,0,-3.37061,0,|r_bal|,cross-domain,0.0000,0.0000,3.552,0,-3.37061,0,0.2583,0.1523,0.6057,0,0.1294,-0.1543,3.081,-0.5557,-0.5226
89.60,90.87,90.88,0,-3.61134,0,|r_aux|,cross-domain,0.0000,0.0000,3.592,0,-3.61134,0,0,0.1162,1.981,0,0.6307,-0.1596,3.31,-0.174,2.966
90.00,91.27,91.28,0,-3.21276,0,|r_aux|,cross-domain,0.0000,0.0000,3.585,0,-3.21276,0,0.2153,0.4907,0.8362,0,0.3059,-0.2003,3.138,-0.03662,-0.503
90.40,91.67,91.68,0,-3.20103,0,|r_qp|,cross-domain,0.0000,0.0000,3.543,0,-3.20103,0,-0.1722,0.1746,1.014,0,-0.2988,0.312,1.976,-0.6232,-0.8002
90.80,92.07,92.08,0,-2.08804,0,e_rec,cross-domain,0.0000,0.0000,3.625,0,-2.08804,0,-0.1005,0.5032,2.416,0,-0.8001,0.6815,1.603,2.071,4.779
91.20,92.47,92.48,0,-2.89260,0,|r_qp|,cross-domain,0.0000,0.0000,3.628,0,-2.89260,0,-0.1866,0.7599,1.027,0,-1.132,0.7295,2.394,-1.099,-0.5158
91.60,92.87,92.88,0,-3.12348,0,|r_qp|,cross-domain,0.0000,0.0000,3.464,0,-3.12348,0,0.4162,0.359,0.6777,0,-0.5133,-0.3324,2.157,-1.054,-0.7341
92.00,93.27,93.28,0,-2.52314,0,e_rec,cross-domain,0.0000,0.0000,3.622,0,-2.52314,0,0.9041,0.1854,2.017,0,0.05175,-1.071,2.456,1.494,0.5376
92.40,93.67,93.68,0,-3.02797,0,|r_bal|,cross-domain,0.0000,0.0000,3.461,0,-3.02797,0,0.7175,0.5839,0.7938,0,0.05764,-1.316,1.488,-0.3876,-0.6415
92.80,94.07,94.08,0,-3.14987,0,|r_bal|,cross-domain,0.0000,0.0000,3.645,0,-3.14987,0,0.5453,0.2998,0.7865,0,0.418,-0.8511,1.132,-0.124,-0.8565
93.20,94.47,94.48,0,-3.00742,0,e_rec,cross-domain,0.0000,0.0000,3.558,0,-3.00742,0,0.4305,0.4779,1.885,0,0.4949,0.01144,1.863,0.5852,1.984
93.60,94.87,94.88,0,-2.47721,0,e_rec,cross-domain,0.0000,0.0000,3.432,0,-2.47721,0,1.22,0.7352,0.725,0,0.2881,0.866,2.585,1.103,-0.7122
94.00,95.27,95.28,0,-2.38326,0,e_rec,cross-domain,0.0000,0.0000,3.555,0,-2.38326,0,0.8324,0.3216,0.2462,0,0.5158,2.238,2.549,2.066,-0.5002
94.40,95.67,95.68,0,-2.53841,0,e_rec,cross-domain,0.0000,0.0000,3.503,0,-2.53841,0,0.7606,0.214,1.657,0,0.5279,2.896,2.9,1.946,2.924
94.80,96.07,96.08,0,-3.19112,0,|r_aux|,cross-domain,0.0000,0.0000,3.520,0,-3.19112,0,0.3588,0.61,0.5086,0,0.5735,2.454,1.988,-0.3196,-0.591
95.20,96.47,96.48,0,-3.39698,0,|r_bal|,cross-domain,0.0000,0.0000,3.613,0,-3.39698,0,0.5166,0.2617,0.7098,0,0.4241,1.027,1.492,-0.9551,-0.828
95.60,96.87,96.88,0,-2.60271,0,e_rec,cross-domain,0.0000,0.0000,3.498,0,-2.60271,0,0.9759,0.2304,2.003,0,0.08194,-0.373,1.849,1.174,2.725
96.00,97.27,97.28,0,-2.26676,0,e_rec,cross-domain,0.0000,0.0000,3.611,0,-2.26676,0,1.005,0.6064,0.7767,0,-0.1419,-0.4467,1.544,1.364,-0.5711
96.40,97.67,97.68,0,-2.77684,0,|r_qp|,cross-domain,0.0000,0.0000,3.444,0,-2.77684,0,0.531,0.2096,0.7249,0,-0.2706,0.2046,1.544,0.1463,-0.7848
96.80,98.07,98.08,0,-2.98391,0,|r_qp|,cross-domain,0.0000,0.0000,3.466,0,-2.98391,0,-0.0287,0.1369,2.153,0,-0.5291,1.136,2.758,-0.1452,1.316
97.20,98.47,98.48,0,-2.42931,0,|r_qp|,cross-domain,0.0000,0.0000,3.555,0,-2.42931,0,-0.1866,0.5138,1.058,0,-0.7317,1.498,2.268,0.8691,-0.4714
97.60,98.87,98.88,0,-3.01028,0,|r_pv|,cross-domain,0.0000,0.0000,3.484,0,-3.01028,0,0.07175,0.1926,0.6357,0,-0.08867,1.147,1.888,-0.05809,-0.867
98.00,99.27,99.28,0,-2.13728,0,e_rec,cross-domain,0.0000,0.0000,3.551,0,-2.13728,0,0.8898,0.49,1.744,0,0.1109,0.9136,1.637,2.312,2.706
98.40,99.67,99.68,0,-3.05602,0,|r_aux|,cross-domain,0.0000,0.0000,3.599,0,-3.05602,0,0.8611,1.057,0.5439,0,0.4984,0.4197,-0.361,-0.8616,-0.6793
98.80,100.07,100.08,0,-2.61296,0,|r_bal|,cross-domain,0.0000,0.0000,3.471,0,-2.61296,0,0.9615,0.6678,0.7163,0,-0.3676,-0.3177,-0.01516,-0.2839,-0.4057
99.20,100.47,100.48,0,-2.56810,0,e_rec,cross-domain,0.0000,0.0000,3.787,0,-2.56810,0,0.6601,0.3606,1.991,0,-0.241,-0.847,0.8434,0.616,-0.4908
99.60,100.87,100.88,0,-2.77174,0,|r_aux|,cross-domain,0.0000,0.0000,3.488,0,-2.77174,0,0.9472,0.9326,0.9529,0,-0.008789,-0.8072,-0.08342,-0.4486,-0.7045
100.00,101.27,101.28,0,-3.09318,0,|r_bal|,cross-domain,0.0000,0.0000,3.718,0,-3.09318,0,0.6888,0.4777,0.6277,0,0.1479,-0.737,-0.205,-0.7791,-0.8327
100.40,101.67,101.68,0,-2.46584,0,e_rec,cross-domain,0.0000,0.0000,3.581,0,-2.46584,0,0.5023,0.4873,1.858,0,-0.05436,-0.7646,0.2,1.065,-0.2907
100.80,102.07,102.08,0,-2.56862,0,|r_aux|,cross-domain,0.0000,0.0000,3.516,0,-2.56862,0,0.6314,0.9432,0.9469,0,0.1463,-0.9494,-0.03846,0.5831,-0.7281
101.20,102.47,102.48,0,-3.13472,0,|r_aux|,cross-domain,0.0000,0.0000,3.673,0,-3.13472,0,0.3444,0.4758,1.103,0,0.4079,-0.2374,-0.05021,-0.3195,0.002564
101.60,102.87,102.88,0,-2.83560,0,e_rec,cross-domain,0.0000,0.0000,3.647,0,-2.83560,0,0.5166,0.4928,2.379,0,0.6865,0.5955,0.1152,0.7538,0.2158
102.00,103.27,103.28,0,-3.19707,0,|r_aux|,cross-domain,0.0000,0.0000,3.636,0,-3.19707,0,-0.04305,0.982,1.065,0,0.436,0.8231,-0.2299,-0.7604,-0.6959
102.40,103.67,103.68,0,-3.12374,0,|r_aux|,cross-domain,0.0000,0.0000,3.592,0,-3.12374,0,0.04305,0.5116,0.9579,0,0.5523,0.3155,-0.4987,-0.1306,-0.79
102.80,104.07,104.08,0,-3.17098,0,|r_aux|,cross-domain,0.0000,0.0000,3.494,0,-3.17098,0,0.3157,0.5924,2.379,0,0.1475,-0.17,-0.204,-0.9255,-0.6815
103.20,104.47,104.48,0,-2.95805,0,|r_aux|,cross-domain,0.0000,0.0000,3.624,0,-2.95805,0,0.5597,1.031,1.101,0,0.3496,-0.4258,-0.4334,-0.4749,-0.7124
103.60,104.87,104.88,0,-2.32513,0,e_rec,cross-domain,0.0000,0.0000,3.496,0,-2.32513,0,0.6027,0.5621,0.7908,0,-0.2859,-0.6418,-0.4886,0.9008,-0.9011
104.00,105.27,105.28,0,-2.40609,0,e_rec,cross-domain,0.0000,0.0000,3.425,0,-2.40609,0,0.8467,0.6105,2.281,0,-0.02284,-0.8578,-0.3958,0.8494,-0.6035
104.40,105.67,105.68,0,-2.34950,0,|r_bal|,cross-domain,0.0000,0.0000,3.559,0,-2.34950,0,1.234,0.9899,0.9819,0,-0.4008,-1.014,-0.4994,0.03296,-0.7496
104.80,106.07,106.08,0,-3.00887,0,|r_bal|,cross-domain,0.0000,0.0000,3.472,0,-3.00887,0,1.521,0.5332,1.212,0,0.8125,-1.088,-0.6529,-0.2888,-0.7112
105.20,106.47,106.48,0,-2.70957,0,e_rec,cross-domain,0.0000,0.0000,3.665,0,-2.70957,0,1.521,0.5527,2.36,0,1.406,-1.35,-0.4225,1.448,-0.3502
105.60,106.87,106.88,0,-3.55683,0,|r_bal|,cross-domain,0.0000,0.0000,3.489,0,-3.55683,0,1.249,1.023,1.139,0,1.869,-1.544,-0.6116,-0.6576,-0.5775
106.00,107.27,107.28,0,-3.25159,0,|r_bal|,cross-domain,0.0000,0.0000,3.504,0,-3.25159,0,1.091,0.5768,0.7988,0,1.61,-1.508,-0.2099,0.3988,-0.6732
106.40,107.67,107.68,0,-2.66775,0,e_rec,cross-domain,0.0000,0.0000,3.714,0,-2.66775,0,1.033,0.4221,1.886,0,1.522,-1.311,0.09224,2.21,-0.6059
106.80,108.07,108.08,0,-3.10501,0,|r_bal|,cross-domain,0.0000,0.0000,3.483,0,-3.10501,0,1.019,0.9552,0.8656,0,0.722,-1.053,-0.1865,-0.5357,-0.3313
107.20,108.47,108.48,0,-2.96860,0,|r_bal|,cross-domain,0.0000,0.0000,3.686,0,-2.96860,0,1.048,0.4562,0.6611,0,0.009731,-0.1955,-0.6806,-0.9499,-0.7967
107.60,108.87,108.88,0,-2.50810,0,|r_bal|,cross-domain,0.0000,0.0000,3.476,0,-2.50810,0,0.9472,0.3522,2.033,0,-0.004212,0.4813,-0.3989,0.5512,-0.2426
108.00,109.27,109.28,0,-2.00793,0,|r_bal|,cross-domain,0.0000,0.0000,3.396,0,-2.00793,0,1.277,0.9026,1.062,0,-0.5693,0.8149,-0.2852,0.7546,-0.08994
108.40,109.67,109.68,0,-2.04817,0,e_rec,cross-domain,0.0000,0.0000,3.597,0,-2.04817,0,1.392,0.4479,1.028,0,-0.4315,1.085,0.2266,1.062,-0.7602
108.80,110.07,110.08,0,-3.08264,0,|r_bal|,cross-domain,0.0000,0.0000,3.427,0,-3.08264,0,1.148,0.3845,2.359,0,0.08053,1.299,1.461,-0.9646,-0.3037
109.20,110.47,110.48,0,-3.07737,0,|r_aux|,cross-domain,0.0000,0.0000,3.683,0,-3.07737,0,0.9328,0.9634,1.11,0,0.4567,1.386,1.735,-0.6739,-0.626
109.60,110.87,110.88,0,-3.02305,0,|r_bal|,cross-domain,0.0000,0.0000,3.481,0,-3.02305,0,0.8467,0.3678,1.124,0,0.6452,0.9958,1.348,0.1544,-0.647
110.00,111.27,111.28,0,-2.43017,0,e_rec,cross-domain,0.0000,0.0000,3.569,0,-2.43017,0,0.8036,0.6122,2.107,0,0.2003,0.4234,0.7172,1.194,-0.162
110.40,111.67,111.68,0,-2.46932,0,|r_aux|,cross-domain,0.0000,0.0000,3.703,0,-2.46932,0,0.6027,1.013,0.7358,0,-0.068,0.06113,0.02886,0.4997,-0.4353
110.80,112.07,112.08,0,-2.80790,0,|r_qp|,cross-domain,0.0000,0.0000,3.508,0,-2.80790,0,0.2583,0.4881,0.4686,0,-0.6737,0.1386,-0.242,-0.81,-0.801
111.20,112.47,112.48,0,-2.77551,0,|r_bal|,cross-domain,0.0000,0.0000,3.720,0,-2.77551,0,0.7749,0.3798,1.675,0,-0.08404,-0.04704,-0.2949,-0.1524,0.1524
111.60,112.87,112.88,0,-2.06461,0,e_rec,cross-domain,0.0000,0.0000,3.560,0,-2.06461,0,0.7462,0.9093,0.9916,0,-0.5717,0.3141,-0.3127,0.967,-0.1582
112.00,113.27,113.28,0,-2.74123,0,|r_bal|,cross-domain,0.0000,0.0000,3.568,0,-2.74123,0,0.8754,0.4121,0.5686,0,-0.2974,0.9155,-0.3597,-0.5903,-0.9016
112.40,113.67,113.68,0,-2.63441,0,|r_bal|,cross-domain,0.0000,0.0000,3.693,0,-2.63441,0,1.033,0.4597,1.818,0,-0.3128,1.284,0.005343,-0.3228,0.3584
112.80,114.07,114.08,0,-2.40376,0,|r_aux|,cross-domain,0.0000,0.0000,3.522,0,-2.40376,0,0.8611,0.9644,0.9566,0,-0.04717,1.742,-0.415,0.2921,-0.7306
113.20,114.47,114.48,0,-2.52768,0,|r_bal|,cross-domain,0.0000,0.0000,3.510,0,-2.52768,0,1.392,0.4525,0.7581,0,0.1059,1.279,-0.438,0.1681,-0.6922
113.60,114.87,114.88,0,-2.53813,0,|r_qp|,cross-domain,0.0000,0.0000,3.647,0,-2.53813,0,1.105,0.5281,1.839,0,-0.6664,0.9484,0.01417,-0.6151,-0.6908
114.00,115.27,115.28,0,-2.31663,0,|r_qp|,cross-domain,0.0000,0.0000,3.551,0,-2.31663,0,0.6888,1.021,0.7272,0,-1.183,0.615,0.2093,-0.5796,-0.6197
114.40,115.67,115.68,0,-2.33002,0,|r_qp|,cross-domain,0.0000,0.0000,3.627,0,-2.33002,0,0.5597,0.5705,0.5441,0,-1.218,-0.02456,0.583,-0.1415,-0.7184
114.80,116.07,116.08,0,-2.85127,0,|r_qp|,cross-domain,0.0000,0.0000,3.494,0,-2.85127,0,0.8898,0.3464,2.143,0,-0.4716,-0.6977,1.767,-0.5178,-0.5363
115.20,116.47,116.48,0,-3.07758,0,|r_bal|,cross-domain,0.0000,0.0000,3.507,0,-3.07758,0,1.148,0.9359,1.064,0,0.242,-0.6887,1.818,-0.8152,-0.5218
115.60,116.87,116.88,0,-3.02851,0,|r_bal|,cross-domain,0.0000,0.0000,3.623,0,-3.02851,0,1.277,0.3544,0.8277,0,0.8012,-0.6368,1.225,0.2394,-0.5676
116.00,117.27,117.28,0,-2.87842,0,e_rec,cross-domain,0.0000,0.0000,3.612,0,-2.87842,0,0.9615,0.6699,1.93,0,1.154,-0.04916,0.5269,0.9979,0.481
116.40,117.67,117.68,0,-3.32106,0,|r_bal|,cross-domain,0.0000,0.0000,3.665,0,-3.32106,0,1.277,1.054,0.7986,0,1.018,0.03628,0.001057,-1.14,-0.5732
116.80,118.07,118.08,0,-2.20255,0,e_rec,cross-domain,0.0000,0.0000,3.621,0,-2.20255,0,0.4879,0.5793,0.7897,0,0.4655,-0.2864,0.3187,2.43,-0.7065
117.20,118.47,118.48,0,-3.17761,0,|r_aux|,cross-domain,0.0000,0.0000,3.607,0,-3.17761,0,0.2296,0.3125,2.024,0,0.3802,-0.9745,1.297,0.1006,1.047
117.60,118.87,118.88,0,-2.79193,0,e_rec,cross-domain,0.0000,0.0000,3.682,0,-2.79193,0,-0.0574,0.9487,1.082,0,0.722,-1.276,1.515,1.435,-0.6265
118.00,119.27,119.28,0,-3.51857,0,|r_aux|,cross-domain,0.0000,0.0000,3.598,0,-3.51857,0,0.0287,0.3866,0.8411,0,0.8806,-1.24,0.9911,-0.3413,-0.8008
118.40,119.67,119.68,0,-3.46952,0,|r_aux|,cross-domain,0.0000,0.0000,3.624,0,-3.46952,0,0.3014,0.4779,2.101,0,1.282,-0.6551,0.5579,0.0007526,0.3353
118.80,120.07,120.08,0,-2.83765,0,e_rec,cross-domain,0.0000,0.0000,3.533,0,-2.83765,0,0.3301,0.944,1.171,0,1.054,-0.1593,0.01883,1.066,-0.6208
119.20,120.47,120.48,0,-3.18659,0,e_rec,cross-domain,0.0000,0.0000,3.555,0,-3.18659,0,0.1722,0.4051,1.018,0,1.047,1.127,-0.1074,0.2893,-0.7819
119.60,120.87,120.88,0,-3.03806,0,|r_aux|,cross-domain,0.0000,0.0000,3.673,0,-3.03806,0,0.3014,0.5166,2.152,0,0.7843,1.876,-0.04781,0.2022,-0.0604
120.00,121.27,121.28,0,-2.42666,0,e_rec,cross-domain,0.0000,0.0000,3.523,0,-2.42666,0,0.2009,1.011,0.7928,0,0.284,1.88,-0.3372,1.058,-0.5762
120.40,121.67,121.68,0,-2.97389,0,|r_aux|,cross-domain,0.0000,0.0000,3.613,0,-2.97389,0,0.4592,0.4912,0.6712,0,0.4943,1.177,-0.4574,-0.09041,-0.7262
120.80,122.07,122.08,0,-2.64383,0,|r_bal|,cross-domain,0.0000,0.0000,3.551,0,-2.64383,0,0.9902,0.6071,2.231,0,0.4481,0.4948,0.05879,0.583,-0.6543
121.20,122.47,122.48,0,-2.68905,0,|r_aux|,cross-domain,0.0000,0.0000,3.572,0,-2.68905,0,1.048,1.041,1.309,0,0.5954,0.08269,-0.01839,0.3471,-0.7459
121.60,122.87,122.88,0,-2.21099,0,e_rec,cross-domain,0.0000,0.0000,3.589,0,-2.21099,0,1.019,0.5329,0.9199,0,0.9155,0.09484,-0.1209,2.569,-0.3562
122.00,123.27,123.28,0,-2.50969,0,e_rec,cross-domain,0.0000,0.0000,3.555,0,-2.50969,0,0.6458,0.4359,2.061,0,0.6167,0.4237,0.02846,1.586,-0.07575
122.40,123.67,123.68,0,-2.84122,0,|r_aux|,cross-domain,0.0000,0.0000,4.748,0,-2.84122,0,0.5166,0.9179,0.8472,0,0.5604,1.297,-0.196,0.1272,-0.4262
122.80,124.07,124.08,0,-2.60197,0,|r_bal|,cross-domain,0.0000,0.0000,3.617,0,-2.60197,0,0.9759,0.439,0.7469,0,0.0291,2.658,-0.3806,-0.02573,-0.769
123.20,124.47,124.48,0,-2.30250,0,e_rec,cross-domain,0.0000,0.0000,3.580,0,-2.30250,0,1.421,0.4925,1.703,0,0.9549,3.245,-0.007808,1.814,0.3032
123.60,124.87,124.88,0,-2.43801,0,e_rec,cross-domain,0.0000,0.0000,3.657,0,-2.43801,0,1.435,0.9991,0.8118,0,0.9374,2.702,-0.3224,0.9979,-0.4241
124.00,125.27,125.28,0,-2.87612,0,|r_bal|,cross-domain,0.0000,0.0000,3.579,0,-2.87612,0,1.564,0.5706,0.5785,0,0.865,0.7923,0.8186,0.2342,-0.2923
124.40,125.67,125.68,0,-2.69283,0,|r_bal|,cross-domain,0.0000,0.0000,3.585,0,-2.69283,0,1.363,0.3364,1.8,0,0.2314,-0.546,2.712,0.8291,0.812
124.80,126.07,126.08,0,-3.12097,0,|r_bal|,cross-domain,0.0000,0.0000,3.710,0,-3.12097,0,1.306,0.9788,0.8962,0,-0.04405,-0.7744,3.783,-1.02,0.006124
125.20,126.47,126.48,0,-2.81308,0,|r_qp|,cross-domain,0.0000,0.0000,3.654,0,-2.81308,0,0.7175,0.5407,0.6327,0,-0.6969,-0.1885,4.891,-0.1611,-0.6967
125.60,126.87,126.88,0,-3.19388,0,|r_qp|,cross-domain,0.0000,0.0000,3.699,0,-3.19388,0,0.244,0.6273,2.051,0,-0.936,0.1273,5.919,-1.23,-0.7667
126.00,127.27,127.28,0,-1.86311,0,|r_qp|,cross-domain,0.0000,0.0000,3.529,0,-1.86311,0,0.5884,1.237,1.256,0,-1.639,0.3022,5.762,1.3,0.6824
126.40,127.67,127.68,0,-2.49920,0,|r_qp|,cross-domain,0.0000,0.0000,3.758,0,-2.49920,0,0.9472,0.6667,0.849,0,-1.16,0.9194,5.411,-0.05829,-0.4796
126.80,128.07,128.08,0,-2.53098,0,|r_qp|,cross-domain,0.0000,0.0000,3.648,0,-2.53098,0,1.091,0.5772,2.082,0,-0.7215,1.675,4.92,0.2192,0.04334
127.20,128.47,128.48,0,-2.52003,0,|r_aux|,cross-domain,0.0000,0.0000,3.567,0,-2.52003,0,0.9185,1.099,0.8958,0,-0.5044,1.76,4.412,0.1571,-0.6292
127.60,128.87,128.88,0,-2.63834,0,|r_qp|,cross-domain,0.0000,0.0000,3.665,0,-2.63834,0,0.6027,0.4252,1.046,0,-0.5629,0.3067,3.006,0.2633,-0.7439
128.00,129.27,129.28,0,-2.61586,0,|r_qp|,cross-domain,0.0000,0.0000,3.562,0,-2.61586,0,0.2727,0.5872,2.515,0,-0.3929,-0.7388,1.043,0.3958,-0.4716
128.40,129.67,129.68,0,-2.60734,0,|r_qp|,cross-domain,0.0000,0.0000,3.473,0,-2.60734,0,0.6314,1.015,1.222,0,-0.657,-0.7892,-0.2036,-0.6178,0.03607
128.80,130.07,130.08,0,-2.31211,0,e_rec,cross-domain,0.0000,0.0000,3.654,0,-2.31211,0,0.5884,0.605,1.024,0,-0.3987,0.7435,1.421,0.9858,-0.8575
129.20,130.47,130.48,0,-2.86779,0,|r_bal|,cross-domain,0.0000,0.0000,3.608,0,-2.86779,0,0.8754,0.4756,2.035,0,-0.3911,1.874,3.863,-0.3724,0.241
129.60,130.87,130.88,0,-3.00463,0,|r_aux|,cross-domain,0.0000,0.0000,3.540,0,-3.00463,0,0.9472,1.151,0.9653,0,-0.2702,1.67,5.367,-0.8383,-0.305
130.00,131.27,131.28,0,-3.02356,0,|r_aux|,cross-domain,0.0000,0.0000,3.614,0,-3.02356,0,0.6171,0.6428,0.7958,0,0.1093,0.8559,5.372,0.2083,-0.7893
130.40,131.67,131.68,0,-3.50481,0,|r_aux|,cross-domain,0.0000,0.0000,3.497,0,-3.50481,0,0.2009,0.5722,2.159,0,0.008868,-0.1191,5.214,-0.9668,-0.4167
130.80,132.07,132.08,0,-3.62832,0,|r_aux|,cross-domain,0.0000,0.0000,3.636,0,-3.62832,0,0.2009,1.134,1.416,0,0.5075,-0.4137,4.222,-1.214,-0.3692
131.20,132.47,132.48,0,-3.49114,0,|r_aux|,cross-domain,0.0000,0.0000,3.607,0,-3.49114,0,0.4018,0.458,1.172,0,0.794,-0.9956,2.758,-0.3515,-0.7883
131.60,132.87,132.88,0,-3.20484,0,|r_bal|,cross-domain,0.0000,0.0000,3.623,0,-3.20484,0,1.005,0.5022,2.471,0,1.312,-1.355,1.329,0.5164,-0.6769
132.00,133.27,133.28,0,-2.58003,0,e_rec,cross-domain,0.0000,0.0000,3.644,0,-2.58003,0,1.091,0.9973,1.201,0,1.013,-1.196,0.5168,1.478,-0.549
132.40,133.67,133.68,0,-2.62947,0,e_rec,cross-domain,0.0000,0.0000,3.478,0,-2.62947,0,0.9902,0.4176,0.8323,0,0.652,-1.245,0.3215,1.281,-0.653
132.80,134.07,134.08,0,-3.42587,0,|r_aux|,cross-domain,0.0000,0.0000,3.657,0,-3.42587,0,0.287,0.4574,1.977,0,0.404,-0.9647,0.3454,-0.9632,0.6127
133.20,134.47,134.48,0,-3.01038,0,|r_aux|,cross-domain,0.0000,0.0000,3.530,0,-3.01038,0,-0.3157,0.9725,1.054,0,0.4178,-0.6116,0.4341,0.2801,-0.2595
133.60,134.87,134.88,0,-2.73305,0,e_rec,cross-domain,0.0000,0.0000,3.631,0,-2.73305,0,-0.3014,0.5391,0.881,0,0.4214,0.9747,1.583,1.418,-0.6407
134.00,135.27,135.28,0,-3.48354,0,|r_bal|,cross-domain,0.0000,0.0000,3.678,0,-3.48354,0,0.6745,0.4619,2.14,0,0.8408,2.337,3.032,-0.7647,-0.5383
134.40,135.67,135.68,0,-2.60288,0,e_rec,cross-domain,0.0000,0.0000,3.636,0,-2.60288,0,0.7749,1.075,1.064,0,0.5713,2.59,3.46,1.132,-0.5427
134.80,136.07,136.08,0,-3.00092,0,|r_bal|,cross-domain,0.0000,0.0000,3.695,0,-3.00092,0,1.65,0.425,1.05,0,0.3066,1.711,2.502,-0.6366,-0.7185
135.20,136.47,136.48,0,-3.06400,0,|r_bal|,cross-domain,0.0000,0.0000,3.526,0,-3.06400,0,1.292,0.6282,2.392,0,0.7943,1.121,1.426,-0.2419,-0.4714
135.60,136.87,136.88,0,-2.53319,0,|r_bal|,cross-domain,0.0000,0.0000,3.499,0,-2.53319,0,1.177,1.016,1.213,0,0.291,0.732,0.02583,0.2959,-0.7166
136.00,137.27,137.28,0,-2.71476,0,|r_bal|,cross-domain,0.0000,0.0000,3.643,0,-2.71476,0,0.9328,0.4573,1.074,0,-0.07523,0.03818,-0.03777,-0.1368,-0.8902
136.40,137.67,137.68,0,-2.81886,0,|r_bal|,cross-domain,0.0000,0.0000,4.317,0,-2.81886,0,1.062,0.4972,2.725,0,-0.3589,-0.9935,0.2764,-0.7459,-0.5152
136.80,138.07,138.08,0,-2.23988,0,e_rec,cross-domain,0.0000,0.0000,4.012,0,-2.23988,0,1.191,0.9739,1.516,0,-0.1533,-1.304,-0.01301,0.8736,-0.2619
137.20,138.47,138.48,0,-2.60828,0,|r_bal|,cross-domain,0.0000,0.0000,3.721,0,-2.60828,0,0.7319,0.5044,1.416,0,-0.1599,-0.03781,-0.272,0.1358,-0.836
137.60,138.87,138.88,0,-2.92243,0,|r_bal|,cross-domain,0.0000,0.0000,3.538,0,-2.92243,0,0.5884,0.4371,2.331,0,0.3515,1.838,-0.2884,-0.2034,-0.3289
138.00,139.27,139.28,0,-2.79457,0,|r_aux|,cross-domain,0.0000,0.0000,3.656,0,-2.79457,0,0.4592,0.9873,0.9418,0,0.4008,2.603,-0.1047,-0.07931,-0.4449
138.40,139.67,139.68,0,-2.03113,0,e_rec,cross-domain,0.0000,0.0000,3.528,0,-2.03113,0,0.6888,0.5868,0.8203,0,0.7881,2.146,1.567,3.277,0.4904
138.80,140.07,140.08,0,-3.29651,0,|r_bal|,cross-domain,0.0000,0.0000,3.536,0,-3.29651,0,0.7749,0.4648,2.429,0,0.6023,0.89,3.856,-0.2288,-0.09905
139.20,140.47,140.48,0,-3.30697,0,|r_bal|,cross-domain,0.0000,0.0000,3.667,0,-3.30697,0,1.148,1.103,1.176,0,0.5235,0.1581,4.928,-0.726,-0.1123
139.60,140.87,140.88,0,-2.71784,0,e_rec,cross-domain,0.0000,0.0000,3.553,0,-2.71784,0,0.6601,0.5743,0.9046,0,-0.03329,-0.1341,4.895,0.9734,-0.9007
140.00,141.27,141.28,0,-3.31509,0,|r_bal|,cross-domain,0.0000,0.0000,3.555,0,-3.31509,0,1.22,0.5995,1.927,0,0.4031,-0.1193,5.34,-0.5616,-0.7775
140.40,141.67,141.68,0,-3.11778,0,|r_bal|,cross-domain,0.0000,0.0000,3.521,0,-3.11778,0,1.277,1.174,0.7683,0,0.05417,-0.0138,4.745,-0.8926,0.04051
140.80,142.07,142.08,0,-2.61908,0,|r_bal|,cross-domain,0.0000,0.0000,3.489,0,-2.61908,0,1.98,0.5291,0.6224,0,0.7573,0.7542,3.463,1.11,-0.7127
141.20,142.47,142.48,0,-2.61655,0,|r_bal|,cross-domain,0.0000,0.0000,3.587,0,-2.61655,0,1.65,0.5608,1.909,0,0.4008,1.167,1.691,0.4911,-0.06346
141.60,142.87,142.88,0,-2.32435,0,|r_bal|,cross-domain,0.0000,0.0000,3.473,0,-2.32435,0,1.579,0.9895,0.919,0,0.2943,1.012,0.07851,0.6684,-0.7284
142.00,143.27,143.28,0,-2.47639,0,|r_bal|,cross-domain,0.0000,0.0000,3.613,0,-2.47639,0,1.435,0.4037,0.8337,0,0.2882,-0.2316,0.147,0.8369,-0.7889
142.40,143.67,143.68,0,-2.44907,0,e_rec,cross-domain,0.0000,0.0000,3.589,0,-2.44907,0,0.9041,0.6064,2.062,0,0.255,-0.873,0.1827,1.177,-0.3587
142.80,144.07,144.08,0,-2.96186,0,|r_aux|,cross-domain,0.0000,0.0000,3.502,0,-2.96186,0,0.7032,1.057,0.6947,0,0.2793,-0.7607,-0.05477,-0.5626,-0.585
143.20,144.47,144.48,0,-2.96577,0,|r_bal|,cross-domain,0.0000,0.0000,3.643,0,-2.96577,0,0.6314,0.5423,0.5463,0,0.5221,-0.3167,-0.1383,0.0751,-0.4411
143.60,144.87,144.88,0,-3.03649,0,|r_bal|,cross-domain,0.0000,0.0000,3.519,0,-3.03649,0,0.7606,0.3444,1.883,0,-0.01397,0.1217,0.3026,-0.777,-0.6395
144.00,145.27,145.28,0,-2.53192,0,e_rec,cross-domain,0.0000,0.0000,3.581,0,-2.53192,0,0.6745,0.9218,0.8967,0,0.1891,0.3155,0.6808,0.7643,-0.2587
144.40,145.67,145.68,0,-3.17742,0,|r_aux|,cross-domain,0.0000,0.0000,3.547,0,-3.17742,0,0.5023,0.5114,0.9345,0,0.3415,1.414,1.859,-0.4975,-0.298
144.80,146.07,146.08,0,-3.26934,0,|r_aux|,cross-domain,0.0000,0.0000,3.677,0,-3.26934,0,0.4592,0.4575,1.827,0,0.5432,2.398,3.467,-0.2105,0.4746
145.20,146.47,146.48,0,-2.93013,0,|r_bal|,cross-domain,0.0000,0.0000,3.636,0,-2.93013,0,1.091,1.04,0.6042,0,0.3722,2.448,3.608,-0.2046,-0.03401
145.60,146.87,146.88,0,-3.33738,0,|r_bal|,cross-domain,0.0000,0.0000,3.447,0,-3.33738,0,1.062,0.4596,0.4242,0,0.6403,1.449,3.739,-0.5934,-0.8134
146.00,147.27,147.28,0,-3.35155,0,|r_bal|,cross-domain,0.0000,0.0000,3.506,0,-3.35155,0,1.048,0.4365,2.101,0,0.5433,0.05229,3.492,-0.6321,-0.571
146.40,147.67,147.68,0,-3.49744,0,|r_aux|,cross-domain,0.0000,0.0000,3.574,0,-3.49744,0,0.4018,1.023,1.089,0,0.8732,-0.5049,3.323,-0.5828,-0.6622
146.80,148.07,148.08,0,-3.08815,0,|r_bal|,cross-domain,0.0000,0.0000,3.501,0,-3.08815,0,0.5453,0.3934,0.9472,0,0.4874,-0.9205,2.367,0.3319,-0.8474
147.20,148.47,148.48,0,-2.58572,0,e_rec,cross-domain,0.0000,0.0000,3.856,0,-2.58572,0,0.5597,0.6519,2.005,0,-0.2614,-0.7045,1.338,0.535,0.2192
147.60,148.87,148.88,0,-2.56884,0,|r_aux|,cross-domain,0.0000,0.0000,3.585,0,-2.56884,0,0.9472,1.013,0.9372,0,-0.3022,-0.2854,-0.03361,-0.3176,-0.6891
148.00,149.27,149.28,0,-2.57598,0,|r_qp|,cross-domain,0.0000,0.0000,3.524,0,-2.57598,0,0.6745,0.4878,0.8194,0,-0.8689,0.851,-0.09876,-0.6746,-0.5825
148.40,149.67,149.68,0,-2.72653,0,|r_qp|,cross-domain,0.0000,0.0000,3.719,0,-2.72653,0,0.2296,0.5698,2.148,0,-0.3332,1.459,0.1136,-0.2154,-0.09784
148.80,150.07,150.08,0,-2.65836,0,|r_aux|,cross-domain,0.0000,0.0000,3.617,0,-2.65836,0,0.4592,1.057,1.162,0,0.2127,1.203,-0.1359,0.1746,-0.6628
149.20,150.47,150.48,0,-2.59723,0,e_rec,cross-domain,0.0000,0.0000,3.654,0,-2.59723,0,0.7032,0.5708,0.8976,0,0.7312,-0.1871,-0.03205,1.4,-0.2927
149.60,150.87,150.88,0,-3.26089,0,|r_bal|,cross-domain,0.0000,0.0000,3.587,0,-3.26089,0,1.392,0.3638,2.486,0,0.6998,-1.141,0.1845,-0.8433,-0.6639
150.00,151.27,151.28,0,-3.03173,0,|r_bal|,cross-domain,0.0000,0.0000,3.559,0,-3.03173,0,1.277,0.9427,0.9643,0,0.4439,-1.291,0.445,-0.7121,-0.709
150.40,151.67,151.68,0,-3.34039,0,|r_bal|,cross-domain,0.0000,0.0000,3.578,0,-3.34039,0,1.234,0.3816,0.7751,0,0.825,-1.184,0.2598,-0.7822,-0.5664
150.80,152.07,152.08,0,-3.06782,0,|r_bal|,cross-domain,0.0000,0.0000,3.557,0,-3.06782,0,1.134,0.4444,1.949,0,0.8928,-0.5087,0.3303,0.09047,-0.2857
151.20,152.47,152.48,0,-2.42280,0,e_rec,cross-domain,0.0000,0.0000,3.624,0,-2.42280,0,0.7893,0.9264,0.6588,0,0.4744,0.1043,0.03001,1.269,-0.4929
151.60,152.87,152.88,0,-2.15707,0,e_rec,cross-domain,0.0000,0.0000,3.457,0,-2.15707,0,0.9041,0.4204,0.5381,0,0.00581,1.871,-0.05861,1.492,-0.8254
152.00,153.27,153.28,0,-2.78047,0,|r_bal|,cross-domain,0.0000,0.0000,3.517,0,-2.78047,0,0.9041,0.4817,1.991,0,0.4738,2.633,0.02832,0.1028,-0.6286
152.40,153.67,153.68,0,-2.85771,0,|r_bal|,cross-domain,0.0000,0.0000,3.549,0,-2.85771,0,1.062,1.005,1.335,0,0.7358,2.2,-0.2076,-0.1736,0.2002
152.80,154.07,154.08,0,-2.91233,0,e_rec,cross-domain,0.0000,0.0000,3.482,0,-2.91233,0,1.019,0.5541,1.181,0,1.276,0.2826,0.4903,1.013,-0.1811
153.20,154.47,154.48,0,-3.19356,0,|r_bal|,cross-domain,0.0000,0.0000,3.593,0,-3.19356,0,1.105,0.3833,2.324,0,0.9471,-1.022,2.216,0.2475,-0.4067
153.60,154.87,154.88,0,-3.20758,0,|r_bal|,cross-domain,0.0000,0.0000,3.471,0,-3.20758,0,1.536,0.9872,0.9347,0,0.8711,-1.22,3.084,-0.3648,-0.3693
154.00,155.27,155.28,0,-2.58690,0,e_rec,cross-domain,0.0000,0.0000,3.507,0,-2.58690,0,1.521,0.3743,0.7614,0,0.6188,-1.068,2.163,1.371,-0.8683
154.40,155.67,155.68,0,-3.10543,0,|r_bal|,cross-domain,0.0000,0.0000,3.627,0,-3.10543,0,1.292,0.5413,1.937,0,0.6842,-0.6181,0.9921,-0.3414,-0.6037
154.80,156.07,156.08,0,-1.61553,0,e_rec,cross-domain,0.0000,0.0000,3.478,0,-1.61553,0,1.076,0.9912,1.114,0,-0.003059,-0.07109,-0.1429,2.872,0.03859
155.20,156.47,156.48,0,-2.93789,0,|r_bal|,cross-domain,0.0000,0.0000,3.589,0,-2.93789,0,0.8467,0.4519,0.9392,0,0.4803,1.603,-0.3859,-0.2217,-0.1462
155.60,156.87,156.88,0,-3.03071,0,|r_bal|,cross-domain,0.0000,0.0000,3.614,0,-3.03071,0,0.6027,0.4559,2.516,0,0.8747,2.463,-0.1137,0.1035,-0.05672
156.00,157.27,157.28,0,-3.18980,0,|r_aux|,cross-domain,0.0000,0.0000,3.516,0,-3.18980,0,0.5453,0.9788,1.472,0,0.5339,2.14,-0.1573,-1.139,-0.8265
156.40,157.67,157.68,0,-2.60985,0,|r_bal|,cross-domain,0.0000,0.0000,3.561,0,-2.60985,0,0.8036,0.4498,1.143,0,-0.3218,0.6589,-0.2251,-0.1515,-0.8088
156.80,158.07,158.08,0,-2.78059,0,|r_bal|,cross-domain,0.0000,0.0000,3.516,0,-2.78059,0,0.7462,0.6149,2.018,0,0.4216,-0.5312,0.1387,0.4527,-0.2289
157.20,158.47,158.48,0,-2.44222,0,e_rec,cross-domain,0.0000,0.0000,3.548,0,-2.44222,0,0.4162,1.046,0.8522,0,0.3017,-0.6112,-0.2744,1.156,-0.6778
157.60,158.87,158.88,0,-3.19215,0,|r_aux|,cross-domain,0.0000,0.0000,3.600,0,-3.19215,0,0.3444,0.5402,0.6861,0,0.7683,-0.1171,-0.1001,-0.1411,-0.7614
158.00,159.27,159.28,0,-2.99230,0,|r_aux|,cross-domain,0.0000,0.0000,3.507,0,-2.99230,0,0.4449,0.4761,2.127,0,0.431,0.7732,0.07757,-0.05259,-0.3392
158.40,159.67,159.68,0,-2.91953,0,|r_aux|,cross-domain,0.0000,0.0000,3.659,0,-2.91953,0,0.6745,0.9651,1.26,0,0.6604,1.324,-0.1065,-0.1189,-0.6353
158.80,160.07,160.08,0,-3.45993,0,|r_bal|,cross-domain,0.0000,0.0000,3.445,0,-3.45993,0,0.8898,0.4826,0.9735,0,1.383,1.887,-0.4382,-0.7585,-0.6992
159.20,160.47,160.48,0,-3.27657,0,|r_bal|,cross-domain,0.0000,0.0000,3.690,0,-3.27657,0,0.9902,0.6461,2.193,0,1.224,1.885,0.01862,-0.4426,0.3246
159.60,160.87,160.88,0,-2.96958,0,|r_aux|,cross-domain,0.0000,0.0000,3.607,0,-2.96958,0,0.7462,1.066,0.7675,0,0.3053,1.318,-0.3226,-0.8831,-0.7402
160.00,161.27,161.28,0,-2.58094,0,|r_bal|,cross-domain,0.0000,0.0000,3.534,0,-2.58094,0,0.9902,0.5872,0.709,0,-0.2358,0.02326,-0.2302,-0.08217,-0.7007
160.40,161.67,161.68,0,-3.00491,0,|r_aux|,cross-domain,0.0000,0.0000,3.572,0,-3.00491,0,0.3731,0.5483,2.146,0,0.3236,-0.9481,-0.03253,-0.06965,-0.4957
160.80,162.07,162.08,0,-2.34750,0,e_rec,cross-domain,0.0000,0.0000,3.464,0,-2.34750,0,0.4162,1.046,1.064,0,0.2182,-0.9358,-0.258,1.366,-0.741
161.20,162.47,162.48,0,-2.69061,0,e_rec,cross-domain,0.0000,0.0000,3.545,0,-2.69061,0,0,0.5579,0.8604,0,0.2609,-0.08034,-0.3415,0.879,-0.6655
161.60,162.87,162.88,0,-2.98323,0,|r_aux|,cross-domain,0.0000,0.0000,3.641,0,-2.98323,0,0.4018,0.5707,2.065,0,0.4316,0.8241,-0.06711,-0.06534,0.05113
162.00,163.27,163.28,0,-2.47041,0,e_rec,cross-domain,0.0000,0.0000,3.541,0,-2.47041,0,0.4162,1.016,1.244,0,0.4472,1.389,-0.4177,1.031,-0.5444
162.40,163.67,163.68,0,-2.78287,0,e_rec,cross-domain,0.0000,0.0000,3.618,0,-2.78287,0,0.574,0.5294,0.6739,0,0.8554,2.45,-0.3867,0.7161,-0.8008
162.80,164.07,164.08,0,-2.96262,0,|r_bal|,cross-domain,0.0000,0.0000,3.540,0,-2.96262,0,0.7462,0.5477,1.709,0,0.6302,2.907,-0.01583,-0.1241,0.7697
163.20,164.47,164.48,0,-2.98589,0,|r_aux|,cross-domain,0.0000,0.0000,3.543,0,-2.98589,0,0.8611,1.022,0.8734,0,0.677,2.706,-0.1769,-0.6285,-0.7628
163.60,164.87,164.88,0,-2.60200,0,|r_bal|,cross-domain,0.0000,0.0000,3.581,0,-2.60200,0,0.8898,0.5402,0.715,0,0.1943,1.001,-0.09318,0.4197,-0.7357
164.00,165.27,165.28,0,-3.21248,0,|r_bal|,cross-domain,0.0000,0.0000,4.606,0,-3.21248,0,0.7319,0.4038,2.154,0,0.3644,-0.04298,-0.2686,-0.945,-0.7921
164.40,165.67,165.68,0,-3.07904,0,|r_bal|,cross-domain,0.0000,0.0000,3.553,0,-3.07904,0,1.177,0.9482,0.8791,0,0.6409,-0.2652,-0.3391,-0.8034,-0.7036
164.80,166.07,166.08,0,-2.37772,0,e_rec,cross-domain,0.0000,0.0000,3.623,0,-2.37772,0,1.076,0.4824,0.5353,0,0.3932,-0.05647,-0.6921,1.273,-0.7751
165.20,166.47,166.48,0,-2.33822,0,|r_bal|,cross-domain,0.0000,0.0000,3.523,0,-2.33822,0,0.9472,0.8427,1.777,0,-0.1837,-0.2575,-0.4356,0.5784,-0.3056
165.60,166.87,166.88,0,-1.66257,0,e_rec,cross-domain,0.0000,0.0000,3.564,0,-1.66257,0,0.6314,1.159,0.5804,0,-0.6154,-0.09782,-0.5049,2.014,-0.5808
166.00,167.27,167.28,0,-2.62951,0,|r_bal|,cross-domain,0.0000,0.0000,3.591,0,-2.62951,0,1.062,0.6516,0.5745,0,-0.1205,0.9414,-0.3081,-0.29,-0.7651
166.40,167.67,167.68,0,-2.85010,0,|r_bal|,cross-domain,0.0000,0.0000,3.508,0,-2.85010,0,0.9472,0.3893,2.131,0,-0.2132,1.891,0.2008,-0.8188,-0.2596
166.80,168.07,168.08,0,-2.34671,0,|r_bal|,cross-domain,0.0000,0.0000,3.601,0,-2.34671,0,1.033,0.9652,1.27,0,0.1083,1.968,-0.03883,0.5949,-0.7343
167.20,168.47,168.48,0,-2.68014,0,|r_bal|,cross-domain,0.0000,0.0000,3.574,0,-2.68014,0,1.005,0.5265,0.9857,0,-0.0731,1.169,-0.5044,-0.3296,-0.7702
167.60,168.87,168.88,0,-1.89739,0,e_rec,cross-domain,0.0000,0.0000,3.680,0,-1.89739,0,1.048,0.7918,2.211,0,-0.6891,0.399,-0.3162,1.167,-0.2953
168.00,169.27,169.28,0,-2.61447,0,|r_bal|,cross-domain,0.0000,0.0000,3.467,0,-2.61447,0,1.292,1.148,1.095,0,-0.1208,0.1479,-0.418,-0.6471,-0.5228
168.40,169.67,169.68,0,-2.81582,0,|r_bal|,cross-domain,0.0000,0.0000,3.582,0,-2.81582,0,1.249,0.6377,0.8267,0,-0.2988,-0.5765,-0.3944,-1.036,-0.6804
168.80,170.07,170.08,0,-3.13064,0,|r_bal|,cross-domain,0.0000,0.0000,3.653,0,-3.13064,0,0.8324,0.336,1.782,0,-0.2021,-0.9471,-0.2105,-1.228,0.702
169.20,170.47,170.48,0,-2.66795,0,|r_aux|,cross-domain,0.0000,0.0000,3.643,0,-2.66795,0,0.818,0.9042,0.8082,0,0.3277,-0.8383,-0.3499,0.3589,-0.6463
169.60,170.87,170.88,0,-2.89913,0,|r_bal|,cross-domain,0.0000,0.0000,3.735,0,-2.89913,0,1.22,0.4773,0.7202,0,0.3801,-0.07057,-0.6745,-0.4047,-0.8356
170.00,171.27,171.28,0,-2.24028,0,|r_bal|,cross-domain,0.0000,0.0000,3.487,0,-2.24028,0,1.421,0.8614,2.003,0,-0.3808,0.3089,-0.3883,0.2774,0.1945
170.40,171.67,171.68,0,-2.15766,0,|r_bal|,cross-domain,0.0000,0.0000,3.582,0,-2.15766,0,1.378,1.17,1.013,0,-0.2906,0.2042,-0.6411,0.3709,-0.8074
170.80,172.07,172.08,0,-2.68618,0,|r_bal|,cross-domain,0.0000,0.0000,3.608,0,-2.68618,0,1.134,0.705,0.7015,0,0.1064,-0.4205,-0.57,-0.1571,-0.8872
171.20,172.47,172.48,0,-2.63167,0,e_rec,cross-domain,0.0000,0.0000,3.541,0,-2.63167,0,0.6888,0.6627,2.386,0,0.7877,-0.491,-0.2116,1.296,-0.3146
171.60,172.87,172.88,0,-2.69853,0,e_rec,cross-domain,0.0000,0.0000,3.636,0,-2.69853,0,0.4018,1.089,1.253,0,0.7469,-0.3867,-0.5044,0.8733,-0.5537
172.00,173.27,173.28,0,-3.12372,0,|r_bal|,cross-domain,0.0000,0.0000,3.669,0,-3.12372,0,0.8036,0.622,1.284,0,0.3649,-0.1236,-0.6344,-0.9175,-0.7718
172.40,173.67,173.68,0,-2.72770,0,|r_bal|,cross-domain,0.0000,0.0000,3.527,0,-2.72770,0,1.119,0.5126,2.59,0,0.4137,-0.1876,-0.3331,0.3121,0.05938
172.80,174.07,174.08,0,-2.73640,0,|r_bal|,cross-domain,0.0000,0.0000,3.651,0,-2.73640,0,1.162,0.9766,1.338,0,0.6082,-0.309,-0.4958,0.1902,-0.05362
173.20,174.47,174.48,0,-3.05027,0,|r_bal|,cross-domain,0.0000,0.0000,3.561,0,-3.05027,0,1.507,0.6156,0.8447,0,0.3465,0.1183,-0.3394,-1.141,-0.852
173.60,174.87,174.88,0,-2.22408,0,e_rec,cross-domain,0.0000,0.0000,3.522,0,-2.22408,0,0.8611,0.9126,1.741,0,0.3764,0.7707,-0.005857,1.704,0.8832
174.00,175.27,175.28,0,-2.79967,0,|r_aux|,cross-domain,0.0000,0.0000,3.621,0,-2.79967,0,0.818,1.234,0.8705,0,0.642,1.05,-0.1129,-0.02066,-0.6567
174.40,175.67,175.68,0,-2.98231,0,e_rec,cross-domain,0.0000,0.0000,3.665,0,-2.98231,0,0.4162,0.7339,0.9035,0,1.035,0.3116,-0.1277,0.6022,-0.7694
174.80,176.07,176.08,0,-2.74273,0,e_rec,cross-domain,0.0000,0.0000,3.662,0,-2.74273,0,0.7032,0.347,2.094,0,0.3769,-0.3884,0.3299,0.7507,-0.008428
175.20,176.47,176.48,0,-2.53597,0,e_rec,cross-domain,0.0000,0.0000,3.511,0,-2.53597,0,0.574,0.943,1.02,0,0.127,-0.8256,0.1232,0.7384,-0.3176
175.60,176.87,176.88,0,-2.81426,0,|r_qp|,cross-domain,0.0000,0.0000,3.605,0,-2.81426,0,0.3731,0.4758,0.7866,0,-0.4062,-0.2187,0.03158,-0.468,-0.8919
176.00,177.27,177.28,0,-2.69667,0,|r_bal|,cross-domain,0.0000,0.0000,3.580,0,-2.69667,0,0.8467,0.4683,2.257,0,-0.2665,0.2738,0.2461,-0.234,-0.3942
176.40,177.67,177.68,0,-2.42119,0,e_rec,cross-domain,0.0000,0.0000,3.637,0,-2.42119,0,0.8611,0.9292,1.531,0,0.1328,0.5221,-0.3179,0.6562,-0.5483
176.80,178.07,178.08,0,-2.88328,0,|r_bal|,cross-domain,0.0000,0.0000,3.600,0,-2.88328,0,0.9615,0.4583,1.066,0,0.5679,0.9526,-0.6668,-0.05398,-0.8475
177.20,178.47,178.48,0,-2.72446,0,e_rec,cross-domain,0.0000,0.0000,3.587,0,-2.72446,0,0.5453,0.6943,2.452,0,0.4971,1.204,-0.6487,0.4859,0.3733
177.60,178.87,178.88,0,-3.09404,0,|r_aux|,cross-domain,0.0000,0.0000,3.489,0,-3.09404,0,0.6171,1.082,1.213,0,0.4867,1.103,-0.7456,-1.015,-0.7524
178.00,179.27,179.28,0,-2.51043,0,e_rec,cross-domain,0.0000,0.0000,3.709,0,-2.51043,0,0.9328,0.6517,1.13,0,0.2662,0.1967,-0.8017,0.6284,-0.8275
178.40,179.67,179.68,0,-2.93461,0,|r_aux|,cross-domain,0.0000,0.0000,3.553,0,-2.93461,0,0.5597,0.735,2.216,0,0.4651,-0.257,-0.4889,-0.06055,-0.1161
178.80,180.07,180.08,0,-3.17676,0,|r_aux|,cross-domain,0.0000,0.0000,3.573,0,-3.17676,0,0.8467,1.14,1.008,0,0.5919,-0.4371,-0.7191,-1.13,-0.6897
179.20,180.47,180.48,0,-3.12701,0,|r_aux|,cross-domain,0.0000,0.0000,3.506,0,-3.12701,0,0.4018,0.6482,0.6648,0,0.2555,-0.5909,-0.5616,-0.7495,-0.7417
179.60,180.87,180.88,0,-2.66715,0,e_rec,cross-domain,0.0000,0.0000,3.447,0,-2.66715,0,0.6888,0.4396,1.787,0,0.2043,-0.8123,0.05163,0.6869,-0.2171
180.00,181.27,181.28,0,-2.53574,0,|r_aux|,cross-domain,0.0000,0.0000,3.521,0,-2.53574,0,0.4305,0.9425,0.6537,0,-0.2408,-0.6531,-0.125,0.281,-0.5265
180.40,181.67,181.68,0,-2.40367,0,|r_bal|,cross-domain,0.0000,0.0000,3.492,0,-2.40367,0,1.277,0.5066,0.6576,0,0.1884,0.1587,-0.3927,0.8133,-0.8173
180.80,182.07,182.08,0,-2.42255,0,e_rec,cross-domain,0.0000,0.0000,3.566,0,-2.42255,0,1.076,0.698,2.072,0,0.3088,0.6322,-0.2727,0.9823,0.8735
181.20,182.47,182.48,0,-3.10985,0,|r_aux|,cross-domain,0.0000,0.0000,3.670,0,-3.10985,0,0.7749,1.091,1.327,0,0.2829,0.5169,-0.4321,-1.309,-0.7503
181.60,182.87,182.88,0,-2.67114,0,|r_aux|,cross-domain,0.0000,0.0000,3.527,0,-2.67114,0,0.5597,0.624,0.8549,0,-0.07902,-0.3266,-0.3138,0.1186,-0.7741
182.00,183.27,183.28,0,-2.99326,0,|r_bal|,cross-domain,0.0000,0.0000,3.730,0,-2.99326,0,0.6601,0.5351,2.174,0,0.1679,-0.9823,0.08406,-0.3409,0.1563
182.40,183.67,183.68,0,-2.56730,0,|r_aux|,cross-domain,0.0000,0.0000,3.650,0,-2.56730,0,0.8036,1.02,1.148,0,-0.2461,-1.086,-0.3952,-0.1358,-0.7039
182.80,184.07,184.08,0,-2.62784,0,|r_bal|,cross-domain,0.0000,0.0000,3.612,0,-2.62784,0,1.205,0.5581,1.081,0,0.01734,-1.275,-0.7505,0.01201,-0.8841
183.20,184.47,184.48,0,-2.55021,0,|r_bal|,cross-domain,0.0000,0.0000,3.679,0,-2.55021,0,1.952,0.6042,2.23,0,0.1388,-0.8385,-0.5765,-0.06671,0.1975
183.60,184.87,184.88,0,-2.30127,0,|r_bal|,cross-domain,0.0000,0.0000,3.523,0,-2.30127,0,1.622,1.025,1.314,0,0.3368,-0.4124,-0.6325,0.7769,-0.485
184.00,185.27,185.28,0,-2.25991,0,e_rec,cross-domain,0.0000,0.0000,3.597,0,-2.25991,0,1.177,0.5656,1.212,0,0.5967,1.252,-0.5993,1.629,-0.8132
184.40,185.67,185.68,0,-2.52308,0,|r_qp|,cross-domain,0.0000,0.0000,4.017,0,-2.52308,0,0.531,0.6009,2.331,0,-0.4445,2.176,-0.2201,-0.08685,0.2247
184.80,186.07,186.08,0,-1.96794,0,e_rec,cross-domain,0.0000,0.0000,3.635,0,-1.96794,0,0.7319,1.072,1.196,0,-0.2513,2.163,-0.6369,1.256,-0.7811
185.20,186.47,186.48,0,-2.60271,0,|r_bal|,cross-domain,0.0000,0.0000,3.646,0,-2.60271,0,1.205,0.6374,0.7147,0,-0.01928,1.005,-0.6735,-0.245,-0.8223
185.60,186.87,186.88,0,-2.53580,0,e_rec,cross-domain,0.0000,0.0000,3.544,0,-2.53580,0,1.234,0.695,2.062,0,0.6747,0.07433,-0.5169,0.9343,-0.4954
186.00,187.27,187.28,0,-3.25790,0,|r_bal|,cross-domain,0.0000,0.0000,3.599,0,-3.25790,0,1.249,1.091,0.6868,0,1.222,-0.3822,-0.6558,-0.7693,-0.5674
186.40,187.67,187.68,0,-3.24481,0,|r_bal|,cross-domain,0.0000,0.0000,3.659,0,-3.24481,0,1.148,0.6741,0.7136,0,1.648,-0.7815,-0.6917,0.2089,-0.4537
186.80,188.07,188.08,0,-2.63361,0,e_rec,cross-domain,0.0000,0.0000,3.566,0,-2.63361,0,1.292,0.8057,1.928,0,0.9405,-0.875,-0.4102,1.053,0.2603
187.20,188.47,188.48,0,-2.69015,0,|r_aux|,cross-domain,0.0000,0.0000,3.583,0,-2.69015,0,1.148,1.127,0.9005,0,0.3482,-0.4069,-0.5879,-0.1145,-0.2941
187.60,188.87,188.88,0,-1.49966,0,e_rec,cross-domain,0.0000,0.0000,3.521,0,-1.49966,0,1.162,0.7306,0.6694,0,-0.09019,0.9797,-0.5618,2.972,-0.8655
188.00,189.27,189.28,0,-2.82260,0,|r_aux|,cross-domain,0.0000,0.0000,3.563,0,-2.82260,0,0.574,0.8262,2.06,0,0.2448,1.913,-0.121,-0.06041,2.601
188.40,189.67,189.68,0,-3.03017,0,|r_aux|,cross-domain,0.0000,0.0000,3.547,0,-3.03017,0,0.7175,1.181,1.125,0,0.7073,1.811,-0.1338,-0.6122,-0.5011
188.80,190.07,190.08,0,-2.78404,0,|r_bal|,cross-domain,0.0000,0.0000,3.533,0,-2.78404,0,0.9759,0.8308,0.9884,0,0.778,0.5257,-0.1646,0.41,-0.748
189.20,190.47,190.48,0,-2.67835,0,e_rec,cross-domain,0.0000,0.0000,3.554,0,-2.67835,0,0.3014,0.8837,2.452,0,0.4325,-0.5926,0.3895,0.9688,0.304
189.60,190.87,190.88,0,-3.10554,0,|r_aux|,cross-domain,0.0000,0.0000,3.483,0,-3.10554,0,0.6027,1.217,1.252,0,0.5932,-0.7618,0.1582,-0.5591,-0.01346
190.00,191.27,191.28,0,-2.78669,0,e_rec,cross-domain,0.0000,0.0000,3.505,0,-2.78669,0,0.1005,0.8179,1.13,0,0.409,-0.4498,-0.07898,0.6149,-0.8892
190.40,191.67,191.68,0,-3.01980,0,|r_aux|,cross-domain,0.0000,0.0000,3.716,0,-3.01980,0,0.4592,0.7994,2.302,0,0.7798,0.1871,0.2415,0.2898,1.178
190.80,192.07,192.08,0,-2.71540,0,|r_aux|,cross-domain,0.0000,0.0000,3.567,0,-2.71540,0,0.6601,1.165,1.206,0,0.5732,0.6207,-0.07042,0.3514,-0.5476
191.20,192.47,192.48,0,-2.54597,0,|r_bal|,cross-domain,0.0000,0.0000,3.677,0,-2.54597,0,1.492,0.7156,0.8018,0,0.9279,1.909,-0.4583,0.8505,-0.7941
191.60,192.87,192.88,0,-2.46916,0,|r_bal|,cross-domain,0.0000,0.0000,3.531,0,-2.46916,0,1.937,0.508,2.075,0,0.8066,2.534,-0.12,0.834,0.3581
192.00,193.27,193.28,0,-2.97861,0,|r_bal|,cross-domain,0.0000,0.0000,3.596,0,-2.97861,0,1.564,0.9897,0.7406,0,1.145,2.143,-0.3336,-0.3926,-0.6498
192.40,193.67,193.68,0,-2.69909,0,|r_bal|,cross-domain,0.0000,0.0000,3.551,0,-2.69909,0,1.033,0.6461,0.6933,0,0.6373,0.9933,-0.2974,0.4935,-0.7902
192.80,194.07,194.08,0,-2.99786,0,|r_aux|,cross-domain,0.0000,0.0000,3.438,0,-2.99786,0,0.5597,0.8662,2.032,0,0.5606,0.1168,0.06794,-0.1315,0.1236
193.20,194.47,194.48,0,-2.86303,0,|r_aux|,cross-domain,0.0000,0.0000,3.635,0,-2.86303,0,1.048,1.202,1.104,0,0.3365,0.03345,-0.3361,-0.6135,0.08019
193.60,194.87,194.88,0,-3.08582,0,|r_bal|,cross-domain,0.0000,0.0000,3.478,0,-3.08582,0,1.593,0.8273,0.5959,0,0.6371,-0.4102,-0.287,-0.995,-0.8204
194.00,195.27,195.28,0,-3.37053,0,|r_bal|,cross-domain,0.0000,0.0000,3.561,0,-3.37053,0,1.665,0.9238,1.782,0,1.567,-0.7914,0.3541,-0.4803,1.088
194.40,195.67,195.68,0,-3.01328,0,|r_bal|,cross-domain,0.0000,0.0000,3.604,0,-3.01328,0,1.521,1.237,0.9938,0,1.342,-0.3594,0.08804,0.01876,-0.0677
194.80,196.07,196.08,0,-2.54626,0,e_rec,cross-domain,0.0000,0.0000,3.552,0,-2.54626,0,1.091,0.8527,1.032,0,0.5789,1.068,0.1269,0.7643,-0.8939
195.20,196.47,196.48,0,-1.72926,0,e_rec,cross-domain,0.0000,0.0000,3.585,0,-1.72926,0,1.249,0.8745,1.976,0,0.03855,2.048,0.4067,2.501,1.41
195.60,196.87,196.88,0,-2.58036,0,|r_bal|,cross-domain,0.0000,0.0000,3.473,0,-2.58036,0,1.249,1.207,0.6555,0,-0.1021,2.065,0.07858,-0.6311,-0.3074
196.00,197.27,197.28,0,-2.69707,0,|r_bal|,cross-domain,0.0000,0.0000,3.507,0,-2.69707,0,1.693,0.8719,0.1178,0,0.3101,0.6829,0.06551,-0.3709,-0.5422
196.40,197.67,197.68,0,-2.62999,0,|r_aux|,cross-domain,0.0000,0.0000,4.480,0,-2.62999,0,0.6888,0.8869,1.828,0,0.1297,-0.3872,0.3692,0.5071,1.09
196.80,198.07,198.08,0,-2.83313,0,|r_aux|,cross-domain,0.0000,0.0000,3.639,0,-2.83313,0,0.8467,1.249,0.5073,0,0.2161,-0.7257,0.1435,-0.4042,-0.05363
197.20,198.47,198.48,0,-2.60948,0,|r_aux|,cross-domain,0.0000,0.0000,3.746,0,-2.60948,0,0.8467,0.924,-0.4222,0,0.2405,-0.6096,-0.313,0.4006,-0.4699
197.60,198.87,198.88,0,-2.25569,0,e_rec,cross-domain,0.0000,0.0000,3.633,0,-2.25569,0,1.593,1.01,0.2097,0,0.2713,-0.04268,0.2979,1.083,0.5712
198.00,199.27,199.28,0,-2.45662,0,|r_aux|,cross-domain,0.0000,0.0000,3.606,0,-2.45662,0,1.277,1.263,-0.9967,0,0.03158,0.6995,0.1608,0.08508,0.2088
198.40,199.67,199.68,0,-2.28399,0,|r_bal|,cross-domain,0.0000,0.0000,3.811,0,-2.28399,0,1.105,0.9123,-1.29,0,-0.3792,2.302,0.01082,0.1452,-0.7979
198.80,200.07,200.08,0,-2.45784,0,|r_aux|,cross-domain,0.0000,0.0000,3.515,0,-2.45784,0,0.6171,0.9536,-0.0975,0,-0.3035,3.161,0.3208,0.1129,1.483
199.20,200.47,200.48,0,-2.40541,0,|r_aux|,cross-domain,0.0000,0.0000,3.588,0,-2.40541,0,1.105,1.276,-1.25,0,-0.2148,2.779,-0.1068,-0.3168,-0.6333
199.60,200.87,200.88,0,-2.50167,0,|r_bal|,cross-domain,0.0000,0.0000,3.684,0,-2.50167,0,0.8898,0.8275,-0.3787,0,-0.2917,1.16,-0.1255,-0.1079,-0.7487
200.00,201.27,201.28,0,-2.42355,0,|r_bal|,cross-domain,0.0000,0.0000,3.525,0,-2.42355,0,1.464,0.51,2.152,0,0.0512,-0.3257,-0.1628,0.6547,0.9434
200.40,201.67,201.68,0,-3.05623,0,|r_bal|,cross-domain,0.0000,0.0000,3.627,0,-3.05623,0,1.234,1.027,1.288,0,0.2596,-0.7833,-0.5375,-1.225,0.4001
200.80,202.07,202.08,0,-2.80875,0,|r_bal|,cross-domain,0.0000,0.0000,3.551,0,-2.80875,0,0.8754,0.7654,-0.07248,0,0.2982,-1.043,-0.9643,-0.1176,-0.4587
201.20,202.47,202.48,0,-2.48650,0,|r_aux|,cross-domain,0.0000,0.0000,3.605,0,-2.48650,0,0.6601,1.097,-0.02486,0,0.07796,-1.166,-0.4788,0.6821,0.8297
201.60,202.87,202.88,0,-3.04722,0,|r_aux|,cross-domain,0.0000,0.0000,4.582,0,-3.04722,0,0.8467,1.276,-1.305,0,0.4776,-0.8508,-0.2039,-0.7587,-0.06871
202.00,203.27,203.28,0,-2.62000,0,|r_bal|,cross-domain,0.0000,0.0000,3.621,0,-2.62000,0,1.048,0.8648,-0.5659,0,0.3544,0.3154,0.2532,0.4071,-0.8269
202.40,203.67,203.68,0,-2.78209,0,|r_bal|,cross-domain,0.0000,0.0000,3.718,0,-2.78209,0,1.593,0.8193,1.91,0,0.6365,1.438,0.8851,0.2839,4.366
202.80,204.07,204.08,0,-2.91099,0,|r_bal|,cross-domain,0.0000,0.0000,3.558,0,-2.91099,0,1.593,1.209,1.011,0,0.6069,1.555,0.2615,-0.8296,-0.03567
203.20,204.47,204.48,0,-2.42653,0,|r_bal|,cross-domain,0.0000,0.0000,3.573,0,-2.42653,0,1.722,0.9317,-0.04864,0,0.5362,0.494,-0.4321,0.6012,-0.5945
203.60,204.87,204.88,0,-3.07702,0,|r_bal|,cross-domain,0.0000,0.0000,3.676,0,-3.07702,0,1.091,1.031,0.3368,0,0.619,-0.3936,-0.3323,-0.6974,0.8019
204.00,205.27,205.28,0,-3.29916,0,|r_aux|,cross-domain,0.0000,0.0000,3.548,0,-3.29916,0,0.7462,1.297,-1.281,0,0.7408,-0.7576,-0.4332,-1.186,-0.1374
204.40,205.67,205.68,0,-3.40404,0,|r_aux|,cross-domain,0.0000,0.0000,4.244,0,-3.40404,0,0.8754,0.8719,-0.5496,0,0.8592,-0.3477,-0.09845,-1.189,-0.8395
204.80,206.07,206.08,0,-3.19042,0,|r_bal|,cross-domain,0.0000,0.0000,3.597,0,-3.19042,0,0.7175,0.6826,1.926,0,0.701,-0.1574,0.3984,-0.3899,0.4688
205.20,206.47,206.48,0,-3.23841,0,|r_aux|,cross-domain,0.0000,0.0000,3.536,0,-3.23841,0,0.6745,1.096,1.084,0,0.7948,0.02499,0.02578,-0.725,0.723
205.60,206.87,206.88,0,-3.13538,0,|r_aux|,cross-domain,0.0000,0.0000,3.683,0,-3.13538,0,0.4592,0.8108,-0.0672,0,0.3958,0.2635,-0.5291,-0.8234,-0.7969
206.00,207.27,207.28,0,-3.12406,0,|r_aux|,cross-domain,0.0000,0.0000,3.725,0,-3.12406,0,0.3014,1.042,0.2002,0,1.022,0.4326,-0.2893,0.1834,1.994
206.40,207.67,207.68,0,-2.84896,0,|r_aux|,cross-domain,0.0000,0.0000,3.540,0,-2.84896,0,0.2296,1.282,-0.9714,0,0.9189,0.3944,-0.4104,0.6173,-0.0825
206.80,208.07,208.08,0,-3.08372,0,|r_aux|,cross-domain,0.0000,0.0000,3.675,0,-3.08372,0,0.4449,0.9409,-0.8272,0,0.8225,-0.514,-0.4376,-0.07087,-0.6687
207.20,208.47,208.48,0,-2.72733,0,|r_bal|,cross-domain,0.0000,0.0000,2.990,0,-2.72733,0,1.076,0.9078,0.8953,0,0.5917,-1.11,0.3782,0.6061,0.5869
207.60,208.87,208.88,0,-2.56269,0,|r_aux|,cross-domain,0.0000,0.0000,4.084,0,-2.56269,0,1.306,1.269,-0.07895,0,0.7043,-1.106,-0.1305,0.7006,-0.4462
208.00,209.27,209.28,0,-2.63065,0,e_rec,cross-domain,0.0000,0.0000,3.530,0,-2.63065,0,0.9902,0.8238,0.4424,0,1.008,-0.3567,-0.1525,1.294,-0.4512
208.40,209.67,209.68,0,-3.06252,0,|r_bal|,cross-domain,0.0000,0.0000,3.602,0,-3.06252,0,1.091,0.5725,2.448,0,1.34,0.3318,-0.315,0.4459,0.3668
208.80,210.07,210.08,0,-3.26682,0,|r_aux|,cross-domain,0.0000,0.0000,3.708,0,-3.26682,0,0.9615,1.044,1.131,0,1.045,0.4531,-0.5886,-0.8788,-0.342
209.20,210.47,210.48,0,-3.20034,0,|r_bal|,cross-domain,0.0000,0.0000,3.693,0,-3.20034,0,0.7175,0.6639,0.784,0,0.7151,0.9685,-0.775,-0.8179,-0.8593
209.60,210.87,210.88,0,-2.40548,0,e_rec,cross-domain,0.0000,0.0000,3.635,0,-2.40548,0,0.5166,0.7019,2.064,0,0.08859,1.041,-0.3563,1.046,0.8547
210.00,211.27,211.28,0,-2.99731,0,|r_aux|,cross-domain,0.0000,0.0000,2.811,0,-2.99731,0,0.6027,1.07,0.8902,0,0.2936,0.9614,-0.3546,-0.8133,-0.07727
210.40,211.67,211.68,0,-2.70364,0,|r_bal|,cross-domain,0.0000,0.0000,3.636,0,-2.70364,0,0.9615,0.7895,-0.2885,0,-0.2975,0.3724,-0.8017,-0.7551,-0.2924
210.80,212.07,212.08,0,-2.64049,0,|r_aux|,cross-domain,0.0000,0.0000,3.696,0,-2.64049,0,0.9185,1.106,-0.3046,0,-0.4249,-0.06458,-0.5039,-0.7547,0.4525
211.20,212.47,212.48,0,-2.61208,0,|r_aux|,cross-domain,0.0000,0.0000,3.580,0,-2.61208,0,1.048,1.323,-1.429,0,-0.2732,-0.04536,-0.7276,-0.7948,-0.4508
211.60,212.87,212.88,0,-1.85928,0,e_rec,cross-domain,0.0000,0.0000,3.640,0,-1.85928,0,0.9328,0.836,-0.7766,0,-0.1616,-0.0282,-0.5691,2.006,-0.8663
212.00,213.27,213.28,0,-2.38527,0,e_rec,cross-domain,0.0000,0.0000,3.468,0,-2.38527,0,0.6745,0.5365,1.918,0,-0.3026,0.4525,-0.06954,0.7259,0.7472
212.40,213.67,213.68,0,-2.26366,0,|r_aux|,cross-domain,0.0000,0.0000,3.512,0,-2.26366,0,0.6171,1.014,0.8426,0,-0.2921,0.9379,-0.4635,0.6419,-0.2022
212.80,214.07,214.08,0,-2.27401,0,e_rec,cross-domain,0.0000,0.0000,3.585,0,-2.27401,0,0.5884,0.6826,0.8501,0,-0.2624,1.627,-0.5097,0.7587,-0.8335
213.20,214.47,214.48,0,-2.77367,0,|r_aux|,cross-domain,0.0000,0.0000,3.553,0,-2.77367,0,0.3301,0.8259,1.991,0,0.1877,1.51,-0.02031,0.09619,0.5768
213.60,214.87,214.88,0,-2.73260,0,|r_aux|,cross-domain,0.0000,0.0000,3.604,0,-2.73260,0,0.3301,1.161,0.8979,0,0.3315,1.225,-0.215,0.1413,-0.1312
214.00,215.27,215.28,0,-3.07139,0,|r_aux|,cross-domain,0.0000,0.0000,3.602,0,-3.07139,0,0.7606,0.86,-0.1548,0,0.5667,0.4475,-0.5106,-0.6124,-0.1991
214.40,215.67,215.68,0,-2.25508,0,|r_aux|,cross-domain,0.0000,0.0000,3.561,0,-2.25508,0,0.7319,1.037,0.8389,0,-0.5153,0.1264,-0.1483,0.556,1.443
214.80,216.07,216.08,0,-2.01968,0,e_rec,cross-domain,0.0000,0.0000,3.612,0,-2.01968,0,0.3731,1.326,-0.4532,0,0.1972,0.07352,-0.4473,2.068,-0.293
215.20,216.47,216.48,0,-2.44966,0,e_rec,cross-domain,0.0000,0.0000,3.596,0,-2.44966,0,0.07175,0.9392,-0.06321,0,-0.0112,-0.006341,-0.2708,0.9623,-0.7734
215.60,216.87,216.88,0,-3.20065,0,|r_aux|,cross-domain,0.0000,0.0000,3.431,0,-3.20065,0,-0.07175,0.8479,2.011,0,0.08155,-0.2363,0.2412,-0.8571,0.2593
216.00,217.27,217.28,0,-2.49661,0,|r_aux|,cross-domain,0.0000,0.0000,3.671,0,-2.49661,0,0.2009,1.197,0.8671,0,-0.05667,-0.1268,0.1146,0.6395,0.06055
216.40,217.67,217.68,0,-3.10020,0,|r_aux|,cross-domain,0.0000,0.0000,3.526,0,-3.10020,0,-0.0574,0.7868,0.755,0,0.2701,0.8374,-0.1245,-0.5323,-0.8673
216.80,218.07,218.08,0,-3.06384,0,|r_aux|,cross-domain,0.0000,0.0000,3.699,0,-3.06384,0,0.3444,0.7028,2.138,0,0.9028,1.772,0.02204,0.2273,1.045
217.20,218.47,218.48,0,-3.09006,0,|r_aux|,cross-domain,0.0000,0.0000,3.634,0,-3.09006,0,0.4449,1.108,0.8681,0,0.3849,1.951,-0.2755,-0.9871,0.01892
217.60,218.87,218.88,0,-2.64314,0,|r_bal|,cross-domain,0.0000,0.0000,3.479,0,-2.64314,0,1.062,0.8431,0.06611,0,0.3487,0.9918,-0.6661,0.09385,-0.5491
218.00,219.27,219.28,0,-3.11670,0,|r_bal|,cross-domain,0.0000,0.0000,3.664,0,-3.11670,0,1.406,1.068,0.8735,0,0.7865,-0.02255,-0.01413,-0.7596,1.641
218.40,219.67,219.68,0,-3.32930,0,|r_bal|,cross-domain,0.0000,0.0000,3.590,0,-3.32930,0,1.435,1.318,-0.178,0,1.126,-0.4268,-0.4543,-1.277,0.1271
218.80,220.07,220.08,0,-2.46128,0,e_rec,cross-domain,0.0000,0.0000,3.737,0,-2.46128,0,1.091,0.9504,-0.173,0,1.086,-0.4035,-0.3259,1.737,-0.4191
219.20,220.47,220.48,0,-3.00416,0,|r_aux|,cross-domain,0.0000,0.0000,3.629,0,-3.00416,0,0.9185,0.924,1.205,0,0.2507,-0.3654,0.2731,-0.6436,1.171
219.60,220.87,220.88,0,-2.56117,0,|r_aux|,cross-domain,0.0000,0.0000,3.497,0,-2.56117,0,0.7606,1.244,-0.1278,0,0.2989,-0.0513,0.09852,0.5174,0.132
220.00,221.27,221.28,0,-2.37393,0,|r_bal|,cross-domain,0.0000,0.0000,3.663,0,-2.37393,0,1.521,0.8867,-0.08069,0,0.1378,0.9962,0.04402,0.422,-0.8643
220.40,221.67,221.68,0,-2.72774,0,|r_aux|,cross-domain,0.0000,0.0000,3.598,0,-2.72774,0,0.9041,0.8912,1.573,0,-0.3724,1.574,0.322,-0.7307,2.134
220.80,222.07,222.08,0,-2.24894,0,|r_aux|,cross-domain,0.0000,0.0000,3.707,0,-2.24894,0,0.7749,1.255,0.5113,0,-0.2674,1.568,-0.05047,0.4944,0.1805
221.20,222.47,222.48,-1,2.02271,1,e_rec,single-domain,0.0000,0.0000,3.533,0,2.02271,1,50,0.7676,17.78,0,50,0.4161,-0.4221,50,50
221.60,222.87,222.88,-1,2.18019,1,e_rec,single-domain,0.0000,0.0000,3.518,0,2.18019,1,50,0.9966,50,0,50,-0.1486,-0.1974,50,50
222.00,223.27,223.28,1,3.04996,1,e_rec,single-domain,0.0000,0.0000,3.594,0,3.04996,1,50,4.868,50,0,50,-0.2143,-0.4032,50,50
222.40,223.67,223.68,1,4.03149,1,e_rec,single-domain,0.0000,0.0000,3.468,0,4.03149,1,50,9.341,50,0,50,-0.3001,-0.2787,50,50
222.80,224.07,224.08,1,5.31616,1,e_rec,single-domain,0.0000,0.0000,3.545,0,5.31616,1,50,15.21,50,0,50,-0.2844,-0.006964,50,50
223.20,224.47,224.48,1,6.78852,1,e_rec,single-domain,0.0000,0.0000,3.606,0,6.78852,1,50,21.72,50,0,50,-0.08691,-0.3103,50,50
223.60,224.87,224.88,1,7.96794,1,e_rec,single-domain,0.0000,0.0000,3.483,0,7.96794,1,50,26.77,50,0,50,0.9613,-0.6006,50,50
224.00,225.27,225.28,1,9.16887,1,e_rec,single-domain,0.0000,0.0000,3.609,0,9.16887,1,50,32.2,50,0,50,1.399,-0.2995,50,50
224.40,225.67,225.68,1,10.52760,1,e_rec,single-domain,0.0000,0.0000,3.578,0,10.52760,1,50,38.27,50,0,50,1.201,-0.5868,50,50
224.80,226.07,226.08,1,11.45666,1,e_rec,single-domain,0.0000,0.0000,3.483,0,11.45666,1,50,42.57,50,0,50,0.3587,-0.6995,50,50
225.20,226.47,226.48,1,12.43971,1,e_rec,single-domain,0.0000,0.0000,3.569,0,12.43971,1,50,47.3,50,0,50,-0.08129,0.09529,50,50
225.60,226.87,226.88,1,13.05171,1,e_rec,single-domain,0.0000,0.0000,3.475,0,13.05171,1,50,50,50,0,50,-0.1335,-0.1399,50,50
226.00,227.27,227.28,1,13.03228,1,e_rec,single-domain,0.0000,0.0000,3.618,0,13.03228,1,50,50,50,0,50,-0.6446,-0.1346,50,50
226.40,227.67,227.68,1,13.01378,1,e_rec,single-domain,0.0000,0.0000,3.606,0,13.01378,1,50,50,50,0,50,-1.083,-0.1016,50,50
226.80,228.07,228.08,1,13.03612,1,e_rec,single-domain,0.0000,0.0000,3.496,0,13.03612,1,50,50,50,0,50,-1.02,-0.4148,50,50
227.20,228.47,228.48,1,13.10226,1,e_rec,single-domain,0.0000,0.0000,3.726,0,13.10226,1,50,50,50,0,50,0.2882,-0.6861,50,50
227.60,228.87,228.88,1,13.11885,1,e_rec,single-domain,0.0000,0.0000,3.407,0,13.11885,1,50,50,50,0,50,1.286,-0.3614,50,50
228.00,229.27,229.28,1,13.12421,1,e_rec,single-domain,0.0000,0.0000,3.577,0,13.12421,1,50,50,50,0,50,1.248,-0.4681,50,50
228.40,229.67,229.68,1,13.10324,1,e_rec,single-domain,0.0000,0.0000,3.487,0,13.10324,1,50,50,50,0,50,0.2906,-0.7,50,50
228.80,230.07,230.08,1,13.04600,1,e_rec,single-domain,0.0000,0.0000,3.427,0,13.04600,1,50,50,50,0,50,-0.3938,-0.2029,50,50
229.20,230.47,230.48,1,13.06104,1,e_rec,single-domain,0.0000,0.0000,3.611,0,13.06104,1,50,50,50,0,50,-0.5526,-0.5321,50,50
229.60,230.87,230.88,1,13.06413,1,e_rec,single-domain,0.0000,0.0000,3.515,0,13.06413,1,50,50,50,0,50,-0.2211,-0.3862,50,50
230.00,231.27,231.28,1,13.05430,1,e_rec,single-domain,0.0000,0.0000,3.590,0,13.05430,1,50,50,49.38,0,50,-0.01937,-0.1564,50,50
230.40,231.67,231.68,1,13.08730,1,e_rec,single-domain,0.0000,0.0000,3.573,0,13.08730,1,50,50,50,0,50,0.2987,-0.4452,50,50
230.80,232.07,232.08,1,13.09463,1,e_rec,single-domain,0.0000,0.0000,3.457,0,13.09463,1,50,50,48.49,0,50,0.7305,-0.4116,50,50
231.20,232.47,232.48,1,13.00590,1,e_rec,single-domain,0.0000,0.0000,3.634,0,13.00590,1,50,50,37.97,0,50,0.97,0.3934,50,50
231.60,232.87,232.88,1,13.03098,1,e_rec,single-domain,0.0000,0.0000,3.564,0,13.03098,1,50,50,42.34,0,50,0.8449,0.2286,50,50
232.00,233.27,233.28,1,12.95568,1,e_rec,single-domain,0.0000,0.0000,3.532,0,12.95568,1,50,50,28.5,0,50,-0.1589,-0.1356,50,50
232.40,233.67,233.68,1,12.92570,1,e_rec,single-domain,0.0000,0.0000,3.679,0,12.92570,1,50,50,25.65,0,50,-0.7861,-0.23,50,50
232.80,234.07,234.08,1,12.98315,1,e_rec,single-domain,0.0000,0.0000,3.512,0,12.98315,1,50,50,33.34,0,50,-0.9733,-0.7092,50,50
233.20,234.47,234.48,1,12.94127,1,e_rec,single-domain,0.0000,0.0000,3.744,0,12.94127,1,50,50,24.47,0,50,-0.8214,-0.5772,50,50
233.60,234.87,234.88,1,12.93381,1,e_rec,single-domain,0.0000,0.0000,3.561,0,12.93381,1,50,50,32.82,0,50,-0.9335,0.05254,50,50
234.00,235.27,235.28,1,12.96103,1,e_rec,single-domain,0.0000,0.0000,3.538,0,12.96103,1,50,50,38.11,0,50,-0.8858,0.01924,50,50
234.40,235.67,235.68,1,13.01948,1,e_rec,single-domain,0.0000,0.0000,3.737,0,13.01948,1,50,50,38.97,0,50,0.1097,-0.2546,50,50
234.80,236.07,236.08,1,13.09268,1,e_rec,single-domain,0.0000,0.0000,3.482,0,13.09268,1,50,50,50,0,50,0.9239,-0.1631,50,50
235.20,236.47,236.48,1,13.11432,1,e_rec,single-domain,0.0000,0.0000,3.651,0,13.11432,1,50,50,50,0,50,1.018,-0.4475,50,50
235.60,236.87,236.88,1,13.08095,1,e_rec,single-domain,0.0000,0.0000,3.732,0,13.08095,1,50,50,50,0,50,-0.1022,-0.5806,50,50
236.00,237.27,237.28,1,13.04065,1,e_rec,single-domain,0.0000,0.0000,3.548,0,13.04065,1,50,50,50,0,50,-0.9733,-0.4587,50,50
236.40,237.67,237.68,1,13.05151,1,e_rec,single-domain,0.0000,0.0000,3.737,0,13.05151,1,50,50,50,0,50,-1.113,-0.7111,50,50
236.80,238.07,238.08,1,13.06900,1,e_rec,single-domain,0.0000,0.0000,3.625,0,13.06900,1,50,50,50,0,50,-0.7364,-0.7647,50,50
237.20,238.47,238.48,1,13.06568,1,e_rec,single-domain,0.0000,0.0000,4.975,0,13.06568,1,50,50,50,0,50,-0.1958,-0.3957,50,50
237.60,238.87,238.88,1,12.87027,1,e_rec,single-domain,0.0000,0.0000,3.513,0,12.87027,1,50,49.01,50,0,50,0.2051,-0.5315,50,50
238.00,239.27,239.28,1,11.67982,1,e_rec,single-domain,0.0000,0.0000,3.546,0,11.67982,1,50,43.51,50,0,50,1.017,-0.547,50,50
238.40,239.67,239.68,1,10.56285,1,e_rec,single-domain,0.0000,0.0000,3.653,0,10.56285,1,50,38.51,50,0,50,1.221,-0.2975,50,50
238.80,240.07,240.08,1,9.54126,1,e_rec,single-domain,0.0000,0.0000,3.538,0,9.54126,1,50,33.93,50,0,50,0.9124,-0.3886,50,50
239.20,240.47,240.48,1,8.12827,1,e_rec,single-domain,0.0000,0.0000,3.737,0,8.12827,1,50,27.71,50,0,50,0.06537,-0.3849,50,50
239.60,240.87,240.88,1,6.85706,1,e_rec,single-domain,0.0000,0.0000,3.647,0,6.85706,1,50,22.05,50,0,50,0.3468,0.03094,50,50
240.00,241.27,241.28,1,5.77612,1,e_rec,single-domain,0.0000,0.0000,3.543,0,5.77612,1,50,16.9,50,0,50,1.5,-0.2669,50,50
240.40,241.67,241.68,1,4.43251,1,e_rec,single-domain,0.0000,0.0000,3.592,0,4.43251,1,50,10.67,50,0,50,2.055,-0.5697,50,50
240.80,242.07,242.08,1,-11.23218,0,|r_bal|,single-domain,0.0000,0.0000,3.473,0,-11.23218,0,50,5.998,50,0,50,2.13,-0.2467,2.759,3.173
241.20,242.47,242.48,1,-13.28888,0,|r_bal|,single-domain,0.0000,0.0000,3.551,0,-13.28888,0,50,2.808,50,0,50,0.9695,-0.3183,-1.348,0.8331
241.60,242.87,242.88,-1,-13.12681,0,|r_bal|,single-domain,0.0000,0.0000,3.619,0,-13.12681,0,50,0.5676,25.43,0,50,0.3024,-0.2852,0.9392,-0.6835
242.00,243.27,243.28,0,-2.56509,0,e_rec,cross-domain,0.0000,0.0000,3.559,0,-2.56509,0,0.7893,0.8294,2.861,0,0.3045,0.03516,-0.0183,0.9006,3.028
242.40,243.67,243.68,0,-2.50300,0,e_rec,cross-domain,0.0000,0.0000,3.666,0,-2.50300,0,1.019,1.182,1.831,0,0.8514,-0.259,-0.4142,1.148,-0.3115
242.80,244.07,244.08,0,-2.61542,0,|r_bal|,cross-domain,0.0000,0.0000,3.514,0,-2.61542,0,1.148,0.7214,1.451,0,0.2053,-0.3559,-0.7319,0.1141,-0.9011
243.20,244.47,244.48,0,-1.86378,0,e_rec,cross-domain,0.0000,0.0000,3.555,0,-1.86378,0,1.521,0.5258,2.273,0,0.1539,0.8047,-0.2858,2.289,1.174
243.60,244.87,244.88,0,-2.67741,0,|r_bal|,cross-domain,0.0000,0.0000,3.675,0,-2.67741,0,1.449,0.989,1.136,0,0.5324,1.582,-0.3432,-0.1207,-0.2877
244.00,245.27,245.28,0,-2.75058,0,|r_bal|,cross-domain,0.0000,0.0000,3.438,0,-2.75058,0,1.033,0.6231,0.8653,0,0.6191,2.88,-0.3725,0.09648,-0.8607
244.40,245.67,245.68,0,-2.05061,0,e_rec,cross-domain,0.0000,0.0000,3.727,0,-2.05061,0,1.033,0.8579,2.263,0,0.06242,3.317,-0.2549,1.392,0.6924
244.80,246.07,246.08,0,-1.78759,0,e_rec,cross-domain,0.0000,0.0000,3.551,0,-1.78759,0,0.6171,1.16,1.02,0,-0.5618,2.836,-0.4397,1.41,-0.3287
245.20,246.47,246.48,0,-2.72789,0,|r_aux|,cross-domain,0.0000,0.0000,3.523,0,-2.72789,0,0.6601,0.784,0.7317,0,-0.07219,2.627,-0.5227,-0.5923,-0.8665
245.60,246.87,246.88,0,-3.04579,0,|r_aux|,cross-domain,0.0000,0.0000,3.737,0,-3.04579,0,0.3588,0.8784,1.893,0,0.454,1.932,-0.1271,-0.5251,0.2128
246.00,247.27,247.28,0,-3.68976,0,|r_aux|,cross-domain,0.0000,0.0000,3.591,0,-3.68976,0,0.1579,1.231,0.698,0,1.433,0.973,-0.4315,-1.309,-0.7646
246.40,247.67,247.68,0,-3.50543,0,|r_aux|,cross-domain,0.0000,0.0000,3.641,0,-3.50543,0,0.3014,0.7988,0.3938,0,1.373,0.09328,-0.7545,-0.5987,-0.8148
246.80,248.07,248.08,0,-3.01850,0,|r_bal|,cross-domain,0.0000,0.0000,3.617,0,-3.01850,0,0.8898,0.5694,1.978,0,0.9697,-0.6709,-0.4158,0.2829,-0.3465
247.20,248.47,248.48,0,-3.02488,0,|r_aux|,cross-domain,0.0000,0.0000,3.664,0,-3.02488,0,0.6314,1.01,1.206,0,0.9542,-0.7555,-0.6627,0.09816,-0.2113
247.60,248.87,248.88,0,-3.11305,0,|r_aux|,cross-domain,0.0000,0.0000,3.779,0,-3.11305,0,0.5597,0.7198,0.95,0,1.16,-1.152,-0.3444,0.4039,-0.8472
248.00,249.27,249.28,0,-2.95746,0,e_rec,cross-domain,0.0000,0.0000,3.738,0,-2.95746,0,-0.2153,1.052,2.186,0,1.481,-1.05,0.2168,1.728,0.355
248.40,249.67,249.68,0,-3.40572,0,|r_aux|,cross-domain,0.0000,0.0000,3.554,0,-3.40572,0,-0.1148,1.331,0.9041,0,1.755,-0.9257,0.02116,0.373,-0.7042
248.80,250.07,250.08,0,-3.11204,0,e_rec,cross-domain,0.0000,0.0000,3.643,0,-3.11204,0,-0.1292,0.8255,0.808,0,1.494,0.2077,-0.08629,1.15,-0.268
249.20,250.47,250.48,0,-3.40518,0,|r_aux|,cross-domain,0.0000,0.0000,3.617,0,-3.40518,0,0.1579,0.4703,2.133,0,1.016,1.015,0.2007,-0.3076,0.3439
249.60,250.87,250.88,0,-3.19295,0,|r_aux|,cross-domain,0.0000,0.0000,3.646,0,-3.19295,0,0.2153,0.984,0.8282,0,0.6587,0.8194,-0.02182,-0.5715,-0.4936
250.00,251.27,251.28,0,-2.43637,0,e_rec,cross-domain,0.0000,0.0000,3.491,0,-2.43637,0,-0.2153,0.6673,0.7351,0,0.3457,0.1113,-0.2802,1.807,-0.7328
250.40,251.67,251.68,0,-2.46914,0,e_rec,cross-domain,0.0000,0.0000,3.536,0,-2.46914,0,0.5166,0.9384,2.371,0,0.2767,-0.3774,-0.3949,1.042,0.2058
250.80,252.07,252.08,0,-2.82092,0,|r_aux|,cross-domain,0.0000,0.0000,3.598,0,-2.82092,0,0.2153,1.251,1.4,0,0.1742,-0.4519,-0.6175,-0.2035,-0.05988
251.20,252.47,252.48,0,-2.61540,0,|r_aux|,cross-domain,0.0000,0.0000,3.617,0,-2.61540,0,0.2583,0.8698,0.9348,0,0.04546,-0.7448,-0.5338,0.4743,-0.8768
251.60,252.87,252.88,0,-3.38491,0,|r_aux|,cross-domain,0.0000,0.0000,3.644,0,-3.38491,0,0.4592,0.9152,2.294,0,0.7668,-0.9683,0.02859,-0.8335,0.9018
252.00,253.27,253.28,0,-2.46272,0,e_rec,cross-domain,0.0000,0.0000,3.623,0,-2.46272,0,0.3301,1.198,0.8414,0,0.6793,-0.6256,-0.2813,1.558,-0.3637
252.40,253.67,253.68,0,-2.83371,0,|r_bal|,cross-domain,0.0000,0.0000,3.541,0,-2.83371,0,1.048,0.8047,0.4358,0,0.754,0.673,-0.4049,0.1447,-0.7554
252.80,254.07,254.08,0,-2.35278,0,e_rec,cross-domain,0.0000,0.0000,3.679,0,-2.35278,0,0.8898,0.8519,1.653,0,0.1423,1.457,0.1318,0.9784,0.7685
253.20,254.47,254.48,0,-2.49610,0,|r_aux|,cross-domain,0.0000,0.0000,3.558,0,-2.49610,0,0.8036,1.229,0.815,0,0.05039,1.336,-0.04348,0.1152,-0.7881
253.60,254.87,254.88,0,-3.14105,0,|r_aux|,cross-domain,0.0000,0.0000,3.620,0,-3.14105,0,0.4736,0.8194,0.6339,0,0.3793,-0.04293,-0.3004,-0.813,-0.8734
254.00,255.27,255.28,0,-3.00712,0,|r_bal|,cross-domain,0.0000,0.0000,3.572,0,-3.00712,0,0.8611,0.6303,2.181,0,0.6769,-0.8981,-0.2688,0.01095,0.2673
254.40,255.67,255.68,0,-3.29786,0,|r_aux|,cross-domain,0.0000,0.0000,3.588,0,-3.29786,0,0.7893,1.071,0.972,0,0.5944,-0.9913,-0.5386,-1.29,-0.3953
254.80,256.07,256.08,0,-3.17182,0,|r_bal|,cross-domain,0.0000,0.0000,3.714,0,-3.17182,0,1.32,0.737,0.752,0,1.28,-0.9216,-0.4672,-0.1697,-0.8649
255.20,256.47,256.48,0,-2.57265,0,e_rec,cross-domain,0.0000,0.0000,3.579,0,-2.57265,0,0.9041,0.9124,2.193,0,1.309,-0.702,0.1012,1.992,0.6197
255.60,256.87,256.88,0,-2.83492,0,e_rec,cross-domain,0.0000,0.0000,3.645,0,-2.83492,0,0.6888,1.218,0.9751,0,1.496,-0.4698,-0.01115,1.276,-0.3826
256.00,257.27,257.28,0,-3.31476,0,|r_aux|,cross-domain,0.0000,0.0000,3.571,0,-3.31476,0,0.5884,0.7114,0.6895,0,1.02,0.7849,-0.07804,-0.5563,-0.7798
256.40,257.67,257.68,0,-3.35723,0,|r_bal|,cross-domain,0.0000,0.0000,4.353,0,-3.35723,0,0.7893,0.3534,1.645,0,1.428,1.632,0.3857,0.003663,0.2401
256.80,258.07,258.08,0,-2.62025,0,|r_aux|,cross-domain,0.0000,0.0000,3.772,0,-2.62025,0,0.8898,0.9172,0.5612,0,0.4112,1.384,0.07301,0.392,-0.6126
257.20,258.47,258.48,0,-3.13636,0,|r_bal|,cross-domain,0.0000,0.0000,3.586,0,-3.13636,0,0.8898,0.4851,0.5525,0,0.5148,0.4515,-0.3539,-0.7279,-0.7781
257.60,258.87,258.88,0,-2.77296,0,|r_bal|,cross-domain,0.0000,0.0000,3.450,0,-2.77296,0,1.062,0.4235,1.937,0,0.5168,-0.6497,-0.2932,0.4737,0.05638
258.00,259.27,259.28,0,-2.87015,0,|r_bal|,cross-domain,0.0000,0.0000,3.679,0,-2.87015,0,1.22,0.974,0.917,0,0.6177,-0.747,-0.3038,-0.1757,-0.5127
258.40,259.67,259.68,0,-3.39016,0,|r_bal|,cross-domain,0.0000,0.0000,3.566,0,-3.39016,0,1.449,0.4633,0.9914,0,1.178,-0.7305,-0.3482,-0.86,-0.8497
258.80,260.07,260.08,0,-3.11516,0,|r_bal|,cross-domain,0.0000,0.0000,3.660,0,-3.11516,0,1.033,0.4325,2.416,0,0.5225,-0.3979,-0.08347,-0.5558,-0.2973
259.20,260.47,260.48,0,-3.00526,0,|r_aux|,cross-domain,0.0000,0.0000,3.535,0,-3.00526,0,0.7462,0.9165,1.307,0,0.4298,-0.1839,-0.1068,-0.525,-0.714
259.60,260.87,260.88,0,-3.12370,0,|r_bal|,cross-domain,0.0000,0.0000,3.575,0,-3.12370,0,0.574,0.4154,0.9489,0,0.5363,0.2186,-0.2425,-0.3713,-0.809
260.00,261.27,261.28,0,-2.90515,0,e_rec,cross-domain,0.0000,0.0000,3.635,0,-2.90515,0,0.2153,0.5839,2.366,0,0.4958,0.4092,0.2804,0.5231,0.7612
260.40,261.67,261.68,0,-2.69075,0,|r_aux|,cross-domain,0.0000,0.0000,3.544,0,-2.69075,0,0.3444,1.007,1.051,0,0.106,0.324,-0.1179,0.1445,-0.7572
260.80,262.07,262.08,0,-2.79650,0,|r_bal|,cross-domain,0.0000,0.0000,3.667,0,-2.79650,0,1.349,0.5398,0.9417,0,-0.1916,-0.286,-0.2004,-0.836,-0.6848
261.20,262.47,262.48,0,-2.51805,0,|r_bal|,cross-domain,0.0000,0.0000,3.592,0,-2.51805,0,1.349,0.5983,2.319,0,-0.114,-0.7117,-0.0324,0.1737,0.01277
261.60,262.87,262.88,0,-2.70912,0,|r_bal|,cross-domain,0.0000,0.0000,3.561,0,-2.70912,0,1.335,1.031,1.095,0,-0.1256,-0.8421,-0.2404,-0.7533,-0.6772
262.00,263.27,263.28,0,-3.20544,0,|r_bal|,cross-domain,0.0000,0.0000,3.613,0,-3.20544,0,0.6888,0.5846,1.002,0,0.2794,-0.981,-0.4715,-1.037,-0.6865
262.40,263.67,263.68,0,-3.05763,0,|r_bal|,cross-domain,0.0000,0.0000,3.535,0,-3.05763,0,0.9902,0.7067,2.07,0,0.9707,-1.011,-0.3334,0.09197,0.078
262.80,264.07,264.08,0,-3.33486,0,|r_aux|,cross-domain,0.0000,0.0000,3.630,0,-3.33486,0,0.8898,1.077,1.091,0,1.095,-0.7448,-0.4292,-0.8436,-0.5523
263.20,264.47,264.48,0,-3.14083,0,|r_bal|,cross-domain,0.0000,0.0000,3.522,0,-3.14083,0,1.019,0.6181,0.5392,0,1.002,0.3463,-0.4166,-0.2919,-0.8778
263.60,264.87,264.88,0,-2.75812,0,|r_bal|,cross-domain,0.0000,0.0000,3.536,0,-2.75812,0,1.048,0.5701,1.433,0,0.7373,1.045,-0.1024,0.5905,0.3963
264.00,265.27,265.28,0,-3.08914,0,|r_bal|,cross-domain,0.0000,0.0000,3.688,0,-3.08914,0,1.105,1.017,0.5211,0,0.3906,0.9358,-0.3936,-1.297,-0.7008
264.40,265.67,265.68,0,-3.12916,0,|r_bal|,cross-domain,0.0000,0.0000,3.652,0,-3.12916,0,1.392,0.5808,0.9804,0,0.5089,-0.1368,-0.3753,-1.053,-0.8718
264.80,266.07,266.08,0,-2.82686,0,|r_bal|,cross-domain,0.0000,0.0000,3.803,0,-2.82686,0,1.263,0.5725,2.685,0,0.1704,-0.783,-0.1806,-0.3573,-0.2161
265.20,266.47,266.48,0,-2.50812,0,|r_bal|,cross-domain,0.0000,0.0000,3.486,0,-2.50812,0,1.693,1.053,1.353,0,-0.3924,-0.8745,-0.2868,-0.7399,-0.5607
265.60,266.87,266.88,0,-2.80446,0,|r_bal|,cross-domain,0.0000,0.0000,3.509,0,-2.80446,0,1.033,0.5799,0.9235,0,-0.08793,-0.5874,-0.4198,-0.5668,-0.8301
266.00,267.27,267.28,0,-3.27652,0,|r_bal|,cross-domain,0.0000,0.0000,3.669,0,-3.27652,0,0.6171,0.3605,2.512,0,0.4293,-0.3684,-0.2339,-0.865,-0.1083
266.40,267.67,267.68,0,-2.76410,0,|r_aux|,cross-domain,0.0000,0.0000,3.583,0,-2.76410,0,0.4018,0.913,1.593,0,0.1358,-0.1868,-0.1585,0.04773,-0.5072
266.80,268.07,268.08,0,-2.79320,0,|r_qp|,cross-domain,0.0000,0.0000,3.499,0,-2.79320,0,0.4449,0.4492,1.25,0,-0.6673,0.09407,-0.482,-0.9061,-0.837
267.20,268.47,268.48,0,-1.99631,0,e_rec,cross-domain,0.0000,0.0000,3.894,0,-1.99631,0,1.076,0.7706,2.476,0,-0.4878,0.1921,-0.2034,1.221,0.4989
267.60,268.87,268.88,0,-2.80691,0,|r_aux|,cross-domain,0.0000,0.0000,3.882,0,-2.80691,0,1.062,1.104,0.9749,0,0.1237,0.3153,-0.5329,-0.7895,-0.7721
268.00,269.27,269.28,0,-2.71694,0,|r_bal|,cross-domain,0.0000,0.0000,3.740,0,-2.71694,0,1.148,0.6358,0.8466,0,0.4043,-0.08373,-0.4358,0.1634,-0.802
268.40,269.67,269.68,0,-2.63415,0,e_rec,cross-domain,0.0000,0.0000,3.615,0,-2.63415,0,0.5023,0.5927,1.84,0,0.277,-0.2414,0.07445,0.8601,0.1029
268.80,270.07,270.08,0,-2.89719,0,|r_aux|,cross-domain,0.0000,0.0000,3.433,0,-2.89719,0,0.8754,1.024,0.7772,0,0.7172,-0.5531,-0.2589,0.05115,-0.4821
269.20,270.47,270.48,0,-2.77457,0,e_rec,cross-domain,0.0000,0.0000,3.752,0,-2.77457,0,0.3588,0.582,0.6871,0,0.6715,-0.7864,-0.514,0.9499,-0.761
269.60,270.87,270.88,0,-2.82172,0,|r_bal|,cross-domain,0.0000,0.0000,3.562,0,-2.82172,0,1.019,0.6746,2.203,0,0.311,-1.045,-0.3995,-0.05172,0.1483
270.00,271.27,271.28,0,-1.94608,0,e_rec,cross-domain,0.0000,0.0000,3.632,0,-1.94608,0,0.3875,1.078,0.9423,0,-0.03019,-0.8173,-0.6208,2.193,-0.4065
270.40,271.67,271.68,0,-2.35890,0,e_rec,cross-domain,0.0000,0.0000,3.557,0,-2.35890,0,0.7462,0.6219,0.777,0,0.03008,0.2757,-0.6406,0.9458,-0.8464
270.80,272.07,272.08,0,-3.27591,0,|r_bal|,cross-domain,0.0000,0.0000,3.469,0,-3.27591,0,0.4162,0.3287,2.359,0,0.9218,1.285,-0.1693,-0.2391,0.02099
271.20,272.47,272.48,0,-2.49439,0,e_rec,cross-domain,0.0000,0.0000,3.760,0,-2.49439,0,0.5023,0.9439,1.2,0,1.417,1.239,-0.04276,2.313,-0.2358
271.60,272.87,272.88,0,-3.40202,0,|r_bal|,cross-domain,0.0000,0.0000,3.563,0,-3.40202,0,1.119,0.453,1.202,0,1.243,0.00969,-0.1784,-0.6377,-0.7342
272.00,273.27,273.28,0,-3.07084,0,|r_bal|,cross-domain,0.0000,0.0000,3.727,0,-3.07084,0,1.019,0.4799,2.656,0,0.5771,-0.939,-0.03837,-0.3221,-0.5006
272.40,273.67,273.68,0,-2.56541,0,|r_aux|,cross-domain,0.0000,0.0000,3.483,0,-2.56541,0,0.8611,0.9489,1.859,0,-0.01127,-1.203,-0.4449,0.1777,-0.698
272.80,274.07,274.08,0,-2.88590,0,|r_bal|,cross-domain,0.0000,0.0000,4.908,0,-2.88590,0,0.8467,0.4449,1.336,0,0.2407,-1.143,-0.6605,-0.1647,-0.8055
273.20,274.47,274.48,0,-3.11418,0,e_rec,cross-domain,0.0000,0.0000,3.758,0,-3.11418,0,0.287,0.6525,2.319,0,1.173,-1.235,-0.3952,0.7197,0.6013
273.60,274.87,274.88,0,-2.94712,0,e_rec,cross-domain,0.0000,0.0000,3.590,0,-2.94712,0,0.4592,1.033,0.717,0,1.792,-1.034,-0.3698,1.591,-0.3924
274.00,275.27,275.28,0,-3.19168,0,e_rec,cross-domain,0.0000,0.0000,3.630,0,-3.19168,0,0.5166,0.5295,0.7329,0,1.491,0.07116,-0.202,0.7132,0.1835
274.40,275.67,275.68,0,-2.72102,0,e_rec,cross-domain,0.0000,0.0000,4.377,0,-2.72102,0,0.6458,0.4706,2.053,0,0.5889,1.022,0.2964,0.95,1.003
274.80,276.07,276.08,0,-2.71242,0,|r_aux|,cross-domain,0.0000,0.0000,3.694,0,-2.71242,0,0.4736,0.9527,0.9991,0,0.06865,1.183,-0.08328,-0.1012,-0.6962
275.20,276.47,276.48,0,-3.20836,0,|r_bal|,cross-domain,0.0000,0.0000,3.730,0,-3.20836,0,0.6314,0.526,0.7293,0,0.3261,0.4258,-0.3653,-1.042,-0.6629
275.60,276.87,276.88,0,-2.74515,0,|r_bal|,cross-domain,0.0000,0.0000,3.595,0,-2.74515,0,0.6745,0.6403,2.136,0,-0.314,-0.126,-0.3505,-0.5116,-0.3772
276.00,277.27,277.28,0,-2.60452,0,|r_aux|,cross-domain,0.0000,0.0000,3.545,0,-2.60452,0,0.7462,1.066,1.113,0,0.1514,-0.4103,-0.6163,0.1506,-0.7404
276.40,277.67,277.68,0,-3.28882,0,|r_aux|,cross-domain,0.0000,0.0000,3.655,0,-3.28882,0,0.1722,0.5745,0.9641,0,0.2742,-0.4724,-0.4487,-1.008,-0.7032
276.80,278.07,278.08,0,-2.97342,0,e_rec,cross-domain,0.0000,0.0000,3.569,0,-2.97342,0,0.01435,0.493,2.258,0,0.7728,-0.5979,0.06775,0.8639,-0.325
277.20,278.47,278.48,0,-2.41845,0,e_rec,cross-domain,0.0000,0.0000,3.684,0,-2.41845,0,0.4879,0.9841,1.129,0,0.2563,-0.3415,0.003706,1.209,-0.311
277.60,278.87,278.88,0,-2.57178,0,|r_bal|,cross-domain,0.0000,0.0000,3.638,0,-2.57178,0,0.7319,0.5524,0.8885,0,-0.2448,0.8264,0.1988,0.1047,-0.8303
278.00,279.27,279.28,0,-2.68694,0,|r_bal|,cross-domain,0.0000,0.0000,3.542,0,-2.68694,0,1.033,0.3546,2.261,0,-0.1639,1.632,0.8996,-0.1278,-0.1553
278.40,279.67,279.68,0,-2.90325,0,|r_aux|,cross-domain,0.0000,0.0000,3.723,0,-2.90325,0,0.7749,0.9627,1.007,0,-0.09959,1.543,1.174,-0.8827,-0.5389
278.80,280.07,280.08,0,-2.94310,0,|r_bal|,cross-domain,0.0000,0.0000,3.559,0,-2.94310,0,0.818,0.4262,0.8151,0,-0.01753,0.05812,1.1,-0.4263,-0.7621
279.20,280.47,280.48,0,-3.59432,0,|r_bal|,cross-domain,0.0000,0.0000,3.726,0,-3.59432,0,0.7175,0.432,2.137,0,0.6302,-1.046,1.242,-1.31,-0.09539
279.60,280.87,280.88,0,-3.33926,0,|r_aux|,cross-domain,0.0000,0.0000,3.569,0,-3.33926,0,0.7749,0.9582,1.255,0,0.547,-1.211,1.131,-1.05,-0.3935
280.00,281.27,281.28,0,-2.62812,0,e_rec,cross-domain,0.0000,0.0000,3.458,0,-2.62812,0,1.349,0.4769,0.9681,0,0.3028,-0.8973,2.336,0.9079,-0.6584
280.40,281.67,281.68,0,-3.27372,0,|r_bal|,cross-domain,0.0000,0.0000,3.569,0,-3.27372,0,1.335,0.4037,1.921,0,-0.1519,-0.3673,3.823,-1.293,0.182
280.80,282.07,282.08,0,-3.01295,0,|r_aux|,cross-domain,0.0000,0.0000,3.492,0,-3.01295,0,0.9185,0.9927,0.8309,0,-0.2584,-0.03887,4.046,-0.7654,-0.04711
281.20,282.47,282.48,0,-2.94834,0,e_rec,cross-domain,0.0000,0.0000,3.671,0,-2.94834,0,0.3588,0.4721,0.7316,0,0.7084,1.134,4.398,1.29,-0.5218
281.60,282.87,282.88,0,-3.61228,0,|r_aux|,cross-domain,0.0000,0.0000,3.557,0,-3.61228,0,0.3875,0.478,2.033,0,0.6372,1.868,4.633,-0.8721,-0.4372
282.00,283.27,283.28,0,-3.60712,0,|r_aux|,cross-domain,0.0000,0.0000,3.455,0,-3.60712,0,0.3731,1.06,1.166,0,0.6918,1.67,4.21,-1.202,-0.2743
282.40,283.67,283.68,0,-2.80377,0,e_rec,cross-domain,0.0000,0.0000,3.615,0,-2.80377,0,0.5453,0.4331,0.6704,0,0.1644,0.1546,3.175,0.7832,-0.8387
282.80,284.07,284.08,0,-3.25134,0,|r_aux|,cross-domain,0.0000,0.0000,3.495,0,-3.25134,0,0.1148,0.5061,1.855,0,0.3332,-1.002,2.118,-0.1951,-0.6928
283.20,284.47,284.48,0,-2.83312,0,e_rec,cross-domain,0.0000,0.0000,3.601,0,-2.83312,0,0.3301,1.015,0.8778,0,0.9358,-1.196,1.682,1.365,0.04732
283.60,284.87,284.88,0,-3.39472,0,|r_bal|,cross-domain,0.0000,0.0000,3.628,0,-3.39472,0,0.9472,0.5134,0.796,0,1.165,-0.3531,2.718,-0.0403,-0.684
284.00,285.27,285.28,0,-3.48122,0,|r_bal|,cross-domain,0.0000,0.0000,3.615,0,-3.48122,0,0.9328,0.431,2.268,0,0.6065,0.4227,3.991,-0.8179,-0.6655
284.40,285.67,285.68,0,-2.94298,0,|r_aux|,cross-domain,0.0000,0.0000,3.642,0,-2.94298,0,0.9615,0.9998,1.087,0,0.6598,0.6246,3.867,0.4611,-0.3896
284.80,286.07,286.08,0,-2.60770,0,|r_bal|,cross-domain,0.0000,0.0000,3.715,0,-2.60770,0,1.88,0.3763,1.25,0,0.4687,0.331,2.408,0.7659,-0.8494
285.20,286.47,286.48,0,-2.86993,0,|r_bal|,cross-domain,0.0000,0.0000,3.573,0,-2.86993,0,1.894,0.7364,2.448,0,1.099,-0.01128,1.033,0.4248,0.9752
285.60,286.87,286.88,0,-2.57773,0,|r_bal|,cross-domain,0.0000,0.0000,3.669,0,-2.57773,0,1.579,1.088,1.131,0,0.2962,-0.3009,-0.1955,-0.03759,-0.3299
286.00,287.27,287.28,0,-3.10424,0,|r_aux|,cross-domain,0.0000,0.0000,3.604,0,-3.10424,0,0.574,0.5806,0.9579,0,0.3779,-0.8206,-0.04242,-0.4698,-0.7727
286.40,287.67,287.68,0,-3.06858,0,|r_bal|,cross-domain,0.0000,0.0000,3.729,0,-3.06858,0,0.4592,0.3686,2.446,0,0.1907,-1.161,0.2192,-0.2665,-0.01151
286.80,288.07,288.08,0,-3.25582,0,|r_aux|,cross-domain,0.0000,0.0000,3.902,0,-3.25582,0,0.2583,0.9493,1.307,0,0.7922,-1.325,0.3099,-0.2917,-0.4492
287.20,288.47,288.48,0,-3.08243,0,|r_bal|,cross-domain,0.0000,0.0000,3.612,0,-3.08243,0,0.818,0.4326,0.9426,0,0.9447,-1.343,0.2664,0.3852,-0.7917
287.60,288.87,288.88,0,-3.11281,0,|r_bal|,cross-domain,0.0000,0.0000,3.623,0,-3.11281,0,0.6314,0.6105,2.153,0,0.9271,-1.097,0.5709,0.3289,-0.1961
288.00,289.27,289.28,0,-2.99217,0,|r_aux|,cross-domain,0.0000,0.0000,3.510,0,-2.99217,0,1.048,1.028,1.095,0,0.5056,-0.8029,-0.1354,-0.5688,-0.408
288.40,289.67,289.68,0,-2.77194,0,|r_bal|,cross-domain,0.0000,0.0000,3.715,0,-2.77194,0,1.005,0.5716,0.6184,0,0.2079,0.3771,0.5478,0.0867,0.1572
288.80,290.07,290.08,0,-2.79618,0,|r_bal|,cross-domain,0.0000,0.0000,3.540,0,-2.79618,0,1.292,0.3605,2.14,0,-0.245,1.169,1.473,-0.5904,-0.4669
289.20,290.47,290.48,0,-2.80305,0,|r_bal|,cross-domain,0.0000,0.0000,3.631,0,-2.80305,0,1.292,0.9795,1.14,0,0.301,1.178,2.031,-0.2117,-0.6243
289.60,290.87,290.88,0,-2.39534,0,e_rec,cross-domain,0.0000,0.0000,3.742,0,-2.39534,0,1.449,0.4389,1.246,0,0.4893,0.452,1.715,1.536,-0.6417
290.00,291.27,291.28,0,-3.30424,0,|r_bal|,cross-domain,0.0000,0.0000,3.540,0,-3.30424,0,1.449,0.4781,2.676,0,1.068,-0.1007,1.482,-0.4856,-0.7048
290.40,291.67,291.68,0,-2.92746,0,|r_bal|,cross-domain,0.0000,0.0000,3.815,0,-2.92746,0,1.492,1.017,1.271,0,0.6597,-0.299,1.363,-0.2159,-0.2463
290.80,292.07,292.08,0,-2.84259,0,e_rec,cross-domain,0.0000,0.0000,3.588,0,-2.84259,0,1.162,0.5087,1.099,0,0.7314,-0.4243,2.139,0.8348,-0.471
291.20,292.47,292.48,0,-3.59748,0,|r_bal|,cross-domain,0.0000,0.0000,3.567,0,-3.59748,0,1.292,0.4354,2.074,0,0.5559,-0.5883,3.38,-1.425,-0.03021
291.60,292.87,292.88,0,-3.44660,0,|r_aux|,cross-domain,0.0000,0.0000,3.739,0,-3.44660,0,0.8324,0.9881,0.5932,0,0.6306,-0.3442,3.394,-0.9463,0.0468
292.00,293.27,293.28,0,-3.32643,0,|r_bal|,cross-domain,0.0000,0.0000,3.577,0,-3.32643,0,1.148,0.4289,0.792,0,0.7167,0.6313,3.171,-0.5218,-0.8561
292.40,293.67,293.68,0,-3.25360,0,|r_bal|,cross-domain,0.0000,0.0000,3.612,0,-3.25360,0,1.263,0.4373,1.794,0,0.4318,1.3,3.444,-0.7413,-0.2134
292.80,294.07,294.08,0,-3.36460,0,|r_bal|,cross-domain,0.0000,0.0000,3.732,0,-3.36460,0,1.205,1.009,0.6909,0,0.5798,1.296,3.277,-1.257,-0.3687
293.20,294.47,294.48,0,-3.09106,0,|r_bal|,cross-domain,0.0000,0.0000,3.652,0,-3.09106,0,0.8898,0.4343,0.5831,0,0.2431,0.2817,3.264,-0.1816,-0.5791
293.60,294.87,294.88,0,-3.32539,0,|r_bal|,cross-domain,0.0000,0.0000,3.776,0,-3.32539,0,0.8036,0.4799,1.915,0,0.06655,-0.4696,2.71,-1.133,-0.6339
294.00,295.27,295.28,0,-2.98326,0,|r_aux|,cross-domain,0.0000,0.0000,3.703,0,-2.98326,0,0.7606,1.003,1.038,0,0.226,-0.7863,2.236,-0.2548,-0.5266
294.40,295.67,295.68,0,-2.54556,0,|r_bal|,cross-domain,0.0000,0.0000,3.613,0,-2.54556,0,1.492,0.4036,1.137,0,-0.1805,-1.122,1.738,0.3846,-0.8398
294.80,296.07,296.08,0,-2.81998,0,|r_bal|,cross-domain,0.0000,0.0000,4.322,0,-2.81998,0,1.148,0.6531,2.776,0,0.3057,-1.308,0.9928,0.1168,-0.5681
295.20,296.47,296.48,0,-2.15556,0,e_rec,cross-domain,0.0000,0.0000,3.756,0,-2.15556,0,1.134,1.044,1.528,0,0.1445,-0.9202,-0.06024,1.428,-0.5708
295.60,296.87,296.88,0,-2.47776,0,e_rec,cross-domain,0.0000,0.0000,3.741,0,-2.47776,0,0.818,0.6505,0.8572,0,0.266,0.7686,1.528,1.194,-0.7293
296.00,297.27,297.28,0,-2.72173,0,|r_bal|,cross-domain,0.0000,0.0000,3.574,0,-2.72173,0,0.9615,0.3698,2.17,0,-0.07292,2.05,3.765,0.3983,-0.5374
296.40,297.67,297.68,0,-2.86804,0,|r_bal|,cross-domain,0.0000,0.0000,3.561,0,-2.86804,0,1.22,1.04,1.234,0,0.553,1.913,4.7,0.3644,-0.4463
296.80,298.07,298.08,0,-3.30593,0,|r_bal|,cross-domain,0.0000,0.0000,3.646,0,-3.30593,0,1.019,0.4182,0.9542,0,0.5026,0.3,3.005,-0.6449,-0.8925
297.20,298.47,298.48,0,-3.67146,0,|r_bal|,cross-domain,0.0000,0.0000,3.637,0,-3.67146,0,0.7319,0.5524,2.111,0,0.9552,-0.9376,1.173,-1.247,-0.234
297.60,298.87,298.88,0,-2.79151,0,|r_bal|,cross-domain,0.0000,0.0000,3.722,0,-2.79151,0,1.048,1.007,0.7014,0,0.4014,-1.123,0.156,0.0001464,-0.5772
298.00,299.27,299.28,0,-3.05018,0,|r_bal|,cross-domain,0.0000,0.0000,3.525,0,-3.05018,0,0.9185,0.4432,0.5646,0,0.9006,-0.99,-0.006027,0.2802,-0.594
298.40,299.67,299.68,0,-3.05724,0,|r_bal|,cross-domain,0.0000,0.0000,3.558,0,-3.05724,0,1.005,0.4651,1.782,0,0.071,-0.8039,0.06183,-0.8393,0.3634
