t_s,phase,proc_cpu_pct,proc_rss_MiB,sys_cpu_pct,sys_mem_used_MiB,ram_used_MiB,gpu_load_pct,vdd_in_mW,vdd_cpu_gpu_cv_mW,vdd_soc_mW,cpu_temp_C,tj_temp_C
0.507,calibration,101.1,145.73046875,18.5,2025.9921875,,,,,,,
1.009,calibration,99.6,162.53125,19.0,2033.6171875,2157.0,0.0,4326.0,1001.0,1161.0,45.406,45.562
1.512,features,99.4,161.42578125,18.4,2037.0,2164.0,0.0,4293.0,1001.0,1161.0,45.125,45.531
2.015,features,99.5,190.8046875,18.0,2048.83984375,2168.0,0.0,4400.0,1040.0,1160.0,45.375,45.468
2.517,features,101.5,206.75,17.6,2065.3359375,2180.0,0.0,4366.0,1000.0,1161.0,45.343,45.406
3.020,features,99.5,207.49609375,22.5,2073.84765625,2196.0,0.0,4326.0,1001.0,1161.0,45.281,45.468
3.523,features,97.5,229.33984375,18.2,2085.6953125,2205.0,0.0,4407.0,1080.0,1160.0,45.468,45.468
4.025,features,99.6,246.07421875,18.6,2098.4921875,2216.0,0.0,4366.0,1040.0,1161.0,45.343,45.625
4.527,features,99.4,258.66796875,18.7,2110.28515625,2229.0,0.0,4366.0,1040.0,1161.0,45.375,45.531
5.035,features,100.5,254.28125,18.5,2102.60546875,2222.0,0.0,4366.0,1000.0,1161.0,45.343,45.5
5.538,features,99.3,288.53125,19.3,2132.09765625,2253.0,0.0,4400.0,1000.0,1160.0,45.593,45.593
6.041,features,99.6,302.08984375,20.9,2146.234375,2263.0,0.0,4400.0,1040.0,1160.0,45.625,45.625
6.544,features,99.3,308.34765625,23.0,2147.84375,2271.0,23.0,4480.0,1080.0,1160.0,45.562,45.625
7.047,features,101.4,320.87109375,19.2,2157.21484375,2279.0,0.0,4400.0,1040.0,1160.0,45.312,45.531
7.549,train:DC1,99.5,421.9765625,19.5,2265.77734375,2288.0,0.0,4366.0,1000.0,1160.0,45.343,45.531
8.051,train:DC1,99.6,411.2421875,18.3,2258.66015625,2397.0,0.0,4326.0,1001.0,1161.0,45.375,45.375
8.553,train:DC1,97.6,389.43359375,19.9,2234.60546875,2397.0,0.0,4286.0,1001.0,1161.0,45.406,45.406
9.056,train:DC1,99.5,362.9375,17.3,2211.90625,2381.0,0.0,4366.0,1000.0,1160.0,45.5,45.5
9.558,train:DC1,101.7,422.0,22.9,2268.5078125,2361.0,0.0,4366.0,1000.0,1160.0,45.531,45.593
10.060,train:DC1,99.6,422.0,17.5,2266.29296875,2346.0,0.0,4366.0,1040.0,1160.0,45.281,45.531
10.561,train:DC1,99.6,422.0,19.1,2273.171875,2397.0,0.0,4326.0,1001.0,1161.0,45.437,45.5
11.064,train:DC1,99.5,413.25390625,17.6,2265.046875,2404.0,0.0,4326.0,1000.0,1161.0,45.5,45.5
11.566,train:DC1,99.6,391.1484375,18.0,2240.70703125,2404.0,0.0,4366.0,1000.0,1160.0,45.687,45.687
12.067,train:DC2,101.7,400.2578125,17.4,2250.11328125,2387.0,0.0,4366.0,1000.0,1160.0,45.437,45.468
12.570,train:DC2,99.5,369.0078125,22.4,2219.4375,2397.0,0.0,4326.0,1000.0,1161.0,45.343,45.531
13.075,train:DC2,98.9,340.984375,17.7,2212.9140625,2382.0,0.0,4366.0,1040.0,1161.0,45.375,45.531
13.578,train:DC2,99.5,422.015625,18.2,2274.90234375,2359.0,0.0,4326.0,1001.0,1161.0,45.5,45.531
14.080,train:DC2,99.5,422.015625,21.4,2264.8125,2345.0,0.0,4326.0,1001.0,1161.0,45.375,45.406
14.582,train:DC2,99.6,419.765625,23.1,2272.14453125,2396.0,0.0,4286.0,1001.0,1161.0,45.625,45.625
15.084,train:DC2,101.6,402.59375,35.3,2256.39453125,2403.0,15.0,4366.0,1040.0,1160.0,45.468,45.656
15.586,train:DC2,99.6,375.140625,24.3,2235.21875,2403.0,2.0,4672.0,1275.0,1158.0,45.5,45.531
16.088,train:DC2,97.6,342.484375,17.1,2219.49609375,2398.0,0.0,4440.0,1080.0,1160.0,45.406,45.593
16.590,train:DC3,101.7,352.71484375,30.0,2212.234375,2366.0,0.0,4326.0,1001.0,1161.0,45.343,45.531
17.092,train:DC3,97.6,422.03125,46.0,2275.4296875,2374.0,23.0,4792.0,1315.0,1198.0,45.593,45.593
17.594,train:DC3,99.6,422.046875,38.3,2274.72265625,2351.0,23.0,5063.0,1512.0,1196.0,45.562,45.562
18.096,train:DC3,99.5,419.796875,38.4,2274.4765625,2406.0,21.0,4904.0,1393.0,1194.0,45.656,45.75
18.598,train:DC3,101.5,394.61328125,45.8,2249.9609375,2405.0,4.0,4864.0,1393.0,1194.0,45.75,45.75
19.100,train:DC3,97.6,369.046875,22.4,2220.18359375,2404.0,10.0,5063.0,1552.0,1194.0,45.593,45.781
19.610,train:DC3,101.9,341.015625,20.7,2218.0703125,2396.0,0.0,4560.0,1158.0,1200.0,45.406,45.562
20.115,train:DC3,97.2,422.05078125,38.5,2317.1328125,2386.0,0.0,4600.0,1198.0,1198.0,45.625,45.625
20.617,train:DC3,99.6,422.05078125,48.3,2332.34765625,2393.0,0.0,4712.0,1315.0,1196.0,45.718,45.718
21.118,train:DC3,99.6,401.7578125,41.6,2319.30078125,2464.0,70.0,5183.0,1592.0,1234.0,45.687,45.687
21.620,train:DC4,99.6,413.3046875,41.0,2327.6171875,2450.0,5.0,4944.0,1472.0,1194.0,45.593,45.562
22.122,train:DC4,99.6,388.703125,24.3,2304.234375,2470.0,29.0,4864.0,1435.0,1196.0,45.593,45.593
22.625,train:DC4,101.5,361.00390625,26.3,2280.609375,2467.0,0.0,4672.0,1236.0,1198.0,45.687,45.687
23.127,train:DC4,99.6,422.06640625,21.1,2335.48828125,2451.0,0.0,4560.0,1158.0,1198.0,45.531,45.656
23.629,train:DC4,99.7,422.08203125,24.2,2337.10546875,2429.0,29.0,4400.0,1080.0,1160.0,45.5,45.718
24.130,train:DC4,99.7,422.08203125,27.5,2334.890625,2415.0,5.0,4480.0,1118.0,1160.0,45.562,45.625
24.632,train:DC4,97.7,408.83203125,29.3,2328.265625,2466.0,4.0,4632.0,1236.0,1198.0,45.5,45.687
25.134,train:DC4,101.6,387.58203125,25.4,2312.515625,2475.0,0.0,4592.0,1158.0,1198.0,45.718,45.718
25.636,train:DC4,99.6,355.625,20.3,2290.8828125,2475.0,24.0,4520.0,1118.0,1158.0,45.5,45.718
26.138,train:DC5,99.6,363.01953125,36.2,2299.34765625,2461.0,4.0,4520.0,1118.0,1158.0,45.656,45.656
26.640,train:DC5,99.6,422.08203125,36.9,2350.5546875,2473.0,20.0,4824.0,1355.0,1196.0,45.906,45.906
27.142,train:DC5,99.6,422.08203125,29.5,2359.08984375,2466.0,2.0,4824.0,1355.0,1196.0,45.625,45.812
27.644,train:DC5,99.7,422.08203125,25.8,2358.84375,2442.0,0.0,4592.0,1198.0,1198.0,45.468,45.718
28.145,train:DC5,101.6,408.83203125,35.0,2345.14453125,2475.0,5.0,4712.0,1236.0,1198.0,45.781,45.781
28.647,train:DC5,97.6,384.36328125,26.8,2321.0078125,2492.0,0.0,4600.0,1198.0,1198.0,45.625,45.625
29.149,train:DC5,99.6,354.95703125,28.6,2299.3203125,2491.0,5.0,4592.0,1198.0,1198.0,45.562,45.562
29.652,train:DC5,99.4,422.08203125,23.0,2356.79296875,2480.0,0.0,4600.0,1198.0,1198.0,45.625,45.625
30.154,train:DC5,101.6,422.08203125,18.0,2356.546875,2464.0,0.0,4400.0,1080.0,1160.0,45.625,45.781
30.656,train:DC5,99.7,403.6171875,19.1,2336.4375,2436.0,0.0,4286.0,1001.0,1161.0,45.562,45.781
31.158,train:DC6,99.6,422.08203125,23.5,2353.0078125,2445.0,0.0,4407.0,1080.0,1160.0,45.468,45.593
31.660,train:DC6,99.6,413.33203125,22.6,2334.328125,2418.0,3.0,4366.0,1040.0,1161.0,45.468,45.625
32.163,train:DC6,99.5,392.39453125,32.3,2315.6484375,2473.0,22.0,4407.0,1040.0,1160.0,45.625,45.718
32.665,train:DC6,99.6,363.01953125,35.9,2289.83203125,2467.0,4.0,4712.0,1315.0,1196.0,45.812,45.812
33.166,train:DC6,99.6,422.08203125,29.9,2344.3671875,2475.0,0.0,4784.0,1355.0,1196.0,45.718,45.718
33.668,train:DC6,99.6,422.08203125,25.1,2334.2890625,2457.0,0.0,4560.0,1158.0,1198.0,45.562,45.718
34.171,train:DC6,99.6,422.09765625,27.3,2332.7734375,2428.0,0.0,4592.0,1198.0,1198.0,45.718,45.718
34.673,train:DC6,99.6,408.84765625,42.3,2333.0390625,2422.0,0.0,4752.0,1275.0,1196.0,45.875,45.875
35.174,train:DC6,99.6,374.8828125,60.3,2285.0,2475.0,9.0,5294.0,1552.0,1234.0,46.031,46.031
35.677,train:DC1,99.6,377.73046875,35.5,2295.33203125,2446.0,21.0,5023.0,1433.0,1194.0,45.937,45.937
36.179,train:DC1,99.6,346.94140625,25.3,2273.97265625,2466.0,0.0,4632.0,1238.0,1198.0,45.75,45.75
36.681,train:DC1,99.6,422.09765625,19.7,2334.05078125,2465.0,0.0,4520.0,1118.0,1160.0,45.75,45.75
37.183,train:DC1,99.6,422.09765625,37.5,2332.5859375,2447.0,23.0,4632.0,1238.0,1198.0,45.812,45.843
37.685,train:DC1,99.6,418.9765625,35.8,2331.296875,2423.0,5.0,4784.0,1355.0,1196.0,45.718,45.75
38.187,train:DC1,99.6,400.34765625,20.9,2313.0234375,2421.0,0.0,4560.0,1198.0,1158.0,45.562,45.781
38.688,train:DC1,101.6,375.22265625,19.0,2288.5703125,2467.0,0.0,4407.0,1040.0,1160.0,45.593,45.656
39.190,train:DC1,99.6,341.06640625,21.8,2274.046875,2467.0,0.0,4440.0,1080.0,1160.0,45.781,45.781
39.692,train:DC1,97.7,422.09765625,29.1,2332.7578125,2464.0,0.0,4520.0,1158.0,1198.0,45.906,45.906
40.194,train:DC1,101.6,403.6328125,31.0,2315.91015625,2448.0,0.0,4520.0,1118.0,1198.0,45.75,45.843
40.696,train:DC2,99.6,422.09765625,19.4,2330.33203125,2454.0,7.0,4520.0,1118.0,1198.0,45.562,45.781
41.198,train:DC2,99.6,419.0390625,25.5,2329.94921875,2437.0,0.0,4407.0,1040.0,1160.0,45.625,45.718
41.700,train:DC2,99.6,398.23828125,43.8,2303.12890625,2407.0,14.0,4952.0,1475.0,1196.0,45.781,45.781
42.203,train:DC2,99.3,366.4765625,46.9,2279.4375,2450.0,27.0,5103.0,1592.0,1194.0,45.75,45.75
42.706,train:DC2,99.6,422.09765625,40.6,2321.38671875,2452.0,0.0,5103.0,1552.0,1194.0,45.937,45.781
43.207,train:DC2,99.6,422.09765625,39.2,2321.9921875,2452.0,4.0,4984.0,1552.0,1194.0,45.968,45.968
43.709,train:DC2,101.6,422.09765625,40.5,2320.54296875,2444.0,4.0,5023.0,1512.0,1194.0,45.812,45.843
44.211,train:DC2,97.7,408.84765625,39.9,2312.28515625,2416.0,13.0,5055.0,1592.0,1194.0,45.906,45.906
44.713,train:DC2,99.7,378.2734375,38.9,2280.6875,2411.0,13.0,5063.0,1592.0,1194.0,45.75,45.781
45.215,train:DC3,99.6,383.34765625,35.7,2284.34765625,2408.0,4.0,4944.0,1552.0,1194.0,45.718,45.781
45.717,train:DC3,99.6,354.97265625,37.1,2278.41015625,2446.0,4.0,4984.0,1512.0,1194.0,45.906,45.906
46.219,train:DC3,99.6,422.09765625,35.7,2317.51953125,2449.0,4.0,4944.0,1512.0,1194.0,45.906,45.906
46.721,train:DC3,99.6,422.09765625,42.2,2315.11328125,2446.0,21.0,4984.0,1512.0,1194.0,46.0,46.0
47.223,train:DC3,99.6,419.84765625,36.6,2321.79296875,2437.0,20.0,4864.0,1393.0,1194.0,46.093,46.093
47.725,train:DC3,99.6,400.3671875,38.3,2292.76953125,2404.0,4.0,4904.0,1472.0,1194.0,45.968,45.968
48.227,train:DC3,101.6,372.2578125,38.0,2278.28125,2409.0,4.0,4904.0,1512.0,1194.0,45.937,46.0
48.735,train:DC3,100.3,341.06640625,37.0,2263.4140625,2448.0,4.0,4944.0,1512.0,1194.0,45.781,45.843
49.237,train:DC3,97.7,422.09765625,36.0,2316.51171875,2448.0,4.0,4904.0,1512.0,1194.0,45.875,45.968
49.739,train:DC3,99.6,403.6328125,42.7,2302.90625,2434.0,4.0,5023.0,1552.0,1194.0,45.812,45.812
50.241,train:DC4,97.6,422.09765625,35.4,2318.36328125,2450.0,4.0,4944.0,1512.0,1194.0,46.0,46.0
50.742,train:DC4,101.6,413.52734375,37.1,2307.859375,2439.0,3.0,4944.0,1512.0,1194.0,46.062,46.062
51.244,train:DC4,99.7,393.84765625,34.3,2294.72265625,2410.0,4.0,4904.0,1472.0,1194.0,45.906,45.937
51.746,train:DC4,99.6,367.3203125,17.7,2276.71484375,2408.0,0.0,4440.0,1120.0,1160.0,45.906,45.906
52.248,train:DC4,99.6,422.09765625,18.7,2319.4453125,2451.0,32.0,4366.0,1040.0,1160.0,45.781,45.968
52.750,train:DC4,99.6,422.09765625,25.9,2320.82421875,2452.0,0.0,4440.0,1080.0,1160.0,45.781,45.843
53.252,train:DC4,99.6,422.09765625,17.0,2318.47265625,2450.0,0.0,4286.0,1001.0,1161.0,45.656,45.875
53.753,train:DC4,101.6,413.34765625,23.1,2316.9140625,2440.0,27.0,4407.0,1040.0,1160.0,45.812,45.937
54.255,train:DC4,97.6,391.2421875,17.5,2292.90625,2424.0,0.0,4286.0,961.0,1161.0,46.031,46.031
54.757,train:DC5,99.7,395.3828125,21.1,2301.546875,2433.0,0.0,4366.0,1040.0,1160.0,46.218,46.218
55.259,train:DC5,101.6,369.09765625,17.0,2273.86328125,2405.0,0.0,4286.0,961.0,1161.0,45.75,45.875
55.770,train:DC5,99.7,341.06640625,23.7,2270.18359375,2453.0,0.0,4440.0,1080.0,1160.0,45.843,45.906
56.275,train:DC5,97.1,422.09765625,18.4,2346.6171875,2478.0,0.0,4440.0,1040.0,1160.0,45.625,45.906
56.776,train:DC5,101.7,422.09765625,22.3,2351.7265625,2483.0,0.0,4440.0,1080.0,1160.0,45.75,45.843
57.278,train:DC5,99.7,414.5859375,20.9,2336.52734375,2483.0,0.0,4440.0,1080.0,1160.0,45.75,45.843
57.779,train:DC5,99.6,398.4765625,24.4,2325.23046875,2468.0,0.0,4366.0,1040.0,1160.0,45.593,45.812
58.281,train:DC5,101.6,369.09765625,35.5,2311.86328125,2456.0,0.0,4366.0,1040.0,1160.0,45.812,45.843
58.783,train:DC5,97.6,422.09765625,41.5,2359.2734375,2443.0,4.0,4712.0,1355.0,1156.0,46.093,46.093
59.290,train:DC5,100.6,341.06640625,24.3,2306.8828125,2429.0,9.0,4984.0,1552.0,1194.0,46.0,46.062
59.794,train:DC6,97.2,422.09765625,17.1,2364.859375,2441.0,0.0,4520.0,1198.0,1160.0,45.781,45.937
60.296,train:DC6,99.6,422.09765625,39.1,2345.4765625,2496.0,3.0,4366.0,1040.0,1161.0,46.062,46.062
60.798,train:DC6,99.6,413.3984375,36.1,2345.07421875,2477.0,4.0,4752.0,1275.0,1196.0,45.937,45.937
61.300,train:DC6,101.6,393.84765625,22.7,2329.4140625,2484.0,4.0,4864.0,1433.0,1196.0,45.968,46.0
61.802,train:DC6,97.7,368.94921875,19.4,2298.78125,2468.0,0.0,4520.0,1158.0,1158.0,45.75,45.906
62.303,train:DC6,101.6,422.09765625,24.0,2343.046875,2431.0,0.0,4440.0,1080.0,1160.0,46.062,46.062
62.806,train:DC6,97.6,422.09765625,35.4,2353.6796875,2426.0,11.0,4480.0,1118.0,1160.0,45.968,45.968
63.308,train:DC6,99.6,422.09765625,36.9,2349.3359375,2485.0,19.0,4792.0,1355.0,1196.0,46.0,46.0
63.809,train:DC6,99.7,401.8046875,19.5,2332.19921875,2480.0,4.0,4904.0,1472.0,1196.0,46.062,46.093
64.311,train:DC1,99.7,413.34765625,20.1,2341.12109375,2463.0,0.0,4480.0,1158.0,1160.0,45.781,45.875
64.813,train:DC1,101.6,393.84765625,23.5,2325.51953125,2480.0,0.0,4407.0,1080.0,1160.0,45.656,45.937
65.315,train:DC1,97.6,362.74609375,43.0,2291.2109375,2464.0,35.0,4480.0,1120.0,1160.0,45.968,45.968
65.817,train:DC1,99.6,422.09765625,35.4,2345.80859375,2437.0,4.0,4864.0,1395.0,1196.0,46.031,46.031
66.319,train:DC1,101.6,422.09765625,20.3,2343.28125,2425.0,0.0,4824.0,1435.0,1196.0,46.187,46.187
66.820,train:DC1,99.6,422.09765625,18.3,2341.58984375,2474.0,0.0,4480.0,1120.0,1160.0,45.937,46.093
67.322,train:DC1,99.6,408.84765625,17.6,2323.44140625,2473.0,0.0,4326.0,1001.0,1161.0,45.812,45.968
67.826,train:DC1,101.4,386.8515625,36.8,2305.921875,2470.0,24.0,4407.0,1040.0,1160.0,45.843,46.0
68.328,train:DC1,97.6,349.08984375,41.2,2282.42578125,2453.0,23.0,4672.0,1236.0,1196.0,46.0,46.0
68.829,train:DC2,99.6,354.97265625,36.3,2290.01953125,2429.0,22.0,4864.0,1393.0,1196.0,45.906,46.0
69.331,train:DC2,99.7,422.09765625,35.9,2330.35546875,2429.0,21.0,4824.0,1393.0,1196.0,45.812,45.843
69.833,train:DC2,99.6,422.09765625,16.8,2332.80859375,2413.0,0.0,4632.0,1275.0,1198.0,46.062,46.062
70.335,train:DC2,99.6,422.09765625,18.5,2329.81640625,2464.0,0.0,4366.0,1040.0,1160.0,46.218,46.218
70.837,train:DC2,99.6,408.84765625,36.4,2307.0703125,2460.0,27.0,4480.0,1120.0,1160.0,46.093,46.093
71.339,train:DC2,99.6,377.22265625,42.1,2286.0,2458.0,26.0,4824.0,1355.0,1196.0,46.125,46.125
71.841,train:DC2,99.6,346.94140625,25.9,2285.859375,2456.0,4.0,4944.0,1472.0,1194.0,46.093,46.281
72.343,train:DC2,101.6,422.09765625,18.5,2335.9140625,2445.0,0.0,4560.0,1198.0,1158.0,46.031,46.031
72.844,train:DC2,97.6,422.09765625,20.3,2331.42578125,2419.0,0.0,4407.0,1080.0,1160.0,45.906,45.968
73.346,train:DC2,99.7,403.6328125,36.3,2314.36328125,2462.0,4.0,4560.0,1198.0,1158.0,46.062,46.062
73.848,train:DC3,99.7,419.84765625,34.3,2333.25390625,2409.0,4.0,4824.0,1435.0,1196.0,46.062,46.062
74.350,train:DC3,101.6,406.84765625,22.9,2313.80078125,2464.0,0.0,4672.0,1315.0,1158.0,46.0,46.062
74.851,train:DC3,99.7,381.34765625,17.3,2297.359375,2461.0,0.0,4480.0,1120.0,1160.0,46.093,46.093
75.353,train:DC3,99.6,346.94140625,22.9,2277.296875,2460.0,0.0,4366.0,1040.0,1161.0,46.218,46.218
75.855,train:DC3,99.6,422.09765625,36.7,2325.08203125,2448.0,4.0,4592.0,1238.0,1198.0,46.093,46.218
76.357,train:DC3,99.6,422.09765625,35.9,2329.1875,2426.0,5.0,4864.0,1433.0,1196.0,46.218,46.218
76.859,train:DC3,101.6,419.84765625,17.6,2337.71875,2409.0,0.0,4784.0,1315.0,1196.0,45.968,45.968
77.361,train:DC3,97.7,406.14453125,21.0,2312.86328125,2469.0,0.0,4480.0,1118.0,1158.0,46.343,46.0
77.864,train:DC3,99.3,372.14453125,23.7,2294.21484375,2459.0,0.0,4520.0,1118.0,1160.0,46.0,46.0
78.366,train:DC4,101.5,379.34765625,36.5,2289.33984375,2449.0,4.0,4632.0,1238.0,1198.0,46.093,46.093
78.869,train:DC4,99.6,346.94140625,36.1,2277.453125,2460.0,4.0,4864.0,1433.0,1196.0,46.031,46.218
79.371,train:DC4,101.6,422.09765625,17.6,2325.1484375,2449.0,0.0,4632.0,1238.0,1198.0,46.031,46.062
79.873,train:DC4,99.6,422.11328125,17.7,2332.41015625,2432.0,0.0,4366.0,1040.0,1160.0,45.937,46.062
80.374,train:DC4,99.6,419.86328125,19.3,2329.49609375,2424.0,0.0,4286.0,1001.0,1161.0,46.031,46.031
80.876,train:DC4,97.6,402.36328125,41.5,2310.359375,2459.0,13.0,4672.0,1238.0,1198.0,46.25,46.25
81.379,train:DC4,101.5,373.2421875,36.1,2283.6875,2465.0,21.0,4824.0,1355.0,1196.0,46.187,46.187
81.886,train:DC4,100.5,341.08203125,36.8,2270.5078125,2462.0,26.0,4864.0,1393.0,1194.0,46.156,46.156
82.391,train:DC4,99.0,422.11328125,38.2,2327.4453125,2445.0,15.0,4864.0,1353.0,1194.0,46.125,46.125
82.893,train:DC4,99.6,403.6484375,18.1,2296.9921875,2413.0,0.0,4560.0,1198.0,1198.0,46.0,46.125
83.395,train:DC5,99.7,422.11328125,22.7,2313.55859375,2420.0,0.0,4407.0,1080.0,1160.0,46.312,46.312
83.897,train:DC5,99.6,417.4375,43.0,2315.0625,2415.0,3.0,4752.0,1315.0,1198.0,46.156,46.156
84.399,train:DC5,101.6,399.5234375,34.4,2296.1015625,2450.0,4.0,4864.0,1433.0,1196.0,46.125,46.125
84.901,train:DC5,99.6,369.11328125,17.7,2281.73828125,2451.0,0.0,4592.0,1238.0,1158.0,46.218,46.218
85.405,train:DC5,101.3,341.08203125,17.2,2262.4375,2448.0,0.0,4366.0,1040.0,1161.0,45.906,46.0
85.907,train:DC5,97.6,422.11328125,18.6,2323.109375,2446.0,0.0,4326.0,1000.0,1161.0,46.031,46.093
86.409,train:DC5,101.5,422.11328125,18.8,2322.40625,2431.0,0.0,4400.0,1000.0,1160.0,46.093,46.187
86.911,train:DC5,99.6,415.3046875,24.3,2313.28515625,2409.0,0.0,4480.0,1118.0,1158.0,46.312,46.156
87.414,train:DC5,99.5,392.8828125,18.1,2289.84765625,2442.0,0.0,4400.0,1040.0,1160.0,45.906,46.156
87.916,train:DC6,99.6,405.8046875,20.8,2305.40625,2391.0,0.0,4366.0,1040.0,1160.0,46.031,46.031
88.417,train:DC6,99.6,375.23828125,37.0,2272.96484375,2444.0,4.0,4712.0,1315.0,1198.0,46.343,46.343
88.919,train:DC6,101.6,341.08203125,36.5,2260.43359375,2443.0,4.0,4904.0,1472.0,1196.0,46.125,46.437
89.421,train:DC6,99.6,422.11328125,22.9,2314.90234375,2438.0,0.0,4632.0,1238.0,1198.0,46.187,46.187
89.923,train:DC6,99.6,422.11328125,29.4,2323.53125,2438.0,0.0,4480.0,1118.0,1160.0,46.093,46.156
90.426,train:DC6,99.6,415.10546875,26.0,2313.98828125,2414.0,0.0,4440.0,1080.0,1160.0,45.937,46.0
90.928,train:DC6,99.6,393.86328125,40.0,2294.81640625,2373.0,4.0,4712.0,1315.0,1196.0,46.156,46.156
91.430,train:DC6,99.6,367.35546875,35.8,2290.24609375,2453.0,4.0,4904.0,1472.0,1196.0,45.937,46.031
91.932,train:DC6,99.5,422.11328125,19.0,2332.03515625,2463.0,0.0,4560.0,1158.0,1158.0,45.906,45.968
92.434,train:DC6,99.5,403.6484375,21.9,2335.8984375,2467.0,0.0,4407.0,1080.0,1160.0,46.093,46.093
92.937,train:DC1,99.6,422.11328125,26.0,2357.203125,2484.0,0.0,4366.0,1040.0,1160.0,45.937,46.0
93.439,train:DC1,101.5,422.11328125,22.3,2348.9609375,2472.0,13.0,4480.0,1118.0,1160.0,46.156,46.156
93.942,train:DC1,99.6,413.36328125,18.9,2338.625,2435.0,0.0,4326.0,1000.0,1161.0,45.968,46.062
94.444,train:DC1,97.6,393.86328125,17.4,2329.95703125,2438.0,0.0,4286.0,1001.0,1161.0,46.093,46.093
94.945,train:DC1,101.6,363.44921875,24.3,2306.109375,2485.0,0.0,4407.0,1040.0,1160.0,45.937,46.093
95.447,train:DC1,99.6,422.11328125,20.1,2353.08203125,2484.0,0.0,4366.0,1040.0,1161.0,46.093,46.093
95.949,train:DC1,101.6,422.11328125,19.9,2354.3125,2484.0,0.0,4286.0,1001.0,1161.0,46.093,46.093
96.451,train:DC1,97.7,422.11328125,20.0,2351.69140625,2475.0,0.0,4326.0,1040.0,1161.0,46.062,46.156
96.953,train:DC1,101.6,403.6484375,20.5,2341.19140625,2456.0,4.0,4400.0,1040.0,1160.0,46.093,46.187
97.455,train:DC2,99.6,419.4296875,23.1,2347.875,2455.0,0.0,4366.0,1040.0,1160.0,45.75,46.062
97.957,train:DC2,99.6,398.6484375,20.4,2314.52734375,2414.0,0.0,4326.0,1000.0,1161.0,46.0,46.0
98.459,train:DC2,99.5,369.11328125,20.3,2284.47265625,2469.0,27.0,4366.0,1040.0,1160.0,46.031,46.031
98.962,train:DC2,99.5,422.11328125,21.2,2285.39453125,2475.0,0.0,4360.0,1000.0,1160.0,45.812,46.093
99.479,train:DC2,98.7,422.11328125,23.9,2366.0703125,2497.0,0.0,4366.0,1040.0,1160.0,46.0,46.187
99.980,train:DC2,99.7,422.11328125,18.7,2363.25,2494.0,32.0,4326.0,1001.0,1161.0,45.937,45.968
100.482,train:DC2,99.6,415.05859375,17.7,2356.3125,2472.0,0.0,4286.0,961.0,1161.0,45.843,46.156
100.983,train:DC2,101.7,398.60546875,21.6,2315.703125,2423.0,14.0,4366.0,1000.0,1160.0,45.687,46.093
101.486,train:DC2,97.5,365.55859375,19.3,2292.578125,2409.0,0.0,4326.0,1000.0,1160.0,45.875,46.093
101.988,train:DC3,101.5,375.23828125,18.6,2299.9453125,2424.0,0.0,4366.0,1040.0,1160.0,46.0,46.031
102.490,train:DC3,97.5,341.08203125,25.8,2287.421875,2470.0,0.0,4440.0,1080.0,1160.0,46.0,46.0
102.992,train:DC3,101.6,422.11328125,18.5,2336.71484375,2468.0,0.0,4400.0,1040.0,1160.0,45.937,46.156
103.495,train:DC3,99.6,422.11328125,17.7,2345.66015625,2477.0,0.0,4366.0,1040.0,1160.0,45.781,46.062
103.997,train:DC3,99.5,419.86328125,22.9,2343.296875,2459.0,23.0,4366.0,1040.0,1160.0,45.812,45.968
104.500,train:DC3,99.5,400.36328125,37.5,2326.3203125,2442.0,29.0,4712.0,1275.0,1196.0,46.062,46.25
105.002,train:DC3,101.6,369.11328125,36.2,2302.57421875,2434.0,4.0,4864.0,1433.0,1196.0,46.031,46.093
105.510,train:DC3,100.3,341.08203125,27.0,2283.6171875,2480.0,0.0,4592.0,1238.0,1198.0,46.0,46.125
106.015,train:DC3,99.0,422.11328125,21.5,2340.83984375,2472.0,0.0,4440.0,1080.0,1160.0,46.125,46.125
106.517,train:DC3,101.6,403.6484375,24.4,2324.2109375,2455.0,0.0,4407.0,1080.0,1160.0,46.0,46.187
107.019,train:DC4,99.6,422.11328125,19.8,2340.26953125,2471.0,0.0,4366.0,1040.0,1160.0,45.75,46.125
107.521,train:DC4,99.6,419.86328125,19.6,2337.76171875,2461.0,0.0,4366.0,1000.0,1160.0,45.812,46.031
108.023,train:DC4,99.6,406.86328125,24.6,2329.25390625,2445.0,4.0,4440.0,1120.0,1160.0,45.875,46.093
108.526,train:DC4,101.6,375.23828125,39.1,2288.65625,2420.0,4.0,4864.0,1435.0,1196.0,46.218,46.218
109.028,train:DC4,97.6,345.1484375,30.3,2283.9921875,2415.0,0.0,4752.0,1355.0,1156.0,46.031,46.062
109.530,train:DC4,99.6,422.11328125,19.1,2336.8203125,2468.0,0.0,4440.0,1120.0,1160.0,46.062,46.156
110.032,train:DC4,97.6,422.11328125,19.9,2322.3125,2453.0,0.0,4400.0,1040.0,1160.0,46.0,46.125
110.534,train:DC4,101.6,413.57421875,25.0,2315.0,2453.0,0.0,4400.0,1040.0,1160.0,46.0,46.125
111.035,train:DC4,99.7,391.2578125,36.5,2304.515625,2446.0,25.0,4480.0,1118.0,1198.0,45.843,46.093
111.537,train:DC5,97.6,393.86328125,42.9,2302.43359375,2436.0,27.0,4672.0,1275.0,1196.0,45.968,46.156
112.039,train:DC5,99.6,366.1796875,29.8,2278.44140625,2441.0,22.0,4984.0,1472.0,1194.0,46.218,46.218
112.541,train:DC5,97.6,422.11328125,22.3,2325.0234375,2409.0,0.0,4712.0,1315.0,1196.0,46.062,46.187
113.043,train:DC5,99.7,422.11328125,27.8,2346.2890625,2456.0,0.0,4512.0,1118.0,1158.0,46.062,46.062
113.545,train:DC5,101.6,422.11328125,36.5,2352.13671875,2477.0,4.0,4632.0,1238.0,1198.0,46.25,46.25
114.047,train:DC5,97.6,408.86328125,36.1,2343.89453125,2483.0,4.0,4824.0,1435.0,1196.0,46.218,46.343
114.549,train:DC5,103.5,381.36328125,26.0,2303.34765625,2483.0,0.0,4712.0,1355.0,1196.0,46.218,46.25
115.051,train:DC5,97.6,346.95703125,27.8,2294.8359375,2441.0,0.0,4560.0,1198.0,1198.0,46.25,46.25
115.553,train:DC5,101.5,422.11328125,30.1,2338.83203125,2438.0,0.0,4440.0,1080.0,1160.0,46.406,46.187
116.055,train:DC5,97.7,403.6484375,38.6,2331.953125,2470.0,8.0,4632.0,1236.0,1198.0,46.25,46.25
116.557,train:DC6,101.6,422.11328125,33.9,2344.51953125,2463.0,4.0,4864.0,1433.0,1196.0,46.312,46.312
117.059,train:DC6,99.6,419.86328125,21.9,2334.46875,2476.0,0.0,4752.0,1315.0,1196.0,46.125,46.375
117.561,train:DC6,97.7,400.36328125,19.4,2317.73046875,2470.0,0.0,4480.0,1118.0,1158.0,46.25,46.25
118.063,train:DC6,99.6,369.11328125,32.4,2287.22265625,2465.0,0.0,4480.0,1078.0,1160.0,46.093,46.312
118.565,train:DC6,97.6,422.11328125,36.8,2346.33984375,2442.0,4.0,4752.0,1315.0,1196.0,46.218,46.218
119.066,train:DC6,103.6,422.11328125,30.2,2341.85546875,2438.0,4.0,4904.0,1472.0,1196.0,46.343,46.343
119.569,train:DC6,97.6,422.11328125,20.0,2342.1015625,2473.0,0.0,4632.0,1277.0,1158.0,46.031,46.187
120.071,train:DC6,99.6,413.36328125,21.5,2334.85546875,2473.0,0.0,4480.0,1118.0,1160.0,46.031,46.187
120.573,train:DC6,99.6,388.765625,26.2,2318.72265625,2474.0,0.0,4440.0,1080.0,1160.0,46.031,46.187
121.075,train:DC1,99.6,391.6796875,40.9,2322.60546875,2458.0,4.0,4632.0,1236.0,1198.0,46.312,46.312
121.577,train:DC1,99.5,363.05078125,29.2,2299.3203125,2469.0,4.0,4904.0,1433.0,1196.0,46.468,46.468
122.079,train:DC1,99.5,422.11328125,20.6,2342.41796875,2446.0,0.0,4632.0,1238.0,1198.0,46.093,46.25
122.582,train:DC1,101.6,422.11328125,19.7,2339.2734375,2436.0,0.0,4440.0,1080.0,1160.0,46.062,46.187
123.084,train:DC1,99.6,422.11328125,18.3,2339.51953125,2470.0,0.0,4400.0,1080.0,1160.0,46.0,46.187
123.586,train:DC1,101.6,408.86328125,19.0,2330.57421875,2471.0,0.0,4440.0,1038.0,1158.0,46.0,46.187
124.088,train:DC1,97.6,383.91015625,31.4,2307.82421875,2477.0,0.0,4360.0,1040.0,1160.0,45.937,46.125
124.591,train:DC1,99.5,348.95703125,35.9,2291.50390625,2470.0,21.0,4672.0,1236.0,1196.0,46.093,46.375
125.093,train:DC1,101.5,422.11328125,35.5,2345.03125,2445.0,6.0,4744.0,1315.0,1196.0,46.375,46.187
125.595,train:DC1,97.6,403.6484375,18.2,2327.640625,2430.0,0.0,4672.0,1275.0,1198.0,46.156,46.375
126.097,train:DC2,101.6,422.11328125,18.2,2335.1328125,2427.0,0.0,4440.0,1080.0,1160.0,46.187,46.187
126.599,train:DC2,99.6,419.86328125,19.0,2340.25390625,2466.0,0.0,4400.0,1080.0,1160.0,46.156,46.218
127.101,train:DC2,99.6,407.2734375,24.7,2325.25,2471.0,0.0,4366.0,1040.0,1160.0,46.031,46.343
127.604,train:DC2,97.6,380.3671875,26.4,2293.734375,2463.0,0.0,4366.0,1040.0,1160.0,46.062,46.187
128.106,train:DC2,101.5,345.7109375,37.2,2283.0859375,2462.0,22.0,4632.0,1196.0,1198.0,46.093,46.125
128.608,train:DC2,99.6,422.11328125,30.7,2333.92578125,2438.0,4.0,4784.0,1355.0,1196.0,46.218,46.218
129.111,train:DC2,99.5,422.11328125,21.3,2341.41796875,2425.0,0.0,4560.0,1158.0,1158.0,46.5,46.5
129.613,train:DC2,99.6,419.4921875,19.0,2338.98828125,2471.0,0.0,4480.0,1078.0,1160.0,46.218,46.281
130.115,train:DC2,101.6,392.8828125,25.5,2315.2265625,2470.0,0.0,4400.0,1040.0,1160.0,46.25,46.25
130.617,train:DC3,97.6,400.36328125,26.7,2312.671875,2452.0,0.0,4440.0,1080.0,1160.0,46.0,46.281
131.119,train:DC3,101.6,369.11328125,36.4,2288.93359375,2467.0,18.0,4712.0,1275.0,1196.0,46.156,46.187
131.621,train:DC3,99.6,341.08203125,31.1,2272.390625,2457.0,4.0,4824.0,1393.0,1196.0,46.125,46.218
132.138,train:DC3,98.6,422.11328125,19.6,2333.265625,2441.0,0.0,4592.0,1198.0,1198.0,46.125,46.218
132.640,train:DC3,99.6,422.11328125,18.6,2321.5703125,2409.0,0.0,4440.0,1078.0,1160.0,46.093,46.218
133.142,train:DC3,99.7,413.9375,30.4,2313.30078125,2452.0,0.0,4366.0,1040.0,1160.0,46.125,46.375
133.644,train:DC3,99.6,393.86328125,38.9,2298.55859375,2455.0,4.0,4792.0,1395.0,1196.0,46.218,46.156
134.146,train:DC3,101.6,363.05078125,29.9,2281.8828125,2453.0,4.0,4944.0,1472.0,1196.0,46.437,46.437
134.647,train:DC3,97.7,422.11328125,25.9,2318.06640625,2451.0,0.0,4592.0,1198.0,1198.0,46.406,46.406
135.149,train:DC3,99.6,403.6484375,23.1,2307.67578125,2431.0,0.0,4440.0,1080.0,1160.0,46.25,46.343
135.651,train:DC4,99.7,422.11328125,29.3,2323.09375,2431.0,0.0,4366.0,1040.0,1160.0,46.0,46.375
136.153,train:DC4,101.6,422.11328125,38.6,2321.78515625,2414.0,4.0,4752.0,1355.0,1196.0,46.218,46.312
136.655,train:DC4,99.6,408.86328125,35.4,2313.66796875,2423.0,4.0,4984.0,1552.0,1194.0,46.25,46.343
137.156,train:DC4,99.6,387.61328125,20.5,2289.66015625,2453.0,0.0,4560.0,1198.0,1158.0,46.093,46.156
137.658,train:DC4,97.6,356.578125,21.8,2280.9375,2451.0,0.0,4440.0,1080.0,1160.0,46.343,46.343
138.160,train:DC4,99.6,422.11328125,26.8,2319.80078125,2451.0,0.0,4326.0,1000.0,1160.0,46.312,46.312
138.662,train:DC4,101.6,422.11328125,36.6,2323.26171875,2430.0,22.0,4672.0,1236.0,1196.0,46.25,46.281
139.164,train:DC4,99.6,419.86328125,35.5,2320.91015625,2409.0,22.0,4744.0,1275.0,1196.0,46.281,46.281
139.666,train:DC4,99.6,396.5390625,37.1,2303.44921875,2451.0,4.0,4944.0,1433.0,1194.0,46.375,46.375
140.168,train:DC5,99.6,407.0859375,17.9,2313.2734375,2391.0,0.0,4552.0,1198.0,1158.0,46.093,46.312
140.669,train:DC5,99.6,381.36328125,21.2,2288.87109375,2452.0,0.0,4407.0,1080.0,1160.0,46.187,46.281
141.171,train:DC5,99.6,346.95703125,18.3,2268.37890625,2451.0,0.0,4326.0,1001.0,1161.0,46.093,46.218
141.673,train:DC5,99.7,422.11328125,19.7,2317.68359375,2449.0,3.0,4326.0,1001.0,1161.0,46.312,46.312
142.175,train:DC5,99.7,422.11328125,18.9,2317.30078125,2433.0,0.0,4326.0,1000.0,1161.0,46.406,46.406
142.676,train:DC5,99.6,419.86328125,24.7,2316.03515625,2408.0,0.0,4447.0,1080.0,1160.0,46.312,46.312
143.178,train:DC5,99.6,401.984375,20.5,2299.90234375,2394.0,0.0,4400.0,1040.0,1160.0,46.031,46.343
143.681,train:DC5,99.6,375.23828125,17.7,2275.83203125,2454.0,0.0,4326.0,1000.0,1161.0,46.125,46.187
144.182,train:DC5,99.6,341.08203125,22.7,2261.0625,2454.0,0.0,4407.0,1040.0,1160.0,46.156,46.25
144.684,train:DC6,99.7,346.95703125,19.1,2268.5078125,2437.0,0.0,4326.0,1000.0,1161.0,46.125,46.125
145.186,train:DC6,99.6,422.11328125,17.7,2330.84765625,2462.0,0.0,4326.0,960.0,1161.0,46.187,46.25
145.688,train:DC6,101.6,422.11328125,25.0,2323.94921875,2435.0,0.0,4326.0,1001.0,1161.0,46.25,46.375
146.190,train:DC6,99.6,419.86328125,26.3,2321.59765625,2410.0,0.0,4407.0,1040.0,1160.0,46.125,46.218
146.692,train:DC6,99.6,400.36328125,38.3,2303.140625,2405.0,22.0,4752.0,1315.0,1196.0,46.343,46.343
147.194,train:DC6,97.6,367.3359375,41.7,2287.2734375,2458.0,22.0,4904.0,1433.0,1196.0,46.281,46.281
147.696,train:DC6,101.6,422.11328125,44.9,2325.99609375,2457.0,22.0,5063.0,1592.0,1194.0,46.562,46.562
148.199,train:DC6,97.5,422.11328125,43.0,2325.61328125,2457.0,22.0,5063.0,1552.0,1194.0,46.468,46.468
148.701,train:DC6,99.6,422.11328125,42.2,2316.9453125,2431.0,8.0,5023.0,1552.0,1194.0,46.406,46.406
149.203,train:DC6,101.6,400.1953125,32.7,2308.62890625,2416.0,4.0,4984.0,1552.0,1194.0,46.468,46.468
149.705,train:DC1,97.6,408.86328125,18.3,2315.6640625,2416.0,0.0,4520.0,1158.0,1160.0,46.25,46.312
150.207,train:DC1,101.6,383.33984375,33.7,2287.97265625,2405.0,22.0,4560.0,1198.0,1158.0,46.406,46.468
150.711,train:DC1,101.2,350.04296875,41.7,2274.6328125,2454.0,30.0,4944.0,1472.0,1196.0,46.343,46.406
151.213,train:DC1,97.6,422.11328125,42.6,2320.51953125,2451.0,22.0,5023.0,1552.0,1194.0,46.312,46.343
151.714,train:DC1,99.7,422.11328125,31.0,2327.609375,2452.0,0.0,4864.0,1433.0,1196.0,46.218,46.312
152.217,train:DC1,99.6,416.65234375,38.5,2317.73046875,2417.0,21.0,4904.0,1433.0,1196.0,46.343,46.343
152.718,train:DC1,99.6,395.86328125,38.9,2300.63671875,2416.0,4.0,4904.0,1472.0,1194.0,46.25,46.312
153.220,train:DC1,99.6,369.11328125,56.5,2294.08984375,2465.0,3.0,5612.0,1947.0,1273.0,46.781,46.781
153.722,train:DC1,99.7,422.11328125,55.8,2349.53515625,2480.0,13.0,5573.0,1907.0,1271.0,46.531,46.531
154.224,train:DC1,99.6,403.6484375,36.3,2340.05859375,2471.0,0.0,5223.0,1632.0,1234.0,46.468,46.531
154.726,train:DC2,99.7,422.11328125,42.0,2355.5546875,2487.0,25.0,5263.0,1552.0,1313.0,46.437,46.437
155.227,train:DC2,101.7,422.11328125,47.2,2349.03125,2487.0,22.0,5652.0,1708.0,1430.0,46.625,46.625
155.728,train:DC2,95.7,422.11328125,41.6,2350.80859375,2466.0,32.0,5413.0,1629.0,1353.0,46.281,46.343
156.230,train:DC2,101.6,408.86328125,30.7,2334.67578125,2446.0,0.0,4984.0,1472.0,1236.0,46.281,46.375
156.732,train:DC2,99.6,381.36328125,17.8,2314.83984375,2446.0,0.0,4480.0,1120.0,1200.0,46.562,46.562
157.234,train:DC2,101.6,354.98828125,17.6,2310.46875,2485.0,0.0,4400.0,1040.0,1160.0,46.531,46.531
157.736,train:DC2,99.6,422.11328125,17.8,2349.3515625,2480.0,0.0,4366.0,1000.0,1160.0,46.312,46.312
158.237,train:DC2,97.7,422.11328125,23.0,2348.96875,2480.0,0.0,4407.0,1040.0,1160.0,46.25,46.375
158.739,train:DC2,101.6,403.6484375,17.0,2341.80078125,2473.0,0.0,4326.0,1000.0,1160.0,46.125,46.375
159.241,train:DC3,99.6,422.11328125,18.6,2360.0390625,2492.0,0.0,4366.0,1000.0,1160.0,46.125,46.343
159.743,train:DC3,97.6,408.86328125,17.7,2341.58203125,2465.0,0.0,4366.0,1000.0,1160.0,46.187,46.437
160.245,train:DC3,99.7,387.61328125,30.0,2311.8515625,2443.0,0.0,4640.0,1158.0,1238.0,46.5,46.5
160.747,train:DC3,101.6,355.30078125,33.7,2313.90234375,2435.0,0.0,4832.0,1275.0,1275.0,46.343,46.625
161.249,train:DC3,99.6,422.11328125,27.2,2354.734375,2486.0,0.0,4672.0,1196.0,1198.0,46.281,46.468
161.751,train:DC3,99.6,422.11328125,20.1,2354.0390625,2485.0,0.0,4440.0,1040.0,1160.0,46.281,46.5
162.253,train:DC3,99.6,422.11328125,20.3,2352.8046875,2484.0,0.0,4366.0,1040.0,1160.0,46.312,46.375
162.755,train:DC3,99.6,408.86328125,21.0,2333.93359375,2465.0,0.0,4366.0,1000.0,1160.0,46.25,46.531
163.257,train:DC3,99.6,375.61328125,44.7,2309.42578125,2440.0,44.0,4864.0,1395.0,1196.0,46.375,46.375
163.759,train:DC4,99.6,380.8046875,38.1,2316.30859375,2440.0,3.0,4904.0,1433.0,1196.0,46.468,46.468
164.261,train:DC4,99.7,346.95703125,25.4,2291.3046875,2422.0,0.0,4640.0,1238.0,1198.0,46.468,46.468
164.763,train:DC4,99.7,422.11328125,18.9,2356.12890625,2422.0,0.0,4640.0,1238.0,1198.0,46.468,46.468
165.265,train:DC4,99.6,422.11328125,35.9,2354.95703125,2487.0,55.0,4480.0,1078.0,1160.0,46.312,46.312
165.767,train:DC4,99.6,417.86328125,34.7,2348.51171875,2486.0,22.0,4712.0,1236.0,1196.0,46.5,46.5
166.269,train:DC4,99.6,394.6796875,37.9,2355.72265625,2487.0,3.0,4784.0,1355.0,1196.0,46.281,46.375
166.771,train:DC4,99.6,368.26171875,34.0,2322.06640625,2487.0,16.0,4864.0,1395.0,1196.0,46.468,46.468
167.272,train:DC4,99.6,422.11328125,22.7,2370.3671875,2453.0,0.0,4744.0,1315.0,1196.0,46.343,46.343
167.774,train:DC4,99.7,422.11328125,19.2,2360.05078125,2434.0,0.0,4560.0,1158.0,1158.0,46.25,46.375
168.276,train:DC4,101.6,403.6484375,17.7,2345.23828125,2491.0,0.0,4407.0,1040.0,1160.0,46.468,46.468
168.778,train:DC5,99.6,422.11328125,17.3,2356.95703125,2476.0,0.0,4326.0,1001.0,1161.0,46.5,46.5
169.280,train:DC5,97.7,415.29296875,20.3,2365.3125,2488.0,0.0,4286.0,961.0,1161.0,46.281,46.5
169.782,train:DC5,101.6,400.36328125,17.1,2346.671875,2496.0,0.0,4366.0,1040.0,1160.0,46.281,46.406
170.283,train:DC5,99.7,372.546875,18.7,2322.44140625,2486.0,0.0,4286.0,961.0,1161.0,46.187,46.343
170.785,train:DC5,99.7,341.08203125,21.5,2307.390625,2469.0,0.0,4407.0,1040.0,1161.0,46.375,46.343
171.287,train:DC5,99.6,422.11328125,17.0,2360.6328125,2453.0,0.0,4286.0,1001.0,1161.0,46.125,46.343
171.788,train:DC5,99.7,422.11328125,17.7,2358.03515625,2492.0,0.0,4286.0,1001.0,1161.0,46.343,46.343
172.290,train:DC5,97.6,419.86328125,17.3,2355.6328125,2489.0,0.0,4286.0,961.0,1161.0,46.437,46.437
172.792,train:DC5,99.7,393.80078125,17.3,2340.66015625,2495.0,0.0,4326.0,960.0,1160.0,46.25,46.406
173.294,train:DC6,101.7,406.86328125,17.5,2355.9375,2488.0,0.0,4286.0,961.0,1161.0,46.187,46.468
173.795,train:DC6,99.7,379.36328125,22.1,2326.99609375,2496.0,0.0,4286.0,961.0,1161.0,46.281,46.406
174.297,train:DC6,99.6,346.95703125,17.1,2311.24609375,2482.0,0.0,4286.0,1001.0,1161.0,46.562,46.343
174.799,train:DC6,99.6,422.11328125,19.9,2364.26171875,2452.0,0.0,4286.0,961.0,1161.0,46.312,46.343
175.301,train:DC6,99.7,422.11328125,20.3,2361.7890625,2443.0,0.0,4286.0,961.0,1161.0,46.312,46.312
175.802,train:DC6,99.6,419.86328125,32.9,2347.0390625,2505.0,20.0,4480.0,1120.0,1160.0,46.656,46.656
176.304,train:DC6,99.6,406.86328125,20.4,2340.5703125,2480.0,12.0,4632.0,1198.0,1198.0,46.406,46.406
176.806,train:DC6,101.6,375.5859375,21.9,2318.6875,2480.0,0.0,4407.0,1040.0,1160.0,46.156,46.437
177.308,train:DC6,97.6,344.1796875,17.3,2295.58984375,2473.0,0.0,4366.0,1000.0,1161.0,46.156,46.25
177.810,train:DC1,101.6,354.2734375,17.9,2311.37890625,2445.0,0.0,4286.0,961.0,1161.0,46.468,46.468
178.312,train:DC1,99.7,422.11328125,17.3,2355.70703125,2453.0,0.0,4286.0,961.0,1161.0,46.343,46.375
178.814,train:DC1,97.6,422.11328125,17.1,2355.078125,2439.0,0.0,4246.0,961.0,1161.0,46.187,46.312
179.316,train:DC1,101.6,422.11328125,17.5,2353.328125,2486.0,0.0,4253.0,961.0,1161.0,46.093,46.562
179.817,train:DC1,99.7,408.86328125,22.1,2338.58984375,2484.0,0.0,4286.0,961.0,1161.0,46.187,46.375
180.319,train:DC1,99.7,383.36328125,17.0,2314.25,2485.0,0.0,4326.0,1000.0,1161.0,46.093,46.468
180.821,train:DC1,99.6,354.98828125,18.3,2313.88671875,2477.0,0.0,4286.0,961.0,1161.0,46.125,46.343
181.323,train:DC1,99.6,422.11328125,16.7,2352.04296875,2460.0,0.0,4286.0,961.0,1161.0,46.437,46.468
181.824,train:DC1,99.7,422.11328125,17.9,2349.19921875,2438.0,0.0,4253.0,961.0,1161.0,46.25,46.312
182.326,train:DC1,99.6,403.6484375,16.7,2340.32421875,2427.0,0.0,4253.0,961.0,1161.0,46.156,46.437
182.828,train:DC2,99.7,422.11328125,25.8,2355.25,2426.0,0.0,4253.0,961.0,1161.0,46.093,46.343
183.330,train:DC2,99.7,412.76953125,17.5,2337.0078125,2486.0,0.0,4400.0,1080.0,1160.0,46.156,46.312
183.831,train:DC2,101.7,389.61328125,17.7,2322.23828125,2476.0,0.0,4286.0,1001.0,1161.0,46.25,46.312
184.333,train:DC2,97.6,363.05078125,17.0,2306.109375,2485.0,0.0,4286.0,961.0,1161.0,46.312,46.312
184.835,train:DC2,99.6,422.11328125,17.1,2352.84375,2468.0,0.0,4286.0,961.0,1161.0,46.375,46.375
185.337,train:DC2,101.6,422.11328125,17.8,2342.40234375,2439.0,0.0,4326.0,960.0,1160.0,46.187,46.406
185.839,train:DC2,99.6,422.11328125,24.0,2342.07421875,2435.0,0.0,4326.0,1000.0,1161.0,46.125,46.375
186.341,train:DC2,99.6,413.36328125,17.1,2334.4453125,2473.0,0.0,4366.0,1040.0,1160.0,46.093,46.281
186.843,train:DC2,99.6,391.2578125,17.4,2312.30859375,2473.0,0.0,4326.0,1000.0,1160.0,46.468,46.468
187.345,train:DC3,99.6,399.140625,17.3,2319.296875,2459.0,0.0,4286.0,961.0,1161.0,46.187,46.312
187.847,train:DC3,99.6,369.11328125,17.6,2305.65625,2474.0,0.0,4246.0,961.0,1161.0,46.281,46.281
188.356,train:DC3,100.2,341.08203125,16.8,2287.984375,2472.0,0.0,4253.0,961.0,1161.0,46.218,46.312
188.858,train:DC3,97.6,422.11328125,20.1,2349.296875,2464.0,0.0,4253.0,961.0,1161.0,46.156,46.281
189.360,train:DC3,99.6,422.11328125,18.8,2350.22265625,2435.0,0.0,4326.0,1001.0,1161.0,46.25,46.343
189.862,train:DC3,101.6,417.86328125,17.6,2339.99609375,2425.0,0.0,4286.0,961.0,1161.0,46.187,46.218
190.364,train:DC3,97.6,400.36328125,17.4,2332.5703125,2471.0,0.0,4286.0,961.0,1161.0,46.312,46.312
190.866,train:DC3,101.6,373.9921875,17.1,2302.87109375,2479.0,0.0,4326.0,960.0,1161.0,46.437,46.437
191.371,train:DC3,101.1,341.08203125,29.5,2296.265625,2477.0,0.0,4366.0,1040.0,1160.0,46.156,46.406
191.872,train:DC4,97.7,346.95703125,26.4,2293.55859375,2465.0,0.0,4792.0,1275.0,1236.0,46.156,46.5
192.374,train:DC4,99.6,422.11328125,22.3,2352.80859375,2476.0,0.0,4632.0,1158.0,1198.0,46.218,46.281
192.876,train:DC4,101.6,422.11328125,17.1,2352.42578125,2452.0,0.0,4366.0,1040.0,1160.0,46.25,46.468
193.378,train:DC4,99.6,419.86328125,18.9,2352.64453125,2437.0,0.0,4326.0,1001.0,1161.0,46.281,46.281
193.880,train:DC4,99.7,406.86328125,19.7,2334.54296875,2484.0,0.0,4286.0,1001.0,1161.0,46.281,46.468
194.382,train:DC4,99.6,378.40234375,17.3,2309.6171875,2481.0,0.0,4326.0,1001.0,1161.0,46.187,46.406
194.884,train:DC4,99.6,346.95703125,17.0,2298.8515625,2480.0,0.0,4286.0,961.0,1161.0,46.062,46.281
195.385,train:DC4,99.7,422.11328125,22.5,2349.29296875,2473.0,0.0,4366.0,1040.0,1160.0,46.062,46.343
195.887,train:DC4,99.6,422.11328125,17.3,2344.7890625,2448.0,0.0,4326.0,1000.0,1160.0,46.25,46.25
196.389,train:DC4,101.6,403.6484375,36.3,2353.8828125,2452.0,0.0,4400.0,1040.0,1160.0,46.562,46.562
196.891,train:DC5,97.7,419.86328125,28.2,2367.48828125,2456.0,0.0,4712.0,1315.0,1196.0,46.375,46.406
197.393,train:DC5,99.6,408.86328125,18.5,2359.42578125,2460.0,0.0,4520.0,1118.0,1158.0,46.375,46.5
197.895,train:DC5,99.6,381.36328125,17.3,2335.30859375,2506.0,0.0,4326.0,1000.0,1160.0,46.218,46.312
198.397,train:DC5,99.7,354.1171875,24.0,2319.91796875,2506.0,0.0,4480.0,1080.0,1160.0,46.406,46.343
198.898,train:DC5,99.6,422.11328125,23.2,2374.453125,2506.0,0.0,4366.0,1040.0,1160.0,46.093,46.281
199.400,train:DC5,99.7,422.11328125,18.4,2374.27734375,2490.0,0.0,4407.0,1040.0,1160.0,46.312,46.312
199.902,train:DC5,99.6,422.11328125,17.9,2374.03125,2466.0,0.0,4286.0,961.0,1161.0,46.25,46.25
200.404,train:DC5,101.6,408.86328125,25.0,2357.62890625,2458.0,0.0,4286.0,961.0,1161.0,46.187,46.406
200.906,train:DC5,99.6,379.0703125,28.9,2329.8203125,2505.0,0.0,4560.0,1158.0,1200.0,46.312,46.375
201.408,train:DC6,97.6,385.29296875,24.7,2341.87890625,2489.0,0.0,4480.0,1120.0,1160.0,46.406,46.406
201.910,train:DC6,101.5,354.98828125,18.6,2326.15234375,2505.0,0.0,4407.0,1040.0,1160.0,46.25,46.281
202.412,train:DC6,99.6,422.11328125,17.8,2371.84765625,2503.0,0.0,4366.0,1000.0,1160.0,46.218,46.281
202.914,train:DC6,99.7,422.11328125,18.5,2369.87109375,2493.0,0.0,4326.0,960.0,1160.0,46.125,46.281
203.416,train:DC6,99.7,422.11328125,19.1,2371.95703125,2484.0,0.0,4366.0,960.0,1160.0,46.312,46.312
203.917,train:DC6,101.7,409.90625,18.2,2363.8359375,2456.0,0.0,4286.0,961.0,1161.0,46.125,46.25
204.419,train:DC6,97.7,387.61328125,18.6,2346.2734375,2447.0,0.0,4326.0,1000.0,1161.0,46.25,46.406
204.920,train:DC6,99.7,363.05078125,16.7,2322.671875,2501.0,0.0,4326.0,1000.0,1161.0,46.093,46.312
205.422,train:DC6,101.6,422.11328125,24.9,2368.41015625,2500.0,0.0,4326.0,1001.0,1161.0,46.406,46.406
205.924,train:DC6,99.6,403.6484375,36.3,2352.65625,2484.0,6.0,4752.0,1315.0,1196.0,46.406,46.406
206.426,train:DC1,97.5,422.11328125,37.9,2372.453125,2500.0,4.0,4944.0,1472.0,1196.0,46.406,46.406
206.929,train:DC1,99.5,422.11328125,21.7,2370.21484375,2485.0,0.0,4520.0,1158.0,1160.0,46.406,46.25
207.431,train:DC1,101.5,408.86328125,23.3,2355.00390625,2455.0,37.0,4440.0,1080.0,1160.0,46.5,46.5
207.933,train:DC1,99.6,381.36328125,35.7,2325.15625,2449.0,22.0,4712.0,1275.0,1196.0,46.375,46.375
208.436,train:DC1,99.5,354.609375,30.3,2320.83984375,2499.0,3.0,4744.0,1315.0,1196.0,46.406,46.437
208.938,train:DC1,99.6,422.11328125,17.1,2375.69140625,2507.0,0.0,4440.0,1080.0,1160.0,46.156,46.468
209.440,train:DC1,99.7,422.11328125,16.7,2374.82421875,2506.0,0.0,4326.0,1000.0,1161.0,46.125,46.343
209.942,train:DC1,99.6,419.86328125,35.3,2390.5078125,2506.0,19.0,4560.0,1158.0,1158.0,46.125,46.5
210.443,train:DC1,99.6,397.18359375,29.4,2335.6953125,2451.0,0.0,4712.0,1275.0,1196.0,46.375,46.312
210.946,train:DC2,99.6,408.86328125,18.2,2343.30859375,2459.0,0.0,4440.0,1080.0,1160.0,46.406,46.593
211.447,train:DC2,99.7,387.61328125,17.3,2325.10546875,2433.0,0.0,4326.0,1000.0,1161.0,46.375,46.375
211.949,train:DC2,99.7,363.05078125,16.7,2303.48046875,2488.0,0.0,4286.0,961.0,1161.0,46.281,46.468
212.450,train:DC2,99.7,422.11328125,17.7,2354.08203125,2485.0,0.0,4286.0,961.0,1161.0,46.156,46.343
212.951,train:DC2,101.7,422.11328125,17.7,2361.7109375,2493.0,0.0,4326.0,960.0,1161.0,46.093,46.437
213.453,train:DC2,97.7,422.11328125,17.3,2360.8984375,2492.0,0.0,4286.0,961.0,1161.0,46.25,46.312
213.955,train:DC2,101.6,413.734375,17.5,2352.77734375,2476.0,0.0,4286.0,961.0,1161.0,46.343,46.343
214.456,train:DC2,97.8,398.18359375,16.8,2336.28125,2452.0,0.0,4286.0,960.0,1161.0,46.312,46.312
214.958,train:DC2,101.7,369.05078125,16.9,2306.50390625,2436.0,0.0,4246.0,961.0,1161.0,46.187,46.312
215.459,train:DC3,99.7,375.23828125,17.1,2311.9765625,2431.0,0.0,4286.0,961.0,1161.0,46.093,46.312
215.960,train:DC3,99.7,346.95703125,17.0,2304.12890625,2490.0,0.0,4286.0,961.0,1161.0,46.093,46.312
216.462,train:DC3,99.7,422.11328125,17.4,2359.0703125,2490.0,0.0,4286.0,961.0,1161.0,46.406,46.406
216.963,train:DC3,99.7,422.11328125,17.3,2358.82421875,2490.0,0.0,4246.0,961.0,1161.0,46.156,46.375
217.464,train:DC3,97.7,419.86328125,18.7,2358.453125,2490.0,0.0,4286.0,1000.0,1161.0,46.343,46.375
217.966,train:DC3,99.6,408.86328125,17.0,2350.33203125,2474.0,0.0,4286.0,961.0,1161.0,46.093,46.406
218.468,train:DC3,99.7,385.75,17.7,2312.4765625,2436.0,0.0,4246.0,961.0,1161.0,46.187,46.25
218.969,train:DC3,99.7,356.7734375,17.0,2302.7265625,2434.0,0.0,4253.0,961.0,1161.0,46.218,46.25
219.470,train:DC3,101.8,422.11328125,17.3,2352.9765625,2484.0,0.0,4286.0,961.0,1161.0,46.093,46.312
219.972,train:DC3,99.8,403.6484375,16.7,2346.359375,2478.0,0.0,4286.0,961.0,1161.0,46.343,46.343
220.473,train:DC4,97.7,422.11328125,19.9,2353.98828125,2485.0,0.0,4326.0,1000.0,1161.0,46.125,46.5
220.975,train:DC4,101.6,422.11328125,36.6,2370.21875,2501.0,14.0,4632.0,1238.0,1198.0,46.375,46.375
221.477,train:DC4,99.5,413.36328125,17.6,2370.04296875,2501.0,14.0,4632.0,1238.0,1198.0,46.375,46.375
221.979,train:DC4,97.7,393.86328125,17.7,2354.046875,2501.0,0.0,4440.0,1038.0,1160.0,46.187,46.5
222.481,train:DC4,101.7,369.11328125,17.6,2330.17578125,2485.0,0.0,4326.0,1000.0,1161.0,46.406,46.406
222.991,train:DC4,100.0,341.08203125,19.3,2322.57421875,2461.0,0.0,4286.0,961.0,1161.0,46.25,46.25
223.496,train:DC4,99.0,422.11328125,17.4,2377.42578125,2454.0,0.0,4326.0,1001.0,1161.0,46.156,46.25
223.998,train:DC4,99.5,422.11328125,35.4,2377.1796875,2509.0,0.0,4326.0,1001.0,1161.0,46.125,46.312
224.500,train:DC4,99.6,403.6484375,24.3,2361.5546875,2508.0,0.0,4560.0,1158.0,1198.0,46.218,46.25
225.002,train:DC5,99.6,419.86328125,17.1,2378.125,2493.0,0.0,4440.0,1080.0,1160.0,46.187,46.25
225.504,train:DC5,101.6,406.86328125,17.2,2362.0859375,2509.0,0.0,4326.0,1000.0,1161.0,46.156,46.312
226.006,train:DC5,97.7,378.62890625,17.9,2338.21484375,2493.0,0.0,4286.0,961.0,1161.0,46.125,46.437
226.507,train:DC5,101.7,346.95703125,21.4,2314.66015625,2477.0,0.0,4246.0,961.0,1161.0,46.468,46.468
227.010,train:DC5,99.6,422.11328125,36.8,2373.46484375,2446.0,21.0,4480.0,1080.0,1160.0,46.343,46.281
227.511,train:DC5,99.6,422.11328125,32.9,2371.2421875,2505.0,22.0,4792.0,1355.0,1196.0,46.343,46.343
228.014,train:DC5,99.5,419.86328125,21.3,2379.5625,2502.0,0.0,4712.0,1315.0,1198.0,46.437,46.437
228.516,train:DC5,99.6,400.36328125,17.1,2355.6796875,2511.0,0.0,4480.0,1120.0,1160.0,46.437,46.437
229.017,train:DC5,99.7,371.8515625,17.0,2332.69921875,2503.0,0.0,4326.0,1001.0,1161.0,46.281,46.312
229.519,train:DC6,99.7,377.77734375,32.0,2333.109375,2480.0,0.0,4253.0,961.0,1161.0,46.093,46.343
230.021,train:DC6,99.6,344.01171875,40.8,2319.5390625,2488.0,23.0,4632.0,1238.0,1198.0,46.25,46.343
230.523,train:DC6,99.6,422.11328125,33.0,2378.375,2451.0,23.0,4864.0,1433.0,1196.0,46.437,46.5
231.025,train:DC6,101.5,422.11328125,42.5,2378.12890625,2494.0,23.0,4744.0,1315.0,1196.0,46.312,46.375
231.527,train:DC6,97.6,414.91796875,27.4,2367.640625,2509.0,0.0,4784.0,1315.0,1196.0,46.218,46.468
232.029,train:DC6,99.6,400.36328125,20.1,2351.64453125,2507.0,0.0,4552.0,1118.0,1198.0,46.468,46.468
232.531,train:DC6,99.6,373.23828125,17.5,2319.890625,2499.0,0.0,4400.0,1040.0,1160.0,46.281,46.406
233.033,train:DC6,101.6,341.08203125,18.6,2318.015625,2475.0,0.0,4326.0,1000.0,1161.0,46.312,46.468
233.535,train:DC6,97.7,422.11328125,17.0,2368.92578125,2449.0,0.0,4326.0,1000.0,1160.0,46.125,46.343
234.037,train:DC6,99.6,403.6484375,17.5,2352.9296875,2453.0,0.0,4286.0,1001.0,1161.0,46.156,46.375
234.538,train:DC1,101.7,422.11328125,17.1,2363.08984375,2447.0,0.0,4246.0,961.0,1161.0,46.062,46.375
235.039,train:DC1,97.8,419.86328125,17.1,2368.75,2494.0,0.0,4253.0,961.0,1161.0,46.281,46.281
235.540,train:DC1,101.8,407.9375,17.2,2360.47265625,2500.0,0.0,4286.0,961.0,1161.0,46.156,46.406
236.042,train:DC1,97.8,381.36328125,17.3,2336.6015625,2507.0,0.0,4286.0,961.0,1161.0,46.156,46.312
236.543,train:DC1,99.8,354.98828125,17.1,2313.0078125,2499.0,0.0,4293.0,961.0,1161.0,46.093,46.375
237.044,train:DC1,101.8,422.11328125,17.9,2375.73046875,2483.0,0.0,4286.0,961.0,1161.0,46.218,46.25
237.545,train:DC1,97.7,422.11328125,23.3,2375.7109375,2453.0,0.0,4326.0,961.0,1161.0,46.343,46.343
238.047,train:DC1,101.6,422.11328125,19.6,2375.46484375,2507.0,0.0,4447.0,1080.0,1160.0,46.281,46.187
238.549,train:DC1,99.6,400.50390625,24.4,2351.8359375,2507.0,61.0,4480.0,1120.0,1200.0,46.281,46.375
239.051,train:DC2,99.6,408.86328125,36.5,2352.55859375,2483.0,23.0,4632.0,1238.0,1198.0,46.281,46.375
239.553,train:DC2,97.7,390.70703125,38.0,2340.80859375,2503.0,23.0,4864.0,1435.0,1196.0,46.343,46.406
240.054,train:DC2,101.6,363.05078125,37.1,2319.18359375,2503.0,23.0,5103.0,1592.0,1234.0,46.25,46.468
240.556,train:DC2,99.6,422.11328125,30.7,2370.09375,2486.0,23.0,5023.0,1512.0,1194.0,46.375,46.406
241.058,train:DC2,99.6,422.11328125,22.2,2378.7109375,2470.0,0.0,4712.0,1315.0,1198.0,46.562,46.562
241.561,train:DC2,99.6,422.11328125,20.1,2372.3125,2449.0,0.0,4440.0,1080.0,1160.0,46.25,46.312
242.063,train:DC2,99.5,413.80859375,23.3,2362.22265625,2503.0,0.0,4632.0,1158.0,1198.0,46.406,46.531
242.565,train:DC2,101.6,393.86328125,21.7,2355.1015625,2501.0,0.0,4672.0,1198.0,1238.0,46.312,46.312
243.067,train:DC2,99.5,365.55859375,23.0,2319.203125,2510.0,0.0,4520.0,1080.0,1200.0,46.343,46.5
243.570,train:DC3,97.5,371.984375,22.8,2332.73046875,2496.0,0.0,4366.0,1040.0,1160.0,46.281,46.281
244.073,train:DC3,101.5,341.08203125,20.3,2318.98046875,2503.0,0.0,4440.0,1080.0,1160.0,46.187,46.5
244.575,train:DC3,99.6,422.11328125,31.7,2369.890625,2477.0,20.0,4600.0,1198.0,1198.0,46.531,46.531
245.077,train:DC3,101.6,422.11328125,22.7,2378.3203125,2462.0,0.0,4520.0,1158.0,1198.0,46.218,46.531
245.579,train:DC3,97.6,415.74609375,21.3,2370.19921875,2447.0,0.0,4366.0,1040.0,1160.0,46.281,46.437
246.081,train:DC3,101.5,395.14453125,43.5,2419.00390625,2573.0,19.0,4632.0,1238.0,1198.0,46.343,46.406
246.583,train:DC3,97.6,369.11328125,34.3,2387.2578125,2574.0,0.0,4704.0,1355.0,1196.0,46.281,46.343
247.085,train:DC3,101.6,422.11328125,48.8,2517.80859375,2640.0,0.0,4984.0,1472.0,1194.0,46.5,46.5
247.588,train:DC3,97.5,422.11328125,34.3,2510.140625,2626.0,0.0,4904.0,1433.0,1194.0,46.406,46.406
248.090,train:DC3,101.6,403.6484375,35.2,2443.54296875,2536.0,0.0,4864.0,1393.0,1194.0,46.593,46.593
248.592,train:DC4,97.7,422.11328125,22.0,2462.34375,2543.0,26.0,4712.0,1236.0,1198.0,46.437,46.437
249.094,train:DC4,99.6,413.36328125,33.8,2462.84375,2539.0,21.0,4672.0,1236.0,1198.0,46.406,46.406
249.595,train:DC4,101.6,393.86328125,29.4,2446.28515625,2602.0,0.0,4672.0,1275.0,1196.0,46.312,46.468
250.097,train:DC4,99.6,368.0078125,21.2,2415.5390625,2601.0,0.0,4440.0,1080.0,1160.0,46.156,46.375
250.600,train:DC4,99.5,422.11328125,33.1,2470.1328125,2602.0,22.0,4520.0,1118.0,1198.0,46.625,46.625
251.103,train:DC4,99.5,422.11328125,44.7,2519.765625,2643.0,20.0,4832.0,1355.0,1196.0,46.531,46.531
251.605,train:DC4,99.6,422.11328125,36.5,2517.06640625,2601.0,0.0,4784.0,1393.0,1196.0,46.718,46.718
252.107,train:DC4,97.6,413.36328125,33.1,2465.4921875,2542.0,0.0,4904.0,1393.0,1194.0,46.406,46.5
252.609,train:DC4,101.6,386.7421875,28.1,2438.55078125,2602.0,0.0,4824.0,1273.0,1196.0,46.437,46.437
253.111,train:DC5,99.6,394.8828125,18.7,2442.39453125,2586.0,0.0,4480.0,1078.0,1158.0,46.343,46.437
253.612,train:DC5,99.6,369.11328125,18.5,2402.1015625,2595.0,0.0,4400.0,1040.0,1160.0,46.437,46.375
254.118,train:DC5,98.8,341.08203125,17.2,2407.76171875,2584.0,0.0,4286.0,961.0,1161.0,46.5,46.5
254.620,train:DC5,99.7,422.11328125,17.4,2455.86328125,2579.0,0.0,4286.0,961.0,1161.0,46.375,46.406
255.122,train:DC5,99.6,422.11328125,17.3,2464.26171875,2572.0,0.0,4286.0,961.0,1161.0,46.312,46.343
255.624,train:DC5,101.5,419.86328125,19.0,2461.65234375,2546.0,0.0,4286.0,1001.0,1161.0,46.25,46.5
256.126,train:DC5,99.6,406.19140625,19.0,2446.546875,2531.0,0.0,4286.0,1001.0,1161.0,46.218,46.375
256.628,train:DC5,97.7,376.46484375,17.9,2412.78515625,2592.0,0.0,4286.0,1001.0,1161.0,46.406,46.343
257.130,train:DC5,101.6,347.3671875,18.6,2398.3984375,2591.0,0.0,4286.0,961.0,1161.0,46.187,46.25
257.632,train:DC6,99.6,354.98828125,17.7,2396.6484375,2575.0,0.0,4286.0,1001.0,1161.0,46.5,46.406
258.134,train:DC6,99.6,422.11328125,17.9,2459.37109375,2591.0,0.0,4326.0,1000.0,1160.0,46.562,46.562
258.635,train:DC6,101.6,422.11328125,17.1,2455.33984375,2579.0,0.0,4286.0,961.0,1161.0,46.281,46.343
259.137,train:DC6,97.6,422.11328125,17.5,2455.09375,2563.0,0.0,4246.0,961.0,1161.0,46.343,46.562
259.639,train:DC6,99.6,413.36328125,17.5,2445.0703125,2537.0,0.0,4286.0,961.0,1161.0,46.218,46.5
260.141,train:DC6,99.6,393.86328125,17.3,2429.07421875,2529.0,0.0,4246.0,961.0,1161.0,46.218,46.531
260.643,train:DC6,101.6,366.375,18.8,2395.17578125,2582.0,0.0,4286.0,1000.0,1161.0,46.25,46.437
261.145,train:DC6,99.6,422.11328125,19.1,2450.02734375,2581.0,0.0,4326.0,1000.0,1160.0,46.375,46.375
261.647,train:DC6,99.6,422.11328125,18.2,2448.109375,2580.0,0.0,4286.0,1001.0,1161.0,46.468,46.468
262.149,train:DC6,101.6,403.6484375,17.6,2432.11328125,2564.0,0.0,4286.0,961.0,1161.0,46.281,46.5
262.651,train:DC1,99.6,422.11328125,17.8,2444.42578125,2568.0,0.0,4286.0,1000.0,1161.0,46.375,46.375
263.153,train:DC1,97.6,419.86328125,18.0,2444.1796875,2552.0,0.0,4326.0,960.0,1160.0,46.156,46.437
263.664,train:DC1,99.8,408.86328125,17.6,2425.40625,2514.0,0.0,4360.0,1000.0,1160.0,46.25,46.406
264.166,train:DC1,99.5,381.36328125,18.2,2391.3828125,2519.0,0.0,4326.0,1000.0,1160.0,46.187,46.343
264.668,train:DC1,99.7,354.98828125,23.6,2384.3359375,2570.0,0.0,4326.0,1000.0,1160.0,46.437,46.437
265.170,train:DC1,99.6,422.11328125,27.4,2439.93359375,2571.0,0.0,4480.0,1118.0,1158.0,46.25,46.562
265.672,train:DC1,101.6,422.11328125,20.7,2440.01171875,2560.0,0.0,4440.0,1080.0,1160.0,46.218,46.406
266.174,train:DC1,99.6,422.11328125,17.0,2439.7578125,2555.0,0.0,4326.0,1001.0,1161.0,46.312,46.406
266.676,train:DC1,99.7,401.8203125,17.3,2416.875,2533.0,0.0,4286.0,961.0,1161.0,46.125,46.468
267.178,train:DC2,99.6,413.36328125,16.7,2425.24609375,2541.0,0.0,4253.0,961.0,1161.0,46.468,46.468
267.680,train:DC2,99.6,395.015625,17.6,2402.765625,2511.0,0.0,4253.0,961.0,1161.0,46.312,46.312
268.182,train:DC2,99.6,369.11328125,25.7,2383.4609375,2570.0,15.0,4407.0,1080.0,1160.0,46.25,46.375
268.684,train:DC2,99.6,422.11328125,42.0,2495.64453125,2627.0,0.0,4792.0,1355.0,1196.0,46.5,46.5
269.186,train:DC2,101.6,422.11328125,33.9,2495.3984375,2627.0,0.0,4784.0,1353.0,1156.0,46.593,46.593
269.688,train:DC2,97.6,422.11328125,26.4,2439.11328125,2571.0,0.0,4672.0,1275.0,1198.0,46.281,46.375
270.191,train:DC2,101.5,413.4609375,18.2,2438.6171875,2554.0,0.0,4440.0,1040.0,1160.0,46.156,46.375
270.692,train:DC2,97.7,395.80078125,18.7,2422.1015625,2530.0,0.0,4326.0,1000.0,1161.0,46.25,46.531
271.194,train:DC2,101.6,366.578125,17.3,2390.625,2522.0,0.0,4286.0,1001.0,1161.0,46.187,46.343
271.696,train:DC3,97.7,375.23828125,17.6,2394.2890625,2522.0,0.0,4253.0,961.0,1161.0,46.218,46.281
272.198,train:DC3,101.7,346.95703125,17.0,2390.375,2569.0,0.0,4286.0,961.0,1161.0,46.312,46.437
272.699,train:DC3,99.6,422.11328125,16.7,2436.1953125,2568.0,0.0,4246.0,961.0,1161.0,46.187,46.468
273.201,train:DC3,99.6,422.11328125,17.6,2435.58203125,2567.0,0.0,4253.0,961.0,1161.0,46.187,46.343
273.703,train:DC3,99.7,422.11328125,17.6,2438.6796875,2558.0,0.0,4286.0,961.0,1161.0,46.25,46.468
274.205,train:DC3,99.6,408.86328125,17.3,2420.71484375,2544.0,0.0,4286.0,961.0,1161.0,46.187,46.312
274.707,train:DC3,101.6,385.8359375,16.7,2402.734375,2518.0,0.0,4286.0,961.0,1161.0,46.125,46.437
275.209,train:DC3,97.6,355.9765625,17.9,2380.48046875,2512.0,0.0,4286.0,961.0,1161.0,46.156,46.406
275.711,train:DC3,101.6,422.11328125,18.7,2435.71484375,2567.0,0.0,4326.0,960.0,1161.0,46.093,46.406
276.213,train:DC3,97.6,403.6484375,18.2,2413.49609375,2545.0,0.0,4286.0,961.0,1161.0,46.406,46.218
276.714,train:DC4,101.6,422.11328125,23.3,2433.49609375,2565.0,0.0,4407.0,1080.0,1160.0,46.562,46.562
277.216,train:DC4,99.6,422.11328125,44.5,2491.21484375,2623.0,0.0,4752.0,1355.0,1196.0,46.343,46.562
277.718,train:DC4,99.6,413.36328125,34.3,2483.09375,2615.0,0.0,4744.0,1353.0,1196.0,46.468,46.468
278.220,train:DC4,99.6,391.1875,28.6,2408.98828125,2540.0,0.0,4632.0,1238.0,1198.0,46.156,46.593
278.723,train:DC4,99.5,363.05078125,17.4,2385.28125,2540.0,0.0,4632.0,1238.0,1198.0,46.156,46.593
279.225,train:DC4,99.6,422.11328125,19.5,2432.49609375,2517.0,0.0,4407.0,1040.0,1160.0,46.218,46.406
279.727,train:DC4,99.6,422.11328125,16.8,2430.0234375,2564.0,0.0,4366.0,1040.0,1160.0,46.25,46.5
280.228,train:DC4,99.7,422.11328125,17.6,2437.65234375,2561.0,0.0,4286.0,1001.0,1161.0,46.437,46.437
280.730,train:DC4,99.8,403.6484375,16.7,2422.7734375,2569.0,0.0,4286.0,961.0,1161.0,46.406,46.468
281.231,train:DC5,101.7,419.86328125,17.3,2438.27734375,2554.0,0.0,4286.0,961.0,1161.0,46.156,46.5
281.732,train:DC5,97.8,406.86328125,16.8,2424.0234375,2570.0,0.0,4286.0,961.0,1161.0,46.281,46.468
282.233,train:DC5,99.8,381.36328125,17.6,2400.15234375,2563.0,0.0,4253.0,961.0,1161.0,46.156,46.281
282.734,train:DC5,99.7,354.3359375,19.4,2384.4296875,2547.0,0.0,4286.0,961.0,1161.0,46.187,46.343
283.236,train:DC5,99.6,422.11328125,17.1,2439.28125,2517.0,0.0,4326.0,1000.0,1161.0,46.093,46.281
283.737,train:DC5,99.8,422.11328125,17.3,2428.7578125,2562.0,0.0,4286.0,1001.0,1161.0,46.25,46.406
284.239,train:DC5,99.8,422.11328125,16.8,2434.6640625,2560.0,0.0,4286.0,961.0,1161.0,46.437,46.437
284.740,train:DC5,99.8,409.6953125,17.3,2427.14453125,2566.0,0.0,4286.0,961.0,1161.0,46.218,46.375
285.241,train:DC5,101.7,385.9765625,20.7,2397.3203125,2566.0,0.0,4246.0,961.0,1161.0,46.093,46.437
285.743,train:DC6,97.6,393.86328125,36.2,2474.05859375,2545.0,0.0,4366.0,1040.0,1160.0,46.187,46.375
286.245,train:DC6,99.6,365.05078125,37.2,2446.4375,2617.0,22.0,4832.0,1355.0,1196.0,46.687,46.593
286.747,train:DC6,99.5,422.11328125,35.7,2438.10546875,2601.0,0.0,4744.0,1355.0,1196.0,46.343,46.343
287.249,train:DC6,99.6,422.11328125,20.0,2438.5625,2515.0,79.0,4824.0,1393.0,1196.0,46.5,46.5
287.752,train:DC6,101.6,422.11328125,16.8,2434.4375,2570.0,0.0,4480.0,1118.0,1160.0,46.375,46.437
288.253,train:DC6,97.7,414.87109375,17.8,2424.34765625,2566.0,0.0,4326.0,1001.0,1161.0,46.25,46.375
288.754,train:DC6,99.8,400.36328125,16.8,2416.95703125,2564.0,0.0,4286.0,961.0,1161.0,46.093,46.343
289.255,train:DC6,99.8,375.23828125,17.0,2394.30078125,2572.0,0.0,4253.0,961.0,1161.0,46.093,46.281
289.757,train:DC6,99.8,342.58203125,17.3,2380.48828125,2557.0,0.0,4286.0,961.0,1161.0,46.406,46.406
290.258,train:DC1,101.8,354.98828125,17.0,2379.84765625,2520.0,0.0,4253.0,961.0,1161.0,46.218,46.312
290.759,train:DC1,99.7,422.11328125,16.7,2438.90625,2535.0,0.0,4246.0,961.0,1161.0,46.187,46.218
291.261,train:DC1,99.6,422.11328125,33.6,2497.61328125,2515.0,0.0,4253.0,961.0,1161.0,46.093,46.343
291.763,train:DC1,97.6,422.11328125,35.1,2493.4921875,2629.0,0.0,4672.0,1277.0,1158.0,46.156,46.343
292.265,train:DC1,99.6,408.86328125,34.8,2419.16015625,2625.0,0.0,4704.0,1315.0,1156.0,46.343,46.343
292.767,train:DC1,101.6,387.61328125,18.7,2403.75,2566.0,0.0,4744.0,1275.0,1196.0,46.25,46.343
293.269,train:DC1,97.6,362.35546875,17.3,2381.10546875,2559.0,0.0,4440.0,1078.0,1160.0,46.375,46.375
293.770,train:DC1,99.7,422.11328125,17.0,2443.85546875,2552.0,0.0,4326.0,1000.0,1161.0,46.437,46.437
294.271,train:DC1,101.8,422.11328125,17.9,2437.44921875,2530.0,0.0,4286.0,961.0,1161.0,46.218,46.312
294.773,train:DC1,97.8,403.6484375,16.7,2429.328125,2514.0,0.0,4253.0,961.0,1161.0,46.093,46.187
295.274,train:DC2,101.8,422.11328125,17.1,2436.95703125,2514.0,0.0,4253.0,961.0,1161.0,46.156,46.281
295.775,train:DC2,99.8,419.86328125,17.3,2436.7109375,2568.0,0.0,4293.0,961.0,1161.0,46.187,46.25
296.276,train:DC2,99.7,405.3671875,17.1,2418.74609375,2568.0,0.0,4253.0,961.0,1161.0,46.343,46.406
296.777,train:DC2,99.7,375.23828125,18.5,2396.59765625,2568.0,0.0,4326.0,1000.0,1161.0,46.312,46.312
297.279,train:DC2,99.6,346.95703125,17.0,2380.61328125,2567.0,0.0,4253.0,961.0,1161.0,46.156,46.343
297.781,train:DC2,99.7,422.11328125,19.6,2443.58203125,2551.0,0.0,4286.0,961.0,1161.0,46.218,46.281
298.283,train:DC2,99.6,422.11328125,39.0,2506.00390625,2590.0,22.0,4520.0,1120.0,1160.0,46.343,46.437
298.785,train:DC2,99.6,419.86328125,34.0,2505.7578125,2574.0,0.0,4712.0,1315.0,1156.0,46.25,46.312
299.286,train:DC2,99.6,396.5390625,28.7,2419.48828125,2574.0,0.0,4784.0,1353.0,1196.0,46.375,46.375
299.789,train:DC3,99.6,408.86328125,17.1,2428.37890625,2559.0,0.0,4552.0,1158.0,1158.0,46.281,46.281
300.290,train:DC3,99.7,384.99609375,17.3,2412.17578125,2576.0,0.0,4326.0,1000.0,1160.0,46.218,46.343
300.792,train:DC3,99.7,354.98828125,17.3,2388.33203125,2575.0,0.0,4286.0,961.0,1161.0,46.25,46.375
301.293,train:DC3,99.8,422.11328125,17.1,2443.18359375,2567.0,0.0,4253.0,961.0,1161.0,46.5,46.5
301.794,train:DC3,97.8,422.11328125,17.1,2442.9375,2551.0,0.0,4326.0,960.0,1161.0,46.281,46.468
302.295,train:DC3,101.8,422.11328125,17.0,2442.69140625,2521.0,0.0,4253.0,961.0,1161.0,46.093,46.375
302.797,train:DC3,99.4,409.296875,35.5,2490.5703125,2519.0,0.0,4326.0,1001.0,1161.0,46.093,46.25
303.300,train:DC3,99.4,387.61328125,33.6,2466.69921875,2630.0,0.0,4712.0,1275.0,1198.0,46.218,46.281
303.802,train:DC3,99.6,355.65625,34.8,2386.18359375,2630.0,0.0,4744.0,1355.0,1156.0,46.312,46.25
304.304,train:DC4,101.6,366.38671875,17.9,2383.5,2557.0,0.0,4560.0,1198.0,1158.0,46.343,46.343
304.806,train:DC4,97.6,422.11328125,17.6,2438.3046875,2570.0,0.0,4366.0,1040.0,1160.0,46.406,46.406
305.308,train:DC4,101.7,422.11328125,17.1,2436.08984375,2552.0,0.0,4286.0,961.0,1161.0,46.187,46.437
305.810,train:DC4,99.6,422.11328125,17.5,2444.69921875,2545.0,0.0,4293.0,961.0,1161.0,46.25,46.312
306.312,train:DC4,97.6,414.83984375,16.4,2438.29296875,2515.0,0.0,4253.0,961.0,1161.0,46.093,46.312
306.813,train:DC4,99.7,400.36328125,17.3,2412.453125,2570.0,0.0,4253.0,961.0,1161.0,46.468,46.468
307.315,train:DC4,101.6,373.8984375,17.3,2397.42578125,2568.0,0.0,4286.0,961.0,1161.0,46.031,46.187
307.817,train:DC4,99.7,341.08203125,17.1,2383.40234375,2576.0,0.0,4286.0,961.0,1161.0,46.25,46.25
308.319,train:DC4,99.6,422.11328125,17.0,2438.2265625,2570.0,0.0,4253.0,961.0,1161.0,46.062,46.375
308.821,train:DC4,99.6,403.6484375,17.8,2430.10546875,2546.0,0.0,4286.0,961.0,1161.0,46.218,46.343
309.323,train:DC5,99.7,422.11328125,16.5,2437.19921875,2561.0,0.0,4286.0,961.0,1161.0,46.093,46.406
309.831,train:DC5,100.4,422.11328125,17.1,2436.64453125,2537.0,0.0,4326.0,961.0,1161.0,46.25,46.281
310.333,train:DC5,99.6,408.86328125,17.3,2418.6796875,2515.0,0.0,4286.0,961.0,1161.0,46.312,46.375
310.834,train:DC5,101.6,387.61328125,17.0,2410.55859375,2566.0,0.0,4286.0,961.0,1161.0,46.25,46.312
311.336,train:DC5,99.6,361.05078125,16.7,2379.41015625,2573.0,0.0,4253.0,961.0,1161.0,46.25,46.375
311.839,train:DC5,97.5,422.11328125,17.3,2441.42578125,2573.0,0.0,4253.0,961.0,1161.0,46.093,46.281
312.340,train:DC5,101.7,422.11328125,17.5,2440.796875,2565.0,0.0,4253.0,961.0,1161.0,46.093,46.375
312.842,train:DC5,99.6,422.11328125,17.0,2432.67578125,2540.0,0.0,4286.0,961.0,1161.0,46.125,46.218
313.344,train:DC5,99.6,403.6484375,17.0,2424.2265625,2517.0,0.0,4253.0,961.0,1161.0,46.281,46.343
313.846,train:DC6,99.6,414.9140625,17.3,2433.05078125,2525.0,0.0,4253.0,961.0,1161.0,46.312,46.312
314.348,train:DC6,99.7,400.36328125,17.0,2417.0546875,2517.0,0.0,4253.0,961.0,1161.0,46.187,46.187
314.850,train:DC6,99.6,374.62109375,17.1,2393.17578125,2572.0,0.0,4326.0,960.0,1161.0,46.343,46.343
315.352,train:DC6,99.7,342.65625,17.3,2377.45703125,2572.0,0.0,4246.0,961.0,1161.0,46.25,46.406
315.854,train:DC6,99.6,422.11328125,17.1,2440.1796875,2572.0,0.0,4253.0,961.0,1161.0,46.062,46.312
316.355,train:DC6,99.7,422.11328125,17.0,2439.93359375,2563.0,0.0,4253.0,961.0,1161.0,46.0,46.281
316.857,train:DC6,101.6,419.86328125,17.6,2439.6875,2547.0,0.0,4253.0,961.0,1161.0,46.062,46.437
317.359,train:DC6,99.7,406.86328125,17.0,2423.68359375,2520.0,0.0,4253.0,961.0,1161.0,46.281,46.281
317.861,train:DC6,99.6,380.41796875,16.8,2399.8125,2516.0,0.0,4253.0,961.0,1161.0,46.062,46.437
318.363,train:DC1,99.6,387.61328125,17.3,2404.8359375,2513.0,0.0,4286.0,961.0,1161.0,46.093,46.312
318.865,train:DC1,99.6,362.2421875,17.5,2383.2109375,2568.0,0.0,4253.0,961.0,1161.0,45.968,46.343
319.366,train:DC1,99.7,422.11328125,17.0,2434.12109375,2566.0,0.0,4253.0,961.0,1161.0,46.281,46.281
319.876,train:DC1,100.1,422.11328125,17.2,2442.73828125,2574.0,0.0,4246.0,961.0,1161.0,46.125,46.156
320.378,train:DC1,99.6,422.11328125,17.3,2436.33984375,2560.0,0.0,4293.0,961.0,1161.0,46.218,46.218
320.880,train:DC1,99.6,413.36328125,16.8,2426.25,2530.0,0.0,4253.0,961.0,1161.0,46.218,46.406
321.381,train:DC1,101.6,394.4921875,17.0,2419.12890625,2512.0,0.0,4253.0,961.0,1161.0,46.062,46.312
321.883,train:DC1,99.7,369.11328125,17.1,2389.13671875,2574.0,0.0,4253.0,961.0,1161.0,46.156,46.343
322.389,train:DC1,100.8,341.08203125,17.4,2381.2890625,2568.0,0.0,4253.0,961.0,1161.0,46.187,46.375
322.891,train:DC2,97.7,346.95703125,16.7,2381.0390625,2560.0,0.0,4253.0,961.0,1161.0,46.031,46.25
323.392,train:DC2,99.6,422.11328125,17.1,2435.89453125,2567.0,0.0,4253.0,961.0,1161.0,46.281,46.25
323.894,train:DC2,101.7,422.11328125,17.3,2435.6484375,2567.0,0.0,4246.0,961.0,1161.0,46.125,46.25
324.396,train:DC2,97.7,422.11328125,17.3,2433.43359375,2549.0,0.0,4246.0,961.0,1161.0,46.281,46.125
324.898,train:DC2,101.6,408.86328125,17.5,2425.55859375,2541.0,0.0,4286.0,961.0,1161.0,46.218,46.218
325.400,train:DC2,99.7,386.9609375,17.1,2409.5546875,2517.0,0.0,4286.0,961.0,1161.0,46.375,46.375
325.901,train:DC2,97.7,357.8671875,17.3,2385.95703125,2572.0,0.0,4253.0,961.0,1161.0,46.312,46.312
326.403,train:DC2,99.6,422.11328125,17.3,2440.80859375,2572.0,0.0,4246.0,961.0,1161.0,46.125,46.25
326.905,train:DC2,99.7,422.11328125,17.5,2440.5625,2572.0,0.0,4253.0,961.0,1161.0,46.031,46.281
327.406,train:DC2,101.6,403.6484375,16.8,2424.56640625,2556.0,0.0,4253.0,961.0,1161.0,46.062,46.375
327.908,train:DC3,97.7,422.11328125,17.3,2441.390625,2573.0,0.0,4253.0,961.0,1161.0,46.093,46.218
328.410,train:DC3,101.7,418.70703125,17.4,2441.12890625,2557.0,0.0,4326.0,960.0,1161.0,46.031,46.343
328.912,train:DC3,99.7,401.9296875,17.0,2425.1328125,2549.0,0.0,4286.0,961.0,1161.0,46.281,46.281
329.413,train:DC3,99.6,375.23828125,17.1,2393.3828125,2517.0,0.0,4286.0,961.0,1161.0,46.156,46.156
329.915,train:DC3,99.7,346.95703125,17.3,2385.53515625,2564.0,0.0,4286.0,961.0,1161.0,46.125,46.343
330.417,train:DC3,101.7,422.11328125,17.1,2440.37890625,2572.0,0.0,4286.0,961.0,1161.0,46.0,46.281
330.918,train:DC3,99.7,422.11328125,17.1,2436.2578125,2568.0,0.0,4246.0,961.0,1161.0,46.375,46.375
331.420,train:DC3,97.7,422.11328125,17.3,2434.04296875,2565.0,0.0,4246.0,961.0,1161.0,46.0,46.187
331.922,train:DC3,101.6,401.8203125,17.0,2426.62890625,2550.0,0.0,4253.0,961.0,1161.0,46.187,46.187
332.424,train:DC4,99.6,413.36328125,17.1,2429.79296875,2561.0,0.0,4253.0,961.0,1161.0,46.031,46.375
332.925,train:DC4,97.7,392.8984375,17.8,2413.796875,2545.0,0.0,4253.0,961.0,1161.0,46.062,46.343
333.427,train:DC4,101.6,364.4609375,17.7,2383.2578125,2545.0,0.0,4253.0,961.0,1161.0,46.062,46.343
333.945,train:DC4,100.5,341.08203125,17.1,2383.24609375,2570.0,0.0,4286.0,961.0,1161.0,46.156,46.312
334.449,train:DC4,99.2,422.11328125,17.6,2438.09765625,2570.0,0.0,4286.0,961.0,1161.0,46.375,46.375
334.951,train:DC4,99.6,422.11328125,17.3,2437.8515625,2569.0,0.0,4286.0,961.0,1161.0,46.125,46.218
335.454,train:DC4,99.4,418.8359375,40.3,2503.64453125,2569.0,0.0,4286.0,961.0,1161.0,46.125,46.218
335.956,train:DC4,99.6,400.36328125,33.7,2486.03515625,2635.0,0.0,4672.0,1277.0,1198.0,46.156,46.156
336.458,train:DC4,99.7,370.53515625,31.0,2417.00390625,2617.0,0.0,4704.0,1355.0,1156.0,46.312,46.468
336.960,train:DC5,101.5,379.6484375,18.2,2427.37109375,2548.0,0.0,4712.0,1275.0,1196.0,46.062,46.25
337.462,train:DC5,97.5,346.95703125,20.3,2391.28515625,2567.0,0.0,4440.0,1080.0,1160.0,46.031,46.343
337.964,train:DC5,99.7,422.11328125,16.7,2472.8046875,2530.0,0.0,4366.0,1040.0,1160.0,46.218,46.312
338.466,train:DC5,99.7,422.11328125,17.6,2471.21875,2604.0,0.0,4286.0,1001.0,1161.0,46.093,46.281
338.967,train:DC5,99.7,422.11328125,16.7,2469.00390625,2603.0,0.0,4286.0,961.0,1161.0,46.343,46.343
339.469,train:DC5,99.6,408.86328125,17.9,2458.703125,2600.0,0.0,4286.0,961.0,1161.0,46.062,46.187
339.971,train:DC5,97.7,383.2109375,17.0,2436.04296875,2598.0,0.0,4326.0,960.0,1161.0,46.25,46.312
340.473,train:DC5,99.6,354.98828125,20.7,2409.69921875,2583.0,0.0,4286.0,961.0,1161.0,46.093,46.343
340.975,train:DC5,101.5,422.11328125,40.0,2430.4765625,2557.0,0.0,4407.0,1040.0,1160.0,46.187,46.406
341.477,train:DC5,97.7,403.6484375,19.7,2406.66015625,2562.0,0.0,4792.0,1355.0,1196.0,46.25,46.312
341.979,train:DC6,99.6,422.11328125,17.3,2425.1796875,2499.0,0.0,4480.0,1120.0,1160.0,46.093,46.312
342.480,train:DC6,99.7,422.11328125,16.8,2422.3125,2557.0,0.0,4326.0,1001.0,1161.0,46.343,46.281
342.982,train:DC6,97.7,408.86328125,17.6,2414.19140625,2554.0,0.0,4286.0,961.0,1161.0,46.125,46.281
343.484,train:DC6,101.7,387.61328125,17.4,2387.9921875,2553.0,0.0,4246.0,961.0,1161.0,46.25,46.25
343.986,train:DC6,97.7,363.05078125,17.0,2364.39453125,2543.0,0.0,4286.0,961.0,1161.0,46.281,46.375
344.487,train:DC6,99.6,422.11328125,18.7,2420.51171875,2514.0,0.0,4253.0,961.0,1161.0,46.125,46.375
344.989,train:DC6,99.6,422.11328125,19.7,2415.16015625,2484.0,0.0,4366.0,1040.0,1161.0,46.031,46.25
345.491,train:DC6,99.7,422.11328125,17.7,2414.26171875,2547.0,0.0,4326.0,1000.0,1161.0,46.125,46.156
345.993,train:DC6,99.6,403.6484375,18.0,2406.140625,2546.0,0.0,4326.0,1001.0,1161.0,46.25,46.406
346.495,train:DC1,99.6,415.0,17.1,2411.15625,2538.0,0.0,4286.0,1001.0,1161.0,45.906,46.312
346.997,train:DC1,101.7,400.36328125,17.5,2395.3984375,2543.0,0.0,4326.0,960.0,1161.0,46.031,46.375
347.498,train:DC1,99.7,375.23828125,17.3,2365.2890625,2543.0,0.0,4286.0,961.0,1161.0,45.968,46.218
348.000,train:DC1,99.6,346.95703125,17.0,2363.4140625,2532.0,0.0,4286.0,961.0,1161.0,46.281,46.281
348.502,train:DC1,101.7,422.11328125,17.3,2411.1484375,2502.0,0.0,4293.0,961.0,1161.0,46.093,46.218
349.003,train:DC1,97.7,422.11328125,17.5,2418.77734375,2495.0,0.0,4293.0,961.0,1161.0,46.093,46.25
349.505,train:DC1,101.7,422.11328125,16.7,2417.0546875,2550.0,0.0,4286.0,1001.0,1161.0,46.0,46.281
350.007,train:DC1,97.7,408.86328125,17.0,2401.05859375,2548.0,0.0,4253.0,961.0,1161.0,46.031,46.187
350.509,train:DC1,101.6,381.88671875,17.6,2373.66015625,2548.0,0.0,4253.0,961.0,1161.0,45.906,46.312
351.011,train:DC2,99.6,391.88671875,18.0,2390.5859375,2528.0,13.0,4326.0,1000.0,1161.0,46.187,46.25
351.513,train:DC2,99.5,363.05078125,17.3,2341.375,2539.0,0.0,4286.0,961.0,1161.0,46.281,46.281
352.015,train:DC2,97.6,422.11328125,28.7,2400.65234375,2517.0,6.0,4326.0,1000.0,1161.0,46.093,46.343
352.517,train:DC2,99.6,422.11328125,24.8,2395.71484375,2483.0,7.0,4672.0,1198.0,1198.0,46.187,46.468
353.019,train:DC2,99.6,422.11328125,17.3,2395.46875,2480.0,0.0,4480.0,1080.0,1160.0,46.25,46.312
353.520,train:DC2,99.7,413.36328125,32.1,2395.09375,2527.0,0.0,4326.0,1001.0,1161.0,46.593,46.593
354.022,train:DC2,101.6,391.1328125,36.0,2371.22265625,2527.0,0.0,4712.0,1315.0,1198.0,46.406,46.406
354.524,train:DC2,99.6,363.05078125,24.3,2331.31640625,2526.0,0.0,4712.0,1236.0,1196.0,46.468,46.468
355.026,train:DC2,97.6,422.11328125,33.1,2394.3046875,2510.0,19.0,4632.0,1198.0,1198.0,46.281,46.343
355.528,train:DC2,99.7,403.6484375,21.1,2386.63671875,2495.0,0.0,4712.0,1315.0,1196.0,46.093,46.375
356.030,train:DC3,99.6,422.11328125,17.5,2406.140625,2502.0,0.0,4407.0,1080.0,1160.0,46.093,46.281
356.532,train:DC3,99.6,422.11328125,16.7,2406.09375,2483.0,0.0,4326.0,1001.0,1161.0,46.125,46.218
357.034,train:DC3,97.6,413.36328125,40.5,2400.08984375,2538.0,31.0,4520.0,1158.0,1160.0,46.593,46.593
357.536,train:DC3,101.6,393.86328125,39.8,2378.09765625,2539.0,32.0,4824.0,1315.0,1196.0,46.375,46.437
358.038,train:DC3,99.5,367.3671875,23.4,2360.37890625,2537.0,0.0,4672.0,1236.0,1198.0,46.468,46.468
358.540,train:DC3,99.6,422.11328125,36.7,2319.1484375,2535.0,6.0,4632.0,1236.0,1196.0,46.468,46.468
359.042,train:DC3,99.6,422.11328125,22.7,2314.3515625,2422.0,8.0,4824.0,1315.0,1196.0,46.406,46.5
359.544,train:DC3,99.6,422.11328125,33.6,2318.54296875,2396.0,8.0,4560.0,1158.0,1198.0,46.375,46.375
360.046,train:DC3,101.6,401.8203125,42.6,2302.7421875,2450.0,23.0,4904.0,1435.0,1196.0,46.218,46.343
360.548,train:DC4,99.6,408.86328125,39.5,2303.078125,2434.0,16.0,5023.0,1552.0,1194.0,46.187,46.25
361.050,train:DC4,99.6,381.36328125,42.8,2303.4921875,2450.0,4.0,4984.0,1552.0,1194.0,46.281,46.593
361.553,train:DC4,101.5,346.95703125,36.7,2295.44921875,2478.0,4.0,4984.0,1512.0,1194.0,46.375,46.375
362.055,train:DC4,99.6,422.11328125,36.2,2347.08203125,2470.0,4.0,4984.0,1512.0,1194.0,46.312,46.375
362.557,train:DC4,97.6,422.11328125,35.4,2346.07421875,2446.0,4.0,4984.0,1512.0,1194.0,46.437,46.437
363.059,train:DC4,99.6,417.015625,36.3,2346.0859375,2448.0,4.0,4944.0,1552.0,1194.0,46.406,46.312
363.561,train:DC4,101.6,394.2734375,38.7,2318.36328125,2474.0,4.0,4984.0,1512.0,1194.0,46.375,46.375
364.063,train:DC4,97.5,367.1484375,30.7,2318.62109375,2473.0,2.0,5063.0,1552.0,1194.0,46.531,46.531
364.566,train:DC4,99.5,422.11328125,18.2,2350.6796875,2482.0,0.0,4600.0,1198.0,1198.0,46.343,46.343
365.068,train:DC4,97.6,403.6484375,18.4,2333.546875,2457.0,0.0,4407.0,1040.0,1160.0,46.406,46.406
365.570,train:DC5,99.6,422.11328125,28.2,2343.70703125,2467.0,3.0,4440.0,1080.0,1160.0,46.218,46.312
366.072,train:DC5,99.5,419.91796875,37.2,2350.5546875,2445.0,68.0,4640.0,1198.0,1198.0,46.281,46.312
366.575,train:DC5,99.5,406.86328125,23.5,2335.3203125,2427.0,0.0,4712.0,1277.0,1198.0,46.187,46.312
367.076,train:DC5,99.7,379.36328125,19.0,2319.59765625,2482.0,0.0,4480.0,1078.0,1160.0,46.343,46.312
367.578,train:DC5,99.6,346.95703125,17.8,2293.578125,2486.0,0.0,4366.0,1040.0,1160.0,46.218,46.281
368.080,train:DC5,101.6,422.11328125,17.4,2356.1953125,2487.0,0.0,4286.0,1001.0,1161.0,46.343,46.343
368.582,train:DC5,97.6,422.11328125,20.9,2353.15625,2468.0,0.0,4286.0,961.0,1161.0,46.437,46.437
369.094,train:DC5,101.5,419.86328125,20.1,2350.33984375,2442.0,0.0,4366.0,1000.0,1161.0,46.093,46.468
369.596,train:DC5,97.7,396.5390625,18.9,2324.57421875,2414.0,28.0,4366.0,1000.0,1160.0,46.125,46.343
370.098,train:DC6,101.6,406.86328125,25.5,2325.1953125,2424.0,0.0,4326.0,1001.0,1161.0,46.156,46.312
370.600,train:DC6,99.7,375.23828125,26.2,2318.0,2465.0,0.0,4407.0,1040.0,1160.0,46.312,46.343
371.102,train:DC6,99.6,341.6171875,21.7,2285.4765625,2473.0,0.0,4366.0,1000.0,1160.0,46.156,46.281
371.604,train:DC6,99.6,422.11328125,17.7,2341.51171875,2473.0,0.0,4286.0,961.0,1161.0,46.218,46.218
372.105,train:DC6,101.6,422.11328125,18.0,2338.4765625,2456.0,0.0,4326.0,961.0,1161.0,46.343,46.468
372.607,train:DC6,97.6,414.12890625,17.6,2335.1171875,2443.0,0.0,4366.0,1000.0,1160.0,46.031,46.375
373.109,train:DC6,101.7,393.86328125,23.5,2264.81640625,2357.0,0.0,4440.0,1040.0,1160.0,46.156,46.343
373.611,train:DC6,99.6,363.05078125,17.7,2241.9765625,2411.0,0.0,4366.0,1040.0,1160.0,46.093,46.312
374.113,train:DC6,97.7,422.11328125,18.5,2281.09765625,2412.0,0.0,4366.0,1000.0,1160.0,46.531,46.531
374.614,train:DC6,99.7,403.6484375,20.6,2260.34765625,2392.0,0.0,4326.0,1000.0,1160.0,46.312,46.312
375.116,train:DC1,99.6,422.11328125,20.5,2273.1171875,2405.0,0.0,4326.0,1000.0,1161.0,46.281,46.281
375.618,train:DC1,101.7,422.11328125,18.7,2272.484375,2388.0,0.0,4286.0,961.0,1161.0,46.156,46.375
376.120,train:DC1,97.6,408.86328125,18.9,2258.18359375,2378.0,0.0,4326.0,1001.0,1161.0,46.125,46.312
376.621,train:DC1,101.6,381.36328125,17.7,2258.40625,2351.0,0.0,4286.0,961.0,1161.0,46.093,46.343
377.123,train:DC1,99.7,350.8515625,16.9,2231.34375,2413.0,0.0,4286.0,961.0,1161.0,46.125,46.25
377.625,train:DC1,99.7,422.11328125,17.3,2275.3984375,2407.0,0.0,4286.0,961.0,1161.0,46.437,46.437
378.126,train:DC1,99.7,422.11328125,17.7,2276.84765625,2408.0,0.0,4326.0,961.0,1161.0,46.218,46.281
378.628,train:DC1,99.7,419.86328125,25.9,2268.94140625,2385.0,43.0,4520.0,1078.0,1200.0,46.375,46.437
379.130,train:DC1,99.6,392.8828125,29.3,2251.015625,2366.0,27.0,4592.0,1158.0,1198.0,46.218,46.437
379.632,train:DC2,97.7,400.36328125,29.1,2246.67578125,2370.0,28.0,4632.0,1198.0,1198.0,46.218,46.25
380.134,train:DC2,101.6,365.05078125,29.6,2236.96875,2401.0,35.0,4672.0,1236.0,1198.0,46.281,46.375
380.636,train:DC2,99.6,422.17578125,29.2,2270.57421875,2402.0,7.0,4672.0,1196.0,1198.0,46.25,46.25
381.137,train:DC2,99.7,422.17578125,29.6,2273.328125,2405.0,25.0,4672.0,1198.0,1198.0,46.312,46.531
381.640,train:DC2,99.5,419.92578125,27.8,2267.53515625,2395.0,6.0,4672.0,1196.0,1198.0,46.531,46.531
382.141,train:DC2,99.7,406.92578125,24.9,2267.43359375,2399.0,0.0,4520.0,1118.0,1198.0,46.312,46.312
382.643,train:DC2,97.7,375.30078125,17.7,2242.37109375,2358.0,0.0,4366.0,1040.0,1160.0,46.25,46.25
383.145,train:DC2,99.7,341.14453125,17.6,2211.15234375,2397.0,0.0,4286.0,1001.0,1161.0,46.468,46.468
383.646,train:DC2,99.7,422.17578125,18.1,2271.9140625,2403.0,0.0,4366.0,1000.0,1160.0,46.187,46.375
384.148,train:DC2,101.6,403.7109375,19.1,2260.13671875,2391.0,0.0,4326.0,1000.0,1160.0,46.156,46.281
384.650,train:DC3,99.7,422.17578125,20.0,2271.31640625,2402.0,0.0,4326.0,1000.0,1160.0,46.156,46.343
385.152,train:DC3,99.7,414.66015625,17.7,2260.0234375,2391.0,0.0,4286.0,1001.0,1161.0,46.468,46.468
385.653,train:DC3,99.7,393.92578125,18.3,2259.234375,2390.0,0.0,4286.0,1001.0,1161.0,46.25,46.25
386.155,train:DC3,99.7,363.4453125,17.7,2239.6875,2363.0,0.0,4286.0,1001.0,1161.0,46.25,46.437
386.657,train:DC3,99.6,422.17578125,18.5,2265.24609375,2396.0,0.0,4326.0,1001.0,1161.0,46.375,46.437
387.159,train:DC3,99.6,422.17578125,17.2,2265.58203125,2397.0,0.0,4326.0,1000.0,1161.0,46.25,46.312
387.660,train:DC3,99.7,422.17578125,18.4,2264.703125,2396.0,0.0,4326.0,1001.0,1161.0,46.093,46.281
388.162,train:DC3,99.7,408.92578125,18.6,2262.6328125,2394.0,0.0,4326.0,1001.0,1161.0,46.156,46.25
388.663,train:DC3,101.7,380.7578125,18.6,2243.6796875,2375.0,0.0,4326.0,1000.0,1160.0,46.375,46.5
389.165,train:DC4,99.6,383.109375,18.2,2248.13671875,2375.0,0.0,4326.0,1000.0,1160.0,46.375,46.5
389.667,train:DC4,97.6,353.21875,17.3,2220.0546875,2379.0,0.0,4366.0,1000.0,1160.0,46.218,46.562
390.169,train:DC4,101.6,422.17578125,18.0,2267.0546875,2351.0,0.0,4326.0,1000.0,1161.0,46.281,46.5
390.670,train:DC4,97.7,422.17578125,18.0,2260.24609375,2398.0,0.0,4326.0,1000.0,1160.0,46.187,46.343
391.172,train:DC4,99.7,419.92578125,17.7,2272.0546875,2391.0,0.0,4326.0,1000.0,1160.0,46.25,46.437
391.674,train:DC4,99.6,400.42578125,19.1,2263.8671875,2403.0,0.0,4286.0,961.0,1161.0,46.312,46.375
392.176,train:DC4,101.6,369.17578125,17.9,2232.78515625,2395.0,0.0,4286.0,961.0,1161.0,46.281,46.468
392.692,train:DC4,100.9,341.14453125,18.6,2208.89453125,2372.0,0.0,4286.0,961.0,1161.0,46.343,46.5
393.196,train:DC4,97.2,422.17578125,20.1,2263.36328125,2332.0,0.0,4286.0,1001.0,1161.0,46.156,46.468
393.698,train:DC4,99.7,403.7109375,18.1,2263.15625,2395.0,0.0,4326.0,1000.0,1161.0,46.343,46.343
394.199,train:DC5,101.6,422.17578125,17.9,2261.59765625,2394.0,0.0,4326.0,1000.0,1160.0,46.187,46.375
394.701,train:DC5,99.6,413.42578125,17.8,2254.21875,2393.0,0.0,4326.0,960.0,1161.0,46.093,46.25
395.203,train:DC5,97.7,391.203125,17.5,2257.21875,2392.0,0.0,4326.0,1000.0,1161.0,46.531,46.531
395.705,train:DC5,99.6,361.11328125,17.9,2225.31640625,2396.0,0.0,4326.0,1000.0,1161.0,46.343,46.343
396.207,train:DC5,101.6,422.17578125,17.1,2264.69140625,2372.0,0.0,4286.0,1001.0,1161.0,46.312,46.375
396.709,train:DC5,99.7,422.17578125,19.0,2260.70703125,2333.0,0.0,4326.0,1001.0,1161.0,46.375,46.375
397.211,train:DC5,99.6,419.92578125,20.6,2261.25,2392.0,0.0,4326.0,1000.0,1161.0,46.218,46.437
397.712,train:DC5,99.7,406.92578125,23.2,2257.28515625,2392.0,0.0,4326.0,1000.0,1161.0,46.125,46.406
398.214,train:DC5,99.6,370.96875,23.1,2233.46484375,2388.0,0.0,4326.0,1000.0,1161.0,46.187,46.312
398.716,train:DC6,99.6,375.30078125,19.9,2230.0859375,2386.0,0.0,4326.0,1001.0,1161.0,46.093,46.25
399.218,train:DC6,101.6,344.44140625,19.0,2206.70703125,2385.0,0.0,4286.0,1001.0,1161.0,46.218,46.375
399.720,train:DC6,97.6,422.17578125,17.6,2261.19140625,2361.0,0.0,4326.0,961.0,1161.0,46.218,46.5
400.222,train:DC6,101.6,422.17578125,17.0,2261.36328125,2359.0,0.0,4286.0,961.0,1161.0,46.375,46.375
400.724,train:DC6,97.7,414.45703125,17.9,2254.17578125,2392.0,0.0,4286.0,961.0,1161.0,46.156,46.375
401.225,train:DC6,99.7,393.92578125,18.3,2250.73828125,2392.0,0.0,4286.0,961.0,1161.0,46.093,46.437
401.727,train:DC6,101.6,363.12890625,17.3,2220.6953125,2398.0,0.0,4286.0,961.0,1161.0,46.062,46.406
402.229,train:DC6,99.6,422.19140625,17.0,2267.9453125,2383.0,0.0,4286.0,961.0,1161.0,46.187,46.343
402.732,train:DC6,99.6,422.19140625,17.1,2262.3203125,2350.0,0.0,4246.0,961.0,1161.0,46.218,46.343
403.233,train:DC6,101.6,403.7265625,17.7,2260.08203125,2393.0,0.0,4286.0,961.0,1161.0,46.093,46.281
403.735,train:DC1,97.7,422.19140625,17.9,2262.46875,2391.0,0.0,4286.0,1001.0,1161.0,46.187,46.375
404.237,train:DC1,101.6,408.94140625,17.6,2261.31640625,2394.0,0.0,4326.0,1000.0,1161.0,46.406,46.406
404.739,train:DC1,97.6,377.03125,19.0,2219.9453125,2392.0,0.0,4366.0,1000.0,1160.0,46.562,46.562
405.241,train:DC1,99.6,344.53515625,18.1,2195.1171875,2383.0,0.0,4326.0,1000.0,1160.0,46.25,46.437
405.743,train:DC1,101.6,422.19140625,17.1,2257.96484375,2373.0,0.0,4286.0,1001.0,1161.0,46.125,46.375
406.245,train:DC1,99.6,422.19140625,18.9,2259.30078125,2343.0,0.0,4286.0,1001.0,1161.0,46.25,46.468
406.747,train:DC1,99.6,413.44140625,18.5,2260.63671875,2390.0,0.0,4326.0,1000.0,1161.0,46.281,46.343
407.248,train:DC1,99.6,391.94140625,18.9,2241.56640625,2392.0,0.0,4326.0,1000.0,1161.0,46.156,46.437
407.751,train:DC1,99.5,356.85546875,18.4,2201.59765625,2389.0,0.0,4326.0,1001.0,1161.0,46.375,46.343
408.253,train:DC2,99.5,363.12890625,18.3,2207.984375,2372.0,0.0,4326.0,1001.0,1161.0,46.593,46.593
408.755,train:DC2,99.6,422.19140625,17.5,2258.92578125,2386.0,0.0,4246.0,961.0,1161.0,46.187,46.468
409.257,train:DC2,101.6,422.19140625,18.3,2258.12890625,2358.0,0.0,4286.0,1001.0,1161.0,46.312,46.468
409.759,train:DC2,97.5,419.94140625,17.3,2257.73828125,2324.0,0.0,4326.0,960.0,1161.0,46.187,46.375
410.261,train:DC2,99.6,406.94140625,17.6,2259.484375,2391.0,0.0,4286.0,961.0,1161.0,46.187,46.406
410.763,train:DC2,99.7,375.31640625,17.5,2218.2578125,2390.0,0.0,4286.0,961.0,1161.0,46.187,46.343
411.266,train:DC2,99.5,341.16015625,18.2,2242.94140625,2389.0,0.0,4286.0,961.0,1161.0,46.25,46.281
411.768,train:DC2,101.6,422.19140625,18.4,2281.73046875,2397.0,0.0,4326.0,1000.0,1160.0,46.375,46.375
412.269,train:DC2,99.7,422.19140625,18.3,2277.0078125,2361.0,0.0,4326.0,1000.0,1161.0,46.218,46.437
412.771,train:DC2,99.7,403.7265625,17.7,2260.9765625,2408.0,0.0,4286.0,1001.0,1161.0,46.25,46.406
413.273,train:DC3,99.6,414.05078125,18.1,2270.65625,2392.0,0.0,4286.0,1001.0,1161.0,46.156,46.218
413.775,train:DC3,97.7,393.94140625,20.0,2244.140625,2410.0,0.0,4286.0,961.0,1161.0,46.531,46.531
414.277,train:DC3,101.5,363.12890625,19.0,2218.96484375,2411.0,0.0,4286.0,961.0,1161.0,46.281,46.281
414.779,train:DC3,99.6,422.19140625,21.5,2274.234375,2397.0,0.0,4326.0,1000.0,1161.0,46.281,46.5
415.281,train:DC3,99.7,422.19140625,18.3,2270.5390625,2370.0,0.0,4286.0,961.0,1161.0,46.218,46.343
415.782,train:DC3,99.6,422.19140625,17.4,2266.0625,2342.0,0.0,4326.0,1001.0,1161.0,46.281,46.281
416.284,train:DC3,99.6,406.94140625,18.2,2254.3046875,2397.0,0.0,4326.0,1001.0,1161.0,46.187,46.312
416.786,train:DC3,99.6,375.31640625,35.8,2226.6171875,2401.0,18.0,4560.0,1198.0,1158.0,46.343,46.343
417.306,train:DC3,100.0,341.16015625,41.6,2173.65234375,2393.0,24.0,4784.0,1395.0,1196.0,46.468,46.468
417.811,train:DC4,99.1,341.16015625,29.6,2236.55859375,2360.0,14.0,4984.0,1512.0,1194.0,46.437,46.437
418.312,train:DC4,99.7,422.19140625,22.5,2256.24609375,2372.0,0.0,4600.0,1198.0,1198.0,46.343,46.375
418.814,train:DC4,99.6,422.19140625,35.5,2261.09765625,2349.0,4.0,4520.0,1118.0,1200.0,46.5,46.5
419.316,train:DC4,99.6,411.04296875,36.3,2248.7890625,2311.0,4.0,4904.0,1435.0,1196.0,46.5,46.5
419.818,train:DC4,99.6,381.44140625,37.9,2217.83984375,2392.0,38.0,4904.0,1433.0,1194.0,46.468,46.468
420.320,train:DC4,97.6,347.03515625,36.1,2179.59765625,2392.0,8.0,4864.0,1353.0,1194.0,46.218,46.375
420.822,train:DC4,101.6,422.19140625,37.4,2254.2265625,2381.0,3.0,4904.0,1433.0,1194.0,46.562,46.562
421.324,train:DC4,99.6,422.19140625,37.0,2252.0,2357.0,27.0,4944.0,1472.0,1194.0,46.781,46.562
421.826,train:DC4,99.6,413.44140625,36.5,2252.69921875,2329.0,4.0,4944.0,1512.0,1194.0,46.625,46.625
422.328,train:DC4,99.6,386.0546875,35.9,2224.57421875,2388.0,4.0,4944.0,1512.0,1194.0,46.531,46.468
422.829,train:DC5,101.6,391.94140625,36.5,2240.32421875,2372.0,5.0,4944.0,1512.0,1194.0,46.687,46.687
423.332,train:DC5,97.6,357.91015625,35.0,2191.6953125,2391.0,4.0,4944.0,1512.0,1194.0,46.812,46.812
423.833,train:DC5,99.6,422.19140625,34.8,2258.6953125,2390.0,4.0,4904.0,1512.0,1194.0,46.5,46.5
424.335,train:DC5,99.6,422.19140625,35.8,2253.90234375,2378.0,4.0,4904.0,1512.0,1194.0,46.531,46.531
424.837,train:DC5,101.6,419.94140625,37.7,2254.72265625,2342.0,4.0,4904.0,1512.0,1194.0,46.375,46.5
425.339,train:DC5,97.6,400.44140625,34.9,2235.6875,2309.0,4.0,4904.0,1512.0,1194.0,46.437,46.437
425.841,train:DC5,99.6,369.19140625,35.6,2202.34765625,2391.0,4.0,4944.0,1512.0,1194.0,46.375,46.437
426.343,train:DC5,99.6,422.19140625,35.0,2261.109375,2393.0,4.0,4904.0,1512.0,1194.0,46.468,46.5
426.845,train:DC5,101.6,422.19140625,35.8,2261.3125,2381.0,4.0,4904.0,1512.0,1194.0,46.781,46.781
427.346,train:DC5,97.7,403.7265625,36.7,2240.21484375,2356.0,23.0,4864.0,1433.0,1194.0,46.5,46.562
427.848,train:DC6,101.6,422.19140625,37.0,2259.68359375,2363.0,4.0,4864.0,1393.0,1194.0,46.562,46.562
428.350,train:DC6,97.6,406.94140625,35.9,2239.8125,2332.0,3.0,4904.0,1472.0,1194.0,46.687,46.687
428.852,train:DC6,101.6,375.31640625,27.9,2207.1015625,2391.0,0.0,4784.0,1395.0,1196.0,46.406,46.531
429.357,train:DC6,99.0,341.16015625,25.5,2174.15234375,2382.0,30.0,4480.0,1120.0,1160.0,46.468,46.562
429.859,train:DC6,99.5,422.19140625,36.7,2252.5,2384.0,21.0,4672.0,1275.0,1196.0,46.343,46.5
430.362,train:DC6,99.5,422.19140625,33.8,2249.8828125,2373.0,4.0,4824.0,1353.0,1196.0,46.375,46.437
430.864,train:DC6,99.5,408.94140625,19.9,2239.828125,2340.0,0.0,4552.0,1158.0,1198.0,46.375,46.468
431.366,train:DC6,101.6,381.44140625,21.7,2213.73828125,2304.0,0.0,4480.0,1078.0,1158.0,46.187,46.5
431.868,train:DC6,97.6,349.18359375,24.8,2240.4375,2377.0,3.0,4440.0,1080.0,1160.0,46.437,46.437
432.371,train:DC1,99.5,353.3828125,36.4,2232.0,2371.0,5.0,4672.0,1275.0,1196.0,46.656,46.656
432.873,train:DC1,99.6,422.19140625,30.2,2255.3203125,2386.0,4.0,4784.0,1393.0,1196.0,46.468,46.593
433.375,train:DC1,101.6,422.19140625,19.7,2250.6875,2378.0,0.0,4480.0,1118.0,1200.0,46.187,46.437
433.877,train:DC1,97.6,418.65234375,20.4,2244.75390625,2360.0,0.0,4366.0,1040.0,1160.0,46.437,46.562
434.379,train:DC1,101.6,395.94140625,23.5,2229.41015625,2325.0,0.0,4360.0,1040.0,1160.0,46.562,46.562
434.881,train:DC1,97.6,366.1796875,20.7,2194.50390625,2372.0,0.0,4360.0,1040.0,1160.0,46.25,46.531
435.383,train:DC1,101.6,422.19140625,24.7,2248.1796875,2379.0,22.0,4440.0,1080.0,1160.0,46.468,46.468
435.885,train:DC1,101.5,422.19140625,36.2,2250.61328125,2382.0,21.0,4672.0,1236.0,1196.0,46.312,46.437
436.388,train:DC1,97.5,419.94140625,37.0,2250.1796875,2366.0,22.0,4824.0,1313.0,1196.0,46.406,46.406
436.890,train:DC1,99.6,394.7734375,36.9,2216.98828125,2332.0,3.0,4864.0,1393.0,1194.0,46.562,46.562
437.392,train:DC2,101.6,406.94140625,19.1,2236.73828125,2364.0,0.0,4560.0,1158.0,1198.0,46.437,46.437
437.894,train:DC2,99.6,375.31640625,22.7,2200.96875,2309.0,0.0,4400.0,1080.0,1160.0,46.562,46.562
438.396,train:DC2,99.6,341.16015625,27.3,2165.23828125,2380.0,14.0,4520.0,1118.0,1198.0,46.375,46.531
438.898,train:DC2,99.6,422.19140625,40.1,2255.3046875,2386.0,19.0,4744.0,1275.0,1196.0,46.5,46.5
439.400,train:DC2,99.6,422.19140625,34.9,2251.11328125,2378.0,4.0,4824.0,1393.0,1196.0,46.343,46.718
439.902,train:DC2,99.6,413.44140625,17.4,2243.8046875,2367.0,0.0,4440.0,1120.0,1160.0,46.562,46.406
440.404,train:DC2,97.6,387.69140625,20.5,2212.75390625,2328.0,0.0,4366.0,1040.0,1160.0,46.375,46.593
440.906,train:DC2,101.6,357.06640625,19.9,2185.3828125,2298.0,0.0,4326.0,1000.0,1160.0,46.375,46.406
441.409,train:DC2,101.6,422.19140625,20.0,2248.5078125,2380.0,0.0,4360.0,1000.0,1160.0,46.593,46.593
441.911,train:DC2,99.5,403.7265625,18.2,2227.73046875,2359.0,0.0,4366.0,1000.0,1160.0,46.25,46.5
442.413,train:DC3,99.6,422.19140625,26.9,2244.375,2376.0,24.0,4520.0,1158.0,1198.0,46.343,46.593
442.915,train:DC3,97.6,419.94140625,38.1,2243.921875,2375.0,8.0,4784.0,1355.0,1196.0,46.312,46.437
443.417,train:DC3,99.6,406.8671875,31.8,2227.88671875,2351.0,0.0,4744.0,1355.0,1196.0,46.343,46.531
443.919,train:DC3,99.6,375.31640625,17.3,2199.4375,2323.0,0.0,4407.0,1080.0,1160.0,46.625,46.625
444.421,train:DC3,99.7,342.74609375,17.3,2210.8203125,2342.0,0.0,4286.0,1001.0,1161.0,46.375,46.5
444.922,train:DC3,101.7,422.19140625,26.2,2246.015625,2377.0,22.0,4480.0,1118.0,1160.0,46.593,46.375
445.425,train:DC3,99.5,422.19140625,36.6,2240.47265625,2377.0,22.0,4480.0,1118.0,1160.0,46.593,46.375
445.927,train:DC3,99.6,413.44140625,36.9,2239.7109375,2372.0,22.0,4712.0,1275.0,1196.0,46.593,46.593
446.429,train:DC3,99.6,389.7109375,25.2,2210.87109375,2371.0,4.0,4784.0,1313.0,1196.0,46.531,46.531
446.931,train:DC4,99.5,395.94140625,17.6,2226.62109375,2350.0,0.0,4560.0,1158.0,1198.0,46.375,46.5
447.433,train:DC4,99.7,368.7265625,18.0,2188.19921875,2358.0,0.0,4400.0,1040.0,1160.0,46.343,46.5
447.935,train:DC4,99.5,422.19140625,21.0,2239.44921875,2327.0,33.0,4326.0,1000.0,1160.0,46.406,46.468
448.437,train:DC4,101.6,422.19140625,18.0,2245.48046875,2310.0,0.0,4366.0,1040.0,1160.0,46.281,46.343
448.940,train:DC4,99.5,422.19140625,21.6,2244.7265625,2377.0,0.0,4366.0,1000.0,1161.0,46.375,46.375
449.442,train:DC4,97.6,408.94140625,17.1,2232.78125,2376.0,0.0,4366.0,1000.0,1161.0,46.218,46.468
449.944,train:DC4,101.6,383.2578125,17.6,2208.5859375,2372.0,0.0,4286.0,961.0,1161.0,46.312,46.375
450.446,train:DC4,99.6,354.265625,19.8,2171.9453125,2356.0,0.0,4286.0,961.0,1161.0,46.281,46.437
450.948,train:DC4,99.6,422.19140625,18.7,2246.8203125,2319.0,25.0,4407.0,1040.0,1160.0,46.25,46.531
451.450,train:DC4,99.5,403.7265625,23.8,2226.640625,2378.0,22.0,4366.0,1000.0,1160.0,46.562,46.562
451.952,train:DC5,99.6,422.19140625,17.1,2242.14453125,2350.0,0.0,4407.0,1040.0,1160.0,46.625,46.625
452.454,train:DC5,99.6,422.19140625,22.0,2239.546875,2373.0,0.0,4326.0,1000.0,1160.0,46.406,46.5
452.956,train:DC5,99.5,406.94140625,24.3,2230.15625,2371.0,0.0,4366.0,1040.0,1160.0,46.437,46.531
453.459,train:DC5,101.5,375.31640625,31.6,2202.43359375,2377.0,0.0,4400.0,1040.0,1160.0,46.343,46.468
453.962,train:DC5,99.3,341.16015625,41.1,2174.02734375,2353.0,24.0,4712.0,1275.0,1198.0,46.437,46.437
454.464,train:DC5,99.6,422.19140625,20.5,2244.60546875,2329.0,10.0,4944.0,1472.0,1196.0,46.343,46.437
454.966,train:DC5,99.6,422.19140625,20.7,2239.76953125,2376.0,0.0,4520.0,1158.0,1198.0,46.562,46.562
455.469,train:DC5,99.6,413.44140625,19.5,2234.38671875,2371.0,0.0,4440.0,1080.0,1160.0,46.562,46.562
455.971,train:DC5,99.6,389.703125,16.7,2216.42578125,2373.0,0.0,4366.0,1000.0,1160.0,46.343,46.593
456.473,train:DC6,99.6,395.24609375,17.6,2214.8671875,2363.0,0.0,4286.0,961.0,1161.0,46.406,46.593
456.974,train:DC6,99.7,367.6953125,17.0,2188.859375,2369.0,0.0,4246.0,961.0,1161.0,46.343,46.468
457.476,train:DC6,99.8,422.19140625,17.1,2247.9765625,2352.0,0.0,4326.0,960.0,1161.0,46.625,46.625
457.977,train:DC6,101.7,422.19140625,17.8,2245.484375,2341.0,0.0,4286.0,961.0,1161.0,46.375,46.406
458.478,train:DC6,97.8,422.19140625,16.7,2240.9765625,2341.0,0.0,4246.0,961.0,1161.0,46.531,46.531
458.980,train:DC6,99.7,413.44140625,17.0,2237.36328125,2372.0,0.0,4246.0,961.0,1161.0,46.281,46.5
459.481,train:DC6,99.7,387.69140625,17.3,2213.0703125,2376.0,0.0,4246.0,961.0,1161.0,46.375,46.5
459.982,train:DC6,99.7,358.76953125,16.7,2183.625,2368.0,0.0,4246.0,961.0,1161.0,46.218,46.437
460.484,train:DC6,99.7,422.19140625,17.1,2246.625,2354.0,0.0,4246.0,961.0,1161.0,46.531,46.531
460.985,train:DC6,99.7,403.7265625,17.2,2226.3828125,2342.0,0.0,4246.0,961.0,1161.0,46.531,46.562
461.486,train:DC1,99.7,422.19140625,17.7,2245.88671875,2358.0,0.0,4246.0,961.0,1161.0,46.375,46.406
461.988,train:DC1,99.7,422.19140625,17.6,2245.39453125,2353.0,0.0,4246.0,961.0,1161.0,46.375,46.5
462.490,train:DC1,99.7,408.94140625,16.8,2229.1328125,2377.0,0.0,4286.0,961.0,1161.0,46.312,46.5
462.991,train:DC1,99.7,382.80859375,17.5,2210.9140625,2376.0,0.0,4326.0,960.0,1161.0,46.687,46.687
463.492,train:DC1,99.7,353.71484375,17.1,2170.30078125,2374.0,0.0,4246.0,961.0,1161.0,46.468,46.5
463.994,train:DC1,99.7,422.19140625,17.0,2245.17578125,2353.0,0.0,4253.0,961.0,1161.0,46.406,46.437
464.495,train:DC1,99.8,422.19140625,17.6,2247.1171875,2347.0,0.0,4253.0,961.0,1161.0,46.156,46.562
464.996,train:DC1,99.8,419.94140625,17.0,2246.625,2354.0,0.0,4286.0,961.0,1161.0,46.281,46.5
465.497,train:DC1,99.8,396.6171875,17.0,2230.875,2386.0,0.0,4286.0,961.0,1161.0,46.25,46.375
465.999,train:DC2,99.7,408.94140625,17.3,2238.75,2370.0,0.0,4246.0,961.0,1161.0,46.343,46.406
466.500,train:DC2,99.7,381.44140625,17.3,2219.515625,2385.0,0.0,4246.0,961.0,1161.0,46.531,46.531
467.001,train:DC2,99.7,353.0546875,16.7,2223.01953125,2378.0,0.0,4246.0,961.0,1161.0,46.312,46.5
467.503,train:DC2,99.6,422.19140625,17.9,2254.25390625,2370.0,0.0,4246.0,961.0,1161.0,46.312,46.5
468.005,train:DC2,101.7,422.19140625,16.9,2246.87109375,2347.0,0.0,4286.0,961.0,1161.0,46.187,46.437
468.507,train:DC2,99.7,422.19140625,17.1,2254.23828125,2362.0,0.0,4286.0,960.0,1161.0,46.5,46.437
469.008,train:DC2,97.7,408.94140625,16.9,2238.98046875,2385.0,0.0,4286.0,961.0,1161.0,46.406,46.406
469.510,train:DC2,101.5,381.44140625,17.3,2219.00390625,2378.0,0.0,4246.0,961.0,1161.0,46.25,46.343
470.012,train:DC2,97.7,349.18359375,16.7,2215.60546875,2385.0,0.0,4246.0,961.0,1161.0,46.468,46.468
470.513,train:DC3,101.7,355.06640625,17.6,2231.25390625,2362.0,0.0,4246.0,961.0,1161.0,46.531,46.531
471.014,train:DC3,99.7,422.19140625,17.0,2254.484375,2378.0,0.0,4246.0,961.0,1161.0,46.25,46.343
471.516,train:DC3,99.8,422.19140625,17.1,2254.484375,2358.0,0.0,4246.0,961.0,1161.0,46.406,46.406
472.017,train:DC3,97.7,422.19140625,17.5,2254.484375,2339.0,0.0,4253.0,961.0,1161.0,46.312,46.5
472.519,train:DC3,101.7,408.94140625,17.3,2238.73046875,2343.0,0.0,4253.0,961.0,1161.0,46.218,46.468
473.020,train:DC3,99.7,385.3828125,17.0,2223.23828125,2386.0,0.0,4246.0,961.0,1161.0,46.406,46.468
473.522,train:DC3,99.6,355.06640625,17.4,2207.61328125,2386.0,0.0,4286.0,961.0,1161.0,46.218,46.406
474.023,train:DC3,97.7,422.19140625,16.9,2254.4765625,2378.0,0.0,4286.0,961.0,1161.0,46.5,46.5
474.525,train:DC3,99.7,422.19140625,17.1,2254.47265625,2370.0,0.0,4286.0,961.0,1161.0,46.281,46.343
475.027,train:DC3,101.7,403.7265625,17.8,2233.96484375,2342.0,0.0,4246.0,961.0,1161.0,46.25,46.406
475.528,train:DC4,99.7,422.19140625,16.7,2251.46875,2363.0,0.0,4246.0,961.0,1161.0,46.375,46.375
476.030,train:DC4,97.7,412.4765625,17.0,2236.88671875,2353.0,0.0,4246.0,961.0,1161.0,46.218,46.531
476.531,train:DC4,101.8,388.15625,17.3,2212.73828125,2380.0,0.0,4286.0,961.0,1161.0,46.281,46.468
477.032,train:DC4,99.7,363.12890625,16.7,2223.40625,2385.0,0.0,4253.0,961.0,1161.0,46.125,46.437
477.533,train:DC4,99.8,422.19140625,17.5,2246.76171875,2378.0,0.0,4286.0,961.0,1161.0,46.156,46.312
478.035,train:DC4,97.8,422.19140625,17.8,2254.14453125,2377.0,0.0,4326.0,960.0,1161.0,46.25,46.468
478.536,train:DC4,99.8,422.19140625,17.6,2246.76171875,2355.0,0.0,4326.0,1000.0,1160.0,46.343,46.281
479.037,train:DC4,101.7,408.94140625,17.2,2241.61328125,2350.0,0.0,4326.0,960.0,1160.0,46.343,46.343
479.538,train:DC4,97.8,385.05859375,17.5,2211.55078125,2381.0,0.0,4326.0,1000.0,1160.0,46.125,46.5
480.040,train:DC5,101.7,388.10546875,18.9,2234.8984375,2366.0,0.0,4326.0,1000.0,1160.0,46.218,46.437
480.542,train:DC5,99.6,362.484375,19.1,2230.5703125,2378.0,0.0,4366.0,1040.0,1160.0,46.093,46.375
481.044,train:DC5,99.6,422.19140625,21.1,2253.91015625,2385.0,12.0,4400.0,1040.0,1160.0,46.187,46.406
481.546,train:DC5,99.6,422.19140625,23.8,2246.765625,2378.0,14.0,4520.0,1118.0,1198.0,46.5,46.5
482.048,train:DC5,99.6,419.94140625,26.9,2246.2734375,2362.0,0.0,4480.0,1078.0,1198.0,46.343,46.343
482.551,train:DC5,99.5,406.94140625,27.1,2238.890625,2343.0,8.0,4632.0,1196.0,1198.0,46.375,46.375
483.053,train:DC5,97.6,375.31640625,22.7,2230.80859375,2378.0,0.0,4520.0,1118.0,1198.0,46.312,46.531
483.555,train:DC5,101.6,347.03515625,18.1,2215.515625,2385.0,0.0,4366.0,1040.0,1160.0,46.343,46.437
484.057,train:DC5,99.6,422.19140625,17.3,2246.765625,2378.0,0.0,4326.0,961.0,1161.0,46.156,46.406
484.558,train:DC5,99.7,403.7265625,17.6,2232.484375,2364.0,0.0,4286.0,961.0,1161.0,46.406,46.531
485.060,train:DC6,99.7,422.19140625,16.7,2247.98828125,2379.0,0.0,4286.0,961.0,1161.0,46.468,46.468
485.561,train:DC6,101.7,419.94140625,17.3,2241.40625,2365.0,0.0,4286.0,961.0,1161.0,46.156,46.468
486.063,train:DC6,97.7,406.94140625,17.4,2226.1875,2326.0,0.0,4286.0,961.0,1161.0,46.343,46.437
486.565,train:DC6,101.6,378.69921875,17.5,2210.19140625,2341.0,0.0,4286.0,961.0,1161.0,46.187,46.375
487.066,train:DC6,99.7,347.03515625,16.8,2186.015625,2373.0,0.0,4286.0,961.0,1161.0,46.5,46.375
487.568,train:DC6,99.7,422.19140625,17.8,2240.82421875,2372.0,0.0,4246.0,961.0,1161.0,46.343,46.5
488.069,train:DC6,97.8,422.19140625,16.8,2242.796875,2374.0,0.0,4286.0,961.0,1161.0,46.093,46.25
488.570,train:DC6,99.7,419.94140625,17.0,2242.3046875,2358.0,0.0,4293.0,961.0,1161.0,46.312,46.5
489.072,train:DC6,101.7,392.9609375,17.6,2210.55859375,2342.0,0.0,4286.0,961.0,1161.0,46.531,46.531
489.573,train:DC1,97.7,406.87109375,19.0,2225.81640625,2350.0,0.0,4326.0,1000.0,1161.0,46.281,46.531
490.075,train:DC1,99.6,375.31640625,17.3,2202.09375,2333.0,0.0,4286.0,961.0,1161.0,46.218,46.437
490.577,train:DC1,99.7,341.16015625,17.1,2160.265625,2372.0,0.0,4286.0,961.0,1161.0,46.156,46.406
491.078,train:DC1,101.7,422.19140625,17.0,2238.29296875,2369.0,0.0,4286.0,961.0,1161.0,46.093,46.312
491.580,train:DC1,97.7,422.19140625,16.7,2243.02734375,2374.0,0.0,4286.0,961.0,1161.0,46.281,46.406
492.081,train:DC1,99.8,413.99609375,17.3,2230.3671875,2354.0,0.0,4286.0,961.0,1161.0,46.093,46.312
492.582,train:DC1,99.8,393.94140625,17.6,2208.109375,2331.0,0.0,4286.0,961.0,1161.0,46.375,46.375
493.083,train:DC1,99.7,363.12890625,16.7,2183.96875,2307.0,0.0,4286.0,961.0,1161.0,46.281,46.281
493.585,train:DC1,99.7,422.19140625,17.3,2239.08203125,2370.0,0.0,4286.0,961.0,1161.0,46.375,46.375
494.086,train:DC1,99.7,403.7265625,17.9,2224.859375,2356.0,0.0,4286.0,961.0,1161.0,46.375,46.437
494.587,train:DC2,99.7,422.19140625,17.1,2240.36328125,2372.0,0.0,4286.0,961.0,1161.0,46.156,46.375
495.089,train:DC2,99.7,422.19140625,17.3,2240.96875,2372.0,0.0,4286.0,961.0,1161.0,46.156,46.375
495.590,train:DC2,99.7,408.94140625,17.1,2225.609375,2357.0,0.0,4286.0,961.0,1161.0,46.187,46.343
496.092,train:DC2,101.7,386.3203125,17.3,2209.18359375,2357.0,0.0,4286.0,961.0,1161.0,46.187,46.343
496.593,train:DC2,97.7,355.06640625,17.3,2179.62890625,2340.0,0.0,4286.0,961.0,1161.0,46.375,46.375
497.094,train:DC2,101.7,422.19140625,16.7,2242.62890625,2311.0,0.0,4293.0,961.0,1161.0,46.187,46.343
497.596,train:DC2,97.7,422.19140625,17.3,2242.13671875,2374.0,0.0,4286.0,961.0,1161.0,46.281,46.281
498.097,train:DC2,101.7,422.17578125,17.3,2241.64453125,2373.0,0.0,4286.0,961.0,1161.0,46.343,46.375
498.599,train:DC2,99.8,397.44921875,16.7,2213.52734375,2373.0,0.0,4286.0,961.0,1161.0,46.187,46.468
499.100,train:DC3,99.8,408.94140625,17.6,2225.40234375,2353.0,0.0,4253.0,961.0,1161.0,46.156,46.343
499.601,train:DC3,97.8,381.44140625,16.7,2205.109375,2360.0,0.0,4246.0,961.0,1161.0,46.187,46.218
500.102,train:DC3,101.7,353.2265625,17.3,2173.19140625,2344.0,0.0,4253.0,961.0,1161.0,46.375,46.312
500.604,train:DC3,97.7,422.19140625,17.0,2236.41015625,2320.0,0.0,4293.0,961.0,1161.0,46.406,46.406
501.105,train:DC3,99.8,422.19140625,17.7,2240.49609375,2368.0,0.0,4326.0,960.0,1161.0,46.312,46.312
501.606,train:DC3,101.7,419.94140625,16.7,2242.54296875,2372.0,0.0,4286.0,961.0,1161.0,46.25,46.437
502.107,train:DC3,97.8,404.58203125,17.3,2220.39453125,2374.0,0.0,4253.0,961.0,1161.0,46.031,46.375
502.609,train:DC3,99.7,375.31640625,17.1,2210.3046875,2365.0,0.0,4253.0,961.0,1161.0,46.156,46.312
503.110,train:DC3,99.8,341.3828125,17.3,2186.12890625,2342.0,0.0,4293.0,961.0,1161.0,46.156,46.343
503.611,train:DC4,99.7,347.03515625,17.7,2167.7890625,2317.0,0.0,4253.0,961.0,1161.0,46.375,46.375
504.113,train:DC4,99.6,422.19140625,17.3,2242.44921875,2321.0,0.0,4253.0,961.0,1161.0,46.406,46.562
504.615,train:DC4,99.6,422.19140625,17.0,2252.7421875,2374.0,0.0,4286.0,1001.0,1161.0,46.343,46.437
505.116,train:DC4,97.8,415.1875,16.7,2240.80859375,2384.0,0.0,4286.0,961.0,1161.0,46.218,46.468
505.618,train:DC4,99.8,399.5078125,17.1,2229.19140625,2384.0,0.0,4286.0,961.0,1161.0,46.125,46.406
506.119,train:DC4,99.8,369.19140625,17.3,2221.296875,2376.0,0.0,4286.0,961.0,1161.0,46.437,46.5
506.635,train:DC4,100.7,341.16015625,17.1,2205.02734375,2353.0,0.0,4326.0,960.0,1160.0,46.218,46.343
507.139,train:DC4,97.2,422.19140625,17.3,2248.09765625,2336.0,0.0,4286.0,961.0,1161.0,46.312,46.406
507.641,train:DC4,99.6,422.19140625,17.3,2242.64453125,2379.0,0.0,4286.0,961.0,1161.0,46.218,46.406
508.142,train:DC4,99.7,403.7265625,17.0,2234.27734375,2374.0,0.0,4286.0,961.0,1161.0,46.531,46.343
508.643,train:DC5,97.8,415.19921875,16.7,2241.90625,2365.0,0.0,4246.0,961.0,1161.0,46.218,46.343
509.144,train:DC5,99.8,398.65234375,17.6,2220.98828125,2381.0,0.0,4246.0,961.0,1161.0,46.281,46.343
509.645,train:DC5,99.8,369.19140625,17.0,2210.8984375,2374.0,0.0,4246.0,961.0,1161.0,46.312,46.312
510.146,train:DC5,97.8,422.19140625,17.3,2248.62890625,2358.0,0.0,4286.0,961.0,1161.0,46.312,46.375
510.647,train:DC5,99.8,422.19140625,16.5,2242.890625,2374.0,0.0,4286.0,961.0,1161.0,46.093,46.312
511.148,train:DC5,99.8,422.19140625,17.3,2242.35546875,2362.0,0.0,4286.0,961.0,1161.0,46.093,46.437
511.650,train:DC5,99.7,413.44140625,17.1,2237.31640625,2374.0,0.0,4246.0,961.0,1161.0,46.406,46.406
512.151,train:DC5,97.8,391.08203125,17.3,2219.10546875,2376.0,0.0,4326.0,960.0,1161.0,46.125,46.468
512.652,train:DC5,97.8,359.60546875,16.7,2210.73046875,2374.0,0.0,4286.0,961.0,1161.0,46.218,46.5
513.153,train:DC6,101.8,363.12890625,17.3,2234.109375,2350.0,0.0,4286.0,961.0,1161.0,46.218,46.437
513.654,train:DC6,97.7,422.19140625,17.3,2251.16015625,2363.0,0.0,4286.0,961.0,1161.0,46.218,46.343
514.156,train:DC6,99.6,422.19140625,17.1,2251.390625,2339.0,0.0,4286.0,961.0,1161.0,46.0,46.312
514.658,train:DC6,99.8,422.19140625,17.3,2256.03515625,2308.0,0.0,4246.0,961.0,1161.0,46.125,46.312
515.159,train:DC6,99.8,408.94140625,17.3,2239.6953125,2387.0,0.0,4286.0,961.0,1161.0,46.218,46.25
515.660,train:DC6,99.8,381.44140625,17.1,2216.21875,2383.0,0.0,4286.0,961.0,1161.0,46.062,46.437
516.161,train:DC6,99.8,353.02734375,17.3,2185.015625,2379.0,0.0,4286.0,961.0,1161.0,46.093,46.312
516.662,train:DC6,99.8,422.19140625,17.3,2251.76953125,2363.0,0.0,4246.0,961.0,1161.0,46.062,46.281
517.163,train:DC6,99.8,422.19140625,16.7,2258.26953125,2338.0,0.0,4326.0,961.0,1161.0,46.312,46.343
517.664,train:DC6,99.7,403.7265625,17.3,2244.125,2313.0,0.0,4326.0,960.0,1160.0,46.218,46.25
518.166,train:DC1,99.6,419.94140625,17.0,2256.67578125,2365.0,0.0,4286.0,961.0,1161.0,46.187,46.531
518.668,train:DC1,97.7,401.7734375,16.7,2236.5234375,2392.0,0.0,4286.0,961.0,1161.0,46.25,46.437
519.169,train:DC1,99.8,372.31640625,17.5,2208.47265625,2383.0,0.0,4286.0,961.0,1161.0,46.187,46.343
519.677,train:DC1,102.2,341.16015625,17.4,2169.390625,2376.0,0.0,4253.0,961.0,1161.0,45.937,46.437
520.182,train:DC1,99.1,422.19140625,17.3,2253.765625,2357.0,0.0,4286.0,961.0,1161.0,46.156,46.25
520.684,train:DC1,97.6,422.19140625,17.0,2249.94921875,2329.0,0.0,4286.0,961.0,1161.0,46.468,46.468
521.185,train:DC1,99.8,413.44140625,16.7,2246.2734375,2372.0,0.0,4286.0,961.0,1161.0,46.25,46.343
521.686,train:DC1,99.8,387.69140625,17.6,2213.18359375,2381.0,0.0,4286.0,961.0,1161.0,46.281,46.375
522.187,train:DC1,97.8,354.109375,16.7,2187.171875,2382.0,0.0,4246.0,961.0,1161.0,46.125,46.312
522.688,train:DC2,99.8,357.06640625,17.1,2225.7109375,2365.0,0.0,4286.0,961.0,1161.0,46.406,46.406
523.190,train:DC2,99.7,422.19140625,17.0,2254.93359375,2374.0,0.0,4326.0,960.0,1161.0,46.093,46.312
523.691,train:DC2,97.8,422.19140625,17.7,2249.5390625,2351.0,0.0,4326.0,960.0,1161.0,46.156,46.312
524.192,train:DC2,99.8,419.94140625,17.0,2245.9296875,2320.0,0.0,4286.0,961.0,1161.0,46.093,46.468
524.693,train:DC2,99.8,404.2578125,19.0,2233.12890625,2381.0,0.0,4326.0,1000.0,1160.0,46.093,46.312
525.195,train:DC2,97.7,375.0078125,17.0,2197.72265625,2384.0,0.0,4286.0,961.0,1161.0,45.906,46.406
525.697,train:DC2,101.6,341.16015625,17.0,2168.41015625,2382.0,0.0,4246.0,961.0,1161.0,46.156,46.25
526.199,train:DC2,99.7,422.19140625,17.3,2253.27734375,2365.0,0.0,4253.0,961.0,1161.0,46.25,46.25
526.700,train:DC2,101.7,422.19140625,17.1,2251.1796875,2345.0,0.0,4246.0,961.0,1161.0,46.125,46.343
527.202,train:DC2,97.6,403.7265625,17.0,2233.40234375,2318.0,0.0,4246.0,961.0,1161.0,46.125,46.406
527.704,train:DC3,97.6,413.95703125,17.3,2242.046875,2357.0,0.0,4253.0,961.0,1161.0,46.125,46.375
528.205,train:DC3,101.7,393.94140625,17.0,2221.83203125,2385.0,0.0,4286.0,961.0,1161.0,46.093,46.281
528.706,train:DC3,97.8,363.12890625,16.7,2196.8671875,2383.0,0.0,4286.0,961.0,1161.0,46.125,46.312
529.208,train:DC3,99.7,422.19140625,17.6,2257.74609375,2389.0,0.0,4286.0,961.0,1161.0,46.125,46.468
529.709,train:DC3,97.8,422.19140625,17.0,2256.19140625,2369.0,0.0,4286.0,961.0,1161.0,46.25,46.25
530.210,train:DC3,99.8,422.17578125,17.0,2256.01953125,2342.0,0.0,4286.0,961.0,1161.0,46.093,46.375
530.711,train:DC3,99.8,406.94140625,17.0,2233.75390625,2308.0,0.0,4286.0,961.0,1161.0,46.062,46.281
531.212,train:DC3,99.8,375.31640625,17.1,2208.87890625,2385.0,0.0,4286.0,961.0,1161.0,46.125,46.375
531.713,train:DC3,97.8,341.16015625,17.0,2173.75,2385.0,0.0,4286.0,961.0,1161.0,46.343,46.343
532.214,train:DC4,101.8,343.03515625,17.6,2236.375,2368.0,0.0,4253.0,961.0,1161.0,46.25,46.312
532.716,train:DC4,97.7,422.19140625,16.7,2256.8359375,2384.0,0.0,4253.0,961.0,1161.0,46.187,46.312
533.217,train:DC4,97.8,422.19140625,17.0,2255.8203125,2367.0,0.0,4253.0,961.0,1161.0,46.093,46.187
533.718,train:DC4,99.8,413.44140625,17.3,2239.5,2337.0,0.0,4286.0,961.0,1161.0,46.375,46.375
534.219,train:DC4,99.8,389.3046875,17.1,2220.9765625,2305.0,0.0,4286.0,961.0,1161.0,46.031,46.343
534.721,train:DC4,97.7,359.6015625,17.0,2188.12890625,2382.0,0.0,4286.0,961.0,1161.0,46.218,46.406
535.222,train:DC4,99.8,422.19140625,17.5,2256.8828125,2388.0,0.0,4286.0,961.0,1161.0,46.093,46.312
535.723,train:DC4,99.8,422.19140625,16.5,2252.453125,2372.0,0.0,4286.0,961.0,1161.0,46.125,46.218
536.224,train:DC4,99.8,419.94140625,17.3,2248.7109375,2354.0,0.0,4286.0,961.0,1161.0,46.062,46.312
536.725,train:DC4,99.8,396.6171875,17.0,2223.08203125,2324.0,0.0,4246.0,961.0,1161.0,46.218,46.218
537.226,train:DC5,97.8,406.94140625,16.8,2232.95703125,2362.0,0.0,4246.0,961.0,1161.0,46.312,46.343
537.727,train:DC5,99.8,375.31640625,17.0,2207.2109375,2384.0,0.0,4286.0,961.0,1161.0,46.156,46.343
538.228,train:DC5,99.8,341.16015625,17.3,2173.36328125,2383.0,0.0,4286.0,961.0,1161.0,46.031,46.312
538.730,train:DC5,97.7,422.19140625,16.7,2251.75,2383.0,0.0,4253.0,961.0,1161.0,46.187,46.187
539.231,train:DC5,101.8,422.19140625,17.3,2248.15625,2371.0,0.0,4253.0,961.0,1161.0,46.375,46.375
539.732,train:DC5,97.8,413.44140625,16.4,2247.49609375,2354.0,0.0,4286.0,961.0,1161.0,46.125,46.187
540.233,train:DC5,99.8,387.69140625,17.5,2221.91015625,2322.0,0.0,4286.0,961.0,1161.0,46.062,46.375
540.734,train:DC5,99.8,355.06640625,17.0,2185.39453125,2386.0,0.0,4246.0,961.0,1161.0,46.218,46.312
541.235,train:DC5,97.8,422.19140625,17.3,2250.39453125,2382.0,0.0,4246.0,961.0,1161.0,46.093,46.25
541.736,train:DC5,99.8,403.7265625,16.7,2231.94921875,2363.0,0.0,4253.0,961.0,1161.0,46.156,46.156
542.238,train:DC6,99.8,422.19140625,17.3,2249.453125,2381.0,0.0,4246.0,961.0,1161.0,46.187,46.187
542.739,train:DC6,97.8,419.94140625,16.7,2249.0390625,2372.0,0.0,4246.0,961.0,1161.0,46.093,46.343
543.240,train:DC6,99.8,406.94140625,17.0,2238.11328125,2344.0,0.0,4253.0,961.0,1161.0,46.093,46.343
543.741,train:DC6,99.7,375.31640625,17.3,2207.5546875,2309.0,0.0,4253.0,961.0,1161.0,46.093,46.218
544.245,train:DC6,99.3,341.16015625,17.0,2175.40625,2380.0,0.0,4286.0,961.0,1161.0,46.187,46.218
544.746,train:DC6,97.8,422.19140625,17.0,2247.8984375,2379.0,0.0,4286.0,961.0,1161.0,46.375,46.375
545.247,train:DC6,99.8,422.19140625,17.5,2248.2109375,2379.0,0.0,4286.0,961.0,1161.0,46.156,46.187
545.748,train:DC6,99.7,413.44140625,16.4,2242.4453125,2366.0,0.0,4286.0,961.0,1161.0,46.062,46.375
546.250,train:DC6,97.8,385.52734375,17.6,2217.171875,2333.0,0.0,4246.0,961.0,1161.0,46.0,46.218
546.751,train:DC1,99.8,387.69140625,17.3,2225.1953125,2356.0,0.0,4253.0,961.0,1161.0,46.093,46.312
547.252,train:DC1,97.8,355.96875,16.4,2185.23046875,2301.0,0.0,4253.0,961.0,1161.0,46.093,46.125
547.753,train:DC1,99.8,422.19140625,17.9,2250.0625,2381.0,0.0,4253.0,961.0,1161.0,46.125,46.375
548.254,train:DC1,99.8,422.19140625,16.4,2247.76953125,2379.0,0.0,4246.0,961.0,1161.0,46.062,46.375
548.755,train:DC1,99.8,419.94140625,17.3,2252.125,2375.0,0.0,4253.0,961.0,1161.0,46.125,46.312
549.256,train:DC1,99.8,400.44140625,17.1,2231.0078125,2352.0,0.0,4246.0,961.0,1161.0,46.062,46.312
549.757,train:DC1,99.8,369.20703125,17.3,2199.0,2322.0,0.0,4253.0,961.0,1161.0,46.375,46.375
550.270,train:DC1,97.6,341.16015625,17.5,2176.22265625,2386.0,0.0,4286.0,961.0,1161.0,46.093,46.468
550.774,train:DC1,99.2,422.19140625,16.7,2248.88671875,2380.0,0.0,4286.0,961.0,1161.0,46.031,46.343
551.275,train:DC1,99.8,403.7265625,17.1,2238.24609375,2369.0,0.0,4246.0,961.0,1161.0,46.093,46.312
551.776,train:DC2,97.8,422.19140625,17.3,2247.875,2379.0,0.0,4253.0,961.0,1161.0,46.0,46.25
552.277,train:DC2,99.8,413.44140625,17.1,2244.6171875,2376.0,0.0,4253.0,961.0,1161.0,46.125,46.25
552.778,train:DC2,99.8,391.6640625,16.7,2222.08203125,2353.0,0.0,4246.0,961.0,1161.0,46.218,46.281
553.279,train:DC2,97.8,360.73046875,17.0,2195.03125,2318.0,0.0,4253.0,961.0,1161.0,46.187,46.187
553.780,train:DC2,99.8,422.19140625,17.0,2252.15625,2318.0,0.0,4253.0,961.0,1161.0,46.187,46.187
554.281,train:DC2,99.8,422.19140625,17.3,2254.72265625,2383.0,0.0,4286.0,961.0,1161.0,46.031,46.312
554.783,train:DC2,97.8,419.94140625,17.0,2250.55078125,2386.0,0.0,4286.0,961.0,1161.0,46.093,46.25
555.284,train:DC2,99.8,406.94140625,16.7,2238.73828125,2390.0,0.0,4246.0,961.0,1161.0,46.062,46.25
555.785,train:DC2,99.8,370.61328125,17.1,2201.78515625,2370.0,0.0,4253.0,961.0,1161.0,46.156,46.187
556.286,train:DC3,97.8,375.31640625,16.9,2233.27734375,2341.0,0.0,4253.0,961.0,1161.0,46.312,46.312
556.787,train:DC3,99.8,345.01953125,17.3,2173.05859375,2364.0,0.0,4286.0,961.0,1161.0,46.062,46.375
557.288,train:DC3,99.8,422.19140625,16.7,2254.5390625,2314.0,0.0,4286.0,961.0,1161.0,46.125,46.218
557.790,train:DC3,99.7,422.19140625,17.6,2247.95703125,2386.0,0.0,4286.0,961.0,1161.0,46.125,46.343
558.291,train:DC3,97.8,413.46484375,16.4,2248.546875,2379.0,0.0,4246.0,961.0,1161.0,46.093,46.281
558.792,train:DC3,99.8,393.94140625,17.3,2221.7265625,2380.0,0.0,4253.0,961.0,1161.0,46.062,46.281
559.293,train:DC3,99.8,363.12890625,17.3,2197.6484375,2370.0,0.0,4246.0,961.0,1161.0,46.218,46.218
559.794,train:DC3,97.8,422.19140625,17.3,2253.7890625,2336.0,0.0,4246.0,961.0,1161.0,46.25,46.25
560.295,train:DC3,99.7,422.19140625,17.3,2247.52734375,2306.0,0.0,4246.0,961.0,1161.0,46.093,46.25
560.798,train:DC3,99.6,403.7265625,17.0,2234.12890625,2379.0,0.0,4286.0,961.0,1161.0,46.093,46.312
561.299,train:DC4,99.7,422.19140625,17.0,2251.6328125,2365.0,0.0,4246.0,961.0,1161.0,46.125,46.187
561.800,train:DC4,97.8,408.94140625,17.1,2236.01953125,2383.0,0.0,4326.0,960.0,1160.0,46.062,46.125
562.302,train:DC4,99.5,379.44140625,17.5,2207.4453125,2383.0,0.0,4286.0,961.0,1161.0,46.125,46.156
562.804,train:DC4,99.7,347.03515625,17.1,2175.3984375,2364.0,0.0,4246.0,961.0,1161.0,46.093,46.156
563.305,train:DC4,99.8,422.19140625,16.7,2247.8984375,2338.0,0.0,4246.0,961.0,1161.0,46.156,46.375
563.806,train:DC4,99.7,422.19140625,17.0,2247.4453125,2303.0,0.0,4253.0,961.0,1161.0,45.968,46.187
564.307,train:DC4,97.8,413.88671875,17.3,2247.55859375,2379.0,0.0,4253.0,961.0,1161.0,46.093,46.25
564.808,train:DC4,97.8,393.94140625,16.7,2222.1171875,2379.0,0.0,4253.0,961.0,1161.0,46.031,46.218
565.309,train:DC4,99.8,360.3203125,17.5,2195.14453125,2379.0,0.0,4253.0,961.0,1161.0,46.312,46.312
565.810,train:DC5,99.8,363.12890625,16.8,2234.51953125,2350.0,0.0,4253.0,961.0,1161.0,46.093,46.25
566.312,train:DC5,99.8,422.19140625,17.0,2252.0234375,2368.0,0.0,4253.0,961.0,1161.0,46.125,46.343
566.813,train:DC5,97.8,422.19140625,17.1,2250.2890625,2332.0,0.0,4246.0,961.0,1161.0,46.031,46.281
567.314,train:DC5,99.8,422.19140625,17.3,2250.53515625,2341.0,0.0,4326.0,960.0,1161.0,46.062,46.25
567.815,train:DC5,97.8,408.94140625,17.0,2239.23046875,2382.0,0.0,4286.0,961.0,1161.0,46.0,46.218
568.316,train:DC5,99.8,381.05859375,17.3,2209.203125,2386.0,0.0,4246.0,961.0,1161.0,46.062,46.156
568.817,train:DC5,99.8,347.05078125,16.8,2174.546875,2374.0,0.0,4246.0,961.0,1161.0,46.281,46.281
569.318,train:DC5,99.8,422.20703125,17.3,2254.06640625,2353.0,0.0,4246.0,961.0,1161.0,46.062,46.156
569.819,train:DC5,99.8,422.20703125,17.1,2247.46875,2322.0,0.0,4246.0,961.0,1161.0,46.156,46.156
570.321,train:DC5,97.7,403.7421875,16.7,2233.9765625,2379.0,0.0,4286.0,961.0,1161.0,46.031,46.343
570.822,train:DC6,101.8,417.95703125,17.1,2251.48046875,2365.0,0.0,4253.0,961.0,1161.0,46.062,46.25
571.323,train:DC6,97.8,395.95703125,17.3,2230.5390625,2383.0,0.0,4246.0,961.0,1161.0,45.968,46.25
571.824,train:DC6,97.8,366.90234375,16.5,2197.921875,2379.0,0.0,4246.0,961.0,1161.0,46.031,46.125
572.326,train:DC6,99.7,422.20703125,17.5,2248.15625,2370.0,0.0,4253.0,961.0,1161.0,46.187,46.281
572.827,train:DC6,99.8,422.20703125,16.7,2253.05859375,2351.0,0.0,4286.0,961.0,1161.0,46.0,46.25
573.328,train:DC6,97.8,422.20703125,17.3,2249.59375,2317.0,0.0,4246.0,961.0,1161.0,46.125,46.25
573.829,train:DC6,99.7,408.73046875,18.8,2232.52734375,2381.0,0.0,4286.0,961.0,1161.0,46.093,46.125
574.331,train:DC6,101.6,379.45703125,17.1,2208.5078125,2379.0,0.0,4286.0,961.0,1161.0,46.156,46.218
574.832,train:DC6,97.7,342.67578125,17.6,2165.72265625,2375.0,0.0,4286.0,961.0,1161.0,46.093,46.125
575.334,train:DC1,99.7,347.23828125,16.7,2220.59375,2352.0,0.0,4246.0,961.0,1161.0,46.031,46.343
575.835,train:DC1,101.7,422.20703125,17.6,2247.97265625,2371.0,0.0,4286.0,961.0,1161.0,45.937,46.25
576.336,train:DC1,99.8,422.20703125,16.8,2252.2734375,2336.0,0.0,4286.0,961.0,1161.0,45.906,46.218
576.837,train:DC1,99.8,419.95703125,17.5,2243.03515625,2307.0,0.0,4286.0,961.0,1161.0,45.843,46.125
577.338,train:DC1,97.8,400.45703125,16.8,2228.140625,2378.0,0.0,4286.0,961.0,1161.0,46.093,46.125
577.839,train:DC1,101.8,369.9609375,17.3,2195.9453125,2379.0,0.0,4286.0,961.0,1161.0,46.093,46.187
578.347,train:DC1,100.4,341.17578125,16.9,2165.1953125,2382.0,0.0,4286.0,961.0,1161.0,46.031,46.312
578.849,train:DC1,97.7,422.20703125,17.5,2251.7890625,2363.0,0.0,4246.0,961.0,1161.0,45.843,46.375
579.350,train:DC1,99.8,422.20703125,16.8,2252.14453125,2342.0,0.0,4246.0,961.0,1161.0,46.031,46.156
579.851,train:DC1,101.8,403.7421875,17.1,2226.34765625,2303.0,0.0,4246.0,961.0,1161.0,46.093,46.218
580.352,train:DC2,99.8,415.38671875,17.3,2245.8515625,2358.0,0.0,4246.0,961.0,1161.0,45.906,46.343
580.853,train:DC2,97.7,395.95703125,17.3,2228.421875,2377.0,0.0,4246.0,961.0,1161.0,46.062,46.343
581.354,train:DC2,99.8,369.20703125,17.3,2191.8515625,2383.0,0.0,4246.0,961.0,1161.0,45.937,46.187
581.856,train:DC2,99.8,422.20703125,17.0,2170.94140625,2382.0,0.0,4253.0,961.0,1161.0,46.093,46.187
582.378,train:DC2,101.5,422.20703125,17.0,2245.43359375,2369.0,0.0,4246.0,961.0,1161.0,45.843,46.125
582.879,train:DC2,99.8,422.20703125,16.7,2245.85546875,2342.0,0.0,4246.0,961.0,1161.0,46.031,46.281
583.380,train:DC2,99.8,413.45703125,17.6,2244.5390625,2317.0,0.0,4246.0,961.0,1161.0,45.875,46.312
583.881,train:DC2,97.8,392.375,17.0,2215.3359375,2384.0,0.0,4326.0,960.0,1160.0,46.0,46.281
584.382,train:DC2,101.7,359.7421875,17.4,2189.875,2382.0,0.0,4286.0,961.0,1161.0,45.906,46.218
584.883,train:DC3,99.7,363.14453125,18.9,2189.453125,2360.0,0.0,4286.0,961.0,1161.0,46.25,46.25
585.385,train:DC3,99.6,422.20703125,17.1,2248.26171875,2379.0,0.0,4326.0,960.0,1161.0,46.218,46.218
585.887,train:DC3,97.8,422.20703125,16.7,2245.84765625,2369.0,0.0,4286.0,961.0,1161.0,46.031,46.125
586.388,train:DC3,99.8,422.20703125,17.0,2252.08203125,2340.0,0.0,4286.0,961.0,1161.0,45.968,46.218
586.889,train:DC3,97.8,406.95703125,16.7,2232.98046875,2304.0,0.0,4246.0,961.0,1161.0,45.968,46.281
587.390,train:DC3,101.8,376.83984375,17.6,2204.65625,2384.0,0.0,4286.0,961.0,1161.0,46.312,46.312
587.891,train:DC3,99.8,346.2734375,16.7,2169.65234375,2379.0,0.0,4246.0,961.0,1161.0,46.125,46.125
588.392,train:DC3,95.8,422.20703125,17.5,2251.8046875,2383.0,0.0,4246.0,961.0,1161.0,46.093,46.125
588.893,train:DC3,101.8,422.20703125,16.5,2251.26171875,2359.0,0.0,4286.0,961.0,1161.0,45.937,46.187
589.395,train:DC3,97.8,403.7421875,17.0,2231.6015625,2332.0,0.0,4286.0,960.0,1161.0,45.937,46.25
589.896,train:DC4,99.8,417.95703125,17.0,2247.10546875,2355.0,0.0,4246.0,961.0,1161.0,46.0,46.125
590.397,train:DC4,97.8,395.328125,17.1,2227.10546875,2304.0,0.0,4286.0,961.0,1161.0,46.218,46.218
590.898,train:DC4,99.8,367.20703125,17.0,2193.84375,2386.0,0.0,4286.0,961.0,1161.0,46.031,46.281
591.399,train:DC4,99.7,422.20703125,17.0,2252.96875,2384.0,0.0,4246.0,961.0,1161.0,46.093,46.218
591.900,train:DC4,97.8,422.20703125,17.3,2247.94921875,2375.0,0.0,4253.0,961.0,1161.0,45.937,46.218
592.401,train:DC4,101.8,422.20703125,17.1,2250.8984375,2359.0,0.0,4246.0,961.0,1161.0,46.187,46.156
592.903,train:DC4,97.8,408.95703125,17.0,2238.46484375,2326.0,0.0,4253.0,961.0,1161.0,46.062,46.125
593.404,train:DC4,99.8,381.45703125,16.8,2211.6875,2341.0,0.0,4293.0,961.0,1161.0,46.0,46.125
593.905,train:DC4,97.8,346.74609375,17.3,2174.0546875,2385.0,0.0,4253.0,961.0,1161.0,46.093,46.187
594.406,train:DC5,99.8,351.44140625,17.1,2220.46875,2359.0,0.0,4286.0,961.0,1161.0,46.093,46.218
594.907,train:DC5,99.8,422.20703125,17.3,2247.69140625,2379.0,0.0,4286.0,961.0,1161.0,46.031,46.156
595.408,train:DC5,97.8,422.20703125,16.7,2252.1796875,2372.0,0.0,4246.0,961.0,1161.0,46.0,46.156
595.909,train:DC5,99.8,419.95703125,17.3,2247.16796875,2355.0,0.0,4253.0,961.0,1161.0,46.093,46.125
596.410,train:DC5,99.7,400.45703125,17.1,2231.12890625,2331.0,0.0,4253.0,961.0,1161.0,46.218,46.343
596.912,train:DC5,99.8,369.20703125,17.0,2197.5,2382.0,0.0,4286.0,961.0,1161.0,46.062,46.218
597.423,train:DC5,99.6,341.17578125,16.9,2168.984375,2380.0,0.0,4246.0,961.0,1161.0,46.093,46.25
597.927,train:DC5,97.2,422.20703125,17.0,2255.05078125,2386.0,0.0,4246.0,961.0,1161.0,46.25,46.187
598.428,train:DC5,99.8,422.20703125,16.8,2251.71484375,2375.0,0.0,4246.0,961.0,1161.0,46.031,46.25
598.929,train:DC5,99.8,403.7421875,17.5,2232.015625,2347.0,0.0,4246.0,961.0,1161.0,46.125,46.125
599.430,train:DC6,99.8,414.0703125,17.0,2232.75390625,2363.0,0.0,4246.0,961.0,1161.0,46.031,46.281
599.932,train:DC6,99.7,393.95703125,16.7,2219.2578125,2327.0,0.0,4286.0,961.0,1161.0,46.0,46.25
600.434,train:DC6,99.6,363.14453125,17.3,2192.90234375,2376.0,0.0,4286.0,961.0,1161.0,46.062,46.156
600.935,train:DC6,97.8,422.20703125,17.3,2250.02734375,2381.0,0.0,4286.0,961.0,1161.0,46.0,46.218
601.436,train:DC6,97.8,422.20703125,16.8,2247.125,2378.0,0.0,4246.0,961.0,1161.0,46.125,46.125
601.937,train:DC6,101.8,422.19140625,17.5,2248.9140625,2364.0,0.0,4246.0,961.0,1161.0,45.968,46.25
602.439,train:DC6,97.8,406.95703125,16.7,2234.58203125,2339.0,0.0,4253.0,961.0,1161.0,46.0,46.25
602.940,train:DC6,99.8,375.33203125,17.3,2199.296875,2315.0,0.0,4246.0,961.0,1161.0,45.968,46.156
603.441,train:DC6,97.8,341.17578125,16.7,2170.2734375,2381.0,0.0,4286.0,961.0,1161.0,46.187,46.187
603.942,train:DC1,101.8,341.17578125,17.3,2231.9140625,2363.0,0.0,4253.0,961.0,1161.0,46.062,46.125
604.443,train:DC1,97.8,422.20703125,16.4,2251.25,2382.0,0.0,4246.0,961.0,1161.0,46.187,46.406
604.944,train:DC1,99.8,422.20703125,17.6,2251.390625,2383.0,0.0,4246.0,961.0,1161.0,46.0,46.281
605.445,train:DC1,97.8,413.48828125,17.0,2243.453125,2367.0,0.0,4246.0,961.0,1161.0,46.062,46.125
605.946,train:DC1,99.7,391.95703125,17.1,2216.7890625,2340.0,0.0,4286.0,961.0,1161.0,46.0,46.187
606.448,train:DC1,99.7,362.0234375,16.7,2186.0546875,2302.0,0.0,4286.0,961.0,1161.0,46.187,46.187
606.949,train:DC1,97.8,422.20703125,17.0,2245.1796875,2376.0,0.0,4246.0,961.0,1161.0,46.312,46.343
607.450,train:DC1,99.8,422.20703125,17.3,2246.44921875,2378.0,0.0,4246.0,961.0,1161.0,46.093,46.25
607.951,train:DC1,99.7,419.95703125,17.0,2248.625,2380.0,0.0,4253.0,961.0,1161.0,45.937,46.343
608.453,train:DC1,97.7,396.6328125,17.3,2224.84765625,2352.0,0.0,4246.0,961.0,1161.0,46.0,46.156
608.954,train:DC2,99.7,406.95703125,17.1,2232.72265625,2364.0,0.0,4246.0,961.0,1161.0,46.25,46.25
609.455,train:DC2,99.8,375.3359375,17.0,2202.2578125,2333.0,0.0,4246.0,961.0,1161.0,46.093,46.187
609.956,train:DC2,97.8,345.54296875,16.4,2173.9921875,2302.0,0.0,4246.0,961.0,1161.0,46.031,46.343
610.457,train:DC2,99.8,422.20703125,17.5,2256.49609375,2302.0,0.0,4246.0,961.0,1161.0,46.031,46.343
610.958,train:DC2,99.8,422.20703125,16.8,2253.30859375,2388.0,0.0,4246.0,961.0,1161.0,46.031,46.218
611.459,train:DC2,99.8,414.203125,16.7,2244.625,2384.0,0.0,4246.0,961.0,1161.0,46.0,46.281
611.961,train:DC2,99.8,393.95703125,17.3,2220.8671875,2376.0,0.0,4286.0,961.0,1161.0,45.906,46.156
612.462,train:DC2,97.8,363.14453125,17.3,2196.92578125,2360.0,0.0,4246.0,961.0,1161.0,46.031,46.125
612.963,train:DC2,99.8,422.20703125,17.0,2256.05078125,2328.0,0.0,4246.0,961.0,1161.0,46.218,46.343
613.464,train:DC2,97.8,403.7421875,17.5,2233.61328125,2370.0,0.0,4246.0,961.0,1161.0,46.093,46.25
613.965,train:DC3,101.7,422.20703125,17.0,2253.1171875,2357.0,0.0,4246.0,961.0,1161.0,45.937,46.187
614.466,train:DC3,97.8,422.20703125,17.0,2249.2265625,2384.0,0.0,4286.0,961.0,1161.0,46.062,46.156
614.967,train:DC3,99.8,408.95703125,17.1,2237.55859375,2380.0,0.0,4286.0,961.0,1161.0,46.25,46.25
615.468,train:DC3,99.8,383.45703125,17.0,2212.7265625,2377.0,0.0,4286.0,961.0,1161.0,45.968,46.437
615.970,train:DC3,97.7,353.50390625,16.7,2182.28125,2360.0,0.0,4246.0,961.0,1161.0,46.125,46.25
616.471,train:DC3,99.8,422.20703125,16.8,2248.94140625,2329.0,0.0,4286.0,960.0,1161.0,46.031,46.218
616.972,train:DC3,99.8,422.20703125,17.3,2249.94140625,2380.0,0.0,4326.0,960.0,1160.0,46.343,46.343
617.473,train:DC3,97.8,419.95703125,17.3,2252.00390625,2381.0,0.0,4286.0,961.0,1161.0,46.093,46.187
617.974,train:DC3,99.7,392.9765625,17.0,2225.77734375,2387.0,0.0,4246.0,961.0,1161.0,46.156,46.156
618.476,train:DC4,101.8,405.671875,16.7,2232.98046875,2365.0,0.0,4246.0,961.0,1161.0,46.031,46.281
618.977,train:DC4,97.8,374.8515625,17.1,2204.12890625,2372.0,0.0,4286.0,961.0,1161.0,46.0,46.187
619.479,train:DC4,99.6,341.17578125,17.2,2165.74609375,2351.0,0.0,4246.0,961.0,1161.0,45.968,46.187
619.980,train:DC4,97.7,422.20703125,16.8,2247.01953125,2327.0,0.0,4246.0,961.0,1161.0,46.093,46.218
620.481,train:DC4,99.8,422.20703125,17.5,2256.18359375,2378.0,0.0,4286.0,961.0,1161.0,46.218,46.218
620.982,train:DC4,99.8,413.45703125,17.1,2245.19140625,2387.0,0.0,4286.0,961.0,1161.0,46.125,46.375
621.483,train:DC4,99.8,387.70703125,17.3,2216.41796875,2380.0,0.0,4286.0,961.0,1161.0,46.125,46.25
621.984,train:DC4,99.8,357.08203125,16.7,2187.0234375,2370.0,0.0,4253.0,961.0,1161.0,45.875,46.375
622.486,train:DC4,97.7,422.20703125,17.5,2253.90234375,2350.0,0.0,4326.0,960.0,1160.0,46.312,46.312
622.987,train:DC4,99.8,403.7421875,16.8,2230.28125,2314.0,0.0,4286.0,961.0,1161.0,45.937,46.343
623.488,train:DC5,99.8,422.20703125,17.3,2249.76953125,2361.0,0.0,4246.0,961.0,1161.0,46.187,46.187
623.989,train:DC5,97.8,422.20703125,16.5,2248.69921875,2381.0,0.0,4286.0,961.0,1161.0,46.093,46.187
624.490,train:DC5,99.8,406.95703125,17.3,2233.76171875,2380.0,0.0,4286.0,961.0,1161.0,45.937,46.218
624.991,train:DC5,99.8,376.4765625,17.0,2208.203125,2385.0,0.0,4246.0,961.0,1161.0,45.937,46.218
625.492,train:DC5,97.8,346.65234375,17.0,2174.85546875,2371.0,0.0,4286.0,961.0,1161.0,46.093,46.125
625.993,train:DC5,99.8,422.20703125,17.3,2249.484375,2345.0,0.0,4246.0,961.0,1161.0,46.343,46.343
626.494,train:DC5,99.8,422.20703125,17.1,2252.828125,2318.0,0.0,4326.0,960.0,1161.0,46.093,46.093
626.995,train:DC5,97.8,414.25390625,16.7,2242.4140625,2384.0,0.0,4286.0,961.0,1161.0,45.968,46.25
627.497,train:DC5,99.8,391.3515625,17.6,2224.7578125,2385.0,0.0,4246.0,961.0,1161.0,46.062,46.218
627.998,train:DC6,99.8,398.99609375,17.0,2232.6328125,2364.0,0.0,4286.0,961.0,1161.0,45.968,46.125
628.499,train:DC6,97.8,369.0546875,16.7,2196.93359375,2383.0,0.0,4286.0,961.0,1161.0,46.031,46.125
629.000,train:DC6,99.8,422.20703125,17.0,2256.05859375,2367.0,0.0,4246.0,961.0,1161.0,46.093,46.093
629.501,train:DC6,99.8,422.20703125,17.3,2248.8671875,2345.0,0.0,4246.0,961.0,1161.0,46.031,46.187
630.002,train:DC6,99.8,422.20703125,16.7,2246.70703125,2311.0,0.0,4246.0,961.0,1161.0,46.0,46.218
630.503,train:DC6,99.8,408.95703125,17.6,2240.7734375,2378.0,0.0,4286.0,961.0,1161.0,46.031,46.156
631.004,train:DC6,97.8,381.45703125,16.4,2210.34765625,2384.0,0.0,4246.0,961.0,1161.0,46.125,46.187
631.505,train:DC6,99.8,347.05078125,17.9,2172.2578125,2381.0,0.0,4286.0,960.0,1161.0,46.25,46.25
632.006,train:DC6,99.8,422.20703125,16.7,2246.88671875,2370.0,0.0,4286.0,961.0,1161.0,45.968,46.125
632.507,train:DC6,97.8,403.7421875,17.0,2233.8046875,2333.0,0.0,4246.0,961.0,1161.0,46.093,46.25
633.008,train:DC1,99.8,422.20703125,16.7,2253.30859375,2357.0,0.0,4286.0,961.0,1161.0,46.031,46.125
633.510,train:DC1,101.8,419.95703125,17.3,2248.35546875,2309.0,0.0,4286.0,960.0,1161.0,45.875,46.125
634.011,train:DC1,95.8,399.20703125,17.1,2234.01171875,2384.0,0.0,4286.0,961.0,1161.0,45.875,46.125
634.512,train:DC1,101.8,369.20703125,17.6,2201.53125,2381.0,0.0,4286.0,961.0,1161.0,46.125,46.125
635.031,train:DC1,100.2,341.17578125,17.0,2170.87109375,2384.0,0.0,4246.0,961.0,1161.0,46.156,46.156
635.535,train:DC1,99.2,422.20703125,17.3,2249.0625,2364.0,0.0,4246.0,961.0,1161.0,45.968,46.281
636.036,train:DC1,99.8,422.20703125,17.0,2251.1796875,2339.0,0.0,4253.0,961.0,1161.0,45.937,46.125
636.537,train:DC1,97.8,413.45703125,17.7,2247.8203125,2301.0,0.0,4286.0,960.0,1161.0,45.843,46.187
637.038,train:DC1,101.7,386.0703125,17.0,2217.171875,2387.0,0.0,4286.0,961.0,1161.0,45.968,46.125
637.539,train:DC2,99.8,393.95703125,17.3,2225.19140625,2364.0,0.0,4286.0,961.0,1161.0,45.968,46.031
638.041,train:DC2,97.8,363.14453125,17.3,2194.19921875,2384.0,0.0,4246.0,961.0,1161.0,46.062,46.156
638.542,train:DC2,101.8,422.20703125,17.3,2253.54296875,2385.0,0.0,4286.0,960.0,1161.0,45.937,46.156
639.043,train:DC2,97.8,422.20703125,17.1,2256.16796875,2372.0,0.0,4246.0,961.0,1161.0,45.875,46.125
639.544,train:DC2,99.8,422.20703125,17.1,2252.78125,2333.0,0.0,4246.0,961.0,1161.0,45.906,46.187
640.045,train:DC2,99.8,408.95703125,16.8,2238.66015625,2303.0,0.0,4253.0,961.0,1161.0,46.093,46.093
640.546,train:DC2,99.8,381.45703125,17.8,2213.16015625,2386.0,0.0,4246.0,961.0,1161.0,45.875,46.25
641.047,train:DC2,99.8,349.05078125,16.4,2175.17578125,2380.0,0.0,4253.0,921.0,1161.0,45.937,46.187
641.548,train:DC2,99.7,422.20703125,17.4,2256.203125,2379.0,0.0,4253.0,961.0,1161.0,45.843,46.125
642.049,train:DC2,99.8,403.7421875,17.5,2234.0703125,2357.0,0.0,4286.0,961.0,1161.0,46.125,46.125
642.550,train:DC3,99.8,422.20703125,17.1,2253.56640625,2369.0,0.0,4286.0,961.0,1161.0,45.968,46.062
643.052,train:DC3,99.8,419.95703125,17.3,2251.2734375,2339.0,0.0,4246.0,961.0,1161.0,45.968,46.093
643.553,train:DC3,99.8,405.96484375,17.1,2235.5390625,2308.0,0.0,4246.0,961.0,1161.0,45.843,46.125
644.054,train:DC3,99.8,375.33203125,17.3,2208.06640625,2382.0,0.0,4246.0,961.0,1161.0,45.812,46.093
644.555,train:DC3,99.8,341.17578125,18.5,2171.671875,2391.0,0.0,4246.0,961.0,1161.0,45.875,46.125
645.057,train:DC3,99.6,422.20703125,17.5,2249.91796875,2381.0,0.0,4246.0,961.0,1161.0,45.906,46.062
645.558,train:DC3,99.8,422.20703125,16.8,2253.6328125,2361.0,0.0,4246.0,961.0,1161.0,46.031,46.0
646.059,train:DC3,99.8,413.45703125,17.3,2246.49609375,2334.0,0.0,4246.0,961.0,1161.0,46.218,46.218
646.560,train:DC3,99.8,388.8828125,17.7,2217.07421875,2301.0,0.0,4246.0,961.0,1161.0,45.968,46.125
647.061,train:DC4,97.8,393.95703125,16.7,2232.82421875,2364.0,0.0,4286.0,960.0,1161.0,46.031,46.125
647.563,train:DC4,101.8,364.94921875,17.7,2198.10546875,2384.0,0.0,4286.0,960.0,1161.0,45.812,46.125
648.064,train:DC4,99.7,422.20703125,16.4,2249.35546875,2381.0,0.0,4326.0,960.0,1160.0,45.968,46.125
648.565,train:DC4,99.8,422.20703125,17.6,2251.5390625,2383.0,0.0,4246.0,961.0,1161.0,45.875,46.125
649.066,train:DC4,99.8,422.20703125,17.0,2252.94140625,2368.0,0.0,4246.0,961.0,1161.0,45.937,46.093
649.567,train:DC4,97.8,408.95703125,17.3,2241.57421875,2337.0,0.0,4246.0,961.0,1161.0,46.093,46.093
650.068,train:DC4,101.8,381.9375,17.0,2208.3515625,2302.0,0.0,4246.0,961.0,1161.0,45.906,46.093
650.569,train:DC4,97.8,353.8984375,17.1,2182.93359375,2383.0,0.0,4246.0,961.0,1161.0,46.031,46.125
651.070,train:DC4,99.8,422.20703125,17.1,2249.93359375,2381.0,0.0,4246.0,961.0,1161.0,45.875,46.156
651.571,train:DC4,99.8,403.7421875,17.3,2233.19140625,2364.0,0.0,4246.0,961.0,1161.0,46.187,46.187
652.072,train:DC5,99.8,422.20703125,17.1,2252.6953125,2384.0,0.0,4246.0,961.0,1161.0,45.968,46.125
652.574,train:DC5,99.8,419.95703125,17.5,2254.64453125,2370.0,0.0,4286.0,960.0,1161.0,45.968,46.093
653.075,train:DC5,99.8,406.95703125,17.1,2241.1875,2337.0,0.0,4286.0,960.0,1161.0,46.093,46.093
653.576,train:DC5,99.8,375.33203125,17.3,2204.6875,2305.0,0.0,4286.0,960.0,1161.0,45.812,46.218
654.077,train:DC5,97.8,341.97265625,17.0,2171.66796875,2387.0,0.0,4286.0,961.0,1161.0,45.875,46.125
654.578,train:DC5,101.8,422.20703125,17.6,2255.765625,2387.0,0.0,4246.0,961.0,1161.0,45.843,46.093
655.079,train:DC5,99.8,422.20703125,16.8,2251.21484375,2382.0,0.0,4246.0,961.0,1161.0,46.125,46.125
655.580,train:DC5,97.8,413.5078125,17.3,2247.4921875,2363.0,0.0,4246.0,961.0,1161.0,45.937,46.0
656.081,train:DC5,101.8,391.3515625,17.3,2225.50390625,2333.0,0.0,4246.0,961.0,1161.0,45.812,46.218
656.582,train:DC6,99.8,398.5390625,16.7,2229.50390625,2357.0,0.0,4246.0,961.0,1161.0,45.875,46.062
657.084,train:DC6,99.7,369.20703125,17.6,2201.5625,2305.0,0.0,4246.0,961.0,1161.0,45.843,46.125
657.603,train:DC6,100.1,341.17578125,16.7,2169.3125,2384.0,0.0,4246.0,961.0,1161.0,45.843,46.125
658.107,train:DC6,99.2,422.20703125,17.7,2252.42578125,2384.0,0.0,4286.0,960.0,1161.0,45.812,46.125
658.608,train:DC6,97.8,422.20703125,17.3,2254.41796875,2386.0,0.0,4320.0,960.0,1160.0,46.093,46.093
659.109,train:DC6,101.8,413.45703125,17.4,2246.1015625,2369.0,0.0,4326.0,960.0,1160.0,45.906,45.968
659.610,train:DC6,99.8,392.8046875,17.3,2219.34765625,2335.0,0.0,4286.0,961.0,1161.0,45.937,46.125
660.111,train:DC6,99.8,363.14453125,17.1,2189.78515625,2303.0,0.0,4246.0,961.0,1161.0,45.843,46.093
660.613,train:DC6,97.8,422.20703125,17.3,2248.91015625,2380.0,0.0,4246.0,961.0,1161.0,46.187,46.031
661.114,train:DC6,99.8,403.7421875,17.4,2234.921875,2366.0,0.0,4246.0,961.0,1161.0,45.937,45.937
661.615,train:DC1,99.8,422.20703125,17.0,2254.42578125,2386.0,0.0,4246.0,961.0,1161.0,45.968,46.0
662.116,train:DC1,101.8,422.20703125,17.3,2249.70703125,2381.0,0.0,4246.0,961.0,1161.0,45.812,46.25
662.617,train:DC1,97.8,408.95703125,17.1,2240.71875,2372.0,0.0,4246.0,961.0,1161.0,45.781,46.0
663.118,train:DC1,99.8,381.45703125,17.3,2208.453125,2340.0,0.0,4246.0,961.0,1161.0,45.843,46.062
663.619,train:DC1,99.8,352.0,16.4,2178.859375,2306.0,0.0,4286.0,960.0,1161.0,45.875,46.0
664.120,train:DC1,99.8,422.20703125,17.0,2250.04296875,2381.0,0.0,4286.0,961.0,1161.0,46.093,46.093
664.621,train:DC1,99.8,422.20703125,17.9,2252.40625,2384.0,0.0,4286.0,961.0,1161.0,45.906,45.968
665.122,train:DC1,99.8,419.95703125,17.1,2259.80859375,2391.0,0.0,4286.0,961.0,1161.0,45.968,45.968
665.624,train:DC1,99.8,392.9765625,16.7,2219.828125,2391.0,0.0,4286.0,961.0,1161.0,45.968,45.968
666.125,train:DC2,97.8,406.95703125,17.3,2239.578125,2351.0,0.0,4246.0,961.0,1161.0,46.0,46.218
666.626,train:DC2,101.8,375.33203125,17.3,2208.73828125,2371.0,0.0,4246.0,961.0,1161.0,45.875,46.093
667.127,train:DC2,97.8,341.17578125,16.8,2172.47265625,2340.0,0.0,4253.0,961.0,1161.0,45.937,46.031
667.628,train:DC2,99.8,422.20703125,17.5,2256.5703125,2305.0,0.0,4246.0,961.0,1161.0,45.843,46.187
668.129,train:DC2,101.7,422.20703125,17.1,2252.7265625,2388.0,0.0,4246.0,961.0,1161.0,46.031,46.031
668.631,train:DC2,99.8,414.0625,17.3,2248.7734375,2384.0,0.0,4286.0,961.0,1161.0,46.125,46.125
669.132,train:DC2,99.8,393.95703125,17.3,2227.30078125,2380.0,0.0,4246.0,961.0,1161.0,45.968,46.093
669.633,train:DC2,99.8,363.14453125,16.8,2194.3671875,2370.0,0.0,4286.0,961.0,1161.0,45.937,46.125
670.134,train:DC2,99.8,422.20703125,17.6,2253.25,2333.0,0.0,4246.0,961.0,1161.0,45.937,46.093
670.635,train:DC2,97.8,403.7421875,17.0,2234.375,2303.0,0.0,4246.0,961.0,1161.0,45.75,46.125
671.136,train:DC3,99.8,422.20703125,17.1,2253.87890625,2366.0,0.0,4253.0,961.0,1161.0,45.75,46.062
671.637,train:DC3,101.8,422.20703125,17.3,2256.12109375,2385.0,0.0,4246.0,961.0,1161.0,45.937,46.0
672.139,train:DC3,97.7,408.95703125,17.3,2237.84765625,2387.0,0.0,4246.0,961.0,1161.0,45.906,45.968
672.640,train:DC3,99.8,387.484375,16.7,2220.18359375,2385.0,0.0,4246.0,961.0,1161.0,45.906,46.0
673.141,train:DC3,99.8,355.08203125,17.3,2188.5234375,2371.0,0.0,4246.0,961.0,1161.0,45.875,45.937
673.642,train:DC3,99.8,422.20703125,17.3,2255.5234375,2343.0,0.0,4246.0,961.0,1161.0,45.937,46.125
674.143,train:DC3,99.8,422.20703125,17.3,2251.16015625,2308.0,0.0,4246.0,961.0,1161.0,46.0,46.125
674.644,train:DC3,99.8,419.95703125,16.7,2255.203125,2382.0,0.0,4246.0,961.0,1161.0,45.812,46.093
675.145,train:DC3,101.8,396.6328125,17.3,2226.36328125,2386.0,0.0,4286.0,960.0,1161.0,45.812,46.031
675.647,train:DC4,97.8,406.95703125,17.1,2237.984375,2365.0,0.0,4246.0,961.0,1161.0,45.812,45.906
676.148,train:DC4,99.8,375.4609375,17.3,2204.76953125,2385.0,0.0,4246.0,961.0,1161.0,46.093,46.093
676.649,train:DC4,99.7,345.90625,17.6,2172.7109375,2371.0,0.0,4246.0,961.0,1161.0,45.937,46.031
677.150,train:DC4,101.8,422.22265625,17.0,2251.27734375,2339.0,0.0,4253.0,961.0,1161.0,45.812,46.125
677.651,train:DC4,97.8,422.22265625,17.1,2252.625,2317.0,0.0,4253.0,961.0,1161.0,46.0,46.0
678.152,train:DC4,99.8,414.4765625,17.3,2248.20703125,2384.0,0.0,4246.0,961.0,1161.0,45.843,46.031
678.653,train:DC4,99.8,393.97265625,17.1,2220.69921875,2387.0,0.0,4246.0,961.0,1161.0,45.875,46.125
679.155,train:DC4,99.8,363.16015625,17.0,2195.25390625,2380.0,0.0,4246.0,961.0,1161.0,45.75,46.125
679.656,train:DC4,99.8,422.22265625,17.3,2254.37890625,2370.0,0.0,4246.0,961.0,1161.0,45.812,46.062
680.157,train:DC4,99.7,403.7578125,17.9,2233.1328125,2341.0,0.0,4213.0,961.0,1161.0,45.843,46.0
680.659,train:DC5,99.6,422.22265625,16.8,2252.62890625,2364.0,0.0,4286.0,960.0,1161.0,45.812,45.937
681.161,train:DC5,99.7,422.22265625,17.3,2252.62890625,2317.0,0.0,4246.0,961.0,1161.0,45.968,45.968
681.662,train:DC5,101.7,408.97265625,17.3,2240.5703125,2384.0,0.0,4286.0,961.0,1161.0,46.093,46.156
682.163,train:DC5,97.8,386.73828125,17.0,2220.6875,2388.0,0.0,4246.0,961.0,1161.0,45.875,46.125
682.664,train:DC5,99.8,355.09765625,17.3,2187.5546875,2387.0,0.0,4246.0,961.0,1161.0,45.812,46.062
683.165,train:DC5,99.8,422.22265625,17.3,2254.5546875,2370.0,0.0,4246.0,961.0,1161.0,45.843,46.031
683.667,train:DC5,99.8,422.22265625,17.0,2253.59765625,2341.0,0.0,4246.0,961.0,1161.0,46.093,46.093
684.168,train:DC5,99.8,419.97265625,17.3,2252.37890625,2305.0,0.0,4246.0,961.0,1161.0,45.75,45.937
684.669,train:DC5,99.8,396.6484375,16.8,2226.40234375,2384.0,0.0,4246.0,961.0,1161.0,46.0,46.187
685.170,train:DC6,99.8,406.97265625,17.3,2238.27734375,2365.0,0.0,4246.0,961.0,1161.0,45.781,45.968
685.671,train:DC6,99.8,375.34765625,17.3,2207.8125,2385.0,0.0,4246.0,961.0,1161.0,45.875,46.0
686.172,train:DC6,99.8,345.8203125,16.8,2173.49609375,2382.0,0.0,4286.0,961.0,1161.0,45.687,45.937
686.673,train:DC6,99.8,422.22265625,17.6,2252.30078125,2376.0,0.0,4246.0,961.0,1161.0,46.062,46.062
687.174,train:DC6,99.8,422.22265625,17.0,2249.3359375,2345.0,0.0,4246.0,961.0,1161.0,46.062,46.062
687.676,train:DC6,99.8,415.2890625,17.3,2243.734375,2316.0,0.0,4246.0,961.0,1161.0,45.875,46.125
688.177,train:DC6,97.8,394.82421875,16.8,2233.49609375,2383.0,0.0,4246.0,961.0,1161.0,45.718,46.031
688.678,train:DC6,101.8,367.08203125,17.9,2194.17578125,2392.0,0.0,4246.0,961.0,1161.0,45.812,46.062
689.179,train:DC6,99.7,422.22265625,17.1,2253.30078125,2384.0,0.0,4253.0,961.0,1161.0,45.812,45.968
689.692,train:DC6,99.4,341.19140625,17.4,2232.02734375,2355.0,0.0,4246.0,961.0,1161.0,45.937,46.093
690.200,train:DC1,100.5,422.22265625,16.7,2251.53125,2369.0,0.0,4246.0,961.0,1161.0,45.968,45.968
690.701,train:DC1,97.8,422.22265625,17.3,2249.20703125,2345.0,0.0,4246.0,961.0,1161.0,45.843,46.093
691.202,train:DC1,101.8,413.47265625,17.0,2247.39453125,2312.0,0.0,4246.0,961.0,1161.0,45.843,46.0
691.703,train:DC1,97.8,392.9453125,16.8,2219.58984375,2386.0,0.0,4286.0,960.0,1160.0,45.781,46.0
692.204,train:DC1,101.8,363.16015625,17.5,2194.19921875,2386.0,0.0,4246.0,961.0,1161.0,45.968,45.968
692.705,train:DC1,97.8,422.22265625,17.1,2253.32421875,2385.0,0.0,4246.0,961.0,1161.0,46.062,46.062
693.206,train:DC1,99.8,422.22265625,17.1,2255.65625,2371.0,0.0,4246.0,961.0,1161.0,45.906,46.187
693.708,train:DC1,99.7,422.22265625,17.7,2261.49609375,2341.0,0.0,4246.0,961.0,1161.0,45.843,46.062
694.210,train:DC1,101.6,397.69140625,17.1,2228.46484375,2305.0,0.0,4286.0,961.0,1161.0,45.75,46.0
694.711,train:DC2,97.8,408.97265625,17.1,2240.09375,2360.0,0.0,4246.0,961.0,1161.0,45.843,46.031
695.212,train:DC2,101.8,381.47265625,17.5,2213.45703125,2387.0,0.0,4246.0,961.0,1161.0,45.843,45.937
695.713,train:DC2,97.8,353.1640625,17.1,2179.9375,2380.0,0.0,4286.0,960.0,1161.0,46.0,46.0
696.214,train:DC2,101.7,422.22265625,17.0,2254.8125,2386.0,0.0,4286.0,961.0,1161.0,46.0,46.125
696.715,train:DC2,97.8,422.22265625,17.3,2255.765625,2371.0,0.0,4246.0,961.0,1161.0,45.875,46.093
697.217,train:DC2,99.8,419.97265625,17.1,2251.515625,2339.0,0.0,4286.0,961.0,1161.0,45.812,46.0
697.718,train:DC2,99.8,400.47265625,17.1,2233.12109375,2306.0,0.0,4246.0,961.0,1161.0,45.781,45.968
698.219,train:DC2,99.8,371.12890625,17.3,2203.20703125,2380.0,0.0,4246.0,961.0,1161.0,46.0,46.0
698.726,train:DC2,98.6,341.19140625,16.9,2172.60546875,2386.0,0.0,4246.0,961.0,1161.0,45.937,45.968
699.227,train:DC3,101.7,343.06640625,17.3,2235.23046875,2366.0,0.0,4246.0,961.0,1161.0,46.0,46.0
699.729,train:DC3,97.7,422.22265625,17.1,2254.4296875,2386.0,0.0,4246.0,961.0,1161.0,45.937,45.968
700.230,train:DC3,99.8,422.22265625,17.3,2256.13671875,2372.0,0.0,4286.0,961.0,1161.0,45.843,46.125
700.731,train:DC3,101.8,415.09765625,17.1,2247.9453125,2344.0,0.0,4286.0,961.0,1161.0,45.906,46.0
701.232,train:DC3,99.8,394.81640625,17.6,2221.23046875,2313.0,0.0,4286.0,961.0,1161.0,45.656,46.062
701.733,train:DC3,99.8,367.4140625,17.3,2196.99609375,2380.0,0.0,4286.0,961.0,1161.0,46.093,46.093
702.234,train:DC3,97.8,422.22265625,17.1,2256.12109375,2387.0,0.0,4246.0,961.0,1161.0,45.843,45.937
702.735,train:DC3,99.8,422.22265625,17.0,2249.4296875,2381.0,0.0,4286.0,961.0,1161.0,45.812,45.875
703.236,train:DC3,99.8,422.22265625,17.1,2256.2890625,2372.0,0.0,4246.0,961.0,1161.0,45.812,46.125
703.737,train:DC3,99.8,401.9296875,17.3,2233.08203125,2341.0,0.0,4246.0,961.0,1161.0,45.812,46.031
704.239,train:DC4,99.8,413.47265625,16.8,2244.7109375,2364.0,0.0,4246.0,961.0,1161.0,45.781,46.031
704.740,train:DC4,99.7,387.72265625,19.5,2220.953125,2313.0,0.0,4286.0,961.0,1161.0,45.781,45.968
705.242,train:DC4,99.6,356.17578125,17.1,2190.10546875,2380.0,0.0,4286.0,961.0,1161.0,46.031,46.0
705.743,train:DC4,99.8,422.22265625,17.3,2249.23046875,2380.0,0.0,4286.0,961.0,1161.0,46.218,46.218
706.244,train:DC4,101.8,422.22265625,17.1,2252.66015625,2384.0,0.0,4286.0,961.0,1161.0,45.781,45.906
706.745,train:DC4,97.8,419.97265625,17.1,2249.84765625,2373.0,0.0,4246.0,961.0,1161.0,45.906,46.156
707.246,train:DC4,101.8,405.2890625,17.1,2240.76953125,2344.0,0.0,4246.0,961.0,1161.0,45.812,46.125
707.747,train:DC4,97.8,375.34765625,17.7,2206.12109375,2307.0,0.0,4246.0,961.0,1161.0,45.812,45.968
708.248,train:DC4,99.8,341.19140625,17.3,2170.16015625,2381.0,0.0,4286.0,961.0,1161.0,45.843,46.031
708.751,train:DC5,99.6,344.765625,17.3,2232.77734375,2364.0,0.0,4246.0,961.0,1161.0,45.968,45.968
709.252,train:DC5,99.8,422.22265625,17.1,2252.28125,2383.0,0.0,4246.0,961.0,1161.0,46.093,46.093
709.753,train:DC5,99.7,422.22265625,17.5,2249.58203125,2381.0,0.0,4246.0,961.0,1161.0,45.812,46.093
710.254,train:DC5,99.7,415.52734375,17.3,2248.12890625,2371.0,0.0,4246.0,961.0,1161.0,45.718,46.0
710.756,train:DC5,99.7,395.97265625,16.7,2228.55859375,2344.0,0.0,4246.0,961.0,1161.0,45.843,46.0
711.257,train:DC5,99.7,368.3828125,17.6,2200.734375,2316.0,0.0,4246.0,961.0,1161.0,45.812,46.031
711.758,train:DC5,99.8,422.22265625,17.1,2251.984375,2383.0,0.0,4246.0,961.0,1161.0,45.718,45.968
712.259,train:DC5,99.8,422.22265625,17.3,2251.125,2382.0,0.0,4246.0,961.0,1161.0,45.875,45.875
712.760,train:DC5,99.8,422.22265625,17.3,2255.19921875,2386.0,0.0,4246.0,961.0,1161.0,46.062,46.062
713.261,train:DC5,99.8,401.9296875,17.5,2231.8671875,2355.0,0.0,4246.0,961.0,1161.0,45.812,46.062
713.762,train:DC6,99.8,413.47265625,17.1,2243.48828125,2375.0,0.0,4286.0,961.0,1161.0,45.718,46.093
714.263,train:DC6,99.8,387.72265625,17.3,2221.12109375,2344.0,0.0,4246.0,961.0,1161.0,45.781,45.968
714.764,train:DC6,99.8,359.375,17.0,2188.87109375,2320.0,0.0,4246.0,961.0,1161.0,46.031,46.031
715.266,train:DC6,97.8,422.22265625,17.3,2255.87109375,2387.0,0.0,4246.0,961.0,1161.0,45.875,45.968
715.767,train:DC6,99.8,422.22265625,16.8,2255.81640625,2387.0,0.0,4246.0,961.0,1161.0,45.875,45.968
716.268,train:DC6,101.8,419.97265625,17.3,2249.03515625,2387.0,0.0,4246.0,961.0,1161.0,45.875,45.937
716.769,train:DC6,99.8,406.97265625,16.7,2240.578125,2380.0,0.0,4286.0,961.0,1161.0,46.062,46.125
717.270,train:DC6,99.8,375.34765625,17.9,2202.6328125,2372.0,0.0,4246.0,961.0,1161.0,45.75,46.031
717.771,train:DC6,99.8,342.69140625,16.8,2171.80859375,2342.0,0.0,4246.0,961.0,1161.0,45.718,46.093
718.272,fusion_fit,97.8,312.75390625,17.0,2193.83984375,2310.0,0.0,4246.0,961.0,1161.0,45.687,45.937
718.773,fusion_fit,99.7,386.26953125,17.3,2249.48046875,2325.0,0.0,4213.0,961.0,1161.0,45.937,46.0
719.274,fusion_fit,99.8,386.6328125,17.4,2245.32421875,2381.0,0.0,4326.0,960.0,1201.0,45.812,45.843
719.775,fusion_fit,99.8,339.984375,17.0,2208.9921875,2381.0,0.0,4400.0,960.0,1200.0,45.875,46.0
720.276,fusion_fit,97.8,399.3125,17.6,2249.19140625,2356.0,0.0,4400.0,960.0,1200.0,45.906,46.093
720.777,fusion_fit,101.8,399.3125,16.8,2240.82421875,2324.0,0.0,4440.0,960.0,1200.0,45.75,46.031
721.278,fusion_fit,99.8,392.7890625,17.3,2236.578125,2372.0,0.0,4440.0,960.0,1200.0,45.843,45.937
721.779,fusion_fit,97.8,392.4296875,17.1,2229.93359375,2372.0,0.0,4440.0,960.0,1200.0,45.75,45.906
722.282,fusion_fit,101.5,319.23828125,17.3,2191.47265625,2361.0,0.0,4440.0,960.0,1200.0,45.687,46.0
722.785,fusion_fit,97.4,412.42578125,16.7,2266.71875,2323.0,0.0,4326.0,961.0,1161.0,45.718,45.968
723.286,fusion_fit,101.8,404.6875,17.5,2251.66015625,2398.0,0.0,4407.0,920.0,1200.0,45.875,45.906
723.787,fusion_fit,97.8,375.86328125,17.3,2228.20703125,2383.0,0.0,4407.0,920.0,1200.0,45.75,45.875
724.288,fusion_fit,99.8,329.80859375,16.8,2192.65625,2383.0,0.0,4366.0,920.0,1200.0,45.906,46.093
724.789,fusion_fit,101.8,410.69140625,17.5,2255.0,2328.0,0.0,4400.0,960.0,1200.0,46.062,46.062
725.290,fusion_fit,99.8,405.16796875,16.8,2242.26171875,2381.0,0.0,4400.0,920.0,1200.0,45.906,46.093
725.791,fusion_fit,97.8,399.16015625,17.6,2231.14453125,2385.0,0.0,4400.0,920.0,1200.0,45.843,45.875
726.293,fusion_fit,97.8,329.828125,16.7,2171.94921875,2366.0,0.0,4407.0,920.0,1200.0,45.906,45.906
726.794,fusion_fit,101.7,414.0,17.3,2249.65625,2319.0,0.0,4326.0,961.0,1201.0,45.781,46.031
727.295,fusion_fit,99.8,406.53125,16.7,2241.39453125,2381.0,0.0,4400.0,960.0,1200.0,45.781,46.093
727.796,fusion_fit,97.8,371.34765625,17.6,2205.73828125,2373.0,0.0,4400.0,960.0,1200.0,45.781,45.968
728.298,fusion_fit,99.6,393.59375,17.0,2245.3203125,2365.0,0.0,4407.0,920.0,1200.0,45.687,45.906
728.799,fusion_fit,101.7,410.94140625,17.1,2243.53125,2335.0,0.0,4407.0,920.0,1200.0,45.843,45.968
729.301,fusion_fit,99.6,404.81640625,17.3,2243.515625,2366.0,0.0,4407.0,920.0,1200.0,45.812,45.875
729.803,fusion_fit,97.7,376.18359375,17.1,2217.03125,2379.0,0.0,4400.0,960.0,1200.0,45.968,45.968
730.309,fusion_fit,102.6,330.06640625,17.0,2177.28515625,2371.0,0.0,4440.0,958.0,1200.0,45.718,45.968
730.824,fusion_fit,99.1,394.0859375,17.3,2226.59375,2308.0,0.0,4326.0,960.0,1161.0,45.781,46.0
731.326,fusion_fit,97.7,351.56640625,16.8,2200.3671875,2362.0,0.0,4326.0,961.0,1201.0,45.687,45.937
731.827,fusion_fit,99.7,352.56640625,17.6,2196.02734375,2367.0,0.0,4366.0,960.0,1200.0,45.937,45.937
732.330,fusion_fit,101.4,332.390625,17.5,2172.09765625,2363.0,0.0,4407.0,960.0,1200.0,45.843,46.156
732.834,fusion_fit,101.2,333.0703125,17.0,2186.64453125,2347.0,0.0,4407.0,960.0,1200.0,45.875,45.875
733.335,fusion_fit,97.7,332.09765625,17.0,2184.11328125,2353.0,0.0,4407.0,960.0,1200.0,45.75,45.906
733.837,fusion_fit,97.7,383.94140625,17.3,2229.16796875,2357.0,0.0,4400.0,960.0,1200.0,45.75,46.125
734.339,fusion_fit,101.7,353.9921875,16.7,2191.99609375,2320.0,0.0,4326.0,960.0,1161.0,45.687,45.906
734.845,fusion_fit,98.7,333.2734375,17.5,2189.203125,2365.0,0.0,4326.0,961.0,1161.0,45.718,46.062
735.356,fusion_fit,99.8,333.34375,16.7,2179.8671875,2356.0,0.0,4366.0,960.0,1200.0,45.906,45.906
735.858,fusion_fit,99.7,405.09765625,17.5,2247.0390625,2362.0,0.0,4440.0,960.0,1200.0,45.781,46.062
736.359,fusion_fit,99.7,391.83984375,17.0,2228.51171875,2340.0,0.0,4407.0,960.0,1200.0,45.875,46.062
736.861,fusion_fit,99.7,398.0078125,17.6,2232.56640625,2340.0,0.0,4366.0,960.0,1200.0,45.75,45.968
737.363,fusion_fit,99.6,398.578125,16.4,2237.2578125,2337.0,0.0,4366.0,960.0,1200.0,45.718,46.0
737.864,fusion_fit,99.7,334.05078125,17.3,2184.78125,2316.0,0.0,4326.0,961.0,1201.0,45.718,45.937
738.367,fusion_fit,99.5,334.05078125,17.0,2182.69921875,2316.0,0.0,4213.0,963.0,1123.0,45.718,45.781
738.868,fusion_fit,101.6,334.05078125,17.3,2182.69921875,2314.0,0.0,4139.0,963.0,1123.0,45.75,45.937
739.370,fusion_fit,97.7,334.05078125,16.9,2180.9453125,2314.0,0.0,4099.0,922.0,1123.0,45.75,45.875
739.872,fusion_fit,99.6,334.05078125,16.8,2180.9453125,2312.0,0.0,4099.0,922.0,1125.0,45.812,45.906
740.374,fusion_fit,101.6,334.05078125,17.2,2180.94140625,2312.0,0.0,4099.0,922.0,1125.0,45.812,45.875
740.875,fusion_fit,99.7,334.05078125,17.3,2180.94140625,2312.0,0.0,4099.0,922.0,1125.0,45.812,46.0
741.377,fusion_fit,99.6,334.05078125,16.7,2177.2265625,2312.0,0.0,4139.0,922.0,1123.0,45.625,45.937
741.879,fusion_fit,99.6,334.05078125,17.3,2177.2265625,2308.0,0.0,4099.0,922.0,1125.0,45.687,45.906
742.381,fusion_fit,97.6,334.05078125,17.2,2173.6484375,2308.0,0.0,4099.0,963.0,1125.0,45.968,45.968
742.883,fusion_fit,99.6,334.05078125,17.0,2173.6484375,2305.0,0.0,4099.0,963.0,1125.0,46.031,46.031
743.385,fusion_fit,99.7,334.05078125,17.0,2172.45703125,2305.0,0.0,4099.0,922.0,1125.0,45.718,46.062
743.886,fusion_fit,99.7,334.05078125,17.3,2172.45703125,2304.0,0.0,4139.0,922.0,1123.0,45.625,46.0
744.388,fusion_fit,99.6,334.05078125,16.7,2171.2890625,2304.0,0.0,4099.0,922.0,1125.0,45.687,45.937
744.890,fusion_fit,99.7,334.05078125,17.0,2171.2890625,2302.0,0.0,4099.0,963.0,1125.0,45.968,45.968
745.392,fusion_fit,99.6,334.05078125,17.0,2168.12109375,2302.0,0.0,4099.0,922.0,1125.0,45.625,46.062
745.893,fusion_fit,99.7,334.05078125,17.3,2168.12109375,2299.0,0.0,4099.0,922.0,1125.0,45.656,46.031
746.395,fusion_fit,97.7,334.05078125,16.7,2167.76953125,2299.0,0.0,4099.0,922.0,1125.0,45.687,45.968
746.897,fusion_fit,99.5,334.05078125,17.5,2167.76953125,2299.0,0.0,4139.0,963.0,1123.0,45.843,45.937
747.399,fusion_fit,99.6,334.05078125,17.0,2167.72265625,2299.0,0.0,4099.0,963.0,1123.0,45.812,45.875
747.901,fusion_fit,99.7,334.05078125,17.5,2167.72265625,2299.0,0.0,4099.0,922.0,1125.0,45.687,46.125
748.403,fusion_fit,99.6,334.05078125,16.4,2165.72265625,2299.0,0.0,4099.0,922.0,1125.0,45.625,46.031
748.904,fusion_fit,99.7,334.05078125,17.3,2165.72265625,2297.0,0.0,4099.0,922.0,1125.0,45.593,45.875
749.406,fusion_fit,99.6,334.05078125,17.0,2165.72265625,2297.0,0.0,4099.0,922.0,1125.0,45.625,45.906
749.909,fusion_fit,101.5,334.05078125,17.8,2165.72265625,2297.0,0.0,4099.0,963.0,1125.0,45.875,45.937
750.411,fusion_fit,99.5,334.05078125,16.4,2165.4765625,2297.0,0.0,4099.0,963.0,1125.0,45.687,45.812
750.913,fusion_fit,97.6,334.05078125,17.2,2165.4765625,2297.0,0.0,4099.0,963.0,1125.0,45.718,45.968
751.415,fusion_fit,99.6,334.05078125,17.0,2165.4765625,2297.0,0.0,4099.0,963.0,1125.0,45.656,46.031
751.917,fusion_fit,99.6,334.05078125,17.3,2165.4765625,2297.0,0.0,4099.0,963.0,1125.0,45.968,45.968
752.419,fusion_fit,99.4,334.05078125,17.0,2165.7109375,2297.0,0.0,4139.0,922.0,1123.0,45.625,45.968
752.921,fusion_fit,101.6,334.05078125,16.9,2165.7109375,2297.0,0.0,4099.0,963.0,1125.0,45.656,45.843
753.423,fusion_fit,99.7,334.05078125,17.3,2165.7109375,2297.0,0.0,4099.0,963.0,1125.0,45.625,45.968
753.925,fusion_fit,99.6,334.05078125,17.5,2165.7109375,2297.0,0.0,4099.0,963.0,1125.0,45.781,45.875
754.428,fusion_fit,99.4,334.05078125,17.0,2165.7109375,2297.0,0.0,4099.0,963.0,1125.0,45.75,45.937
754.932,fusion_fit,99.4,334.05078125,16.7,2165.7109375,2297.0,0.0,4139.0,963.0,1123.0,45.625,45.812
755.434,fusion_fit,99.6,334.05078125,17.5,2165.7109375,2297.0,0.0,4099.0,963.0,1123.0,45.843,45.937
755.937,fusion_fit,99.4,334.05078125,16.9,2165.7109375,2297.0,0.0,4099.0,922.0,1125.0,45.656,45.812
756.439,fusion_fit,99.5,334.05078125,17.3,2165.7109375,2297.0,0.0,4099.0,963.0,1125.0,45.843,45.906
756.941,fusion_fit,99.7,334.05078125,16.7,2165.7109375,2297.0,0.0,4099.0,963.0,1125.0,45.625,45.843
757.443,fusion_fit,99.6,334.05078125,17.2,2165.7109375,2297.0,0.0,4099.0,963.0,1125.0,45.656,45.75
757.946,fusion_fit,99.5,334.05078125,17.3,2165.7109375,2297.0,0.0,4139.0,963.0,1123.0,45.812,45.843
758.448,fusion_fit,99.6,334.05078125,17.0,2165.703125,2297.0,0.0,4139.0,963.0,1125.0,45.718,45.812
758.950,fusion_fit,99.6,334.05078125,16.7,2165.703125,2297.0,0.0,4099.0,922.0,1125.0,45.812,45.812
759.451,fusion_fit,99.6,334.05078125,17.6,2165.703125,2297.0,0.0,4099.0,963.0,1125.0,45.625,45.875
759.953,fusion_fit,99.6,334.05078125,17.0,2165.703125,2297.0,0.0,4099.0,963.0,1125.0,45.562,45.875
760.455,fusion_fit,99.6,334.05078125,17.0,2165.6953125,2297.0,0.0,4139.0,963.0,1123.0,45.593,45.781
760.957,fusion_fit,99.6,334.05078125,17.3,2165.6953125,2297.0,0.0,4099.0,963.0,1123.0,45.812,45.812
761.460,fusion_fit,99.6,334.05078125,17.3,2165.69140625,2297.0,0.0,4099.0,963.0,1125.0,45.906,45.906
761.962,fusion_fit,99.6,334.05078125,17.2,2165.69140625,2297.0,0.0,4099.0,963.0,1125.0,45.687,45.781
762.464,fusion_fit,99.6,334.05078125,17.1,2165.69140625,2297.0,0.0,4099.0,963.0,1125.0,45.75,45.906
762.966,fusion_fit,99.6,334.05078125,17.2,2165.69140625,2297.0,0.0,4099.0,963.0,1125.0,45.625,46.031
763.468,fusion_fit,97.6,334.05078125,17.0,2165.68359375,2297.0,0.0,4139.0,963.0,1123.0,45.625,45.843
763.969,fusion_fit,101.6,334.05078125,17.3,2165.68359375,2297.0,0.0,4099.0,963.0,1125.0,45.593,45.75
764.471,fusion_fit,99.6,334.05078125,18.6,2165.68359375,2297.0,0.0,4099.0,963.0,1125.0,45.75,45.812
764.973,fusion_fit,99.6,334.05078125,17.0,2165.68359375,2297.0,0.0,4099.0,963.0,1123.0,45.812,45.875
765.475,fusion_fit,99.6,334.05078125,17.5,2165.68359375,2297.0,0.0,4099.0,963.0,1125.0,45.687,45.843
765.978,fusion_fit,99.6,334.05078125,16.7,2165.68359375,2297.0,0.0,4099.0,922.0,1123.0,45.687,45.968
766.480,fusion_fit,99.6,334.05078125,17.3,2165.68359375,2297.0,0.0,4139.0,963.0,1123.0,45.625,45.875
766.982,fusion_fit,99.6,334.05078125,17.2,2165.68359375,2297.0,0.0,4099.0,922.0,1125.0,45.906,45.906
767.484,fusion_fit,99.5,334.05078125,16.7,2165.68359375,2297.0,0.0,4099.0,963.0,1125.0,45.531,45.781
767.987,fusion_fit,99.4,334.05078125,16.9,2165.68359375,2297.0,0.0,4099.0,922.0,1125.0,45.75,45.75
768.489,fusion_fit,99.6,334.05078125,17.5,2165.68359375,2297.0,0.0,4099.0,963.0,1125.0,45.812,45.812
768.991,fusion_fit,99.5,334.05078125,16.7,2165.68359375,2297.0,0.0,4139.0,922.0,1125.0,45.625,45.937
769.494,fusion_fit,99.6,334.05078125,17.9,2165.67578125,2297.0,0.0,4099.0,963.0,1125.0,45.687,45.843
769.997,fusion_fit,99.4,334.05078125,16.7,2165.67578125,2297.0,0.0,4099.0,963.0,1125.0,45.625,45.906
770.500,fusion_fit,99.4,334.05078125,17.2,2165.67578125,2297.0,0.0,4099.0,922.0,1125.0,45.531,45.906
771.002,fusion_fit,99.6,334.05078125,17.5,2165.67578125,2297.0,0.0,4099.0,922.0,1125.0,45.468,45.812
771.504,fusion_fit,99.6,334.05078125,17.1,2165.67578125,2297.0,0.0,4139.0,922.0,1125.0,45.562,45.75
772.005,fusion_fit,99.7,334.05078125,16.9,2165.921875,2297.0,0.0,4099.0,963.0,1125.0,45.781,45.781
772.507,fusion_fit,99.6,334.05078125,17.3,2165.6171875,2297.0,0.0,4099.0,963.0,1125.0,45.656,45.906
773.009,fusion_fit,99.6,334.05078125,16.9,2165.6171875,2297.0,0.0,4099.0,922.0,1125.0,45.625,45.843
773.511,fusion_fit,99.6,334.05078125,17.0,2165.6171875,2297.0,0.0,4099.0,922.0,1125.0,45.5,45.812
774.012,fusion_fit,97.7,334.05078125,17.0,2165.6171875,2297.0,0.0,4139.0,922.0,1125.0,45.75,45.75
774.514,fusion_fit,101.7,334.05078125,17.3,2165.609375,2297.0,0.0,4139.0,963.0,1123.0,45.687,45.75
775.015,fusion_fit,99.7,334.05078125,17.0,2165.609375,2297.0,0.0,4099.0,963.0,1125.0,45.718,45.843
775.517,fusion_fit,99.7,334.05078125,17.0,2165.609375,2297.0,0.0,4099.0,963.0,1125.0,45.625,45.812
776.019,fusion_fit,99.7,334.05078125,16.7,2165.609375,2297.0,0.0,4099.0,922.0,1125.0,45.625,45.781
776.520,fusion_fit,99.6,334.05078125,16.9,2165.609375,2297.0,0.0,4099.0,922.0,1125.0,45.562,45.843
777.022,fusion_fit,99.6,334.05078125,17.3,2165.609375,2297.0,0.0,4099.0,922.0,1125.0,45.562,45.843
777.524,fusion_fit,99.6,334.05078125,17.2,2165.609375,2297.0,0.0,4139.0,922.0,1123.0,45.562,45.75
778.026,fusion_fit,99.6,334.05078125,16.4,2165.609375,2297.0,0.0,4099.0,922.0,1125.0,45.656,45.656
778.529,fusion_fit,99.5,334.05078125,17.2,2165.609375,2297.0,0.0,4099.0,922.0,1125.0,45.562,45.812
779.031,fusion_fit,99.6,334.05078125,16.7,2165.609375,2297.0,0.0,4099.0,922.0,1125.0,45.531,45.843
779.532,fusion_fit,99.7,334.05078125,17.0,2165.609375,2297.0,0.0,4099.0,922.0,1125.0,45.593,45.75
780.034,fusion_fit,97.7,334.05078125,16.9,2165.6015625,2297.0,0.0,4099.0,922.0,1125.0,45.781,45.781
780.536,fusion_fit,99.6,334.05078125,17.0,2165.6015625,2297.0,0.0,4099.0,922.0,1125.0,45.593,45.687
781.037,fusion_fit,101.7,334.05078125,17.3,2165.6015625,2297.0,0.0,4099.0,922.0,1125.0,45.656,45.812
781.539,fusion_fit,99.7,334.05078125,17.0,2165.59765625,2297.0,0.0,4099.0,963.0,1125.0,45.531,45.875
782.041,fusion_fit,99.6,334.05078125,16.9,2165.59765625,2297.0,0.0,4099.0,963.0,1125.0,45.562,45.781
782.543,fusion_fit,99.6,334.05078125,17.0,2165.59765625,2297.0,0.0,4099.0,922.0,1125.0,45.468,45.812
783.045,fusion_fit,99.5,334.05078125,16.9,2165.59765625,2297.0,0.0,4099.0,922.0,1125.0,45.468,45.687
783.547,fusion_fit,99.6,334.05078125,18.9,2165.59765625,2297.0,0.0,4099.0,922.0,1125.0,45.75,45.875
784.051,fusion_fit,97.3,334.05078125,32.1,2165.84375,2297.0,0.0,4253.0,1001.0,1163.0,45.937,45.937
784.554,fusion_fit,99.4,334.05078125,19.2,2165.73828125,2297.0,1.0,4640.0,1280.0,1200.0,45.687,45.812
785.057,fusion_fit,101.3,334.05078125,18.3,2165.73828125,2297.0,19.0,4527.0,1160.0,1201.0,45.75,45.75
785.561,fusion_fit,99.3,334.05078125,18.3,2165.72265625,2297.0,20.0,4527.0,1120.0,1200.0,45.625,45.968
786.064,fusion_fit,99.4,334.05078125,19.5,2165.96875,2297.0,21.0,4487.0,1121.0,1161.0,45.625,45.843
786.567,fusion_fit,99.3,334.05078125,18.5,2165.96875,2297.0,21.0,4447.0,1121.0,1161.0,45.562,45.906
787.070,fusion_fit,99.5,334.05078125,19.1,2165.96875,2297.0,20.0,4414.0,1081.0,1161.0,45.781,45.937
787.572,fusion_fit,99.5,334.05078125,18.0,2165.96875,2297.0,3.0,4373.0,1081.0,1161.0,45.562,45.875
788.075,fusion_fit,99.5,334.05078125,18.3,2165.96875,2297.0,3.0,4373.0,1081.0,1161.0,45.625,45.843
788.577,fusion_fit,101.5,334.05078125,18.8,2165.96875,2297.0,15.0,4373.0,1081.0,1161.0,45.593,45.843
789.079,fusion_fit,99.6,334.05078125,18.5,2165.96875,2297.0,2.0,4333.0,1041.0,1163.0,45.656,45.75
789.581,fusion_fit,99.6,334.05078125,18.5,2165.96875,2297.0,0.0,4333.0,1043.0,1163.0,45.75,45.812
790.085,fusion_fit,99.4,334.05078125,18.5,2165.96875,2297.0,2.0,4293.0,1043.0,1163.0,45.625,45.812
790.587,fusion_fit,97.6,334.05078125,17.9,2165.96875,2297.0,16.0,4333.0,1041.0,1161.0,45.687,45.718
791.089,fusion_fit,99.5,334.05078125,18.5,2165.96875,2297.0,15.0,4293.0,1001.0,1123.0,45.75,45.781
791.591,fusion_fit,99.5,334.05078125,17.9,2165.9609375,2297.0,2.0,4253.0,1003.0,1123.0,45.531,45.906
792.094,fusion_fit,99.5,334.05078125,18.2,2165.9609375,2297.0,0.0,4220.0,1003.0,1123.0,45.593,45.812
792.596,fusion_fit,99.5,334.05078125,17.6,2165.9609375,2297.0,0.0,4179.0,963.0,1123.0,45.531,45.875
793.099,fusion_fit,99.4,334.05078125,17.8,2165.9609375,2297.0,0.0,4139.0,963.0,1123.0,45.562,45.843
793.602,fusion_fit,99.4,334.05078125,19.1,2165.9609375,2297.0,0.0,4179.0,963.0,1123.0,45.593,45.718
794.104,fusion_fit,101.5,334.05078125,39.2,2149.6640625,2297.0,0.0,4286.0,1041.0,1121.0,45.656,45.843
794.605,fusion_fit,99.7,334.05078125,23.7,2137.5,2269.0,0.0,4752.0,1275.0,1238.0,45.812,45.812
795.108,fusion_fit,99.5,334.05078125,24.7,2140.6796875,2269.0,0.0,4093.0,1041.0,1123.0,45.875,45.875
795.611,fusion_fit,15.9,334.109375,9.3,2141.43359375,2272.0,0.0,4133.0,1041.0,1121.0,45.593,45.812
