t_start,t_end,t_release,label,score,alarm,dominant,domain,csec_corr,csec_unc,decision_ms_after_target,csec_wait_ms,prov_score,prov_alarm,|r_bal|,|r_aux|,|r_cool|,|r_ups|,|r_qp|,|r_pv|,|r_reg|,e_rec,e_fc
2.00,3.27,3.28,0,7.94370,1,e_rec,single-domain,0.0000,0.0000,5.042,0,7.94370,1,-2.44,12.68,-0.5916,0,-0.8876,31.17,50,37.2,36.13
2.40,3.67,3.68,0,2.29095,1,e_rec,single-domain,0.0000,0.0000,3.997,0,2.29095,1,-2.483,13.8,-0.4191,0,-0.876,27.3,48.32,18.46,27.21
2.80,4.07,4.08,0,12.67800,1,e_rec,single-domain,0.0000,0.0000,3.733,0,12.67800,1,-2.167,13.42,-0.3544,0,-0.74,17.78,47.15,50,6.249
3.20,4.47,4.48,0,-1.98549,0,e_rec,single-domain,0.0000,0.0000,3.608,0,-1.98549,0,-1.048,10.52,0.628,0,0.3376,8.951,50,9.214,9.325
3.60,4.87,4.88,0,6.58962,1,e_rec,single-domain,0.0000,0.0000,3.672,0,6.58962,1,-0.7893,9.036,0.4353,0,0.07789,2.722,44.57,35.05,3.238
4.00,5.27,5.28,0,5.49268,1,e_rec,single-domain,0.0000,0.0000,3.607,0,5.49268,1,0.7462,5.769,0.5775,0,0.03583,2.993,47.63,33.6,4.521
4.40,5.67,5.68,0,-2.99640,0,e_rec,single-domain,0.0000,0.0000,3.658,0,-2.99640,0,0.01435,4.152,1.14,0,0.05916,4.408,41.78,7.529,6.368
4.80,6.07,6.08,0,-1.59028,0,e_rec,single-domain,0.0000,0.0000,3.724,0,-1.59028,0,0.1579,4.02,0.2386,0,0.1101,6.311,37.87,10.31,-0.3698
5.20,6.47,6.48,0,-2.25480,0,e_rec,cross-domain,0.0000,0.0000,3.576,0,-2.25480,0,0.244,2.765,-0.05782,0,0.1238,5.951,28.71,6.83,-0.5118
5.60,6.87,6.88,0,-4.04835,0,|r_aux|,cross-domain,0.0000,0.0000,3.507,0,-4.04835,0,0.4736,1.819,1.074,0,-0.3183,3.258,18.84,-0.8835,0.374
6.00,7.27,7.28,0,-2.90560,0,|r_qp|,cross-domain,0.0000,0.0000,3.703,0,-2.90560,0,0.4018,1.676,0.3624,0,-0.9012,1.464,14.29,1.069,-0.2892
6.40,7.67,7.68,0,-3.11916,0,|r_qp|,cross-domain,0.0000,0.0000,3.622,0,-3.11916,0,0.6314,0.723,0.4134,0,-0.5584,1.044,6.111,-0.6264,-0.1539
6.80,8.07,8.08,0,-2.57063,0,|r_aux|,cross-domain,0.0000,0.0000,3.725,0,-2.57063,0,0.5597,1.328,2.131,0,-0.387,2.064,0.621,-0.5139,0.3753
7.20,8.47,8.48,0,-2.77820,0,|r_aux|,cross-domain,0.0000,0.0000,3.768,0,-2.77820,0,1.191,1.179,1.596,0,-0.2418,1.914,1.44,-1.117,-0.595
7.60,8.87,8.88,0,-2.18246,0,e_rec,cross-domain,0.0000,0.0000,4.010,0,-2.18246,0,1.005,0.8483,1.659,0,0.4192,1.262,1.019,1.887,-0.3844
8.00,9.27,9.28,0,-3.00860,0,|r_bal|,cross-domain,0.0000,0.0000,3.863,0,-3.00860,0,0.8898,0.818,2.673,0,0.6364,1.756,0.8667,-0.346,0.2597
8.40,9.67,9.68,0,-3.15532,0,|r_aux|,cross-domain,0.0000,0.0000,3.588,0,-3.15532,0,0.3875,1.159,1.264,0,0.7844,1.255,0.02505,-0.6419,0.3778
8.80,10.07,10.08,0,-2.27269,0,e_rec,cross-domain,0.0000,0.0000,3.804,0,-2.27269,0,0.7319,1.031,0.6861,0,0.7281,1.277,-0.3338,1.771,0.1395
9.20,10.47,10.48,0,-2.75098,0,|r_aux|,cross-domain,0.0000,0.0000,3.485,0,-2.75098,0,0.4162,1.218,1.967,0,0.8367,0.317,-0.1757,0.6852,0.7883
9.60,10.87,10.88,0,-3.11862,0,|r_aux|,cross-domain,0.0000,0.0000,3.496,0,-3.11862,0,0.5884,1.389,1.199,0,0.7613,-0.1873,0.6683,-0.5736,-0.3044
10.00,11.27,11.28,0,-1.88623,0,e_rec,cross-domain,0.0000,0.0000,3.667,0,-1.88623,0,0.9041,1.142,1.043,0,0.4451,-0.7021,0.1367,2.781,0.7656
10.40,11.67,11.68,0,-2.58463,0,|r_aux|,cross-domain,0.0000,0.0000,3.600,0,-2.58463,0,0.8898,1.124,2.721,0,-0.1986,0.08972,0.2316,-0.3071,0.04087
10.80,12.07,12.08,0,-2.82177,0,|r_aux|,cross-domain,0.0000,0.0000,3.705,0,-2.82177,0,0.7606,1.357,1.108,0,-0.0605,0.6188,0.6034,-0.8726,0.1372
11.20,12.47,12.48,0,-1.74276,0,e_rec,cross-domain,0.0000,0.0000,3.491,0,-1.74276,0,0.3444,1.14,0.831,0,0.3433,1.754,0.1278,3.16,0.2979
11.60,12.87,12.88,0,-2.72577,0,|r_aux|,cross-domain,0.0000,0.0000,3.495,0,-2.72577,0,1.148,1.175,2.318,0,0.5857,1.86,0.3043,-0.09851,0.08568
12.00,13.27,13.28,0,-3.01411,0,|r_aux|,cross-domain,0.0000,0.0000,3.698,0,-3.01411,0,0.9759,1.38,0.8368,0,0.4253,1.408,0.697,-1.029,0.4976
12.40,13.67,13.68,0,-2.65577,0,|r_bal|,cross-domain,0.0000,0.0000,3.681,0,-2.65577,0,1.277,1.093,0.5744,0,-0.2657,0.574,0.2828,-0.8615,-0.05426
12.80,14.07,14.08,0,-2.14813,0,e_rec,cross-domain,0.0000,0.0000,3.707,0,-2.14813,0,0.5023,0.9368,1.775,0,-0.3726,-0.1069,-0.00279,1.242,1.213
13.20,14.47,14.48,0,-2.62596,0,|r_aux|,cross-domain,0.0000,0.0000,3.618,0,-2.62596,0,0.6171,1.249,0.6571,0,-0.4242,-0.3313,0.3177,-0.5376,0.1083
13.60,14.87,14.88,0,-2.32731,0,e_rec,cross-domain,0.0000,0.0000,3.915,0,-2.32731,0,0.1148,0.988,0.7913,0,-0.4542,-0.7088,-0.1538,0.796,0.5964
14.00,15.27,15.28,0,-2.49349,0,|r_qp|,cross-domain,0.0000,0.0000,3.813,0,-2.49349,0,0.3301,1.03,2.136,0,-0.7693,-1.123,0.04853,-0.245,0.05837
14.40,15.67,15.68,0,-2.42091,0,|r_aux|,cross-domain,0.0000,0.0000,3.653,0,-2.42091,0,0.4449,1.239,0.8399,0,-0.6093,-1.422,0.8437,0.1907,-0.2911
14.80,16.07,16.08,0,-1.65620,0,e_rec,cross-domain,0.0000,0.0000,3.951,0,-1.65620,0,0.3731,1.074,0.7807,0,0.03291,-1.288,0.3145,3.387,-0.2514
15.20,16.47,16.48,0,-2.60048,0,|r_aux|,cross-domain,0.0000,0.0000,3.699,0,-2.60048,0,0.4162,1.283,1.813,0,0.1118,-0.4466,0.1733,0.2696,-0.3152
15.60,16.87,16.88,0,-3.25917,0,|r_aux|,cross-domain,0.0000,0.0000,3.746,0,-3.25917,0,0.3301,1.48,0.8108,0,0.7719,-0.01167,1.245,-0.7261,0.1904
16.00,17.27,17.28,0,-3.31789,0,|r_aux|,cross-domain,0.0000,0.0000,3.655,0,-3.31789,0,0.7032,1.073,0.5758,0,1.751,0.9585,0.2193,0.007899,-0.07595
16.40,17.67,17.68,0,-3.61103,0,|r_bal|,cross-domain,0.0000,0.0000,3.642,0,-3.61103,0,0.8898,0.7105,2.007,0,1.882,0.816,0.08654,-0.6066,0.4377
16.80,18.07,18.08,0,-2.95607,0,e_rec,cross-domain,0.0000,0.0000,3.486,0,-2.95607,0,1.019,1.074,0.7455,0,2.007,0.8114,0.2455,1.263,-0.1789
17.20,18.47,18.48,0,-2.58507,0,e_rec,cross-domain,0.0000,0.0000,3.643,0,-2.58507,0,1.708,0.9717,0.2382,0,1.543,-0.04478,0.411,1.555,-0.4483
17.60,18.87,18.88,0,-2.71188,0,|r_bal|,cross-domain,0.0000,0.0000,3.557,0,-2.71188,0,1.363,1.291,1.292,0,0.7297,-0.2691,0.4965,0.1868,-0.1041
18.00,19.27,19.28,0,-2.56716,0,|r_bal|,cross-domain,0.0000,0.0000,3.715,0,-2.56716,0,1.607,1.425,0.01475,0,0.16,-0.2089,1.722,-0.06176,-0.5222
18.40,19.67,19.68,0,-2.26950,0,e_rec,cross-domain,0.0000,0.0000,3.637,0,-2.26950,0,0.7462,0.9637,0.4648,0,-0.1178,0.6498,0.354,0.9176,-0.6261
18.80,20.07,20.08,0,-2.34537,0,e_rec,cross-domain,0.0000,0.0000,3.634,0,-2.34537,0,0.7749,0.6494,2.288,0,0.005506,0.8169,0.1849,0.9935,-0.008408
19.20,20.47,20.48,0,-2.68522,0,|r_aux|,cross-domain,0.0000,0.0000,3.699,0,-2.68522,0,1.019,1.057,1.046,0,0.1898,1.034,0.1083,-0.2767,-0.07504
19.60,20.87,20.88,0,-2.78730,0,|r_aux|,cross-domain,0.0000,0.0000,3.550,0,-2.78730,0,0.5023,0.8562,0.8191,0,0.2953,0.9523,-0.1879,-0.05415,-0.08706
20.00,21.27,21.28,0,-2.69798,0,|r_aux|,cross-domain,0.0000,0.0000,4.290,0,-2.69798,0,0.287,1.001,1.889,0,0.3661,1.066,-0.01752,0.4131,0.5152
20.40,21.67,21.68,0,-2.86855,0,|r_aux|,cross-domain,0.0000,0.0000,3.572,0,-2.86855,0,0.5453,1.224,0.6909,0,0.7198,0.7621,0.6283,0.199,0.0304
20.80,22.07,22.08,0,-2.93539,0,|r_aux|,cross-domain,0.0000,0.0000,3.657,0,-2.93539,0,0.6888,0.9292,0.5053,0,0.2201,-0.2403,-0.02458,-0.6248,-0.3801
21.20,22.47,22.48,0,-2.95281,0,|r_bal|,cross-domain,0.0000,0.0000,3.697,0,-2.95281,0,0.9902,0.8898,2.094,0,1.301,-0.9307,0.04928,0.6261,-0.2059
21.60,22.87,22.88,0,-3.22391,0,|r_aux|,cross-domain,0.0000,0.0000,3.546,0,-3.22391,0,0.9759,1.184,0.861,0,1.215,-0.6157,0.4652,-0.4502,-0.6066
22.00,23.27,23.28,0,-3.02632,0,|r_aux|,cross-domain,0.0000,0.0000,3.813,0,-3.02632,0,0.8898,0.8647,1.061,0,1.069,-0.3751,-0.04624,0.08782,-0.5593
22.40,23.67,23.68,0,-2.50869,0,|r_bal|,cross-domain,0.0000,0.0000,3.716,0,-2.50869,0,0.9615,0.8783,2.443,0,0.1202,-0.2105,-0.002696,0.3786,-0.7127
22.80,24.07,24.08,0,-1.83950,0,e_rec,cross-domain,0.0000,0.0000,3.546,0,-1.83950,0,0.9615,1.169,1.023,0,-0.001403,-0.2784,0.9939,2.398,-0.1952
23.20,24.47,24.48,0,-2.14559,0,e_rec,cross-domain,0.0000,0.0000,3.783,0,-2.14559,0,0.5453,0.991,-0.007538,0,-0.4725,0.07343,1.491,1.36,0.2274
23.60,24.87,24.88,0,-2.66930,0,|r_aux|,cross-domain,0.0000,0.0000,4.100,0,-2.66930,0,0.4449,1.17,0.8547,0,-0.5705,0.38,1.777,-0.4159,0.09468
24.00,25.27,25.28,0,-2.45468,0,|r_qp|,cross-domain,0.0000,0.0000,3.597,0,-2.45468,0,0.3301,1.349,-0.4543,0,-0.8226,0.1463,3.329,0.3005,0.1076
24.40,25.67,25.68,0,-2.26850,0,e_rec,cross-domain,0.0000,0.0000,3.750,0,-2.26850,0,0.7462,1.085,-0.6252,0,0.3817,-0.2279,2.582,2.164,-0.2059
24.80,26.07,26.08,0,-3.13142,0,|r_aux|,cross-domain,0.0000,0.0000,3.599,0,-3.13142,0,0.7032,1.063,0.8281,0,0.1417,-0.4663,2.271,-0.7743,0.6195
25.20,26.47,26.48,0,-2.91983,0,|r_aux|,cross-domain,0.0000,0.0000,3.694,0,-2.91983,0,0.8898,1.3,-0.4583,0,0.4412,-0.2835,3.019,0.1006,-0.3301
25.60,26.87,26.88,0,-2.29750,0,e_rec,cross-domain,0.0000,0.0000,3.493,0,-2.29750,0,0.8036,0.9552,0.1207,0,-0.3636,0.8381,1.389,0.7094,-0.828
26.00,27.27,27.28,0,-2.56747,0,|r_bal|,cross-domain,0.0000,0.0000,3.601,0,-2.56747,0,1.062,0.8614,1.944,0,0.01777,1.022,1.024,0.133,-0.8167
26.40,27.67,27.68,0,-2.32990,0,|r_aux|,cross-domain,0.0000,0.0000,3.652,0,-2.32990,0,1.005,1.187,0.7435,0,-0.1423,1.257,1.21,0.5842,0.1849
26.80,28.07,28.08,0,-2.01681,0,e_rec,cross-domain,0.0000,0.0000,3.560,0,-2.01681,0,0.818,0.9967,0.06447,0,-0.1632,0.9109,1.434,1.856,0.001159
27.20,28.47,28.48,0,-2.37907,0,e_rec,cross-domain,0.0000,0.0000,3.711,0,-2.37907,0,0.9902,1.093,0.86,0,-0.06851,1.393,2.064,0.753,-0.4088
27.60,28.87,28.88,0,-2.30814,0,e_rec,cross-domain,0.0000,0.0000,3.564,0,-2.30814,0,1.134,1.297,-0.223,0,-0.1136,2.148,3.605,1.083,0.8279
28.00,29.27,29.28,0,-1.39219,0,e_rec,cross-domain,0.0000,0.0000,3.596,0,-1.39219,0,1.306,1.044,-0.8851,0,0.4835,2.029,3.469,4.698,0.5506
28.40,29.67,29.68,0,-3.13351,0,|r_bal|,cross-domain,0.0000,0.0000,3.640,0,-3.13351,0,1.55,1.05,0.1353,0,0.751,1.403,3.639,-0.4547,-0.3659
28.80,30.07,30.08,0,-3.16819,0,|r_bal|,cross-domain,0.0000,0.0000,3.616,0,-3.16819,0,1.622,1.259,-1.16,0,0.5437,0.8079,4.564,-0.6409,0.5957
29.20,30.47,30.48,0,-2.91084,0,|r_bal|,cross-domain,0.0000,0.0000,3.717,0,-2.91084,0,1.32,0.9141,-0.1331,0,0.5755,1.019,2.521,0.07697,0.5734
29.60,30.87,30.88,0,-2.99303,0,|r_bal|,cross-domain,0.0000,0.0000,3.634,0,-2.99303,0,1.449,0.8161,2.271,0,0.2889,0.8814,1.5,-0.8298,0.529
30.00,31.27,31.28,0,-2.68352,0,|r_aux|,cross-domain,0.0000,0.0000,3.659,0,-2.68352,0,1.091,1.161,1.288,0,0.4341,1.036,1.077,0.1522,-0.22
30.40,31.67,31.68,0,-2.51298,0,|r_bal|,cross-domain,0.0000,0.0000,3.744,0,-2.51298,0,1.033,0.8491,1.119,0,0.01533,1.001,0.3852,0.1776,-0.838
30.80,32.07,32.08,0,-2.89477,0,|r_aux|,cross-domain,0.0000,0.0000,3.658,0,-2.89477,0,0.7462,0.7351,2.69,0,0.6238,1.173,0.6357,0.1135,-0.1431
31.20,32.47,32.48,0,-2.82159,0,e_rec,cross-domain,0.0000,0.0000,3.663,0,-2.82159,0,0.5884,1.093,1.351,0,1.219,1.384,0.9776,1.105,0.7574
31.60,32.87,32.88,0,-2.56978,0,e_rec,cross-domain,0.0000,0.0000,3.734,0,-2.56978,0,0.574,0.8996,0.3635,0,0.9766,0.8161,1.781,1.958,0.4593
32.00,33.27,33.28,-1,16.81404,1,e_rec,single-domain,0.0000,0.0000,3.548,0,16.81404,1,19.46,1.465,1.028,0,0.5982,1.169,3.516,50,13.2
32.40,33.67,35.58,-1,24.67173,1,e_rec,single-domain,0.0000,0.0859,1901.155,1900,24.32798,1,50,4.113,-0.6134,0,0.2128,10.85,5.222,50,2.473
32.80,34.07,35.58,1,26.98085,1,e_rec,single-domain,0.0000,0.3984,1501.155,1500,25.38710,1,50,8.213,-1.228,0,0.256,19.07,4.327,50,9.538
33.20,34.47,35.58,1,29.44175,1,e_rec,single-domain,0.0000,0.7109,1101.155,1100,26.59800,1,50,13.79,-0.1705,0,0.02261,25.2,4.488,50,22.53
33.60,34.87,36.77,1,30.11546,1,e_rec,single-domain,0.0000,0.8672,1891.185,1890,26.64671,1,50,14.66,-1.201,0,0.1167,19.41,3.907,50,19.91
34.00,35.27,36.77,1,30.58132,1,e_rec,single-domain,0.0000,0.8672,1491.185,1490,27.11257,1,50,15.93,-0.3602,0,0.2388,14.49,3.174,50,4.039
34.40,35.67,36.77,1,28.93458,1,e_rec,single-domain,0.0000,0.8672,1091.185,1090,25.46583,1,50,14.44,2.273,0,0.7311,8.244,2.531,50,47.69
34.80,36.07,37.90,1,30.18058,1,e_rec,single-domain,0.0000,0.9297,1821.501,1820,26.46183,1,50,14.46,1.26,0,0.4898,5.445,1.942,50,5.111
35.20,36.47,37.90,1,29.85632,1,e_rec,single-domain,0.0000,0.9297,1421.501,1420,26.13757,1,50,13.4,1.126,0,0.3143,5.598,0.5717,50,17.84
35.60,36.87,37.90,1,29.83414,1,e_rec,single-domain,0.0000,0.9297,1021.501,1020,26.11539,1,50,13.14,2.402,0,0.1687,9.91,0.5627,50,26
36.00,37.27,37.90,1,29.65983,1,e_rec,single-domain,0.0000,0.8125,621.501,620,26.40983,1,50,12.89,1.193,0,0.3446,11.83,0.717,50,9.255
36.40,37.67,37.90,1,28.12431,1,e_rec,single-domain,0.0000,0.5000,221.501,220,26.12431,1,50,12.2,1.046,0,0.0582,10.8,0.9673,50,18.25
36.80,38.07,38.08,1,26.91752,1,e_rec,single-domain,0.0000,0.1875,3.551,0,26.16752,1,50,11.63,2.63,0,-0.4814,8.549,0.9846,50,17.65
37.20,38.47,40.39,1,26.49771,1,e_rec,single-domain,0.0000,0.0781,1910.829,1910,26.18521,1,50,11.85,1.437,0,-0.1866,7.769,1.576,50,9.892
37.60,38.87,40.39,1,28.17742,1,e_rec,single-domain,0.0000,0.3906,1510.829,1510,26.61492,1,50,12.5,1.364,0,-0.117,8.066,0.2022,50,0.8787
38.00,39.27,41.27,1,28.10656,1,e_rec,single-domain,0.0000,0.5156,1990.556,1990,26.04406,1,50,14.13,2.747,0,0.8016,8.285,0.05196,50,26.32
38.40,39.67,41.54,1,28.79454,1,e_rec,single-domain,0.0000,0.6953,1860.778,1860,26.01329,1,50,14.07,1.351,0,1.109,9.098,0.5183,50,20.68
38.80,40.07,41.54,1,28.97948,1,e_rec,single-domain,0.0000,0.6953,1460.778,1460,26.19823,1,50,12.86,0.837,0,1.05,9.827,0.6069,50,2.435
39.20,40.47,42.47,1,28.38135,1,e_rec,single-domain,0.0000,0.6797,1990.527,1990,25.66260,1,50,12.81,1.872,0,1.03,9.87,0.7573,50,26.2
39.60,40.87,42.67,1,29.35595,1,e_rec,single-domain,0.0000,0.8359,1790.866,1790,26.01220,1,50,12.25,0.892,0,0.8742,10.46,2.027,50,4.151
40.00,41.27,42.67,1,29.62197,1,e_rec,single-domain,0.0000,0.8359,1390.866,1390,26.27822,1,50,13.05,0.08865,0,0.7765,13.03,2.897,50,2.475
40.40,41.67,42.67,1,29.84443,1,e_rec,single-domain,0.0000,0.9453,990.866,990,26.06318,1,50,13.75,1.09,0,0.9632,17.66,3.234,50,21.63
40.80,42.07,43.95,1,29.99982,1,e_rec,single-domain,0.0000,0.9141,1871.344,1870,26.34357,1,50,12.95,-0.4941,0,0.8739,31.19,5.277,50,16.25
41.20,42.47,43.95,1,30.12794,1,e_rec,single-domain,0.0000,0.9141,1471.344,1470,26.47169,1,50,11.57,0.1994,0,1.059,35.18,3.93,50,4.805
41.60,42.87,43.95,1,29.44435,1,e_rec,single-domain,0.0000,0.6562,1071.344,1070,26.81935,1,50,11.42,2.399,0,0.463,36.22,3.541,50,2.216
42.00,43.27,43.95,1,28.63790,1,e_rec,single-domain,0.0000,0.4297,671.344,670,26.91915,1,50,11.25,1.314,0,0.01371,32.32,2.866,50,0.7168
42.40,43.67,43.95,1,27.46721,1,e_rec,single-domain,0.0000,0.1172,271.344,270,26.99846,1,50,12.5,0.9256,0,0.1167,30.26,4.142,50,-0.4847
42.80,44.07,44.08,1,26.18829,1,e_rec,single-domain,0.0000,0.0000,3.658,0,26.18829,1,50,12.92,2.048,0,-0.09886,38.14,5.974,50,50
43.20,44.47,46.37,1,27.70921,1,e_rec,single-domain,0.0000,0.0938,1891.487,1890,27.33421,1,50,13.54,0.9757,0,-0.08821,42.54,6.354,50,9.383
43.60,44.87,46.37,1,28.97668,1,e_rec,single-domain,0.0000,0.4062,1491.487,1490,27.35168,1,50,12.39,0.818,0,0.09254,45.39,4.661,50,4.581
44.00,45.27,46.37,1,29.67551,1,e_rec,single-domain,0.0000,0.7188,1091.487,1090,26.80051,1,50,12.09,2.277,0,0.4237,36.83,2.881,50,13.62
44.40,45.67,46.37,1,30.03471,1,e_rec,single-domain,0.0000,0.7812,691.487,690,26.90971,1,50,12.43,0.773,0,0.03842,22.53,1.711,50,0.9919
44.80,46.07,46.37,1,28.42445,1,e_rec,single-domain,0.0000,0.4688,291.487,290,26.54945,1,50,12.02,-0.3444,0,-0.3063,16.59,3.946,50,2.221
45.20,46.47,48.10,1,28.15881,1,e_rec,single-domain,0.0000,0.4609,1620.596,1620,26.31506,1,50,12.94,-0.06586,0,-0.3106,18.93,4.319,50,24.15
45.60,46.87,48.80,1,28.70750,1,e_rec,single-domain,0.0000,0.4297,1920.877,1920,26.98875,1,50,12.57,-1.143,0,-0.2153,28.43,5.361,50,-0.7437
46.00,47.27,48.80,1,30.16711,1,e_rec,single-domain,0.0000,0.7422,1520.877,1520,27.19836,1,50,12.68,-0.6427,0,-0.1079,29.47,2.556,50,0.6226
46.40,47.67,48.80,1,28.61468,1,e_rec,single-domain,0.0000,0.5859,1120.877,1120,26.27093,1,50,11.81,1.685,0,0.321,22.3,0.3933,50,22.99
46.80,48.07,50.02,1,28.95393,1,e_rec,single-domain,0.0000,0.5156,1941.012,1940,26.89143,1,50,13.01,0.8352,0,-0.3304,13.55,0.2856,50,5.485
47.20,48.47,50.02,1,28.93935,1,e_rec,single-domain,0.0000,0.5156,1541.012,1540,26.87685,1,50,15.04,0.6382,0,0.1241,10.51,1.636,50,7.676
47.60,48.87,50.02,1,30.06482,1,e_rec,single-domain,0.0000,0.6797,1141.012,1140,27.34607,1,50,15.35,2.405,0,-0.3132,14.66,1.857,50,3.723
48.00,49.27,51.16,1,30.92947,1,e_rec,single-domain,0.0000,0.8828,1881.329,1880,27.39822,1,50,15.08,1.164,0,-0.06294,21.41,2.72,50,1.252
48.40,49.67,51.16,1,30.92590,1,e_rec,single-domain,0.0000,0.8906,1481.329,1480,27.36340,1,50,14.31,1.124,0,-0.5953,23.45,2.104,50,10.75
48.80,50.07,51.16,1,29.17930,1,e_rec,single-domain,0.0000,0.6875,1081.329,1080,26.42930,1,50,12.86,2.045,0,0.1694,18.8,0.6746,50,22.5
49.20,50.47,51.16,1,28.14393,1,e_rec,single-domain,0.0000,0.4844,681.329,680,26.20643,1,50,12.31,0.5187,0,0.5283,12.01,0.848,50,9.032
49.60,50.87,51.16,1,26.55296,1,e_rec,single-domain,0.0000,0.1719,281.329,280,25.86546,1,50,12.24,0.2382,0,0.9132,7.529,0.2313,50,11.68
50.00,51.27,53.12,1,26.21139,1,e_rec,single-domain,0.0000,0.1328,1840.994,1840,25.68014,1,50,13.13,1.672,0,0.183,7.949,0.1469,50,43.63
50.40,51.67,53.12,1,28.35993,1,e_rec,single-domain,0.0000,0.4453,1440.994,1440,26.57868,1,50,13.29,1.201,0,0.05856,10.64,0.4542,50,9.932
50.80,52.07,53.12,1,29.76806,1,e_rec,single-domain,0.0000,0.7578,1040.994,1040,26.73681,1,50,14.05,0.9699,0,-0.4714,11.19,0.8059,50,19.71
51.20,52.47,54.48,1,29.76101,1,e_rec,single-domain,0.0000,0.8047,2004.148,2000,26.54226,1,50,13.82,2.375,0,-0.6013,9.003,0.7767,50,25.66
51.60,52.87,54.48,1,28.96516,1,e_rec,single-domain,0.0000,0.5859,1604.148,1600,26.62141,1,50,13.3,0.915,0,-0.4267,9.346,2.705,50,7.07
52.00,53.27,54.48,1,27.34933,1,e_rec,single-domain,0.0000,0.2734,1204.148,1200,26.25558,1,50,11.58,0.5862,0,0.1368,11.28,1.357,50,4.162
52.40,53.67,54.48,1,26.56118,1,e_rec,single-domain,0.0000,0.1016,804.148,800,26.15493,1,50,12.38,1.953,0,0.7787,15.54,1.49,50,10.79
52.80,54.07,55.89,1,27.05308,1,e_rec,single-domain,0.0000,0.1562,1810.728,1810,26.42808,1,50,12.27,0.9488,0,0.4397,16.04,2.102,50,2.134
53.20,54.47,55.89,1,28.31399,1,e_rec,single-domain,0.0000,0.4688,1410.728,1410,26.43899,1,50,13.34,0.7888,0,0.475,13.83,1.642,50,9.562
53.60,54.87,56.84,1,28.48449,1,e_rec,single-domain,0.0000,0.6641,1960.525,1960,25.82824,1,50,12.27,2.13,0,0.6582,12.06,2.441,50,17.87
54.00,55.27,57.11,1,29.13510,1,e_rec,single-domain,0.0000,0.7109,1830.763,1830,26.29135,1,50,11.65,1.07,0,0.05789,9.69,1.242,50,2.707
54.40,55.67,57.11,1,28.74199,1,e_rec,single-domain,0.0000,0.7109,1430.763,1430,25.89824,1,50,10.92,0.7553,0,0.1649,7.048,0.5141,50,9.767
54.80,56.07,57.85,1,28.84892,1,e_rec,single-domain,0.0000,0.7969,1771.094,1770,25.66142,1,50,12.25,2.238,0,-0.03536,7.471,-0.5926,50,42
55.20,56.47,57.85,1,28.81808,1,e_rec,single-domain,0.0000,0.6953,1371.094,1370,26.03683,1,50,13.34,1.005,0,0.6252,10.22,4.066,50,10.59
55.60,56.87,57.85,1,28.08335,1,e_rec,single-domain,0.0000,0.3828,971.094,970,26.55210,1,50,14.52,0.7579,0,0.6777,15.59,3.833,50,6.935
56.00,57.27,57.85,1,25.55143,1,e_rec,single-domain,0.0000,0.0781,571.094,570,25.23893,1,50,12.53,2.072,0,0.8119,21.96,5.699,50,47.79
56.40,57.67,57.68,1,26.70713,1,e_rec,single-domain,0.0000,0.0000,3.652,0,26.70713,1,50,12.22,0.7486,0,0.8969,30.46,2.532,50,1.37
56.80,58.07,58.08,1,26.98880,1,e_rec,single-domain,0.0000,0.0000,3.432,0,26.98880,1,50,11.75,0.6602,0,0.1932,36.09,1.928,50,8.169
57.20,58.47,64.80,1,26.26963,1,e_rec,single-domain,0.2344,0.0000,6323.183,6320,27.20713,1,50,12.72,1.908,0,0.06908,33.25,0.2772,50,11.77
57.60,58.87,64.80,1,25.12525,1,e_rec,single-domain,0.5000,0.0000,5923.183,5920,27.12525,1,50,12.99,0.7336,0,-0.02341,23.02,0.4181,50,3.267
58.00,59.27,64.80,1,23.42266,1,e_rec,single-domain,0.8125,0.0000,5523.183,5520,26.67266,1,50,13.23,0.7205,0,0.01631,18.66,-0.1078,50,20.34
58.40,59.67,64.80,1,22.60867,1,e_rec,single-domain,0.9531,0.0000,5123.183,5120,26.42117,1,50,12.87,2.462,0,0.02885,19.1,-0.1646,50,29.19
58.80,60.07,64.80,1,8.56898,1,e_rec,single-domain,0.8801,0.0000,4723.183,4720,12.08935,1,50,14.45,14.13,50,32.7,27.14,11.57,50,50
59.20,60.47,64.80,1,1.18282,1,e_rec,single-domain,0.7028,0.0000,4323.183,4320,3.99394,1,50,19.55,50,50,50,50,48.08,50,50
59.60,60.87,64.80,1,1.58732,1,e_rec,single-domain,0.5255,0.0000,3923.183,3920,3.68919,1,50,18.84,50,50,50,50,50,50,50
60.00,61.27,64.80,-1,2.40994,1,e_rec,single-domain,0.4326,0.0000,3523.183,3520,4.14033,1,50,20.94,50,50,50,50,50,50,50
60.40,61.67,64.80,-1,-7.53068,0,e_rec,single-domain,0.4326,0.0000,3123.183,3120,-5.80029,0,9.434,13.97,50,0,50,50,50,50,50
60.80,62.07,64.80,0,-8.21579,0,e_rec,single-domain,0.4326,0.0000,2723.183,2720,-6.48540,0,9.07,11.14,50,0,50,50,50,50,50
61.20,62.47,64.80,0,-8.89903,0,e_rec,single-domain,0.4326,0.0000,2323.183,2320,-7.16864,0,7.499,9.478,50,50,50,50,50,50,50
61.60,62.87,64.80,0,-8.94711,0,e_rec,single-domain,0.4326,0.0000,1923.183,1920,-7.21671,0,3.552,13.08,50,50,50,50,50,50,50
62.00,63.27,64.80,0,-8.86998,0,e_rec,single-domain,0.4326,0.0000,1523.183,1520,-7.13959,0,-1.082,17.47,50,50,50,50,50,50,45.64
62.40,63.67,64.80,0,12.68979,1,e_rec,single-domain,0.4326,0.0000,1123.183,1120,14.42019,1,-2.97,16.38,1.305,1.297e-10,-2.939,50,50,50,30.21
62.80,64.07,64.80,0,0.82853,1,e_rec,single-domain,0.3988,0.0000,723.183,720,2.42374,1,-1.334,9.699,1.012,0,-1.697,45.42,47.07,16.6,13.29
63.20,64.47,64.80,0,-0.72478,0,e_rec,single-domain,0.2636,0.0000,323.183,320,0.32968,1,0.4449,3.16,2.216,0,0.01974,39.14,9.69,6.677,8.819
63.60,64.87,64.88,0,-3.18939,0,|r_pv|,cross-domain,0.1284,0.0000,3.522,0,-2.67568,0,0.1435,0.7418,1.04,0,-0.02379,13.61,6.06,0.3952,0.191
64.00,65.27,65.28,0,-1.94280,0,e_rec,cross-domain,0.0000,0.0000,3.793,0,-1.94280,0,0.6601,0.4332,0.857,0,-0.1504,7.859,6.341,3.151,1.687
64.40,65.67,65.68,0,-0.58236,0,e_rec,cross-domain,0.0000,0.0000,3.745,0,-0.58236,0,1.134,0.5624,2.088,0,-1.121,6.701,5.779,6.2,9.278
64.80,66.07,66.08,0,-1.13222,0,e_rec,cross-domain,0.0000,0.0000,3.693,0,-1.13222,0,1.449,0.6984,1.077,0,-0.4045,8.072,6.47,4.733,2.918
65.20,66.47,66.48,0,-2.24937,0,e_rec,cross-domain,0.0000,0.0000,3.708,0,-2.24937,0,1.033,0.2394,0.8082,0,-0.1058,9.225,5.872,1.92,2.105
65.60,66.87,66.88,0,0.02060,1,e_rec,cross-domain,0.0000,0.0000,3.698,0,0.02060,1,0.7032,0.1205,2.216,0,1.219,7.22,6.146,11.65,9.005
66.00,67.27,67.28,0,-3.75204,0,|r_pv|,cross-domain,0.0000,0.0000,3.653,0,-3.75204,0,0.5166,0.5234,0.9671,0,1.079,5.803,5.954,-0.5325,4.089
66.40,67.67,67.68,0,-3.12511,0,e_rec,cross-domain,0.0000,0.0000,3.691,0,-3.12511,0,0.8754,0.2874,0.5922,0,0.4727,2.803,6.094,0.8504,3.261
66.80,68.07,68.08,0,-1.52060,0,e_rec,cross-domain,0.0000,0.0000,3.656,0,-1.52060,0,0.7319,0.4635,2.168,0,0.1113,0.07088,6.606,6.125,9.361
67.20,68.47,68.48,0,-3.47321,0,|r_bal|,cross-domain,0.0000,0.0000,3.716,0,-3.47321,0,1.033,0.7163,0.92,0,-0.1643,0.1994,7.058,-1.007,1.918
67.60,68.87,68.88,0,-2.78297,0,|r_bal|,cross-domain,0.0000,0.0000,3.609,0,-2.78297,0,1.478,0.3582,0.6323,0,-0.2211,-0.9687,5.433,0.6542,0.8451
68.00,69.27,69.28,0,-0.37035,0,e_rec,cross-domain,0.0000,0.0000,3.627,0,-0.37035,0,0.9902,0.2739,1.846,0,0.1599,-0.6507,5.366,9.089,3.789
68.40,69.67,69.68,0,-3.01911,0,e_rec,cross-domain,0.0000,0.0000,3.676,0,-3.01911,0,1.048,0.5907,0.9368,0,0.7663,-0.8576,4.848,1.215,1.712
68.80,70.07,70.08,0,-3.48727,0,|r_bal|,cross-domain,0.0000,0.0000,3.628,0,-3.48727,0,0.8467,0.2148,0.9068,0,0.5823,0.0815,4.854,-0.2713,0.4427
69.20,70.47,70.48,0,-2.20694,0,e_rec,cross-domain,0.0000,0.0000,3.775,0,-2.20694,0,0.7032,0.1547,2.271,0,0.3043,0.3185,5.596,3.742,2.617
69.60,70.87,70.88,0,-2.99145,0,|r_bal|,cross-domain,0.0000,0.0000,3.652,0,-2.99145,0,0.7749,0.5505,1.09,0,0.0205,0.09691,4.929,0.39,0.6637
70.00,71.27,71.28,0,-3.45973,0,|r_bal|,cross-domain,0.0000,0.0000,3.516,0,-3.45973,0,0.6027,0.2262,1.319,0,-0.1384,-0.5526,4.605,-0.9216,1.015
70.40,71.67,71.68,0,-2.31144,0,e_rec,cross-domain,0.0000,0.0000,3.705,0,-2.31144,0,0.7175,0.2555,2.668,0,-0.1786,-0.6754,4.872,3.009,7.909
70.80,72.07,72.08,0,-3.51437,0,|r_bal|,cross-domain,0.0000,0.0000,3.705,0,-3.51437,0,0.7032,0.5955,1.314,0,0.3415,-0.5072,4.615,-0.8168,0.5623
71.20,72.47,72.48,0,-3.33182,0,|r_bal|,cross-domain,0.0000,0.0000,3.705,0,-3.33182,0,1.062,0.2354,0.8656,0,0.3949,-0.7456,3.742,-0.38,0.2908
71.60,72.87,72.88,0,-2.30093,0,e_rec,cross-domain,0.0000,0.0000,3.621,0,-2.30093,0,1.177,0.2208,2.302,0,0.3488,-1.251,3.389,2.972,5.353
72.00,73.27,73.28,0,-3.53634,0,|r_bal|,cross-domain,0.0000,0.0000,3.539,0,-3.53634,0,0.9185,0.5424,1.25,0,0.6447,-1.395,3.592,-0.5555,3.483
72.40,73.67,73.68,0,-3.16904,0,|r_bal|,cross-domain,0.0000,0.0000,3.671,0,-3.16904,0,1.205,0.2878,1.285,0,0.2386,-0.688,3.523,-0.2337,0.8261
72.80,74.07,74.08,0,-0.95302,0,e_rec,cross-domain,0.0000,0.0000,4.298,0,-0.95302,0,1.335,0.6381,2.736,0,0.8033,0.6152,4.24,7.51,7.835
73.20,74.47,74.48,0,-3.21967,0,|r_bal|,cross-domain,0.0000,0.0000,4.036,0,-3.21967,0,1.392,0.8278,1.38,0,1.038,1.19,5.521,0.4097,0.2439
73.60,74.87,74.88,0,-3.53113,0,|r_bal|,cross-domain,0.0000,0.0000,3.712,0,-3.53113,0,1.177,0.4735,1.221,0,0.5163,0.9812,5.33,-0.9117,-0.3618
74.00,75.27,75.28,0,-2.18627,0,e_rec,cross-domain,0.0000,0.0000,3.545,0,-2.18627,0,0.7893,0.3162,2.323,0,0.5751,0.2989,6.319,4.105,1.658
74.40,75.67,75.68,0,-3.41948,0,|r_aux|,cross-domain,0.0000,0.0000,4.660,0,-3.41948,0,0.6314,0.6445,0.8247,0,0.182,-0.3734,5.264,-0.5351,0.9868
74.80,76.07,76.08,0,-3.44831,0,|r_aux|,cross-domain,0.0000,0.0000,3.818,0,-3.44831,0,0.4305,0.4305,0.5385,0,0.6436,-0.7909,4.073,-0.04645,0.4015
75.20,76.47,76.48,0,-1.81967,0,e_rec,cross-domain,0.0000,0.0000,3.681,0,-1.81967,0,0.7606,0.5879,2.261,0,0.4899,-0.8478,3.748,4.48,2.029
75.60,76.87,76.88,0,-3.16231,0,|r_bal|,cross-domain,0.0000,0.0000,3.664,0,-3.16231,0,0.9472,0.7852,1.254,0,0.696,-0.4061,4.597,0.4216,0.485
76.00,77.27,77.28,0,-2.86701,0,e_rec,cross-domain,0.0000,0.0000,3.603,0,-2.86701,0,0.818,0.4228,1.206,0,1.405,1.13,4.882,2.399,-0.5822
76.40,77.67,77.68,0,-1.07759,0,e_rec,cross-domain,0.0000,0.0000,3.656,0,-1.07759,0,0.3014,0.3287,1.876,0,0.2401,2.312,5.587,7.056,2.338
76.80,78.07,78.08,0,-3.11917,0,|r_aux|,cross-domain,0.0000,0.0000,3.572,0,-3.11917,0,0.5453,0.6581,1.073,0,-0.07036,2.264,4.819,-0.3918,-0.6557
77.20,78.47,78.48,0,-2.54709,0,e_rec,cross-domain,0.0000,0.0000,3.688,0,-2.54709,0,0.9185,0.3614,0.8694,0,-0.3296,0.967,3.589,0.8246,-0.8006
77.60,78.87,78.88,0,-1.16226,0,e_rec,cross-domain,0.0000,0.0000,3.594,0,-1.16226,0,1.148,0.3195,2.356,0,0.3137,-0.3608,3.31,6.118,3.025
78.00,79.27,79.28,0,-2.89406,0,|r_bal|,cross-domain,0.0000,0.0000,3.612,0,-2.89406,0,0.8036,0.6646,1.117,0,0.191,-0.8891,2.82,0.3461,-0.1298
78.40,79.67,79.68,0,-2.99790,0,|r_bal|,cross-domain,0.0000,0.0000,5.245,0,-2.99790,0,0.8754,0.3747,0.7888,0,-0.08134,-0.4794,3.245,-0.1413,-0.5509
78.80,80.07,80.08,0,-1.61242,0,e_rec,cross-domain,0.0000,0.0000,3.730,0,-1.61242,0,0.9185,0.4516,2.202,0,-0.1606,0.3823,3.944,4.358,4.47
79.20,80.47,80.48,0,-2.68861,0,|r_qp|,cross-domain,0.0000,0.0000,3.873,0,-2.68861,0,1.177,0.6973,1.156,0,-0.6934,1.16,4.548,-0.1691,0.454
79.60,80.87,80.88,0,-3.02163,0,|r_bal|,cross-domain,0.0000,0.0000,3.666,0,-3.02163,0,1.335,0.4292,1.083,0,-0.08332,2.218,3.9,-0.6525,-0.1937
80.00,81.27,81.28,0,-0.92253,0,e_rec,cross-domain,0.0000,0.0000,3.608,0,-0.92253,0,0.8036,0.5721,2.281,0,-0.291,2.995,4.74,6.146,3.25
80.40,81.67,81.68,0,-2.48276,0,e_rec,cross-domain,0.0000,0.0000,3.724,0,-2.48276,0,0.8898,0.8175,0.9076,0,-0.048,2.613,5.12,1.32,-0.5368
80.80,82.07,82.08,0,-3.29034,0,|r_aux|,cross-domain,0.0000,0.0000,3.653,0,-3.29034,0,0.244,0.4732,0.9635,0,0.243,0.8939,4.452,-0.132,-0.466
81.20,82.47,82.48,0,-2.29699,0,e_rec,cross-domain,0.0000,0.0000,3.668,0,-2.29699,0,0.1866,0.3176,2.091,0,0.2903,-0.6463,3.989,3.198,-0.03184
81.60,82.87,82.88,0,-3.86770,0,|r_aux|,cross-domain,0.0000,0.0000,3.717,0,-3.86770,0,-0.0287,0.6692,1.251,0,0.8466,-1.19,3.034,-1.238,-0.6793
82.00,83.27,83.28,0,-3.62792,0,|r_aux|,cross-domain,0.0000,0.0000,3.625,0,-3.62792,0,0.1579,0.2962,0.9087,0,1.371,-0.7065,2.67,0.1586,-0.7672
82.40,83.67,83.68,0,-1.90379,0,e_rec,cross-domain,0.0000,0.0000,3.695,0,-1.90379,0,0.7462,0.1448,1.816,0,0.3279,0.2183,2.846,3.841,-0.08543
82.80,84.07,84.08,0,-3.06847,0,|r_bal|,cross-domain,0.0000,0.0000,3.600,0,-3.06847,0,0.574,0.4744,0.6431,0,0.4165,0.9842,2.487,0.1307,0.3858
83.20,84.47,84.48,0,-2.69146,0,|r_qp|,cross-domain,0.0000,0.0000,3.588,0,-2.69146,0,0.6027,0.2757,0.5907,0,-0.799,1.775,2.217,-0.3768,-0.6967
83.60,84.87,84.88,0,-0.72231,0,e_rec,cross-domain,0.0000,0.0000,4.978,0,-0.72231,0,0.7319,0.6815,2.215,0,-0.1164,2.448,3.214,6.805,5.601
84.00,85.27,85.28,0,-2.83161,0,|r_aux|,cross-domain,0.0000,0.0000,3.932,0,-2.83161,0,0.7606,0.8757,1.444,0,0.1804,2.166,4.751,0.5307,-0.5503
84.40,85.67,85.68,0,-3.01182,0,|r_bal|,cross-domain,0.0000,0.0000,3.697,0,-3.01182,0,1.306,0.4806,1.124,0,0.4246,1.812,4.769,0.228,-0.8153
84.80,86.07,86.08,0,-2.91436,0,e_rec,cross-domain,0.0000,0.0000,3.628,0,-2.91436,0,0.7749,0.2221,2.717,0,-0.09541,1.058,4.951,0.6574,1.78
85.20,86.47,86.48,0,-3.06401,0,|r_aux|,cross-domain,0.0000,0.0000,3.618,0,-3.06401,0,0.531,0.6138,1.497,0,-0.0475,0.5179,3.628,-0.2238,-0.03715
85.60,86.87,86.88,0,-3.29195,0,|r_bal|,cross-domain,0.0000,0.0000,3.749,0,-3.29195,0,0.4592,0.4047,1.189,0,-0.1441,0.1293,3.421,-0.9208,-0.7491
86.00,87.27,87.28,0,-2.17118,0,e_rec,cross-domain,0.0000,0.0000,3.663,0,-2.17118,0,-0.04305,0.608,2.261,0,-0.03854,0.1742,4.057,3.077,0.4143
86.40,87.67,87.68,0,-2.84293,0,|r_aux|,cross-domain,0.0000,0.0000,3.550,0,-2.84293,0,0.2727,0.8038,0.5579,0,-0.4067,0.5214,5.283,0.4347,-0.3301
86.80,88.07,88.08,0,-2.36671,0,e_rec,cross-domain,0.0000,0.0000,3.676,0,-2.36671,0,0.7175,0.4132,0.3026,0,-0.5872,1.584,4.506,1.317,-0.7265
87.20,88.47,88.48,0,-2.43645,0,|r_qp|,cross-domain,0.0000,0.0000,3.574,0,-2.43645,0,0.9472,0.2772,1.557,0,-0.7062,2.893,4.515,0.798,0.1199
87.60,88.87,88.88,0,-2.58113,0,e_rec,cross-domain,0.0000,0.0000,3.635,0,-2.58113,0,0.8898,0.639,0.8424,0,0.07445,3.062,3.663,0.8847,-0.5582
88.00,89.27,89.28,0,-3.10317,0,|r_bal|,cross-domain,0.0000,0.0000,3.526,0,-3.10317,0,0.9615,0.2697,0.7692,0,0.1311,1.924,3.697,-0.3254,-0.5853
88.40,89.67,89.68,0,-2.72624,0,e_rec,cross-domain,0.0000,0.0000,3.574,0,-2.72624,0,0.7749,0.06666,2.167,0,0.5254,0.4333,4.172,1.896,-0.01219
88.80,90.07,90.08,0,-2.94129,0,e_rec,cross-domain,0.0000,0.0000,3.767,0,-2.94129,0,1.263,0.5067,1.04,0,0.8831,-0.2212,3.09,0.8731,-0.4497
89.20,90.47,90.48,0,-2.82020,0,|r_bal|,cross-domain,0.0000,0.0000,3.523,0,-2.82020,0,1.622,0.1279,0.6354,0,0.2714,-0.272,3.066,0.4732,-0.6447
89.60,90.87,90.88,0,-2.79137,0,|r_bal|,cross-domain,0.0000,0.0000,3.700,0,-2.79137,0,2.11,0.09201,2.003,0,0.3062,-0.2934,3.36,0.5391,1.737
90.00,91.27,91.28,0,-1.53147,0,e_rec,cross-domain,0.0000,0.0000,3.616,0,-1.53147,0,2.196,0.4631,0.8501,0,-0.2504,-0.3371,3.554,3.313,-0.6219
90.40,91.67,91.68,0,-2.09514,0,e_rec,cross-domain,0.0000,0.0000,3.604,0,-2.09514,0,1.765,0.1484,1.017,0,-0.2901,0.2025,2.275,1.618,-0.8729
90.80,92.07,92.08,0,-2.53108,0,e_rec,cross-domain,0.0000,0.0000,3.664,0,-2.53108,0,1.005,0.4779,2.421,0,0.03581,0.5962,1.6,1.117,4.682
91.20,92.47,92.48,0,-3.48223,0,|r_bal|,cross-domain,0.0000,0.0000,3.814,0,-3.48223,0,1.091,0.7261,1.017,0,0.8849,0.6829,2.65,-1.048,-0.6867
91.60,92.87,92.88,0,-3.01368,0,|r_bal|,cross-domain,0.0000,0.0000,3.543,0,-3.01368,0,1.134,0.3288,0.6755,0,0.3214,-0.294,2.19,-0.1041,-0.8073
92.00,93.27,93.28,0,-2.36141,0,e_rec,cross-domain,0.0000,0.0000,3.712,0,-2.36141,0,1.191,0.1572,2.009,0,-0.1259,-0.9712,2.376,1.537,-0.445
92.40,93.67,93.68,0,-2.62422,0,|r_qp|,cross-domain,0.0000,0.0000,3.632,0,-2.62422,0,1.005,0.5543,0.8065,0,-0.6827,-1.219,1.665,-0.2777,-0.6203
92.80,94.07,94.08,0,-2.78602,0,|r_qp|,cross-domain,0.0000,0.0000,3.648,0,-2.78602,0,0.4018,0.2776,0.8142,0,-0.2186,-0.8091,1.277,0.2324,-0.8762
93.20,94.47,94.48,0,-2.52283,0,e_rec,cross-domain,0.0000,0.0000,3.561,0,-2.52283,0,0.7606,0.4563,1.908,0,0.5793,0.03357,1.803,1.887,1.187
93.60,94.87,94.88,0,-2.52431,0,e_rec,cross-domain,0.0000,0.0000,3.646,0,-2.52431,0,0.8898,0.7075,0.7369,0,0.3608,0.8779,2.838,1.421,-0.4255
94.00,95.27,95.28,0,-3.20555,0,|r_bal|,cross-domain,0.0000,0.0000,3.683,0,-3.20555,0,0.818,0.3001,0.2295,0,0.4021,2.242,2.657,-0.5125,-0.6972
94.40,95.67,95.68,0,-2.17198,0,e_rec,cross-domain,0.0000,0.0000,5.240,0,-2.17198,0,0.6314,0.1947,1.64,0,-0.303,2.874,2.961,2.089,1.321
94.80,96.07,96.08,0,-3.19094,0,|r_aux|,cross-domain,0.0000,0.0000,4.278,0,-3.19094,0,0.531,0.5865,0.5049,0,0.09579,2.365,2.398,-0.9418,-0.6325
95.20,96.47,96.48,0,-2.81907,0,|r_bal|,cross-domain,0.0000,0.0000,3.718,0,-2.81907,0,1.392,0.2449,0.7148,0,0.6923,0.7097,1.709,0.6406,-0.7425
95.60,96.87,96.88,0,-2.72533,0,e_rec,cross-domain,0.0000,0.0000,3.599,0,-2.72533,0,1.076,0.2158,1.996,0,0.754,-0.8035,1.838,1.646,2.735
96.00,97.27,97.28,0,-2.74333,0,e_rec,cross-domain,0.0000,0.0000,3.625,0,-2.74333,0,1.019,0.5868,0.7564,0,0.7855,-0.9366,1.765,1.216,-0.4295
96.40,97.67,97.68,0,-3.11796,0,e_rec,cross-domain,0.0000,0.0000,3.741,0,-3.11796,0,0.4305,0.195,0.7013,0,0.8654,-0.249,1.574,0.6652,-0.6646
96.80,98.07,98.08,0,-2.88721,0,|r_bal|,cross-domain,0.0000,0.0000,3.723,0,-2.88721,0,1.019,0.1232,2.146,0,0.2916,0.6386,2.651,0.5198,0.143
97.20,98.47,98.48,0,-2.33362,0,e_rec,cross-domain,0.0000,0.0000,3.656,0,-2.33362,0,1.191,0.4914,1.05,0,0.3326,0.9172,2.504,1.829,-0.4848
97.60,98.87,98.88,0,-2.69512,0,|r_bal|,cross-domain,0.0000,0.0000,3.569,0,-2.69512,0,1.607,0.1838,0.633,0,-0.2091,0.5374,1.99,-0.1439,-0.7555
98.00,99.27,99.28,0,-1.66502,0,e_rec,cross-domain,0.0000,0.0000,3.697,0,-1.66502,0,1.234,0.4804,1.713,0,0.3894,0.2709,1.552,3.855,0.7646
98.40,99.67,99.68,0,-3.23119,0,|r_aux|,cross-domain,0.0000,0.0000,3.577,0,-3.23119,0,0.6888,0.726,0.5338,0,0.4809,-0.06409,2.681,-0.4416,-0.6848
98.80,100.07,100.08,0,-3.69641,0,|r_bal|,cross-domain,0.0000,0.0000,3.825,0,-3.69641,0,0.7606,0.3415,0.7076,0,0.8585,-0.4871,2.254,-1.248,-0.7255
99.20,100.47,100.48,0,-2.65272,0,e_rec,cross-domain,0.0000,0.0000,3.632,0,-2.65272,0,1.22,0.1783,2.012,0,0.6302,-0.9401,2.496,1.609,-0.362
99.60,100.87,100.88,0,-3.29343,0,|r_bal|,cross-domain,0.0000,0.0000,3.674,0,-3.29343,0,0.6314,0.5807,0.9596,0,0.6022,-1.096,1.642,-0.5034,-0.7964
100.00,101.27,101.28,0,-3.40494,0,|r_bal|,cross-domain,0.0000,0.0000,3.709,0,-3.40494,0,1.091,0.2225,0.6204,0,0.6449,-0.7371,1.355,-0.9563,-0.822
100.40,101.67,101.68,0,-2.11528,0,e_rec,cross-domain,0.0000,0.0000,3.586,0,-2.11528,0,1.019,0.2183,1.826,0,0.9495,-0.3959,1.648,3.583,0.6453
100.80,102.07,102.08,0,-3.03970,0,|r_bal|,cross-domain,0.0000,0.0000,3.571,0,-3.03970,0,1.521,0.5592,0.9147,0,0.656,-0.03281,1.889,-0.2435,-0.5478
101.20,102.47,102.48,0,-2.98706,0,|r_bal|,cross-domain,0.0000,0.0000,3.698,0,-2.98706,0,1.22,0.1916,1.098,0,0.906,0.8061,1.494,0.4704,-0.8075
101.60,102.87,102.88,0,-2.74129,0,e_rec,cross-domain,0.0000,0.0000,3.756,0,-2.74129,0,0.531,0.2219,2.398,0,0.668,1.786,1.747,1.469,1.844
102.00,103.27,103.28,0,-3.26464,0,|r_aux|,cross-domain,0.0000,0.0000,3.728,0,-3.26464,0,0.574,0.5956,1.081,0,0.3397,1.927,1.759,-1.006,-0.6202
102.40,103.67,103.68,0,-3.00146,0,|r_bal|,cross-domain,0.0000,0.0000,3.611,0,-3.00146,0,0.8898,0.2622,0.9743,0,0.1254,0.667,2.066,-0.2554,-0.8344
102.80,104.07,104.08,0,-2.98102,0,|r_bal|,cross-domain,0.0000,0.0000,3.699,0,-2.98102,0,0.9902,0.3403,2.38,0,-0.1876,-0.6166,2.864,-0.2316,1.532
103.20,104.47,104.48,0,-2.62123,0,|r_bal|,cross-domain,0.0000,0.0000,3.669,0,-2.62123,0,1.306,0.9133,1.1,0,0.3311,-0.808,0.9828,0.3768,-0.7546
103.60,104.87,104.88,0,-2.67476,0,|r_bal|,cross-domain,0.0000,0.0000,3.700,0,-2.67476,0,0.8036,0.5456,0.7939,0,-0.1155,-0.951,0.3571,0.06443,-0.8278
104.00,105.27,105.28,0,-2.90341,0,|r_bal|,cross-domain,0.0000,0.0000,4.077,0,-2.90341,0,1.191,0.4591,2.284,0,0.1122,-0.7523,0.2169,-0.6062,-0.7332
104.40,105.67,105.68,0,-2.78379,0,|r_aux|,cross-domain,0.0000,0.0000,4.051,0,-2.78379,0,0.6171,0.9687,0.9863,0,0.0797,-1.177,-0.3295,-0.3241,-0.7533
104.80,106.07,106.08,0,-2.97745,0,|r_aux|,cross-domain,0.0000,0.0000,3.634,0,-2.97745,0,0.4449,0.529,1.223,0,0.7941,-1.167,-0.6698,0.3162,-0.6584
105.20,106.47,106.48,0,-2.93484,0,|r_aux|,cross-domain,0.0000,0.0000,3.756,0,-2.93484,0,0.1722,0.5481,2.356,0,0.5072,-1.373,-0.6295,0.3004,-0.07295
105.60,106.87,106.88,0,-2.95237,0,|r_aux|,cross-domain,0.0000,0.0000,3.647,0,-2.95237,0,0.1866,1.013,1.141,0,0.5866,-1.595,-0.4852,0.05715,-0.7596
106.00,107.27,107.28,0,-3.24916,0,|r_aux|,cross-domain,0.0000,0.0000,3.659,0,-3.24916,0,0.1292,0.5725,0.7964,0,0.2552,-1.536,-0.2588,-0.8896,-0.5945
106.40,107.67,107.68,0,-2.95434,0,e_rec,cross-domain,0.0000,0.0000,3.642,0,-2.95434,0,-0.1722,0.4176,1.904,0,0.3545,-1.327,-0.1164,0.4576,-0.3826
106.80,108.07,108.08,0,-2.50566,0,e_rec,cross-domain,0.0000,0.0000,3.562,0,-2.50566,0,-0.3731,0.9471,0.8827,0,-0.03967,-1.075,-0.1307,1.092,-0.4236
107.20,108.47,108.48,0,-2.35592,0,e_rec,cross-domain,0.0000,0.0000,3.762,0,-2.35592,0,0.3588,0.4546,0.6707,0,-0.01334,-0.1898,-0.7729,1.196,-0.4009
107.60,108.87,108.88,0,-2.48590,0,|r_bal|,cross-domain,0.0000,0.0000,3.621,0,-2.48590,0,0.9759,0.3507,2.029,0,-0.09733,0.5317,-0.6537,0.2891,-0.5201
108.00,109.27,109.28,0,-2.50237,0,|r_bal|,cross-domain,0.0000,0.0000,3.645,0,-2.50237,0,1.306,0.8944,1.042,0,0.1368,0.8927,-0.2425,0.0694,-0.1007
108.40,109.67,109.68,0,-2.61243,0,|r_bal|,cross-domain,0.0000,0.0000,3.653,0,-2.61243,0,0.8754,0.446,1.003,0,0.144,1.15,0.1513,0.3529,-0.5388
108.80,110.07,110.08,0,-2.80228,0,|r_qp|,cross-domain,0.0000,0.0000,3.592,0,-2.80228,0,0.5166,0.3843,2.332,0,-0.492,1.352,1.231,-0.5583,-0.6837
109.20,110.47,110.48,0,-2.56387,0,|r_qp|,cross-domain,0.0000,0.0000,3.739,0,-2.56387,0,0.531,0.9566,1.095,0,-0.5283,1.442,1.849,-0.1052,-0.7381
109.60,110.87,110.88,0,-2.03607,0,e_rec,cross-domain,0.0000,0.0000,4.028,0,-2.03607,0,1.048,0.3701,1.095,0,-0.3231,1.056,1.362,1.799,-0.2288
110.00,111.27,111.28,0,-2.74639,0,|r_aux|,cross-domain,0.0000,0.0000,3.544,0,-2.74639,0,0.4449,0.6141,2.093,0,-0.2117,0.4609,0.5668,-0.1353,0.2452
110.40,111.67,111.68,0,-2.81281,0,|r_aux|,cross-domain,0.0000,0.0000,3.674,0,-2.81281,0,0.2583,1.006,0.7377,0,0.4128,0.0943,0.1368,0.2276,-0.375
110.80,112.07,112.08,0,-3.61330,0,|r_aux|,cross-domain,0.0000,0.0000,3.561,0,-3.61330,0,-0.2727,0.4879,0.4943,0,0.8121,0.1674,-0.3116,-1.18,-0.676
111.20,112.47,112.48,0,-3.63654,0,|r_aux|,cross-domain,0.0000,0.0000,3.702,0,-3.63654,0,0.3588,0.3794,1.695,0,1.528,0.01172,-0.5507,-0.6864,-0.1511
111.60,112.87,112.88,0,-2.43541,0,e_rec,cross-domain,0.0000,0.0000,3.506,0,-2.43541,0,0.8324,0.9021,1.034,0,1.236,0.3749,-0.2597,2.062,0.2916
112.00,113.27,113.28,0,-2.75706,0,e_rec,cross-domain,0.0000,0.0000,3.548,0,-2.75706,0,1.091,0.4132,0.5953,0,1.423,0.9481,-0.4381,1.294,-0.8136
112.40,113.67,113.68,0,-3.35016,0,|r_bal|,cross-domain,0.0000,0.0000,3.691,0,-3.35016,0,0.6171,0.46,1.84,0,1.384,1.295,-0.2557,-0.2558,0.1087
112.80,114.07,114.08,0,-3.17824,0,|r_aux|,cross-domain,0.0000,0.0000,3.634,0,-3.17824,0,0.8324,0.9576,0.9406,0,1.627,1.738,-0.3499,0.001171,-0.7254
113.20,114.47,114.48,0,-3.01108,0,|r_bal|,cross-domain,0.0000,0.0000,3.722,0,-3.01108,0,0.9615,0.4541,0.7298,0,0.7432,1.261,-0.4979,-0.3543,-0.7962
113.60,114.87,114.88,0,-2.99411,0,|r_bal|,cross-domain,0.0000,0.0000,3.573,0,-2.99411,0,1.249,0.5283,1.815,0,1.085,0.9214,-0.1899,0.001735,-0.8049
114.00,115.27,115.28,0,-2.64940,0,|r_bal|,cross-domain,0.0000,0.0000,3.626,0,-2.64940,0,1.22,1.013,0.7287,0,0.2823,0.5708,0.2808,-0.09144,-0.6456
114.40,115.67,115.68,0,-2.91792,0,e_rec,cross-domain,0.0000,0.0000,3.672,0,-2.91792,0,0.6601,0.5684,0.5378,0,0.8335,-0.02603,0.5435,0.5863,-0.4383
114.80,116.07,116.08,0,-3.27214,0,|r_bal|,cross-domain,0.0000,0.0000,3.583,0,-3.27214,0,0.4018,0.3432,2.14,0,0.4596,-0.6866,1.588,-0.3914,-0.8728
115.20,116.47,116.48,0,-3.22978,0,|r_aux|,cross-domain,0.0000,0.0000,3.831,0,-3.22978,0,0.3157,0.926,1.06,0,0.4822,-0.6814,1.941,-0.4422,-0.5512
115.60,116.87,116.88,0,-2.72781,0,e_rec,cross-domain,0.0000,0.0000,3.539,0,-2.72781,0,0.2296,0.3557,0.8202,0,0.3468,-0.6348,1.24,1.186,-0.623
116.00,117.27,117.28,0,-2.76739,0,|r_aux|,cross-domain,0.0000,0.0000,3.525,0,-2.76739,0,0.2153,0.6735,1.929,0,-0.1594,-0.02998,0.3537,-0.09203,-0.7621
116.40,117.67,117.68,0,-3.02339,0,|r_aux|,cross-domain,0.0000,0.0000,3.798,0,-3.02339,0,-0.1148,1.048,0.7873,0,-0.334,0.07463,0.05098,-1.2,-0.5524
116.80,118.07,118.08,0,-2.51172,0,|r_qp|,cross-domain,0.0000,0.0000,3.690,0,-2.51172,0,0.574,0.5781,0.7644,0,-0.4493,-0.2626,0.236,0.1852,-0.4896
117.20,118.47,118.48,0,-2.76361,0,|r_bal|,cross-domain,0.0000,0.0000,3.585,0,-2.76361,0,1.306,0.3115,1.983,0,-0.1693,-0.9717,1.033,-0.1497,1.239
117.60,118.87,118.88,0,-2.58911,0,|r_bal|,cross-domain,0.0000,0.0000,3.668,0,-2.58911,0,1.636,0.9409,1.048,0,0.2733,-1.285,1.576,0.3724,-0.6995
118.00,119.27,119.28,0,-3.11231,0,|r_bal|,cross-domain,0.0000,0.0000,3.756,0,-3.11231,0,1.851,0.3878,0.8241,0,0.6382,-1.221,0.9382,-0.7106,-0.7773
118.40,119.67,119.68,0,-3.06598,0,|r_bal|,cross-domain,0.0000,0.0000,3.709,0,-3.06598,0,1.349,0.4787,2.104,0,0.5508,-0.6032,0.3192,-0.5972,0.004715
118.80,120.07,120.08,0,-2.23026,0,e_rec,cross-domain,0.0000,0.0000,3.537,0,-2.23026,0,1.521,0.9364,1.183,0,0.2543,-0.1008,0.03265,1.032,-0.5856
119.20,120.47,120.48,0,-2.62124,0,|r_bal|,cross-domain,0.0000,0.0000,3.468,0,-2.62124,0,1.808,0.4071,1.026,0,-0.1965,1.17,-0.2058,-0.7945,-0.834
119.60,120.87,120.88,0,-2.64618,0,|r_bal|,cross-domain,0.0000,0.0000,3.674,0,-2.64618,0,0.9615,0.5171,2.166,0,-0.3653,1.901,-0.2929,-0.7229,-0.7308
120.00,121.27,121.28,0,-2.18983,0,|r_bal|,cross-domain,0.0000,0.0000,3.475,0,-2.18983,0,1.363,1.005,0.8002,0,-0.3526,1.898,-0.2611,0.1534,-0.5869
120.40,121.67,121.68,0,-2.43537,0,|r_bal|,cross-domain,0.0000,0.0000,3.665,0,-2.43537,0,1.335,0.4941,0.6842,0,0.1819,1.187,-0.4848,0.4573,-0.6378
120.80,122.07,122.08,0,-2.32138,0,|r_bal|,cross-domain,0.0000,0.0000,3.515,0,-2.32138,0,1.119,0.6083,2.242,0,-0.1431,0.4827,-0.1122,0.6075,-0.5697
121.20,122.47,122.48,0,-2.79956,0,|r_bal|,cross-domain,0.0000,0.0000,3.867,0,-2.79956,0,1.335,1.035,1.326,0,0.3126,0.07096,0.06731,-0.6218,-0.8135
121.60,122.87,122.88,0,-1.83918,0,e_rec,cross-domain,0.0000,0.0000,3.745,0,-1.83918,0,1.292,0.5343,0.9324,0,-0.3069,0.1009,-0.1598,1.896,-0.1418
122.00,123.27,123.28,0,-2.94651,0,|r_bal|,cross-domain,0.0000,0.0000,3.607,0,-2.94651,0,0.7032,0.4361,2.064,0,0.4809,0.4605,-0.1985,-0.1298,-0.1979
122.40,123.67,123.68,0,-2.20495,0,e_rec,cross-domain,0.0000,0.0000,3.702,0,-2.20495,0,0.5023,0.9119,0.8545,0,0.3949,1.341,-0.1133,1.796,-0.2734
122.80,124.07,124.08,0,-2.22579,0,e_rec,cross-domain,0.0000,0.0000,3.993,0,-2.22579,0,0.6458,0.4406,0.7431,0,0.107,2.701,-0.403,1.34,-0.6894
123.20,124.47,124.48,0,-2.41042,0,e_rec,cross-domain,0.0000,0.0000,3.605,0,-2.41042,0,1.134,0.4928,1.695,0,0.3759,3.282,-0.2148,0.7694,-0.279
123.60,124.87,124.88,0,-2.55785,0,|r_bal|,cross-domain,0.0000,0.0000,3.663,0,-2.55785,0,1.177,0.9927,0.8243,0,-0.03498,2.733,-0.2414,-0.5139,-0.3445
124.00,125.27,125.28,0,-2.06306,0,e_rec,cross-domain,0.0000,0.0000,3.551,0,-2.06306,0,1.521,0.5696,0.5798,0,0.04233,0.8121,0.7482,1.63,-0.2111
124.40,125.67,125.68,0,-2.42846,0,e_rec,cross-domain,0.0000,0.0000,3.726,0,-2.42846,0,1.162,0.3342,1.808,0,-0.1945,-0.5323,2.462,1.301,2.2
124.80,126.07,126.08,0,-2.72720,0,|r_bal|,cross-domain,0.0000,0.0000,3.582,0,-2.72720,0,1.177,0.9698,0.897,0,-0.528,-0.7618,3.842,-0.2536,0.00797
125.20,126.47,126.48,0,-3.19960,0,|r_qp|,cross-domain,0.0000,0.0000,3.634,0,-3.19960,0,0.5597,0.5392,0.6366,0,-0.4223,-0.1503,4.836,-0.7606,-0.7239
125.60,126.87,126.88,0,-3.38792,0,|r_aux|,cross-domain,0.0000,0.0000,3.696,0,-3.38792,0,0.2296,0.6266,2.052,0,-0.1953,0.1746,5.727,-0.7192,-0.6017
126.00,127.27,127.28,0,-2.95584,0,|r_aux|,cross-domain,0.0000,0.0000,3.557,0,-2.95584,0,0.244,1.228,1.26,0,-0.4316,0.3693,5.86,-0.01336,0.3286
126.40,127.67,127.68,0,-2.42969,0,e_rec,cross-domain,0.0000,0.0000,3.532,0,-2.42969,0,0.7032,0.6649,0.8515,0,-0.4388,0.9879,5.404,1.453,-0.4434
126.80,128.07,128.08,0,-2.26000,0,e_rec,cross-domain,0.0000,0.0000,3.510,0,-2.26000,0,0.8467,0.577,2.082,0,-0.1594,1.739,4.722,2.066,-0.04366
127.20,128.47,128.48,0,-2.72793,0,e_rec,cross-domain,0.0000,0.0000,3.559,0,-2.72793,0,0.9615,1.09,0.8985,0,0.3643,1.811,4.466,0.7798,-0.6913
127.60,128.87,128.88,0,-3.45511,0,|r_aux|,cross-domain,0.0000,0.0000,3.669,0,-3.45511,0,0.287,0.4257,1.051,0,0.4712,0.3352,2.94,-0.6741,-0.7115
128.00,129.27,129.28,0,-3.15604,0,|r_aux|,cross-domain,0.0000,0.0000,3.436,0,-3.15604,0,0.0861,0.5883,2.518,0,0.2181,-0.7343,0.8265,-0.4777,-0.6952
128.40,129.67,129.68,0,-2.82019,0,|r_aux|,cross-domain,0.0000,0.0000,3.584,0,-2.82019,0,-0.01435,1.007,1.232,0,-0.2298,-0.7879,-0.1495,-0.4068,-0.07204
128.80,130.07,130.08,0,-2.23975,0,e_rec,cross-domain,0.0000,0.0000,3.544,0,-2.23975,0,0.8754,0.6037,1.03,0,-0.3744,0.7429,1.377,1.06,-0.7931
129.20,130.47,130.48,0,-3.04893,0,|r_bal|,cross-domain,0.0000,0.0000,3.504,0,-3.04893,0,1.263,0.474,2.044,0,0.8775,1.877,3.642,0.5129,0.3718
129.60,130.87,130.88,0,-3.26345,0,|r_bal|,cross-domain,0.0000,0.0000,3.675,0,-3.26345,0,1.421,1.143,0.9751,0,0.5845,1.677,5.42,-0.6465,-0.3325
130.00,131.27,131.28,0,-2.22401,0,e_rec,cross-domain,0.0000,0.0000,3.646,0,-2.22401,0,0.8467,0.6423,0.8055,0,0.5627,0.8558,5.319,3.358,0.5758
130.40,131.67,131.68,0,-3.36738,0,|r_bal|,cross-domain,0.0000,0.0000,3.606,0,-3.36738,0,0.8898,0.5731,2.162,0,0.1932,-0.1301,5.009,-0.6607,-0.1543
130.80,132.07,132.08,0,-3.48161,0,|r_aux|,cross-domain,0.0000,0.0000,3.641,0,-3.48161,0,0.8036,1.126,1.408,0,0.8049,-0.4369,4.298,-0.6893,-0.3908
131.20,132.47,132.48,0,-3.40701,0,e_rec,cross-domain,0.0000,0.0000,3.521,0,-3.40701,0,0.04305,0.4584,1.196,0,1.017,-1.014,2.72,0.4672,0.3189
131.60,132.87,132.88,0,-3.30475,0,|r_aux|,cross-domain,0.0000,0.0000,3.684,0,-3.30475,0,0.0287,0.5045,2.502,0,0.9164,-1.36,1.152,0.2026,-0.6396
132.00,133.27,133.28,0,-3.16880,0,|r_aux|,cross-domain,0.0000,0.0000,3.549,0,-3.16880,0,0.1722,0.9908,1.235,0,0.7074,-1.189,0.5998,-0.2025,-0.6719
132.40,133.67,133.68,0,-2.69000,0,e_rec,cross-domain,0.0000,0.0000,3.595,0,-2.69000,0,0.4162,0.4191,0.8452,0,0.586,-1.208,0.297,1.289,-0.434
132.80,134.07,134.08,0,-3.32346,0,|r_aux|,cross-domain,0.0000,0.0000,3.611,0,-3.32346,0,0.4162,0.4578,1.971,0,0.1517,-0.9029,0.1359,-1.243,0.8774
133.20,134.47,134.48,0,-2.47931,0,e_rec,cross-domain,0.0000,0.0000,3.608,0,-2.47931,0,0.4305,0.9647,1.062,0,0.1464,-0.5443,0.4888,0.9931,-0.2114
133.60,134.87,134.88,0,-2.53028,0,e_rec,cross-domain,0.0000,0.0000,3.696,0,-2.53028,0,0.4592,0.5382,0.8789,0,0.0845,1.021,1.53,1.077,-0.7278
134.00,135.27,135.28,0,-2.92676,0,|r_bal|,cross-domain,0.0000,0.0000,3.762,0,-2.92676,0,0.9185,0.4616,2.135,0,-0.1824,2.36,2.832,-0.5541,-0.5252
134.40,135.67,135.68,0,-2.22715,0,e_rec,cross-domain,0.0000,0.0000,3.602,0,-2.22715,0,1.249,1.069,1.026,0,0.364,2.606,3.562,1.864,-0.4119
134.80,136.07,136.08,0,-3.21340,0,|r_bal|,cross-domain,0.0000,0.0000,3.690,0,-3.21340,0,1.263,0.4272,1.026,0,0.4232,1.722,2.489,-0.8423,-0.2214
135.20,136.47,136.48,0,-3.19218,0,|r_bal|,cross-domain,0.0000,0.0000,3.631,0,-3.19218,0,0.7749,0.6297,2.371,0,0.6391,1.137,1.227,-0.586,-0.2377
135.60,136.87,136.88,0,-3.04724,0,|r_aux|,cross-domain,0.0000,0.0000,3.538,0,-3.04724,0,0.7175,1.009,1.205,0,0.8152,0.7407,0.1354,-0.3774,-0.778
136.00,137.27,137.28,0,-3.01184,0,|r_bal|,cross-domain,0.0000,0.0000,3.660,0,-3.01184,0,0.7319,0.4581,1.08,0,0.7598,0.07976,-0.05475,0.03751,-0.8333
136.40,137.67,137.68,0,-3.57731,0,|r_bal|,cross-domain,0.0000,0.0000,3.584,0,-3.57731,0,0.7462,0.4967,2.738,0,1.2,-0.9426,0.113,-1.045,-0.8313
136.80,138.07,138.08,0,-2.43698,0,e_rec,cross-domain,0.0000,0.0000,3.644,0,-2.43698,0,0.9615,0.967,1.512,0,0.9462,-1.24,0.1217,1.772,-0.4094
137.20,138.47,138.48,0,-2.28656,0,e_rec,cross-domain,0.0000,0.0000,3.634,0,-2.28656,0,1.134,0.504,1.396,0,0.5355,0.01244,-0.297,1.645,-0.7887
137.60,138.87,138.88,0,-2.23907,0,|r_bal|,cross-domain,0.0000,0.0000,3.631,0,-2.23907,0,1.119,0.4354,2.317,0,-0.2234,1.881,-0.4589,0.6397,-0.543
138.00,139.27,139.28,0,-2.68207,0,|r_bal|,cross-domain,0.0000,0.0000,3.728,0,-2.68207,0,1.177,0.9796,0.9322,0,-0.08384,2.627,-0.03262,-0.8876,-0.3149
138.40,139.67,139.68,0,-2.08696,0,e_rec,cross-domain,0.0000,0.0000,3.641,0,-2.08696,0,0.8036,0.5858,0.8136,0,0.3087,2.139,1.526,2.38,-0.4367
138.80,140.07,140.08,0,-3.46602,0,|r_bal|,cross-domain,0.0000,0.0000,3.739,0,-3.46602,0,0.6601,0.4645,2.413,0,0.2437,0.8593,3.634,-1.084,0.4773
139.20,140.47,140.48,0,-3.30970,0,|r_aux|,cross-domain,0.0000,0.0000,3.638,0,-3.30970,0,0.6745,1.096,1.166,0,0.7536,0.1519,4.954,-0.001402,-0.108
139.60,140.87,140.88,0,-3.35843,0,|r_bal|,cross-domain,0.0000,0.0000,3.558,0,-3.35843,0,0.8036,0.5751,0.8957,0,0.6274,-0.1085,4.814,-0.1013,-0.7907
140.00,141.27,141.28,0,-3.73526,0,|r_bal|,cross-domain,0.0000,0.0000,3.625,0,-3.73526,0,0.8467,0.6015,1.932,0,0.9053,-0.06542,5.136,-0.8763,-0.6038
140.40,141.67,141.68,0,-2.95385,0,|r_aux|,cross-domain,0.0000,0.0000,3.579,0,-2.95385,0,0.9615,1.167,0.7766,0,-0.1328,0.05152,4.845,-0.274,0.03954
140.80,142.07,142.08,0,-2.95257,0,|r_bal|,cross-domain,0.0000,0.0000,3.729,0,-2.95257,0,0.8898,0.5302,0.6444,0,-0.4164,0.8281,3.458,-0.6451,-0.7918
141.20,142.47,142.48,0,-2.72831,0,|r_qp|,cross-domain,0.0000,0.0000,3.524,0,-2.72831,0,0.4018,0.5612,1.922,0,-0.4278,1.241,1.499,-0.1708,-0.1254
141.60,142.87,142.88,0,-2.17641,0,e_rec,cross-domain,0.0000,0.0000,3.564,0,-2.17641,0,0.6027,0.9815,0.9449,0,-0.223,1.065,0.1913,1.051,-0.7528
142.00,143.27,143.28,0,-2.66994,0,|r_qp|,cross-domain,0.0000,0.0000,3.707,0,-2.66994,0,0.7462,0.4049,0.8499,0,-0.4406,-0.1917,0.1498,-0.3219,-0.5602
142.40,143.67,143.68,0,-2.60994,0,|r_qp|,cross-domain,0.0000,0.0000,3.564,0,-2.60994,0,1.005,0.606,2.105,0,-0.796,-0.8507,0.04232,-0.8776,-0.7771
142.80,144.07,144.08,0,-1.98875,0,|r_qp|,cross-domain,0.0000,0.0000,3.492,0,-1.98875,0,0.7319,1.05,0.738,0,-1.217,-0.7439,0.08108,0.4012,-0.6536
143.20,144.47,144.48,0,-2.55028,0,|r_bal|,cross-domain,0.0000,0.0000,3.716,0,-2.55028,0,0.7175,0.5414,0.5808,0,-0.1011,-0.2881,-0.1816,0.3678,-0.1903
143.60,144.87,144.88,0,-2.93914,0,|r_bal|,cross-domain,0.0000,0.0000,4.842,0,-2.93914,0,0.7462,0.3424,1.901,0,0.111,0.1569,0.115,-0.4714,-0.7176
144.00,145.27,145.28,0,-2.42355,0,e_rec,cross-domain,0.0000,0.0000,4.090,0,-2.42355,0,1.048,0.9137,0.8886,0,0.764,0.3607,0.7376,1.57,-0.1048
144.40,145.67,145.68,0,-2.21850,0,e_rec,cross-domain,0.0000,0.0000,3.812,0,-2.21850,0,1.593,0.5103,0.9263,0,1.016,1.449,1.817,2.572,-0.3959
144.80,146.07,146.08,0,-2.78323,0,|r_bal|,cross-domain,0.0000,0.0000,3.618,0,-2.78323,0,1.306,0.457,1.807,0,0.2478,2.42,3.237,0.3566,0.4205
145.20,146.47,146.48,0,-2.90862,0,|r_bal|,cross-domain,0.0000,0.0000,3.723,0,-2.90862,0,1.148,1.033,0.5946,0,0.4652,2.447,3.655,0.04887,-0.07072
145.60,146.87,146.88,0,-2.49906,0,e_rec,cross-domain,0.0000,0.0000,3.622,0,-2.49906,0,0.8467,0.46,0.4354,0,0.6131,1.41,3.676,2.177,-0.2883
146.00,147.27,147.28,0,-3.94024,0,|r_aux|,cross-domain,0.0000,0.0000,3.693,0,-3.94024,0,0.2583,0.4381,2.108,0,1.41,0.003446,3.282,-0.8052,-0.08222
146.40,147.67,147.68,0,-3.87358,0,|r_aux|,cross-domain,0.0000,0.0000,3.649,0,-3.87358,0,0.1292,1.016,1.086,0,1.595,-0.5475,3.41,-0.5938,-0.5662
146.80,148.07,148.08,0,-2.81427,0,e_rec,cross-domain,0.0000,0.0000,3.588,0,-2.81427,0,-0.1866,0.3955,0.9393,0,0.1074,-0.9157,2.339,1.143,-0.7422
147.20,148.47,148.48,0,-2.43811,0,e_rec,cross-domain,0.0000,0.0000,3.759,0,-2.43811,0,0.4162,0.6534,1.998,0,-0.3256,-0.6674,1.125,0.8609,-0.6221
147.60,148.87,148.88,0,-2.73269,0,|r_aux|,cross-domain,0.0000,0.0000,3.610,0,-2.73269,0,0.7175,1.006,0.9553,0,-0.1167,-0.2447,0.008223,-0.515,-0.6329
148.00,149.27,149.28,0,-3.26867,0,|r_bal|,cross-domain,0.0000,0.0000,3.738,0,-3.26867,0,0.8036,0.4889,0.8229,0,0.8771,0.8831,-0.1765,-0.7556,-0.4338
148.40,149.67,149.68,0,-3.06779,0,|r_bal|,cross-domain,0.0000,0.0000,3.658,0,-3.06779,0,0.7749,0.5696,2.137,0,0.8154,1.472,-0.1102,-0.3387,-0.8263
148.80,150.07,150.08,0,-2.70186,0,|r_aux|,cross-domain,0.0000,0.0000,3.780,0,-2.70186,0,0.574,1.051,1.14,0,0.3277,1.202,-0.02739,0.03799,-0.7764
149.20,150.47,150.48,0,-1.85988,0,e_rec,cross-domain,0.0000,0.0000,3.680,0,-1.85988,0,0.3444,0.5701,0.8891,0,-0.4568,-0.1987,-0.03914,2.299,0.04413
149.60,150.87,150.88,0,-3.18342,0,|r_bal|,cross-domain,0.0000,0.0000,3.508,0,-3.18342,0,0.4449,0.3627,2.477,0,-0.04344,-1.154,0.03119,-1.105,-0.3449
150.00,151.27,151.28,0,-2.88906,0,|r_aux|,cross-domain,0.0000,0.0000,3.800,0,-2.88906,0,0.5884,0.9351,0.9606,0,0.2475,-1.298,0.5129,-0.1714,-0.7416
150.40,151.67,151.68,0,-3.12005,0,|r_bal|,cross-domain,0.0000,0.0000,3.656,0,-3.12005,0,0.4449,0.3825,0.784,0,0.3613,-1.184,0.218,-0.3532,-0.6136
150.80,152.07,152.08,0,-3.15670,0,|r_bal|,cross-domain,0.0000,0.0000,3.629,0,-3.15670,0,0.531,0.4443,1.966,0,0.6095,-0.4923,0.1063,-0.3539,-0.5419
151.20,152.47,152.48,0,-1.76132,0,e_rec,cross-domain,0.0000,0.0000,3.732,0,-1.76132,0,0.5884,0.919,0.6723,0,0.1679,0.1071,0.0675,2.987,-0.3381
151.60,152.87,152.88,0,-2.96373,0,|r_bal|,cross-domain,0.0000,0.0000,3.544,0,-2.96373,0,1.062,0.4208,0.5303,0,0.8257,1.88,-0.1343,-0.1226,-0.8494
152.00,153.27,153.28,0,-3.10614,0,|r_bal|,cross-domain,0.0000,0.0000,3.684,0,-3.10614,0,0.6745,0.4809,1.966,0,0.8543,2.642,-0.1926,-0.4254,-0.8088
152.40,153.67,153.68,0,-2.69135,0,|r_aux|,cross-domain,0.0000,0.0000,2.376,0,-2.69135,0,0.8324,0.9976,1.286,0,0.2597,2.21,-0.1367,-0.2092,0.3067
152.80,154.07,154.08,0,-2.47771,0,e_rec,cross-domain,0.0000,0.0000,4.142,0,-2.47771,0,1.048,0.553,1.16,0,0.3547,0.2912,0.457,1.02,-0.5644
153.20,154.47,154.48,0,-3.12142,0,|r_bal|,cross-domain,0.0000,0.0000,3.858,0,-3.12142,0,1.105,0.3827,2.315,0,0.06212,-1.018,1.998,-0.6912,0.4254
153.60,154.87,154.88,0,-2.87807,0,|r_bal|,cross-domain,0.0000,0.0000,3.809,0,-2.87807,0,1.205,0.9804,0.9644,0,-0.03616,-1.215,3.092,-0.2872,-0.5325
154.00,155.27,155.28,0,-2.81313,0,|r_bal|,cross-domain,0.0000,0.0000,3.706,0,-2.81313,0,1.263,0.376,0.7676,0,0.1113,-1.053,2.061,0.209,-0.3594
154.40,155.67,155.68,0,-3.17709,0,|r_bal|,cross-domain,0.0000,0.0000,4.101,0,-3.17709,0,1.076,0.5423,1.943,0,0.3576,-0.5873,0.7463,-1.009,-0.8692
154.80,156.07,156.08,0,-1.85779,0,e_rec,cross-domain,0.0000,0.0000,3.717,0,-1.85779,0,0.8036,0.9837,1.099,0,0.2247,-0.02288,-0.04931,2.586,0.03088
155.20,156.47,156.48,0,-3.09387,0,|r_aux|,cross-domain,0.0000,0.0000,3.751,0,-3.09387,0,0.4592,0.4516,0.9255,0,0.5057,1.676,-0.3961,-0.6064,-0.7194
155.60,156.87,156.88,0,-2.88464,0,|r_bal|,cross-domain,0.0000,0.0000,3.622,0,-2.88464,0,0.6601,0.4545,2.506,0,-0.05237,2.541,-0.3076,-0.8546,-0.1055
156.00,157.27,157.28,0,-3.03298,0,|r_aux|,cross-domain,0.0000,0.0000,3.588,0,-3.03298,0,0.8754,0.9712,1.47,0,0.2146,2.208,-0.06242,-1.386,-0.7388
156.40,157.67,157.68,0,-2.78832,0,|r_bal|,cross-domain,0.0000,0.0000,3.551,0,-2.78832,0,1.076,0.4512,1.148,0,0.1591,0.6996,-0.2691,-0.3738,-0.7432
156.80,158.07,158.08,0,-2.66501,0,|r_bal|,cross-domain,0.0000,0.0000,3.417,0,-2.66501,0,1.062,0.6148,2.022,0,0.3641,-0.5094,-0.09175,0.3887,0.08052
157.20,158.47,158.48,0,-2.58597,0,e_rec,cross-domain,0.0000,0.0000,3.509,0,-2.58597,0,0.8611,1.039,0.8804,0,0.7584,-0.5895,-0.1359,0.9392,-0.7604
157.60,158.87,158.88,0,-3.18725,0,|r_bal|,cross-domain,0.0000,0.0000,4.199,0,-3.18725,0,0.9185,0.5407,0.7183,0,1.085,-0.09835,-0.106,-0.2447,-0.7482
158.00,159.27,159.28,0,-2.97557,0,|r_bal|,cross-domain,0.0000,0.0000,4.086,0,-2.97557,0,0.8898,0.4754,2.172,0,1.071,0.7949,-0.0751,0.3626,-0.5411
158.40,159.67,159.68,0,-3.08258,0,|r_bal|,cross-domain,0.0000,0.0000,3.766,0,-3.08258,0,0.9902,0.9579,1.287,0,1.532,1.352,0.126,0.2475,-0.4248
158.80,160.07,160.08,0,-3.15186,0,|r_bal|,cross-domain,0.0000,0.0000,3.531,0,-3.15186,0,1.349,0.4842,1.002,0,0.8855,1.927,-0.3896,-0.9281,-0.8876
159.20,160.47,160.48,0,-3.19980,0,|r_bal|,cross-domain,0.0000,0.0000,3.975,0,-3.19980,0,1.162,0.6466,2.205,0,0.8971,1.927,-0.1192,-0.9672,-0.4618
159.60,160.87,160.88,0,-2.68265,0,|r_aux|,cross-domain,0.0000,0.0000,4.126,0,-2.68265,0,0.818,1.057,0.7812,0,-0.03721,1.345,-0.1722,-0.5707,-0.6584
160.00,161.27,161.28,0,-2.94414,0,|r_bal|,cross-domain,0.0000,0.0000,3.995,0,-2.94414,0,0.8467,0.5857,0.7153,0,0.185,0.02722,-0.2624,-0.6757,-0.6114
160.40,161.67,161.68,0,-3.06029,0,|r_bal|,cross-domain,0.0000,0.0000,4.095,0,-3.06029,0,1.048,0.5452,2.166,0,0.5392,-0.9645,-0.2091,-0.5915,-0.7835
160.80,162.07,162.08,0,-2.88054,0,|r_bal|,cross-domain,0.0000,0.0000,3.789,0,-2.88054,0,1.607,1.039,1.087,0,0.8502,-0.9447,-0.08773,-0.2782,-0.694
161.20,162.47,162.48,0,-2.34494,0,e_rec,cross-domain,0.0000,0.0000,4.190,0,-2.34494,0,0.9759,0.5587,0.868,0,1.009,-0.06258,-0.3111,2.154,-0.7081
161.60,162.87,162.88,0,-2.89441,0,|r_bal|,cross-domain,0.0000,0.0000,3.472,0,-2.89441,0,0.9902,0.5706,2.071,0,0.6027,0.8676,-0.2226,-0.1547,-0.4799
162.00,163.27,163.28,0,-2.32233,0,e_rec,cross-domain,0.0000,0.0000,3.652,0,-2.32233,0,0.4018,1.01,1.232,0,0.3588,1.455,-0.2377,1.329,-0.4461
162.40,163.67,163.68,0,-2.47931,0,|r_aux|,cross-domain,0.0000,0.0000,3.504,0,-2.47931,0,0.4449,0.5307,0.6566,0,-0.253,2.516,-0.3884,0.1832,-0.7851
162.80,164.07,164.08,0,-2.61518,0,|r_qp|,cross-domain,0.0000,0.0000,4.011,0,-2.61518,0,0.3301,0.5479,1.702,0,-0.2837,2.966,-0.2026,-0.172,0.02071
163.20,164.47,164.48,0,-2.78261,0,|r_aux|,cross-domain,0.0000,0.0000,2.942,0,-2.78261,0,0.287,1.016,0.8772,0,0.3105,2.75,-0.04558,-0.1955,-0.8323
163.60,164.87,164.88,0,-3.24458,0,|r_aux|,cross-domain,0.0000,0.0000,4.069,0,-3.24458,0,0.4305,0.5406,0.7244,0,0.7665,1.021,-0.1465,-0.6304,-0.525
164.00,165.27,165.28,0,-3.70852,0,|r_aux|,cross-domain,0.0000,0.0000,3.493,0,-3.70852,0,-0.1292,0.4026,2.156,0,1.263,-0.03633,-0.4679,-0.9534,-0.4865
164.40,165.67,165.68,0,-3.51980,0,|r_aux|,cross-domain,0.0000,0.0000,3.544,0,-3.51980,0,0.07175,0.9404,0.8827,0,1.203,-0.2595,-0.2083,-0.852,-0.7766
164.80,166.07,166.08,0,-2.72717,0,|r_aux|,cross-domain,0.0000,0.0000,3.734,0,-2.72717,0,0.3157,0.4845,0.5408,0,0.1762,-0.05257,-0.672,0.2888,-0.7704
165.20,166.47,166.48,0,-2.46011,0,|r_bal|,cross-domain,0.0000,0.0000,3.434,0,-2.46011,0,0.9615,0.8439,1.792,0,-0.1379,-0.2511,-0.5986,0.07478,-0.8659
165.60,166.87,166.88,0,-1.49435,0,e_rec,cross-domain,0.0000,0.0000,3.822,0,-1.49435,0,0.8467,1.151,0.5863,0,-0.315,-0.07884,-0.4126,2.759,-0.5491
166.00,167.27,167.28,0,-3.04291,0,|r_bal|,cross-domain,0.0000,0.0000,4.052,0,-3.04291,0,0.7032,0.6492,0.5895,0,0.7311,0.9904,-0.3769,-0.3729,-0.8193
166.40,167.67,167.68,0,-3.39032,0,|r_bal|,cross-domain,0.0000,0.0000,3.705,0,-3.39032,0,0.4449,0.3856,2.122,0,0.6954,1.955,-0.01286,-1.181,-0.8242
166.80,168.07,168.08,0,-2.39525,0,e_rec,cross-domain,0.0000,0.0000,3.436,0,-2.39525,0,0.3014,0.9579,1.241,0,0.3633,2.023,0.08061,1.202,-0.8007
167.20,168.47,168.48,0,-2.57437,0,|r_bal|,cross-domain,0.0000,0.0000,3.439,0,-2.57437,0,0.9902,0.5288,0.9511,0,0.3317,1.195,-0.4885,0.4065,-0.7498
167.60,168.87,168.88,0,-2.18902,0,e_rec,cross-domain,0.0000,0.0000,3.376,0,-2.18902,0,1.134,0.7926,2.175,0,-0.07127,0.3968,-0.4838,0.9156,-0.2664
168.00,169.27,169.28,0,-3.01818,0,|r_bal|,cross-domain,0.0000,0.0000,3.301,0,-3.01818,0,1.22,1.14,1.071,0,0.9138,0.1244,-0.3192,-0.6023,-0.5842
168.40,169.67,169.68,0,-2.86586,0,|r_bal|,cross-domain,0.0000,0.0000,3.415,0,-2.86586,0,1.162,0.6349,0.8006,0,0.6843,-0.6348,-0.4557,0.007382,-0.3993
168.80,170.07,170.08,0,-3.38482,0,|r_bal|,cross-domain,0.0000,0.0000,3.259,0,-3.38482,0,1.162,0.3322,1.789,0,1.129,-0.9803,-0.4561,-0.6902,1.163
169.20,170.47,170.48,0,-2.86563,0,|r_bal|,cross-domain,0.0000,0.0000,3.647,0,-2.86563,0,1.249,0.8971,0.8105,0,0.4041,-0.8463,-0.2429,-0.5221,-0.6388
169.60,170.87,170.88,0,-2.49161,0,|r_qp|,cross-domain,0.0000,0.0000,3.452,0,-2.49161,0,0.9185,0.4802,0.7338,0,-0.5233,-0.01457,-0.6788,-0.2813,-0.8735
170.00,171.27,171.28,0,-2.63381,0,|r_aux|,cross-domain,0.0000,0.0000,3.388,0,-2.63381,0,0.7893,0.8631,2.022,0,-0.1285,0.373,-0.534,-0.3849,-0.5845
170.40,171.67,171.68,0,-2.61080,0,|r_aux|,cross-domain,0.0000,0.0000,3.476,0,-2.61080,0,0.9759,1.162,1.07,0,-0.5847,0.2589,-0.4169,-1.172,-0.6876
170.80,172.07,172.08,0,-2.71984,0,|r_bal|,cross-domain,0.0000,0.0000,3.370,0,-2.71984,0,1.162,0.7046,0.7531,0,-0.2851,-0.3857,-0.5153,-0.9036,-0.8475
171.20,172.47,172.48,0,-2.25297,0,|r_qp|,cross-domain,0.0000,0.0000,3.275,0,-2.25297,0,0.9759,0.6608,2.438,0,-0.6175,-0.4833,-0.3408,0.2896,-0.8861
171.60,172.87,172.88,0,-2.09944,0,|r_qp|,cross-domain,0.0000,0.0000,3.507,0,-2.09944,0,0.3444,1.081,1.268,0,-0.719,-0.382,-0.3348,0.7975,-0.3938
172.00,173.27,173.28,0,-2.91271,0,|r_qp|,cross-domain,0.0000,0.0000,4.086,0,-2.91271,0,0.1866,0.6206,1.276,0,-0.3406,-0.1066,-0.6395,-0.9446,-0.7136
172.40,173.67,173.68,0,-2.90133,0,|r_qp|,cross-domain,0.0000,0.0000,4.377,0,-2.90133,0,0.07175,0.51,2.574,0,-0.3956,-0.1613,-0.4825,-0.8136,-0.8571
172.80,174.07,174.08,0,-2.04234,0,e_rec,cross-domain,0.0000,0.0000,4.150,0,-2.04234,0,0.5166,0.9706,1.329,0,0.0314,-0.2811,-0.3003,1.918,-0.07113
173.20,174.47,174.48,0,-3.19987,0,|r_bal|,cross-domain,0.0000,0.0000,3.764,0,-3.19987,0,1.119,0.6191,0.8512,0,0.7454,0.1219,-0.3185,-0.9863,-0.8811
173.60,174.87,174.88,0,-2.56290,0,|r_aux|,cross-domain,0.0000,0.0000,3.782,0,-2.56290,0,0.6888,0.9149,1.737,0,0.3601,0.7539,-0.1689,0.5335,-0.7295
174.00,175.27,175.28,0,-2.98789,0,|r_aux|,cross-domain,0.0000,0.0000,3.691,0,-2.98789,0,0.3588,1.227,0.8678,0,0.174,1.006,0.03615,-0.9724,-0.6633
174.40,175.67,175.68,0,-2.61807,0,|r_aux|,cross-domain,0.0000,0.0000,3.965,0,-2.61807,0,0.3588,0.732,0.898,0,-0.04704,0.2459,-0.1539,0.2436,-0.6984
174.80,176.07,176.08,0,-2.59587,0,|r_bal|,cross-domain,0.0000,0.0000,3.952,0,-2.59587,0,0.6601,0.3436,2.103,0,-0.2212,-0.4534,0.1164,0.3628,0.519
175.20,176.47,176.48,0,-2.23343,0,e_rec,cross-domain,0.0000,0.0000,3.568,0,-2.23343,0,0.7175,0.9362,1.01,0,-0.1964,-0.8739,0.2137,1.099,-0.439
175.60,176.87,176.88,0,-2.47932,0,|r_bal|,cross-domain,0.0000,0.0000,3.752,0,-2.47932,0,0.9185,0.4762,0.7616,0,-0.4286,-0.2218,-0.01988,0.06596,-0.8539
176.00,177.27,177.28,0,-2.80497,0,|r_qp|,cross-domain,0.0000,0.0000,3.564,0,-2.80497,0,0.7749,0.4676,2.223,0,-0.4083,0.2938,0.05086,-0.8652,-0.8025
176.40,177.67,177.68,0,-2.20637,0,e_rec,cross-domain,0.0000,0.0000,3.609,0,-2.20637,0,0.7893,0.922,1.501,0,-0.2329,0.5252,-0.1469,0.8569,-0.4142
176.80,178.07,178.08,0,-3.19979,0,|r_aux|,cross-domain,0.0000,0.0000,3.568,0,-3.19979,0,0.4305,0.4601,1.064,0,0.5287,0.9392,-0.6287,-0.8795,-0.8406
177.20,178.47,178.48,0,-2.91256,0,|r_aux|,cross-domain,0.0000,0.0000,3.531,0,-2.91256,0,0.5023,0.6949,2.467,0,0.8605,1.176,-0.7931,0.1513,-0.7988
177.60,178.87,178.88,0,-3.32655,0,|r_aux|,cross-domain,0.0000,0.0000,3.479,0,-3.32655,0,0.6314,1.074,1.247,0,0.8409,1.09,-0.5809,-1.401,-0.6812
178.00,179.27,179.28,0,-2.32483,0,e_rec,cross-domain,0.0000,0.0000,3.885,0,-2.32483,0,1.249,0.6515,1.149,0,0.3325,0.2167,-0.8214,0.9404,-0.8839
178.40,179.67,179.68,0,-2.62252,0,|r_bal|,cross-domain,0.0000,0.0000,3.553,0,-2.62252,0,0.9041,0.7331,2.222,0,-0.1888,-0.2122,-0.6509,-0.3918,-0.7007
178.80,180.07,180.08,0,-1.83277,0,e_rec,cross-domain,0.0000,0.0000,3.538,0,-1.83277,0,1.033,1.131,0.9761,0,-0.4686,-0.384,-0.492,1.41,-0.6944
179.20,180.47,180.48,0,-2.82578,0,|r_bal|,cross-domain,0.0000,0.0000,3.610,0,-2.82578,0,0.9759,0.646,0.6373,0,-0.04474,-0.5554,-0.5091,-0.7344,-0.7318
179.60,180.87,180.88,0,-2.85590,0,|r_bal|,cross-domain,0.0000,0.0000,3.504,0,-2.85590,0,0.6745,0.4364,1.763,0,0.06743,-0.7862,-0.07932,-0.228,-0.6483
180.00,181.27,181.28,0,-2.79834,0,|r_aux|,cross-domain,0.0000,0.0000,3.481,0,-2.79834,0,0.8324,0.9361,0.6359,0,-0.02076,-0.6272,0.02881,-0.5556,-0.3861
180.40,181.67,181.68,0,-3.00370,0,|r_aux|,cross-domain,0.0000,0.0000,3.439,0,-3.00370,0,0.244,0.5091,0.6638,0,0.03062,0.1889,-0.4175,-0.6929,-0.8792
180.80,182.07,182.08,0,-2.50713,0,|r_aux|,cross-domain,0.0000,0.0000,3.534,0,-2.50713,0,0.5166,0.6994,2.077,0,-0.2132,0.6574,-0.4805,0.1653,-0.5485
181.20,182.47,182.48,0,-2.75978,0,|r_aux|,cross-domain,0.0000,0.0000,3.486,0,-2.75978,0,0.6027,1.083,1.311,0,-0.3224,0.5317,-0.3041,-1.012,-0.7561
181.60,182.87,182.88,0,-2.54757,0,|r_qp|,cross-domain,0.0000,0.0000,3.573,0,-2.54757,0,0.6171,0.6229,0.8167,0,-0.5617,-0.3258,-0.3464,-0.2795,-0.7135
182.00,183.27,183.28,0,-2.84391,0,|r_qp|,cross-domain,0.0000,0.0000,3.648,0,-2.84391,0,0.5166,0.5324,2.129,0,-0.3624,-0.9842,-0.093,-0.7048,-0.8443
182.40,183.67,183.68,0,-2.99223,0,|r_aux|,cross-domain,0.0000,0.0000,3.580,0,-2.99223,0,0.5166,1.013,1.111,0,-0.02924,-1.085,-0.193,-1.05,-0.7549
182.80,184.07,184.08,0,-3.16905,0,|r_bal|,cross-domain,0.0000,0.0000,3.623,0,-3.16905,0,1.048,0.5594,1.041,0,0.6302,-1.233,-0.7074,-0.907,-0.876
183.20,184.47,184.48,0,-2.91465,0,|r_bal|,cross-domain,0.0000,0.0000,3.636,0,-2.91465,0,1.091,0.6046,2.203,0,0.4669,-0.7735,-0.7184,-0.4228,-0.4119
183.60,184.87,184.88,0,-2.31260,0,|r_bal|,cross-domain,0.0000,0.0000,3.503,0,-2.31260,0,1.607,1.016,1.314,0,-0.5077,-0.3491,-0.4436,-0.3775,-0.2513
184.00,185.27,185.28,0,-2.19680,0,|r_qp|,cross-domain,0.0000,0.0000,3.650,0,-2.19680,0,1.263,0.5649,1.216,0,-1.064,1.285,-0.5962,-0.4691,-0.9038
184.40,185.67,185.68,0,-2.35264,0,|r_bal|,cross-domain,0.0000,0.0000,3.621,0,-2.35264,0,1.277,0.5989,2.334,0,-0.2115,2.185,-0.3605,0.06643,-0.8422
184.80,186.07,186.08,0,-3.01983,0,|r_aux|,cross-domain,0.0000,0.0000,3.462,0,-3.01983,0,0.9041,1.065,1.18,0,0.3704,2.166,-0.4269,-1.308,-0.7495
185.20,186.47,186.48,0,-2.29005,0,e_rec,cross-domain,0.0000,0.0000,3.496,0,-2.29005,0,0.6601,0.6385,0.6985,0,0.9133,0.9835,-0.6471,2.151,-0.8119
185.60,186.87,186.88,0,-2.77282,0,e_rec,cross-domain,0.0000,0.0000,3.563,0,-2.77282,0,0.5166,0.6945,2.049,0,0.7256,0.04205,-0.6751,0.5745,-0.5068
186.00,187.27,187.28,0,-2.23637,0,e_rec,cross-domain,0.0000,0.0000,3.531,0,-2.23637,0,0.4305,1.083,0.675,0,0.9276,-0.413,-0.5153,2.378,-0.6747
186.40,187.67,187.68,0,-3.33937,0,|r_aux|,cross-domain,0.0000,0.0000,3.464,0,-3.33937,0,0.5023,0.6745,0.7114,0,1.044,-0.7641,-0.7109,-0.658,-0.644
186.80,188.07,188.08,0,-3.18805,0,|r_aux|,cross-domain,0.0000,0.0000,3.488,0,-3.18805,0,0.3875,0.805,1.92,0,1.294,-0.818,-0.6141,0.1321,-0.6348
187.20,188.47,188.48,0,-2.54910,0,e_rec,cross-domain,0.0000,0.0000,3.463,0,-2.54910,0,0.3875,1.12,0.9091,0,0.4994,-0.3328,-0.457,0.9025,-0.2056
187.60,188.87,188.88,0,-2.30435,0,e_rec,cross-domain,0.0000,0.0000,3.926,0,-2.30435,0,0.818,0.7315,0.6678,0,-0.184,1.049,-0.5974,0.5464,-0.7362
188.00,189.27,189.28,0,-2.91189,0,|r_aux|,cross-domain,0.0000,0.0000,3.701,0,-2.91189,0,0.3875,0.8257,2.067,0,0.1698,1.969,-0.296,-0.5184,1.905
188.40,189.67,189.68,0,-3.11142,0,|r_aux|,cross-domain,0.0000,0.0000,3.618,0,-3.11142,0,0.4449,1.174,1.103,0,0.8539,1.841,0.06462,-0.5848,-0.6528
188.80,190.07,190.08,0,-3.21576,0,|r_bal|,cross-domain,0.0000,0.0000,3.570,0,-3.21576,0,0.9041,0.8319,0.967,0,1.377,0.5094,-0.1239,-0.2168,-0.7949
189.20,190.47,190.48,0,-2.72060,0,|r_bal|,cross-domain,0.0000,0.0000,3.488,0,-2.72060,0,1.234,0.8833,2.444,0,0.4332,-0.6169,0.2463,0.04272,-0.8626
189.60,190.87,190.88,0,-2.63283,0,|r_bal|,cross-domain,0.0000,0.0000,3.462,0,-2.63283,0,1.363,1.211,1.243,0,0.1827,-0.7785,0.3293,-0.2242,-0.3926
190.00,191.27,191.28,0,-2.19578,0,e_rec,cross-domain,0.0000,0.0000,3.536,0,-2.19578,0,0.7606,0.8187,1.151,0,-0.04539,-0.4127,-0.07827,1.312,-0.7955
190.40,191.67,191.68,0,-3.13185,0,|r_aux|,cross-domain,0.0000,0.0000,3.497,0,-3.13185,0,0.7606,0.799,2.316,0,0.6362,0.2555,0.1017,-0.5584,1.677
190.80,192.07,192.08,0,-2.52687,0,e_rec,cross-domain,0.0000,0.0000,3.497,0,-2.52687,0,0.7032,1.159,1.209,0,1.015,0.691,0.1441,1.417,-0.5268
191.20,192.47,192.48,0,-2.45326,0,e_rec,cross-domain,0.0000,0.0000,3.474,0,-2.45326,0,1.019,0.7143,0.799,0,0.7769,1.965,-0.4191,1.14,-0.8508
191.60,192.87,192.88,0,-2.70847,0,|r_bal|,cross-domain,0.0000,0.0000,3.396,0,-2.70847,0,0.8467,0.5056,2.071,0,0.1974,2.563,-0.2635,-0.1368,-0.1901
192.00,193.27,193.28,0,-2.70886,0,|r_aux|,cross-domain,0.0000,0.0000,3.507,0,-2.70886,0,0.8467,0.9813,0.7345,0,0.2728,2.18,-0.1743,-0.313,-0.6972
192.40,193.67,193.68,0,-2.77530,0,e_rec,cross-domain,0.0000,0.0000,3.531,0,-2.77530,0,0.6745,0.6471,0.6749,0,0.7057,1.046,-0.3145,0.4448,-0.8656
192.80,194.07,194.08,0,-3.12302,0,|r_aux|,cross-domain,0.0000,0.0000,3.506,0,-3.12302,0,0.6888,0.8656,2.004,0,0.6842,0.1768,-0.133,-0.6796,-0.7536
193.20,194.47,194.48,0,-2.87308,0,|r_aux|,cross-domain,0.0000,0.0000,3.742,0,-2.87308,0,0.7032,1.195,1.075,0,-0.2639,0.08776,-0.1718,-1.292,-0.022
193.60,194.87,194.88,0,-2.77908,0,|r_qp|,cross-domain,0.0000,0.0000,3.564,0,-2.77908,0,0.3875,0.8287,0.591,0,-0.8146,-0.3522,-0.2891,-1.299,-0.8832
194.00,195.27,195.28,0,-2.65557,0,|r_qp|,cross-domain,0.0000,0.0000,3.684,0,-2.65557,0,0.04305,0.924,1.794,0,-0.6009,-0.7235,0.2106,-0.2882,-0.1634
194.40,195.67,195.68,0,-2.10715,0,|r_qp|,cross-domain,0.0000,0.0000,3.864,0,-2.10715,0,-0.1292,1.231,1.018,0,-0.87,-0.2936,0.2962,0.9595,-0.01025
194.80,196.07,196.08,0,-2.05342,0,e_rec,cross-domain,0.0000,0.0000,3.589,0,-2.05342,0,0.1866,0.8535,1.039,0,-0.3124,1.103,0.1603,1.656,-0.7414
195.20,196.47,196.48,0,-2.80259,0,|r_aux|,cross-domain,0.0000,0.0000,3.562,0,-2.80259,0,0.5597,0.8741,1.98,0,0.8777,2.048,0.2582,0.5611,-0.321
195.60,196.87,196.88,0,-3.51224,0,|r_aux|,cross-domain,0.0000,0.0000,3.530,0,-3.51224,0,0.6458,1.198,0.6276,0,1.388,2.055,0.2543,-1.237,-0.434
196.00,197.27,197.28,0,-3.72857,0,|r_aux|,cross-domain,0.0000,0.0000,3.763,0,-3.72857,0,0.4305,0.8711,0.1163,0,2.121,0.662,0.06097,-0.5055,-0.4952
196.40,197.67,197.68,0,-3.24493,0,|r_aux|,cross-domain,0.0000,0.0000,3.676,0,-3.24493,0,0.4305,0.8844,1.856,0,1.078,-0.4164,0.2213,-0.191,0.0361
196.80,198.07,198.08,0,-2.44239,0,|r_aux|,cross-domain,0.0000,0.0000,3.637,0,-2.44239,0,0.4305,1.242,0.5395,0,-0.3489,-0.745,0.3116,0.2827,-0.04434
197.20,198.47,198.48,0,-2.52819,0,|r_qp|,cross-domain,0.0000,0.0000,3.569,0,-2.52819,0,0.6888,0.9253,-0.3922,0,-0.5882,-0.6139,-0.3015,-0.4529,-0.8376
197.60,198.87,198.88,0,-2.39654,0,|r_qp|,cross-domain,0.0000,0.0000,4.001,0,-2.39654,0,0.6027,1.01,0.2282,0,-0.8356,-0.02817,0.1292,-0.3198,-0.7034
198.00,199.27,199.28,0,-1.52470,0,e_rec,cross-domain,0.0000,0.0000,3.596,0,-1.52470,0,0.5884,1.255,-0.9824,0,-1.061,0.711,0.3432,1.984,0.3083
198.40,199.67,199.68,0,-1.74038,0,|r_qp|,cross-domain,0.0000,0.0000,3.684,0,-1.74038,0,0.9328,0.9117,-1.298,0,-1.197,2.325,0.01526,0.8234,-0.8459
198.80,200.07,200.08,0,-2.59981,0,|r_aux|,cross-domain,0.0000,0.0000,3.492,0,-2.59981,0,0.7032,0.9518,-0.08769,0,-0.4452,3.188,0.1414,-0.7601,-0.02154
199.20,200.47,200.48,0,-2.53565,0,|r_aux|,cross-domain,0.0000,0.0000,3.559,0,-2.53565,0,0.7319,1.268,-1.24,0,-0.1164,2.809,0.04642,-0.3712,-0.4991
199.60,200.87,200.88,0,-2.83673,0,|r_qp|,cross-domain,0.0000,0.0000,3.472,0,-2.83673,0,0.3731,0.8246,-0.3547,0,-0.476,1.203,-0.1544,-1.149,-0.8478
200.00,201.27,201.28,0,-2.53236,0,e_rec,cross-domain,0.0000,0.0000,3.454,0,-2.53236,0,0.3444,0.5054,2.182,0,-0.2148,-0.2804,-0.3364,0.4741,-0.3209
200.40,201.67,201.68,0,-2.77869,0,|r_qp|,cross-domain,0.0000,0.0000,3.625,0,-2.77869,0,0.5166,1.019,1.291,0,-0.5506,-0.7577,-0.3444,-1.088,-0.02275
200.80,202.07,202.08,0,-2.52250,0,|r_qp|,cross-domain,0.0000,0.0000,3.481,0,-2.52250,0,1.033,0.7665,-0.07515,0,-0.5352,-1.066,-0.9278,-0.5749,-0.5718
201.20,202.47,202.48,0,-2.45145,0,|r_qp|,cross-domain,0.0000,0.0000,3.519,0,-2.45145,0,1.263,1.097,-0.03563,0,-0.6788,-1.198,-0.6227,-0.8179,-0.5735
201.60,202.87,202.88,0,-2.05832,0,|r_bal|,cross-domain,0.0000,0.0000,3.579,0,-2.05832,0,1.435,1.267,-1.302,0,-0.4165,-0.8724,-0.05751,0.6498,-0.2385
202.00,203.27,203.28,0,-2.63312,0,|r_bal|,cross-domain,0.0000,0.0000,3.487,0,-2.63312,0,1.478,0.8636,-0.5641,0,-0.2882,0.3324,0.2212,-0.8134,-0.6354
202.40,203.67,203.68,0,-2.78470,0,|r_bal|,cross-domain,0.0000,0.0000,3.640,0,-2.78470,0,1.478,0.8167,1.92,0,0.6022,1.473,0.7104,0.1399,3.414
202.80,204.07,204.08,0,-2.69288,0,|r_bal|,cross-domain,0.0000,0.0000,3.554,0,-2.69288,0,1.263,1.203,1.012,0,0.1266,1.586,0.4808,-0.6168,-0.2991
203.20,204.47,204.48,0,-2.97640,0,|r_aux|,cross-domain,0.0000,0.0000,3.883,0,-2.97640,0,0.6171,0.9332,-0.04767,0,0.5135,0.501,-0.3766,-0.4885,-0.349
203.60,204.87,204.88,0,-2.85601,0,|r_aux|,cross-domain,0.0000,0.0000,3.960,0,-2.85601,0,0.3301,1.031,0.3463,0,0.3571,-0.4081,-0.4609,-0.1603,-0.8397
204.00,205.27,205.28,0,-2.77406,0,|r_aux|,cross-domain,0.0000,0.0000,3.629,0,-2.77406,0,0.3301,1.288,-1.26,0,-0.07402,-0.7697,-0.2793,-0.4753,-0.04492
204.40,205.67,205.68,0,-2.75480,0,|r_bal|,cross-domain,0.0000,0.0000,3.889,0,-2.75480,0,1.105,0.8701,-0.5588,0,0.2988,-0.3259,-0.1233,-0.2202,-0.7089
204.80,206.07,206.08,0,-2.89338,0,|r_bal|,cross-domain,0.0000,0.0000,3.603,0,-2.89338,0,1.177,0.6798,1.929,0,0.207,-0.09773,0.1911,-0.6706,-0.8496
205.20,206.47,206.48,0,-2.51640,0,|r_bal|,cross-domain,0.0000,0.0000,3.626,0,-2.51640,0,1.335,1.09,1.078,0,0.204,0.08177,0.1683,0.2073,0.7187
205.60,206.87,206.88,0,-2.18904,0,e_rec,cross-domain,0.0000,0.0000,3.666,0,-2.18904,0,0.9902,0.8127,-0.0691,0,0.3696,0.2772,-0.5495,1.556,-0.6531
206.00,207.27,207.28,0,-3.12393,0,|r_aux|,cross-domain,0.0000,0.0000,3.699,0,-3.12393,0,0.7893,1.043,0.1835,0,0.9045,0.4087,-0.4484,-0.5118,1.459
206.40,207.67,207.68,0,-3.22737,0,|r_aux|,cross-domain,0.0000,0.0000,3.667,0,-3.22737,0,0.8467,1.274,-0.9919,0,0.9609,0.3523,-0.1932,-0.9724,-0.1008
206.80,208.07,208.08,0,-3.36083,0,|r_aux|,cross-domain,0.0000,0.0000,3.575,0,-3.36083,0,0.4018,0.9401,-0.8297,0,0.9418,-0.5277,-0.4025,-0.8962,-0.6071
207.20,208.47,208.48,0,-3.10637,0,|r_aux|,cross-domain,0.0000,0.0000,3.631,0,-3.10637,0,0.5597,0.9054,0.8982,0,0.8938,-1.102,0.2301,-0.06994,-0.8305
207.60,208.87,208.88,0,-2.39226,0,e_rec,cross-domain,0.0000,0.0000,3.611,0,-2.39226,0,0.531,1.26,-0.05666,0,0.8775,-1.084,0.04859,1.876,-0.5797
208.00,209.27,209.28,0,-2.96320,0,|r_aux|,cross-domain,0.0000,0.0000,3.553,0,-2.96320,0,0.6745,0.8211,0.4398,0,0.978,-0.3211,-0.1546,0.3302,-0.2311
208.40,209.67,209.68,0,-3.15897,0,|r_bal|,cross-domain,0.0000,0.0000,3.690,0,-3.15897,0,0.9902,0.5687,2.445,0,0.6542,0.3849,-0.4601,-0.9303,-0.7088
208.80,210.07,210.08,0,-2.76235,0,|r_bal|,cross-domain,0.0000,0.0000,3.511,0,-2.76235,0,1.392,1.036,1.108,0,0.2756,0.5141,-0.391,-0.7222,-0.4196
209.20,210.47,210.48,0,-2.78209,0,|r_bal|,cross-domain,0.0000,0.0000,3.565,0,-2.78209,0,1.162,0.6636,0.7775,0,0.1536,1.024,-0.7526,-0.7139,-0.8455
209.60,210.87,210.88,0,-2.30553,0,e_rec,cross-domain,0.0000,0.0000,3.631,0,-2.30553,0,0.4592,0.7005,2.063,0,0.3893,1.075,-0.5207,1.536,-0.6438
210.00,211.27,211.28,0,-3.21783,0,|r_aux|,cross-domain,0.0000,0.0000,3.655,0,-3.21783,0,0.1866,1.063,0.8943,0,0.6293,0.984,-0.2025,-0.8983,-0.1316
210.40,211.67,211.68,0,-3.05112,0,|r_aux|,cross-domain,0.0000,0.0000,3.645,0,-3.05112,0,0.2009,0.7915,-0.2987,0,0.6634,0.3881,-0.8083,-0.2781,-0.6606
210.80,212.07,212.08,0,-3.04572,0,|r_aux|,cross-domain,0.0000,0.0000,3.485,0,-3.04572,0,0.244,1.106,-0.3179,0,0.7016,-0.04655,-0.6947,-0.3868,-0.8411
211.20,212.47,212.48,0,-3.07564,0,|r_aux|,cross-domain,0.0000,0.0000,3.492,0,-3.07564,0,0.5023,1.314,-1.451,0,0.735,-0.01842,-0.5645,-0.6826,-0.6234
211.60,212.87,212.88,0,-2.79230,0,e_rec,cross-domain,0.0000,0.0000,3.485,0,-2.79230,0,0.8467,0.8333,-0.8025,0,2.04,0.02998,-0.5849,1.928,-0.8748
212.00,213.27,213.28,0,-3.14021,0,e_rec,cross-domain,0.0000,0.0000,3.409,0,-3.14021,0,1.292,0.5326,1.88,0,2.079,0.5235,-0.2283,0.8659,-0.248
212.40,213.67,213.68,0,-3.32954,0,e_rec,cross-domain,0.0000,0.0000,3.410,0,-3.32954,0,1.162,1.006,0.8334,0,2.677,1.004,-0.2548,0.7674,-0.329
212.80,214.07,214.08,0,-2.96240,0,|r_bal|,cross-domain,0.0000,0.0000,3.491,0,-2.96240,0,0.9041,0.6837,0.8487,0,1.195,1.631,-0.459,0.2307,-0.777
213.20,214.47,214.48,0,-2.65808,0,|r_bal|,cross-domain,0.0000,0.0000,3.458,0,-2.65808,0,1.019,0.8258,1.999,0,0.618,1.458,-0.1543,0.3454,-0.7073
213.60,214.87,214.88,0,-2.88033,0,|r_aux|,cross-domain,0.0000,0.0000,3.463,0,-2.88033,0,0.9185,1.155,0.8983,0,0.09722,1.177,-0.0285,-1.054,-0.2088
214.00,215.27,215.28,0,-2.35753,0,e_rec,cross-domain,0.0000,0.0000,3.408,0,-2.35753,0,1.148,0.862,-0.1566,0,0.3496,0.4108,-0.5012,0.8851,-0.5126
214.40,215.67,215.68,0,-2.49422,0,|r_aux|,cross-domain,0.0000,0.0000,3.907,0,-2.49422,0,0.3875,1.038,0.8405,0,0.1037,0.1029,-0.2816,0.623,-0.1059
214.80,216.07,216.08,0,-2.28775,0,e_rec,cross-domain,0.0000,0.0000,3.613,0,-2.28775,0,0.4449,1.318,-0.4616,0,0.3315,0.05308,-0.2519,1.334,-0.4398
215.20,216.47,216.48,0,-2.53135,0,e_rec,cross-domain,0.0000,0.0000,3.439,0,-2.53135,0,0.8611,0.9376,-0.06149,0,0.6886,0.01343,-0.2544,0.9954,-0.8732
215.60,216.87,216.88,0,-2.98609,0,|r_aux|,cross-domain,0.0000,0.0000,3.486,0,-2.98609,0,0.531,0.8453,2.005,0,0.1994,-0.1842,0.07473,-0.6734,-0.7287
216.00,217.27,217.28,0,-2.36456,0,e_rec,cross-domain,0.0000,0.0000,3.397,0,-2.36456,0,0.4592,1.19,0.8598,0,0.008192,-0.03965,0.2604,0.8976,-0.1614
216.40,217.67,217.68,0,-2.22759,0,e_rec,cross-domain,0.0000,0.0000,3.505,0,-2.22759,0,0.0574,0.7866,0.7436,0,-0.3982,0.9132,-0.1381,1.076,-0.885
216.80,218.07,218.08,0,-2.32769,0,|r_bal|,cross-domain,0.0000,0.0000,3.465,0,-2.32769,0,0.8467,0.7015,2.133,0,-0.195,1.811,-0.1748,0.4739,-0.6482
217.20,218.47,218.48,0,-2.95517,0,|r_aux|,cross-domain,0.0000,0.0000,3.475,0,-2.95517,0,0.6601,1.101,0.8754,0,0.7084,1.971,-0.09869,-0.4037,-0.2536
217.60,218.87,218.88,0,-2.57238,0,|r_bal|,cross-domain,0.0000,0.0000,3.968,0,-2.57238,0,1.292,0.8452,0.07564,0,0.6337,1.013,-0.6603,0.4069,-0.4169
218.00,219.27,219.28,0,-2.99655,0,|r_aux|,cross-domain,0.0000,0.0000,3.706,0,-2.99655,0,0.7462,1.069,0.8542,0,0.246,0.01549,-0.1464,-0.9264,0.2686
218.40,219.67,219.68,0,-2.67978,0,|r_aux|,cross-domain,0.0000,0.0000,3.608,0,-2.67978,0,0.6171,1.309,-0.2109,0,0.05987,-0.373,-0.2221,-0.2574,-0.1355
218.80,220.07,220.08,0,-2.81273,0,|r_aux|,cross-domain,0.0000,0.0000,3.720,0,-2.81273,0,0.5166,0.9492,-0.1979,0,-0.04841,-0.3444,-0.2742,-0.534,-0.3491
219.20,220.47,220.48,0,-3.17327,0,|r_aux|,cross-domain,0.0000,0.0000,3.665,0,-3.17327,0,0.9041,0.9218,1.197,0,0.5828,-0.3035,0.1427,-1.012,-0.7523
219.60,220.87,220.88,0,-2.50425,0,|r_bal|,cross-domain,0.0000,0.0000,3.655,0,-2.50425,0,1.277,1.236,-0.1278,0,0.616,0.01237,0.2562,0.7047,-0.03942
220.00,221.27,221.28,0,-2.66390,0,|r_bal|,cross-domain,0.0000,0.0000,3.688,0,-2.66390,0,1.249,0.8856,-0.08364,0,0.9981,1.028,0.0302,0.7358,-0.8172
220.40,221.67,221.68,0,-2.89632,0,|r_bal|,cross-domain,0.0000,0.0000,3.642,0,-2.89632,0,1.162,0.8888,1.564,0,0.5771,1.577,0.1658,-0.4004,0.8151
220.80,222.07,222.08,0,-3.02456,0,|r_aux|,cross-domain,0.0000,0.0000,3.668,0,-3.02456,0,1.005,1.247,0.4932,0,0.649,1.559,0.1515,-0.9015,-0.2452
221.20,222.47,222.48,0,-2.88241,0,|r_bal|,cross-domain,0.0000,0.0000,3.605,0,-2.88241,0,1.32,0.9596,0.03949,0,0.3692,0.3946,-0.3948,-0.849,-0.3822
221.60,222.87,222.88,0,-3.04861,0,|r_aux|,cross-domain,0.0000,0.0000,3.634,0,-3.04861,0,0.4449,1.018,0.8659,0,0.07925,-0.1711,-0.3511,-1.178,-0.8026
222.00,223.27,223.28,0,-2.77743,0,|r_aux|,cross-domain,0.0000,0.0000,3.646,0,-2.77743,0,0.0574,1.293,-0.05869,0,-0.5105,-0.2346,-0.2616,-0.9806,-0.6266
222.40,223.67,223.68,0,-2.50794,0,|r_qp|,cross-domain,0.0000,0.0000,3.525,0,-2.50794,0,0.1435,0.8714,0.2502,0,-0.5939,-0.286,-0.3142,-0.05903,-0.8582
222.80,224.07,224.08,0,-2.78439,0,|r_aux|,cross-domain,0.0000,0.0000,3.593,0,-2.78439,0,0.6601,0.673,2.04,0,0.2055,-0.2441,-0.225,-0.07752,-0.6897
223.20,224.47,224.48,0,-2.23119,0,e_rec,cross-domain,0.0000,0.0000,3.535,0,-2.23119,0,1.005,1.097,1.029,0,0.03743,-0.03315,-0.1817,0.9417,-0.2299
223.60,224.87,224.88,0,-3.09235,0,|r_bal|,cross-domain,0.0000,0.0000,3.618,0,-3.09235,0,0.8611,0.711,0.6409,0,0.5884,1.018,-0.6369,-0.9067,-0.6494
224.00,225.27,225.28,0,-2.78437,0,|r_aux|,cross-domain,0.0000,0.0000,3.535,0,-2.78437,0,0.6458,0.7095,2.318,0,0.1006,1.448,-0.4806,-0.4612,-0.516
224.40,225.67,225.68,0,-2.33389,0,e_rec,cross-domain,0.0000,0.0000,3.578,0,-2.33389,0,0.8754,1.111,0.9117,0,0.2056,1.247,-0.3826,0.756,0.1387
224.80,226.07,226.08,0,-2.66317,0,|r_aux|,cross-domain,0.0000,0.0000,3.620,0,-2.66317,0,0.6458,0.8229,0.309,0,-0.06586,0.3873,-0.654,-0.2927,-0.6588
225.20,226.47,226.48,0,-2.71943,0,|r_aux|,cross-domain,0.0000,0.0000,3.784,0,-2.71943,0,1.019,1.038,1.152,0,0.2645,-0.06765,-0.04364,-0.2353,-0.6579
225.60,226.87,226.88,0,-2.89482,0,|r_aux|,cross-domain,0.0000,0.0000,3.623,0,-2.89482,0,0.7606,1.3,0.2558,0,0.09671,-0.1228,0.02007,-0.9354,-0.1847
226.00,227.27,227.28,0,-2.68706,0,e_rec,cross-domain,0.0000,0.0000,3.603,0,-2.68706,0,0.6458,0.8886,0.5775,0,0.5771,-0.6233,-0.1554,0.6281,-0.8643
226.40,227.67,227.68,0,-3.35238,0,|r_aux|,cross-domain,0.0000,0.0000,3.606,0,-3.35238,0,0.6458,0.7805,2.469,0,1.153,-1.047,-0.2667,-0.5858,-0.4128
226.80,228.07,228.08,0,-3.15231,0,|r_aux|,cross-domain,0.0000,0.0000,3.809,0,-3.15231,0,0.6888,1.151,1.615,0,1.408,-0.9494,-0.2475,0.09622,-0.3082
227.20,228.47,228.48,0,-2.50110,0,e_rec,cross-domain,0.0000,0.0000,3.655,0,-2.50110,0,0.8898,0.7531,1.519,0,1.318,0.4068,-0.6811,1.852,-0.6237
227.60,228.87,228.88,0,-2.81145,0,|r_bal|,cross-domain,0.0000,0.0000,3.847,0,-2.81145,0,0.7175,0.6654,2.571,0,0.9118,1.421,-0.5412,0.4438,-0.8144
228.00,229.27,229.28,0,-2.86635,0,|r_aux|,cross-domain,0.0000,0.0000,3.721,0,-2.86635,0,0.818,1.079,0.8066,0,0.0757,1.362,-0.2714,-0.9829,0.07203
228.40,229.67,229.68,0,-2.90807,0,|r_aux|,cross-domain,0.0000,0.0000,4.239,0,-2.90807,0,0.7893,0.8304,-0.3717,0,0.4748,0.3326,-0.6714,-0.4296,-0.4801
228.80,230.07,230.08,0,-2.57899,0,|r_aux|,cross-domain,0.0000,0.0000,3.695,0,-2.57899,0,0.8324,1.103,0.3057,0,-0.4655,-0.4084,-0.3575,-0.6828,-0.501
229.20,230.47,230.48,0,-2.48814,0,|r_aux|,cross-domain,0.0000,0.0000,3.544,0,-2.48814,0,0.8036,1.326,-0.5309,0,0.03049,-0.5573,-0.3589,0.137,-0.3941
229.60,230.87,230.88,0,-2.83419,0,|r_bal|,cross-domain,0.0000,0.0000,3.442,0,-2.83419,0,0.9185,0.8689,-0.02316,0,-0.06832,-0.2002,-0.3931,-0.9138,-0.8873
230.00,231.27,231.28,0,-2.43324,0,|r_qp|,cross-domain,0.0000,0.0000,3.948,0,-2.43324,0,0.8324,0.6568,1.928,0,-0.6111,0.005564,-0.3068,-0.1845,-0.6445
230.40,231.67,231.68,0,-2.69374,0,|r_aux|,cross-domain,0.0000,0.0000,4.146,0,-2.69374,0,0.818,1.07,0.938,0,-0.226,0.3136,-0.2218,-0.7004,0.2147
230.80,232.07,232.08,0,-2.48800,0,e_rec,cross-domain,0.0000,0.0000,4.057,0,-2.48800,0,0.6314,0.789,0.6514,0,0.4405,0.7318,-0.3582,0.946,-0.8801
231.20,232.47,232.48,0,-2.78075,0,|r_bal|,cross-domain,0.0000,0.0000,4.030,0,-2.78075,0,1.048,0.9911,2.012,0,1.003,0.9749,0.2617,0.4963,-0.5611
231.60,232.87,232.88,0,-2.69864,0,|r_aux|,cross-domain,0.0000,0.0000,3.876,0,-2.69864,0,1.134,1.271,0.4687,0,0.4053,0.8574,0.423,-0.1448,0.06507
232.00,233.27,233.28,0,-2.79844,0,|r_bal|,cross-domain,0.0000,0.0000,3.967,0,-2.79844,0,1.435,0.9661,-0.06014,0,0.7548,-0.1406,-0.1203,-0.0793,-0.8451
232.40,233.67,233.68,0,-2.80917,0,|r_aux|,cross-domain,0.0000,0.0000,4.052,0,-2.80917,0,1.048,1.03,1.064,0,0.2833,-0.7696,-0.3528,-0.3667,1.313
232.80,234.07,234.08,0,-2.73468,0,|r_aux|,cross-domain,0.0000,0.0000,4.229,0,-2.73468,0,0.8036,1.311,0.02465,0,0.2397,-0.9547,-0.5177,-0.36,-0.5685
233.20,234.47,234.48,0,-2.59293,0,|r_aux|,cross-domain,0.0000,0.0000,3.967,0,-2.59293,0,0.8467,0.9459,0.2741,0,0.1983,-0.7818,-0.5575,0.2137,-0.4721
233.60,234.87,234.88,0,-3.10557,0,|r_bal|,cross-domain,0.0000,0.0000,3.795,0,-3.10557,0,1.105,0.8207,2.165,0,0.4595,-0.8755,-0.1127,-1.037,-0.7565
234.00,235.27,235.28,0,-2.28384,0,e_rec,cross-domain,0.0000,0.0000,3.753,0,-2.28384,0,0.7749,1.2,1.005,0,-0.01398,-0.8075,0.1528,0.9483,-0.3632
234.40,235.67,235.68,0,-2.24646,0,e_rec,cross-domain,0.0000,0.0000,3.597,0,-2.24646,0,0.6314,0.7771,0.7673,0,-0.04706,0.1899,-0.2798,1.148,-0.8848
234.80,236.07,236.08,0,-2.55159,0,|r_bal|,cross-domain,0.0000,0.0000,3.638,0,-2.55159,0,1.091,0.6508,1.803,0,-0.3859,0.9994,-0.3715,-0.5509,-0.7675
235.20,236.47,236.48,0,-2.33547,0,|r_aux|,cross-domain,0.0000,0.0000,3.573,0,-2.33547,0,1.033,1.091,0.6094,0,0.1153,1.076,-0.3142,0.5233,-0.7703
235.60,236.87,236.88,0,-2.72217,0,|r_bal|,cross-domain,0.0000,0.0000,3.513,0,-2.72217,0,1.177,0.7256,0.253,0,0.4813,-0.09182,-0.6043,0.006315,-0.785
236.00,237.27,237.28,0,-2.89843,0,|r_bal|,cross-domain,0.0000,0.0000,3.554,0,-2.89843,0,0.9041,0.7233,1.843,0,0.2543,-0.9944,-0.6262,-0.575,-0.716
236.40,237.67,237.68,0,-2.48070,0,|r_bal|,cross-domain,0.0000,0.0000,3.684,0,-2.48070,0,1.263,1.104,1.087,0,0.3438,-1.127,-0.5158,0.4211,-0.3429
236.80,238.07,238.08,0,-2.89293,0,|r_bal|,cross-domain,0.0000,0.0000,3.560,0,-2.89293,0,1.105,0.7137,1.039,0,0.3616,-0.711,-0.7333,-0.5901,-0.7165
237.20,238.47,238.48,0,-2.33742,0,|r_bal|,cross-domain,0.0000,0.0000,3.577,0,-2.33742,0,1.091,0.7522,2.374,0,-0.4247,-0.1379,-0.5468,0.06232,-0.7873
237.60,238.87,238.88,0,-2.12670,0,e_rec,cross-domain,0.0000,0.0000,3.600,0,-2.12670,0,0.4592,1.103,1.192,0,0.04094,0.2626,-0.354,1.529,-0.3708
238.00,239.27,239.28,0,-2.77306,0,|r_aux|,cross-domain,0.0000,0.0000,3.419,0,-2.77306,0,0.3301,0.6669,0.9843,0,0.1718,1.064,-0.5478,-0.05353,-0.3557
238.40,239.67,239.68,0,-2.69511,0,e_rec,cross-domain,0.0000,0.0000,3.595,0,-2.69511,0,0.1292,0.587,2.145,0,0.6472,1.251,-0.4438,0.9495,-0.6707
238.80,240.07,240.08,0,-2.39541,0,|r_aux|,cross-domain,0.0000,0.0000,3.584,0,-2.39541,0,0.3875,1.035,1.066,0,-0.2062,0.9481,-0.1734,0.4505,-0.3278
239.20,240.47,240.48,-1,24.43380,1,e_rec,single-domain,0.0000,0.0000,3.507,0,24.43380,1,50,3.184,0.7736,0,-0.3435,0.2104,-0.3462,50,2.873
239.60,240.87,240.88,-1,25.21374,1,e_rec,single-domain,0.0000,0.0000,3.533,0,25.21374,1,50,9.227,2.18,0,0.1652,0.07354,-0.09841,50,15.87
240.00,241.27,243.20,1,25.91991,1,e_rec,single-domain,0.0000,0.0703,1921.292,1920,25.63866,1,50,10.87,1.392,0,0.4271,1.886,-0.02285,50,10.16
240.40,241.67,243.20,1,27.83244,1,e_rec,single-domain,0.0000,0.3828,1521.292,1520,26.30119,1,50,13.19,1.228,0,0.6135,5.848,-0.4301,50,6.808
240.80,242.07,243.20,1,27.96109,1,e_rec,single-domain,0.0000,0.4141,1121.292,1120,26.30484,1,50,11.59,2.322,0,-0.1587,8.495,-0.2717,50,9.399
241.20,242.47,243.20,1,28.52674,1,e_rec,single-domain,0.0000,0.4062,721.292,720,26.90174,1,50,12.11,1.305,0,-0.7198,9.648,-0.2611,50,-0.363
241.60,242.87,243.20,1,27.17815,1,e_rec,single-domain,0.0000,0.0938,321.292,320,26.80315,1,50,12.17,1.199,0,-0.9496,8.509,-0.4342,50,7.755
242.00,243.27,245.05,1,27.01265,1,e_rec,single-domain,0.0000,0.1875,1770.908,1770,26.26265,1,50,12.56,2.905,0,-0.2829,14.48,1.318,50,26.75
242.40,243.67,245.05,1,27.77800,1,e_rec,single-domain,0.0000,0.2500,1370.908,1370,26.77800,1,50,12.52,1.848,0,0.2773,22.87,2.879,50,-0.1857
242.80,244.07,245.05,1,27.71045,1,e_rec,single-domain,0.0000,0.2500,970.908,970,26.71045,1,50,12.88,1.465,0,0.8779,30.97,3.505,50,5.322
243.20,244.47,246.16,1,27.35815,1,e_rec,single-domain,0.0000,0.3828,1680.535,1680,25.82690,1,50,12.11,2.264,0,0.7701,36.49,3.077,50,50
243.60,244.87,246.77,1,28.85725,1,e_rec,single-domain,0.0000,0.4922,1890.961,1890,26.88850,1,50,13.35,1.147,0,0.9166,32.08,3.441,50,3.034
244.00,245.27,246.77,1,30.10778,1,e_rec,single-domain,0.0000,0.8047,1490.961,1490,26.88903,1,50,12.57,0.8663,0,0.374,23.57,0.7918,50,1.87
244.40,245.67,246.77,1,30.19546,1,e_rec,single-domain,0.0000,0.9219,1090.961,1090,26.50796,1,50,12.62,2.274,0,-0.07292,16.18,-0.03716,50,19.75
244.80,246.07,247.96,1,30.68732,1,e_rec,single-domain,0.0000,0.8984,1881.262,1880,27.09357,1,50,13.49,1.026,0,-0.6656,11.75,-0.03587,50,5.783
245.20,246.47,247.96,1,30.67150,1,e_rec,single-domain,0.0000,0.8984,1481.262,1480,27.07775,1,50,13.9,0.7478,0,-0.7973,15.43,-0.4492,50,20.11
245.60,246.87,247.96,1,30.14710,1,e_rec,single-domain,0.0000,0.8984,1081.262,1080,26.55335,1,50,14.89,1.913,0,0.09877,15.13,-0.1643,50,35.21
246.00,247.27,247.96,1,31.10821,1,e_rec,single-domain,0.0000,1.0000,681.262,680,27.10821,1,50,14.5,0.6996,0,0.3987,16.23,-0.2056,50,2.422
246.40,247.67,247.96,1,30.71388,1,e_rec,single-domain,0.0000,1.0000,281.262,280,26.71388,1,50,14.52,0.4052,0,0.5422,14.11,0.374,50,12.22
246.80,248.07,250.05,1,29.89925,1,e_rec,single-domain,0.0000,0.8516,1970.872,1970,26.49300,1,50,13.91,1.966,0,0.0317,9.248,0.4197,50,18.43
247.20,248.47,250.05,1,29.37682,1,e_rec,single-domain,0.0000,0.6719,1570.872,1570,26.68932,1,50,14.69,1.214,0,0.1899,5.03,0.6885,50,6.543
247.60,248.87,250.05,1,28.20782,1,e_rec,single-domain,0.0000,0.3594,1170.872,1170,26.77032,1,50,14.46,0.9748,0,-0.1019,4.466,-0.3713,50,8.993
248.00,249.27,251.10,1,27.83790,1,e_rec,single-domain,0.0000,0.3125,1821.165,1820,26.58790,1,50,13.87,2.229,0,-0.01077,7.194,-0.03145,50,13.07
248.40,249.67,251.10,1,28.97976,1,e_rec,single-domain,0.0000,0.4609,1421.165,1420,27.13601,1,50,16.51,0.9572,0,-0.351,10.51,0.2655,50,24.15
248.80,250.07,251.10,1,30.79885,1,e_rec,single-domain,0.0000,0.7734,1021.165,1020,27.70510,1,50,18.28,0.8359,0,-0.05692,13.45,1.527,50,10.13
249.20,250.47,251.10,1,31.47134,1,e_rec,single-domain,0.0000,1.0000,621.165,620,27.47134,1,50,19.64,2.143,0,-0.1667,17.1,1.657,50,41.39
249.60,250.87,251.10,1,30.88637,1,e_rec,single-domain,0.0000,0.7734,221.165,220,27.79262,1,50,18.32,0.8167,0,0.6079,21.84,1.606,50,6.87
250.00,251.27,251.28,1,29.76828,1,e_rec,single-domain,0.0000,0.4609,3.402,0,27.92453,1,50,19.15,0.7249,0,0.5046,19.82,-0.1777,50,14.18
250.40,251.67,253.66,1,28.31906,1,e_rec,single-domain,0.0000,0.1719,1980.492,1980,27.63156,1,50,19.49,2.361,0,0.7755,16.17,-0.1786,50,20.24
250.80,252.07,255.31,1,29.00999,1,e_rec,single-domain,0.0000,0.3125,3231.989,3230,27.75999,1,50,19.83,1.414,0,0.2856,12.57,-0.1492,50,21.03
251.20,252.47,255.31,1,30.03169,1,e_rec,single-domain,0.0000,0.6250,2831.989,2830,27.53169,1,50,20.56,0.9349,0,-0.163,13.97,-0.4452,50,50
251.60,252.87,255.31,1,32.16164,1,e_rec,single-domain,0.0000,0.9375,2431.989,2430,28.41164,1,50,20.75,2.3,0,0.01721,13.07,1.408,50,0.8826
252.00,253.27,255.31,1,32.27370,1,e_rec,single-domain,0.0000,1.0000,2031.989,2030,28.27370,1,50,22.17,0.8521,0,0.3067,11.47,1.675,50,11.81
252.40,253.67,255.31,1,31.48959,1,e_rec,single-domain,0.0000,1.0000,1631.989,1630,27.48959,1,50,20.82,0.4488,0,0.4192,9.46,2.207,50,26.8
252.80,254.07,255.31,1,31.86312,1,e_rec,single-domain,0.0000,1.0000,1231.989,1230,27.86312,1,50,20.81,1.664,0,0.5006,8.547,0.9015,50,11.85
253.20,254.47,255.31,1,31.55239,1,e_rec,single-domain,0.0000,1.0000,831.989,830,27.55239,1,50,19.22,0.8281,0,0.08159,7.712,0.903,50,16.87
253.60,254.87,255.31,1,31.90440,1,e_rec,single-domain,0.0000,1.0000,431.989,430,27.90440,1,50,20.69,0.6601,0,0.2058,8.138,-0.2117,50,17.61
254.00,255.27,255.31,1,31.76071,1,e_rec,single-domain,0.0000,1.0000,31.989,30,27.76071,1,50,21.15,2.208,0,-0.3528,10.35,-0.2448,50,42.77
254.40,255.67,258.68,1,31.59195,1,e_rec,single-domain,0.0000,0.7891,3001.690,3000,28.43570,1,50,19.65,1.001,0,-0.469,12.78,-0.0385,50,2.869
254.80,256.07,258.68,1,31.21002,1,e_rec,single-domain,0.0000,0.7891,2601.690,2600,28.05377,1,50,19.75,0.7612,0,-0.3881,13.17,-0.3739,50,21.28
255.20,256.47,258.68,1,31.34051,1,e_rec,single-domain,0.0000,0.7891,2201.690,2200,28.18426,1,50,19.54,2.205,0,-0.652,14.13,1.208,50,14.37
255.60,256.87,258.68,1,32.19883,1,e_rec,single-domain,0.0000,1.0000,1801.690,1800,28.19883,1,50,18.82,0.9689,0,-0.2834,20.25,2.483,50,4.504
256.00,257.27,258.68,1,32.48043,1,e_rec,single-domain,0.0000,1.0000,1401.690,1400,28.48043,1,50,20.52,0.6998,0,0.1138,30.71,3.957,50,11.79
256.40,257.67,258.68,1,31.81784,1,e_rec,single-domain,0.0000,1.0000,1001.690,1000,27.81784,1,50,20.1,1.665,0,1.094,40.79,4.474,50,33.13
256.80,258.07,258.68,1,32.83493,1,e_rec,single-domain,0.0000,1.0000,601.690,600,28.83493,1,50,21.76,0.576,0,1.505,41.12,2.398,50,3.445
257.20,258.47,258.68,1,31.70622,1,e_rec,single-domain,0.0000,1.0000,201.690,200,27.70622,1,50,19.91,0.5446,0,1.907,26.71,0.6676,50,12.67
257.60,258.87,260.80,1,31.23538,1,e_rec,single-domain,0.0000,0.9141,1921.006,1920,27.57913,1,50,19.08,1.94,0,0.961,15.97,3.447,50,1.703
258.00,259.27,260.80,1,30.15798,1,e_rec,single-domain,0.0000,0.7109,1521.006,1520,27.31423,1,50,17.1,0.9154,0,0.07493,13.85,3.795,50,6.383
258.40,259.67,260.80,1,29.32671,1,e_rec,single-domain,0.0000,0.3984,1121.006,1120,27.73296,1,50,18.11,1.001,0,-0.09615,21.34,4.713,50,8.851
258.80,260.07,263.86,1,28.29227,1,e_rec,single-domain,0.0000,0.2969,3782.219,3780,27.10477,1,50,17.79,2.422,0,-0.2935,25.94,5.134,50,43.61
259.20,260.47,263.86,1,30.04578,1,e_rec,single-domain,0.0000,0.4375,3382.219,3380,28.29578,1,50,20.36,1.322,0,0.2504,29.8,8.182,50,-0.5542
259.60,260.87,263.86,1,31.20454,1,e_rec,single-domain,0.0000,0.7500,2982.219,2980,28.20454,1,50,20.19,0.9744,0,-0.3695,35.47,7.742,50,23.92
260.00,261.27,263.86,1,32.98649,1,e_rec,single-domain,0.0000,1.0000,2582.219,2580,28.98649,1,50,21.14,2.388,0,-0.4937,40.99,7.503,50,9.819
260.40,261.67,263.86,1,32.98741,1,e_rec,single-domain,0.0000,1.0000,2182.219,2180,28.98741,1,50,19.5,1.047,0,-0.7188,36.04,2.962,50,6.565
260.80,262.07,263.86,1,32.18862,1,e_rec,single-domain,0.0000,1.0000,1782.219,1780,28.18862,1,50,18.86,0.9353,0,0.08511,28.2,2.605,50,10.37
261.20,262.47,263.86,1,31.77796,1,e_rec,single-domain,0.0000,1.0000,1382.219,1380,27.77796,1,50,19.97,2.308,0,0.2032,20.28,2.837,50,24.56
261.60,262.87,263.86,1,32.61017,1,e_rec,single-domain,0.0000,1.0000,982.219,980,28.61017,1,50,20.9,1.083,0,-0.08747,23.46,4.531,50,0.09045
262.00,263.27,263.86,1,32.93489,1,e_rec,single-domain,0.0000,1.0000,582.219,580,28.93489,1,50,22.09,0.9954,0,-0.37,26.42,4.326,50,7.599
262.40,263.67,263.86,1,32.43098,1,e_rec,single-domain,0.0000,1.0000,182.219,180,28.43098,1,50,21.8,2.071,0,0.01441,23.93,2.867,50,21.85
262.80,264.07,265.90,1,32.20705,1,e_rec,single-domain,0.0000,0.9766,1820.939,1820,28.30080,1,50,20.41,1.112,0,0.2249,24.05,2.596,50,11.3
263.20,264.47,265.90,1,32.14974,1,e_rec,single-domain,0.0000,0.9766,1420.939,1420,28.24349,1,50,18.02,0.5772,0,-0.3915,25.02,3.318,50,1.103
263.60,264.87,265.90,1,31.32779,1,e_rec,single-domain,0.0000,0.9766,1020.939,1020,27.42154,1,50,15.02,1.463,0,-0.1318,24.81,1.943,50,9.014
264.00,265.27,267.17,1,30.40345,1,e_rec,single-domain,0.0000,0.9141,1891.427,1890,26.74720,1,50,12.06,0.5448,0,-0.06642,18.56,0.8062,50,3.735
264.40,265.67,267.17,1,29.59777,1,e_rec,single-domain,0.0000,0.8672,1491.427,1490,26.12902,1,50,10.66,0.9959,0,0.2271,10.73,-0.361,50,4.669
264.80,266.07,267.17,1,27.65088,1,e_rec,single-domain,0.0000,0.5547,1091.427,1090,25.43213,1,50,12.35,2.708,0,0.5974,8.19,0.6686,50,38.08
265.20,266.47,267.17,1,27.54847,1,e_rec,single-domain,0.0000,0.3281,691.427,690,26.23597,1,50,13.09,1.37,0,0.4647,9.122,0.8,50,12.33
265.60,266.87,267.17,1,26.72040,1,e_rec,single-domain,0.0000,0.0156,291.427,290,26.65790,1,50,13.66,0.9626,0,-0.1827,5.93,0.9205,50,5.445
266.00,267.27,269.00,1,26.87225,1,e_rec,single-domain,0.0000,0.2266,1720.514,1720,25.96600,1,50,13.73,2.548,0,-0.05357,8.282,1.758,50,35.84
266.40,267.67,269.57,1,28.10004,1,e_rec,single-domain,0.0000,0.4062,1891.253,1890,26.47504,1,50,12.41,1.626,0,0.05135,16.42,3.412,50,4.691
266.80,268.07,269.57,1,29.91346,1,e_rec,single-domain,0.0000,0.7188,1491.253,1490,27.03846,1,50,12.33,1.246,0,0.2538,31.19,2.847,50,-0.3999
267.20,268.47,269.57,1,29.45378,1,e_rec,single-domain,0.0000,0.8672,1091.253,1090,25.98503,1,50,12.24,2.467,0,0.6581,31.63,1.343,50,44.94
267.60,268.87,269.57,1,30.13065,1,e_rec,single-domain,0.0000,0.7969,691.253,690,26.94315,1,50,12.4,0.9741,0,-0.04529,26.51,0.9031,50,9.91
268.00,269.27,269.57,1,29.05684,1,e_rec,single-domain,0.0000,0.4844,291.253,290,27.11934,1,50,13.5,0.8559,0,-0.1916,20.94,2.007,50,2.695
268.40,269.67,269.68,1,28.01843,1,e_rec,single-domain,0.0000,0.1719,3.467,0,27.33093,1,50,13.19,1.85,0,0.06985,31.59,2.235,50,1.112
268.80,270.07,272.02,1,27.81122,1,e_rec,single-domain,0.0000,0.0547,1940.848,1940,27.59247,1,50,12.54,0.7706,0,-0.3788,41.16,2.329,50,5.803
269.20,270.47,272.02,1,28.98667,1,e_rec,single-domain,0.0000,0.3672,1540.848,1540,27.51792,1,50,11.8,0.6966,0,-0.5086,38.24,-0.3941,50,9.703
269.60,270.87,272.58,1,29.63195,1,e_rec,single-domain,0.0000,0.6484,1700.574,1700,27.03820,1,50,11.8,2.219,0,-0.9946,24.8,0.5762,50,16.31
270.00,271.27,273.12,1,30.27152,1,e_rec,single-domain,0.0000,0.8828,1840.946,1840,26.74027,1,50,13.48,0.9624,0,-0.2767,10.73,0.72,50,9.982
270.40,271.67,273.12,1,29.73515,1,e_rec,single-domain,0.0000,0.8906,1440.946,1440,26.17265,1,50,12.57,0.803,0,0.1199,5.025,0.9113,50,9.677
270.80,272.07,273.12,1,29.27201,1,e_rec,single-domain,0.0000,0.9219,1040.946,1040,25.58451,1,50,12.52,2.373,0,0.2089,3.583,1.712,50,29.18
271.20,272.47,274.36,1,29.51233,1,e_rec,single-domain,0.0000,0.8984,1880.965,1880,25.91858,1,50,12.75,1.196,0,0.508,6.903,2.458,50,13.02
271.60,272.87,274.36,1,29.94622,1,e_rec,single-domain,0.0000,0.8984,1480.965,1480,26.35247,1,50,12.28,1.191,0,0.5886,17.57,3.683,50,-0.3879
272.00,273.27,274.36,1,29.18494,1,e_rec,single-domain,0.0000,0.8984,1080.965,1080,25.59119,1,50,12.49,2.644,0,1.015,31.04,3.454,50,50
272.40,273.67,275.54,1,30.81982,1,e_rec,single-domain,0.0000,0.9375,1860.936,1860,27.06982,1,50,13.3,1.86,0,0.82,33.47,2.056,50,3.435
272.80,274.07,275.54,1,30.86998,1,e_rec,single-domain,0.0000,0.9375,1460.936,1460,27.11998,1,50,12.9,1.341,0,0.6321,33.36,1.538,50,2.511
273.20,274.47,275.54,1,30.48343,1,e_rec,single-domain,0.0000,0.9375,1060.936,1060,26.73343,1,50,13.49,2.32,0,0.7457,24.66,1.363,50,10.8
273.60,274.87,276.76,1,30.11161,1,e_rec,single-domain,0.0000,0.8516,1881.028,1880,26.70536,1,50,12.17,0.7278,0,0.2921,25.34,1.336,50,8.653
274.00,275.27,276.76,1,30.20551,1,e_rec,single-domain,0.0000,0.8516,1481.028,1480,26.79926,1,50,12.17,0.7522,0,-0.1024,20.54,0.5901,50,7.043
274.40,275.67,276.76,1,29.56007,1,e_rec,single-domain,0.0000,0.8516,1081.028,1080,26.15382,1,50,12.07,2.067,0,-0.2288,19.24,2.171,50,30.01
274.80,276.07,277.88,1,31.00774,1,e_rec,single-domain,0.0000,0.9062,1800.905,1800,27.38274,1,50,14.22,1.008,0,-0.4321,22.7,2.429,50,3.509
275.20,276.47,277.88,1,31.25898,1,e_rec,single-domain,0.0000,0.9062,1400.905,1400,27.63398,1,50,15,0.7396,0,-0.1303,26.08,1.285,50,3.439
275.60,276.87,277.88,1,30.99247,1,e_rec,single-domain,0.0000,0.9062,1000.905,1000,27.36747,1,50,14.67,2.149,0,0.09113,26.63,-0.1768,50,14.5
276.00,277.27,279.20,1,30.55221,1,e_rec,single-domain,0.0000,0.8828,1920.990,1920,27.02096,1,50,13.76,1.119,0,0.07956,17.57,1.201,50,2.281
276.40,277.67,279.20,1,29.89591,1,e_rec,single-domain,0.0000,0.8828,1520.990,1520,26.36466,1,50,11.76,0.962,0,-0.09816,12.45,1.039,50,8.411
276.80,278.07,279.20,1,29.64814,1,e_rec,single-domain,0.0000,0.8828,1120.990,1120,26.11689,1,50,11.64,2.237,0,0.05244,10.88,1.146,50,13.02
277.20,278.47,280.36,1,29.92806,1,e_rec,single-domain,0.0000,0.9062,1881.332,1880,26.30306,1,50,12.4,1.107,0,0.06446,9.928,1.304,50,9.52
277.60,278.87,280.36,1,30.04263,1,e_rec,single-domain,0.0000,0.9062,1481.332,1480,26.41763,1,50,12.4,0.9045,0,-0.3576,8.485,1.727,50,8.443
278.00,279.27,280.36,1,29.83676,1,e_rec,single-domain,0.0000,0.9062,1081.332,1080,26.21176,1,50,12.67,2.3,0,-0.3699,8.077,2.703,50,16.66
278.40,279.67,280.36,1,29.64922,1,e_rec,single-domain,0.0000,0.7969,681.332,680,26.46172,1,50,13.22,1.043,0,-0.2522,7.706,2.51,50,8.383
278.80,280.07,280.36,1,28.06430,1,e_rec,single-domain,0.0000,0.4844,281.332,280,26.12680,1,50,12.59,0.81,0,-0.1509,10.37,2.284,50,20.37
279.20,280.47,280.48,1,27.09104,1,e_rec,single-domain,0.0000,0.1719,3.473,0,26.40354,1,50,12.96,2.119,0,-1.381,11.38,2.189,50,36.72
279.60,280.87,280.88,1,26.82514,1,e_rec,single-domain,0.0000,0.0000,3.500,0,26.82514,1,50,12.4,1.256,0,-1.486,12.76,3.506,50,11.49
280.00,281.27,281.28,1,27.13244,1,e_rec,single-domain,0.0000,0.0000,3.491,0,27.13244,1,50,14.52,0.9601,0,-0.6788,20.57,5.439,50,8.257
280.40,281.67,283.55,1,27.37118,1,e_rec,single-domain,0.0000,0.1094,1870.534,1870,26.93368,1,50,13.71,1.923,0,-0.6358,32.43,8.782,50,15.1
280.80,282.07,283.91,1,28.78498,1,e_rec,single-domain,0.0000,0.3516,1831.213,1830,27.37873,1,50,13.75,0.8223,0,-0.4104,41.04,7.808,50,7.919
281.20,282.47,283.91,1,29.50058,1,e_rec,single-domain,0.0000,0.6641,1431.213,1430,26.84433,1,50,12.46,0.7268,0,0.2622,44.63,8.161,50,11.19
281.60,282.87,283.91,1,29.61871,1,e_rec,single-domain,0.0000,0.9297,1031.213,1030,25.89996,1,50,12.94,2.034,0,0.4211,36.39,6.172,50,50
282.00,283.27,283.91,1,29.73262,1,e_rec,single-domain,0.0000,0.7812,631.213,630,26.60762,1,50,13.1,1.161,0,0.7828,34.79,7.573,50,5.126
282.40,283.67,283.91,1,28.54044,1,e_rec,single-domain,0.0000,0.4688,231.213,230,26.66544,1,50,14.26,0.6714,0,0.8575,29.01,7.997,50,1.773
282.80,284.07,284.08,1,27.41410,1,e_rec,single-domain,0.0000,0.1562,3.484,0,26.78910,1,50,13.86,1.846,0,0.7231,33.66,8.225,50,1.468
283.20,284.47,284.48,1,23.05552,1,e_rec,single-domain,0.0000,0.0000,3.464,0,23.05552,1,50,10.57,0.8803,0,0.4427,30.85,6.473,40.1,0.1669
283.60,284.87,284.88,-1,10.02289,1,|r_bal|,single-domain,0.0000,0.0000,3.548,0,10.02289,1,50,6.196,0.7965,0,0.4391,33.69,7.209,2.622,-0.7365
284.00,285.27,285.28,-1,2.96057,1,|r_bal|,single-domain,0.0000,0.0000,3.510,0,2.96057,1,29.33,1.106,2.268,0,1.006,19.13,3.884,-1.068,-0.6551
284.40,285.67,285.68,0,-2.77745,0,|r_pv|,cross-domain,0.0000,0.0000,3.660,0,-2.77745,0,0.9328,0.993,1.069,0,0.4787,9.41,4.017,-0.0392,-0.3312
284.80,286.07,286.08,0,-2.98053,0,|r_qp|,cross-domain,0.0000,0.0000,3.724,0,-2.98053,0,0.6171,0.3796,1.239,0,-0.4232,1.042,2.448,-0.7158,-0.3889
285.20,286.47,286.48,0,-2.54076,0,|r_qp|,cross-domain,0.0000,0.0000,3.570,0,-2.54076,0,0.7893,0.7392,2.434,0,-0.9339,-0.02887,0.8858,-0.5741,0.6984
285.60,286.87,286.88,0,-2.50261,0,|r_aux|,cross-domain,0.0000,0.0000,3.495,0,-2.50261,0,0.9759,1.08,1.115,0,-0.4712,-0.3114,-0.09612,-0.4847,-0.4673
286.00,287.27,287.28,0,-3.26215,0,|r_bal|,cross-domain,0.0000,0.0000,3.574,0,-3.26215,0,0.7032,0.5792,0.9487,0,0.5336,-0.8171,-0.1265,-0.9939,-0.6359
286.40,287.67,287.68,0,-3.31412,0,|r_aux|,cross-domain,0.0000,0.0000,3.812,0,-3.31412,0,0.2009,0.3657,2.441,0,0.8344,-1.152,-0.04832,-0.2382,-0.2194
286.80,288.07,288.08,0,-3.27911,0,|r_aux|,cross-domain,0.0000,0.0000,3.563,0,-3.27911,0,0.07175,0.9414,1.332,0,1.13,-1.323,0.4127,0.08577,-0.3478
287.20,288.47,288.48,0,-3.15257,0,e_rec,cross-domain,0.0000,0.0000,3.452,0,-3.15257,0,0.3588,0.4337,0.9709,0,1.273,-1.326,0.2556,0.7516,-0.7406
287.60,288.87,288.88,0,-2.91309,0,|r_bal|,cross-domain,0.0000,0.0000,3.524,0,-2.91309,0,1.521,0.6105,2.191,0,0.9733,-1.064,0.4158,0.2475,-0.6194
288.00,289.27,289.28,0,-3.28855,0,|r_bal|,cross-domain,0.0000,0.0000,3.485,0,-3.28855,0,1.378,1.021,1.129,0,1.428,-0.7751,0.004751,-0.6047,-0.3038
288.40,289.67,289.68,0,-2.83583,0,|r_bal|,cross-domain,0.0000,0.0000,3.635,0,-2.83583,0,1.105,0.5706,0.6392,0,0.727,0.4118,0.5158,0.3956,0.06245
288.80,290.07,290.08,0,-3.23356,0,|r_aux|,cross-domain,0.0000,0.0000,3.639,0,-3.23356,0,0.0287,0.3592,2.17,0,0.3516,1.198,1.293,-0.4455,-0.7267
289.20,290.47,290.48,0,-2.86888,0,e_rec,cross-domain,0.0000,0.0000,3.609,0,-2.86888,0,0.4018,0.972,1.172,0,0.6754,1.207,2.112,0.6811,-0.4319
289.60,290.87,290.88,0,-3.31949,0,|r_bal|,cross-domain,0.0000,0.0000,3.676,0,-3.31949,0,0.7893,0.4389,1.261,0,1.365,0.4818,1.688,0.2452,-0.5483
290.00,291.27,291.28,0,-3.62365,0,|r_bal|,cross-domain,0.0000,0.0000,3.589,0,-3.62365,0,0.9185,0.478,2.676,0,1.389,-0.06824,1.31,-0.8338,-0.7197
290.40,291.67,291.68,0,-2.97112,0,|r_aux|,cross-domain,0.0000,0.0000,3.607,0,-2.97112,0,0.7606,1.009,1.258,0,0.5671,-0.2726,1.439,-0.03706,-0.4308
290.80,292.07,292.08,0,-2.77138,0,e_rec,cross-domain,0.0000,0.0000,3.649,0,-2.77138,0,0.3157,0.5084,1.093,0,0.1317,-0.3797,2.109,0.7968,-0.7058
291.20,292.47,292.48,0,-3.42057,0,|r_bal|,cross-domain,0.0000,0.0000,3.548,0,-3.42057,0,0.6458,0.4359,2.081,0,0.1156,-0.532,3.167,-1.041,0.5093
291.60,292.87,292.88,0,-3.06278,0,|r_aux|,cross-domain,0.0000,0.0000,3.913,0,-3.06278,0,0.5023,0.9812,0.6034,0,-0.09269,-0.2704,3.432,-0.4488,0.08964
292.00,293.27,293.28,0,-3.15508,0,|r_bal|,cross-domain,0.0000,0.0000,3.577,0,-3.15508,0,0.8898,0.4292,0.8029,0,-0.08247,0.7023,3.103,-0.8465,-0.7417
292.40,293.67,293.68,0,-3.13622,0,|r_aux|,cross-domain,0.0000,0.0000,4.017,0,-3.13622,0,0.3014,0.4389,1.795,0,0.329,1.36,3.187,0.08459,-0.238
292.80,294.07,294.08,0,-3.45651,0,|r_aux|,cross-domain,0.0000,0.0000,4.024,0,-3.45651,0,0.7606,1.002,0.6912,0,0.672,1.349,3.307,-1.097,-0.3792
293.20,294.47,294.48,0,-3.22049,0,|r_bal|,cross-domain,0.0000,0.0000,3.582,0,-3.22049,0,1.177,0.435,0.5791,0,0.6931,0.3137,3.186,-0.145,-0.2784
293.60,294.87,294.88,0,-3.43631,0,|r_bal|,cross-domain,0.0000,0.0000,4.049,0,-3.43631,0,1.823,0.4816,1.889,0,0.7081,-0.4578,2.487,-1.368,-0.6598
294.00,295.27,295.28,0,-2.84394,0,|r_bal|,cross-domain,0.0000,0.0000,6.240,0,-2.84394,0,1.679,0.9958,1.031,0,0.4599,-0.7746,2.32,-0.09951,-0.5648
294.40,295.67,295.68,0,-3.07874,0,|r_bal|,cross-domain,0.0000,0.0000,3.928,0,-3.07874,0,1.478,0.4065,1.148,0,0.7037,-1.091,1.714,-0.1113,-0.6124
294.80,296.07,296.08,0,-2.97633,0,|r_bal|,cross-domain,0.0000,0.0000,3.796,0,-2.97633,0,1.378,0.6551,2.799,0,0.6803,-1.254,0.8224,-0.1629,-0.8443
295.20,296.47,296.48,0,-3.05218,0,|r_bal|,cross-domain,0.0000,0.0000,2.916,0,-3.05218,0,1.306,1.038,1.568,0,1.293,-0.8664,0.02841,-0.01471,-0.4571
295.60,296.87,296.88,0,-2.56428,0,e_rec,cross-domain,0.0000,0.0000,2.695,0,-2.56428,0,1.263,0.6493,0.8772,0,1.006,0.8097,1.502,1.591,-0.5779
296.00,297.27,297.28,0,-3.12857,0,|r_bal|,cross-domain,0.0000,0.0000,4.372,0,-3.12857,0,1.65,0.3691,2.199,0,1.258,2.066,3.59,0.462,-0.7868
296.40,297.67,297.68,0,-2.90089,0,|r_aux|,cross-domain,0.0000,0.0000,4.178,0,-2.90089,0,1.048,1.033,1.239,0,-0.2676,1.924,4.768,-0.5167,-0.5946
296.80,298.07,298.08,0,-3.17650,0,|r_bal|,cross-domain,0.0000,0.0000,4.293,0,-3.17650,0,1.005,0.4193,0.954,0,-0.2121,0.3146,2.963,-1.143,-0.7787
297.20,298.47,298.48,0,-3.01634,0,|r_aux|,cross-domain,0.0000,0.0000,2.759,0,-3.01634,0,0.4305,0.5531,2.109,0,-0.04953,-0.9197,0.9476,-0.5028,-0.2414
297.60,298.87,298.88,0,-2.47554,0,|r_bal|,cross-domain,0.0000,0.0000,4.052,0,-2.47554,0,1.091,0.9988,0.7024,0,0.1895,-1.099,0.1895,0.5822,-0.518
298.00,299.27,299.28,0,-2.95058,0,|r_bal|,cross-domain,0.0000,0.0000,3.478,0,-2.95058,0,1.65,0.4434,0.5734,0,0.904,-0.9427,-0.08381,-0.02173,-0.2596
298.40,299.67,299.68,0,-3.18228,0,|r_bal|,cross-domain,0.0000,0.0000,4.185,0,-3.18228,0,1.736,0.4643,1.807,0,1.159,-0.7265,-0.1999,-0.5106,0.2225
