t_start,t_end,t_release,label,score,alarm,dominant,domain,csec_corr,csec_unc,decision_ms_after_target,csec_wait_ms,prov_score,prov_alarm,|r_bal|,|r_aux|,|r_cool|,|r_ups|,|r_qp|,|r_pv|,|r_reg|,e_rec,e_fc
2.00,3.27,3.28,0,6.17920,1,e_rec,single-domain,0.0000,0.0000,5.743,0,6.17920,1,-2.44,12.68,-0.5916,0,-0.8876,31.17,50,28.16,35.07
2.40,3.67,3.68,0,2.53383,1,e_rec,single-domain,0.0000,0.0000,4.124,0,2.53383,1,-2.483,13.8,-0.4191,0,-0.876,27.3,48.32,16.39,29.08
2.80,4.07,4.08,0,14.12951,1,e_rec,single-domain,0.0000,0.0000,3.653,0,14.12951,1,-2.167,13.42,-0.3544,0,-0.858,17.78,47.15,50,6.447
3.20,4.47,4.48,0,-0.59540,0,e_rec,single-domain,0.0000,0.0000,3.636,0,-0.59540,0,-0.9902,10.52,0.6235,0,0.1148,8.951,50,10.75,7.488
3.60,4.87,4.88,0,8.25016,1,e_rec,single-domain,0.0000,0.0000,3.600,0,8.25016,1,-0.7319,9.036,0.4308,0,-0.1449,2.722,44.57,36.72,3.887
4.00,5.27,5.28,0,6.85008,1,e_rec,single-domain,0.0000,0.0000,3.602,0,6.85008,1,0.8036,5.769,0.573,0,-0.06899,2.993,47.63,34.4,2.194
4.40,5.67,5.68,0,-2.62627,0,e_rec,single-domain,0.0000,0.0000,3.696,0,-2.62627,0,0.07175,4.152,1.136,0,-0.04566,4.408,41.78,6.77,3.756
4.80,6.07,6.08,0,-1.22243,0,e_rec,single-domain,0.0000,0.0000,3.842,0,-1.22243,0,0.1579,4.02,0.2386,0,0.1101,6.311,37.87,9.822,-0.5334
5.20,6.47,6.48,0,-1.40553,0,e_rec,cross-domain,0.0000,0.0000,3.781,0,-1.40553,0,0.2296,2.765,-0.05782,0,0.1149,5.951,28.71,8.21,-0.8315
5.60,6.87,6.88,0,-3.79381,0,|r_aux|,cross-domain,0.0000,0.0000,3.592,0,-3.79381,0,0.4592,1.819,1.074,0,-0.3272,3.258,18.84,-0.6619,-0.581
6.00,7.27,7.28,0,-2.89052,0,|r_aux|,cross-domain,0.0000,0.0000,3.591,0,-2.89052,0,0.3301,1.676,0.3578,0,-0.8037,1.464,14.29,0.8432,-0.5206
6.40,7.67,7.68,0,-3.19333,0,|r_aux|,cross-domain,0.0000,0.0000,3.683,0,-3.19333,0,0.574,0.723,0.4135,0,-0.3707,1.044,6.111,-0.6257,-0.1056
6.80,8.07,8.08,0,-2.63747,0,|r_aux|,cross-domain,0.0000,0.0000,3.591,0,-2.63747,0,0.531,1.328,2.131,0,-0.1642,2.064,0.621,-0.4066,-0.1794
7.20,8.47,8.48,0,-2.85877,0,|r_aux|,cross-domain,0.0000,0.0000,4.277,0,-2.85877,0,1.205,1.179,1.599,0,-0.09938,1.914,1.44,-1.156,-0.7164
7.60,8.87,8.88,0,-2.22487,0,e_rec,cross-domain,0.0000,0.0000,3.820,0,-2.22487,0,1.005,0.8483,1.658,0,0.4715,1.262,1.019,1.925,0.9555
8.00,9.27,9.28,0,-2.93074,0,|r_bal|,cross-domain,0.0000,0.0000,4.027,0,-2.93074,0,0.8898,0.818,2.672,0,0.6363,1.756,0.8667,-0.01872,0.01675
8.40,9.67,9.68,0,-3.30162,0,|r_aux|,cross-domain,0.0000,0.0000,3.942,0,-3.30162,0,0.7032,1.159,1.265,0,1.335,1.255,0.02505,-0.4248,-0.3094
8.80,10.07,10.08,0,-2.58931,0,|r_bal|,cross-domain,0.0000,0.0000,3.654,0,-2.58931,0,1.177,1.031,0.6924,0,0.723,1.277,-0.3338,0.677,1.038
9.20,10.47,10.48,0,-2.05889,0,e_rec,cross-domain,0.0000,0.0000,3.678,0,-2.05889,0,0.6458,1.218,1.985,0,0.4389,0.317,-0.1756,2.203,0.8171
9.60,10.87,10.88,0,-2.79674,0,|r_aux|,cross-domain,0.0000,0.0000,3.618,0,-2.79674,0,0.8036,1.389,1.198,0,0.07942,-0.1873,0.6684,-0.5128,-0.6014
10.00,11.27,11.28,0,-1.94506,0,e_rec,cross-domain,0.0000,0.0000,3.539,0,-1.94506,0,0.6314,1.142,1.03,0,-0.5289,-0.7021,0.1367,1.675,2.803
10.40,11.67,11.68,0,-2.56223,0,|r_aux|,cross-domain,0.0000,0.0000,3.674,0,-2.56223,0,1.033,1.124,2.71,0,-0.286,0.08974,0.2316,-0.3409,0.5268
10.80,12.07,12.08,0,-2.82630,0,|r_aux|,cross-domain,0.0000,0.0000,3.549,0,-2.82630,0,0.8611,1.357,1.121,0,0.08048,0.6188,0.6034,-0.6932,-0.1606
11.20,12.47,12.48,0,-1.95999,0,e_rec,cross-domain,0.0000,0.0000,3.552,0,-1.95999,0,0.9041,1.14,0.8445,0,0.7194,1.755,0.1277,2.773,2.514
11.60,12.87,12.88,0,-2.66380,0,|r_aux|,cross-domain,0.0000,0.0000,3.635,0,-2.66380,0,0.8324,1.175,2.328,0,0.1561,1.858,0.3043,-0.15,0.6004
12.00,13.27,13.28,0,-2.57082,0,|r_aux|,cross-domain,0.0000,0.0000,3.566,0,-2.57082,0,0.9041,1.38,0.8395,0,0.4373,1.406,0.6973,0.436,0.1679
12.40,13.67,13.68,0,-2.39934,0,|r_bal|,cross-domain,0.0000,0.0000,3.688,0,-2.39934,0,1.55,1.093,0.5781,0,0.02988,0.5731,0.2832,0.2666,1.17
12.80,14.07,14.08,0,-2.38071,0,e_rec,cross-domain,0.0000,0.0000,3.573,0,-2.38071,0,0.8036,0.9368,1.779,0,0.02982,-0.1077,-0.002462,0.9434,1.484
13.20,14.47,14.48,0,-2.92821,0,|r_aux|,cross-domain,0.0000,0.0000,3.676,0,-2.92821,0,1.119,1.249,0.6481,0,0.4346,-0.3328,0.3176,-0.5827,-0.4256
13.60,14.87,14.88,0,-2.15403,0,e_rec,cross-domain,0.0000,0.0000,3.680,0,-2.15403,0,0.9472,0.988,0.7735,0,0.4501,-0.7113,-0.1538,2.114,1.84
14.00,15.27,15.28,0,-2.95768,0,|r_aux|,cross-domain,0.0000,0.0000,3.598,0,-2.95768,0,0.8754,1.03,2.118,0,0.5227,-1.125,0.04853,-0.1633,0.5389
14.40,15.67,15.68,0,-2.95390,0,|r_aux|,cross-domain,0.0000,0.0000,3.669,0,-2.95390,0,0.818,1.239,0.8168,0,0.4701,-1.423,0.8437,-0.1511,-0.1696
14.80,16.07,16.08,0,-2.22518,0,e_rec,cross-domain,0.0000,0.0000,3.504,0,-2.22518,0,0.5597,1.074,0.7573,0,0.4724,-1.288,0.3145,2.332,2.337
15.20,16.47,16.48,0,-2.50405,0,|r_aux|,cross-domain,0.0000,0.0000,3.490,0,-2.50405,0,0.4592,1.283,1.814,0,0.03619,-0.4466,0.1733,0.5533,0.01513
15.60,16.87,16.88,0,-3.08994,0,|r_aux|,cross-domain,0.0000,0.0000,3.672,0,-3.08994,0,0.6888,1.48,0.8102,0,0.6962,-0.01167,1.245,-0.4306,-0.3042
16.00,17.27,17.28,0,-3.25859,0,|r_aux|,cross-domain,0.0000,0.0000,3.644,0,-3.25859,0,0.7032,1.073,0.5833,0,0.9964,0.9585,0.2193,-0.5256,0.6827
16.40,17.67,17.68,0,-3.32445,0,|r_aux|,cross-domain,0.0000,0.0000,3.640,0,-3.32445,0,0.5884,0.7105,2.012,0,1.037,0.816,0.08654,-0.3815,0.6276
16.80,18.07,18.08,0,-2.22448,0,e_rec,cross-domain,0.0000,0.0000,3.669,0,-2.22448,0,0.8324,1.074,0.7575,0,0.6685,0.8114,0.2455,1.95,-0.4938
17.20,18.47,18.48,0,-2.48305,0,|r_bal|,cross-domain,0.0000,0.0000,3.479,0,-2.48305,0,1.607,0.9717,0.24,0,0.7038,-0.04478,0.411,1.016,0.6299
17.60,18.87,18.88,0,-3.02662,0,|r_bal|,cross-domain,0.0000,0.0000,3.725,0,-3.02662,0,1.464,1.291,1.295,0,0.7236,-0.2691,0.4965,-0.6864,0.2309
18.00,19.27,19.28,0,-2.63341,0,|r_bal|,cross-domain,0.0000,0.0000,4.403,0,-2.63341,0,1.622,1.425,-0.0008333,0,0.5344,-0.2089,1.722,0.2392,-0.6722
18.40,19.67,19.68,0,-2.45338,0,e_rec,cross-domain,0.0000,0.0000,3.798,0,-2.45338,0,0.5597,0.9637,0.4509,0,0.004932,0.6498,0.354,0.7786,0.5197
18.80,20.07,20.08,0,-2.19318,0,e_rec,cross-domain,0.0000,0.0000,3.671,0,-2.19318,0,0.6888,0.6494,2.281,0,-0.4191,0.8169,0.1849,1.006,0.08895
19.20,20.47,20.48,0,-2.50310,0,|r_bal|,cross-domain,0.0000,0.0000,3.595,0,-2.50310,0,1.148,1.057,1.047,0,-0.3125,1.034,0.1083,-0.4091,-0.452
19.60,20.87,20.88,0,-2.47357,0,|r_qp|,cross-domain,0.0000,0.0000,3.647,0,-2.47357,0,0.9328,0.8562,0.8145,0,-0.5565,0.9523,-0.1879,-0.3521,0.3958
20.00,21.27,21.28,0,-2.35329,0,|r_aux|,cross-domain,0.0000,0.0000,3.587,0,-2.35329,0,0.5023,1.001,1.877,0,-0.3451,1.066,-0.01752,0.5031,0.9021
20.40,21.67,21.68,0,-2.79453,0,|r_aux|,cross-domain,0.0000,0.0000,3.530,0,-2.79453,0,0.6027,1.224,0.6718,0,-0.1936,0.7621,0.6283,-0.7047,-0.2124
20.80,22.07,22.08,0,-2.75838,0,|r_aux|,cross-domain,0.0000,0.0000,3.681,0,-2.75838,0,0.5884,0.9292,0.4888,0,-0.428,-0.2403,-0.02458,-0.6757,0.2387
21.20,22.47,22.48,0,-2.57495,0,e_rec,cross-domain,0.0000,0.0000,3.558,0,-2.57495,0,0.9185,0.8898,2.099,0,0.3992,-0.9307,0.04928,0.8131,0.01915
21.60,22.87,22.88,0,-2.82138,0,|r_aux|,cross-domain,0.0000,0.0000,3.648,0,-2.82138,0,1.091,1.184,0.8636,0,0.479,-0.6157,0.4652,-0.1052,-0.7166
22.00,23.27,23.28,0,-2.78785,0,|r_bal|,cross-domain,0.0000,0.0000,3.481,0,-2.78785,0,1.091,0.8648,1.069,0,0.5504,-0.3751,-0.04624,0.2179,0.02602
22.40,23.67,23.68,0,-2.48390,0,|r_bal|,cross-domain,0.0000,0.0000,3.523,0,-2.48390,0,1.019,0.8783,2.428,0,-0.124,-0.2105,-0.002695,0.184,-0.7382
22.80,24.07,24.08,0,-1.67499,0,e_rec,cross-domain,0.0000,0.0000,3.686,0,-1.67499,0,0.9615,1.169,1.016,0,-0.2151,-0.2784,0.9939,2.56,-0.3178
23.20,24.47,24.48,0,-1.73092,0,e_rec,cross-domain,0.0000,0.0000,3.505,0,-1.73092,0,0.5166,0.991,-0.01361,0,-0.5626,0.07343,1.491,2.448,-0.111
23.60,24.87,24.88,0,-2.61820,0,|r_aux|,cross-domain,0.0000,0.0000,3.616,0,-2.61820,0,0.7175,1.17,0.8554,0,-0.4759,0.381,1.777,-0.3007,-0.08251
24.00,25.27,25.28,0,-2.02818,0,e_rec,cross-domain,0.0000,0.0000,3.600,0,-2.02818,0,0.4736,1.349,-0.4648,0,-0.3608,0.1468,3.33,1.996,-0.1946
24.40,25.67,25.68,0,-1.99687,0,e_rec,cross-domain,0.0000,0.0000,3.610,0,-1.99687,0,0.8611,1.085,-0.6279,0,-0.0238,-0.2272,2.583,2.361,0.02207
24.80,26.07,26.08,0,-2.85137,0,|r_bal|,cross-domain,0.0000,0.0000,3.745,0,-2.85137,0,1.162,1.064,0.8152,0,-0.3082,-0.4684,2.271,-0.7598,0.262
25.20,26.47,26.48,0,-2.37518,0,|r_bal|,cross-domain,0.0000,0.0000,3.502,0,-2.37518,0,1.363,1.3,-0.4613,0,-0.1819,-0.2866,3.019,0.6222,-0.4636
25.60,26.87,26.88,0,-2.20621,0,e_rec,cross-domain,0.0000,0.0000,3.690,0,-2.20621,0,1.148,0.9552,0.1072,0,0.2125,0.835,1.388,1.527,-0.5078
26.00,27.27,27.28,0,-2.50898,0,|r_bal|,cross-domain,0.0000,0.0000,3.475,0,-2.50898,0,0.9615,0.8614,1.933,0,-0.2741,1.02,1.024,0.03458,-0.8002
26.40,27.67,27.68,0,-2.31203,0,|r_aux|,cross-domain,0.0000,0.0000,3.620,0,-2.31203,0,0.9328,1.187,0.7135,0,-0.1487,1.256,1.21,0.6681,0.09122
26.80,28.07,28.08,0,-2.15119,0,e_rec,cross-domain,0.0000,0.0000,3.655,0,-2.15119,0,0.6314,0.9967,0.04285,0,0.1174,0.9107,1.434,1.889,-0.3462
27.20,28.47,28.48,0,-2.71849,0,|r_aux|,cross-domain,0.0000,0.0000,3.558,0,-2.71849,0,0.7175,1.093,0.8586,0,0.261,1.393,2.064,0.3206,-0.6483
27.60,28.87,28.88,0,-1.55799,0,e_rec,cross-domain,0.0000,0.0000,3.652,0,-1.55799,0,0.5453,1.297,-0.2134,0,0.2173,2.148,3.605,3.987,0.455
28.00,29.27,29.28,0,-2.08921,0,e_rec,cross-domain,0.0000,0.0000,3.590,0,-2.08921,0,0.8324,1.044,-0.8659,0,0.398,2.029,3.47,2.589,-0.2403
28.40,29.67,29.68,0,-3.00771,0,|r_aux|,cross-domain,0.0000,0.0000,3.571,0,-3.00771,0,0.6601,1.05,0.1371,0,0.3606,1.404,3.64,0.001872,-0.6981
28.80,30.07,30.08,0,-3.22126,0,|r_aux|,cross-domain,0.0000,0.0000,3.704,0,-3.22126,0,1.048,1.259,-1.168,0,0.4576,0.8098,4.565,-0.5152,0.7263
29.20,30.47,30.48,0,-2.79243,0,|r_aux|,cross-domain,0.0000,0.0000,3.572,0,-2.79243,0,0.7175,0.9142,-0.1543,0,0.3165,1.024,2.522,0.5057,0.09577
29.60,30.87,30.88,0,-2.94902,0,|r_bal|,cross-domain,0.0000,0.0000,3.510,0,-2.94902,0,1.134,0.8161,2.255,0,0.1049,0.8879,1.5,-0.6747,0.1493
30.00,31.27,31.28,0,-2.72973,0,|r_aux|,cross-domain,0.0000,0.0000,3.721,0,-2.72973,0,1.191,1.161,1.272,0,0.004685,1.041,1.078,-0.5581,-0.3588
30.40,31.67,31.68,0,-2.72545,0,|r_bal|,cross-domain,0.0000,0.0000,3.636,0,-2.72545,0,1.421,0.8491,1.1,0,0.1308,1.001,0.3859,-0.4825,-0.7556
30.80,32.07,32.08,0,-2.95497,0,|r_bal|,cross-domain,0.0000,0.0000,3.633,0,-2.95497,0,0.9041,0.735,2.68,0,0.293,1.166,0.6364,-0.5111,-0.5843
31.20,32.47,32.48,0,-2.10534,0,e_rec,cross-domain,0.0000,0.0000,3.542,0,-2.10534,0,0.7462,1.093,1.362,0,-0.1859,1.377,0.9776,1.403,0.9733
31.60,32.87,32.88,0,-1.88007,0,e_rec,cross-domain,0.0000,0.0000,3.566,0,-1.88007,0,0.0574,0.8996,0.3765,0,-0.6682,0.8108,1.781,2.18,-0.4116
32.00,33.27,33.28,0,-2.70801,0,|r_aux|,cross-domain,0.0000,0.0000,3.868,0,-2.70801,0,0.5453,1.116,1.057,0,-0.3197,-0.04863,2.027,-0.1182,-0.1945
32.40,33.67,33.68,0,-2.05841,0,e_rec,cross-domain,0.0000,0.0000,3.649,0,-2.05841,0,0.9041,1.268,-0.6126,0,0.4917,-0.4172,3.946,3.125,1.721
32.80,34.07,34.08,0,-2.51947,0,e_rec,cross-domain,0.0000,0.0000,3.712,0,-2.51947,0,0.8036,0.984,-1.222,0,0.9849,0.1455,3.373,2.338,-0.5511
33.20,34.47,34.48,0,-3.41526,0,|r_aux|,cross-domain,0.0000,0.0000,3.529,0,-3.41526,0,0.6314,1.044,-0.1745,0,1.197,0.5531,3.518,-0.01238,-0.85
33.60,34.87,34.88,0,-3.86944,0,|r_aux|,cross-domain,0.0000,0.0000,3.523,0,-3.86944,0,0.531,1.294,-1.21,0,1.893,0.7202,4.109,-0.3577,0.128
34.00,35.27,35.28,0,-3.69207,0,|r_bal|,cross-domain,0.0000,0.0000,3.635,0,-3.69207,0,1.033,0.9629,-0.3751,0,1.657,-0.05554,2.021,-0.661,-0.6656
34.40,35.67,35.68,0,-3.31403,0,|r_aux|,cross-domain,0.0000,0.0000,3.610,0,-3.31403,0,0.3588,0.8095,2.258,0,0.7936,-0.505,1.2,-0.2645,-0.3282
34.80,36.07,36.08,0,-2.94952,0,|r_aux|,cross-domain,0.0000,0.0000,3.668,0,-2.94952,0,0.7319,1.152,1.229,0,-0.1051,-0.6182,0.6236,-0.9318,-0.2876
35.20,36.47,36.48,0,-2.65327,0,|r_aux|,cross-domain,0.0000,0.0000,3.517,0,-2.65327,0,0.7606,0.8545,1.114,0,0.0551,-0.8638,0.03673,0.2131,-0.7481
35.60,36.87,36.88,0,-2.71421,0,|r_bal|,cross-domain,0.0000,0.0000,3.579,0,-2.71421,0,1.019,0.8139,2.389,0,0.2038,-1.158,0.318,0.1877,-0.3169
36.00,37.27,37.28,0,-2.52322,0,|r_bal|,cross-domain,0.0000,0.0000,3.649,0,-2.52322,0,1.435,1.122,1.186,0,0.07148,-1.27,0.694,0.2022,-0.3644
36.40,37.67,37.68,0,-2.30474,0,|r_bal|,cross-domain,0.0000,0.0000,3.580,0,-2.30474,0,1.134,0.7952,1.04,0,-0.2609,-1.237,0.222,0.7198,-0.5668
36.80,38.07,38.08,0,-2.45989,0,|r_bal|,cross-domain,0.0000,0.0000,3.589,0,-2.45989,0,1.378,0.8115,2.634,0,-0.05845,-1.123,0.1879,0.3351,-0.1649
37.20,38.47,38.48,0,-3.04049,0,|r_bal|,cross-domain,0.0000,0.0000,4.183,0,-3.04049,0,1.205,1.157,1.457,0,0.3093,-1.037,0.5461,-0.9618,-0.5461
37.60,38.87,38.88,0,-2.90856,0,|r_bal|,cross-domain,0.0000,0.0000,3.589,0,-2.90856,0,1.536,0.8051,1.389,0,0.3649,-1.143,0.1027,-0.5683,-0.7387
38.00,39.27,39.28,0,-2.63252,0,|r_bal|,cross-domain,0.0000,0.0000,3.637,0,-2.63252,0,0.7462,0.7035,2.782,0,-0.008005,-0.9614,-0.06469,0.2728,-0.6632
38.40,39.67,39.68,0,-1.86952,0,e_rec,cross-domain,0.0000,0.0000,3.545,0,-1.86952,0,1.162,1.046,1.362,0,-0.3444,-0.9742,0.4793,1.833,1.066
38.80,40.07,40.08,0,-2.27443,0,|r_qp|,cross-domain,0.0000,0.0000,3.549,0,-2.27443,0,0.531,0.8193,0.8638,0,-0.8065,-0.8853,0.2321,0.4589,-0.2787
39.20,40.47,40.48,0,-2.70278,0,|r_aux|,cross-domain,0.0000,0.0000,3.664,0,-2.70278,0,0.4879,1.054,1.898,0,0.1164,-0.6115,0.07861,0.1484,-0.8495
39.60,40.87,40.88,0,-2.77417,0,e_rec,cross-domain,0.0000,0.0000,3.964,0,-2.77417,0,0.818,1.234,0.9137,0,0.7861,-0.5698,1.409,0.8658,0.6385
40.00,41.27,41.28,0,-2.44425,0,e_rec,cross-domain,0.0000,0.0000,3.722,0,-2.44425,0,0.7175,0.9554,0.09814,0,1.279,-0.1103,1.099,2.559,-0.4663
40.40,41.67,41.68,0,-3.52182,0,|r_bal|,cross-domain,0.0000,0.0000,3.608,0,-3.52182,0,1.249,1.065,1.096,0,1.414,0.2277,1.31,-0.8236,0.3771
40.80,42.07,42.08,0,-3.50580,0,|r_aux|,cross-domain,0.0000,0.0000,3.632,0,-3.50580,0,1.32,1.305,-0.4943,0,1.307,-0.07152,2.183,-0.9069,0.0241
41.20,42.47,42.48,0,-3.28054,0,|r_bal|,cross-domain,0.0000,0.0000,3.723,0,-3.28054,0,1.134,0.9655,0.2255,0,1.08,-0.6566,0.8713,-0.4348,-0.4721
41.60,42.87,42.88,0,-2.17796,0,e_rec,cross-domain,0.0000,0.0000,3.680,0,-2.17796,0,0.8898,0.8132,2.412,0,0.1923,-0.7732,0.8811,1.91,-0.3432
42.00,43.27,43.28,0,-2.78480,0,|r_aux|,cross-domain,0.0000,0.0000,3.665,0,-2.78480,0,0.8036,1.152,1.319,0,0.151,-0.5738,1.105,0.0006829,0.662
42.40,43.67,43.68,0,-2.35845,0,e_rec,cross-domain,0.0000,0.0000,3.583,0,-2.35845,0,0.9615,0.9098,0.9252,0,0.1059,-0.5416,0.6684,1.092,-0.519
42.80,44.07,44.08,0,-3.09214,0,|r_aux|,cross-domain,0.0000,0.0000,3.610,0,-3.09214,0,0.8036,0.9879,2.04,0,0.3234,-0.4894,0.4318,-0.8063,-0.4322
43.20,44.47,44.48,0,-2.36979,0,e_rec,cross-domain,0.0000,0.0000,3.625,0,-2.36979,0,0.4305,1.225,0.9789,0,0.2585,-0.6287,0.9617,1.525,0.3856
43.60,44.87,44.88,0,-3.28996,0,|r_aux|,cross-domain,0.0000,0.0000,3.564,0,-3.28996,0,0.5884,0.8187,0.8217,0,0.6462,0.8603,0.2469,-0.9033,-0.6306
44.00,45.27,45.28,0,-2.61601,0,|r_bal|,cross-domain,0.0000,0.0000,3.735,0,-2.61601,0,1.306,0.6607,2.28,0,0.5133,1.87,0.2366,0.4202,-0.3223
44.40,45.67,45.68,0,-2.61345,0,|r_aux|,cross-domain,0.0000,0.0000,3.501,0,-2.61345,0,1.033,1.05,0.7724,0,0.3484,1.898,0.6273,0.2574,0.0893
44.80,46.07,46.08,0,-2.49068,0,e_rec,cross-domain,0.0000,0.0000,3.573,0,-2.49068,0,1.105,0.895,-0.3373,0,0.4801,1.284,0.6716,0.9225,-0.3408
45.20,46.47,46.48,0,-2.80983,0,|r_aux|,cross-domain,0.0000,0.0000,3.661,0,-2.80983,0,0.1148,1.183,-0.06348,0,0.2582,0.7899,1.062,0.271,-0.5001
45.60,46.87,46.88,0,-3.16738,0,|r_aux|,cross-domain,0.0000,0.0000,3.662,0,-3.16738,0,0.6601,1.349,-1.14,0,0.3164,0.5527,2.304,-0.8985,-0.854
46.00,47.27,47.28,0,-3.34625,0,|r_aux|,cross-domain,0.0000,0.0000,3.539,0,-3.34625,0,0.4305,0.887,-0.6435,0,0.4468,-0.1023,0.8862,-1.001,-0.654
46.40,47.67,47.68,0,-3.36817,0,|r_bal|,cross-domain,0.0000,0.0000,3.658,0,-3.36817,0,0.6745,0.5418,1.682,0,0.8841,-0.8858,0.3994,-0.4468,-0.3881
46.80,48.07,48.08,0,-2.81924,0,|r_aux|,cross-domain,0.0000,0.0000,3.524,0,-2.81924,0,0.7175,0.9744,0.8383,0,-0.03809,-0.8129,0.06655,-0.3488,0.6832
47.20,48.47,48.48,0,-3.09318,0,|r_aux|,cross-domain,0.0000,0.0000,3.664,0,-3.09318,0,0.1435,0.7779,0.6402,0,-0.08221,-0.4597,-0.2559,-0.8886,-0.4819
47.60,48.87,48.88,0,-2.66563,0,|r_aux|,cross-domain,0.0000,0.0000,3.567,0,-2.66563,0,0.0861,1.046,2.406,0,-0.5195,-0.1415,-0.1627,-0.4022,-0.6062
48.00,49.27,49.28,0,-2.49456,0,|r_aux|,cross-domain,0.0000,0.0000,3.624,0,-2.49456,0,0.3014,1.273,1.166,0,-0.1328,-0.02425,0.8853,0.6103,0.4497
48.40,49.67,49.68,0,-2.69516,0,|r_aux|,cross-domain,0.0000,0.0000,5.344,0,-2.69516,0,0.8611,0.9534,1.124,0,-0.4342,-0.1256,0.3233,-0.6872,-0.3711
48.80,50.07,50.08,0,-2.81676,0,|r_aux|,cross-domain,0.0000,0.0000,4.231,0,-2.81676,0,0.7462,0.9119,2.04,0,-0.1891,-0.08687,0.5156,-0.6174,-0.6087
49.20,50.47,50.48,0,-3.04976,0,|r_aux|,cross-domain,0.0000,0.0000,4.666,0,-3.04976,0,0.5597,1.217,0.512,0,0.07638,-0.2138,0.6311,-0.9574,-0.3053
49.60,50.87,50.88,0,-3.01019,0,|r_bal|,cross-domain,0.0000,0.0000,4.493,0,-3.01019,0,1.048,0.886,0.2322,0,0.7252,-0.4664,0.02928,-0.1871,-0.4436
50.00,51.27,51.28,0,-3.00461,0,|r_bal|,cross-domain,0.0000,0.0000,4.086,0,-3.00461,0,1.177,0.8054,1.669,0,0.7492,-0.8231,-0.126,-0.187,-0.497
50.40,51.67,51.68,0,-3.06810,0,|r_bal|,cross-domain,0.0000,0.0000,5.315,0,-3.06810,0,1.335,1.133,1.205,0,0.6026,-0.9764,0.3349,-0.7195,0.2594
50.80,52.07,52.08,0,-2.72687,0,|r_bal|,cross-domain,0.0000,0.0000,5.782,0,-2.72687,0,0.9472,0.8009,0.9735,0,0.06631,-0.8235,0.05168,-0.07346,-0.7267
51.20,52.47,52.48,0,-2.63727,0,|r_bal|,cross-domain,0.0000,0.0000,4.817,0,-2.63727,0,0.8898,0.8501,2.373,0,-0.2609,-0.6298,0.1833,-0.2422,-0.5794
51.60,52.87,52.88,0,-2.28379,0,|r_aux|,cross-domain,0.0000,0.0000,5.250,0,-2.28379,0,0.7319,1.139,0.9138,0,-0.2422,0.07933,0.5992,0.7462,-0.7469
52.00,53.27,53.28,0,-2.08123,0,e_rec,cross-domain,0.0000,0.0000,4.182,0,-2.08123,0,1.062,0.837,0.5907,0,0.008041,1.411,0.162,1.433,-0.4884
52.40,53.67,53.68,0,-2.52074,0,|r_bal|,cross-domain,0.0000,0.0000,4.531,0,-2.52074,0,0.9472,0.828,1.969,0,0.2493,2.83,0.0988,0.3265,-0.5058
52.80,54.07,54.08,0,-2.33670,0,|r_bal|,cross-domain,0.0000,0.0000,4.154,0,-2.33670,0,1.55,1.155,0.9593,0,0.1396,3.277,0.5249,0.1582,-0.4951
53.20,54.47,54.48,0,-2.50184,0,|r_bal|,cross-domain,0.0000,0.0000,4.464,0,-2.50184,0,1.492,0.8357,0.7928,0,0.0006744,2.099,0.01151,-0.1964,-0.1846
53.60,54.87,54.88,0,-2.63812,0,|r_bal|,cross-domain,0.0000,0.0000,3.814,0,-2.63812,0,1.033,0.8309,2.127,0,0.06052,0.8004,0.08984,-0.08464,-0.4705
54.00,55.27,55.28,0,-2.68687,0,|r_aux|,cross-domain,0.0000,0.0000,3.733,0,-2.68687,0,0.6458,1.152,1.062,0,-0.4161,0.07703,0.5363,-0.6194,-0.4801
54.40,55.67,55.68,0,-2.58194,0,|r_aux|,cross-domain,0.0000,0.0000,3.798,0,-2.58194,0,0.2583,0.7563,0.7497,0,-0.2465,0.1516,-0.1799,0.2602,-0.8369
54.80,56.07,56.08,0,-3.11999,0,|r_aux|,cross-domain,0.0000,0.0000,4.775,0,-3.11999,0,0.3444,0.6373,2.226,0,-0.1222,4.458e-05,-0.5802,-1.216,-0.6248
55.20,56.47,56.48,0,-2.78721,0,|r_aux|,cross-domain,0.0000,0.0000,3.830,0,-2.78721,0,0.5597,1.02,0.9969,0,0.5025,0.091,0.02074,0.3314,-0.3852
55.60,56.87,56.88,0,-2.56175,0,e_rec,cross-domain,0.0000,0.0000,4.181,0,-2.56175,0,0.7893,0.8086,0.7559,0,0.8867,1.15,-0.3069,1.297,-0.4494
56.00,57.27,57.28,0,-2.86817,0,|r_aux|,cross-domain,0.0000,0.0000,3.721,0,-2.86817,0,1.091,1.095,2.061,0,0.5915,1.922,-0.1781,-0.487,-0.6268
56.40,57.67,57.68,0,-3.16173,0,|r_aux|,cross-domain,0.0000,0.0000,3.851,0,-3.16173,0,0.9328,1.315,0.7439,0,0.5635,1.96,0.3941,-1.281,-0.3551
56.80,58.07,58.08,0,-2.74331,0,|r_aux|,cross-domain,0.0000,0.0000,3.712,0,-2.74331,0,0.8467,0.9086,0.6414,0,0.1597,0.369,-0.06617,-0.164,-0.6518
57.20,58.47,58.48,0,-3.19236,0,|r_bal|,cross-domain,0.0000,0.0000,3.597,0,-3.19236,0,0.8467,0.7235,1.9,0,0.4556,-0.8931,-0.009264,-0.8341,-0.6647
57.60,58.87,58.88,0,-2.73617,0,|r_aux|,cross-domain,0.0000,0.0000,5.241,0,-2.73617,0,1.019,1.08,0.7263,0,0.3384,-1.071,0.1799,0.1191,-0.1171
58.00,59.27,59.28,0,-2.87637,0,|r_bal|,cross-domain,0.0000,0.0000,3.915,0,-2.87637,0,0.8324,0.7467,0.7253,0,0.1836,-0.1296,-0.2309,-0.382,-0.6648
58.40,59.67,59.68,0,-2.68726,0,|r_bal|,cross-domain,0.0000,0.0000,4.578,0,-2.68726,0,1.335,0.7879,2.46,0,0.1611,0.5909,-0.09657,-0.2682,-0.2021
58.80,60.07,60.08,0,-2.84818,0,|r_bal|,cross-domain,0.0000,0.0000,4.141,0,-2.84818,0,1.234,1.109,1.313,0,0.2221,0.7749,0.4141,-0.73,-0.4494
59.20,60.47,60.48,0,-2.27411,0,|r_bal|,cross-domain,0.0000,0.0000,4.009,0,-2.27411,0,1.837,0.8693,0.9234,0,0.291,0.4314,-0.2127,0.7245,-0.638
59.60,60.87,60.88,0,-2.89715,0,|r_bal|,cross-domain,0.0000,0.0000,4.121,0,-2.89715,0,1.579,1.039,1.94,0,0.7758,0.4339,-0.4717,-0.4999,-0.6811
60.00,61.27,61.28,0,-2.50348,0,|r_bal|,cross-domain,0.0000,0.0000,3.562,0,-2.50348,0,1.607,1.296,0.7292,0,0.09563,0.8581,0.1576,-0.3018,-0.3934
60.40,61.67,61.68,0,-2.39949,0,e_rec,cross-domain,0.0000,0.0000,3.843,0,-2.39949,0,1.119,0.9198,0.728,0,0.7186,0.8932,-0.1935,1.29,-0.8433
60.80,62.07,62.08,0,-2.96755,0,e_rec,cross-domain,0.0000,0.0000,5.108,0,-2.96755,0,0.818,0.7839,2.147,0,1.272,0.6881,0.03164,0.6862,-0.7217
61.20,62.47,62.48,0,-2.84690,0,|r_aux|,cross-domain,0.0000,0.0000,4.925,0,-2.84690,0,0.9615,1.137,0.7631,0,1.226,0.4307,0.3271,0.777,-0.5083
61.60,62.87,62.88,0,-2.97574,0,|r_bal|,cross-domain,0.0000,0.0000,4.677,0,-2.97574,0,0.9902,0.7322,0.7597,0,0.8269,0.4008,-0.3443,0.003189,-0.3958
62.00,63.27,63.28,0,-3.02750,0,|r_bal|,cross-domain,0.0000,0.0000,3.925,0,-3.02750,0,0.9472,0.549,2.341,0,0.05641,0.641,-0.5502,-1.12,-0.6542
62.40,63.67,63.68,0,-2.80096,0,|r_bal|,cross-domain,0.0000,0.0000,4.065,0,-2.80096,0,1.134,1.002,1.279,0,-0.009325,0.3268,0.1184,-0.7893,-0.8584
62.80,64.07,64.08,0,-2.56478,0,e_rec,cross-domain,0.0000,0.0000,4.159,0,-2.56478,0,0.8467,0.6437,0.9918,0,0.335,0.03658,-0.3651,0.7393,-0.7322
63.20,64.47,64.48,0,-3.39622,0,|r_bal|,cross-domain,0.0000,0.0000,3.720,0,-3.39622,0,1.005,0.6801,2.212,0,1.479,-0.4416,-0.4439,-0.2811,-0.08352
63.60,64.87,64.88,0,-3.53178,0,|r_bal|,cross-domain,0.0000,0.0000,2.952,0,-3.53178,0,1.177,1.04,1.043,0,2.196,-0.2532,0.04204,-0.04071,-0.6195
64.00,65.27,65.28,0,-3.51789,0,|r_bal|,cross-domain,0.0000,0.0000,5.560,0,-3.51789,0,1.363,0.7804,0.8481,0,1.941,0.5286,-0.5578,-0.4806,-0.4222
64.40,65.67,65.68,0,-2.96878,0,|r_bal|,cross-domain,0.0000,0.0000,4.386,0,-2.96878,0,1.449,1.036,2.084,0,1.584,1.201,-0.3787,0.371,-0.5044
64.80,66.07,66.08,0,-2.47077,0,|r_aux|,cross-domain,0.0000,0.0000,4.665,0,-2.47077,0,1.263,1.249,1.069,0,0.5601,1.408,0.2321,0.6125,-0.2887
65.20,66.47,66.48,0,-2.83163,0,|r_aux|,cross-domain,0.0000,0.0000,3.958,0,-2.83163,0,0.7462,0.7878,0.803,0,-0.3519,1.412,-0.2261,-1.114,-0.7737
65.60,66.87,66.88,0,-2.54026,0,|r_bal|,cross-domain,0.0000,0.0000,4.187,0,-2.54026,0,1.335,0.571,2.227,0,-0.04353,1.187,-0.3237,-0.1074,-0.7636
66.00,67.27,67.28,0,-2.84503,0,|r_bal|,cross-domain,0.0000,0.0000,3.908,0,-2.84503,0,1.363,1.004,0.9863,0,-0.104,0.5529,-0.06832,-1.219,-0.3092
66.40,67.67,67.68,0,-2.83970,0,|r_bal|,cross-domain,0.0000,0.0000,3.669,0,-2.83970,0,1.162,0.7502,0.6284,0,-0.1169,-0.3314,-0.2194,-0.8529,-0.5813
66.80,68.07,68.08,0,-3.30563,0,|r_aux|,cross-domain,0.0000,0.0000,7.636,0,-3.30563,0,0.4736,0.9366,2.198,0,0.4151,-1.07,-0.007876,-1.116,-0.8344
67.20,68.47,68.48,0,-2.76088,0,|r_aux|,cross-domain,0.0000,0.0000,5.088,0,-2.76088,0,0.8467,1.221,0.9339,0,-0.1898,-0.9471,0.4958,-0.6073,-0.5108
67.60,68.87,68.88,0,-2.71812,0,|r_bal|,cross-domain,0.0000,0.0000,4.708,0,-2.71812,0,0.9615,0.8289,0.6481,0,0.09575,-1.127,-0.1597,-0.02541,-0.5128
68.00,69.27,69.28,0,-2.17852,0,e_rec,cross-domain,0.0000,0.0000,4.026,0,-2.17852,0,1.32,0.6989,1.859,0,-0.2072,-1.149,-0.4695,0.9425,-0.4778
68.40,69.67,69.68,0,-1.84823,0,e_rec,cross-domain,0.0000,0.0000,4.123,0,-1.84823,0,1.019,1.073,0.9465,0,-0.4086,-1.423,0.03217,1.729,-0.767
68.80,70.07,70.08,0,-2.78436,0,|r_bal|,cross-domain,0.0000,0.0000,4.319,0,-2.78436,0,1.378,0.6569,0.9008,0,0.1681,-1.166,-0.551,-0.3608,-0.4646
69.20,70.47,70.48,0,-2.61098,0,|r_bal|,cross-domain,0.0000,0.0000,3.740,0,-2.61098,0,1.421,0.5321,2.258,0,-0.2032,-0.9568,-0.7256,-0.3569,-0.3836
69.60,70.87,70.88,0,-2.84611,0,|r_bal|,cross-domain,0.0000,0.0000,4.167,0,-2.84611,0,1.148,0.9843,1.094,0,0.01919,-0.3175,-0.1098,-0.8493,-0.8431
70.00,71.27,71.28,0,-2.85331,0,|r_bal|,cross-domain,0.0000,0.0000,5.155,0,-2.85331,0,0.6314,0.5965,1.337,0,0.112,0.3246,-0.5991,-0.3212,-0.7671
70.40,71.67,71.68,0,-3.19693,0,|r_bal|,cross-domain,0.0000,0.0000,4.155,0,-3.19693,0,0.8754,0.5843,2.683,0,0.4767,0.9907,-0.5356,-1.096,-0.7215
70.80,72.07,72.08,0,-3.37770,0,|r_aux|,cross-domain,0.0000,0.0000,4.384,0,-3.37770,0,0.818,0.9898,1.321,0,1.348,0.7474,-0.03972,-0.5746,-0.7398
71.20,72.47,72.48,0,-2.93455,0,|r_bal|,cross-domain,0.0000,0.0000,3.498,0,-2.93455,0,0.8898,0.5736,0.8919,0,0.5165,-0.01233,-0.5667,-0.1264,-0.6911
71.60,72.87,72.88,0,-3.47989,0,|r_bal|,cross-domain,0.0000,0.0000,3.839,0,-3.47989,0,0.6458,0.5503,2.345,0,0.9163,-1.001,-0.3872,-0.912,-0.807
72.00,73.27,73.28,0,-3.38966,0,|r_bal|,cross-domain,0.0000,0.0000,3.928,0,-3.38966,0,1.119,0.9474,1.281,0,1.211,-1.116,0.179,-0.6252,0.1901
72.40,73.67,73.68,0,-3.34386,0,|r_bal|,cross-domain,0.0000,0.0000,3.514,0,-3.34386,0,1.292,0.6171,1.27,0,1.393,-1.193,-0.06651,-0.2184,-0.3424
72.80,74.07,74.08,0,-3.00359,0,|r_bal|,cross-domain,0.0000,0.0000,3.844,0,-3.00359,0,1.492,0.9622,2.716,0,0.6035,-0.7432,0.08075,-0.6771,-0.5436
73.20,74.47,74.48,0,-2.66411,0,|r_bal|,cross-domain,0.0000,0.0000,5.228,0,-2.66411,0,1.392,1.22,1.38,0,0.2969,-0.4782,0.4594,-0.1405,-0.8858
73.60,74.87,74.88,0,-2.64880,0,|r_aux|,cross-domain,0.0000,0.0000,4.330,0,-2.64880,0,0.7749,0.8078,1.233,0,-0.1876,-0.03188,-0.2847,-0.2327,-0.6764
74.00,75.27,75.28,0,-2.88604,0,|r_aux|,cross-domain,0.0000,0.0000,4.448,0,-2.88604,0,0.574,0.6118,2.328,0,-0.0479,0.4465,-0.6428,-0.6028,-0.227
74.40,75.67,75.68,0,-3.23461,0,|r_aux|,cross-domain,0.0000,0.0000,4.008,0,-3.23461,0,0.7462,1.032,0.814,0,0.4321,0.5241,-0.07546,-1.298,-0.6368
74.80,76.07,76.08,0,-2.22610,0,e_rec,cross-domain,0.0000,0.0000,4.244,0,-2.22610,0,0.6888,0.7257,0.5329,0,0.5712,0.5672,-0.265,2.074,-0.5443
75.20,76.47,76.48,0,-2.72613,0,|r_bal|,cross-domain,0.0000,0.0000,3.699,0,-2.72613,0,1.177,0.8503,2.255,0,0.1737,-0.0795,-0.1369,-0.2559,-0.5804
75.60,76.87,76.88,0,-2.70870,0,|r_aux|,cross-domain,0.0000,0.0000,3.804,0,-2.70870,0,0.6601,1.14,1.266,0,-0.4392,-0.4676,0.232,-0.7086,-0.3535
76.00,77.27,77.28,0,-2.16287,0,e_rec,cross-domain,0.0000,0.0000,4.606,0,-2.16287,0,0.7606,0.7027,1.216,0,0.0187,0.1152,-0.3664,1.51,-0.7936
76.40,77.67,77.68,0,-2.97614,0,|r_bal|,cross-domain,0.0000,0.0000,4.677,0,-2.97614,0,0.6314,0.5963,1.909,0,0.9276,0.77,-0.5836,0.3386,-0.5566
76.80,78.07,78.08,0,-2.61739,0,e_rec,cross-domain,0.0000,0.0000,4.472,0,-2.61739,0,0.9041,1.009,1.097,0,0.7646,0.9026,-0.08952,0.8013,-0.862
77.20,78.47,78.48,0,-2.77760,0,e_rec,cross-domain,0.0000,0.0000,3.587,0,-2.77760,0,0.6745,0.6292,0.8887,0,1.399,-0.1506,-0.6189,1.6,-0.7079
77.60,78.87,78.88,0,-3.03057,0,|r_bal|,cross-domain,0.0000,0.0000,3.910,0,-3.03057,0,0.7749,0.5553,2.361,0,0.3472,-0.7719,-0.4871,-0.4622,-0.7203
78.00,79.27,79.28,0,-2.91909,0,|r_aux|,cross-domain,0.0000,0.0000,4.581,0,-2.91909,0,0.2727,1.007,1.101,0,0.2265,-0.8794,0.1597,-0.08422,-0.4937
78.40,79.67,79.68,0,-2.69974,0,e_rec,cross-domain,0.0000,0.0000,3.571,0,-2.69974,0,0.6745,0.6163,0.7751,0,0.7022,-0.6611,-0.3391,1.057,-0.575
78.80,80.07,80.08,0,-3.22101,0,|r_aux|,cross-domain,0.0000,0.0000,4.226,0,-3.22101,0,0.5453,0.6953,2.204,0,0.3044,-0.4084,-0.3606,-1.052,-0.9114
79.20,80.47,80.48,0,-2.98701,0,|r_aux|,cross-domain,0.0000,0.0000,5.315,0,-2.98701,0,0.7175,1.034,1.147,0,0.3918,-0.3068,0.07561,-0.4167,0.2425
79.60,80.87,80.88,0,-2.96789,0,|r_bal|,cross-domain,0.0000,0.0000,4.347,0,-2.96789,0,0.8754,0.6544,1.101,0,0.09374,0.7149,-0.2743,-0.8569,-0.7452
80.00,81.27,81.28,0,-2.75978,0,|r_bal|,cross-domain,0.0000,0.0000,4.493,0,-2.75978,0,1.55,0.78,2.283,0,0.4433,1.42,-0.2356,-0.4167,-0.8091
80.40,81.67,81.68,0,-2.11804,0,|r_bal|,cross-domain,0.0000,0.0000,4.007,0,-2.11804,0,1.88,1.118,0.904,0,0.4376,1.314,0.09139,1.127,-0.7746
80.80,82.07,82.08,0,-2.86449,0,|r_bal|,cross-domain,0.0000,0.0000,3.810,0,-2.86449,0,2.038,0.6956,0.9503,0,0.6547,0.1585,-0.6039,-0.6107,-0.7285
81.20,82.47,82.48,0,-2.74222,0,|r_bal|,cross-domain,0.0000,0.0000,3.980,0,-2.74222,0,1.249,0.5234,2.092,0,-0.3718,-0.5748,-0.5626,-0.8548,-0.3944
81.60,82.87,82.88,0,-2.87764,0,|r_aux|,cross-domain,0.0000,0.0000,3.743,0,-2.87764,0,0.531,0.9873,1.258,0,-0.0679,-0.6076,0.09268,-0.5689,-0.7209
82.00,83.27,83.28,0,-2.81781,0,|r_aux|,cross-domain,0.0000,0.0000,3.889,0,-2.81781,0,0.1435,0.5398,0.9288,0,-0.1757,-0.6716,-0.1586,-0.0111,-0.7213
82.40,83.67,83.68,0,-3.40150,0,|r_aux|,cross-domain,0.0000,0.0000,5.046,0,-3.40150,0,0.3444,0.3957,1.84,0,0.4457,-0.7546,0.03788,-0.9104,-0.6088
82.80,84.07,84.08,0,-3.38831,0,|r_aux|,cross-domain,0.0000,0.0000,4.182,0,-3.38831,0,0.6458,0.8323,0.6486,0,0.9193,-0.8104,0.3567,-0.6013,0.1833
83.20,84.47,84.48,0,-3.24974,0,|r_bal|,cross-domain,0.0000,0.0000,4.278,0,-3.24974,0,1.263,0.4989,0.5857,0,0.8439,-0.2787,-0.1568,-0.7033,-0.7419
83.60,84.87,84.88,0,-2.73186,0,|r_bal|,cross-domain,0.0000,0.0000,3.978,0,-2.73186,0,1.177,0.9009,2.208,0,0.3299,0.246,-0.3332,-0.1602,-0.2594
84.00,85.27,85.28,0,-2.52751,0,|r_aux|,cross-domain,0.0000,0.0000,4.213,0,-2.52751,0,0.7606,1.178,1.435,0,0.195,0.02528,0.08599,0.4487,-0.6781
84.40,85.67,85.68,0,-2.18791,0,e_rec,cross-domain,0.0000,0.0000,3.519,0,-2.18791,0,0.4879,0.7242,1.127,0,0.3375,-0.1147,-0.4323,2.037,-0.7443
84.80,86.07,86.08,0,-3.43874,0,|r_aux|,cross-domain,0.0000,0.0000,3.789,0,-3.43874,0,0.4449,0.4696,2.712,0,0.5014,-0.5049,-0.2019,-1.169,-0.7538
85.20,86.47,86.48,0,-3.49154,0,|r_aux|,cross-domain,0.0000,0.0000,3.240,0,-3.49154,0,0.6745,0.9598,1.496,0,0.7939,-0.4775,0.4056,-1.263,-0.4354
85.60,86.87,86.88,0,-3.19158,0,|r_aux|,cross-domain,0.0000,0.0000,4.903,0,-3.19158,0,0.6458,0.6224,1.202,0,0.2258,-0.6563,0.0669,-0.9392,-0.7784
86.00,87.27,87.28,0,-3.32378,0,|r_aux|,cross-domain,0.0000,0.0000,4.575,0,-3.32378,0,0.2296,0.8048,2.263,0,0.4942,-0.7806,-0.1034,-0.8307,-0.2453
86.40,87.67,87.68,0,-3.12578,0,|r_aux|,cross-domain,0.0000,0.0000,3.578,0,-3.12578,0,-0.0287,1.108,0.5943,0,-0.02215,-0.7929,0.1623,-0.8695,-0.173
86.80,88.07,88.08,0,-2.79976,0,|r_qp|,cross-domain,0.0000,0.0000,3.858,0,-2.79976,0,-0.3301,0.647,0.3003,0,-0.5445,0.1623,-0.6157,-0.3936,-0.8231
87.20,88.47,88.48,0,-2.70161,0,|r_qp|,cross-domain,0.0000,0.0000,3.964,0,-2.70161,0,0.244,0.4978,1.571,0,-0.6662,1.427,-0.5581,-0.6239,0.2816
87.60,88.87,88.88,0,-1.96223,0,e_rec,cross-domain,0.0000,0.0000,3.863,0,-1.96223,0,0.5023,0.9629,0.8295,0,-0.04637,1.681,0.1207,1.948,-0.5201
88.00,89.27,89.28,0,-3.13300,0,|r_bal|,cross-domain,0.0000,0.0000,3.645,0,-3.13300,0,0.6171,0.529,0.784,0,1.029,0.4437,-0.2987,0.1599,-0.8661
88.40,89.67,89.68,0,-3.67620,0,|r_bal|,cross-domain,0.0000,0.0000,5.206,0,-3.67620,0,0.9041,0.3198,2.186,0,1.845,-0.6302,-0.3478,-0.2912,-0.3703
88.80,90.07,90.08,0,-3.71864,0,|r_aux|,cross-domain,0.0000,0.0000,4.526,0,-3.71864,0,0.5884,0.8736,1.06,0,1.593,-1.009,0.2715,-0.7311,-0.474
89.20,90.47,90.48,0,-3.77779,0,|r_bal|,cross-domain,0.0000,0.0000,4.430,0,-3.77779,0,0.9185,0.4092,0.6415,0,1.419,-0.9436,-0.2502,-1.168,-0.8387
89.60,90.87,90.88,0,-3.22605,0,|r_bal|,cross-domain,0.0000,0.0000,4.099,0,-3.22605,0,0.6745,0.3959,2.002,0,-0.03441,-1.07,0.0205,-1.215,-0.721
90.00,91.27,91.28,0,-2.52325,0,|r_aux|,cross-domain,0.0000,0.0000,3.905,0,-2.52325,0,0.8754,0.8626,0.8532,0,-0.03995,-1.12,0.4503,0.5295,-0.5052
90.40,91.67,91.68,0,-2.56824,0,|r_qp|,cross-domain,0.0000,0.0000,4.102,0,-2.56824,0,0.6314,0.4055,1.033,0,-0.3771,-0.8709,-0.04011,0.2737,-0.7979
90.80,92.07,92.08,0,-3.02415,0,|r_aux|,cross-domain,0.0000,0.0000,3.829,0,-3.02415,0,0.574,0.7327,2.457,0,-0.2315,-0.8108,-0.1619,-1.112,-0.6298
91.20,92.47,92.48,0,-3.03288,0,|r_aux|,cross-domain,0.0000,0.0000,3.882,0,-3.03288,0,0.3588,1.067,1.049,0,-0.1598,-0.5595,0.3663,-1.046,-0.9125
91.60,92.87,92.88,0,-2.90099,0,|r_bal|,cross-domain,0.0000,0.0000,5.146,0,-2.90099,0,0.7175,0.6078,0.705,0,-0.2557,-0.2082,-0.05679,-0.8169,-0.7289
92.00,93.27,93.28,0,-2.60122,0,|r_bal|,cross-domain,0.0000,0.0000,3.944,0,-2.60122,0,0.9185,0.4221,2.018,0,-0.1482,0.4211,0.2718,0.194,-0.442
92.40,93.67,93.68,0,-3.22681,0,|r_aux|,cross-domain,0.0000,0.0000,4.391,0,-3.22681,0,0.7032,0.9237,0.7865,0,0.6268,0.6619,0.5283,-0.8108,-0.6893
92.80,94.07,94.08,0,-2.53782,0,e_rec,cross-domain,0.0000,0.0000,4.093,0,-2.53782,0,0.6745,0.5112,0.7689,0,0.7984,0.297,-0.1276,1.655,-0.6893
93.20,94.47,94.48,0,-3.68554,0,|r_bal|,cross-domain,0.0000,0.0000,4.213,0,-3.68554,0,1.205,0.6967,1.872,0,1.547,-0.09578,-0.4263,-1.261,-0.6619
93.60,94.87,94.88,0,-2.70293,0,|r_bal|,cross-domain,0.0000,0.0000,3.934,0,-2.70293,0,1.234,1.038,0.7134,0,0.6552,-0.4171,0.03212,0.3947,-0.3334
94.00,95.27,95.28,0,-2.95647,0,|r_bal|,cross-domain,0.0000,0.0000,3.674,0,-2.95647,0,1.062,0.5732,0.2413,0,0.2356,0.598,-0.4474,-0.7142,-0.7679
94.40,95.67,95.68,0,-2.56275,0,|r_qp|,cross-domain,0.0000,0.0000,3.888,0,-2.56275,0,-0.1005,0.4543,1.645,0,-1.117,1.247,-0.1515,-0.5262,-0.9332
94.80,96.07,96.08,0,-2.62800,0,|r_qp|,cross-domain,0.0000,0.0000,5.287,0,-2.62800,0,-0.01435,0.9484,0.5006,0,-0.6492,1.239,0.3485,-0.3614,-0.7146
95.20,96.47,96.48,0,-3.04469,0,|r_bal|,cross-domain,0.0000,0.0000,4.640,0,-3.04469,0,0.8898,0.5138,0.7093,0,0.2481,0.4516,0.09691,-0.6701,-0.6172
95.60,96.87,96.88,0,-3.13832,0,|r_bal|,cross-domain,0.0000,0.0000,4.045,0,-3.13832,0,1.622,0.4758,1.989,0,0.8997,-0.1562,0.1316,-0.5075,-0.8498
96.00,97.27,97.28,0,-2.52129,0,e_rec,cross-domain,0.0000,0.0000,3.778,0,-2.52129,0,1.823,0.9661,0.7577,0,1.209,-0.2354,0.5124,1.385,-0.4659
96.40,97.67,97.68,0,-2.88494,0,|r_bal|,cross-domain,0.0000,0.0000,4.032,0,-2.88494,0,1.421,0.4878,0.7003,0,0.5775,-0.438,0.09479,0.005557,-0.6302
96.80,98.07,98.08,0,-3.00735,0,|r_bal|,cross-domain,0.0000,0.0000,3.854,0,-3.00735,0,1.349,0.424,2.15,0,0.683,-0.5942,-0.0005114,-0.1598,-0.739
97.20,98.47,98.48,0,-3.03266,0,|r_bal|,cross-domain,0.0000,0.0000,3.605,0,-3.03266,0,1.449,0.8759,1.064,0,0.3344,-0.6337,0.6528,-0.8948,-0.5679
97.60,98.87,98.88,0,-2.68455,0,|r_bal|,cross-domain,0.0000,0.0000,3.150,0,-2.68455,0,1.005,0.4426,0.6424,0,-0.3662,-0.9134,-0.1642,-0.3162,-0.4412
98.00,99.27,99.28,0,-2.15556,0,e_rec,cross-domain,0.0000,0.0000,4.320,0,-2.15556,0,0.574,0.7388,1.715,0,-0.6723,-1.047,-0.3276,0.892,-0.3921
98.40,99.67,99.68,0,-2.76190,0,|r_aux|,cross-domain,0.0000,0.0000,4.385,0,-2.76190,0,0.5453,1.072,0.5183,0,-0.3071,-1.056,0.1218,-0.5361,-0.7251
98.80,100.07,100.08,0,-2.76058,0,|r_bal|,cross-domain,0.0000,0.0000,3.838,0,-2.76058,0,0.8611,0.6146,0.6823,0,-0.05798,-0.8459,-0.2431,-0.1881,-0.4763
99.20,100.47,100.48,0,-3.61482,0,|r_bal|,cross-domain,0.0000,0.0000,3.740,0,-3.61482,0,0.8611,0.4307,1.991,0,1.04,-0.4334,0.09723,-1.13,-0.2359
99.60,100.87,100.88,0,-3.50165,0,|r_bal|,cross-domain,0.0000,0.0000,3.889,0,-3.50165,0,1.378,0.9231,0.9563,0,1.404,-0.2843,0.5131,-0.9499,-0.8196
100.00,101.27,101.28,0,-3.16058,0,|r_bal|,cross-domain,0.0000,0.0000,3.633,0,-3.16058,0,1.148,0.4848,0.6218,0,1.619,-0.3568,0.1961,0.7373,-0.8148
100.40,101.67,101.68,0,-3.06400,0,|r_bal|,cross-domain,0.0000,0.0000,3.819,0,-3.06400,0,1.536,0.494,1.835,0,1.114,-0.7304,0.2221,0.133,-0.7654
100.80,102.07,102.08,0,-2.74353,0,|r_bal|,cross-domain,0.0000,0.0000,5.372,0,-2.74353,0,1.292,0.932,0.9183,0,0.4538,-1.104,0.7317,0.239,-0.8057
101.20,102.47,102.48,0,-2.76098,0,|r_bal|,cross-domain,0.0000,0.0000,4.041,0,-2.76098,0,1.162,0.4844,1.074,0,0.2697,-0.6883,0.124,0.2008,-0.1963
101.60,102.87,102.88,0,-2.81426,0,e_rec,cross-domain,0.0000,0.0000,4.330,0,-2.81426,0,0.5884,0.498,2.373,0,0.7099,-0.03644,0.1514,0.8471,-0.8807
102.00,103.27,103.28,0,-3.12674,0,|r_aux|,cross-domain,0.0000,0.0000,4.009,0,-3.12674,0,0.5023,0.9678,1.068,0,0.4213,0.3163,0.5449,-0.6524,-0.8379
102.40,103.67,103.68,0,-2.99471,0,|r_aux|,cross-domain,0.0000,0.0000,4.127,0,-2.99471,0,0.5166,0.5207,0.9992,0,0.2944,0.2701,-0.0979,-0.2583,-0.8129
102.80,104.07,104.08,0,-2.64787,0,|r_bal|,cross-domain,0.0000,0.0000,3.685,0,-2.64787,0,0.8754,0.5989,2.398,0,-0.3092,0.1231,-0.1467,-0.3238,-0.7108
103.20,104.47,104.48,0,-2.98441,0,|r_bal|,cross-domain,0.0000,0.0000,3.559,0,-2.98441,0,1.177,1.018,1.116,0,0.3773,0.1048,0.3549,-0.7821,-0.808
103.60,104.87,104.88,0,-2.41931,0,|r_bal|,cross-domain,0.0000,0.0000,3.885,0,-2.41931,0,1.421,0.573,0.7955,0,-0.6745,0.2281,-0.2104,-0.4676,-0.7064
104.00,105.27,105.28,0,-2.77385,0,|r_bal|,cross-domain,0.0000,0.0000,5.223,0,-2.77385,0,1.162,0.62,2.277,0,0.09511,0.2827,-0.2367,-0.3662,-0.1342
104.40,105.67,105.68,0,-2.64488,0,|r_aux|,cross-domain,0.0000,0.0000,4.869,0,-2.64488,0,0.9185,0.9777,0.9885,0,0.3077,0.4897,0.1399,0.234,-0.8592
104.80,106.07,106.08,0,-2.85332,0,|r_bal|,cross-domain,0.0000,0.0000,4.120,0,-2.85332,0,0.8467,0.5432,1.218,0,0.5111,0.4609,-0.2352,0.1929,-0.2529
105.20,106.47,106.48,0,-2.92826,0,|r_bal|,cross-domain,0.0000,0.0000,4.012,0,-2.92826,0,1.076,0.5601,2.366,0,0.8969,0.148,-0.2731,0.3493,0.1155
105.60,106.87,106.88,0,-3.24909,0,|r_bal|,cross-domain,0.0000,0.0000,4.097,0,-3.24909,0,1.406,1.012,1.159,0,0.8125,-0.2049,0.1625,-1.142,-0.7697
106.00,107.27,107.28,0,-3.07392,0,|r_bal|,cross-domain,0.0000,0.0000,3.726,0,-3.07392,0,0.8467,0.5832,0.813,0,0.8393,-0.8408,-0.2032,0.09921,-0.4585
106.40,107.67,107.68,0,-2.62051,0,e_rec,cross-domain,0.0000,0.0000,3.541,0,-2.62051,0,0.7175,0.4243,1.887,0,0.1739,-0.8552,-0.04316,0.7583,-0.7351
106.80,108.07,108.08,0,-2.96114,0,|r_aux|,cross-domain,0.0000,0.0000,2.865,0,-2.96114,0,0.818,0.9412,0.8488,0,0.07619,-0.6314,0.384,-0.7026,-0.5607
107.20,108.47,108.48,0,-3.15636,0,|r_bal|,cross-domain,0.0000,0.0000,4.906,0,-3.15636,0,1.55,0.4612,0.6453,0,0.9799,-0.0424,-0.2903,-0.4762,-0.8272
107.60,108.87,108.88,0,-3.48999,0,|r_bal|,cross-domain,0.0000,0.0000,4.207,0,-3.48999,0,1.378,0.3552,2.025,0,1.575,0.2251,-0.1377,-0.4958,-0.4943
108.00,109.27,109.28,0,-3.01574,0,|r_bal|,cross-domain,0.0000,0.0000,3.910,0,-3.01574,0,1.736,0.8878,1.06,0,1.886,-0.03262,0.6137,0.9197,-0.4079
108.40,109.67,109.68,0,-2.37541,0,e_rec,cross-domain,0.0000,0.0000,3.622,0,-2.37541,0,1.277,0.4484,1.011,0,1.479,0.2309,0.7039,2.928,0.4738
108.80,110.07,110.08,0,-3.21550,0,|r_bal|,cross-domain,0.0000,0.0000,3.972,0,-3.21550,0,1.191,0.386,2.33,0,0.9835,0.4227,1.829,-0.003536,-0.8974
109.20,110.47,110.48,0,-3.12226,0,|r_bal|,cross-domain,0.0000,0.0000,3.505,0,-3.12226,0,1.564,0.9437,1.093,0,0.8412,0.6913,2.68,-0.3739,-0.8717
109.60,110.87,110.88,0,-3.04496,0,|r_bal|,cross-domain,0.0000,0.0000,3.777,0,-3.04496,0,1.091,0.3737,1.107,0,0.315,0.9473,1.802,-0.3106,-0.3491
110.00,111.27,111.28,0,-3.10826,0,|r_bal|,cross-domain,0.0000,0.0000,5.228,0,-3.10826,0,0.6458,0.6167,2.103,0,0.03216,0.9118,0.7876,-0.9027,0.5596
110.40,111.67,111.68,0,-2.13232,0,e_rec,cross-domain,0.0000,0.0000,4.151,0,-2.13232,0,0.7893,0.999,0.7553,0,-0.393,0.6228,0.4413,0.9748,-0.5134
110.80,112.07,112.08,0,-2.87506,0,|r_bal|,cross-domain,0.0000,0.0000,4.414,0,-2.87506,0,1.105,0.4938,0.485,0,-0.1485,0.2168,-0.09592,-0.8356,-0.7693
111.20,112.47,112.48,0,-2.84707,0,|r_bal|,cross-domain,0.0000,0.0000,3.576,0,-2.84707,0,1.277,0.3825,1.678,0,0.6614,-0.3625,-0.2127,0.3501,0.04123
111.60,112.87,112.88,0,-2.94484,0,e_rec,cross-domain,0.0000,0.0000,3.952,0,-2.94484,0,1.177,0.8936,1.013,0,1.49,-0.1498,0.5499,0.9895,-0.2192
112.00,113.27,113.28,0,-3.79970,0,|r_bal|,cross-domain,0.0000,0.0000,3.806,0,-3.79970,0,0.8036,0.4166,0.5906,0,1.732,0.3524,0.03109,-0.8486,-0.8517
112.40,113.67,113.68,0,-3.76148,0,|r_aux|,cross-domain,0.0000,0.0000,3.578,0,-3.76148,0,-0.0287,0.461,1.839,0,1.141,0.6593,0.1056,-1.023,-0.6931
112.80,114.07,114.08,0,-2.74545,0,|r_aux|,cross-domain,0.0000,0.0000,4.180,0,-2.74545,0,-0.3444,0.9475,0.9482,0,-0.3626,1.265,0.3496,-0.1413,-0.948
113.20,114.47,114.48,0,-2.79302,0,|r_aux|,cross-domain,0.0000,0.0000,5.362,0,-2.79302,0,-0.1866,0.4578,0.7396,0,-0.2305,1.521,-0.1354,0.00296,-0.817
113.60,114.87,114.88,0,-2.94358,0,|r_bal|,cross-domain,0.0000,0.0000,4.403,0,-2.94358,0,0.6171,0.5297,1.838,0,-0.08047,1.843,0.118,-0.8271,-0.8068
114.00,115.27,115.28,0,-2.83635,0,|r_aux|,cross-domain,0.0000,0.0000,4.407,0,-2.83635,0,0.7606,1.007,0.728,0,0.1287,1.79,0.7918,-0.4752,-0.5588
114.40,115.67,115.68,0,-2.64055,0,|r_bal|,cross-domain,0.0000,0.0000,3.828,0,-2.64055,0,0.9902,0.5731,0.5297,0,-0.4689,0.5141,0.8715,-0.3881,-0.9518
114.80,116.07,116.08,0,-2.37368,0,|r_bal|,cross-domain,0.0000,0.0000,4.113,0,-2.37368,0,1.492,0.3479,2.127,0,-0.6676,-0.5405,1.894,0.2883,-0.7725
115.20,116.47,116.48,0,-2.35294,0,|r_bal|,cross-domain,0.0000,0.0000,3.611,0,-2.35294,0,1.507,0.9165,1.066,0,-0.3405,-0.8051,2.66,0.617,-0.3584
115.60,116.87,116.88,0,-2.63799,0,|r_bal|,cross-domain,0.0000,0.0000,3.801,0,-2.63799,0,1.952,0.3585,0.8341,0,0.3666,-0.7422,1.701,0.5758,-0.5018
116.00,117.27,117.28,0,-3.08453,0,|r_bal|,cross-domain,0.0000,0.0000,3.885,0,-3.08453,0,1.88,0.6746,1.948,0,0.5727,-0.2662,0.7568,-0.9417,-0.8972
116.40,117.67,117.68,0,-2.70471,0,|r_bal|,cross-domain,0.0000,0.0000,5.206,0,-2.70471,0,1.636,1.041,0.7978,0,-0.1927,-0.3984,0.5528,-0.9043,-0.669
116.80,118.07,118.08,0,-2.73438,0,e_rec,cross-domain,0.0000,0.0000,4.750,0,-2.73438,0,0.6314,0.5835,0.7911,0,0.3162,-0.5523,0.5012,0.6604,-0.6179
117.20,118.47,118.48,0,-2.48691,0,e_rec,cross-domain,0.0000,0.0000,3.821,0,-2.48691,0,0.3014,0.3171,1.997,0,-0.02339,-0.8902,1.378,1.606,0.2015
117.60,118.87,118.88,0,-3.30430,0,|r_aux|,cross-domain,0.0000,0.0000,4.239,0,-3.30430,0,0.04305,0.9329,1.06,0,0.05389,-0.9285,2.354,-0.8002,-0.7983
118.00,119.27,119.28,0,-2.42525,0,e_rec,cross-domain,0.0000,0.0000,4.165,0,-2.42525,0,0.9902,0.3906,0.8105,0,-0.2252,-0.8247,1.444,0.9871,-0.6492
118.40,119.67,119.68,0,-2.87405,0,|r_bal|,cross-domain,0.0000,0.0000,3.542,0,-2.87405,0,1.564,0.4805,2.09,0,0.2395,-0.6362,0.8763,-0.3179,-0.4498
118.80,120.07,120.08,0,-2.96438,0,|r_bal|,cross-domain,0.0000,0.0000,4.183,0,-2.96438,0,1.205,0.9277,1.169,0,1.105,-0.5441,0.8449,0.4656,-0.6085
119.20,120.47,120.48,0,-3.55280,0,|r_bal|,cross-domain,0.0000,0.0000,3.426,0,-3.55280,0,1.148,0.4109,1.014,0,1.408,0.4546,0.3338,-0.7199,-0.7984
119.60,120.87,120.88,0,-3.46814,0,|r_bal|,cross-domain,0.0000,0.0000,4.628,0,-3.46814,0,0.574,0.5175,2.171,0,1.039,1.162,0.06569,-0.8052,-0.7588
120.00,121.27,121.28,0,-2.66663,0,|r_aux|,cross-domain,0.0000,0.0000,4.381,0,-2.66663,0,0.6601,0.9935,0.7987,0,0.6017,1.403,0.3292,0.6466,-0.8703
120.40,121.67,121.68,0,-3.31932,0,|r_bal|,cross-domain,0.0000,0.0000,4.088,0,-3.31932,0,0.6888,0.4962,0.6844,0,0.7885,1.343,-0.2095,-0.7862,-0.4281
120.80,122.07,122.08,0,-2.90980,0,|r_bal|,cross-domain,0.0000,0.0000,4.145,0,-2.90980,0,0.7893,0.6091,2.231,0,0.1279,1.181,-0.01002,-0.575,-0.7805
121.20,122.47,122.48,0,-2.85944,0,|r_aux|,cross-domain,0.0000,0.0000,3.566,0,-2.85944,0,0.6171,1.028,1.321,0,0.1743,0.907,0.3468,-0.4195,-0.8312
121.60,122.87,122.88,0,-2.57292,0,|r_bal|,cross-domain,0.0000,0.0000,3.586,0,-2.57292,0,1.019,0.5389,0.9444,0,-0.03988,0.2092,-0.09801,0.2235,-0.6686
122.00,123.27,123.28,0,-3.22658,0,|r_bal|,cross-domain,0.0000,0.0000,6.251,0,-3.22658,0,0.9041,0.4392,2.081,0,0.2852,-0.06409,-0.09861,-1.029,0.6788
122.40,123.67,123.68,0,-3.01674,0,|r_bal|,cross-domain,0.0000,0.0000,5.216,0,-3.01674,0,0.9615,0.9044,0.8816,0,0.7026,0.3603,0.3723,-0.2218,-0.3231
122.80,124.07,124.08,0,-3.13709,0,|r_bal|,cross-domain,0.0000,0.0000,4.203,0,-3.13709,0,1.349,0.4444,0.7341,0,1.33,1.801,-0.01617,0.01905,-0.8008
123.20,124.47,124.48,0,-3.31447,0,|r_bal|,cross-domain,0.0000,0.0000,4.158,0,-3.31447,0,1.191,0.495,1.691,0,1.345,2.505,0.152,-0.4602,-0.5211
123.60,124.87,124.88,0,-3.05379,0,|r_aux|,cross-domain,0.0000,0.0000,3.816,0,-3.05379,0,0.9041,0.9853,0.7837,0,0.814,2.173,0.4718,-0.4086,-0.4856
124.00,125.27,125.28,0,-2.92494,0,|r_aux|,cross-domain,0.0000,0.0000,4.120,0,-2.92494,0,0.4449,0.5743,0.558,0,0.174,0.6008,1.114,0.06041,-0.2572
124.40,125.67,125.68,0,-2.69524,0,e_rec,cross-domain,0.0000,0.0000,3.621,0,-2.69524,0,0.818,0.3403,1.775,0,0.2958,-0.4383,2.854,1.406,1.57
124.80,126.07,126.08,0,-3.13886,0,|r_aux|,cross-domain,0.0000,0.0000,3.732,0,-3.13886,0,0.8754,0.9638,0.8752,0,0.1644,-0.7377,4.307,-0.2864,0.09828
125.20,126.47,126.48,0,-2.93644,0,|r_bal|,cross-domain,0.0000,0.0000,3.766,0,-2.93644,0,1.521,0.543,0.6233,0,0.4619,-0.3122,5.149,0.683,-0.03611
125.60,126.87,126.88,0,-2.85611,0,|r_bal|,cross-domain,0.0000,0.0000,5.226,0,-2.85611,0,1.392,0.6316,2.042,0,-0.07614,-0.2826,6.196,0.3761,-0.8461
126.00,127.27,127.28,0,-2.94646,0,|r_aux|,cross-domain,0.0000,0.0000,4.849,0,-2.94646,0,1.263,1.22,1.254,0,-0.00053,-0.08307,6.466,0.02318,0.4135
126.40,127.67,127.68,0,-2.35989,0,e_rec,cross-domain,0.0000,0.0000,3.511,0,-2.35989,0,0.7749,0.6671,0.8229,0,-0.02504,0.1554,5.761,2.19,-0.5004
126.80,128.07,128.08,0,-2.71295,0,e_rec,cross-domain,0.0000,0.0000,4.043,0,-2.71295,0,0.7175,0.5805,2.059,0,0.4935,0.6226,5.139,1.724,-0.4046
127.20,128.47,128.48,0,-3.47844,0,|r_aux|,cross-domain,0.0000,0.0000,4.528,0,-3.47844,0,0.7749,1.081,0.8841,0,0.3713,0.7039,5.051,-1.11,-0.7946
127.60,128.87,128.88,0,-2.81120,0,|r_bal|,cross-domain,0.0000,0.0000,3.815,0,-2.81120,0,1.191,0.4274,1.043,0,-0.2256,0.09171,3.32,-0.02417,-0.5533
128.00,129.27,129.28,0,-3.04878,0,|r_bal|,cross-domain,0.0000,0.0000,3.995,0,-3.04878,0,0.8036,0.589,2.515,0,-0.1136,-0.4488,1.278,-0.8316,-0.7053
128.40,129.67,129.68,0,-2.59494,0,|r_bal|,cross-domain,0.0000,0.0000,2.750,0,-2.59494,0,1.062,0.9983,1.221,0,-0.07014,-0.4296,0.4145,-0.0006829,-0.02577
128.80,130.07,130.08,0,-2.23891,0,e_rec,cross-domain,0.0000,0.0000,4.939,0,-2.23891,0,0.8898,0.6082,1.038,0,-0.6164,0.4748,1.688,0.8144,-0.9305
129.20,130.47,130.48,0,-2.51465,0,e_rec,cross-domain,0.0000,0.0000,4.478,0,-2.51465,0,0.7462,0.4788,2.046,0,-0.4635,1.179,3.968,0.8414,0.2518
129.60,130.87,130.88,0,-2.90027,0,|r_qp|,cross-domain,0.0000,0.0000,3.910,0,-2.90027,0,0.7893,1.136,0.9607,0,-0.8531,0.9646,5.839,-0.9076,-0.5935
130.00,131.27,131.28,0,-2.61873,0,e_rec,cross-domain,0.0000,0.0000,4.208,0,-2.61873,0,1.048,0.6435,0.7902,0,-0.1163,-0.1623,5.444,1.189,0.5557
130.40,131.67,131.68,0,-3.20917,0,e_rec,cross-domain,0.0000,0.0000,3.631,0,-3.20917,0,0.3157,0.5767,2.139,0,0.6728,-1.32,5.307,0.9995,-0.8202
130.80,132.07,132.08,0,-3.70378,0,|r_aux|,cross-domain,0.0000,0.0000,3.651,0,-3.70378,0,0.3731,1.116,1.401,0,0.8822,-1.537,4.806,-0.6413,-0.5622
131.20,132.47,132.48,0,-3.38075,0,e_rec,cross-domain,0.0000,0.0000,3.746,0,-3.38075,0,0.6458,0.4593,1.188,0,1.366,-1.397,3.238,0.8844,-0.4036
131.60,132.87,132.88,0,-2.80415,0,|r_bal|,cross-domain,0.0000,0.0000,5.232,0,-2.80415,0,1.005,0.5075,2.489,0,0.26,-1.047,1.972,0.5183,-0.7222
132.00,133.27,133.28,0,-2.53489,0,|r_bal|,cross-domain,0.0000,0.0000,4.215,0,-2.53489,0,1.234,0.9821,1.233,0,-0.08866,-0.4977,1.55,0.2448,-0.761
132.40,133.67,133.68,0,-2.39941,0,e_rec,cross-domain,0.0000,0.0000,4.324,0,-2.39941,0,0.9902,0.4234,0.8398,0,0.2253,-0.2038,0.9804,1.481,-0.3294
132.80,134.07,134.08,0,-3.12510,0,|r_bal|,cross-domain,0.0000,0.0000,4.042,0,-3.12510,0,0.6171,0.4611,1.995,0,-0.1345,-0.2587,0.7558,-0.9091,0.5688
133.20,134.47,134.48,0,-2.45200,0,e_rec,cross-domain,0.0000,0.0000,4.039,0,-2.45200,0,0.4449,0.9564,1.062,0,-0.2761,-0.3356,1.138,0.6996,-0.4625
133.60,134.87,134.88,0,-1.87584,0,e_rec,cross-domain,0.0000,0.0000,4.151,0,-1.87584,0,0.287,0.5406,0.8863,0,-0.8035,0.5663,1.877,2.126,-0.7684
134.00,135.27,135.28,0,-2.61102,0,|r_qp|,cross-domain,0.0000,0.0000,3.658,0,-2.61102,0,0.2727,0.4648,2.138,0,-0.7095,1.56,3.15,0.2604,-0.8835
134.40,135.67,135.68,0,-2.75603,0,|r_aux|,cross-domain,0.0000,0.0000,3.918,0,-2.75603,0,0.4449,1.058,1.053,0,-0.2255,2.044,4.12,0.1123,-0.837
134.80,136.07,136.08,0,-3.15305,0,|r_bal|,cross-domain,0.0000,0.0000,5.270,0,-3.15305,0,0.6888,0.4294,1.036,0,0.269,2,2.911,-0.372,-0.5819
135.20,136.47,136.48,0,-3.46842,0,|r_bal|,cross-domain,0.0000,0.0000,4.799,0,-3.46842,0,1.177,0.6314,2.372,0,1.078,2.193,1.545,-0.9896,0.07673
135.60,136.87,136.88,0,-3.08001,0,|r_bal|,cross-domain,0.0000,0.0000,3.842,0,-3.08001,0,1.363,0.9994,1.194,0,0.577,2.174,0.7641,-1.077,-0.8237
136.00,137.27,137.28,0,-3.26542,0,|r_bal|,cross-domain,0.0000,0.0000,3.822,0,-3.26542,0,0.9902,0.4635,1.066,0,0.8651,0.9662,0.2202,-0.6073,-0.9027
136.40,137.67,137.68,0,-2.88894,0,|r_bal|,cross-domain,0.0000,0.0000,4.028,0,-2.88894,0,0.7606,0.501,2.723,0,-0.08838,-0.4733,0.3017,-0.4241,-0.4259
136.80,138.07,138.08,0,-2.64722,0,|r_aux|,cross-domain,0.0000,0.0000,3.828,0,-2.64722,0,0.7893,0.9603,1.499,0,0.07762,-1.008,0.6261,0.3287,-0.3771
137.20,138.47,138.48,0,-3.08168,0,|r_aux|,cross-domain,0.0000,0.0000,3.913,0,-3.08168,0,0.1866,0.5088,1.389,0,0.1448,-0.1508,0.1454,-0.3733,-0.5681
137.60,138.87,138.88,0,-3.03433,0,|r_aux|,cross-domain,0.0000,0.0000,3.571,0,-3.03433,0,-0.531,0.4378,2.309,0,-0.02649,1.36,0.1206,-0.1478,-0.7114
138.00,139.27,139.28,0,-3.05165,0,|r_aux|,cross-domain,0.0000,0.0000,5.453,0,-3.05165,0,-0.4592,0.9718,0.9218,0,-0.1185,1.598,0.6356,-0.6045,-0.3481
138.40,139.67,139.68,0,-1.48620,0,e_rec,cross-domain,0.0000,0.0000,4.688,0,-1.48620,0,-0.1435,0.5892,0.8101,0,-0.1996,1.118,1.822,4.271,-0.3207
138.80,140.07,140.08,0,-3.43010,0,|r_qp|,cross-domain,0.0000,0.0000,4.135,0,-3.43010,0,0.2153,0.4664,2.425,0,-0.2566,-0.04159,3.971,-1.096,0.1631
139.20,140.47,140.48,0,-3.27717,0,|r_aux|,cross-domain,0.0000,0.0000,3.931,0,-3.27717,0,0.7319,1.087,1.178,0,-0.1193,-0.6378,5.428,-0.8812,-0.536
139.60,140.87,140.88,0,-3.17221,0,|r_bal|,cross-domain,0.0000,0.0000,4.106,0,-3.17221,0,0.7175,0.5751,0.9133,0,0.3025,-0.8775,5.147,0.3003,-0.7378
140.00,141.27,141.28,0,-3.12309,0,e_rec,cross-domain,0.0000,0.0000,3.867,0,-3.12309,0,0.9902,0.6029,1.939,0,0.6533,-0.9013,5.579,0.7811,-0.7425
140.40,141.67,141.68,0,-3.68950,0,|r_aux|,cross-domain,0.0000,0.0000,4.060,0,-3.68950,0,0.5453,1.156,0.7821,0,1.33,-0.7868,5.614,-0.05162,-0.3833
140.80,142.07,142.08,0,-3.53443,0,|r_aux|,cross-domain,0.0000,0.0000,3.535,0,-3.53443,0,0.4736,0.5288,0.6361,0,0.766,-0.005148,4.036,-0.2817,-0.4477
141.20,142.47,142.48,0,-3.36972,0,|r_aux|,cross-domain,0.0000,0.0000,4.375,0,-3.36972,0,-0.244,0.5608,1.926,0,0.2928,0.4226,2.062,-0.4462,-0.3966
141.60,142.87,142.88,0,-2.62255,0,e_rec,cross-domain,0.0000,0.0000,4.418,0,-2.62255,0,-0.1292,0.9685,0.9418,0,0.1893,0.4404,0.9606,1.03,-0.7102
142.00,143.27,143.28,0,-2.79011,0,e_rec,cross-domain,0.0000,0.0000,3.961,0,-2.79011,0,0.3731,0.4075,0.8539,0,0.05378,-0.1066,0.4695,0.3662,-0.8514
142.40,143.67,143.68,0,-3.02270,0,|r_bal|,cross-domain,0.0000,0.0000,4.049,0,-3.02270,0,1.033,0.6069,2.098,0,0.6368,-0.2824,0.2507,-0.1494,-0.4889
142.80,144.07,144.08,0,-2.87233,0,|r_bal|,cross-domain,0.0000,0.0000,3.811,0,-2.87233,0,1.205,1.042,0.7163,0,0.1526,-0.1944,0.6255,-0.6802,-0.7874
143.20,144.47,144.48,0,-3.10714,0,|r_bal|,cross-domain,0.0000,0.0000,3.448,0,-3.10714,0,0.8036,0.5452,0.5578,0,0.4129,-0.251,0.298,-0.4912,-0.8573
143.60,144.87,144.88,0,-3.75096,0,|r_aux|,cross-domain,0.0000,0.0000,3.905,0,-3.75096,0,-0.1005,0.3464,1.886,0,0.7283,-0.3189,0.5983,-1.203,-0.9324
144.00,145.27,145.28,0,-2.43386,0,e_rec,cross-domain,0.0000,0.0000,5.326,0,-2.43386,0,-0.08611,0.907,0.8802,0,0.4555,-0.1134,1.493,2.153,-0.3419
144.40,145.67,145.68,0,-3.58904,0,|r_aux|,cross-domain,0.0000,0.0000,4.810,0,-3.58904,0,-0.1722,0.5139,0.9063,0,0.5363,0.8543,2.133,-0.8185,-0.5272
144.80,146.07,146.08,0,-3.38393,0,|r_aux|,cross-domain,0.0000,0.0000,4.373,0,-3.38393,0,-0.1722,0.4593,1.789,0,0.5078,1.736,3.593,-0.03869,-0.6788
145.20,146.47,146.48,0,-2.86307,0,e_rec,cross-domain,0.0000,0.0000,3.546,0,-2.86307,0,-0.1579,1.022,0.579,0,0.6777,1.635,4.314,1.531,-0.3533
145.60,146.87,146.88,0,-3.49478,0,|r_aux|,cross-domain,0.0000,0.0000,4.141,0,-3.49478,0,0.3875,0.4601,0.4349,0,0.443,0.4027,4.078,-0.5172,-0.4049
146.00,147.27,147.28,0,-3.09235,0,|r_bal|,cross-domain,0.0000,0.0000,3.804,0,-3.09235,0,0.9615,0.4414,2.108,0,0.1496,-0.7446,3.796,-0.04708,-0.6637
146.40,147.67,147.68,0,-2.94713,0,|r_bal|,cross-domain,0.0000,0.0000,4.024,0,-2.94713,0,1.579,1.005,1.084,0,0.2961,-1.034,4.231,-0.08488,-0.7817
146.80,148.07,148.08,0,-3.19161,0,|r_bal|,cross-domain,0.0000,0.0000,3.657,0,-3.19161,0,1.148,0.3985,0.924,0,-0.01697,-1.121,2.737,-0.817,-0.7971
147.20,148.47,148.48,0,-2.89145,0,|r_bal|,cross-domain,0.0000,0.0000,5.178,0,-2.89145,0,1.062,0.6559,1.989,0,-0.3421,-1.073,1.343,-0.7681,-0.4561
147.60,148.87,148.88,0,-2.43528,0,|r_qp|,cross-domain,0.0000,0.0000,4.707,0,-2.43528,0,1.335,0.9982,0.9507,0,-0.7485,-0.8517,0.4416,-0.571,-0.5329
148.00,149.27,149.28,0,-2.63115,0,|r_bal|,cross-domain,0.0000,0.0000,3.956,0,-2.63115,0,1.005,0.4946,0.8454,0,-0.447,-0.05111,0.03358,-0.3847,-0.7246
148.40,149.67,149.68,0,-2.72314,0,|r_bal|,cross-domain,0.0000,0.0000,3.678,0,-2.72314,0,0.8754,0.5731,2.164,0,-0.007668,0.3051,0.1914,-0.0906,-0.8524
148.80,150.07,150.08,0,-3.11186,0,|r_aux|,cross-domain,0.0000,0.0000,4.062,0,-3.11186,0,0.8611,1.044,1.15,0,0.6394,0.1382,0.6868,-0.5641,-0.8628
149.20,150.47,150.48,0,-2.44063,0,e_rec,cross-domain,0.0000,0.0000,3.748,0,-2.44063,0,0.7606,0.5753,0.9056,0,1.477,-0.6489,0.4183,3.014,0.1842
149.60,150.87,150.88,0,-3.48556,0,|r_bal|,cross-domain,0.0000,0.0000,4.028,0,-3.48556,0,0.7749,0.3687,2.494,0,1.173,-1.013,0.5795,-0.3509,-0.7876
150.00,151.27,151.28,0,-3.29292,0,|r_aux|,cross-domain,0.0000,0.0000,2.802,0,-3.29292,0,0.4018,0.9275,0.9743,0,0.8179,-0.6922,1.339,-0.2372,-0.776
150.40,151.67,151.68,0,-3.32497,0,|r_bal|,cross-domain,0.0000,0.0000,5.081,0,-3.32497,0,0.5166,0.3868,0.771,0,0.5426,-0.2093,0.702,-0.5777,-0.6696
150.80,152.07,152.08,0,-3.22072,0,|r_aux|,cross-domain,0.0000,0.0000,4.513,0,-3.22072,0,-0.1579,0.447,1.949,0,0.531,0.01225,0.6214,0.1133,0.1803
151.20,152.47,152.48,0,-2.84329,0,|r_aux|,cross-domain,0.0000,0.0000,3.721,0,-2.84329,0,0.3157,0.9094,0.6694,0,0.4342,0.1943,0.9071,0.4814,-0.5376
151.60,152.87,152.88,0,-2.84294,0,e_rec,cross-domain,0.0000,0.0000,4.217,0,-2.84294,0,0.7175,0.4239,0.5404,0,0.5692,1.124,0.5602,0.5372,-0.6509
152.00,153.27,153.28,0,-2.58935,0,|r_bal|,cross-domain,0.0000,0.0000,3.773,0,-2.58935,0,1.134,0.4817,1.992,0,-0.2263,1.734,0.4951,-0.1671,-0.4605
152.40,153.67,153.68,0,-2.72282,0,|r_bal|,cross-domain,0.0000,0.0000,3.496,0,-2.72282,0,1.507,0.9888,1.332,0,0.2546,1.581,0.7086,-0.441,-0.3208
152.80,154.07,154.08,0,-1.67805,0,e_rec,cross-domain,0.0000,0.0000,3.986,0,-1.67805,0,1.564,0.5554,1.18,0,-0.2485,0.207,0.8225,2.471,0.2266
153.20,154.47,154.48,0,-3.22549,0,|r_bal|,cross-domain,0.0000,0.0000,5.524,0,-3.22549,0,1.076,0.3858,2.32,0,0.198,-0.6985,2.257,-0.7371,-0.548
153.60,154.87,154.88,0,-2.21729,0,e_rec,cross-domain,0.0000,0.0000,4.762,0,-2.21729,0,1.191,0.9708,0.9379,0,0.4734,-0.7749,3.531,2.41,-0.7002
154.00,155.27,155.28,0,-3.24731,0,|r_bal|,cross-domain,0.0000,0.0000,3.982,0,-3.24731,0,1.736,0.3788,0.7532,0,0.5311,-1.016,2.312,-0.7256,-0.6322
154.40,155.67,155.68,0,-3.25230,0,|r_bal|,cross-domain,0.0000,0.0000,3.617,0,-3.25230,0,1.249,0.5443,1.949,0,0.399,-0.8938,1.071,-1.02,-0.9278
154.80,156.07,156.08,0,-1.73631,0,e_rec,cross-domain,0.0000,0.0000,4.095,0,-1.73631,0,1.148,0.974,1.122,0,-0.1451,-0.6137,0.5963,2.464,0.08862
155.20,156.47,156.48,0,-3.01900,0,|r_bal|,cross-domain,0.0000,0.0000,3.634,0,-3.01900,0,0.6027,0.4544,0.9435,0,-0.08055,0.9016,0.05526,-0.8688,-0.7317
155.60,156.87,156.88,0,-3.06706,0,|r_aux|,cross-domain,0.0000,0.0000,4.131,0,-3.06706,0,0.4018,0.4562,2.509,0,-0.07483,1.655,0.2342,-0.9554,-0.7926
156.00,157.27,157.28,0,-2.67712,0,|r_aux|,cross-domain,0.0000,0.0000,3.686,0,-2.67712,0,0.7032,0.9609,1.469,0,0.2646,1.516,0.7477,0.2384,-0.7671
156.40,157.67,157.68,0,-3.28197,0,|r_bal|,cross-domain,0.0000,0.0000,5.408,0,-3.28197,0,0.9472,0.4554,1.133,0,0.4754,0.8,0.2831,-1.087,-0.7083
156.80,158.07,158.08,0,-3.09535,0,|r_bal|,cross-domain,0.0000,0.0000,4.682,0,-3.09535,0,0.9185,0.617,2.022,0,0.7382,0.1364,0.2434,-0.2137,-0.5047
157.20,158.47,158.48,0,-2.69225,0,e_rec,cross-domain,0.0000,0.0000,3.846,0,-2.69225,0,1.091,1.032,0.868,0,1.045,0.01789,0.5049,1.052,-0.7324
157.60,158.87,158.88,0,-3.48492,0,|r_bal|,cross-domain,0.0000,0.0000,3.704,0,-3.48492,0,0.7319,0.5467,0.7046,0,0.7043,-0.217,0.1555,-1.185,-0.4341
158.00,159.27,159.28,0,-3.03660,0,|r_bal|,cross-domain,0.0000,0.0000,4.078,0,-3.03660,0,0.5884,0.4798,2.166,0,0.6488,-0.02161,0.2828,0.1821,-0.4556
158.40,159.67,159.68,0,-2.68143,0,e_rec,cross-domain,0.0000,0.0000,3.658,0,-2.68143,0,0.818,0.9499,1.294,0,0.6162,0.2788,0.9055,0.8109,-0.6324
158.80,160.07,160.08,0,-3.31909,0,|r_aux|,cross-domain,0.0000,0.0000,3.915,0,-3.31909,0,0.3588,0.4903,1,0,0.5112,0.7059,0.1534,-0.7856,-0.5102
159.20,160.47,160.48,0,-3.25826,0,|r_aux|,cross-domain,0.0000,0.0000,3.632,0,-3.25826,0,0.3301,0.6506,2.209,0,0.448,0.7506,0.1694,-0.7975,-0.4457
159.60,160.87,160.88,0,-3.10516,0,|r_aux|,cross-domain,0.0000,0.0000,5.412,0,-3.10516,0,0.3301,1.051,0.7721,0,-0.02511,0.4595,0.2905,-1.181,-0.8329
160.00,161.27,161.28,0,-2.57225,0,|r_qp|,cross-domain,0.0000,0.0000,4.520,0,-2.57225,0,0.3444,0.5927,0.7215,0,-0.4858,-0.3334,-0.1058,0.1248,-0.5498
160.40,161.67,161.68,0,-2.83662,0,|r_bal|,cross-domain,0.0000,0.0000,3.752,0,-2.83662,0,0.7462,0.5502,2.155,0,-0.3543,-0.8478,0.08415,-0.6464,-0.6193
160.80,162.07,162.08,0,-2.27559,0,|r_aux|,cross-domain,0.0000,0.0000,4.206,0,-2.27559,0,0.8036,1.032,1.091,0,-0.3948,-0.9293,0.5862,0.7065,-0.8285
161.20,162.47,162.48,0,-2.23913,0,e_rec,cross-domain,0.0000,0.0000,3.598,0,-2.23913,0,1.363,0.5652,0.8636,0,-0.0569,-0.6277,0.1724,1.107,-0.5583
161.60,162.87,162.88,0,-2.73396,0,|r_bal|,cross-domain,0.0000,0.0000,3.836,0,-2.73396,0,1.765,0.5753,2.07,0,0.1479,-0.2644,0.2757,-0.4104,-0.7226
162.00,163.27,163.28,0,-1.87290,0,e_rec,cross-domain,0.0000,0.0000,3.859,0,-1.87290,0,1.794,1.004,1.233,0,0.3855,0.04959,0.5981,2.188,-0.492
162.40,163.67,163.68,0,-2.69387,0,|r_bal|,cross-domain,0.0000,0.0000,4.600,0,-2.69387,0,1.492,0.5379,0.6502,0,0.496,0.9507,0.1743,0.2243,-0.7453
162.80,164.07,164.08,0,-2.95716,0,|r_bal|,cross-domain,0.0000,0.0000,4.974,0,-2.95716,0,0.9902,0.5526,1.701,0,0.06285,1.32,0.1833,-0.8411,-0.496
163.20,164.47,164.48,0,-2.18180,0,|r_aux|,cross-domain,0.0000,0.0000,3.814,0,-2.18180,0,0.8467,1.009,0.8847,0,-0.4226,1.386,0.656,0.6699,-0.9056
163.60,164.87,164.88,0,-2.82883,0,|r_qp|,cross-domain,0.0000,0.0000,3.790,0,-2.82883,0,0.7175,0.545,0.7417,0,-0.3733,0.5273,0.1885,-0.7522,-0.7287
164.00,165.27,165.28,0,-2.02477,0,|r_qp|,cross-domain,0.0000,0.0000,4.146,0,-2.02477,0,0.3875,0.4056,2.182,0,-1.187,0.2213,-0.03388,0.8232,-0.8839
164.40,165.67,165.68,0,-2.58144,0,|r_qp|,cross-domain,0.0000,0.0000,3.791,0,-2.58144,0,0.6171,0.9283,0.8818,0,-0.589,0.5142,0.5888,-0.425,-0.8326
164.80,166.07,166.08,0,-2.31816,0,e_rec,cross-domain,0.0000,0.0000,3.816,0,-2.31816,0,0.4018,0.4906,0.5406,0,-0.3497,1.07,-0.09248,0.906,-0.7892
165.20,166.47,166.48,0,-3.51583,0,|r_aux|,cross-domain,0.0000,0.0000,3.846,0,-3.51583,0,0.6888,0.8478,1.771,0,0.9995,0.6735,-0.142,-1.278,-0.7657
165.60,166.87,166.88,0,-2.52611,0,e_rec,cross-domain,0.0000,0.0000,5.436,0,-2.52611,0,0.9041,1.144,0.5583,0,1.158,0.4363,0.07638,1.619,-0.4796
166.00,167.27,167.28,0,-3.21949,0,|r_aux|,cross-domain,0.0000,0.0000,4.723,0,-3.21949,0,0.6601,0.6539,0.5724,0,0.5003,0.8542,-0.2879,-0.9353,-0.7419
166.40,167.67,167.68,0,-3.08900,0,|r_aux|,cross-domain,0.0000,0.0000,3.813,0,-3.08900,0,0.2153,0.3878,2.116,0,0.4145,1.564,-0.1283,-0.2738,-0.8713
166.80,168.07,168.08,0,-2.04666,0,e_rec,cross-domain,0.0000,0.0000,3.804,0,-2.04666,0,-0.2296,0.9482,1.255,0,0.1394,1.813,0.5747,2.479,-0.9213
167.20,168.47,168.48,0,-3.32489,0,|r_aux|,cross-domain,0.0000,0.0000,4.103,0,-3.32489,0,-0.1005,0.5335,0.9661,0,0.3675,1.458,-0.1921,-0.8931,-0.7104
167.60,168.87,168.88,0,-2.94811,0,|r_aux|,cross-domain,0.0000,0.0000,3.649,0,-2.94811,0,0.5597,0.7954,2.173,0,-0.02042,1.027,-0.3695,-0.8519,0.122
168.00,169.27,169.28,0,-2.36509,0,|r_aux|,cross-domain,0.0000,0.0000,3.923,0,-2.36509,0,0.7462,1.133,1.075,0,-0.3091,1.12,-0.0453,0.1474,-0.8128
168.40,169.67,169.68,0,-2.79011,0,|r_qp|,cross-domain,0.0000,0.0000,3.611,0,-2.79011,0,0.8611,0.6399,0.8192,0,-0.5164,0.1994,-0.5014,-1.074,-0.4742
168.80,170.07,170.08,0,-2.91135,0,|r_bal|,cross-domain,0.0000,0.0000,5.282,0,-2.91135,0,0.5453,0.3355,1.793,0,0.03402,-0.5283,-0.3998,-0.1234,0.6765
169.20,170.47,170.48,0,-3.28518,0,|r_aux|,cross-domain,0.0000,0.0000,4.649,0,-3.28518,0,0.5023,0.888,0.8247,0,0.4938,-0.9257,0.4904,-0.8174,-0.6707
169.60,170.87,170.88,0,-3.19055,0,|r_bal|,cross-domain,0.0000,0.0000,3.936,0,-3.19055,0,1.033,0.4864,0.7296,0,0.5427,-0.7518,-0.1466,-0.6965,-0.5971
170.00,171.27,171.28,0,-2.91823,0,|r_bal|,cross-domain,0.0000,0.0000,4.180,0,-2.91823,0,0.9902,0.8667,2.025,0,0.02056,-0.6513,-0.06962,-0.8311,-0.669
170.40,171.67,171.68,0,-2.99427,0,|r_aux|,cross-domain,0.0000,0.0000,3.821,0,-2.99427,0,1.005,1.152,1.055,0,0.1252,-0.5661,-0.02854,-1.125,-0.9113
170.80,172.07,172.08,0,-3.14645,0,|r_bal|,cross-domain,0.0000,0.0000,3.717,0,-3.14645,0,1.105,0.7093,0.7312,0,0.5085,-0.4394,-0.5695,-0.9464,-0.7322
171.20,172.47,172.48,0,-3.21349,0,|r_bal|,cross-domain,0.0000,0.0000,3.887,0,-3.21349,0,1.564,0.6641,2.434,0,1.109,0.07682,-0.5794,-0.706,-0.4877
171.60,172.87,172.88,0,-2.45611,0,e_rec,cross-domain,0.0000,0.0000,2.855,0,-2.45611,0,1.435,1.074,1.281,0,0.7673,0.343,-0.1515,0.9636,-0.4847
172.00,173.27,173.28,0,-3.27202,0,|r_bal|,cross-domain,0.0000,0.0000,5.220,0,-3.27202,0,0.8324,0.6271,1.284,0,1.302,0.1246,-0.4671,-0.1072,-0.8661
172.40,173.67,173.68,0,-3.15298,0,|r_bal|,cross-domain,0.0000,0.0000,3.979,0,-3.15298,0,0.9615,0.5147,2.585,0,0.1622,-0.474,-0.3422,-1.169,-0.7143
172.80,174.07,174.08,0,-3.02431,0,|r_bal|,cross-domain,0.0000,0.0000,3.978,0,-3.02431,0,1.005,0.9637,1.325,0,0.04097,-0.9206,0.2677,-1.048,-0.2326
173.20,174.47,174.48,0,-2.94360,0,|r_bal|,cross-domain,0.0000,0.0000,3.996,0,-2.94360,0,1.191,0.6277,0.8391,0,-0.2774,-0.7226,0.02938,-1.211,-0.6056
173.60,174.87,174.88,0,-2.98274,0,|r_aux|,cross-domain,0.0000,0.0000,3.670,0,-2.98274,0,0.818,0.9206,1.719,0,-0.1057,-0.1951,-0.03983,-1.139,-0.4699
174.00,175.27,175.28,0,-2.59974,0,|r_aux|,cross-domain,0.0000,0.0000,3.654,0,-2.59974,0,0.9041,1.22,0.8571,0,-0.1611,0.1026,0.3394,-0.3062,-0.7704
174.40,175.67,175.68,0,-2.29764,0,e_rec,cross-domain,0.0000,0.0000,3.870,0,-2.29764,0,0.3875,0.7364,0.8906,0,0.2926,0.01992,-0.2332,1.743,-0.7193
174.80,176.07,176.08,0,-2.29368,0,e_rec,cross-domain,0.0000,0.0000,5.470,0,-2.29368,0,0.3588,0.3465,2.082,0,0.4664,-0.2693,-0.1334,2.357,0.05043
175.20,176.47,176.48,0,-2.57966,0,e_rec,cross-domain,0.0000,0.0000,4.624,0,-2.57966,0,0.3444,0.9291,1.009,0,0.6801,-0.6338,0.6399,1.6,-0.3394
175.60,176.87,176.88,0,-2.93528,0,|r_bal|,cross-domain,0.0000,0.0000,3.863,0,-2.93528,0,1.148,0.4815,0.7659,0,-0.02819,-0.514,0.2068,-0.7369,-0.8742
176.00,177.27,177.28,0,-2.96149,0,|r_bal|,cross-domain,0.0000,0.0000,3.848,0,-2.96149,0,1.492,0.4715,2.223,0,-0.06647,-0.3661,0.3152,-1.097,-0.776
176.40,177.67,177.68,0,-2.50000,0,|r_bal|,cross-domain,0.0000,0.0000,3.990,0,-2.50000,0,1.55,0.9136,1.51,0,0.1769,-0.2463,0.5009,0.2996,-0.4719
176.80,178.07,178.08,0,-3.35971,0,|r_bal|,cross-domain,0.0000,0.0000,3.706,0,-3.35971,0,0.8036,0.4665,1.051,0,0.5025,0.02629,-0.14,-1.192,-0.7602
177.20,178.47,178.48,0,-3.50039,0,|r_aux|,cross-domain,0.0000,0.0000,3.975,0,-3.50039,0,0.3588,0.6991,2.448,0,0.9855,0.1755,-0.3971,-0.9483,-0.9361
177.60,178.87,178.88,0,-2.98342,0,|r_aux|,cross-domain,0.0000,0.0000,3.741,0,-2.98342,0,0.5166,1.065,1.216,0,1.035,0.2971,0.02786,0.3859,-0.8916
178.00,179.27,179.28,0,-2.63459,0,e_rec,cross-domain,0.0000,0.0000,5.402,0,-2.63459,0,0.7462,0.6578,1.129,0,0.5888,0.2108,-0.5877,0.8465,-0.8169
178.40,179.67,179.68,0,-2.92967,0,|r_bal|,cross-domain,0.0000,0.0000,4.710,0,-2.92967,0,1.32,0.7369,2.218,0,0.4609,0.4366,-0.4863,-0.6535,-0.8959
178.80,180.07,180.08,0,-2.63705,0,|r_bal|,cross-domain,0.0000,0.0000,3.812,0,-2.63705,0,1.363,1.125,0.9959,0,0.05533,0.5031,0.08756,-0.4712,-0.7335
179.20,180.47,180.48,0,-3.14607,0,|r_bal|,cross-domain,0.0000,0.0000,4.201,0,-3.14607,0,1.076,0.6516,0.6574,0,0.5095,-0.1599,-0.2967,-0.8607,-0.7332
179.60,180.87,180.88,0,-3.42196,0,|r_bal|,cross-domain,0.0000,0.0000,3.729,0,-3.42196,0,0.7893,0.4404,1.786,0,0.4494,-0.8179,-0.02033,-1.262,-0.1525
180.00,181.27,181.28,0,-3.36687,0,|r_aux|,cross-domain,0.0000,0.0000,3.690,0,-3.36687,0,0.6171,0.9283,0.6694,0,0.9547,-1.016,0.5466,-0.5117,-0.354
180.40,181.67,181.68,0,-2.90567,0,|r_bal|,cross-domain,0.0000,0.0000,3.790,0,-2.90567,0,0.8324,0.5154,0.6779,0,-0.0189,-0.2993,-0.03696,-0.5199,-0.7596
180.80,182.07,182.08,0,-2.83056,0,|r_bal|,cross-domain,0.0000,0.0000,3.601,0,-2.83056,0,0.9759,0.7041,2.079,0,0.1567,0.08592,-0.3867,-0.4106,-0.4025
181.20,182.47,182.48,0,-2.51272,0,|r_bal|,cross-domain,0.0000,0.0000,5.666,0,-2.51272,0,1.335,1.074,1.317,0,-0.221,0.05463,0.0211,-0.3799,-0.7644
181.60,182.87,182.88,0,-2.91930,0,|r_bal|,cross-domain,0.0000,0.0000,4.347,0,-2.91930,0,1.349,0.6275,0.8427,0,0.1012,-0.7823,-0.344,-0.8373,-0.8749
182.00,183.27,183.28,0,-3.09838,0,|r_bal|,cross-domain,0.0000,0.0000,3.848,0,-3.09838,0,0.9328,0.5354,2.156,0,0.2705,-1.142,-0.1944,-0.7506,-0.8182
182.40,183.67,183.68,0,-3.13969,0,|r_aux|,cross-domain,0.0000,0.0000,4.295,0,-3.13969,0,0.4592,1.008,1.12,0,0.1663,-1.207,0.2142,-0.9019,-0.7086
182.80,184.07,184.08,0,-2.70425,0,e_rec,cross-domain,0.0000,0.0000,3.784,0,-2.70425,0,-0.4592,0.5675,1.062,0,-0.3385,-1.044,-0.4187,0.4671,-0.8651
183.20,184.47,184.48,0,-2.62471,0,|r_qp|,cross-domain,0.0000,0.0000,3.699,0,-2.62471,0,0.1435,0.6109,2.218,0,-0.5317,-0.8015,-0.4302,-0.00598,-0.5331
183.60,184.87,184.88,0,-2.58220,0,|r_qp|,cross-domain,0.0000,0.0000,3.934,0,-2.58220,0,0.818,1.012,1.305,0,-0.7448,-0.5221,0.1533,-0.7691,-0.4578
184.00,185.27,185.28,0,-2.43830,0,|r_qp|,cross-domain,0.0000,0.0000,3.064,0,-2.43830,0,0.8036,0.5732,1.207,0,-0.5315,0.709,-0.3639,-0.03314,-0.7986
184.40,185.67,185.68,0,-2.41265,0,|r_qp|,cross-domain,0.0000,0.0000,5.027,0,-2.41265,0,0.531,0.6042,2.327,0,-0.6383,1.406,-0.3017,-0.03626,-0.9185
184.80,186.07,186.08,0,-2.74370,0,|r_aux|,cross-domain,0.0000,0.0000,4.204,0,-2.74370,0,0.5884,1.057,1.192,0,-0.4082,1.571,0.02636,-0.9904,-0.8963
185.20,186.47,186.48,0,-2.71599,0,|r_qp|,cross-domain,0.0000,0.0000,3.688,0,-2.71599,0,0.2296,0.645,0.7282,0,-0.4489,1.182,-0.3897,-0.4634,-0.7171
185.60,186.87,186.88,0,-2.59489,0,|r_aux|,cross-domain,0.0000,0.0000,4.245,0,-2.59489,0,0.2296,0.7002,2.056,0,-0.03818,0.9085,-0.4879,0.3954,-0.5404
186.00,187.27,187.28,0,-2.57612,0,|r_aux|,cross-domain,0.0000,0.0000,3.878,0,-2.57612,0,0.6601,1.075,0.6856,0,0.4837,0.7878,-0.08778,0.7031,-0.7023
186.40,187.67,187.68,0,-2.98337,0,|r_bal|,cross-domain,0.0000,0.0000,4.027,0,-2.98337,0,0.7175,0.6842,0.7059,0,0.9273,0.3277,-0.5394,0.2764,-0.6421
186.80,188.07,188.08,0,-2.71723,0,|r_bal|,cross-domain,0.0000,0.0000,3.772,0,-2.71723,0,1.105,0.8123,1.93,0,0.3346,-0.4509,-0.5146,0.0524,-0.1837
187.20,188.47,188.48,0,-2.68812,0,|r_bal|,cross-domain,0.0000,0.0000,5.368,0,-2.68812,0,1.234,1.112,0.911,0,-0.02684,-0.5625,-0.09878,-0.5127,-0.2588
187.60,188.87,188.88,0,-2.28648,0,|r_bal|,cross-domain,0.0000,0.0000,4.774,0,-2.28648,0,1.32,0.7394,0.6757,0,-0.3473,0.12,-0.4823,0.276,-0.513
188.00,189.27,189.28,0,-2.93523,0,|r_bal|,cross-domain,0.0000,0.0000,3.970,0,-2.93523,0,1.033,0.8312,2.061,0,0.07727,0.8954,-0.4411,-1.044,-0.2257
188.40,189.67,189.68,0,-2.26931,0,|r_qp|,cross-domain,0.0000,0.0000,4.140,0,-2.26931,0,1.005,1.167,1.105,0,-0.72,0.936,0.2125,-0.214,-0.6417
188.80,190.07,190.08,0,-2.67081,0,|r_aux|,cross-domain,0.0000,0.0000,3.925,0,-2.67081,0,0.244,0.8398,0.9501,0,-0.01412,-0.2925,-0.1196,0.3255,-0.7114
189.20,190.47,190.48,0,-3.04556,0,|r_aux|,cross-domain,0.0000,0.0000,3.595,0,-3.04556,0,0.4592,0.8894,2.424,0,0.2253,-1.071,-0.04588,-0.5592,-0.7142
189.60,190.87,190.88,0,-3.45164,0,|r_aux|,cross-domain,0.0000,0.0000,3.900,0,-3.45164,0,0.287,1.204,1.234,0,0.9492,-1.231,0.3866,-0.7669,-0.4943
190.00,191.27,191.28,0,-3.22010,0,|r_aux|,cross-domain,0.0000,0.0000,3.596,0,-3.22010,0,0.3731,0.8268,1.116,0,0.7072,-1.039,-0.1599,-0.3559,-0.8068
190.40,191.67,191.68,0,-3.13308,0,|r_aux|,cross-domain,0.0000,0.0000,5.141,0,-3.13308,0,0.3301,0.8062,2.281,0,0.5965,-0.718,-0.1977,-0.2338,-0.318
190.80,192.07,192.08,0,-2.16531,0,e_rec,cross-domain,0.0000,0.0000,4.566,0,-2.16531,0,0.4162,1.155,1.199,0,0.1722,-0.309,0.2936,1.825,-0.5701
191.20,192.47,192.48,0,-3.25215,0,|r_aux|,cross-domain,0.0000,0.0000,3.701,0,-3.25215,0,0.6314,0.7218,0.8036,0,0.6262,1.27,-0.4138,-0.9874,-0.9265
191.60,192.87,192.88,0,-3.38431,0,|r_bal|,cross-domain,0.0000,0.0000,4.122,0,-3.38431,0,0.9472,0.5108,2.097,0,0.9134,1.965,-0.4331,-1.151,-0.5854
192.00,193.27,193.28,0,-3.15435,0,|r_aux|,cross-domain,0.0000,0.0000,3.670,0,-3.15435,0,0.8036,0.973,0.7563,0,1.013,1.707,0.128,-0.3997,-0.6877
192.40,193.67,193.68,0,-1.20963,0,e_rec,cross-domain,0.0000,0.0000,3.561,0,-1.20963,0,1.263,0.6542,0.701,0,0.179,0.9068,-0.2286,4.174,-0.8279
192.80,194.07,194.08,0,-2.72698,0,|r_bal|,cross-domain,0.0000,0.0000,3.895,0,-2.72698,0,1.507,0.8704,2.011,0,-0.09598,0.4394,-0.2151,-0.8622,0.2134
193.20,194.47,194.48,0,-2.91659,0,|r_bal|,cross-domain,0.0000,0.0000,3.033,0,-2.91659,0,1.378,1.186,1.096,0,0.2474,0.427,0.09143,-1.069,-0.4687
193.60,194.87,194.88,0,-2.50776,0,e_rec,cross-domain,0.0000,0.0000,5.208,0,-2.50776,0,0.9328,0.837,0.5885,0,0.3685,-0.5058,-0.3415,0.8395,-0.7231
194.00,195.27,195.28,0,-2.65017,0,|r_bal|,cross-domain,0.0000,0.0000,3.872,0,-2.65017,0,1.005,0.9307,1.784,0,0.4743,-1.339,-0.1335,0.5663,-0.7696
194.40,195.67,195.68,0,-2.96704,0,|r_aux|,cross-domain,0.0000,0.0000,4.011,0,-2.96704,0,1.177,1.226,1.002,0,0.5871,-1.117,0.3794,-0.3895,0.001415
194.80,196.07,196.08,0,-2.51671,0,e_rec,cross-domain,0.0000,0.0000,4.055,0,-2.51671,0,1.134,0.8631,1.037,0,0.575,0.114,0.01315,0.9219,-0.7756
195.20,196.47,196.48,0,-2.71635,0,|r_bal|,cross-domain,0.0000,0.0000,3.674,0,-2.71635,0,1.005,0.8814,1.999,0,-0.2589,0.9566,0.07961,-0.7791,-0.6362
195.60,196.87,196.88,0,-2.11527,0,|r_qp|,cross-domain,0.0000,0.0000,3.916,0,-2.11527,0,1.134,1.193,0.6447,0,-0.6573,1.156,0.5698,0.2798,-0.5839
196.00,197.27,197.28,0,-2.64519,0,|r_qp|,cross-domain,0.0000,0.0000,3.843,0,-2.64519,0,0.8611,0.881,0.1227,0,-0.6125,0.6305,0.1579,-0.8453,-0.5681
196.40,197.67,197.68,0,-2.76472,0,|r_aux|,cross-domain,0.0000,0.0000,5.448,0,-2.76472,0,0.3875,0.8918,1.832,0,-0.4516,0.2059,0.01196,-0.6908,-0.5619
196.80,198.07,198.08,0,-3.08924,0,|r_aux|,cross-domain,0.0000,0.0000,4.812,0,-3.08924,0,0.3444,1.235,0.5283,0,-0.02594,0.06213,0.4792,-1.136,-0.2002
197.20,198.47,198.48,0,-3.15624,0,|r_aux|,cross-domain,0.0000,0.0000,3.720,0,-3.15624,0,0.4736,0.9355,-0.4126,0,0.4093,-0.5901,-0.2441,-0.7199,-0.4621
197.60,198.87,198.88,0,-2.95759,0,|r_aux|,cross-domain,0.0000,0.0000,4.080,0,-2.95759,0,0.6171,1.018,0.2229,0,0.2284,-0.7773,-0.001729,-0.4766,-0.714
198.00,199.27,199.28,0,-2.82870,0,|r_aux|,cross-domain,0.0000,0.0000,4.854,0,-2.82870,0,0.6314,1.248,-0.9938,0,0.1089,-0.4204,0.6198,-0.2219,0.5846
198.40,199.67,199.68,0,-2.90354,0,|r_aux|,cross-domain,0.0000,0.0000,3.671,0,-2.90354,0,0.6745,0.9202,-1.288,0,0.2089,1.091,-0.006401,-0.495,-0.4603
198.80,200.07,200.08,0,-3.17254,0,|r_aux|,cross-domain,0.0000,0.0000,4.055,0,-3.17254,0,0.2727,0.9577,-0.08295,0,0.6507,2.006,-0.1397,-0.6494,-0.7528
199.20,200.47,200.48,0,-3.01446,0,|r_aux|,cross-domain,0.0000,0.0000,3.600,0,-3.01446,0,0.574,1.263,-1.242,0,0.9993,1.733,0.2695,0.001941,-0.7763
199.60,200.87,200.88,0,-3.03233,0,|r_aux|,cross-domain,0.0000,0.0000,5.297,0,-3.03233,0,0.07175,0.8298,-0.3703,0,0.2958,0.4106,-0.09015,-0.2846,-0.9057
200.00,201.27,201.28,0,-2.64721,0,e_rec,cross-domain,0.0000,0.0000,4.499,0,-2.64721,0,0.531,0.509,2.167,0,0.218,-0.6981,-0.2698,0.7354,-0.6751
200.40,201.67,201.68,0,-2.49161,0,|r_aux|,cross-domain,0.0000,0.0000,3.818,0,-2.49161,0,0.6745,1.013,1.28,0,-0.145,-0.5724,0.2425,0.4308,-0.03354
200.80,202.07,202.08,0,-3.20380,0,|r_aux|,cross-domain,0.0000,0.0000,4.014,0,-3.20380,0,0.4736,0.7787,-0.08046,0,0.855,-0.06336,-0.6732,-0.3295,-0.4841
201.20,202.47,202.48,0,-3.15998,0,|r_aux|,cross-domain,0.0000,0.0000,3.858,0,-3.15998,0,0.287,1.107,-0.05113,0,0.3878,0.002655,-0.6129,-0.9057,-0.4321
201.60,202.87,202.88,0,-2.09145,0,e_rec,cross-domain,0.0000,0.0000,3.555,0,-2.09145,0,0.287,1.26,-1.312,0,0.1171,-0.1977,0.1057,2.027,0.2028
202.00,203.27,203.28,0,-3.15137,0,|r_aux|,cross-domain,0.0000,0.0000,3.817,0,-3.15137,0,0.4592,0.8726,-0.5719,0,0.2483,0.01992,-0.07007,-0.9131,-0.688
202.40,203.67,203.68,0,-2.15127,0,e_rec,cross-domain,0.0000,0.0000,3.683,0,-2.15127,0,0.7749,0.8233,1.916,0,-0.1639,0.5873,0.2809,1.452,1.7
202.80,204.07,204.08,0,-2.98942,0,|r_aux|,cross-domain,0.0000,0.0000,5.269,0,-2.98942,0,0.6601,1.198,1.005,0,0.5441,0.9877,0.6208,-0.3716,-0.2549
203.20,204.47,204.48,0,-2.91020,0,|r_aux|,cross-domain,0.0000,0.0000,3.811,0,-2.91020,0,0.8036,0.9437,-0.0705,0,0.3035,0.848,-0.2485,-0.5437,-0.5987
203.60,204.87,204.88,0,-2.45397,0,e_rec,cross-domain,0.0000,0.0000,3.809,0,-2.45397,0,0.6458,1.039,0.3072,0,0.408,0.6437,-0.5245,0.9687,-0.157
204.00,205.27,205.28,0,-2.97315,0,|r_aux|,cross-domain,0.0000,0.0000,4.236,0,-2.97315,0,0.531,1.283,-1.285,0,0.2607,0.4029,-0.03467,-0.6838,-0.08055
204.40,205.67,205.68,0,-2.86490,0,|r_aux|,cross-domain,0.0000,0.0000,3.727,0,-2.86490,0,0.4879,0.8793,-0.5649,0,-0.1296,0.1285,-0.1885,-0.6251,-0.7078
204.80,206.07,206.08,0,-3.25398,0,|r_aux|,cross-domain,0.0000,0.0000,4.007,0,-3.25398,0,-0.1722,0.6876,1.935,0,0.4216,-0.2558,-0.2074,-0.4676,-0.4451
205.20,206.47,206.48,0,-2.80536,0,|r_aux|,cross-domain,0.0000,0.0000,3.505,0,-2.80536,0,0.1292,1.085,1.071,0,0.1778,-0.3009,0.2001,0.2502,0.6995
205.60,206.87,206.88,0,-3.28002,0,|r_aux|,cross-domain,0.0000,0.0000,3.016,0,-3.28002,0,0.1722,0.8234,-0.08911,0,0.4239,-0.3496,-0.6331,-0.9185,-0.6406
206.00,207.27,207.28,0,-2.61226,0,|r_aux|,cross-domain,0.0000,0.0000,4.816,0,-2.61226,0,1.048,1.05,0.167,0,0.1027,-0.4409,-0.5923,-0.08137,-0.5751
206.40,207.67,207.68,0,-2.57080,0,|r_bal|,cross-domain,0.0000,0.0000,3.832,0,-2.57080,0,1.392,1.266,-0.9995,0,0.6635,-0.4958,0.1074,0.6033,-0.1373
206.80,208.07,208.08,0,-3.02427,0,|r_bal|,cross-domain,0.0000,0.0000,5.174,0,-3.02427,0,1.765,0.9485,-0.8448,0,0.9978,-0.6882,-0.3502,-0.4436,-0.7526
207.20,208.47,208.48,0,-2.44413,0,|r_bal|,cross-domain,0.0000,0.0000,3.689,0,-2.44413,0,1.952,0.9115,0.8852,0,0.7101,-0.726,0.02832,0.8684,-0.4638
207.60,208.87,208.88,0,-2.64901,0,|r_bal|,cross-domain,0.0000,0.0000,3.831,0,-2.64901,0,2.21,1.258,-0.08322,0,0.2392,-0.6536,0.2553,-0.7238,-0.7452
208.00,209.27,209.28,0,-2.80150,0,|r_bal|,cross-domain,0.0000,0.0000,3.895,0,-2.80150,0,1.105,0.8306,0.4296,0,-0.2096,-0.3243,-0.2492,-0.8942,-0.7495
208.40,209.67,209.68,0,-3.30644,0,|r_bal|,cross-domain,0.0000,0.0000,3.632,0,-3.30644,0,0.8898,0.5757,2.44,0,0.713,-0.141,-0.4626,-0.967,-0.8395
208.80,210.07,210.08,0,-3.34909,0,|r_aux|,cross-domain,0.0000,0.0000,5.404,0,-3.34909,0,0.6745,1.03,1.134,0,1.296,-0.1351,-0.03986,-0.3622,-0.4358
209.20,210.47,210.48,0,-3.58509,0,|r_aux|,cross-domain,0.0000,0.0000,4.662,0,-3.58509,0,0.287,0.6695,0.7787,0,1.617,0.003926,-0.4683,-0.2673,-0.8808
209.60,210.87,210.88,0,-3.19673,0,|r_aux|,cross-domain,0.0000,0.0000,3.937,0,-3.19673,0,0.5597,0.7047,2.067,0,1.172,-0.07606,-0.5063,0.07146,-0.9072
210.00,211.27,211.28,0,-3.21366,0,|r_aux|,cross-domain,0.0000,0.0000,4.134,0,-3.21366,0,0.6601,1.052,0.8835,0,0.9178,0.1278,0.1071,-0.4424,-0.1969
210.40,211.67,211.68,0,-2.92013,0,|r_bal|,cross-domain,0.0000,0.0000,3.624,0,-2.92013,0,1.033,0.7995,-0.274,0,0.8126,0.5941,-0.6141,-0.0002031,-0.5709
210.80,212.07,212.08,0,-2.60018,0,|r_bal|,cross-domain,0.0000,0.0000,3.661,0,-2.60018,0,1.249,1.112,-0.3058,0,0.2897,0.9661,-0.7632,-0.1477,-0.2223
211.20,212.47,212.48,0,-2.66415,0,|r_aux|,cross-domain,0.0000,0.0000,3.885,0,-2.66415,0,1.134,1.309,-1.426,0,-0.09984,1.021,-0.2381,-0.8204,-0.7698
211.60,212.87,212.88,0,-1.61304,0,e_rec,cross-domain,0.0000,0.0000,3.764,0,-1.61304,0,1.335,0.8412,-0.7928,0,-0.2507,0.1415,-0.6715,2.288,-0.5756
212.00,213.27,213.28,0,-2.73572,0,|r_bal|,cross-domain,0.0000,0.0000,5.207,0,-2.73572,0,1.249,0.538,1.886,0,-0.02982,-0.206,-0.41,-0.3863,-0.09565
212.40,213.67,213.68,0,-2.75677,0,|r_bal|,cross-domain,0.0000,0.0000,3.824,0,-2.75677,0,1.363,0.9992,0.824,0,0.5476,-0.06239,-0.0628,-0.004413,0.0005258
212.80,214.07,214.08,0,-2.47668,0,e_rec,cross-domain,0.0000,0.0000,3.595,0,-2.47668,0,1.421,0.6895,0.844,0,1.174,0.5193,-0.3945,1.63,-0.6676
213.20,214.47,214.48,0,-3.36401,0,|r_bal|,cross-domain,0.0000,0.0000,4.099,0,-3.36401,0,0.9472,0.8289,1.995,0,1.295,0.3742,-0.2794,-0.5625,-0.2575
213.60,214.87,214.88,0,-3.19210,0,|r_aux|,cross-domain,0.0000,0.0000,3.825,0,-3.19210,0,0.7749,1.146,0.8958,0,1.045,0.3908,0.07571,-0.4069,-0.4334
214.00,215.27,215.28,0,-2.48237,0,e_rec,cross-domain,0.0000,0.0000,4.171,0,-2.48237,0,0.01435,0.8696,-0.1519,0,-0.09217,0.4158,-0.4302,0.7889,-0.5676
214.40,215.67,215.68,0,-2.69903,0,|r_aux|,cross-domain,0.0000,0.0000,3.462,0,-2.69903,0,0.1435,1.043,0.8368,0,-0.2626,0.8026,-0.3414,-0.3301,-0.6898
214.80,216.07,216.08,0,-2.41070,0,|r_aux|,cross-domain,0.0000,0.0000,2.741,0,-2.41070,0,0.1722,1.313,-0.4612,0,0.08397,0.9574,0.1367,0.8901,-0.4532
215.20,216.47,216.48,0,-2.07734,0,e_rec,cross-domain,0.0000,0.0000,5.316,0,-2.07734,0,0.6314,0.9484,-0.06729,0,0.7839,0.2585,-0.1104,2.735,-0.8463
215.60,216.87,216.88,0,-3.09651,0,|r_aux|,cross-domain,0.0000,0.0000,4.263,0,-3.09651,0,0.4736,0.853,2.025,0,0.4607,-0.5146,-0.05878,-0.4585,-0.8591
216.00,217.27,217.28,0,-2.71740,0,|r_aux|,cross-domain,0.0000,0.0000,3.921,0,-2.71740,0,0.4879,1.186,0.8727,0,0.2754,-0.7427,0.3307,0.3679,0.006394
216.40,217.67,217.68,0,-2.42822,0,|r_qp|,cross-domain,0.0000,0.0000,4.059,0,-2.42822,0,0.3444,0.794,0.7729,0,-0.8754,0.002471,-0.2502,-0.1797,-0.7042
216.80,218.07,218.08,0,-2.61104,0,|r_qp|,cross-domain,0.0000,0.0000,3.720,0,-2.61104,0,0.3157,0.7071,2.153,0,-1.076,0.6568,-0.483,-1.068,-0.9158
217.20,218.47,218.48,0,-2.46693,0,|r_qp|,cross-domain,0.0000,0.0000,3.912,0,-2.46693,0,0.2153,1.093,0.8787,0,-1.118,0.8487,0.05598,-0.7495,-0.4093
217.60,218.87,218.88,0,-2.36181,0,|r_qp|,cross-domain,0.0000,0.0000,3.686,0,-2.36181,0,0.3875,0.8528,0.06778,0,-0.9492,0.7592,-0.503,-0.2557,-0.3445
218.00,219.27,219.28,0,-2.58706,0,|r_aux|,cross-domain,0.0000,0.0000,5.382,0,-2.58706,0,0.574,1.074,0.8555,0,-0.5183,0.5077,-0.2655,-0.591,-0.7347
218.40,219.67,219.68,0,-2.79848,0,|r_aux|,cross-domain,0.0000,0.0000,4.545,0,-2.79848,0,0.9328,1.302,-0.2005,0,-0.2224,0.2256,0.117,-1.07,-0.4657
218.80,220.07,220.08,0,-2.89917,0,|r_bal|,cross-domain,0.0000,0.0000,3.926,0,-2.89917,0,1.507,0.9584,-0.1687,0,0.4242,-0.4621,-0.2765,-0.6727,-0.578
219.20,220.47,220.48,0,-2.90454,0,|r_bal|,cross-domain,0.0000,0.0000,4.119,0,-2.90454,0,1.32,0.928,1.233,0,1.103,-1.085,-0.09439,0.4378,-0.5094
219.60,220.87,220.88,0,-3.06811,0,|r_aux|,cross-domain,0.0000,0.0000,3.809,0,-3.06811,0,1.105,1.229,-0.1146,0,0.7133,-0.7786,0.4484,-0.473,0.1677
220.00,221.27,221.28,0,-3.06874,0,|r_aux|,cross-domain,0.0000,0.0000,3.735,0,-3.06874,0,0.7749,0.8918,-0.08446,0,0.7185,0.3758,0.1656,-0.2864,-0.8273
220.40,221.67,221.68,0,-2.39062,0,e_rec,cross-domain,0.0000,0.0000,3.881,0,-2.39062,0,0.574,0.8923,1.555,0,0.444,1.071,0.05461,1.404,-0.09544
220.80,222.07,222.08,0,-2.72384,0,|r_aux|,cross-domain,0.0000,0.0000,3.738,0,-2.72384,0,1.062,1.24,0.4872,0,0.5467,1.269,0.5265,0.06172,-0.4853
221.20,222.47,222.48,0,-2.74440,0,|r_bal|,cross-domain,0.0000,0.0000,5.418,0,-2.74440,0,1.205,0.9677,0.02189,0,0.4924,0.6582,-0.2866,-0.07221,-0.553
221.60,222.87,222.88,0,-2.61085,0,|r_bal|,cross-domain,0.0000,0.0000,4.290,0,-2.61085,0,1.191,1.024,0.8488,0,-0.1445,0.5546,-0.3856,-0.5478,-0.3344
222.00,223.27,223.28,0,-2.24431,0,|r_aux|,cross-domain,0.0000,0.0000,3.909,0,-2.24431,0,1.249,1.288,-0.06508,0,-0.3436,0.6236,0.06523,0.1405,-0.5607
222.40,223.67,223.68,0,-2.40839,0,|r_qp|,cross-domain,0.0000,0.0000,3.630,0,-2.40839,0,0.8611,0.8788,0.2432,0,-0.4667,0.03191,-0.2374,0.01193,-0.868
222.80,224.07,224.08,0,-2.79815,0,|r_bal|,cross-domain,0.0000,0.0000,3.495,0,-2.79815,0,0.7893,0.6776,2.044,0,-0.1116,-0.5017,-0.4396,-0.4678,-0.4421
223.20,224.47,224.48,0,-2.51972,0,|r_aux|,cross-domain,0.0000,0.0000,3.638,0,-2.51972,0,0.6027,1.091,1.041,0,0.1987,-0.6814,-0.02761,0.7185,-0.5258
223.60,224.87,224.88,0,-3.11193,0,|r_aux|,cross-domain,0.0000,0.0000,3.589,0,-3.11193,0,0.3014,0.7164,0.6489,0,0.4471,0.1957,-0.6233,-0.489,-0.7761
224.00,225.27,225.28,0,-3.31263,0,|r_aux|,cross-domain,0.0000,0.0000,3.538,0,-3.31263,0,0.2153,0.7128,2.322,0,0.8009,0.5898,-0.605,-0.6402,-0.9152
224.40,225.67,225.68,0,-2.61005,0,e_rec,cross-domain,0.0000,0.0000,4.890,0,-2.61005,0,0.6458,1.1,0.9101,0,0.6147,0.7338,0.1216,0.8572,-0.06821
224.80,226.07,226.08,0,-2.78911,0,|r_bal|,cross-domain,0.0000,0.0000,4.005,0,-2.78911,0,0.8611,0.8283,0.3019,0,0.1495,0.7769,-0.3541,-0.3722,-0.6813
225.20,226.47,226.48,0,-2.97714,0,|r_aux|,cross-domain,0.0000,0.0000,3.713,0,-2.97714,0,0.4592,1.041,1.135,0,0.2054,1.115,-0.07933,-0.7107,-0.3791
225.60,226.87,226.88,0,-3.03943,0,|r_aux|,cross-domain,0.0000,0.0000,4.076,0,-3.03943,0,0.01435,1.294,0.2409,0,-0.213,1.477,0.352,-1.266,-0.4589
226.00,227.27,227.28,0,-2.24191,0,e_rec,cross-domain,0.0000,0.0000,3.616,0,-2.24191,0,0.5597,0.8969,0.5763,0,0.07979,0.6988,-0.2052,1.333,-0.7523
226.40,227.67,227.68,0,-2.74546,0,|r_bal|,cross-domain,0.0000,0.0000,3.940,0,-2.74546,0,0.9472,0.7858,2.497,0,0.1805,-0.2501,-0.2352,-0.1355,-0.9104
226.80,228.07,228.08,0,-2.72415,0,|r_aux|,cross-domain,0.0000,0.0000,3.693,0,-2.72415,0,1.048,1.144,1.632,0,0.05391,-0.8029,0.2048,-0.3486,-0.5021
227.20,228.47,228.48,0,-2.82321,0,|r_aux|,cross-domain,0.0000,0.0000,3.250,0,-2.82321,0,0.244,0.7583,1.541,0,0.1736,-0.2838,-0.3474,0.1091,-0.8488
227.60,228.87,228.88,0,-2.83679,0,|r_aux|,cross-domain,0.0000,0.0000,5.003,0,-2.83679,0,-0.1148,0.6685,2.557,0,-0.1921,0.1838,-0.5819,-0.2265,-0.7457
228.00,229.27,229.28,0,-2.74918,0,|r_aux|,cross-domain,0.0000,0.0000,4.054,0,-2.74918,0,0.1292,1.068,0.7922,0,-0.211,0.2039,0.06986,-0.2327,-0.3002
228.40,229.67,229.68,0,-2.66209,0,e_rec,cross-domain,0.0000,0.0000,4.061,0,-2.66209,0,0.4879,0.8362,-0.3948,0,0.5329,-0.01113,-0.6276,0.8018,-0.5594
228.80,230.07,230.08,0,-2.58167,0,|r_aux|,cross-domain,0.0000,0.0000,3.804,0,-2.58167,0,0.6745,1.107,0.313,0,0.262,0.03914,-0.5279,0.368,-0.7242
229.20,230.47,230.48,0,-2.81441,0,|r_aux|,cross-domain,0.0000,0.0000,3.758,0,-2.81441,0,0.1005,1.318,-0.5219,0,0.8301,0.06089,-0.01348,0.7978,-0.429
229.60,230.87,230.88,0,-3.30306,0,|r_aux|,cross-domain,0.0000,0.0000,3.911,0,-3.30306,0,0.6027,0.8749,-0.02,0,0.7265,-0.2561,-0.3775,-0.8782,-0.7843
230.00,231.27,231.28,0,-3.21552,0,|r_aux|,cross-domain,0.0000,0.0000,3.587,0,-3.21552,0,0.5597,0.6603,1.923,0,0.6324,-0.7133,-0.3767,-0.5535,-0.8974
230.40,231.67,231.68,0,-3.00224,0,|r_bal|,cross-domain,0.0000,0.0000,5.323,0,-3.00224,0,1.32,1.062,0.9099,0,0.7022,-0.7836,0.1136,-0.4086,0.1533
230.80,232.07,232.08,0,-2.81304,0,|r_bal|,cross-domain,0.0000,0.0000,4.179,0,-2.81304,0,1.263,0.7943,0.6143,0,0.5928,-0.3383,-0.2847,0.03305,-0.7589
231.20,232.47,232.48,0,-2.56862,0,|r_bal|,cross-domain,0.0000,0.0000,3.782,0,-2.56862,0,1.679,0.994,1.976,0,0.5158,0.001895,0.06157,0.2429,-0.8779
231.60,232.87,232.88,0,-2.45114,0,|r_bal|,cross-domain,0.0000,0.0000,4.009,0,-2.45114,0,1.708,1.262,0.4406,0,0.1992,0.1393,0.6333,0.1451,-0.2513
232.00,233.27,233.28,0,-2.68037,0,|r_bal|,cross-domain,0.0000,0.0000,3.767,0,-2.68037,0,1.277,0.9732,-0.09065,0,0.162,-0.0937,-0.001665,-0.2158,-0.5618
232.40,233.67,233.68,0,-2.54259,0,|r_aux|,cross-domain,0.0000,0.0000,4.729,0,-2.54259,0,0.8467,1.035,1.062,0,-0.149,-0.1495,-0.3911,-0.006526,0.3436
232.80,234.07,234.08,0,-2.83686,0,|r_aux|,cross-domain,0.0000,0.0000,3.734,0,-2.83686,0,0.9041,1.305,0.01891,0,0.03828,-0.1036,-0.1711,-0.8674,-0.7193
233.20,234.47,234.48,0,-2.77847,0,|r_aux|,cross-domain,0.0000,0.0000,3.557,0,-2.77847,0,0.9328,0.954,0.2931,0,0.3047,-0.3424,-0.5508,-0.1869,-0.8058
233.60,234.87,234.88,0,-2.85423,0,|r_aux|,cross-domain,0.0000,0.0000,5.202,0,-2.85423,0,0.7893,0.8255,2.19,0,0.1773,-0.8744,-0.4085,-0.3004,-0.3342
234.00,235.27,235.28,0,-1.72622,0,e_rec,cross-domain,0.0000,0.0000,4.140,0,-1.72622,0,1.062,1.195,1.024,0,0.3889,-0.9276,0.1212,3.01,-0.3115
234.40,235.67,235.68,0,-2.78722,0,|r_aux|,cross-domain,0.0000,0.0000,3.908,0,-2.78722,0,0.6027,0.7817,0.7846,0,0.3033,-0.03298,-0.4506,0.08997,-0.9029
234.80,236.07,236.08,0,-2.79783,0,|r_bal|,cross-domain,0.0000,0.0000,4.062,0,-2.79783,0,0.7032,0.6535,1.816,0,0.217,0.6476,-0.6177,-0.1603,-0.8152
235.20,236.47,236.48,0,-2.98514,0,|r_aux|,cross-domain,0.0000,0.0000,3.548,0,-2.98514,0,0.5884,1.081,0.6287,0,0.6346,0.8272,0.02072,-0.2547,-0.8559
235.60,236.87,236.88,0,-2.94715,0,|r_bal|,cross-domain,0.0000,0.0000,3.917,0,-2.94715,0,0.9472,0.7291,0.253,0,0.4831,0.3127,-0.356,-0.3359,-0.697
236.00,237.27,237.28,0,-3.13389,0,|r_aux|,cross-domain,0.0000,0.0000,3.768,0,-3.13389,0,0.7319,0.7245,1.849,0,0.06478,-0.06802,-0.2964,-1.269,-0.8549
236.40,237.67,237.68,0,-2.48188,0,|r_aux|,cross-domain,0.0000,0.0000,2.878,0,-2.48188,0,0.6314,1.095,1.102,0,-0.456,-0.1546,0.0645,-0.07083,-0.2012
236.80,238.07,238.08,0,-2.52871,0,|r_qp|,cross-domain,0.0000,0.0000,5.220,0,-2.52871,0,0.2583,0.7194,1.049,0,-0.7838,-0.7735,-0.4618,-0.2153,-0.8606
237.20,238.47,238.48,0,-3.11663,0,|r_aux|,cross-domain,0.0000,0.0000,3.945,0,-3.11663,0,0.5023,0.755,2.371,0,-0.2361,-1.042,-0.4142,-1.35,-0.1541
237.60,238.87,238.88,0,-2.48507,0,e_rec,cross-domain,0.0000,0.0000,4.157,0,-2.48507,0,0.4736,1.094,1.198,0,0.6172,-0.9528,0.05651,1.508,-0.3891
238.00,239.27,239.28,0,-2.84248,0,|r_aux|,cross-domain,0.0000,0.0000,3.714,0,-2.84248,0,0.3731,0.6702,0.9945,0,0.4282,0.1252,-0.4787,0.3015,-0.7325
238.40,239.67,239.68,0,-2.42884,0,e_rec,cross-domain,0.0000,0.0000,3.644,0,-2.42884,0,0.2009,0.5886,2.156,0,0.03255,0.5673,-0.5197,1.08,-0.9067
238.80,240.07,240.08,0,-3.06448,0,|r_aux|,cross-domain,0.0000,0.0000,3.986,0,-3.06448,0,0.1866,1.026,1.067,0,0.1734,0.5586,0.225,-0.6899,-0.3908
239.20,240.47,240.48,0,-2.76788,0,|r_aux|,cross-domain,0.0000,0.0000,3.648,0,-2.76788,0,0.4018,0.7002,0.7731,0,-0.0646,0.4208,-0.1146,-0.1266,-0.8545
239.60,240.87,240.88,0,-2.62199,0,e_rec,cross-domain,0.0000,0.0000,5.727,0,-2.62199,0,0.574,0.8615,2.185,0,0.4994,1.338,-0.08084,0.7071,-0.6247
240.00,241.27,241.28,0,-2.27612,0,e_rec,cross-domain,0.0000,0.0000,4.206,0,-2.27612,0,0.818,1.186,1.38,0,0.6954,2.733,0.1944,1.507,-0.5933
240.40,241.67,241.68,0,-2.46402,0,|r_bal|,cross-domain,0.0000,0.0000,3.810,0,-2.46402,0,1.019,0.7501,1.228,0,0.09121,2.982,-0.5014,0.1669,-0.4315
240.80,242.07,242.08,0,-2.60391,0,|r_aux|,cross-domain,0.0000,0.0000,4.158,0,-2.60391,0,0.5453,0.5617,2.327,0,-0.2469,2.81,-0.4675,-0.2232,-0.2178
241.20,242.47,242.48,0,-3.00306,0,|r_aux|,cross-domain,0.0000,0.0000,3.686,0,-3.00306,0,0.2153,0.9857,1.28,0,-0.2429,1.645,0.1205,-1.135,0.5578
241.60,242.87,242.88,0,-2.31548,0,e_rec,cross-domain,0.0000,0.0000,3.669,0,-2.31548,0,0.1866,0.6337,1.171,0,0.1255,0.9845,-0.2765,1.532,-0.9131
242.00,243.27,243.28,0,-2.75265,0,|r_aux|,cross-domain,0.0000,0.0000,3.842,0,-2.75265,0,0.5453,0.8328,2.873,0,0.3399,-0.07631,-0.2101,0.3201,-0.07491
242.40,243.67,243.68,0,-1.78575,0,e_rec,cross-domain,0.0000,0.0000,3.957,0,-1.78575,0,0.9328,1.167,1.858,0,-0.5457,-0.6426,0.1895,1.676,-0.3953
242.80,244.07,244.08,0,-2.67165,0,|r_aux|,cross-domain,0.0000,0.0000,5.290,0,-2.67165,0,0.5884,0.7246,1.47,0,-0.2062,-0.6579,-0.3855,-0.1031,-0.799
243.20,244.47,244.48,0,-2.65300,0,|r_qp|,cross-domain,0.0000,0.0000,4.056,0,-2.65300,0,0.574,0.5258,2.274,0,-0.4315,0.6003,-0.2796,-0.3065,-0.324
243.60,244.87,244.88,0,-2.72693,0,|r_aux|,cross-domain,0.0000,0.0000,3.913,0,-2.72693,0,0.6888,0.9739,1.137,0,0.02867,1.098,0.2854,-0.2154,-0.1531
244.00,245.27,245.28,0,-2.61232,0,|r_bal|,cross-domain,0.0000,0.0000,3.983,0,-2.61232,0,0.9041,0.6317,0.8756,0,0.2385,1.613,-0.1239,0.3032,-0.7862
244.40,245.67,245.68,0,-2.82162,0,|r_bal|,cross-domain,0.0000,0.0000,3.733,0,-2.82162,0,1.249,0.8626,2.281,0,0.2271,1.966,-0.3719,-0.8348,-0.8248
244.80,246.07,246.08,0,-2.63750,0,|r_bal|,cross-domain,0.0000,0.0000,3.964,0,-2.63750,0,1.32,1.144,1.041,0,0.05668,1.549,-0.00544,-0.5626,-0.1837
245.20,246.47,246.48,0,-2.92517,0,|r_bal|,cross-domain,0.0000,0.0000,3.600,0,-2.92517,0,1.033,0.7913,0.7366,0,-0.01016,1.376,-0.5029,-1.176,-0.608
245.60,246.87,246.88,0,-2.41427,0,|r_bal|,cross-domain,0.0000,0.0000,3.569,0,-2.41427,0,1.005,0.8816,1.911,0,-0.3046,0.7583,-0.3619,-0.0334,-0.9015
246.00,247.27,247.28,0,-2.71642,0,|r_aux|,cross-domain,0.0000,0.0000,5.189,0,-2.71642,0,0.8324,1.218,0.6918,0,-0.5836,0.0191,0.1272,-1.191,-0.8372
246.40,247.67,247.68,0,-2.65410,0,|r_bal|,cross-domain,0.0000,0.0000,3.727,0,-2.65410,0,1.162,0.8042,0.4136,0,-0.5542,-0.517,-0.4297,-0.9308,-0.5529
246.80,248.07,248.08,0,-2.27602,0,|r_qp|,cross-domain,0.0000,0.0000,4.352,0,-2.27602,0,1.392,0.5709,1.994,0,-1.007,-0.952,-0.3664,-0.3606,-0.5459
247.20,248.47,248.48,0,-2.15822,0,|r_qp|,cross-domain,0.0000,0.0000,4.542,0,-2.15822,0,1.162,0.9943,1.231,0,-0.9867,-0.7787,0.07886,-0.03877,-0.5368
247.60,248.87,248.88,0,-2.19952,0,|r_bal|,cross-domain,0.0000,0.0000,3.725,0,-2.19952,0,1.679,0.7292,0.9754,0,-0.2549,-0.3454,-0.1875,0.5405,-0.4529
248.00,249.27,249.28,0,-2.98252,0,|r_bal|,cross-domain,0.0000,0.0000,3.976,0,-2.98252,0,1.406,1.058,2.209,0,1.057,-0.1667,0.02363,-0.1215,-0.808
248.40,249.67,249.68,0,-2.99212,0,|r_bal|,cross-domain,0.0000,0.0000,3.504,0,-2.99212,0,1.808,1.317,0.9389,0,1.137,-0.2813,0.5565,-0.336,-0.745
248.80,250.07,250.08,0,-1.50434,0,e_rec,cross-domain,0.0000,0.0000,2.879,0,-1.50434,0,1.464,0.827,0.8127,0,0.9799,-0.2075,-0.0216,4.328,-0.08713
249.20,250.47,250.48,0,-2.65472,0,|r_bal|,cross-domain,0.0000,0.0000,5.077,0,-2.65472,0,1.536,0.4685,2.123,0,-0.5015,-0.0004934,-0.1002,-0.9121,-0.7094
249.60,250.87,250.88,0,-2.38968,0,|r_bal|,cross-domain,0.0000,0.0000,4.227,0,-2.38968,0,1.579,0.9686,0.8028,0,-0.5265,0.03047,0.5297,-0.394,-0.8632
250.00,251.27,251.28,0,-2.14236,0,e_rec,cross-domain,0.0000,0.0000,4.241,0,-2.14236,0,0.7175,0.6748,0.7145,0,-0.5021,0.06724,-0.116,1.009,-0.7066
250.40,251.67,251.68,0,-2.85514,0,|r_bal|,cross-domain,0.0000,0.0000,3.575,0,-2.85514,0,1.019,0.9423,2.362,0,0.474,0.2916,-0.2628,-0.2609,-0.3741
250.80,252.07,252.08,0,-2.89699,0,|r_aux|,cross-domain,0.0000,0.0000,3.718,0,-2.89699,0,1.148,1.234,1.385,0,1.39,0.7029,0.123,0.5685,-0.4945
251.20,252.47,252.48,0,-3.52340,0,|r_bal|,cross-domain,0.0000,0.0000,4.011,0,-3.52340,0,1.823,0.8768,0.9078,0,1.925,0.2413,-0.3413,-0.8253,-0.6813
251.60,252.87,252.88,0,-3.26393,0,|r_aux|,cross-domain,0.0000,0.0000,3.619,0,-3.26393,0,0.9472,0.9186,2.268,0,1.218,-0.3986,-0.2386,-0.3729,-0.8385
252.00,253.27,253.28,0,-2.65172,0,|r_aux|,cross-domain,0.0000,0.0000,5.737,0,-2.65172,0,0.9472,1.182,0.8481,0,0.3984,-0.6526,0.04042,0.3337,-0.2522
252.40,253.67,253.68,0,-3.00257,0,|r_aux|,cross-domain,0.0000,0.0000,4.031,0,-3.00257,0,0.5453,0.81,0.4502,0,0.6553,-0.05054,-0.3592,-0.01817,-0.5927
252.80,254.07,254.08,0,-2.87695,0,|r_aux|,cross-domain,0.0000,0.0000,3.984,0,-2.87695,0,0.7462,0.8536,1.688,0,-0.1802,0.2513,-0.2739,-0.9385,-0.5412
253.20,254.47,254.48,0,-2.75126,0,|r_aux|,cross-domain,0.0000,0.0000,4.076,0,-2.75126,0,0.9041,1.214,0.8424,0,-0.1329,0.1475,0.2974,-0.7285,-0.7986
253.60,254.87,254.88,0,-1.77058,0,e_rec,cross-domain,0.0000,0.0000,3.658,0,-1.77058,0,1.636,0.8232,0.644,0,-0.07127,-0.5926,-0.2894,2.002,-0.768
254.00,255.27,255.28,0,-2.82671,0,|r_bal|,cross-domain,0.0000,0.0000,4.046,0,-2.82671,0,2.023,0.6307,2.208,0,0.634,-0.6889,-0.4323,-0.3662,-0.8717
254.40,255.67,255.68,0,-3.09462,0,|r_bal|,cross-domain,0.0000,0.0000,3.746,0,-3.09462,0,1.679,1.054,0.9795,0,1.295,-0.3166,0.04761,-0.2595,-0.5929
254.80,256.07,256.08,0,-3.61740,0,|r_bal|,cross-domain,0.0000,0.0000,3.847,0,-3.61740,0,0.9759,0.7433,0.7354,0,1.307,-0.1398,-0.2677,-1.196,-0.6592
255.20,256.47,256.48,0,-3.27526,0,|r_aux|,cross-domain,0.0000,0.0000,5.211,0,-3.27526,0,0.3157,0.9149,2.16,0,1.257,-0.2216,-0.1233,0.08249,-0.6385
255.60,256.87,256.88,0,-2.71905,0,e_rec,cross-domain,0.0000,0.0000,3.993,0,-2.71905,0,0.2583,1.205,0.939,0,0.7005,-0.4568,0.2954,0.9774,-0.5329
256.00,257.27,257.28,0,-3.09161,0,|r_aux|,cross-domain,0.0000,0.0000,4.204,0,-3.09161,0,0.3588,0.713,0.683,0,-0.2267,0.2028,-0.09756,-1.228,-0.6381
256.40,257.67,257.68,0,-3.03813,0,|r_qp|,cross-domain,0.0000,0.0000,3.721,0,-3.03813,0,0.5597,0.3524,1.638,0,-0.4071,0.7347,-0.01869,-1.269,-0.8359
256.80,258.07,258.08,0,-1.68307,0,e_rec,cross-domain,0.0000,0.0000,3.678,0,-1.68307,0,0.9328,0.9048,0.5399,0,-0.5989,0.4422,0.5973,2.039,-0.7936
257.20,258.47,258.48,0,-3.06014,0,|r_bal|,cross-domain,0.0000,0.0000,4.007,0,-3.06014,0,1.048,0.4898,0.5213,0,-0.0569,-0.4848,-0.1271,-1.136,-0.6482
257.60,258.87,258.88,0,-3.30664,0,|r_bal|,cross-domain,0.0000,0.0000,3.466,0,-3.30664,0,0.7175,0.4252,1.934,0,0.2424,-1.164,-0.1249,-1.163,-0.8063
258.00,259.27,259.28,0,-3.03225,0,|r_aux|,cross-domain,0.0000,0.0000,4.718,0,-3.03225,0,0.3731,0.9577,0.9213,0,-0.06718,-1.14,0.4682,-0.7484,-0.6702
258.40,259.67,259.68,0,-3.16777,0,|r_aux|,cross-domain,0.0000,0.0000,5.178,0,-3.16777,0,0.04305,0.4653,1.002,0,-0.2395,-0.936,-0.001623,-0.9584,-0.8931
258.80,260.07,260.08,0,-3.04628,0,|r_aux|,cross-domain,0.0000,0.0000,4.091,0,-3.04628,0,0.4162,0.4315,2.423,0,-0.1645,-0.7682,0.009145,-0.7544,-0.7193
259.20,260.47,260.48,0,-2.77064,0,|r_aux|,cross-domain,0.0000,0.0000,4.186,0,-2.77064,0,0.6601,0.899,1.297,0,0.08694,-0.6892,0.6439,0.05359,-0.6557
259.60,260.87,260.88,0,-3.08909,0,|r_bal|,cross-domain,0.0000,0.0000,3.654,0,-3.08909,0,0.6745,0.4187,0.9482,0,0.03262,-0.4827,0.204,-0.7553,-0.7548
260.00,261.27,261.28,0,-3.25965,0,|r_aux|,cross-domain,0.0000,0.0000,4.691,0,-3.25965,0,0.5023,0.584,2.375,0,0.3235,-0.4154,0.3601,-0.8341,-0.1319
260.40,261.67,261.68,0,-2.80277,0,e_rec,cross-domain,0.0000,0.0000,4.085,0,-2.80277,0,0.7175,0.9908,1.069,0,0.8463,-0.3467,0.4506,0.7586,-0.8802
260.80,262.07,262.08,0,-3.62308,0,|r_aux|,cross-domain,0.0000,0.0000,3.727,0,-3.62308,0,0.2153,0.5452,0.9516,0,1.175,-0.1922,-0.1272,-0.7134,-0.6068
261.20,262.47,262.48,0,-3.52931,0,|r_aux|,cross-domain,0.0000,0.0000,4.367,0,-3.52931,0,0.287,0.6013,2.312,0,1.306,0.007051,-0.1762,-0.3534,0.2021
261.60,262.87,262.88,0,-3.73544,0,|r_aux|,cross-domain,0.0000,0.0000,3.962,0,-3.73544,0,0.1866,1.016,1.084,0,1.623,-0.006435,0.3436,-0.7055,-0.8424
262.00,263.27,263.28,0,-3.55725,0,|r_aux|,cross-domain,0.0000,0.0000,4.049,0,-3.55725,0,0.3157,0.5925,1.005,0,0.7688,-0.6805,-0.2875,-1.139,-0.7934
262.40,263.67,263.68,0,-3.37008,0,|r_aux|,cross-domain,0.0000,0.0000,4.133,0,-3.37008,0,0.4305,0.7116,2.076,0,0.5921,-1.215,-0.5109,-0.9728,-0.7504
262.80,264.07,264.08,0,-2.80627,0,|r_aux|,cross-domain,0.0000,0.0000,3.653,0,-2.80627,0,0.5884,1.059,1.091,0,-0.3621,-1.301,0.1069,-0.7397,-0.6931
263.20,264.47,264.48,0,-3.27578,0,|r_bal|,cross-domain,0.0000,0.0000,4.086,0,-3.27578,0,0.9759,0.6205,0.5481,0,0.3614,-0.7095,-0.2659,-1.269,-0.6444
263.60,264.87,264.88,0,-3.22812,0,|r_bal|,cross-domain,0.0000,0.0000,3.462,0,-3.22812,0,1.076,0.5686,1.425,0,0.4621,-0.417,-0.1426,-1.068,-0.8835
264.00,265.27,265.28,0,-3.19538,0,|r_aux|,cross-domain,0.0000,0.0000,3.714,0,-3.19538,0,0.9328,1.002,0.5195,0,0.5869,-0.2836,0.267,-0.9243,-0.8679
264.40,265.67,265.68,0,-2.85746,0,|r_bal|,cross-domain,0.0000,0.0000,5.413,0,-2.85746,0,1.091,0.5853,0.9753,0,-0.1505,-0.1487,-0.1652,-0.819,-0.777
264.80,266.07,266.08,0,-2.43661,0,|r_bal|,cross-domain,0.0000,0.0000,4.359,0,-2.43661,0,1.363,0.5739,2.691,0,-0.6329,0.2652,-0.1511,-0.4623,-0.8701
265.20,266.47,266.48,0,-2.24467,0,|r_bal|,cross-domain,0.0000,0.0000,4.306,0,-2.24467,0,1.464,1.042,1.362,0,-0.6688,0.4724,0.3458,-0.2168,-0.7042
265.60,266.87,266.88,0,-2.98576,0,|r_bal|,cross-domain,0.0000,0.0000,4.004,0,-2.98576,0,1.105,0.5851,0.9347,0,-0.223,-0.03656,-0.1503,-1.311,-0.7788
266.00,267.27,267.28,0,-3.38474,0,|r_bal|,cross-domain,0.0000,0.0000,3.902,0,-3.38474,0,0.9615,0.3628,2.505,0,0.6329,-0.5278,0.05845,-0.997,-0.06973
266.40,267.67,267.68,0,-3.13396,0,|r_aux|,cross-domain,0.0000,0.0000,3.987,0,-3.13396,0,0.818,0.8953,1.601,0,0.4972,-0.9148,0.8604,-0.5134,-0.6202
266.80,268.07,268.08,0,-2.96669,0,|r_aux|,cross-domain,0.0000,0.0000,3.651,0,-2.96669,0,0.2153,0.4548,1.254,0,0.1306,-0.7736,0.2873,0.06752,-0.6322
267.20,268.47,268.48,0,-2.83925,0,|r_aux|,cross-domain,0.0000,0.0000,3.516,0,-2.83925,0,0.6888,0.773,2.476,0,-0.2889,-0.7547,0.2613,-0.6445,-0.3545
267.60,268.87,268.88,0,-2.58400,0,|r_aux|,cross-domain,0.0000,0.0000,5.329,0,-2.58400,0,0.7893,1.086,0.9845,0,-0.05471,-0.502,0.2809,0.09785,-0.8741
268.00,269.27,269.28,0,-3.15581,0,|r_bal|,cross-domain,0.0000,0.0000,4.211,0,-3.15581,0,1.033,0.6391,0.8623,0,0.3513,-0.2729,-0.2164,-1.033,-0.7353
268.40,269.67,269.68,0,-3.14534,0,|r_bal|,cross-domain,0.0000,0.0000,4.228,0,-3.14534,0,1.062,0.5929,1.842,0,0.6276,0.06402,-0.2313,-0.6361,0.01169
268.80,270.07,270.08,0,-2.60884,0,e_rec,cross-domain,0.0000,0.0000,3.899,0,-2.60884,0,1.406,1.009,0.7557,0,1.107,-0.04609,0.1381,1.121,-0.7121
269.20,270.47,270.48,0,-2.92128,0,|r_bal|,cross-domain,0.0000,0.0000,3.661,0,-2.92128,0,1.292,0.5891,0.6535,0,1.177,-0.6577,-0.376,0.623,-0.686
269.60,270.87,270.88,0,-3.63836,0,|r_bal|,cross-domain,0.0000,0.0000,4.033,0,-3.63836,0,1.062,0.6782,2.197,0,1.233,-1.229,-0.4396,-1.304,-0.7505
270.00,271.27,271.28,0,-2.00243,0,e_rec,cross-domain,0.0000,0.0000,3.890,0,-2.00243,0,1.249,1.064,0.9479,0,0.8695,-1.269,0.1754,2.847,-0.2728
270.40,271.67,271.68,0,-3.13939,0,|r_bal|,cross-domain,0.0000,0.0000,2.786,0,-3.13939,0,1.406,0.6221,0.7992,0,0.9339,-0.2071,-0.3025,-0.4635,-0.4802
270.80,272.07,272.08,0,-3.09873,0,|r_bal|,cross-domain,0.0000,0.0000,5.062,0,-3.09873,0,1.349,0.3257,2.37,0,0.7771,0.7842,0.02787,-0.413,-0.9017
271.20,272.47,272.48,0,-2.22702,0,e_rec,cross-domain,0.0000,0.0000,3.841,0,-2.22702,0,1.019,0.9276,1.201,0,-0.01725,0.7985,0.9318,1.18,-0.2097
271.60,272.87,272.88,0,-2.70049,0,|r_qp|,cross-domain,0.0000,0.0000,4.076,0,-2.70049,0,0.8754,0.4552,1.197,0,-0.8646,-0.01167,0.4706,-0.9479,-0.7997
272.00,273.27,273.28,0,-2.21666,0,|r_qp|,cross-domain,0.0000,0.0000,3.851,0,-2.21666,0,0.9328,0.4792,2.657,0,-0.7887,-0.6603,0.6086,0.6001,-0.8922
272.40,273.67,273.68,0,-3.06498,0,|r_bal|,cross-domain,0.0000,0.0000,4.038,0,-3.06498,0,1.378,0.931,1.871,0,7.581e-05,-0.8234,0.8382,-1.381,-0.7223
272.80,274.07,274.08,0,-2.96942,0,|r_bal|,cross-domain,0.0000,0.0000,3.692,0,-2.96942,0,1.478,0.4507,1.358,0,0.4995,-0.7871,0.1641,-0.3275,-0.8406
273.20,274.47,274.48,0,-3.16426,0,|r_bal|,cross-domain,0.0000,0.0000,3.622,0,-3.16426,0,1.406,0.655,2.34,0,0.4152,-1.045,0.007862,-1.039,0.3809
273.60,274.87,274.88,0,-2.05397,0,e_rec,cross-domain,0.0000,0.0000,5.283,0,-2.05397,0,1.091,1.017,0.7299,0,0.2506,-1.017,0.301,2.021,-0.2668
274.00,275.27,275.28,0,-2.44360,0,|r_bal|,cross-domain,0.0000,0.0000,4.304,0,-2.44360,0,1.277,0.5334,0.7393,0,-0.2485,-0.4325,-0.03389,0.261,-0.643
274.40,275.67,275.68,0,-3.25035,0,|r_bal|,cross-domain,0.0000,0.0000,4.563,0,-3.25035,0,0.5453,0.472,2.043,0,0.09949,0.1359,0.1497,-1.152,-0.07265
274.80,276.07,276.08,0,-2.88155,0,|r_aux|,cross-domain,0.0000,0.0000,3.782,0,-2.88155,0,0.6171,0.9379,0.9944,0,0.4311,0.423,0.6472,0.03713,-0.8577
275.20,276.47,276.48,0,-3.05486,0,|r_bal|,cross-domain,0.0000,0.0000,3.858,0,-3.05486,0,0.818,0.5343,0.726,0,0.7418,0.5338,0.0636,-0.04104,-0.6611
275.60,276.87,276.88,0,-3.10433,0,|r_bal|,cross-domain,0.0000,0.0000,4.135,0,-3.10433,0,0.7319,0.6452,2.137,0,0.8083,0.7956,-0.03021,-0.2042,-0.8123
276.00,277.27,277.28,0,-2.39709,0,e_rec,cross-domain,0.0000,0.0000,3.933,0,-2.39709,0,0.5884,1.055,1.126,0,1.034,1.003,0.3763,2.074,-0.7406
276.40,277.67,277.68,0,-3.33614,0,|r_bal|,cross-domain,0.0000,0.0000,3.655,0,-3.33614,0,0.9472,0.5822,0.9794,0,1.107,0.3273,0.02483,-0.5118,-0.8536
276.80,278.07,278.08,0,-2.90825,0,e_rec,cross-domain,0.0000,0.0000,5.241,0,-2.90825,0,0.6601,0.4974,2.253,0,0.7809,-0.5959,0.3035,0.7586,-0.2725
277.20,278.47,278.48,0,-3.17507,0,|r_aux|,cross-domain,0.0000,0.0000,4.196,0,-3.17507,0,0.4592,0.973,1.113,0,0.7154,-0.91,0.7812,-0.1502,-0.2633
277.60,278.87,278.88,0,-2.28725,0,e_rec,cross-domain,0.0000,0.0000,4.301,0,-2.28725,0,0.4736,0.5564,0.8931,0,0.4647,0.03476,0.5744,2.285,0.04498
278.00,279.27,279.28,0,-3.10067,0,|r_bal|,cross-domain,0.0000,0.0000,4.035,0,-3.10067,0,0.6745,0.3571,2.269,0,0.3012,0.8283,1.1,-0.3881,-0.7622
278.40,279.67,279.68,0,-2.93788,0,|r_bal|,cross-domain,0.0000,0.0000,3.524,0,-2.93788,0,1.105,0.9466,1.001,0,0.3564,0.9218,1.975,-0.3375,-0.8767
278.80,280.07,280.08,0,-2.89027,0,e_rec,cross-domain,0.0000,0.0000,4.177,0,-2.89027,0,1.033,0.4285,0.7921,0,0.7849,0.2212,1.589,0.7877,-0.6528
279.20,280.47,280.48,0,-3.46041,0,|r_bal|,cross-domain,0.0000,0.0000,3.829,0,-3.46041,0,0.6745,0.4342,2.118,0,0.7991,-0.2647,1.595,-0.5978,-0.5303
279.60,280.87,280.88,0,-3.74983,0,|r_aux|,cross-domain,0.0000,0.0000,3.914,0,-3.74983,0,0.8754,0.9429,1.258,0,1.218,-0.3745,2.025,-1.27,-0.5705
280.00,281.27,281.28,0,-2.76527,0,|r_bal|,cross-domain,0.0000,0.0000,5.317,0,-2.76527,0,1.105,0.4796,0.9696,0,-0.3106,-0.818,2.725,-0.007548,-0.7603
280.40,281.67,281.68,0,-3.00583,0,|r_bal|,cross-domain,0.0000,0.0000,3.612,0,-3.00583,0,0.8036,0.4078,1.919,0,-0.2669,-1.061,4.095,-0.05216,0.1146
280.80,282.07,282.08,0,-3.04146,0,|r_aux|,cross-domain,0.0000,0.0000,4.537,0,-3.04146,0,0.7893,0.9779,0.8146,0,-0.4889,-1.008,4.783,-0.7001,-0.2838
281.20,282.47,282.48,0,-2.11757,0,e_rec,cross-domain,0.0000,0.0000,3.800,0,-2.11757,0,0.7175,0.4745,0.7069,0,0.08165,0.04801,4.759,3.047,-0.1077
281.60,282.87,282.88,0,-3.15283,0,|r_bal|,cross-domain,0.0000,0.0000,4.105,0,-3.15283,0,0.6601,0.4833,2.031,0,-0.07314,0.7977,4.9,-0.3196,-0.9595
282.00,283.27,283.28,0,-3.43862,0,|r_aux|,cross-domain,0.0000,0.0000,3.900,0,-3.43862,0,0.7175,1.044,1.166,0,0.295,0.7625,4.969,-1.039,-0.5107
282.40,283.67,283.68,0,-2.41409,0,e_rec,cross-domain,0.0000,0.0000,3.565,0,-2.41409,0,0.8324,0.4361,0.6898,0,-0.3003,0.05006,3.651,1.386,-0.1842
282.80,284.07,284.08,0,-3.34052,0,|r_bal|,cross-domain,0.0000,0.0000,5.457,0,-3.34052,0,0.8898,0.5115,1.881,0,1.016,-0.5063,2.592,0.07271,-0.731
283.20,284.47,284.48,0,-2.34852,0,e_rec,cross-domain,0.0000,0.0000,4.173,0,-2.34852,0,0.7749,1.001,0.8984,0,1.26,-0.6476,2.361,3.082,-0.1693
283.60,284.87,284.88,0,-3.23111,0,e_rec,cross-domain,0.0000,0.0000,4.411,0,-3.23111,0,0.7462,0.5182,0.8061,0,1.218,-0.312,3.014,0.8326,-0.7253
284.00,285.27,285.28,0,-3.76372,0,|r_bal|,cross-domain,0.0000,0.0000,3.705,0,-3.76372,0,0.7893,0.437,2.275,0,1.036,-0.07382,4.22,-0.7572,-0.8343
284.40,285.67,285.68,0,-3.20921,0,|r_aux|,cross-domain,0.0000,0.0000,3.712,0,-3.20921,0,0.9759,0.9824,1.085,0,0.6989,-0.0001531,4.633,0.06334,-0.4769
284.80,286.07,286.08,0,-3.64112,0,|r_bal|,cross-domain,0.0000,0.0000,3.996,0,-3.64112,0,0.6745,0.382,1.25,0,0.9803,-0.6547,3.099,-0.4908,-0.657
285.20,286.47,286.48,0,-3.39487,0,|r_bal|,cross-domain,0.0000,0.0000,3.627,0,-3.39487,0,0.9328,0.7402,2.421,0,0.9173,-1.225,1.243,-0.4682,1.285
285.60,286.87,286.88,0,-2.93766,0,|r_aux|,cross-domain,0.0000,0.0000,3.546,0,-2.93766,0,1.019,1.073,1.111,0,0.391,-1.396,0.4461,-0.3554,-0.7301
286.00,287.27,287.28,0,-3.19926,0,|r_bal|,cross-domain,0.0000,0.0000,5.317,0,-3.19926,0,1.378,0.5844,0.9521,0,0.9748,-1.419,0.1181,-0.3394,-0.8873
286.40,287.67,287.68,0,-2.73452,0,e_rec,cross-domain,0.0000,0.0000,4.100,0,-2.73452,0,0.4449,0.3696,2.453,0,0.4619,-1.168,0.3713,1.128,-0.7699
286.80,288.07,288.08,0,-3.31803,0,|r_aux|,cross-domain,0.0000,0.0000,4.471,0,-3.31803,0,0.3444,0.9322,1.34,0,0.7176,-1.061,1.252,-0.3786,-0.637
287.20,288.47,288.48,0,-3.12457,0,|r_aux|,cross-domain,0.0000,0.0000,4.085,0,-3.12457,0,0.3731,0.437,0.9698,0,0.4222,-0.8581,0.7497,-0.009333,-0.8109
287.60,288.87,288.88,0,-3.27342,0,|r_bal|,cross-domain,0.0000,0.0000,3.998,0,-3.27342,0,1.076,0.6114,2.169,0,0.7968,-0.907,0.7153,-0.5652,-0.849
288.00,289.27,289.28,0,-2.76382,0,|r_bal|,cross-domain,0.0000,0.0000,4.063,0,-2.76382,0,1.507,1.014,1.106,0,0.4529,-0.87,0.5698,-0.05866,-0.4175
288.40,289.67,289.68,0,-3.15666,0,|r_bal|,cross-domain,0.0000,0.0000,3.620,0,-3.15666,0,1.048,0.5751,0.6077,0,0.7525,0.03751,0.8468,-0.283,-0.6876
288.80,290.07,290.08,0,-2.44420,0,e_rec,cross-domain,0.0000,0.0000,3.941,0,-2.44420,0,1.033,0.364,2.128,0,0.2035,0.7858,1.796,1.32,-0.95
289.20,290.47,290.48,0,-3.63383,0,|r_aux|,cross-domain,0.0000,0.0000,5.196,0,-3.63383,0,0.8898,0.9644,1.132,0,1.374,1.072,2.948,-0.7354,-0.7166
289.60,290.87,290.88,0,-2.92576,0,e_rec,cross-domain,0.0000,0.0000,4.094,0,-2.92576,0,0.8611,0.4425,1.235,0,0.9106,0.827,2.309,1.039,-0.4039
290.00,291.27,291.28,0,-3.17663,0,|r_bal|,cross-domain,0.0000,0.0000,4.293,0,-3.17663,0,1.162,0.4826,2.671,0,1.172,0.6144,2.022,0.3393,-0.6441
290.40,291.67,291.68,0,-3.07861,0,|r_aux|,cross-domain,0.0000,0.0000,3.822,0,-3.07861,0,1.033,1.002,1.254,0,0.2905,0.6978,2.241,-0.7252,-0.4926
290.80,292.07,292.08,0,-2.57495,0,e_rec,cross-domain,0.0000,0.0000,4.076,0,-2.57495,0,0.7175,0.513,1.1,0,-0.04522,-0.07101,2.589,1.031,-0.4999
291.20,292.47,292.48,0,-2.69640,0,e_rec,cross-domain,0.0000,0.0000,3.696,0,-2.69640,0,0.7319,0.4405,2.074,0,-0.1321,-0.7768,3.755,0.8958,-0.7331
291.60,292.87,292.88,0,-3.62121,0,|r_bal|,cross-domain,0.0000,0.0000,3.581,0,-3.62121,0,1.048,0.9732,0.6089,0,0.8689,-1.126,4.115,-0.9154,-0.1748
292.00,293.27,293.28,0,-3.75640,0,|r_bal|,cross-domain,0.0000,0.0000,2.848,0,-3.75640,0,1.048,0.4312,0.811,0,1.165,-0.4393,3.565,-0.7788,-0.4964
292.40,293.67,293.68,0,-3.43472,0,e_rec,cross-domain,0.0000,0.0000,4.928,0,-3.43472,0,0.574,0.4421,1.803,0,1.303,0.002519,3.807,0.6069,-0.9285
292.80,294.07,294.08,0,-4.03385,0,|r_aux|,cross-domain,0.0000,0.0000,4.230,0,-4.03385,0,0.0574,0.9933,0.6891,0,1.255,0.1538,3.997,-1.203,-0.6882
293.20,294.47,294.48,0,-3.36325,0,|r_bal|,cross-domain,0.0000,0.0000,4.201,0,-3.36325,0,1.148,0.4371,0.5704,0,0.7313,0.05437,3.713,-0.2849,-0.5579
293.60,294.87,294.88,0,-3.04494,0,|r_bal|,cross-domain,0.0000,0.0000,3.465,0,-3.04494,0,1.306,0.4859,1.883,0,0.995,0.03055,3.047,0.6823,-0.8642
294.00,295.27,295.28,0,-3.21128,0,|r_bal|,cross-domain,0.0000,0.0000,3.915,0,-3.21128,0,1.536,0.9868,1.023,0,0.6285,-0.05091,3.081,-0.7472,-0.8078
294.40,295.67,295.68,0,-3.20716,0,|r_bal|,cross-domain,0.0000,0.0000,3.793,0,-3.20716,0,1.32,0.4119,1.126,0,0.2677,-0.4914,2.047,-0.8355,-0.7857
294.80,296.07,296.08,0,-2.34513,0,e_rec,cross-domain,0.0000,0.0000,3.656,0,-2.34513,0,0.7749,0.6577,2.782,0,-0.448,-0.9974,1.178,0.8176,-0.7228
295.20,296.47,296.48,0,-2.67823,0,|r_aux|,cross-domain,0.0000,0.0000,5.198,0,-2.67823,0,1.062,1.031,1.535,0,-0.1764,-0.8492,0.5218,-0.377,-0.5542
295.60,296.87,296.88,0,-3.23340,0,|r_bal|,cross-domain,0.0000,0.0000,3.805,0,-3.23340,0,0.9902,0.654,0.8569,0,0.9721,0.09095,1.91,-0.02455,-0.6589
296.00,297.27,297.28,0,-3.55790,0,|r_bal|,cross-domain,0.0000,0.0000,4.442,0,-3.55790,0,1.177,0.3746,2.174,0,1.159,0.92,4.182,-0.3106,-0.5881
296.40,297.67,297.68,0,-3.26921,0,|r_aux|,cross-domain,0.0000,0.0000,3.762,0,-3.26921,0,0.9759,1.024,1.233,0,1.137,0.822,5.569,0.5031,-0.8016
296.80,298.07,298.08,0,-3.19891,0,|r_bal|,cross-domain,0.0000,0.0000,3.806,0,-3.19891,0,0.9472,0.4205,0.9538,0,0.1865,0.0251,3.534,-0.4278,-0.8271
297.20,298.47,298.48,0,-2.81849,0,|r_bal|,cross-domain,0.0000,0.0000,3.881,0,-2.81849,0,1.033,0.5541,2.111,0,-0.0001798,-0.5329,1.508,-0.03923,-0.3128
297.60,298.87,298.88,0,-2.18523,0,|r_bal|,cross-domain,0.0000,0.0000,3.548,0,-2.18523,0,1.708,0.9893,0.7039,0,-0.5798,-0.4113,0.9723,0.2163,-0.4425
298.00,299.27,299.28,0,-2.47338,0,|r_bal|,cross-domain,0.0000,0.0000,3.797,0,-2.47338,0,1.765,0.4464,0.5696,0,-0.2002,-0.6475,0.4431,0.1063,-0.5933
298.40,299.67,299.68,0,-2.55138,0,|r_qp|,cross-domain,0.0000,0.0000,5.277,0,-2.55138,0,1.32,0.4657,1.807,0,-0.8682,-0.9155,0.3265,-0.7283,-0.5535
