t_start,t_end,t_release,label,score,alarm,dominant,domain,csec_corr,csec_unc,decision_ms_after_target,csec_wait_ms,prov_score,prov_alarm,|r_bal|,|r_aux|,|r_cool|,|r_ups|,|r_qp|,|r_pv|,|r_reg|,e_rec,e_fc
2.00,3.27,4.17,0,1.35836,1,e_rec,cross-domain,0.6455,0.0000,891.094,890,6.52237,1,-6.243,-2.772,-4.378,0,-8.793,33.72,50,31.41,46.46
2.40,3.67,4.17,0,0.40072,1,e_rec,cross-domain,0.4611,0.0000,491.094,490,4.08930,1,-6.243,-2.772,-4.378,0,-8.793,29,48.32,24.08,44.29
2.80,4.07,4.17,0,11.51739,1,e_rec,cross-domain,0.1537,0.0000,91.094,90,12.74691,1,-6.243,-2.772,-4.378,0,-8.793,18.38,47.14,50,16.48
3.20,4.47,4.48,0,-1.10630,0,e_rec,cross-domain,0.0000,0.0000,3.727,0,-1.10630,0,-6.243,-2.772,-4.378,0,-8.793,8.336,50,11.38,50
3.60,4.87,4.88,0,8.40278,1,e_rec,cross-domain,0.0000,0.0000,3.944,0,8.40278,1,-6.243,-2.772,-4.378,0,-8.793,1.571,44.57,37.94,11.09
4.00,5.27,5.28,0,8.90506,1,e_rec,cross-domain,0.0000,0.0000,3.839,0,8.90506,1,-6.243,-2.772,-4.378,0,-8.793,2.323,47.63,39.4,3.574
4.40,5.67,5.68,0,-0.82953,0,|r_qp|,cross-domain,0.0000,0.0000,4.008,0,-0.82953,0,-6.243,-2.772,-4.378,0,-8.793,4.932,41.78,10.66,41.27
4.80,6.07,6.08,0,-0.42083,1,|r_qp|,cross-domain,0.0000,0.0000,4.361,0,-0.42083,1,-6.243,-2.772,-4.378,0,-8.793,7.569,37.87,8.173,1.491
5.20,6.47,6.48,0,-0.05274,1,|r_qp|,cross-domain,0.0000,0.0000,3.745,0,-0.05274,1,-6.243,-2.772,-4.378,0,-8.793,6.629,28.7,7.755,-0.06217
5.60,6.87,6.88,0,-2.01008,0,|r_qp|,cross-domain,0.0000,0.0000,3.980,0,-2.01008,0,-6.243,-2.772,-4.378,0,-8.793,4.111,18.83,3.066,39.26
6.00,7.27,7.28,0,-2.20086,0,|r_qp|,cross-domain,0.0000,0.0000,3.769,0,-2.20086,0,-6.243,-2.772,-4.378,0,-8.793,1.943,14.29,-0.6835,0.6138
6.40,7.67,7.68,0,-1.83586,0,|r_qp|,cross-domain,0.0000,0.0000,3.729,0,-1.83586,0,-6.243,-2.772,-4.378,0,-8.793,1.695,6.11,-0.9815,-0.2259
6.80,8.07,8.08,0,-0.59554,0,|r_qp|,cross-domain,0.0000,0.0000,3.557,0,-0.59554,0,-6.243,-2.772,-4.378,0,-8.793,2.958,0.622,4.128,34.39
7.20,8.47,8.48,0,-1.37162,0,|r_qp|,cross-domain,0.0000,0.0000,3.671,0,-1.37162,0,-6.243,-2.772,-4.378,0,-8.793,3.16,1.445,-0.5607,-0.6161
7.60,8.87,8.88,0,-1.30302,0,|r_qp|,cross-domain,0.0000,0.0000,3.511,0,-1.30302,0,-6.243,-2.772,-4.378,0,-8.793,4.169,1.024,-0.4039,1.498
8.00,9.27,9.28,0,-0.60605,0,|r_qp|,cross-domain,0.0000,0.0000,3.486,0,-0.60605,0,-6.243,-2.772,-4.378,0,-8.793,4.587,0.8706,4.238,38.85
8.40,9.67,9.68,0,-1.52240,0,|r_qp|,cross-domain,0.0000,0.0000,3.561,0,-1.52240,0,-6.243,-2.772,-4.378,0,-8.793,3.518,0.02619,-1.295,-0.3456
8.80,10.07,10.08,0,-1.56310,0,|r_qp|,cross-domain,0.0000,0.0000,3.465,0,-1.56310,0,-6.243,-2.772,-4.378,0,-8.793,2.084,-0.333,-1.18,1.377
9.20,10.47,10.48,0,-1.02311,0,|r_qp|,cross-domain,0.0000,0.0000,3.517,0,-1.02311,0,-6.243,-2.772,-4.378,0,-8.793,0.207,-0.1772,3.626,43.12
9.60,10.87,10.88,0,-1.69819,0,|r_qp|,cross-domain,0.0000,0.0000,3.365,0,-1.69819,0,-6.243,-2.772,-4.378,0,-8.793,-0.5163,0.6699,-1.245,-0.8106
10.00,11.27,11.28,0,-1.55419,0,|r_qp|,cross-domain,0.0000,0.0000,3.457,0,-1.55419,0,-6.243,-2.772,-4.378,0,-8.793,0.09813,0.1397,-0.7084,2.983
10.40,11.67,11.68,0,-0.65165,0,|r_qp|,cross-domain,0.0000,0.0000,4.110,0,-0.65165,0,-6.243,-2.772,-4.378,0,-8.793,2.161,0.2382,4.509,41.9
10.80,12.07,12.08,0,-1.23743,0,|r_qp|,cross-domain,0.0000,0.0000,3.473,0,-1.23743,0,-6.243,-2.772,-4.378,0,-8.793,3.196,0.6113,-0.2849,-0.4856
11.20,12.47,12.48,0,-1.26953,0,|r_qp|,cross-domain,0.0000,0.0000,3.628,0,-1.26953,0,-6.243,-2.772,-4.378,0,-8.793,4.671,0.1337,-0.4078,3.076
11.60,12.87,12.88,0,-0.41403,1,|r_qp|,cross-domain,0.0000,0.0000,3.612,0,-0.41403,1,-6.243,-2.772,-4.378,0,-8.793,4.796,0.3088,4.789,40.03
12.00,13.27,13.28,0,-1.24369,0,|r_qp|,cross-domain,0.0000,0.0000,3.483,0,-1.24369,0,-6.243,-2.772,-4.378,0,-8.793,4.207,0.7018,-0.4144,-0.4408
12.40,13.67,13.68,0,-1.44819,0,|r_qp|,cross-domain,0.0000,0.0000,3.591,0,-1.44819,0,-6.243,-2.772,-4.378,0,-8.793,3.386,0.2892,-0.8797,1.46
12.80,14.07,14.08,0,-0.78898,0,|r_qp|,cross-domain,0.0000,0.0000,3.500,0,-0.78898,0,-6.243,-2.772,-4.378,0,-8.793,1.95,0.003432,4.299,45.19
13.20,14.47,14.48,0,-1.53422,0,|r_qp|,cross-domain,0.0000,0.0000,3.520,0,-1.53422,0,-6.243,-2.772,-4.378,0,-8.793,1.085,0.3183,-1.001,-0.7822
13.60,14.87,14.88,0,-1.63966,0,|r_qp|,cross-domain,0.0000,0.0000,3.414,0,-1.63966,0,-6.243,-2.772,-4.378,0,-8.793,0.4449,-0.1543,-1.161,1.612
14.00,15.27,15.28,0,-1.32554,0,|r_qp|,cross-domain,0.0000,0.0000,3.409,0,-1.32554,0,-6.243,-2.772,-4.378,0,-8.793,0.4734,0.0494,2.928,46.45
14.40,15.67,15.68,0,-1.27135,0,|r_qp|,cross-domain,0.0000,0.0000,3.807,0,-1.27135,0,-6.243,-2.772,-4.378,0,-8.793,0.7932,0.8523,-0.04457,-0.5177
14.80,16.07,16.08,0,-1.52046,0,|r_qp|,cross-domain,0.0000,0.0000,3.351,0,-1.52046,0,-6.243,-2.772,-4.378,0,-8.793,1.164,0.3297,-0.7215,2.784
15.20,16.47,16.48,0,-0.60194,0,|r_qp|,cross-domain,0.0000,0.0000,3.534,0,-0.60194,0,-6.243,-2.772,-4.378,0,-8.793,2.236,0.1907,4.448,39.05
15.60,16.87,16.88,0,-1.25131,0,|r_qp|,cross-domain,0.0000,0.0000,3.420,0,-1.25131,0,-6.243,-2.772,-4.378,0,-8.793,2.965,1.264,-0.1982,-0.6505
16.00,17.27,17.28,0,-1.22301,0,|r_qp|,cross-domain,0.0000,0.0000,3.448,0,-1.22301,0,-6.243,-2.772,-4.378,0,-8.793,3.961,0.2329,-0.3261,0.6252
16.40,17.67,17.68,0,-1.23280,0,|r_qp|,cross-domain,0.0000,0.0000,3.434,0,-1.23280,0,-6.243,-2.772,-4.378,0,-8.793,3.205,0.09586,2.817,45.63
16.80,18.07,18.08,0,-1.01557,0,|r_qp|,cross-domain,0.0000,0.0000,3.345,0,-1.01557,0,-6.243,-2.772,-4.378,0,-8.793,2.132,0.2479,0.4873,-0.2692
17.20,18.47,18.48,0,-1.59168,0,|r_qp|,cross-domain,0.0000,0.0000,3.371,0,-1.59168,0,-6.243,-2.772,-4.378,0,-8.793,0.4423,0.4232,-0.9765,0.7021
17.60,18.87,18.88,0,-1.03312,0,|r_qp|,cross-domain,0.0000,0.0000,3.416,0,-1.03312,0,-6.243,-2.772,-4.378,0,-8.793,0.5494,0.5188,3.47,40.22
18.00,19.27,19.28,0,-1.23431,0,|r_qp|,cross-domain,0.0000,0.0000,3.416,0,-1.23431,0,-6.243,-2.772,-4.378,0,-8.793,1.487,1.757,0.1274,-0.6373
18.40,19.67,19.68,0,-1.27098,0,|r_qp|,cross-domain,0.0000,0.0000,3.554,0,-1.27098,0,-6.243,-2.772,-4.378,0,-8.793,3.149,0.3756,-0.3448,0.6442
18.80,20.07,20.08,0,-1.17300,0,|r_qp|,cross-domain,0.0000,0.0000,3.405,0,-1.17300,0,-6.243,-2.772,-4.378,0,-8.793,3.566,0.1996,2.79,42.98
19.20,20.47,20.48,0,-1.41388,0,|r_qp|,cross-domain,0.0000,0.0000,3.424,0,-1.41388,0,-6.243,-2.772,-4.378,0,-8.793,2.537,0.1086,-0.827,-0.4305
19.60,20.87,20.88,0,-1.61695,0,|r_qp|,cross-domain,0.0000,0.0000,3.428,0,-1.61695,0,-6.243,-2.772,-4.378,0,-8.793,0.5511,-0.1884,-1.177,0.6432
20.00,21.27,21.28,0,-1.16469,0,|r_qp|,cross-domain,0.0000,0.0000,3.391,0,-1.16469,0,-6.243,-2.772,-4.378,0,-8.793,-0.9151,-0.02,3.544,45.81
20.40,21.67,21.68,0,-1.51578,0,|r_qp|,cross-domain,0.0000,0.0000,3.543,0,-1.51578,0,-6.243,-2.772,-4.378,0,-8.793,-0.7764,0.6381,-0.623,-0.3488
20.80,22.07,22.08,0,-1.62533,0,|r_qp|,cross-domain,0.0000,0.0000,3.377,0,-1.62533,0,-6.243,-2.772,-4.378,0,-8.793,0.07706,-0.01838,-1.157,0.01118
21.20,22.47,22.48,0,-0.94580,0,|r_qp|,cross-domain,0.0000,0.0000,3.404,0,-0.94580,0,-6.243,-2.772,-4.378,0,-8.793,0.4015,0.05863,3.867,42.94
21.60,22.87,22.88,0,-1.52223,0,|r_qp|,cross-domain,0.0000,0.0000,3.418,0,-1.52223,0,-6.243,-2.772,-4.378,0,-8.793,0.4962,0.4722,-0.8239,-0.2121
22.00,23.27,23.28,0,-1.56828,0,|r_qp|,cross-domain,0.0000,0.0000,4.038,0,-1.56828,0,-6.243,-2.772,-4.378,0,-8.793,0.7463,-0.0375,-1.08,-0.1453
22.40,23.67,23.68,0,-1.41148,0,|r_qp|,cross-domain,0.0000,0.0000,3.343,0,-1.41148,0,-6.243,-2.772,-4.378,0,-8.793,0.7359,-0.0001484,2.235,40.84
22.80,24.07,24.08,0,-1.11133,0,|r_qp|,cross-domain,0.0000,0.0000,3.289,0,-1.11133,0,-6.243,-2.772,-4.378,0,-8.793,0.5812,1.008,0.5707,0.4758
23.20,24.47,24.48,0,-1.43196,0,|r_qp|,cross-domain,0.0000,0.0000,3.290,0,-1.43196,0,-6.243,-2.772,-4.378,0,-8.793,-0.5461,1.526,-0.2255,-0.1028
23.60,24.87,24.88,0,-1.76433,0,|r_qp|,cross-domain,0.0000,0.0000,3.325,0,-1.76433,0,-6.243,-2.772,-4.378,0,-8.793,-1.148,1.837,1.367,36.01
24.00,25.27,25.28,0,-1.39563,0,|r_qp|,cross-domain,0.0000,0.0000,3.374,0,-1.39563,0,-6.243,-2.772,-4.378,0,-8.793,-0.7455,3.398,0.2578,0.2773
24.40,25.67,25.68,0,-1.68176,0,|r_qp|,cross-domain,0.0000,0.0000,3.352,0,-1.68176,0,-6.243,-2.772,-4.378,0,-8.793,-0.3619,2.654,-0.8138,0.07759
24.80,26.07,26.08,0,-1.28512,0,|r_qp|,cross-domain,0.0000,0.0000,3.294,0,-1.28512,0,-6.243,-2.772,-4.378,0,-8.793,0.9591,2.343,2.771,37.58
25.20,26.47,26.48,0,-1.30075,0,|r_qp|,cross-domain,0.0000,0.0000,3.319,0,-1.30075,0,-6.243,-2.772,-4.378,0,-8.793,1.615,3.086,0.204,0.3891
25.60,26.87,26.88,0,-1.20509,0,|r_qp|,cross-domain,0.0000,0.0000,3.273,0,-1.20509,0,-6.243,-2.772,-4.378,0,-8.793,3.407,1.439,-0.06147,-0.3507
26.00,27.27,27.28,0,-1.02879,0,|r_qp|,cross-domain,0.0000,0.0000,3.292,0,-1.02879,0,-6.243,-2.772,-4.378,0,-8.793,3.622,1.053,2.866,35.62
26.40,27.67,27.68,0,-1.19364,0,|r_qp|,cross-domain,0.0000,0.0000,3.302,0,-1.19364,0,-6.243,-2.772,-4.378,0,-8.793,2.617,1.238,0.1205,0.816
26.80,28.07,28.08,0,-1.37543,0,|r_qp|,cross-domain,0.0000,0.0000,3.292,0,-1.37543,0,-6.243,-2.772,-4.378,0,-8.793,0.3539,1.479,-0.1899,-0.3364
27.20,28.47,28.48,0,-1.56148,0,|r_qp|,cross-domain,0.0000,0.0000,3.289,0,-1.56148,0,-6.243,-2.772,-4.378,0,-8.793,-0.953,2.134,2.283,39.85
27.60,28.87,28.88,0,-1.01247,0,|r_qp|,cross-domain,0.0000,0.0000,3.322,0,-1.01247,0,-6.243,-2.772,-4.378,0,-8.793,-0.8097,3.681,1.575,1.43
28.00,29.27,29.28,0,-1.36649,0,|r_qp|,cross-domain,0.0000,0.0000,3.294,0,-1.36649,0,-6.243,-2.772,-4.378,0,-8.793,-0.9324,3.547,0.3597,-0.2607
28.40,29.67,29.68,0,-1.82750,0,|r_qp|,cross-domain,0.0000,0.0000,3.297,0,-1.82750,0,-6.243,-2.772,-4.378,0,-8.793,-1.266,3.718,1.596,37.28
28.80,30.07,30.08,0,-1.46158,0,|r_qp|,cross-domain,0.0000,0.0000,3.289,0,-1.46158,0,-6.243,-2.772,-4.378,0,-8.793,-0.8508,4.647,0.3489,1.262
29.20,30.47,30.48,0,-1.34656,0,|r_qp|,cross-domain,0.0000,0.0000,3.291,0,-1.34656,0,-6.243,-2.772,-4.378,0,-8.793,1.231,2.591,-0.02953,-0.4347
29.60,30.87,30.88,0,-1.22734,0,|r_qp|,cross-domain,0.0000,0.0000,3.255,0,-1.22734,0,-6.243,-2.772,-4.378,0,-8.793,2.838,1.543,2.28,33.32
30.00,31.27,31.28,0,-1.55813,0,|r_qp|,cross-domain,0.0000,0.0000,3.332,0,-1.55813,0,-6.243,-2.772,-4.378,0,-8.793,2.781,1.114,-1.046,0.7979
30.40,31.67,31.68,0,-1.66984,0,|r_qp|,cross-domain,0.0000,0.0000,3.331,0,-1.66984,0,-6.243,-2.772,-4.378,0,-8.793,0.8507,0.4011,-1.367,-0.6566
30.80,32.07,32.08,0,-1.55773,0,|r_qp|,cross-domain,0.0000,0.0000,3.254,0,-1.55773,0,-6.243,-2.772,-4.378,0,-8.793,-0.6675,0.6518,2.072,40.82
31.20,32.47,32.48,0,-0.94200,0,|r_qp|,cross-domain,0.0000,0.0000,3.296,0,-0.94200,0,-6.243,-2.772,-4.378,0,-8.793,-1.045,0.9847,1.416,2.221
31.60,32.87,32.88,0,-1.39505,0,|r_qp|,cross-domain,0.0000,0.0000,3.295,0,-1.39505,0,-6.243,-2.772,-4.378,0,-8.793,-0.9061,1.818,-0.03452,-0.372
32.00,33.27,33.28,0,-1.53853,0,|r_qp|,cross-domain,0.0000,0.0000,3.299,0,-1.53853,0,-6.243,-2.772,-4.378,0,-8.793,-0.5764,2.097,2.13,37.38
32.40,33.67,33.68,0,-0.96000,0,|r_qp|,cross-domain,0.0000,0.0000,3.288,0,-0.96000,0,-6.243,-2.772,-4.378,0,-8.793,0.2176,4.032,1.795,3.312
32.80,34.07,34.08,0,-1.20078,0,|r_qp|,cross-domain,0.0000,0.0000,3.276,0,-1.20078,0,-6.243,-2.772,-4.378,0,-8.793,1.945,3.461,0.4655,-0.6082
33.20,34.47,34.48,0,-1.02117,0,|r_qp|,cross-domain,0.0000,0.0000,3.327,0,-1.02117,0,-6.243,-2.772,-4.378,0,-8.793,3.281,3.605,3.302,34.64
33.60,34.87,34.88,0,-1.76380,0,|r_qp|,cross-domain,0.0000,0.0000,3.295,0,-1.76380,0,-6.243,-2.772,-4.378,0,-8.793,2.951,4.199,-1.143,1.26
34.00,35.27,35.28,0,-1.73381,0,|r_qp|,cross-domain,0.0000,0.0000,3.332,0,-1.73381,0,-6.243,-2.772,-4.378,0,-8.793,1.44,2.084,-1.355,-0.7129
34.40,35.67,35.68,0,-1.30878,0,|r_qp|,cross-domain,0.0000,0.0000,3.319,0,-1.30878,0,-6.243,-2.772,-4.378,0,-8.793,0.1879,1.224,2.676,38.61
34.80,36.07,36.08,0,-1.64531,0,|r_qp|,cross-domain,0.0000,0.0000,3.284,0,-1.64531,0,-6.243,-2.772,-4.378,0,-8.793,0.03004,0.639,-1.031,1.011
35.20,36.47,36.48,0,-1.63032,0,|r_qp|,cross-domain,0.0000,0.0000,3.322,0,-1.63032,0,-6.243,-2.772,-4.378,0,-8.793,0.2456,0.05122,-1.235,-0.7568
35.60,36.87,36.88,0,-1.33568,0,|r_qp|,cross-domain,0.0000,0.0000,3.323,0,-1.33568,0,-6.243,-2.772,-4.378,0,-8.793,0.7202,0.3369,2.503,40.48
36.00,37.27,37.28,0,-1.59599,0,|r_qp|,cross-domain,0.0000,0.0000,3.340,0,-1.59599,0,-6.243,-2.772,-4.378,0,-8.793,0.5562,0.7167,-0.9646,0.5513
36.40,37.67,37.68,0,-1.65595,0,|r_qp|,cross-domain,0.0000,0.0000,3.303,0,-1.65595,0,-6.243,-2.772,-4.378,0,-8.793,0.5119,0.2342,-1.312,-0.7018
36.80,38.07,38.08,0,-1.17988,0,|r_qp|,cross-domain,0.0000,0.0000,3.290,0,-1.17988,0,-6.243,-2.772,-4.378,0,-8.793,0.315,0.2023,2.917,39.11
37.20,38.47,38.48,0,-1.53209,0,|r_qp|,cross-domain,0.0000,0.0000,4.137,0,-1.53209,0,-6.243,-2.772,-4.378,0,-8.793,0.08736,0.5549,-0.7476,0.3761
37.60,38.87,38.88,0,-1.66008,0,|r_qp|,cross-domain,0.0000,0.0000,3.324,0,-1.66008,0,-6.243,-2.772,-4.378,0,-8.793,0.2,0.1186,-1.317,-0.8697
38.00,39.27,39.28,0,-1.50530,0,|r_qp|,cross-domain,0.0000,0.0000,3.285,0,-1.50530,0,-6.243,-2.772,-4.378,0,-8.793,0.08277,-0.03435,1.982,40.25
38.40,39.67,39.68,0,-1.05789,0,|r_qp|,cross-domain,0.0000,0.0000,3.280,0,-1.05789,0,-6.243,-2.772,-4.378,0,-8.793,0.2281,0.5128,0.8307,2.434
38.80,40.07,40.08,0,-1.42030,0,|r_qp|,cross-domain,0.0000,0.0000,3.299,0,-1.42030,0,-6.243,-2.772,-4.378,0,-8.793,0.1113,0.2883,-0.5058,-0.4111
39.20,40.47,40.48,0,-1.16397,0,|r_qp|,cross-domain,0.0000,0.0000,3.667,0,-1.16397,0,-6.243,-2.772,-4.378,0,-8.793,1.007,0.142,2.562,34.67
39.60,40.87,40.88,0,-1.30245,0,|r_qp|,cross-domain,0.0000,0.0000,3.348,0,-1.30245,0,-6.243,-2.772,-4.378,0,-8.793,1.767,1.482,0.01653,2
40.00,41.27,41.28,0,-1.32785,0,|r_qp|,cross-domain,0.0000,0.0000,3.291,0,-1.32785,0,-6.243,-2.772,-4.378,0,-8.793,2.53,1.178,-0.3769,-0.4119
40.40,41.67,41.68,0,-1.11893,0,|r_qp|,cross-domain,0.0000,0.0000,3.285,0,-1.11893,0,-6.243,-2.772,-4.378,0,-8.793,3.003,1.404,2.681,34.94
40.80,42.07,42.08,0,-1.59075,0,|r_qp|,cross-domain,0.0000,0.0000,3.291,0,-1.59075,0,-6.243,-2.772,-4.378,0,-8.793,2.456,2.283,-0.9275,0.4851
41.20,42.47,42.48,0,-1.64023,0,|r_qp|,cross-domain,0.0000,0.0000,3.276,0,-1.64023,0,-6.243,-2.772,-4.378,0,-8.793,1.817,0.9437,-1.295,-0.5033
41.60,42.87,42.88,0,-1.22822,0,|r_qp|,cross-domain,0.0000,0.0000,3.320,0,-1.22822,0,-6.243,-2.772,-4.378,0,-8.793,0.6611,0.908,2.801,38.47
42.00,43.27,43.28,0,-1.50265,0,|r_qp|,cross-domain,0.0000,0.0000,3.274,0,-1.50265,0,-6.243,-2.772,-4.378,0,-8.793,0.1111,1.119,-0.4952,1.368
42.40,43.67,43.68,0,-1.38688,0,|r_qp|,cross-domain,0.0000,0.0000,3.281,0,-1.38688,0,-6.243,-2.772,-4.378,0,-8.793,0.05212,0.6986,-0.3281,-0.4529
42.80,44.07,44.08,0,-1.27661,0,|r_qp|,cross-domain,0.0000,0.0000,3.514,0,-1.27661,0,-6.243,-2.772,-4.378,0,-8.793,0.8556,0.4714,2.288,34.63
43.20,44.47,44.48,0,-0.98375,0,|r_qp|,cross-domain,0.0000,0.0000,3.450,0,-0.98375,0,-6.243,-2.772,-4.378,0,-8.793,1.983,1.009,0.8145,0.8967
43.60,44.87,44.88,0,-1.23536,0,|r_qp|,cross-domain,0.0000,0.0000,3.426,0,-1.23536,0,-6.243,-2.772,-4.378,0,-8.793,3.607,0.2662,-0.4125,-0.8136
44.00,45.27,45.28,0,-0.62089,0,|r_qp|,cross-domain,0.0000,0.0000,3.457,0,-0.62089,0,-6.243,-2.772,-4.378,0,-8.793,4.654,0.2687,3.853,35.55
44.40,45.67,45.68,0,-1.24451,0,|r_qp|,cross-domain,0.0000,0.0000,3.354,0,-1.24451,0,-6.243,-2.772,-4.378,0,-8.793,3.985,0.6482,-0.2988,0.9972
44.80,46.07,46.08,0,-1.36479,0,|r_qp|,cross-domain,0.0000,0.0000,3.415,0,-1.36479,0,-6.243,-2.772,-4.378,0,-8.793,1.476,0.729,-0.4297,-0.3603
45.20,46.47,46.48,0,-1.63723,0,|r_qp|,cross-domain,0.0000,0.0000,3.421,0,-1.63723,0,-6.243,-2.772,-4.378,0,-8.793,-0.639,1.15,1.757,38.62
45.60,46.87,46.88,0,-1.66762,0,|r_qp|,cross-domain,0.0000,0.0000,3.404,0,-1.66762,0,-6.243,-2.772,-4.378,0,-8.793,-1.045,2.409,-0.7498,-0.2809
46.00,47.27,47.28,0,-1.65401,0,|r_qp|,cross-domain,0.0000,0.0000,3.424,0,-1.65401,0,-6.243,-2.772,-4.378,0,-8.793,0.1629,0.9684,-1.143,-0.7946
46.40,47.67,47.68,0,-1.32790,0,|r_qp|,cross-domain,0.0000,0.0000,3.401,0,-1.32790,0,-6.243,-2.772,-4.378,0,-8.793,1.154,0.4396,2.457,40.01
46.80,48.07,48.08,0,-1.27780,0,|r_qp|,cross-domain,0.0000,0.0000,3.403,0,-1.27780,0,-6.243,-2.772,-4.378,0,-8.793,1.386,0.08987,-0.1333,1.469
47.20,48.47,48.48,0,-1.46718,0,|r_qp|,cross-domain,0.0000,0.0000,3.433,0,-1.46718,0,-6.243,-2.772,-4.378,0,-8.793,1.714,-0.232,-0.9537,-0.5633
47.60,48.87,48.88,0,-0.92678,0,|r_qp|,cross-domain,0.0000,0.0000,3.360,0,-0.92678,0,-6.243,-2.772,-4.378,0,-8.793,2.087,-0.1265,3.194,35.89
48.00,49.27,49.28,0,-1.33240,0,|r_qp|,cross-domain,0.0000,0.0000,3.444,0,-1.33240,0,-6.243,-2.772,-4.378,0,-8.793,2.064,0.9416,-0.2447,1.436
48.40,49.67,49.68,0,-1.62511,0,|r_qp|,cross-domain,0.0000,0.0000,3.417,0,-1.62511,0,-6.243,-2.772,-4.378,0,-8.793,0.9057,0.3763,-1.226,-0.4515
48.80,50.07,50.08,0,-1.51041,0,|r_qp|,cross-domain,0.0000,0.0000,3.542,0,-1.51041,0,-6.243,-2.772,-4.378,0,-8.793,-0.1847,0.5512,1.863,36.8
49.20,50.47,50.48,0,-1.58822,0,|r_qp|,cross-domain,0.0000,0.0000,3.461,0,-1.58822,0,-6.243,-2.772,-4.378,0,-8.793,-0.3797,0.6559,-0.806,0.9258
49.60,50.87,50.88,0,-1.61724,0,|r_qp|,cross-domain,0.0000,0.0000,3.399,0,-1.61724,0,-6.243,-2.772,-4.378,0,-8.793,0.4279,0.04064,-1.22,-0.7616
50.00,51.27,51.28,0,-1.39729,0,|r_qp|,cross-domain,0.0000,0.0000,3.478,0,-1.39729,0,-6.243,-2.772,-4.378,0,-8.793,1.361,-0.09922,2.09,39.51
50.40,51.67,51.68,0,-1.39418,0,|r_qp|,cross-domain,0.0000,0.0000,3.432,0,-1.39418,0,-6.243,-2.772,-4.378,0,-8.793,1.589,0.365,-0.5165,0.8068
50.80,52.07,52.08,0,-1.52032,0,|r_qp|,cross-domain,0.0000,0.0000,3.392,0,-1.52032,0,-6.243,-2.772,-4.378,0,-8.793,1.744,0.0667,-1.086,-0.7883
51.20,52.47,52.48,0,-1.59074,0,|r_qp|,cross-domain,0.0000,0.0000,3.479,0,-1.59074,0,-6.243,-2.772,-4.378,0,-8.793,1.961,0.1887,1.573,41.06
51.60,52.87,52.88,0,-1.55308,0,|r_qp|,cross-domain,0.0000,0.0000,3.442,0,-1.55308,0,-6.243,-2.772,-4.378,0,-8.793,1.901,0.6076,-1.057,0.03954
52.00,53.27,53.28,0,-1.55255,0,|r_qp|,cross-domain,0.0000,0.0000,3.441,0,-1.55255,0,-6.243,-2.772,-4.378,0,-8.793,1.346,0.1643,-1.082,-0.2673
52.40,53.67,53.68,0,-1.37282,0,|r_qp|,cross-domain,0.0000,0.0000,3.452,0,-1.37282,0,-6.243,-2.772,-4.378,0,-8.793,0.8822,0.1114,2.469,42.51
52.80,54.07,54.08,0,-1.62902,0,|r_qp|,cross-domain,0.0000,0.0000,3.434,0,-1.62902,0,-6.243,-2.772,-4.378,0,-8.793,0.5092,0.5421,-1.105,0.3299
53.20,54.47,54.48,0,-1.71593,0,|r_qp|,cross-domain,0.0000,0.0000,3.464,0,-1.71593,0,-6.243,-2.772,-4.378,0,-8.793,0.01719,0.03504,-1.457,-0.5414
53.60,54.87,54.88,0,-1.36888,0,|r_qp|,cross-domain,0.0000,0.0000,3.639,0,-1.36888,0,-6.243,-2.772,-4.378,0,-8.793,-0.6577,0.1036,2.491,39.83
54.00,55.27,55.28,0,-1.44887,0,|r_qp|,cross-domain,0.0000,0.0000,3.486,0,-1.44887,0,-6.243,-2.772,-4.378,0,-8.793,-0.64,0.5493,-0.3969,0.4129
54.40,55.67,55.68,0,-1.41020,0,|r_qp|,cross-domain,0.0000,0.0000,3.486,0,-1.41020,0,-6.243,-2.772,-4.378,0,-8.793,0.6288,-0.1492,-0.6467,-0.8661
54.80,56.07,56.08,0,-1.54015,0,|r_qp|,cross-domain,0.0000,0.0000,3.405,0,-1.54015,0,-6.243,-2.772,-4.378,0,-8.793,1.738,-0.5327,1.538,39.66
55.20,56.47,56.48,0,-1.51477,0,|r_qp|,cross-domain,0.0000,0.0000,3.452,0,-1.51477,0,-6.243,-2.772,-4.378,0,-8.793,1.848,0.04953,-0.9765,0.7866
55.60,56.87,56.88,0,-1.56135,0,|r_qp|,cross-domain,0.0000,0.0000,3.486,0,-1.56135,0,-6.243,-2.772,-4.378,0,-8.793,1.035,-0.2721,-1.155,-0.4341
56.00,57.27,57.28,0,-1.33481,0,|r_qp|,cross-domain,0.0000,0.0000,3.409,0,-1.33481,0,-6.243,-2.772,-4.378,0,-8.793,0.1332,-0.1523,2.575,41.62
56.40,57.67,57.68,0,-1.60479,0,|r_qp|,cross-domain,0.0000,0.0000,3.497,0,-1.60479,0,-6.243,-2.772,-4.378,0,-8.793,0.1291,0.4362,-1.013,0.1421
56.80,58.07,58.08,0,-1.65934,0,|r_qp|,cross-domain,0.0000,0.0000,3.666,0,-1.65934,0,-6.243,-2.772,-4.378,0,-8.793,0.2109,-0.03927,-1.331,-0.7022
57.20,58.47,58.48,0,-1.43812,0,|r_qp|,cross-domain,0.0000,0.0000,3.486,0,-1.43812,0,-6.243,-2.772,-4.378,0,-8.793,0.7678,0.03499,2.136,40.57
57.60,58.87,58.88,0,-1.25531,0,|r_qp|,cross-domain,0.0000,0.0000,3.458,0,-1.25531,0,-6.243,-2.772,-4.378,0,-8.793,1.212,0.2221,-0.07836,0.61
58.00,59.27,59.28,0,-1.38332,0,|r_qp|,cross-domain,0.0000,0.0000,3.420,0,-1.38332,0,-6.243,-2.772,-4.378,0,-8.793,2.335,-0.1926,-0.7776,-0.7077
58.40,59.67,59.68,0,-0.96218,0,|r_qp|,cross-domain,0.0000,0.0000,3.911,0,-0.96218,0,-6.243,-2.772,-4.378,0,-8.793,3.155,-0.07146,3.027,36.9
58.80,60.07,65.41,0,13.28597,1,e_rec,cross-domain,0.0547,0.0000,5332.924,5330,13.72347,1,-6.243,-2.772,-4.378,50,-8.793,11.05,10.53,50,50
59.20,60.47,65.41,0,11.50962,1,e_rec,cross-domain,0.3672,0.0000,4932.924,4930,14.44712,1,-6.243,-2.772,-4.378,50,-8.793,50,26.51,50,50
59.60,60.87,65.41,0,8.44390,1,e_rec,cross-domain,0.6797,0.0000,4532.924,4530,13.88140,1,-6.243,-2.772,-4.378,50,-8.793,50,36.72,50,50
60.00,61.27,65.41,0,5.20850,1,e_rec,cross-domain,0.9922,0.0000,4132.924,4130,13.14600,1,-6.243,-2.772,-4.378,50,-8.793,50,50,50,50
60.40,61.67,65.41,0,5.14600,1,e_rec,cross-domain,1.0000,0.0000,3732.924,3730,13.14600,1,-6.243,-2.772,-4.378,50,-8.793,50,50,50,50
60.80,62.07,65.41,0,6.23797,1,e_rec,cross-domain,1.0000,0.0000,3332.924,3330,14.23797,1,-6.243,-2.772,-4.378,50,-8.793,50,41.41,50,22.44
61.20,62.47,65.41,0,5.24849,1,e_rec,cross-domain,1.0000,0.0000,2932.924,2930,13.24849,1,-6.243,-2.772,-4.378,50,-8.793,50,48.15,50,50
61.60,62.87,65.41,0,5.48405,1,e_rec,cross-domain,1.0000,0.0000,2532.924,2530,13.48405,1,-6.243,-2.772,-4.378,50,-8.793,50,50,50,34.87
62.00,63.27,65.41,0,5.14600,1,e_rec,cross-domain,1.0000,0.0000,2132.924,2130,13.14600,1,-6.243,-2.772,-4.378,50,-8.793,50,50,50,50
62.40,63.67,65.41,0,5.14600,1,e_rec,cross-domain,1.0000,0.0000,1732.924,1730,13.14600,1,-6.243,-2.772,-4.378,0,-8.793,50,50,50,50
62.80,64.07,65.41,0,-5.88590,0,e_rec,cross-domain,1.0000,0.0000,1332.924,1330,2.11410,1,-6.243,-2.772,-4.378,0,-8.793,50,25.77,11.86,50
63.20,64.47,65.41,0,7.29431,1,e_rec,cross-domain,1.0000,0.0000,932.924,930,15.29431,1,-6.243,-2.772,-4.378,0,-8.793,50,18.8,50,31.21
63.60,64.87,65.41,0,8.07847,1,e_rec,cross-domain,1.0000,0.0000,532.924,530,16.07847,1,-6.243,-2.772,-4.378,0,-8.793,50,10.36,50,17.03
64.00,65.27,65.41,0,8.20020,1,e_rec,cross-domain,1.0000,0.0000,132.924,130,16.20020,1,-6.243,-2.772,-4.378,0,-8.793,50,6.571,50,20.99
64.40,65.67,67.68,0,-3.51778,0,|r_qp|,cross-domain,0.7719,0.0000,2004.420,2000,2.65722,1,-6.243,-2.772,-4.378,0,-8.793,50,6.513,7.515,10.37
64.80,66.07,67.68,0,4.66609,1,e_rec,cross-domain,0.7094,0.0000,1604.420,1600,10.34109,1,-6.243,-2.772,-4.378,0,-8.793,45.32,9.349,32.61,15.12
65.20,66.47,67.68,0,-5.71302,0,|r_qp|,cross-domain,0.5906,0.0000,1204.420,1200,-0.98802,0,-6.243,-2.772,-4.378,0,-8.793,25.77,9.513,-0.115,10.49
65.60,66.87,67.68,0,-3.07790,0,|r_qp|,cross-domain,0.4500,0.0000,804.420,800,0.52210,1,-6.243,-2.772,-4.378,0,-8.793,17.24,7.482,5.072,7.483
66.00,67.27,67.68,0,-3.27403,0,|r_qp|,cross-domain,0.2438,0.0000,404.420,400,-1.32403,0,-6.243,-2.772,-4.378,0,-8.793,9.466,5.591,0.4908,13.9
66.40,67.67,67.68,0,-1.64419,0,|r_qp|,cross-domain,0.0000,0.0000,4.420,0,-1.64419,0,-6.243,-2.772,-4.378,0,-8.793,1.287,6.815,0.05941,3.808
66.80,68.07,68.08,0,-0.17223,1,|r_qp|,cross-domain,0.0000,0.0000,3.292,0,-0.17223,1,-6.243,-2.772,-4.378,0,-8.793,1.989,8.567,5.145,8.723
67.20,68.47,68.48,0,-2.12133,0,|r_qp|,cross-domain,0.0000,0.0000,3.354,0,-2.12133,0,-6.243,-2.772,-4.378,0,-8.793,2.337,8.876,-0.8908,8.196
67.60,68.87,68.88,0,-2.04309,0,|r_qp|,cross-domain,0.0000,0.0000,3.295,0,-2.04309,0,-6.243,-2.772,-4.378,0,-8.793,1.361,6.894,-1.085,4.984
68.00,69.27,69.28,0,0.54602,1,|r_qp|,cross-domain,0.0000,0.0000,3.297,0,0.54602,1,-6.243,-2.772,-4.378,0,-8.793,0.1569,6.081,7.098,7.716
68.40,69.67,69.68,0,-1.78862,0,|r_qp|,cross-domain,0.0000,0.0000,3.296,0,-1.78862,0,-6.243,-2.772,-4.378,0,-8.793,-0.3155,5.021,-0.2304,7.548
68.80,70.07,70.08,0,-1.78571,0,|r_qp|,cross-domain,0.0000,0.0000,3.550,0,-1.78571,0,-6.243,-2.772,-4.378,0,-8.793,0.4964,5.448,-0.6276,2.094
69.20,70.47,70.48,0,-0.91504,0,|r_qp|,cross-domain,0.0000,0.0000,3.443,0,-0.91504,0,-6.243,-2.772,-4.378,0,-8.793,1.236,6.813,2.617,8.218
69.60,70.87,70.88,0,-1.89694,0,|r_qp|,cross-domain,0.0000,0.0000,3.491,0,-1.89694,0,-6.243,-2.772,-4.378,0,-8.793,0.9557,6.016,-0.6407,6.321
70.00,71.27,71.28,0,-1.99379,0,|r_qp|,cross-domain,0.0000,0.0000,3.423,0,-1.99379,0,-6.243,-2.772,-4.378,0,-8.793,0.1199,5.961,-1.101,2.563
70.40,71.67,71.68,0,-1.04579,0,|r_qp|,cross-domain,0.0000,0.0000,3.420,0,-1.04579,0,-6.243,-2.772,-4.378,0,-8.793,-0.5421,6.336,2.433,9.299
70.80,72.07,72.08,0,-1.91958,0,|r_qp|,cross-domain,0.0000,0.0000,3.489,0,-1.91958,0,-6.243,-2.772,-4.378,0,-8.793,-0.3366,5.654,-0.7239,4.634
71.20,72.47,72.48,0,-1.97284,0,|r_qp|,cross-domain,0.0000,0.0000,3.441,0,-1.97284,0,-6.243,-2.772,-4.378,0,-8.793,-0.252,5.061,-1.225,1.372
71.60,72.87,72.88,0,-1.13596,0,|r_qp|,cross-domain,0.0000,0.0000,3.446,0,-1.13596,0,-6.243,-2.772,-4.378,0,-8.793,0.338,4.686,1.755,9.202
72.00,73.27,73.28,0,-1.69673,0,|r_qp|,cross-domain,0.0000,0.0000,3.463,0,-1.69673,0,-6.243,-2.772,-4.378,0,-8.793,0.324,4.468,-0.1232,7.545
72.40,73.67,73.68,0,-1.52240,0,|r_qp|,cross-domain,0.0000,0.0000,3.404,0,-1.52240,0,-6.243,-2.772,-4.378,0,-8.793,1.261,4.589,-0.1701,0.4969
72.80,74.07,74.08,0,0.02404,1,|r_qp|,cross-domain,0.0000,0.0000,3.433,0,0.02404,1,-6.243,-2.772,-4.378,0,-8.793,2.604,5.477,5.051,7.369
73.20,74.47,74.48,0,-1.78883,0,|r_qp|,cross-domain,0.0000,0.0000,3.402,0,-1.78883,0,-6.243,-2.772,-4.378,0,-8.793,2.591,6.321,-0.6833,3.135
73.60,74.87,74.88,0,-1.94557,0,|r_qp|,cross-domain,0.0000,0.0000,3.494,0,-1.94557,0,-6.243,-2.772,-4.378,0,-8.793,1.431,5.951,-1.249,0.7048
74.00,75.27,75.28,0,-0.62431,0,|r_qp|,cross-domain,0.0000,0.0000,3.413,0,-0.62431,0,-6.243,-2.772,-4.378,0,-8.793,-0.06981,6.925,3.618,7.058
74.40,75.67,75.68,0,-1.92418,0,|r_qp|,cross-domain,0.0000,0.0000,3.413,0,-1.92418,0,-6.243,-2.772,-4.378,0,-8.793,-0.6282,5.591,-0.7611,3.919
74.80,76.07,76.08,0,-1.82058,0,|r_qp|,cross-domain,0.0000,0.0000,3.477,0,-1.82058,0,-6.243,-2.772,-4.378,0,-8.793,0.1036,4.938,-0.8837,0.4726
75.20,76.47,76.48,0,-0.19821,1,|r_qp|,cross-domain,0.0000,0.0000,3.429,0,-0.19821,1,-6.243,-2.772,-4.378,0,-8.793,1.386,4.374,4.36,7.767
75.60,76.87,76.88,0,-1.23086,0,|r_qp|,cross-domain,0.0000,0.0000,3.485,0,-1.23086,0,-6.243,-2.772,-4.378,0,-8.793,2.099,4.792,0.7869,2.388
76.00,77.27,77.28,0,-1.47770,0,|r_qp|,cross-domain,0.0000,0.0000,3.461,0,-1.47770,0,-6.243,-2.772,-4.378,0,-8.793,3.475,4.98,-0.3175,-0.5194
76.40,77.67,77.68,0,0.25189,1,|r_qp|,cross-domain,0.0000,0.0000,3.482,0,0.25189,1,-6.243,-2.772,-4.378,0,-8.793,4.601,6.241,5.544,6.131
76.80,78.07,78.08,0,-1.60937,0,|r_qp|,cross-domain,0.0000,0.0000,3.481,0,-1.60937,0,-6.243,-2.772,-4.378,0,-8.793,4.489,5.161,-0.7518,0.4926
77.20,78.47,78.48,0,-1.70039,0,|r_qp|,cross-domain,0.0000,0.0000,3.438,0,-1.70039,0,-6.243,-2.772,-4.378,0,-8.793,3.344,3.987,-1.185,-0.9351
77.60,78.87,78.88,0,-0.19310,1,|r_qp|,cross-domain,0.0000,0.0000,3.436,0,-0.19310,1,-6.243,-2.772,-4.378,0,-8.793,2.211,3.542,4.164,8.283
78.00,79.27,79.28,0,-1.37534,0,|r_qp|,cross-domain,0.0000,0.0000,3.451,0,-1.37534,0,-6.243,-2.772,-4.378,0,-8.793,1.574,2.659,-0.04755,1.057
78.40,79.67,79.68,0,-1.67351,0,|r_qp|,cross-domain,0.0000,0.0000,3.410,0,-1.67351,0,-6.243,-2.772,-4.378,0,-8.793,1.985,3.393,-1.024,-0.8352
78.80,80.07,80.08,0,-0.35063,1,|r_qp|,cross-domain,0.0000,0.0000,3.405,0,-0.35063,1,-6.243,-2.772,-4.378,0,-8.793,2.982,4.404,3.743,8.513
79.20,80.47,80.48,0,-1.01150,0,|r_qp|,cross-domain,0.0000,0.0000,3.512,0,-1.01150,0,-6.243,-2.772,-4.378,0,-8.793,3.98,4.631,1.12,1.291
79.60,80.87,80.88,0,-1.32764,0,|r_qp|,cross-domain,0.0000,0.0000,3.594,0,-1.32764,0,-6.243,-2.772,-4.378,0,-8.793,5.018,3.932,-0.2428,-0.6995
80.00,81.27,81.28,0,0.38192,1,|r_qp|,cross-domain,0.0000,0.0000,3.615,0,0.38192,1,-6.243,-2.772,-4.378,0,-8.793,5.798,4.629,5.605,7.409
80.40,81.67,81.68,0,-1.61214,0,|r_qp|,cross-domain,0.0000,0.0000,3.495,0,-1.61214,0,-6.243,-2.772,-4.378,0,-8.793,5.3,4.683,-0.9903,-0.1606
80.80,82.07,82.08,0,-1.68888,0,|r_qp|,cross-domain,0.0000,0.0000,3.422,0,-1.68888,0,-6.243,-2.772,-4.378,0,-8.793,3.615,4.19,-1.148,-0.9083
81.20,82.47,82.48,0,-0.78108,0,|r_qp|,cross-domain,0.0000,0.0000,3.487,0,-0.78108,0,-6.243,-2.772,-4.378,0,-8.793,1.917,3.954,2.56,9.743
81.60,82.87,82.88,0,-1.56293,0,|r_qp|,cross-domain,0.0000,0.0000,3.409,0,-1.56293,0,-6.243,-2.772,-4.378,0,-8.793,1.009,2.699,-0.6375,-0.2559
82.00,83.27,83.28,0,-1.63824,0,|r_qp|,cross-domain,0.0000,0.0000,3.453,0,-1.63824,0,-6.243,-2.772,-4.378,0,-8.793,1.611,2.603,-1.01,-0.9395
82.40,83.67,83.68,0,-0.13014,1,|r_qp|,cross-domain,0.0000,0.0000,3.381,0,-0.13014,1,-6.243,-2.772,-4.378,0,-8.793,2.783,2.983,4.296,9.826
82.80,84.07,84.08,0,-1.27127,0,|r_qp|,cross-domain,0.0000,0.0000,3.484,0,-1.27127,0,-6.243,-2.772,-4.378,0,-8.793,3.903,2.27,-0.1172,0.6586
83.20,84.47,84.48,0,-1.37110,0,|r_qp|,cross-domain,0.0000,0.0000,3.438,0,-1.37110,0,-6.243,-2.772,-4.378,0,-8.793,4.522,2.136,-0.6124,-0.5856
83.60,84.87,84.88,0,0.26152,1,|r_qp|,cross-domain,0.0000,0.0000,3.411,0,0.26152,1,-6.243,-2.772,-4.378,0,-8.793,5.188,3.284,5.187,8.937
84.00,85.27,85.28,0,-1.43342,0,|r_qp|,cross-domain,0.0000,0.0000,3.549,0,-1.43342,0,-6.243,-2.772,-4.378,0,-8.793,4.915,4.424,-0.4495,-0.3772
84.40,85.67,85.68,0,-1.46292,0,|r_qp|,cross-domain,0.0000,0.0000,3.443,0,-1.46292,0,-6.243,-2.772,-4.378,0,-8.793,4.649,4.607,-0.5026,-0.7719
84.80,86.07,86.08,0,-1.31191,0,|r_qp|,cross-domain,0.0000,0.0000,3.382,0,-1.31191,0,-6.243,-2.772,-4.378,0,-8.793,3.931,4.914,1.159,14.5
85.20,86.47,86.48,0,-1.43120,0,|r_qp|,cross-domain,0.0000,0.0000,3.452,0,-1.43120,0,-6.243,-2.772,-4.378,0,-8.793,3.103,3.282,-0.382,-0.01561
85.60,86.87,86.88,0,-1.57125,0,|r_qp|,cross-domain,0.0000,0.0000,3.469,0,-1.57125,0,-6.243,-2.772,-4.378,0,-8.793,2.716,3.284,-0.8069,-0.6372
86.00,87.27,87.28,0,-0.48192,0,|r_qp|,cross-domain,0.0000,0.0000,3.498,0,-0.48192,0,-6.243,-2.772,-4.378,0,-8.793,2.785,4.017,3.372,9.593
86.40,87.67,87.68,0,-1.21709,0,|r_qp|,cross-domain,0.0000,0.0000,3.477,0,-1.21709,0,-6.243,-2.772,-4.378,0,-8.793,3.305,4.948,0.53,-0.1157
86.80,88.07,88.08,0,-1.33279,0,|r_qp|,cross-domain,0.0000,0.0000,3.373,0,-1.33279,0,-6.243,-2.772,-4.378,0,-8.793,4.37,4.321,-0.1038,-0.6148
87.20,88.47,88.48,0,-0.59042,0,|r_qp|,cross-domain,0.0000,0.0000,3.512,0,-0.59042,0,-6.243,-2.772,-4.378,0,-8.793,5.634,4.562,2.835,10.56
87.60,88.87,88.88,0,-1.29276,0,|r_qp|,cross-domain,0.0000,0.0000,3.456,0,-1.29276,0,-6.243,-2.772,-4.378,0,-8.793,5.756,3.463,-0.3085,-0.6873
88.00,89.27,89.28,0,-1.51189,0,|r_qp|,cross-domain,0.0000,0.0000,3.481,0,-1.51189,0,-6.243,-2.772,-4.378,0,-8.793,4.635,3.694,-0.8054,-0.7394
88.40,89.67,89.68,0,-0.84736,0,|r_qp|,cross-domain,0.0000,0.0000,3.465,0,-0.84736,0,-6.243,-2.772,-4.378,0,-8.793,2.984,4.367,2.501,12.8
88.80,90.07,90.08,0,-1.37897,0,|r_qp|,cross-domain,0.0000,0.0000,3.398,0,-1.37897,0,-6.243,-2.772,-4.378,0,-8.793,1.985,3.008,-0.1801,-0.8087
89.20,90.47,90.48,0,-1.57845,0,|r_qp|,cross-domain,0.0000,0.0000,3.449,0,-1.57845,0,-6.243,-2.772,-4.378,0,-8.793,1.898,3.076,-0.7693,-0.7657
89.60,90.87,90.88,0,-1.42242,0,|r_qp|,cross-domain,0.0000,0.0000,3.426,0,-1.42242,0,-6.243,-2.772,-4.378,0,-8.793,2,3.407,0.8652,15.35
90.00,91.27,91.28,0,-1.39339,0,|r_qp|,cross-domain,0.0000,0.0000,3.512,0,-1.39339,0,-6.243,-2.772,-4.378,0,-8.793,2.178,3.231,-0.1806,-0.3674
90.40,91.67,91.68,0,-1.47928,0,|r_qp|,cross-domain,0.0000,0.0000,3.446,0,-1.47928,0,-6.243,-2.772,-4.378,0,-8.793,2.698,2.058,-0.7299,-0.6301
90.80,92.07,92.08,0,-1.02148,0,|r_qp|,cross-domain,0.0000,0.0000,3.349,0,-1.02148,0,-6.243,-2.772,-4.378,0,-8.793,3.115,1.595,1.442,12.34
91.20,92.47,92.48,0,-1.49883,0,|r_qp|,cross-domain,0.0000,0.0000,3.470,0,-1.49883,0,-6.243,-2.772,-4.378,0,-8.793,2.827,2.368,-0.7678,-0.8332
91.60,92.87,92.88,0,-1.70995,0,|r_qp|,cross-domain,0.0000,0.0000,3.440,0,-1.70995,0,-6.243,-2.772,-4.378,0,-8.793,1.616,2.105,-1.298,-0.6721
92.00,93.27,93.28,0,-1.15351,0,|r_qp|,cross-domain,0.0000,0.0000,3.604,0,-1.15351,0,-6.243,-2.772,-4.378,0,-8.793,0.4998,2.432,1.476,11.82
92.40,93.67,93.68,0,-1.51677,0,|r_qp|,cross-domain,0.0000,0.0000,3.519,0,-1.51677,0,-6.243,-2.772,-4.378,0,-8.793,0.3369,1.47,-0.6251,-0.339
92.80,94.07,94.08,0,-1.57310,0,|r_qp|,cross-domain,0.0000,0.0000,3.400,0,-1.57310,0,-6.243,-2.772,-4.378,0,-8.793,0.9773,1.178,-0.9623,-0.8051
93.20,94.47,94.48,0,-0.71883,0,|r_qp|,cross-domain,0.0000,0.0000,3.487,0,-0.71883,0,-6.243,-2.772,-4.378,0,-8.793,2.255,1.892,2.431,10.83
93.60,94.87,94.88,0,-1.05173,0,|r_qp|,cross-domain,0.0000,0.0000,3.434,0,-1.05173,0,-6.243,-2.772,-4.378,0,-8.793,3.464,2.618,0.6227,-0.09762
94.00,95.27,95.28,0,-1.22305,0,|r_qp|,cross-domain,0.0000,0.0000,3.425,0,-1.22305,0,-6.243,-2.772,-4.378,0,-8.793,4.853,2.59,-0.1285,-0.6983
94.40,95.67,95.68,0,-0.80448,0,|r_qp|,cross-domain,0.0000,0.0000,3.467,0,-0.80448,0,-6.243,-2.772,-4.378,0,-8.793,5.489,3.038,1.873,9.694
94.80,96.07,96.08,0,-1.34871,0,|r_qp|,cross-domain,0.0000,0.0000,3.413,0,-1.34871,0,-6.243,-2.772,-4.378,0,-8.793,4.921,2.135,-0.6,-0.67
95.20,96.47,96.48,0,-1.53898,0,|r_qp|,cross-domain,0.0000,0.0000,3.469,0,-1.53898,0,-6.243,-2.772,-4.378,0,-8.793,3.489,1.578,-1.107,-0.7876
95.60,96.87,96.88,0,-0.92325,0,|r_qp|,cross-domain,0.0000,0.0000,3.403,0,-0.92325,0,-6.243,-2.772,-4.378,0,-8.793,2.086,1.855,1.924,12.38
96.00,97.27,97.28,0,-1.19480,0,|r_qp|,cross-domain,0.0000,0.0000,3.433,0,-1.19480,0,-6.243,-2.772,-4.378,0,-8.793,1.908,1.536,0.1674,-0.5001
96.40,97.67,97.68,0,-1.37704,0,|r_qp|,cross-domain,0.0000,0.0000,3.471,0,-1.37704,0,-6.243,-2.772,-4.378,0,-8.793,2.541,1.492,-0.5081,-0.8721
96.80,98.07,98.08,0,-1.16998,0,|r_qp|,cross-domain,0.0000,0.0000,3.410,0,-1.16998,0,-6.243,-2.772,-4.378,0,-8.793,3.453,2.698,1.289,14.65
97.20,98.47,98.48,0,-1.23716,0,|r_qp|,cross-domain,0.0000,0.0000,3.448,0,-1.23716,0,-6.243,-2.772,-4.378,0,-8.793,3.936,2.223,-0.07764,-0.1161
97.60,98.87,98.88,0,-1.49189,0,|r_qp|,cross-domain,0.0000,0.0000,3.442,0,-1.49189,0,-6.243,-2.772,-4.378,0,-8.793,3.577,1.864,-0.9179,-0.6892
98.00,99.27,99.28,0,-0.23201,1,|r_qp|,cross-domain,0.0000,0.0000,3.454,0,-0.23201,1,-6.243,-2.772,-4.378,0,-8.793,3.376,1.612,3.568,8.306
98.40,99.67,99.68,0,-1.33018,0,|r_qp|,cross-domain,0.0000,0.0000,3.453,0,-1.33018,0,-6.243,-2.772,-4.378,0,-8.793,2.671,-0.4339,-0.6871,-0.5533
98.80,100.07,100.08,0,-1.54772,0,|r_qp|,cross-domain,0.0000,0.0000,3.357,0,-1.54772,0,-6.243,-2.772,-4.378,0,-8.793,2.088,-0.06898,-1.225,-0.6062
99.20,100.47,100.48,0,-0.76983,0,|r_qp|,cross-domain,0.0000,0.0000,3.511,0,-0.76983,0,-6.243,-2.772,-4.378,0,-8.793,0.9691,0.8384,3.101,23.06
99.60,100.87,100.88,0,-1.50704,0,|r_qp|,cross-domain,0.0000,0.0000,3.429,0,-1.50704,0,-6.243,-2.772,-4.378,0,-8.793,0.4879,-0.07782,-0.8591,-0.0542
100.00,101.27,101.28,0,-1.52263,0,|r_qp|,cross-domain,0.0000,0.0000,3.415,0,-1.52263,0,-6.243,-2.772,-4.378,0,-8.793,0.4946,-0.2083,-0.9831,-0.8216
100.40,101.67,101.68,0,-0.63096,0,|r_qp|,cross-domain,0.0000,0.0000,3.450,0,-0.63096,0,-6.243,-2.772,-4.378,0,-8.793,0.9263,0.1966,3.399,22.68
100.80,102.07,102.08,0,-0.98974,0,|r_qp|,cross-domain,0.0000,0.0000,3.349,0,-0.98974,0,-6.243,-2.772,-4.378,0,-8.793,1.564,-0.03773,0.5934,-0.2258
101.20,102.47,102.48,0,-1.42949,0,|r_qp|,cross-domain,0.0000,0.0000,3.432,0,-1.42949,0,-6.243,-2.772,-4.378,0,-8.793,2.284,-0.03195,-0.8617,-0.3569
101.60,102.87,102.88,0,-0.70472,0,|r_qp|,cross-domain,0.0000,0.0000,3.478,0,-0.70472,0,-6.243,-2.772,-4.378,0,-8.793,3.119,0.1599,3.089,25.63
102.00,103.27,103.28,0,-1.49792,0,|r_qp|,cross-domain,0.0000,0.0000,3.437,0,-1.49792,0,-6.243,-2.772,-4.378,0,-8.793,3.049,-0.1896,-1.186,-0.1902
102.40,103.67,103.68,0,-1.58529,0,|r_qp|,cross-domain,0.0000,0.0000,3.445,0,-1.58529,0,-6.243,-2.772,-4.378,0,-8.793,1.669,-0.469,-1.363,-0.7145
102.80,104.07,104.08,0,-1.70537,0,|r_qp|,cross-domain,0.0000,0.0000,3.342,0,-1.70537,0,-6.243,-2.772,-4.378,0,-8.793,0.1868,-0.2249,0.7358,31.78
103.20,104.47,104.48,0,-1.58702,0,|r_qp|,cross-domain,0.0000,0.0000,3.433,0,-1.58702,0,-6.243,-2.772,-4.378,0,-8.793,-0.1992,-0.4571,-1.097,-0.2614
103.60,104.87,104.88,0,-1.55380,0,|r_qp|,cross-domain,0.0000,0.0000,3.444,0,-1.55380,0,-6.243,-2.772,-4.378,0,-8.793,0.01577,-0.5267,-1.075,-0.8526
104.00,105.27,105.28,0,-1.02452,0,|r_qp|,cross-domain,0.0000,0.0000,3.445,0,-1.02452,0,-6.243,-2.772,-4.378,0,-8.793,0.2298,-0.4013,2.317,24.78
104.40,105.67,105.68,0,-1.57045,0,|r_qp|,cross-domain,0.0000,0.0000,3.556,0,-1.57045,0,-6.243,-2.772,-4.378,0,-8.793,-0.0785,-0.5166,-1.09,-0.5303
104.80,106.07,106.08,0,-1.63289,0,|r_qp|,cross-domain,0.0000,0.0000,3.251,0,-1.63289,0,-6.243,-2.772,-4.378,0,-8.793,-0.007234,-0.6777,-1.307,-0.3579
105.20,106.47,106.48,0,-0.59266,0,|r_qp|,cross-domain,0.0000,0.0000,3.313,0,-0.59266,0,-6.243,-2.772,-4.378,0,-8.793,0.2752,-0.45,3.495,22.77
105.60,106.87,106.88,0,-1.26021,0,|r_qp|,cross-domain,0.0000,0.0000,3.335,0,-1.26021,0,-6.243,-2.772,-4.378,0,-8.793,0.4428,-0.6418,-0.2227,-0.5467
106.00,107.27,107.28,0,-1.62334,0,|r_qp|,cross-domain,0.0000,0.0000,3.523,0,-1.62334,0,-6.243,-2.772,-4.378,0,-8.793,0.6802,-0.2221,-1.309,-0.6687
106.40,107.67,107.68,0,-0.92970,0,|r_qp|,cross-domain,0.0000,0.0000,4.085,0,-0.92970,0,-6.243,-2.772,-4.378,0,-8.793,0.4979,0.128,2.704,25.34
106.80,108.07,108.08,0,-1.23842,0,|r_qp|,cross-domain,0.0000,0.0000,3.358,0,-1.23842,0,-6.243,-2.772,-4.378,0,-8.793,0.801,-0.1719,-0.08923,-0.08599
107.20,108.47,108.48,0,-1.35503,0,|r_qp|,cross-domain,0.0000,0.0000,3.454,0,-1.35503,0,-6.243,-2.772,-4.378,0,-8.793,1.632,-0.6632,-0.6878,-0.8031
107.60,108.87,108.88,0,-0.90115,0,|r_qp|,cross-domain,0.0000,0.0000,3.444,0,-0.90115,0,-6.243,-2.772,-4.378,0,-8.793,2.757,-0.4249,2.771,30.58
108.00,109.27,109.28,0,-1.02649,0,|r_qp|,cross-domain,0.0000,0.0000,3.437,0,-1.02649,0,-6.243,-2.772,-4.378,0,-8.793,3.412,-0.3327,0.2042,-0.08497
108.40,109.67,109.68,0,-1.17629,0,|r_qp|,cross-domain,0.0000,0.0000,3.506,0,-1.17629,0,-6.243,-2.772,-4.378,0,-8.793,3.673,0.1226,-0.2405,-0.4844
108.80,110.07,110.08,0,-1.44487,0,|r_qp|,cross-domain,0.0000,0.0000,3.548,0,-1.44487,0,-6.243,-2.772,-4.378,0,-8.793,3.873,1.327,1.354,32.06
109.20,110.47,110.48,0,-1.58547,0,|r_qp|,cross-domain,0.0000,0.0000,3.473,0,-1.58547,0,-6.243,-2.772,-4.378,0,-8.793,3.359,1.583,-1.207,-0.4097
109.60,110.87,110.88,0,-1.69323,0,|r_qp|,cross-domain,0.0000,0.0000,3.454,0,-1.69323,0,-6.243,-2.772,-4.378,0,-8.793,1.22,1.232,-1.32,-0.3142
110.00,111.27,111.28,0,-0.85680,0,|r_qp|,cross-domain,0.0000,0.0000,3.419,0,-0.85680,0,-6.243,-2.772,-4.378,0,-8.793,-0.5541,0.6838,3.112,24.68
110.40,111.67,111.68,0,-1.15752,0,|r_qp|,cross-domain,0.0000,0.0000,3.458,0,-1.15752,0,-6.243,-2.772,-4.378,0,-8.793,-0.7162,0.0434,0.3718,-0.3512
110.80,112.07,112.08,0,-1.47726,0,|r_qp|,cross-domain,0.0000,0.0000,3.466,0,-1.47726,0,-6.243,-2.772,-4.378,0,-8.793,1.012,-0.2132,-0.908,-0.7933
111.20,112.47,112.48,0,-0.92798,0,|r_qp|,cross-domain,0.0000,0.0000,3.438,0,-0.92798,0,-6.243,-2.772,-4.378,0,-8.793,2.354,-0.2699,2.422,25.59
111.60,112.87,112.88,0,-0.76480,0,|r_qp|,cross-domain,0.0000,0.0000,3.494,0,-0.76480,0,-6.243,-2.772,-4.378,0,-8.793,2.899,-0.3055,1.107,0.294
112.00,113.27,113.28,0,-1.12250,0,|r_qp|,cross-domain,0.0000,0.0000,3.361,0,-1.12250,0,-6.243,-2.772,-4.378,0,-8.793,3.497,-0.365,-0.1592,-0.8259
112.40,113.67,113.68,0,-0.92240,0,|r_qp|,cross-domain,0.0000,0.0000,3.309,0,-0.92240,0,-6.243,-2.772,-4.378,0,-8.793,3.871,0.009542,2.288,25.51
112.80,114.07,114.08,0,-1.23225,0,|r_qp|,cross-domain,0.0000,0.0000,3.283,0,-1.23225,0,-6.243,-2.772,-4.378,0,-8.793,3.548,-0.4265,-0.5014,-0.6361
113.20,114.47,114.48,0,-1.59030,0,|r_qp|,cross-domain,0.0000,0.0000,3.286,0,-1.59030,0,-6.243,-2.772,-4.378,0,-8.793,1.297,-0.4278,-1.331,-0.8124
113.60,114.87,114.88,0,-1.66017,0,|r_qp|,cross-domain,0.0000,0.0000,3.566,0,-1.66017,0,-6.243,-2.772,-4.378,0,-8.793,-0.5044,0.007647,0.9326,30.76
114.00,115.27,115.28,0,-1.38854,0,|r_qp|,cross-domain,0.0000,0.0000,3.479,0,-1.38854,0,-6.243,-2.772,-4.378,0,-8.793,-0.9155,0.201,-0.2782,-0.2093
114.40,115.67,115.68,0,-1.38049,0,|r_qp|,cross-domain,0.0000,0.0000,3.434,0,-1.38049,0,-6.243,-2.772,-4.378,0,-8.793,0.2406,0.5085,-0.3841,-0.7321
114.80,116.07,116.08,0,-1.98120,0,|r_qp|,cross-domain,0.0000,0.0000,3.451,0,-1.98120,0,-6.243,-2.772,-4.378,0,-8.793,1.043,1.631,0.3085,34.9
115.20,116.47,116.48,0,-1.50395,0,|r_qp|,cross-domain,0.0000,0.0000,3.438,0,-1.50395,0,-6.243,-2.772,-4.378,0,-8.793,1.271,1.658,-0.5966,0.7621
115.60,116.87,116.88,0,-1.45682,0,|r_qp|,cross-domain,0.0000,0.0000,3.476,0,-1.45682,0,-6.243,-2.772,-4.378,0,-8.793,1.305,1.114,-0.6478,-0.6792
116.00,117.27,117.28,0,-0.18305,1,|r_qp|,cross-domain,0.0000,0.0000,3.376,0,-0.18305,1,-6.243,-2.772,-4.378,0,-8.793,2.1,0.4597,4.594,21.51
116.40,117.67,117.68,0,-1.44575,0,|r_qp|,cross-domain,0.0000,0.0000,3.411,0,-1.44575,0,-6.243,-2.772,-4.378,0,-8.793,2.565,-0.01846,-0.9394,-0.2699
116.80,118.07,118.08,0,-1.52675,0,|r_qp|,cross-domain,0.0000,0.0000,3.455,0,-1.52675,0,-6.243,-2.772,-4.378,0,-8.793,2.282,0.2544,-1.129,-0.5973
117.20,118.47,118.48,0,-1.59466,0,|r_qp|,cross-domain,0.0000,0.0000,3.407,0,-1.59466,0,-6.243,-2.772,-4.378,0,-8.793,1.251,1.191,1.092,30.45
117.60,118.87,118.88,0,-1.34257,0,|r_qp|,cross-domain,0.0000,0.0000,3.611,0,-1.34257,0,-6.243,-2.772,-4.378,0,-8.793,0.6751,1.36,-0.1276,-0.01221
118.00,119.27,119.28,0,-1.65445,0,|r_qp|,cross-domain,0.0000,0.0000,3.495,0,-1.65445,0,-6.243,-2.772,-4.378,0,-8.793,0.6708,0.8817,-1.216,-0.6747
118.40,119.67,119.68,0,-0.96571,0,|r_qp|,cross-domain,0.0000,0.0000,3.594,0,-0.96571,0,-6.243,-2.772,-4.378,0,-8.793,1.542,0.4798,2.68,27.67
118.80,120.07,120.08,0,-0.70821,0,|r_qp|,cross-domain,0.0000,0.0000,3.736,0,-0.70821,0,-6.243,-2.772,-4.378,0,-8.793,2.52,-0.02599,1.352,-0.06643
119.20,120.47,120.48,0,-1.23108,0,|r_qp|,cross-domain,0.0000,0.0000,3.533,0,-1.23108,0,-6.243,-2.772,-4.378,0,-8.793,3.83,-0.1321,-0.4769,-0.542
119.60,120.87,120.88,0,-0.94662,0,|r_qp|,cross-domain,0.0000,0.0000,3.437,0,-0.94662,0,-6.243,-2.772,-4.378,0,-8.793,4.597,-0.04371,2.338,28.79
120.00,121.27,121.28,0,-1.20844,0,|r_qp|,cross-domain,0.0000,0.0000,3.476,0,-1.20844,0,-6.243,-2.772,-4.378,0,-8.793,3.854,-0.3145,-0.4457,-0.605
120.40,121.67,121.68,0,-1.54126,0,|r_qp|,cross-domain,0.0000,0.0000,3.422,0,-1.54126,0,-6.243,-2.772,-4.378,0,-8.793,1.597,-0.4653,-1.199,-0.4515
120.80,122.07,122.08,0,-1.35575,0,|r_qp|,cross-domain,0.0000,0.0000,3.453,0,-1.35575,0,-6.243,-2.772,-4.378,0,-8.793,-0.39,0.03207,1.74,29.01
121.20,122.47,122.48,0,-1.40356,0,|r_qp|,cross-domain,0.0000,0.0000,3.370,0,-1.40356,0,-6.243,-2.772,-4.378,0,-8.793,-0.7608,-0.03687,-0.38,-0.1394
121.60,122.87,122.88,0,-1.51857,0,|r_qp|,cross-domain,0.0000,0.0000,3.373,0,-1.51857,0,-6.243,-2.772,-4.378,0,-8.793,0.7723,-0.1203,-0.9784,-0.6397
122.00,123.27,123.28,0,-0.20681,1,|r_qp|,cross-domain,0.0000,0.0000,3.471,0,-0.20681,1,-6.243,-2.772,-4.378,0,-8.793,2.653,0.05941,4.56,24.1
122.40,123.67,123.68,0,-0.48130,0,|r_qp|,cross-domain,0.0000,0.0000,3.452,0,-0.48130,0,-6.243,-2.772,-4.378,0,-8.793,4.112,-0.1949,1.852,0.389
122.80,124.07,124.08,0,-0.80438,0,|r_qp|,cross-domain,0.0000,0.0000,3.503,0,-0.80438,0,-6.243,-2.772,-4.378,0,-8.793,5.464,-0.3786,0.5756,-0.7235
123.20,124.47,124.48,0,-0.34168,1,|r_qp|,cross-domain,0.0000,0.0000,3.450,0,-0.34168,1,-6.243,-2.772,-4.378,0,-8.793,6.055,-0.00516,3.59,22.5
123.60,124.87,124.88,0,-1.36161,0,|r_qp|,cross-domain,0.0000,0.0000,3.423,0,-1.36161,0,-6.243,-2.772,-4.378,0,-8.793,4.957,-0.3192,-1.054,-0.5263
124.00,125.27,125.28,0,-1.20017,0,|r_qp|,cross-domain,0.0000,0.0000,3.433,0,-1.20017,0,-6.243,-2.772,-4.378,0,-8.793,2.594,0.7571,-0.04622,-0.1617
124.40,125.67,125.68,0,-1.71016,0,|r_qp|,cross-domain,0.0000,0.0000,3.667,0,-1.71016,0,-6.243,-2.772,-4.378,0,-8.793,0.6599,2.584,1.337,34.64
124.80,126.07,126.08,0,-1.50763,0,|r_qp|,cross-domain,0.0000,0.0000,3.590,0,-1.50763,0,-6.243,-2.772,-4.378,0,-8.793,0.4738,3.604,-0.2517,-0.3643
125.20,126.47,126.48,0,-1.43865,0,|r_qp|,cross-domain,0.0000,0.0000,3.476,0,-1.43865,0,-6.243,-2.772,-4.378,0,-8.793,1.492,4.707,0.012,-0.472
125.60,126.87,126.88,0,-2.06366,0,|r_qp|,cross-domain,0.0000,0.0000,3.445,0,-2.06366,0,-6.243,-2.772,-4.378,0,-8.793,2.422,5.739,1.042,41.61
126.00,127.27,127.28,0,-1.24901,0,|r_qp|,cross-domain,0.0000,0.0000,3.456,0,-1.24901,0,-6.243,-2.772,-4.378,0,-8.793,2.834,5.582,0.6123,0.06702
126.40,127.67,127.68,0,-1.28213,0,|r_qp|,cross-domain,0.0000,0.0000,3.472,0,-1.28213,0,-6.243,-2.772,-4.378,0,-8.793,3.437,5.229,0.3464,-0.3216
126.80,128.07,128.08,0,-1.34405,0,|r_qp|,cross-domain,0.0000,0.0000,3.415,0,-1.34405,0,-6.243,-2.772,-4.378,0,-8.793,4.197,4.741,2.158,31.36
127.20,128.47,128.48,0,-1.45633,0,|r_qp|,cross-domain,0.0000,0.0000,3.485,0,-1.45633,0,-6.243,-2.772,-4.378,0,-8.793,4.285,4.238,-0.4744,-0.4175
127.60,128.87,128.88,0,-1.67766,0,|r_qp|,cross-domain,0.0000,0.0000,3.391,0,-1.67766,0,-6.243,-2.772,-4.378,0,-8.793,2.849,2.898,-1.225,-0.737
128.00,129.27,129.28,0,-0.96991,0,|r_qp|,cross-domain,0.0000,0.0000,3.473,0,-0.96991,0,-6.243,-2.772,-4.378,0,-8.793,1.692,1.016,3.035,31.95
128.40,129.67,129.68,0,-1.05913,0,|r_qp|,cross-domain,0.0000,0.0000,3.401,0,-1.05913,0,-6.243,-2.772,-4.378,0,-8.793,1.661,-0.207,0.351,-0.04125
128.80,130.07,130.08,0,-1.00392,0,|r_qp|,cross-domain,0.0000,0.0000,3.404,0,-1.00392,0,-6.243,-2.772,-4.378,0,-8.793,3.217,1.353,0.5475,-0.6498
129.20,130.47,130.48,0,-1.71986,0,|r_qp|,cross-domain,0.0000,0.0000,3.468,0,-1.71986,0,-6.243,-2.772,-4.378,0,-8.793,4.471,3.723,0.911,33.11
129.60,130.87,130.88,0,-1.48594,0,|r_qp|,cross-domain,0.0000,0.0000,3.441,0,-1.48594,0,-6.243,-2.772,-4.378,0,-8.793,4.127,5.187,-0.3688,-0.2045
130.00,131.27,131.28,0,-1.36510,0,|r_qp|,cross-domain,0.0000,0.0000,3.472,0,-1.36510,0,-6.243,-2.772,-4.378,0,-8.793,3.296,5.188,0.1074,-0.2385
130.40,131.67,131.68,0,-2.16375,0,|r_qp|,cross-domain,0.0000,0.0000,3.425,0,-2.16375,0,-6.243,-2.772,-4.378,0,-8.793,2.329,5.033,0.3017,36.92
130.80,132.07,132.08,0,-1.66085,0,|r_qp|,cross-domain,0.0000,0.0000,3.477,0,-1.66085,0,-6.243,-2.772,-4.378,0,-8.793,2.097,4.044,-0.8582,-0.4013
131.20,132.47,132.48,0,-1.40050,0,|r_qp|,cross-domain,0.0000,0.0000,3.491,0,-1.40050,0,-6.243,-2.772,-4.378,0,-8.793,1.505,2.603,-0.2231,-0.3556
131.60,132.87,132.88,0,-1.90295,0,|r_qp|,cross-domain,0.0000,0.0000,3.458,0,-1.90295,0,-6.243,-2.772,-4.378,0,-8.793,0.8451,1.187,0.7034,37.87
132.00,133.27,133.28,0,-1.48790,0,|r_qp|,cross-domain,0.0000,0.0000,3.428,0,-1.48790,0,-6.243,-2.772,-4.378,0,-8.793,0.7548,0.3889,-0.7694,-0.2729
132.40,133.67,133.68,0,-1.57244,0,|r_qp|,cross-domain,0.0000,0.0000,3.432,0,-1.57244,0,-6.243,-2.772,-4.378,0,-8.793,0.7202,0.209,-1.075,-0.5412
132.80,134.07,134.08,0,-1.40649,0,|r_qp|,cross-domain,0.0000,0.0000,3.426,0,-1.40649,0,-6.243,-2.772,-4.378,0,-8.793,1.317,0.2321,1.48,30.17
133.20,134.47,134.48,0,-0.92891,0,|r_qp|,cross-domain,0.0000,0.0000,3.509,0,-0.92891,0,-6.243,-2.772,-4.378,0,-8.793,2.003,0.3228,0.8161,0.2028
133.60,134.87,134.88,0,-1.09129,0,|r_qp|,cross-domain,0.0000,0.0000,3.411,0,-1.09129,0,-6.243,-2.772,-4.378,0,-8.793,3.598,1.422,0.2493,-0.5367
134.00,135.27,135.28,0,-1.40233,0,|r_qp|,cross-domain,0.0000,0.0000,3.508,0,-1.40233,0,-6.243,-2.772,-4.378,0,-8.793,4.952,2.856,1.767,34.36
134.40,135.67,135.68,0,-1.39325,0,|r_qp|,cross-domain,0.0000,0.0000,3.396,0,-1.39325,0,-6.243,-2.772,-4.378,0,-8.793,4.674,3.286,-0.5147,-0.7462
134.80,136.07,136.08,0,-1.74938,0,|r_qp|,cross-domain,0.0000,0.0000,3.390,0,-1.74938,0,-6.243,-2.772,-4.378,0,-8.793,2.174,2.412,-1.429,-0.5387
135.20,136.47,136.48,0,-1.28567,0,|r_qp|,cross-domain,0.0000,0.0000,3.492,0,-1.28567,0,-6.243,-2.772,-4.378,0,-8.793,-0.1341,1.417,1.891,25.11
135.60,136.87,136.88,0,-1.60502,0,|r_qp|,cross-domain,0.0000,0.0000,3.460,0,-1.60502,0,-6.243,-2.772,-4.378,0,-8.793,-1.075,0.06834,-0.9446,-0.1641
136.00,137.27,137.28,0,-1.64459,0,|r_qp|,cross-domain,0.0000,0.0000,3.443,0,-1.64459,0,-6.243,-2.772,-4.378,0,-8.793,-0.2059,-0.01351,-1.242,-0.9068
136.40,137.67,137.68,0,-1.77800,0,|r_qp|,cross-domain,0.0000,0.0000,3.457,0,-1.77800,0,-6.243,-2.772,-4.378,0,-8.793,0.4732,0.2895,0.6158,32.54
136.80,138.07,138.08,0,-0.87532,0,|r_qp|,cross-domain,0.0000,0.0000,3.461,0,-0.87532,0,-6.243,-2.772,-4.378,0,-8.793,1.201,-0.007626,1.026,0.1905
137.20,138.47,138.48,0,-1.21578,0,|r_qp|,cross-domain,0.0000,0.0000,3.512,0,-1.21578,0,-6.243,-2.772,-4.378,0,-8.793,2.468,-0.2707,-0.2865,-0.6361
137.60,138.87,138.88,0,-1.01127,0,|r_qp|,cross-domain,0.0000,0.0000,3.400,0,-1.01127,0,-6.243,-2.772,-4.378,0,-8.793,4.352,-0.3059,2.324,31.67
138.00,139.27,139.28,0,-1.08531,0,|r_qp|,cross-domain,0.0000,0.0000,3.436,0,-1.08531,0,-6.243,-2.772,-4.378,0,-8.793,5.381,-0.1652,-0.2102,-0.2435
138.40,139.67,139.68,0,-0.86295,0,|r_qp|,cross-domain,0.0000,0.0000,3.446,0,-0.86295,0,-6.243,-2.772,-4.378,0,-8.793,4.921,1.448,0.8073,-0.2722
138.80,140.07,140.08,0,-1.41433,0,|r_qp|,cross-domain,0.0000,0.0000,3.497,0,-1.41433,0,-6.243,-2.772,-4.378,0,-8.793,3.624,3.689,1.976,33.41
139.20,140.47,140.48,0,-1.50694,0,|r_qp|,cross-domain,0.0000,0.0000,3.481,0,-1.50694,0,-6.243,-2.772,-4.378,0,-8.793,2.529,4.742,-0.3144,-0.3272
139.60,140.87,140.88,0,-1.50054,0,|r_qp|,cross-domain,0.0000,0.0000,3.424,0,-1.50054,0,-6.243,-2.772,-4.378,0,-8.793,2.197,4.706,-0.2834,-0.6863
140.00,141.27,141.28,0,-1.89637,0,|r_qp|,cross-domain,0.0000,0.0000,3.434,0,-1.89637,0,-6.243,-2.772,-4.378,0,-8.793,2.21,5.154,1.316,39.15
140.40,141.67,141.68,0,-1.27264,0,|r_qp|,cross-domain,0.0000,0.0000,3.462,0,-1.27264,0,-6.243,-2.772,-4.378,0,-8.793,2.547,4.56,0.3941,-0.03842
140.80,142.07,142.08,0,-1.43577,0,|r_qp|,cross-domain,0.0000,0.0000,3.302,0,-1.43577,0,-6.243,-2.772,-4.378,0,-8.793,3.318,3.294,-0.4641,-0.6363
141.20,142.47,142.48,0,-0.43708,1,|r_qp|,cross-domain,0.0000,0.0000,3.290,0,-0.43708,1,-6.243,-2.772,-4.378,0,-8.793,3.757,1.544,3.883,22.94
141.60,142.87,142.88,0,-1.27409,0,|r_qp|,cross-domain,0.0000,0.0000,3.275,0,-1.27409,0,-6.243,-2.772,-4.378,0,-8.793,3.481,-0.04059,-0.5237,-0.1685
142.00,143.27,143.28,0,-1.51671,0,|r_qp|,cross-domain,0.0000,0.0000,3.277,0,-1.51671,0,-6.243,-2.772,-4.378,0,-8.793,1.929,0.04891,-1.106,-0.8536
142.40,143.67,143.68,0,-1.49142,0,|r_qp|,cross-domain,0.0000,0.0000,3.319,0,-1.49142,0,-6.243,-2.772,-4.378,0,-8.793,0.6586,0.1382,1.289,30.22
142.80,144.07,144.08,0,-1.15997,0,|r_qp|,cross-domain,0.0000,0.0000,3.291,0,-1.15997,0,-6.243,-2.772,-4.378,0,-8.793,0.6206,-0.08133,0.1815,-0.224
143.20,144.47,144.48,0,-1.49959,0,|r_qp|,cross-domain,0.0000,0.0000,3.319,0,-1.49959,0,-6.243,-2.772,-4.378,0,-8.793,1.367,-0.162,-1.013,-0.7884
143.60,144.87,144.88,0,-1.36713,0,|r_qp|,cross-domain,0.0000,0.0000,3.347,0,-1.36713,0,-6.243,-2.772,-4.378,0,-8.793,2.519,0.2211,1.578,32.07
144.00,145.27,145.28,0,-0.97307,0,|r_qp|,cross-domain,0.0000,0.0000,3.293,0,-0.97307,0,-6.243,-2.772,-4.378,0,-8.793,3.008,0.549,0.5833,0.09681
144.40,145.67,145.68,0,-1.13853,0,|r_qp|,cross-domain,0.0000,0.0000,3.326,0,-1.13853,0,-6.243,-2.772,-4.378,0,-8.793,4.092,1.68,0.0936,-0.4079
144.80,146.07,146.08,0,-1.06156,0,|r_qp|,cross-domain,0.0000,0.0000,3.508,0,-1.06156,0,-6.243,-2.772,-4.378,0,-8.793,5.062,3.279,2.518,29.18
145.20,146.47,146.48,0,-1.39306,0,|r_qp|,cross-domain,0.0000,0.0000,3.469,0,-1.39306,0,-6.243,-2.772,-4.378,0,-8.793,5.133,3.419,-0.5263,-0.4045
145.60,146.87,146.88,0,-1.24073,0,|r_qp|,cross-domain,0.0000,0.0000,3.436,0,-1.24073,0,-6.243,-2.772,-4.378,0,-8.793,4.115,3.547,0.1115,-0.1615
146.00,147.27,147.28,0,-2.06178,0,|r_qp|,cross-domain,0.0000,0.0000,3.426,0,-2.06178,0,-6.243,-2.772,-4.378,0,-8.793,2.53,3.303,0.5116,40.06
146.40,147.67,147.68,0,-1.55451,0,|r_qp|,cross-domain,0.0000,0.0000,3.467,0,-1.55451,0,-6.243,-2.772,-4.378,0,-8.793,1.658,3.141,-0.6082,-0.1041
146.80,148.07,148.08,0,-1.68926,0,|r_qp|,cross-domain,0.0000,0.0000,3.340,0,-1.68926,0,-6.243,-2.772,-4.378,0,-8.793,1.242,2.244,-1.172,-0.8018
147.20,148.47,148.48,0,-0.36276,1,|r_qp|,cross-domain,0.0000,0.0000,3.481,0,-0.36276,1,-6.243,-2.772,-4.378,0,-8.793,1.69,1.296,4.388,23.73
147.60,148.87,148.88,0,-0.87943,0,|r_qp|,cross-domain,0.0000,0.0000,3.436,0,-0.87943,0,-6.243,-2.772,-4.378,0,-8.793,2.425,-0.02924,0.8455,0.0696
148.00,149.27,149.28,0,-1.15426,0,|r_qp|,cross-domain,0.0000,0.0000,3.526,0,-1.15426,0,-6.243,-2.772,-4.378,0,-8.793,3.604,-0.09477,-0.2202,-0.7637
148.40,149.67,149.68,0,-1.19503,0,|r_qp|,cross-domain,0.0000,0.0000,3.448,0,-1.19503,0,-6.243,-2.772,-4.378,0,-8.793,4.222,0.09229,1.585,27.94
148.80,150.07,150.08,0,-1.15249,0,|r_qp|,cross-domain,0.0000,0.0000,3.406,0,-1.15249,0,-6.243,-2.772,-4.378,0,-8.793,3.614,-0.1624,-0.2185,-0.6308
149.20,150.47,150.48,0,-0.77023,0,|r_qp|,cross-domain,0.0000,0.0000,3.460,0,-0.77023,0,-6.243,-2.772,-4.378,0,-8.793,2.934,0.286,1.333,2.421
149.60,150.87,150.88,0,-0.49504,0,|r_qp|,cross-domain,0.0000,0.0000,3.427,0,-0.49504,0,-6.243,-2.772,-4.378,0,-8.793,4.334,0.6411,3.73,26.61
150.00,151.27,151.28,0,-1.34321,0,|r_qp|,cross-domain,0.0000,0.0000,3.517,0,-1.34321,0,-6.243,-2.772,-4.378,0,-8.793,5.042,0.8501,-0.7968,-0.3612
150.40,151.67,151.68,0,-1.49925,0,|r_qp|,cross-domain,0.0000,0.0000,3.436,0,-1.49925,0,-6.243,-2.772,-4.378,0,-8.793,4.4,0.389,-1.272,-0.3288
150.80,152.07,152.08,0,-1.47923,0,|r_qp|,cross-domain,0.0000,0.0000,3.441,0,-1.47923,0,-6.243,-2.772,-4.378,0,-8.793,1.315,0.1501,1.206,29.65
151.20,152.47,152.48,0,-1.38924,0,|r_qp|,cross-domain,0.0000,0.0000,3.488,0,-1.38924,0,-6.243,-2.772,-4.378,0,-8.793,0.4471,0.1727,-0.5103,-0.9593
151.60,152.87,152.88,0,-1.08915,0,|r_qp|,cross-domain,0.0000,0.0000,3.440,0,-1.08915,0,-6.243,-2.772,-4.378,0,-8.793,1.833,0.03292,0.2566,-0.3436
152.00,153.27,153.28,0,-1.86952,0,|r_qp|,cross-domain,0.0000,0.0000,3.521,0,-1.86952,0,-6.243,-2.772,-4.378,0,-8.793,2.902,0.09907,0.4374,39.01
152.40,153.67,153.68,0,-0.93199,0,|r_qp|,cross-domain,0.0000,0.0000,3.374,0,-0.93199,0,-6.243,-2.772,-4.378,0,-8.793,2.55,-0.1689,0.6086,-0.4424
152.80,154.07,154.08,0,-0.90634,0,|r_qp|,cross-domain,0.0000,0.0000,3.441,0,-0.90634,0,-6.243,-2.772,-4.378,0,-8.793,2.897,0.7557,0.848,0.2357
153.20,154.47,154.48,0,-1.03948,0,|r_qp|,cross-domain,0.0000,0.0000,3.497,0,-1.03948,0,-6.243,-2.772,-4.378,0,-8.793,3.087,2.791,2.713,28.57
153.60,154.87,154.88,0,-1.24265,0,|r_qp|,cross-domain,0.0000,0.0000,3.455,0,-1.24265,0,-6.243,-2.772,-4.378,0,-8.793,3.613,3.443,0.1137,-0.7122
154.00,155.27,155.28,0,-1.58174,0,|r_qp|,cross-domain,0.0000,0.0000,4.038,0,-1.58174,0,-6.243,-2.772,-4.378,0,-8.793,2.769,2.422,-0.9303,0.2757
154.40,155.67,155.68,0,-1.55857,0,|r_qp|,cross-domain,0.0000,0.0000,3.408,0,-1.55857,0,-6.243,-2.772,-4.378,0,-8.793,1.758,0.9156,1.246,32.69
154.80,156.07,156.08,0,-1.44681,0,|r_qp|,cross-domain,0.0000,0.0000,3.483,0,-1.44681,0,-6.243,-2.772,-4.378,0,-8.793,1.326,-0.09828,-0.8395,-0.865
155.20,156.47,156.48,0,-1.65128,0,|r_qp|,cross-domain,0.0000,0.0000,3.436,0,-1.65128,0,-6.243,-2.772,-4.378,0,-8.793,0.1195,-0.2149,-1.295,-0.2744
155.60,156.87,156.88,0,-1.66738,0,|r_qp|,cross-domain,0.0000,0.0000,3.669,0,-1.66738,0,-6.243,-2.772,-4.378,0,-8.793,-0.5436,0.02417,1.066,32.91
156.00,157.27,157.28,0,-1.48198,0,|r_qp|,cross-domain,0.0000,0.0000,3.505,0,-1.48198,0,-6.243,-2.772,-4.378,0,-8.793,-0.5658,0.04106,-0.6626,-0.5667
156.40,157.67,157.68,0,-1.58566,0,|r_qp|,cross-domain,0.0000,0.0000,3.477,0,-1.58566,0,-6.243,-2.772,-4.378,0,-8.793,0.4893,-0.0008159,-1.075,0.141
156.80,158.07,158.08,0,-0.96812,0,|r_qp|,cross-domain,0.0000,0.0000,3.517,0,-0.96812,0,-6.243,-2.772,-4.378,0,-8.793,1.708,0.3245,2.515,26.07
157.20,158.47,158.48,0,-1.01359,0,|r_qp|,cross-domain,0.0000,0.0000,3.461,0,-1.01359,0,-6.243,-2.772,-4.378,0,-8.793,2.091,-0.269,0.3781,-0.736
157.60,158.87,158.88,0,-1.42989,0,|r_qp|,cross-domain,0.0000,0.0000,3.508,0,-1.42989,0,-6.243,-2.772,-4.378,0,-8.793,2.298,-0.1611,-0.8617,0.00802
158.00,159.27,159.28,0,-1.61474,0,|r_qp|,cross-domain,0.0000,0.0000,3.401,0,-1.61474,0,-6.243,-2.772,-4.378,0,-8.793,2.05,-0.009203,0.9674,34
158.40,159.67,159.68,0,-1.52417,0,|r_qp|,cross-domain,0.0000,0.0000,3.430,0,-1.52417,0,-6.243,-2.772,-4.378,0,-8.793,1.629,-0.1579,-1.129,-0.8973
158.80,160.07,160.08,0,-1.56272,0,|r_qp|,cross-domain,0.0000,0.0000,3.486,0,-1.56272,0,-6.243,-2.772,-4.378,0,-8.793,0.5209,-0.3937,-1.081,0.0561
159.20,160.47,160.48,0,-1.68786,0,|r_qp|,cross-domain,0.0000,0.0000,3.697,0,-1.68786,0,-6.243,-2.772,-4.378,0,-8.793,-0.2543,0.1062,0.8058,30.38
159.60,160.87,160.88,0,-1.31775,0,|r_qp|,cross-domain,0.0000,0.0000,3.631,0,-1.31775,0,-6.243,-2.772,-4.378,0,-8.793,-0.2631,-0.2848,-0.2543,-0.6191
160.00,161.27,161.28,0,-1.37114,0,|r_qp|,cross-domain,0.0000,0.0000,3.364,0,-1.37114,0,-6.243,-2.772,-4.378,0,-8.793,1.282,-0.1801,-0.515,0.5819
160.40,161.67,161.68,0,-0.93260,0,|r_qp|,cross-domain,0.0000,0.0000,3.539,0,-0.93260,0,-6.243,-2.772,-4.378,0,-8.793,2.894,-0.04468,2.762,31.17
160.80,162.07,162.08,0,-1.18183,0,|r_qp|,cross-domain,0.0000,0.0000,3.538,0,-1.18183,0,-6.243,-2.772,-4.378,0,-8.793,3.75,-0.2477,-0.3466,-0.7147
161.20,162.47,162.48,0,-1.30108,0,|r_qp|,cross-domain,0.0000,0.0000,3.444,0,-1.30108,0,-6.243,-2.772,-4.378,0,-8.793,3.735,-0.2085,-0.6637,-0.1071
161.60,162.87,162.88,0,-1.39169,0,|r_qp|,cross-domain,0.0000,0.0000,3.552,0,-1.39169,0,-6.243,-2.772,-4.378,0,-8.793,2.789,0.09004,1.149,27.77
162.00,163.27,163.28,0,-1.45038,0,|r_qp|,cross-domain,0.0000,0.0000,3.481,0,-1.45038,0,-6.243,-2.772,-4.378,0,-8.793,1.845,-0.145,-0.9229,-0.8407
162.40,163.67,163.68,0,-1.61432,0,|r_qp|,cross-domain,0.0000,0.0000,3.423,0,-1.61432,0,-6.243,-2.772,-4.378,0,-8.793,0.2651,-0.2035,-1.205,-0.3799
162.80,164.07,164.08,0,-1.56770,0,|r_qp|,cross-domain,0.0000,0.0000,3.489,0,-1.56770,0,-6.243,-2.772,-4.378,0,-8.793,-0.3261,0.2133,1.173,29.94
163.20,164.47,164.48,0,-1.24576,0,|r_qp|,cross-domain,0.0000,0.0000,3.466,0,-1.24576,0,-6.243,-2.772,-4.378,0,-8.793,-0.08845,-0.05323,-0.01892,-0.6754
163.60,164.87,164.88,0,-1.39091,0,|r_qp|,cross-domain,0.0000,0.0000,3.346,0,-1.39091,0,-6.243,-2.772,-4.378,0,-8.793,1.228,0.06759,-0.5127,0.785
164.00,165.27,165.28,0,-1.77901,0,|r_qp|,cross-domain,0.0000,0.0000,3.480,0,-1.77901,0,-6.243,-2.772,-4.378,0,-8.793,2.285,-0.06407,0.5463,35.81
164.40,165.67,165.68,0,-1.49288,0,|r_qp|,cross-domain,0.0000,0.0000,3.427,0,-1.49288,0,-6.243,-2.772,-4.378,0,-8.793,2.247,-0.2029,-1.097,-0.586
164.80,166.07,166.08,0,-1.47751,0,|r_qp|,cross-domain,0.0000,0.0000,3.437,0,-1.47751,0,-6.243,-2.772,-4.378,0,-8.793,1.167,-0.603,-0.943,-0.0361
165.20,166.47,166.48,0,-0.80084,0,|r_qp|,cross-domain,0.0000,0.0000,3.405,0,-0.80084,0,-6.243,-2.772,-4.378,0,-8.793,-0.01063,-0.425,3.003,24.34
165.60,166.87,166.88,0,-1.49711,0,|r_qp|,cross-domain,0.0000,0.0000,3.350,0,-1.49711,0,-6.243,-2.772,-4.378,0,-8.793,-0.07266,-0.6239,-0.9124,-0.9557
166.00,167.27,167.28,0,-1.58138,0,|r_qp|,cross-domain,0.0000,0.0000,3.492,0,-1.58138,0,-6.243,-2.772,-4.378,0,-8.793,-0.2203,-0.4376,-1.054,0.01965
166.40,167.67,167.68,0,-1.85355,0,|r_qp|,cross-domain,0.0000,0.0000,3.379,0,-1.85355,0,-6.243,-2.772,-4.378,0,-8.793,-0.06765,-0.02532,0.6775,36.6
166.80,168.07,168.08,0,-1.54671,0,|r_qp|,cross-domain,0.0000,0.0000,3.490,0,-1.54671,0,-6.243,-2.772,-4.378,0,-8.793,-0.09771,-0.02263,-0.9329,-0.5701
167.20,168.47,168.48,0,-1.57778,0,|r_qp|,cross-domain,0.0000,0.0000,3.423,0,-1.57778,0,-6.243,-2.772,-4.378,0,-8.793,0.5554,-0.5,-1.145,0.1322
167.60,168.87,168.88,0,-0.58822,0,|r_qp|,cross-domain,0.0000,0.0000,3.348,0,-0.58822,0,-6.243,-2.772,-4.378,0,-8.793,1.111,-0.3107,3.431,22.84
168.00,169.27,169.28,0,-1.49040,0,|r_qp|,cross-domain,0.0000,0.0000,3.448,0,-1.49040,0,-6.243,-2.772,-4.378,0,-8.793,0.9189,-0.5256,-0.9945,-0.8583
168.40,169.67,169.68,0,-1.52622,0,|r_qp|,cross-domain,0.0000,0.0000,3.417,0,-1.52622,0,-6.243,-2.772,-4.378,0,-8.793,0.3836,-0.5182,-0.9244,0.7543
168.80,170.07,170.08,0,-1.85180,0,|r_qp|,cross-domain,0.0000,0.0000,3.521,0,-1.85180,0,-6.243,-2.772,-4.378,0,-8.793,-0.1584,-0.2076,0.3087,31.45
169.20,170.47,170.48,0,-1.55458,0,|r_qp|,cross-domain,0.0000,0.0000,3.444,0,-1.55458,0,-6.243,-2.772,-4.378,0,-8.793,-0.1361,-0.1392,-0.9844,-0.7482
169.60,170.87,170.88,0,-1.47201,0,|r_qp|,cross-domain,0.0000,0.0000,3.389,0,-1.47201,0,-6.243,-2.772,-4.378,0,-8.793,0.1056,-0.3915,-0.7634,-0.1626
170.00,171.27,171.28,0,-1.09764,0,|r_qp|,cross-domain,0.0000,0.0000,3.484,0,-1.09764,0,-6.243,-2.772,-4.378,0,-8.793,0.2913,-0.1197,2.582,31.31
170.40,171.67,171.68,0,-1.36469,0,|r_qp|,cross-domain,0.0000,0.0000,3.416,0,-1.36469,0,-6.243,-2.772,-4.378,0,-8.793,0.5289,-0.642,-0.5703,-0.7571
170.80,172.07,172.08,0,-1.41408,0,|r_qp|,cross-domain,0.0000,0.0000,3.380,0,-1.41408,0,-6.243,-2.772,-4.378,0,-8.793,1.355,-0.6399,-0.7701,0.07331
171.20,172.47,172.48,0,-0.32527,1,|r_qp|,cross-domain,0.0000,0.0000,3.558,0,-0.32527,1,-6.243,-2.772,-4.378,0,-8.793,1.97,-0.3103,4.154,23.16
171.60,172.87,172.88,0,-1.24691,0,|r_qp|,cross-domain,0.0000,0.0000,3.473,0,-1.24691,0,-6.243,-2.772,-4.378,0,-8.793,2.317,-0.567,-0.409,-0.5674
172.00,173.27,173.28,0,-1.44361,0,|r_qp|,cross-domain,0.0000,0.0000,3.490,0,-1.44361,0,-6.243,-2.772,-4.378,0,-8.793,2.451,-0.5212,-0.9998,-0.2072
172.40,173.67,173.68,0,-1.25453,0,|r_qp|,cross-domain,0.0000,0.0000,3.418,0,-1.25453,0,-6.243,-2.772,-4.378,0,-8.793,1.991,-0.1705,1.633,27.83
172.80,174.07,174.08,0,-1.45458,0,|r_qp|,cross-domain,0.0000,0.0000,3.406,0,-1.45458,0,-6.243,-2.772,-4.378,0,-8.793,1.576,-0.4614,-0.9173,-0.285
173.20,174.47,174.48,0,-1.61360,0,|r_qp|,cross-domain,0.0000,0.0000,3.545,0,-1.61360,0,-6.243,-2.772,-4.378,0,-8.793,0.0972,-0.4072,-1.207,-0.2482
173.60,174.87,174.88,0,-0.82410,0,|r_qp|,cross-domain,0.0000,0.0000,3.540,0,-0.82410,0,-6.243,-2.772,-4.378,0,-8.793,-0.3935,-0.1345,3.16,26.24
174.00,175.27,175.28,0,-1.41976,0,|r_qp|,cross-domain,0.0000,0.0000,3.511,0,-1.41976,0,-6.243,-2.772,-4.378,0,-8.793,-0.1284,-0.06436,-0.5499,-0.6443
174.40,175.67,175.68,0,-1.55439,0,|r_qp|,cross-domain,0.0000,0.0000,3.444,0,-1.55439,0,-6.243,-2.772,-4.378,0,-8.793,0.9951,-0.08852,-1.049,0.2746
174.80,176.07,176.08,0,-1.11238,0,|r_qp|,cross-domain,0.0000,0.0000,3.377,0,-1.11238,0,-6.243,-2.772,-4.378,0,-8.793,2.056,0.2774,2.102,27.3
175.20,176.47,176.48,0,-1.32552,0,|r_qp|,cross-domain,0.0000,0.0000,3.466,0,-1.32552,0,-6.243,-2.772,-4.378,0,-8.793,1.957,0.05108,-0.5177,-0.8242
175.60,176.87,176.88,0,-1.48206,0,|r_qp|,cross-domain,0.0000,0.0000,3.451,0,-1.48206,0,-6.243,-2.772,-4.378,0,-8.793,1.602,-0.06665,-0.9557,-0.5421
176.00,177.27,177.28,0,-1.84410,0,|r_qp|,cross-domain,0.0000,0.0000,3.504,0,-1.84410,0,-6.243,-2.772,-4.378,0,-8.793,0.5814,0.227,0.3589,32.13
176.40,177.67,177.68,0,-1.58297,0,|r_qp|,cross-domain,0.0000,0.0000,3.413,0,-1.58297,0,-6.243,-2.772,-4.378,0,-8.793,0.3559,-0.2215,-1.147,-0.7199
176.80,178.07,178.08,0,-1.62221,0,|r_qp|,cross-domain,0.0000,0.0000,3.390,0,-1.62221,0,-6.243,-2.772,-4.378,0,-8.793,-0.267,-0.589,-1.239,-0.5503
177.20,178.47,178.48,0,-0.88882,0,|r_qp|,cross-domain,0.0000,0.0000,3.436,0,-0.88882,0,-6.243,-2.772,-4.378,0,-8.793,-0.4653,-0.5817,2.892,26.22
177.60,178.87,178.88,0,-1.41785,0,|r_qp|,cross-domain,0.0000,0.0000,3.456,0,-1.41785,0,-6.243,-2.772,-4.378,0,-8.793,-0.2852,-0.7615,-0.6308,-0.4663
178.00,179.27,179.28,0,-1.40267,0,|r_qp|,cross-domain,0.0000,0.0000,3.401,0,-1.40267,0,-6.243,-2.772,-4.378,0,-8.793,0.7528,-0.8076,-0.6906,0.0202
178.40,179.67,179.68,0,-0.92659,0,|r_qp|,cross-domain,0.0000,0.0000,3.477,0,-0.92659,0,-6.243,-2.772,-4.378,0,-8.793,1.706,-0.4729,2.528,26.38
178.80,180.07,180.08,0,-1.28452,0,|r_qp|,cross-domain,0.0000,0.0000,3.490,0,-1.28452,0,-6.243,-2.772,-4.378,0,-8.793,2.024,-0.709,-0.5201,-0.6872
179.20,180.47,180.48,0,-1.44066,0,|r_qp|,cross-domain,0.0000,0.0000,3.478,0,-1.44066,0,-6.243,-2.772,-4.378,0,-8.793,1.996,-0.4908,-0.9375,-0.351
179.60,180.87,180.88,0,-0.88544,0,|r_qp|,cross-domain,0.0000,0.0000,3.452,0,-0.88544,0,-6.243,-2.772,-4.378,0,-8.793,1.424,0.1626,2.613,23.67
180.00,181.27,181.28,0,-1.53118,0,|r_qp|,cross-domain,0.0000,0.0000,3.425,0,-1.53118,0,-6.243,-2.772,-4.378,0,-8.793,1.239,-0.04827,-1.075,-0.7866
180.40,181.67,181.68,0,-1.38769,0,|r_qp|,cross-domain,0.0000,0.0000,3.454,0,-1.38769,0,-6.243,-2.772,-4.378,0,-8.793,0.6014,-0.4594,-0.5964,-0.4249
180.80,182.07,182.08,0,-1.36647,0,|r_qp|,cross-domain,0.0000,0.0000,3.419,0,-1.36647,0,-6.243,-2.772,-4.378,0,-8.793,0.1938,-0.4191,1.493,28.1
181.20,182.47,182.48,0,-1.21736,0,|r_qp|,cross-domain,0.0000,0.0000,3.480,0,-1.21736,0,-6.243,-2.772,-4.378,0,-8.793,0.2307,-0.5979,-0.04395,-0.3696
181.60,182.87,182.88,0,-1.35036,0,|r_qp|,cross-domain,0.0000,0.0000,3.446,0,-1.35036,0,-6.243,-2.772,-4.378,0,-8.793,1.285,-0.4014,-0.5449,-0.2293
182.00,183.27,183.28,0,-1.22286,0,|r_qp|,cross-domain,0.0000,0.0000,3.448,0,-1.22286,0,-6.243,-2.772,-4.378,0,-8.793,2.39,0.08626,1.728,27.9
182.40,183.67,183.68,0,-1.46947,0,|r_qp|,cross-domain,0.0000,0.0000,3.497,0,-1.46947,0,-6.243,-2.772,-4.378,0,-8.793,2.688,-0.355,-1.11,-0.6285
182.80,184.07,184.08,0,-1.52728,0,|r_qp|,cross-domain,0.0000,0.0000,3.405,0,-1.52728,0,-6.243,-2.772,-4.378,0,-8.793,1.696,-0.5395,-1.154,-0.05453
183.20,184.47,184.48,0,-1.12187,0,|r_qp|,cross-domain,0.0000,0.0000,3.500,0,-1.12187,0,-6.243,-2.772,-4.378,0,-8.793,0.5563,-0.4035,2,25.15
183.60,184.87,184.88,0,-1.58809,0,|r_qp|,cross-domain,0.0000,0.0000,3.455,0,-1.58809,0,-6.243,-2.772,-4.378,0,-8.793,0.3718,-0.6059,-1.231,-0.7293
184.00,185.27,185.28,0,-1.59745,0,|r_qp|,cross-domain,0.0000,0.0000,3.449,0,-1.59745,0,-6.243,-2.772,-4.378,0,-8.793,-0.1666,-0.7091,-1.172,-0.202
184.40,185.67,185.68,0,-1.80921,0,|r_qp|,cross-domain,0.0000,0.0000,3.747,0,-1.80921,0,-6.243,-2.772,-4.378,0,-8.793,-0.288,-0.3183,0.6168,34.05
184.80,186.07,186.08,0,-1.35635,0,|r_qp|,cross-domain,0.0000,0.0000,3.447,0,-1.35635,0,-6.243,-2.772,-4.378,0,-8.793,-0.3038,-0.5906,-0.4233,-0.6633
185.20,186.47,186.48,0,-1.50626,0,|r_qp|,cross-domain,0.0000,0.0000,3.583,0,-1.50626,0,-6.243,-2.772,-4.378,0,-8.793,0.7766,-0.5548,-0.9591,0.1748
185.60,186.87,186.88,0,-0.49674,0,|r_qp|,cross-domain,0.0000,0.0000,3.471,0,-0.49674,0,-6.243,-2.772,-4.378,0,-8.793,1.83,-0.3453,3.741,24.66
186.00,187.27,187.28,0,-1.30968,0,|r_qp|,cross-domain,0.0000,0.0000,3.446,0,-1.30968,0,-6.243,-2.772,-4.378,0,-8.793,2.17,-0.5308,-0.5676,-0.4224
186.40,187.67,187.68,0,-1.51119,0,|r_qp|,cross-domain,0.0000,0.0000,3.517,0,-1.51119,0,-6.243,-2.772,-4.378,0,-8.793,2,-0.6829,-1.17,-0.08789
186.80,188.07,188.08,0,-0.40683,1,|r_qp|,cross-domain,0.0000,0.0000,3.392,0,-0.40683,1,-6.243,-2.772,-4.378,0,-8.793,1.434,-0.5209,3.904,22.71
187.20,188.47,188.48,0,-1.48316,0,|r_qp|,cross-domain,0.0000,0.0000,3.420,0,-1.48316,0,-6.243,-2.772,-4.378,0,-8.793,0.9365,-0.6328,-0.9598,-0.3798
187.60,188.87,188.88,0,-1.50156,0,|r_qp|,cross-domain,0.0000,0.0000,3.477,0,-1.50156,0,-6.243,-2.772,-4.378,0,-8.793,-0.2531,-0.5482,-0.8374,-0.1888
188.00,189.27,189.28,0,-1.24022,0,|r_qp|,cross-domain,0.0000,0.0000,3.391,0,-1.24022,0,-6.243,-2.772,-4.378,0,-8.793,-0.5432,-0.1755,1.991,27.71
188.40,189.67,189.68,0,-1.10037,0,|r_qp|,cross-domain,0.0000,0.0000,3.507,0,-1.10037,0,-6.243,-2.772,-4.378,0,-8.793,-0.2276,-0.1693,0.4679,-0.08378
188.80,190.07,190.08,0,-1.46766,0,|r_qp|,cross-domain,0.0000,0.0000,3.397,0,-1.46766,0,-6.243,-2.772,-4.378,0,-8.793,1.56,-0.07167,-0.8828,-0.1947
189.20,190.47,190.48,0,-0.29048,1,|r_qp|,cross-domain,0.0000,0.0000,3.395,0,-0.29048,1,-6.243,-2.772,-4.378,0,-8.793,2.855,0.411,4.125,21.02
189.60,190.87,190.88,0,-1.27765,0,|r_qp|,cross-domain,0.0000,0.0000,4.352,0,-1.27765,0,-6.243,-2.772,-4.378,0,-8.793,2.904,0.1061,-0.4485,-0.3485
190.00,191.27,191.28,0,-1.54521,0,|r_qp|,cross-domain,0.0000,0.0000,3.401,0,-1.54521,0,-6.243,-2.772,-4.378,0,-8.793,2.161,-0.3629,-1.265,-0.4391
190.40,191.67,191.68,0,-1.32819,0,|r_qp|,cross-domain,0.0000,0.0000,3.456,0,-1.32819,0,-6.243,-2.772,-4.378,0,-8.793,1.109,0.04203,1.245,23.34
190.80,192.07,192.08,0,-1.57116,0,|r_qp|,cross-domain,0.0000,0.0000,3.338,0,-1.57116,0,-6.243,-2.772,-4.378,0,-8.793,0.8589,-0.2677,-1.198,-0.948
191.20,192.47,192.48,0,-1.60898,0,|r_qp|,cross-domain,0.0000,0.0000,3.405,0,-1.60898,0,-6.243,-2.772,-4.378,0,-8.793,-0.2732,-0.4425,-1.159,-0.3508
191.60,192.87,192.88,0,-1.28797,0,|r_qp|,cross-domain,0.0000,0.0000,3.499,0,-1.28797,0,-6.243,-2.772,-4.378,0,-8.793,-0.8508,-0.07878,1.883,27.48
192.00,193.27,193.28,0,-1.41148,0,|r_qp|,cross-domain,0.0000,0.0000,3.434,0,-1.41148,0,-6.243,-2.772,-4.378,0,-8.793,-1.262,-0.3408,-0.3942,-0.1641
192.40,193.67,193.68,0,-1.51168,0,|r_qp|,cross-domain,0.0000,0.0000,3.465,0,-1.51168,0,-6.243,-2.772,-4.378,0,-8.793,-0.3223,-0.4053,-0.8207,0.02444
192.80,194.07,194.08,0,-0.73215,0,|r_qp|,cross-domain,0.0000,0.0000,3.395,0,-0.73215,0,-6.243,-2.772,-4.378,0,-8.793,0.7158,-0.05004,2.96,21.06
193.20,194.47,194.48,0,-1.49487,0,|r_qp|,cross-domain,0.0000,0.0000,3.384,0,-1.49487,0,-6.243,-2.772,-4.378,0,-8.793,1.189,-0.396,-0.975,-0.1964
193.60,194.87,194.88,0,-1.58352,0,|r_qp|,cross-domain,0.0000,0.0000,3.465,0,-1.58352,0,-6.243,-2.772,-4.378,0,-8.793,1.187,-0.2424,-1.228,-0.2872
194.00,195.27,195.28,0,-1.50639,0,|r_qp|,cross-domain,0.0000,0.0000,3.370,0,-1.50639,0,-6.243,-2.772,-4.378,0,-8.793,0.5642,0.4403,0.735,21.91
194.40,195.67,195.68,0,-1.55538,0,|r_qp|,cross-domain,0.0000,0.0000,3.598,0,-1.55538,0,-6.243,-2.772,-4.378,0,-8.793,0.28,0.2701,-0.9388,-0.2951
194.80,196.07,196.08,0,-1.73739,0,|r_qp|,cross-domain,0.0000,0.0000,3.446,0,-1.73739,0,-6.243,-2.772,-4.378,0,-8.793,-0.6475,0.2993,-1.383,-0.3852
195.20,196.47,196.48,0,-0.89570,0,|r_qp|,cross-domain,0.0000,0.0000,3.464,0,-0.89570,0,-6.243,-2.772,-4.378,0,-8.793,-0.8036,0.5835,2.918,23.4
195.60,196.87,196.88,0,-1.53270,0,|r_qp|,cross-domain,0.0000,0.0000,3.478,0,-1.53270,0,-6.243,-2.772,-4.378,0,-8.793,-0.6212,0.2542,-0.7233,0.1914
196.00,197.27,197.28,0,-1.53396,0,|r_qp|,cross-domain,0.0000,0.0000,3.389,0,-1.53396,0,-6.243,-2.772,-4.378,0,-8.793,0.7019,0.1435,-0.9238,0.05729
196.40,197.67,197.68,0,-0.64606,0,|r_qp|,cross-domain,0.0000,0.0000,3.393,0,-0.64606,0,-6.243,-2.772,-4.378,0,-8.793,1.899,0.4429,3.477,25.69
196.80,198.07,198.08,0,-1.49347,0,|r_qp|,cross-domain,0.0000,0.0000,3.453,0,-1.49347,0,-6.243,-2.772,-4.378,0,-8.793,2.09,0.04039,-1.016,-0.2743
197.20,198.47,198.48,0,-1.56974,0,|r_qp|,cross-domain,0.0000,0.0000,3.400,0,-1.56974,0,-6.243,-2.772,-4.378,0,-8.793,1.769,-0.06936,-1.206,0.05782
197.60,198.87,198.88,-1,4.61313,1,e_rec,cross-domain,0.0000,0.0000,3.484,0,4.61313,1,-6.243,-2.772,-4.378,0,-8.793,1.167,0.163,19.17,17.57
198.00,199.27,199.28,1,-1.95537,0,|r_qp|,cross-domain,0.0000,0.0000,3.387,0,-1.95537,0,-6.243,-2.772,-4.378,0,-8.793,1.149,7.42,-1.073,-0.463
198.40,199.67,199.68,1,-1.98127,0,|r_qp|,cross-domain,0.0000,0.0000,3.386,0,-1.98127,0,-6.243,-2.772,-4.378,0,-8.793,1.049,7.069,-1.196,-0.4086
198.80,200.07,200.08,1,5.11227,1,e_rec,cross-domain,0.0000,0.0000,3.445,0,5.11227,1,-6.243,-2.772,-4.378,0,-8.793,1.72,7.288,21.95,18.9
199.20,200.47,200.48,1,-0.98811,0,|r_qp|,cross-domain,0.0000,0.0000,3.427,0,-0.98811,0,-6.243,-2.772,-4.378,0,-8.793,3.204,7.635,1.794,1.144
199.60,200.87,200.88,1,-1.41133,0,|r_qp|,cross-domain,0.0000,0.0000,3.455,0,-1.41133,0,-6.243,-2.772,-4.378,0,-8.793,5.273,8.047,0.184,-0.4895
200.00,201.27,201.28,1,0.53822,1,|r_qp|,cross-domain,0.0000,0.0000,3.380,0,0.53822,1,-6.243,-2.772,-4.378,0,-8.793,6.427,8.616,6.619,6.421
200.40,201.67,201.68,1,-1.67398,0,|r_qp|,cross-domain,0.0000,0.0000,3.400,0,-1.67398,0,-6.243,-2.772,-4.378,0,-8.793,5.527,6.281,-0.9478,-0.3203
200.80,202.07,202.08,1,-1.77187,0,|r_qp|,cross-domain,0.0000,0.0000,3.467,0,-1.77187,0,-6.243,-2.772,-4.378,0,-8.793,3.662,5.585,-1.133,-0.3581
201.20,202.47,202.48,1,5.17481,1,e_rec,cross-domain,0.0000,0.0000,3.462,0,5.17481,1,-6.243,-2.772,-4.378,0,-8.793,2.053,5.434,21.58,15.92
201.60,202.87,202.88,1,-1.81916,0,|r_qp|,cross-domain,0.0000,0.0000,3.470,0,-1.81916,0,-6.243,-2.772,-4.378,0,-8.793,1.529,7.494,-0.6936,-0.5294
202.00,203.27,203.28,1,-2.05779,0,|r_qp|,cross-domain,0.0000,0.0000,3.381,0,-2.05779,0,-6.243,-2.772,-4.378,0,-8.793,0.9173,7.878,-1.271,-0.3146
202.40,203.67,203.68,1,3.61438,1,e_rec,cross-domain,0.0000,0.0000,3.403,0,3.61438,1,-6.243,-2.772,-4.378,0,-8.793,1.182,8.464,16.99,10.08
202.80,204.07,204.08,1,-1.37682,0,|r_qp|,cross-domain,0.0000,0.0000,3.480,0,-1.37682,0,-6.243,-2.772,-4.378,0,-8.793,2.432,7.216,0.5339,-0.1464
203.20,204.47,204.48,1,-1.41212,0,|r_qp|,cross-domain,0.0000,0.0000,3.474,0,-1.41212,0,-6.243,-2.772,-4.378,0,-8.793,4.524,6.531,0.0473,-0.06359
203.60,204.87,204.88,1,6.03554,1,e_rec,cross-domain,0.0000,0.0000,3.352,0,6.03554,1,-6.243,-2.772,-4.378,0,-8.793,6.056,6.733,23.79,13.65
204.00,205.27,205.28,1,-1.44953,0,|r_qp|,cross-domain,0.0000,0.0000,3.485,0,-1.44953,0,-6.243,-2.772,-4.378,0,-8.793,6.229,7.832,-0.06841,-0.143
204.40,205.67,205.68,1,-1.65009,0,|r_qp|,cross-domain,0.0000,0.0000,3.434,0,-1.65009,0,-6.243,-2.772,-4.378,0,-8.793,5.758,8.216,-0.6015,-0.7316
204.80,206.07,206.08,1,4.39877,1,e_rec,cross-domain,0.0000,0.0000,3.451,0,4.39877,1,-6.243,-2.772,-4.378,0,-8.793,4.349,8.831,19.27,12.96
205.20,206.47,206.48,1,-1.92231,0,|r_qp|,cross-domain,0.0000,0.0000,3.408,0,-1.92231,0,-6.243,-2.772,-4.378,0,-8.793,2.789,6.762,-1.274,-0.1923
205.60,206.87,206.88,1,-2.00251,0,|r_qp|,cross-domain,0.0000,0.0000,3.364,0,-2.00251,0,-6.243,-2.772,-4.378,0,-8.793,0.4491,6.01,-1.363,-0.3637
206.00,207.27,207.28,1,3.17083,1,e_rec,cross-domain,0.0000,0.0000,3.479,0,3.17083,1,-6.243,-2.772,-4.378,0,-8.793,-0.2276,5.978,15.55,12.44
206.40,207.67,207.68,1,-1.43635,0,|r_qp|,cross-domain,0.0000,0.0000,3.407,0,-1.43635,0,-6.243,-2.772,-4.378,0,-8.793,1.152,7.694,0.6094,0.06436
206.80,208.07,208.08,1,-1.54744,0,|r_qp|,cross-domain,0.0000,0.0000,3.440,0,-1.54744,0,-6.243,-2.772,-4.378,0,-8.793,3.945,7.938,-0.0601,-0.1281
207.20,208.47,208.48,1,5.81113,1,e_rec,cross-domain,0.0000,0.0000,3.424,0,5.81113,1,-6.243,-2.772,-4.378,0,-8.793,6,8.442,23.38,13.47
207.60,208.87,208.88,1,-1.10798,0,|r_qp|,cross-domain,0.0000,0.0000,3.362,0,-1.10798,0,-6.243,-2.772,-4.378,0,-8.793,6.171,7.464,0.9953,0.8202
208.00,209.27,209.28,1,-1.57956,0,|r_qp|,cross-domain,0.0000,0.0000,3.456,0,-1.57956,0,-6.243,-2.772,-4.378,0,-8.793,5.539,7.644,-0.4634,-0.8677
208.40,209.67,209.68,1,-0.04999,1,|r_qp|,cross-domain,0.0000,0.0000,3.376,0,-0.04999,1,-6.243,-2.772,-4.378,0,-8.793,4.213,8.276,5.131,7.882
208.80,210.07,210.08,1,-1.83874,0,|r_qp|,cross-domain,0.0000,0.0000,3.465,0,-1.83874,0,-6.243,-2.772,-4.378,0,-8.793,2.79,6.616,-1.062,-0.4919
209.20,210.47,210.48,1,-1.98980,0,|r_qp|,cross-domain,0.0000,0.0000,3.350,0,-1.98980,0,-6.243,-2.772,-4.378,0,-8.793,0.629,6.347,-1.309,-0.6524
209.60,210.87,210.88,1,1.91735,1,e_rec,cross-domain,0.0000,0.0000,3.458,0,1.91735,1,-6.243,-2.772,-4.378,0,-8.793,-0.5126,6.767,12.06,15.43
210.00,211.27,211.28,1,-1.75892,0,|r_qp|,cross-domain,0.0000,0.0000,3.332,0,-1.75892,0,-6.243,-2.772,-4.378,0,-8.793,-0.1534,6.791,-0.3668,0.1512
210.40,211.67,211.68,1,-1.77400,0,|r_qp|,cross-domain,0.0000,0.0000,3.294,0,-1.77400,0,-6.243,-2.772,-4.378,0,-8.793,1.575,5.96,-0.7982,-0.1831
210.80,212.07,212.08,1,5.90221,1,e_rec,cross-domain,0.0000,0.0000,3.271,0,5.90221,1,-6.243,-2.772,-4.378,0,-8.793,3.529,5.749,23.65,15.42
211.20,212.47,212.48,1,-1.56528,0,|r_qp|,cross-domain,0.0000,0.0000,3.330,0,-1.56528,0,-6.243,-2.772,-4.378,0,-8.793,4.854,7.606,-0.2699,0.13
211.60,212.87,212.88,1,-1.74556,0,|r_qp|,cross-domain,0.0000,0.0000,3.291,0,-1.74556,0,-6.243,-2.772,-4.378,0,-8.793,5.076,8.188,-0.7725,-0.1324
212.00,213.27,213.28,1,0.94445,1,|r_qp|,cross-domain,0.0000,0.0000,3.295,0,0.94445,1,-6.243,-2.772,-4.378,0,-8.793,4.423,9.215,8.336,7.969
212.40,213.67,213.68,1,-1.92263,0,|r_qp|,cross-domain,0.0000,0.0000,3.287,0,-1.92263,0,-6.243,-2.772,-4.378,0,-8.793,2.89,7.089,-1.243,-0.3589
212.80,214.07,214.08,1,-2.00157,0,|r_qp|,cross-domain,0.0000,0.0000,3.281,0,-2.00157,0,-6.243,-2.772,-4.378,0,-8.793,1.02,6.978,-1.272,-0.422
213.20,214.47,214.48,1,2.93367,1,e_rec,cross-domain,0.0000,0.0000,3.286,0,2.93367,1,-6.243,-2.772,-4.378,0,-8.793,-0.02672,7.126,15.23,16.01
213.60,214.87,214.88,1,-1.76029,0,|r_qp|,cross-domain,0.0000,0.0000,3.329,0,-1.76029,0,-6.243,-2.772,-4.378,0,-8.793,0.1336,7.329,-0.3289,-0.03941
214.00,215.27,215.28,1,-1.66675,0,|r_qp|,cross-domain,0.0000,0.0000,3.294,0,-1.66675,0,-6.243,-2.772,-4.378,0,-8.793,1.832,6.771,-0.3353,0.2026
214.40,215.67,215.68,1,2.97276,1,e_rec,cross-domain,0.0000,0.0000,3.271,0,2.97276,1,-6.243,-2.772,-4.378,0,-8.793,3.459,6.963,14.5,10.44
214.80,216.07,216.08,1,-1.41181,0,|r_qp|,cross-domain,0.0000,0.0000,3.366,0,-1.41181,0,-6.243,-2.772,-4.378,0,-8.793,4.714,7.779,0.2487,0.1034
215.20,216.47,216.48,1,-1.51395,0,|r_qp|,cross-domain,0.0000,0.0000,3.360,0,-1.51395,0,-6.243,-2.772,-4.378,0,-8.793,5.418,7.935,-0.15,-0.2001
215.60,216.87,216.88,1,3.82059,1,e_rec,cross-domain,0.0000,0.0000,3.331,0,3.82059,1,-6.243,-2.772,-4.378,0,-8.793,5.054,8.344,17.27,12.27
216.00,217.27,217.28,1,-1.86634,0,|r_qp|,cross-domain,0.0000,0.0000,3.304,0,-1.86634,0,-6.243,-2.772,-4.378,0,-8.793,3.664,7.651,-1.051,-0.05731
216.40,217.67,217.68,1,-1.97425,0,|r_qp|,cross-domain,0.0000,0.0000,3.315,0,-1.97425,0,-6.243,-2.772,-4.378,0,-8.793,1.378,7.517,-1.137,-0.3682
216.80,218.07,218.08,1,2.74973,1,e_rec,cross-domain,0.0000,0.0000,3.774,0,2.74973,1,-6.243,-2.772,-4.378,0,-8.793,0.635,7.825,14.61,14.67
217.20,218.47,218.48,1,-1.48196,0,|r_qp|,cross-domain,0.0000,0.0000,3.407,0,-1.48196,0,-6.243,-2.772,-4.378,0,-8.793,1.433,6.912,0.3302,0.5105
217.60,218.87,218.88,1,-1.62550,0,|r_qp|,cross-domain,0.0000,0.0000,3.304,0,-1.62550,0,-6.243,-2.772,-4.378,0,-8.793,3.167,6.168,-0.5074,-0.1786
218.00,219.27,219.28,1,4.71224,1,e_rec,cross-domain,0.0000,0.0000,3.320,0,4.71224,1,-6.243,-2.772,-4.378,0,-8.793,4.678,6.314,19.57,10.11
218.40,219.67,219.68,1,-1.46948,0,|r_qp|,cross-domain,0.0000,0.0000,3.291,0,-1.46948,0,-6.243,-2.772,-4.378,0,-8.793,5.381,7.695,-0.03025,0.07723
218.80,220.07,220.08,1,-1.68637,0,|r_qp|,cross-domain,0.0000,0.0000,3.278,0,-1.68637,0,-6.243,-2.772,-4.378,0,-8.793,5.406,7.79,-0.707,-0.2314
219.20,220.47,220.48,1,5.79038,1,e_rec,cross-domain,0.0000,0.0000,3.285,0,5.79038,1,-6.243,-2.772,-4.378,0,-8.793,4.555,8.128,23.49,14.02
219.60,220.87,220.88,1,-1.48840,0,|r_qp|,cross-domain,0.0000,0.0000,3.291,0,-1.48840,0,-6.243,-2.772,-4.378,0,-8.793,3.08,1.938,-0.7975,-0.1989
220.00,221.27,221.28,-1,-1.75220,0,|r_qp|,cross-domain,0.0000,0.0000,3.384,0,-1.75220,0,-6.243,-2.772,-4.378,0,-8.793,0.835,1.6,-1.389,-0.2875
220.40,221.67,221.68,-1,-1.82392,0,|r_qp|,cross-domain,0.0000,0.0000,3.308,0,-1.82392,0,-6.243,-2.772,-4.378,0,-8.793,-0.5611,1.969,0.2166,22.73
220.80,222.07,222.08,-1,-1.46399,0,|r_qp|,cross-domain,0.0000,0.0000,3.283,0,-1.46399,0,-6.243,-2.772,-4.378,0,-8.793,-0.8256,-0.09361,-0.5108,0.6866
221.20,222.47,222.48,-1,-1.55751,0,|r_qp|,cross-domain,0.0000,0.0000,3.325,0,-1.55751,0,-6.243,-2.772,-4.378,0,-8.793,0.5895,-0.3794,-1.086,-0.1599
221.60,222.87,222.88,-1,-1.17248,0,|r_qp|,cross-domain,0.0000,0.0000,3.272,0,-1.17248,0,-6.243,-2.772,-4.378,0,-8.793,1.79,-0.09627,1.002,14.45
222.00,223.27,223.28,-1,-1.41457,0,|r_qp|,cross-domain,0.0000,0.0000,3.276,0,-1.41457,0,-6.243,-2.772,-4.378,0,-8.793,2.126,-0.2224,-0.8476,-0.6387
222.40,223.67,223.68,-1,-1.48820,0,|r_qp|,cross-domain,0.0000,0.0000,3.306,0,-1.48820,0,-6.243,-2.772,-4.378,0,-8.793,2.074,-0.2479,-1.066,-0.5398
222.80,224.07,224.08,-1,-1.09180,0,|r_qp|,cross-domain,0.0000,0.0000,3.251,0,-1.09180,0,-6.243,-2.772,-4.378,0,-8.793,1.284,0.08776,1.726,19.95
223.20,224.47,224.48,-1,-1.48941,0,|r_qp|,cross-domain,0.0000,0.0000,3.308,0,-1.48941,0,-6.243,-2.772,-4.378,0,-8.793,1.17,-0.2877,-0.944,-0.2953
223.60,224.87,224.88,-1,-1.61176,0,|r_qp|,cross-domain,0.0000,0.0000,3.260,0,-1.61176,0,-6.243,-2.772,-4.378,0,-8.793,0.2613,-0.53,-1.256,-0.4323
224.00,225.27,225.28,-1,-1.33579,0,|r_qp|,cross-domain,0.0000,0.0000,3.292,0,-1.33579,0,-6.243,-2.772,-4.378,0,-8.793,0.02903,-0.3211,1.814,30.84
224.40,225.67,225.68,-1,-1.44936,0,|r_qp|,cross-domain,0.0000,0.0000,3.287,0,-1.44936,0,-6.243,-2.772,-4.378,0,-8.793,-0.05571,-0.6138,-0.6442,0.8069
224.80,226.07,226.08,-1,-1.56802,0,|r_qp|,cross-domain,0.0000,0.0000,3.283,0,-1.56802,0,-6.243,-2.772,-4.378,0,-8.793,0.6525,-0.731,-1.186,-0.1458
225.20,226.47,226.48,-1,-0.97270,0,|r_qp|,cross-domain,0.0000,0.0000,3.436,0,-0.97270,0,-6.243,-2.772,-4.378,0,-8.793,1.27,0.1248,1.925,17.4
225.60,226.87,226.88,-1,-1.50155,0,|r_qp|,cross-domain,0.0000,0.0000,3.277,0,-1.50155,0,-6.243,-2.772,-4.378,0,-8.793,1.354,-0.1447,-0.9604,-0.003535
226.00,227.27,227.28,-1,-1.60031,0,|r_qp|,cross-domain,0.0000,0.0000,3.281,0,-1.60031,0,-6.243,-2.772,-4.378,0,-8.793,1.102,-0.1957,-1.263,-0.32
226.40,227.67,227.68,-1,-1.11902,0,|r_qp|,cross-domain,0.0000,0.0000,3.333,0,-1.11902,0,-6.243,-2.772,-4.378,0,-8.793,0.4895,-0.04389,2.107,25.56
226.80,228.07,228.08,-1,-1.51736,0,|r_qp|,cross-domain,0.0000,0.0000,3.295,0,-1.51736,0,-6.243,-2.772,-4.378,0,-8.793,0.4985,-0.3357,-0.9572,-0.3586
227.20,228.47,228.48,-1,-1.52718,0,|r_qp|,cross-domain,0.0000,0.0000,3.298,0,-1.52718,0,-6.243,-2.772,-4.378,0,-8.793,-0.2416,-0.6202,-0.9414,-0.3528
227.60,228.87,228.88,-1,-1.00934,0,|r_qp|,cross-domain,0.0000,0.0000,3.294,0,-1.00934,0,-6.243,-2.772,-4.378,0,-8.793,-0.3755,-0.3976,2.358,23.57
228.00,229.27,229.28,-1,-1.51336,0,|r_qp|,cross-domain,0.0000,0.0000,3.288,0,-1.51336,0,-6.243,-2.772,-4.378,0,-8.793,-0.3899,-0.5296,-0.7963,0.6378
228.40,229.67,229.68,-1,-1.58302,0,|r_qp|,cross-domain,0.0000,0.0000,3.337,0,-1.58302,0,-6.243,-2.772,-4.378,0,-8.793,0.4342,-0.6503,-1.188,-0.1116
228.80,230.07,230.08,-1,-1.22394,0,|r_qp|,cross-domain,0.0000,0.0000,3.673,0,-1.22394,0,-6.243,-2.772,-4.378,0,-8.793,1.277,-0.111,0.9448,15.01
229.20,230.47,230.48,-1,-1.29627,0,|r_qp|,cross-domain,0.0000,0.0000,3.365,0,-1.29627,0,-6.243,-2.772,-4.378,0,-8.793,1.642,-0.3678,-0.4367,-0.5024
229.60,230.87,230.88,-1,-0.47221,0,|r_qp|,cross-domain,0.0000,0.0000,3.299,0,-0.47221,0,-6.243,-2.772,-4.378,0,-8.793,1.724,-0.2894,5.357,46.69
230.00,231.27,231.28,1,2.03763,1,|r_qp|,cross-domain,0.0000,0.0000,3.287,0,2.03763,1,-6.243,-2.772,-4.378,0,-8.793,0.9655,0.4693,11.03,13.48
230.40,231.67,231.68,1,1.37608,1,|r_qp|,cross-domain,0.0000,0.0000,3.999,0,1.37608,1,-6.243,-2.772,-4.378,0,-8.793,5.391,0.2191,7.514,0.8138
230.80,232.07,232.08,1,3.21797,1,e_rec,cross-domain,0.0000,0.0000,3.533,0,3.21797,1,-6.243,-2.772,-4.378,0,-8.793,9.235,0.2369,16.09,50
231.20,232.47,232.48,1,3.70187,1,e_rec,cross-domain,0.0000,0.0000,3.448,0,3.70187,1,-6.243,-2.772,-4.378,0,-8.793,11.42,1.103,14.73,10.43
231.60,232.87,232.88,1,0.51388,1,|r_qp|,cross-domain,0.0000,0.0000,3.472,0,0.51388,1,-6.243,-2.772,-4.378,0,-8.793,12.29,0.226,4.055,1.924
232.00,233.27,233.28,1,2.44756,1,e_rec,cross-domain,0.0000,0.0000,3.427,0,2.44756,1,-6.243,-2.772,-4.378,0,-8.793,11.53,0.008474,13.39,50
232.40,233.67,233.68,1,0.99294,1,|r_qp|,cross-domain,0.0000,0.0000,3.480,0,0.99294,1,-6.243,-2.772,-4.378,0,-8.793,11,0.7857,6.14,6.985
232.80,234.07,234.08,1,-0.44937,0,|r_qp|,cross-domain,0.0000,0.0000,3.428,0,-0.44937,0,-6.243,-2.772,-4.378,0,-8.793,9.887,0.5006,1.403,1.393
233.20,234.47,234.48,1,1.34316,1,|r_qp|,cross-domain,0.0000,0.0000,3.401,0,1.34316,1,-6.243,-2.772,-4.378,0,-8.793,8.687,0.5824,10.29,47.77
233.60,234.87,234.88,1,3.42130,1,e_rec,cross-domain,0.0000,0.0000,3.488,0,3.42130,1,-6.243,-2.772,-4.378,0,-8.793,7.511,1.416,14.73,14.97
234.00,235.27,235.28,1,3.30096,1,e_rec,cross-domain,0.0000,0.0000,3.413,0,3.30096,1,-6.243,-2.772,-4.378,0,-8.793,10.98,0.5859,12.79,0.7424
234.40,235.67,235.68,1,6.38003,1,e_rec,cross-domain,0.0000,0.0000,3.411,0,6.38003,1,-6.243,-2.772,-4.378,0,-8.793,14.57,0.508,25.21,50
234.80,236.07,236.08,1,2.56707,1,|r_qp|,cross-domain,0.0000,0.0000,3.282,0,2.56707,1,-6.243,-2.772,-4.378,0,-8.793,15.58,1.161,10.43,6.286
235.20,236.47,236.48,1,0.25618,1,|r_qp|,cross-domain,0.0000,0.0000,3.325,0,0.25618,1,-6.243,-2.772,-4.378,0,-8.793,14.79,0.2978,2.849,0.3836
235.60,236.87,236.88,1,1.53318,1,|r_qp|,cross-domain,0.0000,0.0000,3.276,0,1.53318,1,-6.243,-2.772,-4.378,0,-8.793,11.9,0.2348,10.56,50
236.00,237.27,237.28,1,1.03320,1,|r_qp|,cross-domain,0.0000,0.0000,3.292,0,1.03320,1,-6.243,-2.772,-4.378,0,-8.793,8.996,0.6767,6.223,2.948
236.40,237.67,237.68,1,-0.15650,1,|r_qp|,cross-domain,0.0000,0.0000,3.276,0,-0.15650,1,-6.243,-2.772,-4.378,0,-8.793,8.76,0.1076,2.335,0.7167
236.80,238.07,238.08,1,1.44021,1,|r_qp|,cross-domain,0.0000,0.0000,3.290,0,1.44021,1,-6.243,-2.772,-4.378,0,-8.793,8.352,0.05063,10.59,48.53
237.20,238.47,238.48,1,2.88771,1,e_rec,cross-domain,0.0000,0.0000,3.273,0,2.88771,1,-6.243,-2.772,-4.378,0,-8.793,7.411,0.6953,13.07,16.43
237.60,238.87,238.88,1,2.89054,1,e_rec,cross-domain,0.0000,0.0000,3.301,0,2.89054,1,-6.243,-2.772,-4.378,0,-8.793,10.43,0.5135,11.63,1.395
238.00,239.27,239.28,1,3.58589,1,e_rec,cross-domain,0.0000,0.0000,3.300,0,3.58589,1,-6.243,-2.772,-4.378,0,-8.793,13.4,0.2723,13.35,1.311
238.40,239.67,239.68,1,-0.94670,0,|r_qp|,cross-domain,0.0000,0.0000,3.300,0,-0.94670,0,-6.243,-2.772,-4.378,0,-8.793,14.43,0.4415,1.493,33.5
238.80,240.07,240.08,1,-1.12162,0,|r_qp|,cross-domain,0.0000,0.0000,3.555,0,-1.12162,0,-6.243,-2.772,-4.378,0,-8.793,9.807,-0.3898,-0.8793,0.4068
239.20,240.47,240.48,1,-1.41318,0,|r_qp|,cross-domain,0.0000,0.0000,3.483,0,-1.41318,0,-6.243,-2.772,-4.378,0,-8.793,4.572,-0.4141,-1.181,-0.545
239.60,240.87,240.88,1,-1.18768,0,|r_qp|,cross-domain,0.0000,0.0000,3.469,0,-1.18768,0,-6.243,-2.772,-4.378,0,-8.793,0.5939,0.19,1.311,16.69
240.00,241.27,241.28,1,-1.49347,0,|r_qp|,cross-domain,0.0000,0.0000,3.397,0,-1.49347,0,-6.243,-2.772,-4.378,0,-8.793,0.6094,-0.06842,-0.8426,-0.2212
240.40,241.67,241.68,1,-1.65013,0,|r_qp|,cross-domain,0.0000,0.0000,3.416,0,-1.65013,0,-6.243,-2.772,-4.378,0,-8.793,0.4236,-0.2616,-1.382,-0.9056
240.80,242.07,242.08,1,-0.79309,0,|r_qp|,cross-domain,0.0000,0.0000,3.473,0,-0.79309,0,-6.243,-2.772,-4.378,0,-8.793,-0.2138,-0.09862,2.697,18.37
241.20,242.47,242.48,1,-1.62770,0,|r_qp|,cross-domain,0.0000,0.0000,3.365,0,-1.62770,0,-6.243,-2.772,-4.378,0,-8.793,-0.006918,-0.4398,-1.145,1.178
241.60,242.87,242.88,1,-1.69261,0,|r_qp|,cross-domain,0.0000,0.0000,3.470,0,-1.69261,0,-6.243,-2.772,-4.378,0,-8.793,-0.7641,-0.3559,-1.362,-0.6818
242.00,243.27,243.28,1,-1.23007,0,|r_qp|,cross-domain,0.0000,0.0000,3.547,0,-1.23007,0,-6.243,-2.772,-4.378,0,-8.793,-0.7356,0.2408,1.7,21.65
242.40,243.67,243.68,1,-1.58877,0,|r_qp|,cross-domain,0.0000,0.0000,3.447,0,-1.58877,0,-6.243,-2.772,-4.378,0,-8.793,-0.7729,-0.03842,-0.9212,0.2718
242.80,244.07,244.08,1,-1.57686,0,|r_qp|,cross-domain,0.0000,0.0000,3.461,0,-1.57686,0,-6.243,-2.772,-4.378,0,-8.793,-1.077,-0.3721,-0.9466,-0.3656
243.20,244.47,244.48,1,-0.21665,1,|r_qp|,cross-domain,0.0000,0.0000,3.425,0,-0.21665,1,-6.243,-2.772,-4.378,0,-8.793,0.3627,-0.3273,4.81,24.89
243.60,244.87,244.88,1,-1.54197,0,|r_qp|,cross-domain,0.0000,0.0000,3.478,0,-1.54197,0,-6.243,-2.772,-4.378,0,-8.793,0.979,-0.4557,-1.038,0.7504
244.00,245.27,245.28,1,-1.54147,0,|r_qp|,cross-domain,0.0000,0.0000,3.448,0,-1.54147,0,-6.243,-2.772,-4.378,0,-8.793,1.969,-0.4321,-1.227,-0.2374
244.40,245.67,245.68,1,-0.92800,0,|r_qp|,cross-domain,0.0000,0.0000,3.573,0,-0.92800,0,-6.243,-2.772,-4.378,0,-8.793,2.006,0.03594,2.472,24.92
244.80,246.07,246.08,1,-1.58260,0,|r_qp|,cross-domain,0.0000,0.0000,3.496,0,-1.58260,0,-6.243,-2.772,-4.378,0,-8.793,1.506,-0.166,-1.246,-0.1965
245.20,246.47,246.48,1,-1.59039,0,|r_qp|,cross-domain,0.0000,0.0000,3.363,0,-1.59039,0,-6.243,-2.772,-4.378,0,-8.793,0.5435,-0.2016,-1.144,-0.05774
245.60,246.87,246.88,1,-1.56176,0,|r_qp|,cross-domain,0.0000,0.0000,3.487,0,-1.56176,0,-6.243,-2.772,-4.378,0,-8.793,-0.2784,0.3437,0.5424,20.28
246.00,247.27,247.28,1,-1.40650,0,|r_qp|,cross-domain,0.0000,0.0000,3.308,0,-1.40650,0,-6.243,-2.772,-4.378,0,-8.793,-0.6319,0.3815,-0.3412,-0.2434
246.40,247.67,247.68,1,-1.52319,0,|r_qp|,cross-domain,0.0000,0.0000,3.320,0,-1.52319,0,-6.243,-2.772,-4.378,0,-8.793,0.9278,0.307,-0.8987,-0.04763
246.80,248.07,248.08,1,-0.90471,0,|r_qp|,cross-domain,0.0000,0.0000,3.304,0,-0.90471,0,-6.243,-2.772,-4.378,0,-8.793,2.259,0.5691,2.287,20.33
247.20,248.47,248.48,1,-1.31916,0,|r_qp|,cross-domain,0.0000,0.0000,3.277,0,-1.31916,0,-6.243,-2.772,-4.378,0,-8.793,2.379,0.0432,-0.4905,0.08532
247.60,248.87,248.88,1,-1.62006,0,|r_qp|,cross-domain,0.0000,0.0000,3.283,0,-1.62006,0,-6.243,-2.772,-4.378,0,-8.793,1.396,0.05947,-1.292,0.06288
248.00,249.27,249.28,1,-1.44297,0,|r_qp|,cross-domain,0.0000,0.0000,3.304,0,-1.44297,0,-6.243,-2.772,-4.378,0,-8.793,0.07893,0.6685,0.9081,20.13
248.40,249.67,249.68,1,-1.61203,0,|r_qp|,cross-domain,0.0000,0.0000,3.291,0,-1.61203,0,-6.243,-2.772,-4.378,0,-8.793,0.06158,0.9699,-0.989,-0.6284
248.80,250.07,250.08,1,-1.68569,0,|r_qp|,cross-domain,0.0000,0.0000,3.275,0,-1.68569,0,-6.243,-2.772,-4.378,0,-8.793,-0.0902,0.6614,-1.212,-0.08653
249.20,250.47,250.48,1,-1.04603,0,|r_qp|,cross-domain,0.0000,0.0000,3.276,0,-1.04603,0,-6.243,-2.772,-4.378,0,-8.793,-0.06971,0.8841,2.432,23.67
249.60,250.87,250.88,1,-0.79567,0,|r_qp|,cross-domain,0.0000,0.0000,3.277,0,-0.79567,0,-6.243,-2.772,-4.378,0,-8.793,-0.3328,0.07828,1.541,1.051
250.00,251.27,251.28,1,-1.70034,0,|r_qp|,cross-domain,0.0000,0.0000,3.320,0,-1.70034,0,-6.243,-2.772,-4.378,0,-8.793,-0.3315,0.3211,-1.253,0.3657
250.40,251.67,251.68,1,-1.69098,0,|r_qp|,cross-domain,0.0000,0.0000,3.293,0,-1.69098,0,-6.243,-2.772,-4.378,0,-8.793,-0.04116,0.766,0.2446,21.13
250.80,252.07,252.08,1,-1.19814,0,|r_qp|,cross-domain,0.0000,0.0000,3.282,0,-1.19814,0,-6.243,-2.772,-4.378,0,-8.793,0.2943,0.9792,0.3512,0.7148
251.20,252.47,252.48,1,-1.50268,0,|r_qp|,cross-domain,0.0000,0.0000,3.267,0,-1.50268,0,-6.243,-2.772,-4.378,0,-8.793,0.7831,0.5895,-0.777,-0.1664
251.60,252.87,252.88,1,-1.35260,0,|r_qp|,cross-domain,0.0000,0.0000,3.259,0,-1.35260,0,-6.243,-2.772,-4.378,0,-8.793,0.6695,0.938,0.6647,12.97
252.00,253.27,253.28,1,-1.46181,0,|r_qp|,cross-domain,0.0000,0.0000,3.326,0,-1.46181,0,-6.243,-2.772,-4.378,0,-8.793,0.745,1.182,-0.5261,0.1096
252.40,253.67,253.68,1,-1.68045,0,|r_qp|,cross-domain,0.0000,0.0000,3.497,0,-1.68045,0,-6.243,-2.772,-4.378,0,-8.793,0.02586,1.229,-1.097,0.1516
252.80,254.07,254.08,1,-1.38028,0,|r_qp|,cross-domain,0.0000,0.0000,3.511,0,-1.38028,0,-6.243,-2.772,-4.378,0,-8.793,-0.2639,1.753,1.276,19.35
253.20,254.47,254.48,1,-1.45360,0,|r_qp|,cross-domain,0.0000,0.0000,3.487,0,-1.45360,0,-6.243,-2.772,-4.378,0,-8.793,-0.44,1.311,-0.3505,-0.2192
253.60,254.87,254.88,1,-1.65081,0,|r_qp|,cross-domain,0.0000,0.0000,3.421,0,-1.65081,0,-6.243,-2.772,-4.378,0,-8.793,0.4675,0.9227,-1.132,-0.1039
254.00,255.27,255.28,1,-1.36722,0,|r_qp|,cross-domain,0.0000,0.0000,3.491,0,-1.36722,0,-6.243,-2.772,-4.378,0,-8.793,1.305,1.121,1.04,19.79
254.40,255.67,255.68,1,-1.44048,0,|r_qp|,cross-domain,0.0000,0.0000,3.408,0,-1.44048,0,-6.243,-2.772,-4.378,0,-8.793,1.5,0.4343,-0.6724,0.2796
254.80,256.07,256.08,1,-1.66027,0,|r_qp|,cross-domain,0.0000,0.0000,3.413,0,-1.66027,0,-6.243,-2.772,-4.378,0,-8.793,0.9801,0.3796,-1.339,-0.3843
255.20,256.47,256.48,1,-1.31956,0,|r_qp|,cross-domain,0.0000,0.0000,3.416,0,-1.31956,0,-6.243,-2.772,-4.378,0,-8.793,0.1697,1.007,1.083,16.47
255.60,256.87,256.88,1,-1.65412,0,|r_qp|,cross-domain,0.0000,0.0000,3.465,0,-1.65412,0,-6.243,-2.772,-4.378,0,-8.793,0.4208,1.029,-1.153,-0.6018
256.00,257.27,257.28,1,-1.60729,0,|r_qp|,cross-domain,0.0000,0.0000,3.322,0,-1.60729,0,-6.243,-2.772,-4.378,0,-8.793,0.1593,0.6016,-1.027,-0.2993
256.40,257.67,257.68,1,-1.09172,0,|r_qp|,cross-domain,0.0000,0.0000,3.272,0,-1.09172,0,-6.243,-2.772,-4.378,0,-8.793,0.0894,0.6614,2.246,23.87
256.80,258.07,258.08,1,-1.25704,0,|r_qp|,cross-domain,0.0000,0.0000,3.283,0,-1.25704,0,-6.243,-2.772,-4.378,0,-8.793,-0.1628,-0.2353,-0.02863,0.002402
257.20,258.47,258.48,1,-1.44467,0,|r_qp|,cross-domain,0.0000,0.0000,3.335,0,-1.44467,0,-6.243,-2.772,-4.378,0,-8.793,0.7471,-0.599,-0.8209,-0.52
257.60,258.87,258.88,1,-1.23302,0,|r_qp|,cross-domain,0.0000,0.0000,3.295,0,-1.23302,0,-6.243,-2.772,-4.378,0,-8.793,1.544,-0.2329,1.306,21.45
258.00,259.27,259.28,1,-1.50346,0,|r_qp|,cross-domain,0.0000,0.0000,3.277,0,-1.50346,0,-6.243,-2.772,-4.378,0,-8.793,1.745,-0.4046,-1.096,-0.5189
258.40,259.67,259.68,1,-1.54604,0,|r_qp|,cross-domain,0.0000,0.0000,3.293,0,-1.54604,0,-6.243,-2.772,-4.378,0,-8.793,1.089,-0.4633,-1.157,-0.5658
258.80,260.07,260.08,1,-1.23744,0,|r_qp|,cross-domain,0.0000,0.0000,3.409,0,-1.23744,0,-6.243,-2.772,-4.378,0,-8.793,0.0004358,-0.3005,1.853,26.9
259.20,260.47,260.48,1,-1.48336,0,|r_qp|,cross-domain,0.0000,0.0000,3.303,0,-1.48336,0,-6.243,-2.772,-4.378,0,-8.793,0.2795,-0.576,-0.872,-0.452
259.60,260.87,260.88,1,-1.46522,0,|r_qp|,cross-domain,0.0000,0.0000,3.271,0,-1.46522,0,-6.243,-2.772,-4.378,0,-8.793,0.4556,-0.6838,-0.8541,-0.4117
260.00,261.27,261.28,1,-1.54691,0,|r_qp|,cross-domain,0.0000,0.0000,3.287,0,-1.54691,0,-6.243,-2.772,-4.378,0,-8.793,0.6682,-0.3034,0.8651,27.65
260.40,261.67,261.68,1,-1.35693,0,|r_qp|,cross-domain,0.0000,0.0000,3.513,0,-1.35693,0,-6.243,-2.772,-4.378,0,-8.793,0.5415,-0.3019,-0.4485,-0.1562
260.80,262.07,262.08,1,-1.41344,0,|r_qp|,cross-domain,0.0000,0.0000,4.554,0,-1.41344,0,-6.243,-2.772,-4.378,0,-8.793,0.694,-0.3723,-0.6575,-0.206
261.20,262.47,262.48,1,-0.75573,0,|r_qp|,cross-domain,0.0000,0.0000,3.450,0,-0.75573,0,-6.243,-2.772,-4.378,0,-8.793,1.066,-0.02353,2.809,20.52
261.60,262.87,262.88,1,-1.45493,0,|r_qp|,cross-domain,0.0000,0.0000,3.426,0,-1.45493,0,-6.243,-2.772,-4.378,0,-8.793,1.289,-0.1728,-0.8381,-0.366
262.00,263.27,263.28,1,-1.63124,0,|r_qp|,cross-domain,0.0000,0.0000,3.478,0,-1.63124,0,-6.243,-2.772,-4.378,0,-8.793,0.8528,-0.2289,-1.335,-0.3519
262.40,263.67,263.68,1,-0.66666,0,|r_qp|,cross-domain,0.0000,0.0000,3.452,0,-0.66666,0,-6.243,-2.772,-4.378,0,-8.793,-0.06498,0.2866,3.423,22.58
262.80,264.07,264.08,1,-1.64083,0,|r_qp|,cross-domain,0.0000,0.0000,3.389,0,-1.64083,0,-6.243,-2.772,-4.378,0,-8.793,-0.005405,0.01887,-1.228,-0.5784
263.20,264.47,264.48,1,-1.60034,0,|r_qp|,cross-domain,0.0000,0.0000,3.418,0,-1.60034,0,-6.243,-2.772,-4.378,0,-8.793,-0.4508,-0.3125,-1.094,-0.4414
263.60,264.87,264.88,1,-1.17320,0,|r_qp|,cross-domain,0.0000,0.0000,3.464,0,-1.17320,0,-6.243,-2.772,-4.378,0,-8.793,-0.4337,-0.3723,2.262,29.35
264.00,265.27,265.28,1,-1.48335,0,|r_qp|,cross-domain,0.0000,0.0000,3.432,0,-1.48335,0,-6.243,-2.772,-4.378,0,-8.793,-0.6008,-0.6362,-0.7575,-0.2685
264.40,265.67,265.68,1,-1.52633,0,|r_qp|,cross-domain,0.0000,0.0000,3.413,0,-1.52633,0,-6.243,-2.772,-4.378,0,-8.793,0.29,-0.8201,-1.02,-0.06011
264.80,266.07,266.08,1,-0.87625,0,|r_qp|,cross-domain,0.0000,0.0000,3.408,0,-0.87625,0,-6.243,-2.772,-4.378,0,-8.793,1.293,-0.4107,2.749,26.42
265.20,266.47,266.48,1,-1.11667,0,|r_qp|,cross-domain,0.0000,0.0000,3.474,0,-1.11667,0,-6.243,-2.772,-4.378,0,-8.793,1.856,-0.5411,0.0467,-0.6956
265.60,266.87,266.88,1,-1.45914,0,|r_qp|,cross-domain,0.0000,0.0000,3.432,0,-1.45914,0,-6.243,-2.772,-4.378,0,-8.793,2.127,-0.5018,-1.011,-0.3237
266.00,267.27,267.28,1,-1.77082,0,|r_qp|,cross-domain,0.0000,0.0000,3.515,0,-1.77082,0,-6.243,-2.772,-4.378,0,-8.793,1.505,-0.2107,0.4691,33.24
266.40,267.67,267.68,1,-1.49701,0,|r_qp|,cross-domain,0.0000,0.0000,3.434,0,-1.49701,0,-6.243,-2.772,-4.378,0,-8.793,1.272,-0.1928,-0.9994,-0.8053
266.80,268.07,268.08,-1,-1.50736,0,|r_qp|,cross-domain,0.0000,0.0000,3.373,0,-1.50736,0,-6.243,-2.772,-4.378,0,-8.793,0.6069,-0.5327,-0.9698,-0.2993
267.20,268.47,268.48,-1,-1.04086,0,|r_qp|,cross-domain,0.0000,0.0000,3.417,0,-1.04086,0,-6.243,-2.772,-4.378,0,-8.793,0.2754,-0.2476,2.459,27.28
267.60,268.87,268.88,-1,-1.37405,0,|r_qp|,cross-domain,0.0000,0.0000,3.407,0,-1.37405,0,-6.243,-2.772,-4.378,0,-8.793,0.2366,-0.5638,-0.5431,-0.6774
268.00,269.27,269.28,-1,-1.51732,0,|r_qp|,cross-domain,0.0000,0.0000,3.372,0,-1.51732,0,-6.243,-2.772,-4.378,0,-8.793,0.5678,-0.4927,-0.9571,0.1586
268.40,269.67,269.68,-1,-0.37135,1,|r_qp|,cross-domain,0.0000,0.0000,3.461,0,-0.37135,1,-6.243,-2.772,-4.378,0,-8.793,1.1,0.05678,4.039,21.03
268.80,270.07,270.08,-1,-1.50750,0,|r_qp|,cross-domain,0.0000,0.0000,3.417,0,-1.50750,0,-6.243,-2.772,-4.378,0,-8.793,1.352,-0.2768,-1.026,-0.3734
269.20,270.47,270.48,-1,-1.55759,0,|r_qp|,cross-domain,0.0000,0.0000,3.485,0,-1.55759,0,-6.243,-2.772,-4.378,0,-8.793,1.058,-0.5451,-1.19,-0.3826
269.60,270.87,270.88,-1,-1.26603,0,|r_qp|,cross-domain,0.0000,0.0000,3.416,0,-1.26603,0,-6.243,-2.772,-4.378,0,-8.793,0.2189,-0.4258,1.802,28.16
270.00,271.27,271.28,-1,-1.53550,0,|r_qp|,cross-domain,0.0000,0.0000,3.421,0,-1.53550,0,-6.243,-2.772,-4.378,0,-8.793,0.05445,-0.6491,-1.047,-0.8902
270.40,271.67,271.68,-1,-1.65260,0,|r_qp|,cross-domain,0.0000,0.0000,3.398,0,-1.65260,0,-6.243,-2.772,-4.378,0,-8.793,-0.6372,-0.643,-1.272,-0.2216
270.80,272.07,272.08,-1,-1.84721,0,|r_qp|,cross-domain,0.0000,0.0000,3.373,0,-1.84721,0,-6.243,-2.772,-4.378,0,-8.793,-0.4487,-0.1802,0.6461,35.54
271.20,272.47,272.48,-1,-1.28641,0,|r_qp|,cross-domain,0.0000,0.0000,3.581,0,-1.28641,0,-6.243,-2.772,-4.378,0,-8.793,-0.2134,0.01197,-0.1155,-0.6507
271.60,272.87,272.88,-1,-1.47165,0,|r_qp|,cross-domain,0.0000,0.0000,3.456,0,-1.47165,0,-6.243,-2.772,-4.378,0,-8.793,1.104,-0.07043,-0.7968,0.3866
272.00,273.27,273.28,-1,-1.40514,0,|r_qp|,cross-domain,0.0000,0.0000,3.408,0,-1.40514,0,-6.243,-2.772,-4.378,0,-8.793,2.098,0.0866,1.398,30.72
272.40,273.67,273.68,-1,-1.29099,0,|r_qp|,cross-domain,0.0000,0.0000,3.416,0,-1.29099,0,-6.243,-2.772,-4.378,0,-8.793,2.308,-0.471,-0.5386,-0.7311
272.80,274.07,274.08,-1,-1.48744,0,|r_qp|,cross-domain,0.0000,0.0000,3.414,0,-1.48744,0,-6.243,-2.772,-4.378,0,-8.793,1.658,-0.7271,-1.068,-0.1891
273.20,274.47,274.48,-1,-0.75053,0,|r_qp|,cross-domain,0.0000,0.0000,3.442,0,-0.75053,0,-6.243,-2.772,-4.378,0,-8.793,0.6057,-0.477,2.982,23.06
273.60,274.87,274.88,-1,-1.53197,0,|r_qp|,cross-domain,0.0000,0.0000,3.460,0,-1.53197,0,-6.243,-2.772,-4.378,0,-8.793,0.3307,-0.4547,-1.035,-0.844
274.00,275.27,275.28,-1,-1.65484,0,|r_qp|,cross-domain,0.0000,0.0000,3.437,0,-1.65484,0,-6.243,-2.772,-4.378,0,-8.793,-0.2362,-0.202,-1.256,-0.2311
274.40,275.67,275.68,-1,-1.33923,0,|r_qp|,cross-domain,0.0000,0.0000,3.433,0,-1.33923,0,-6.243,-2.772,-4.378,0,-8.793,-0.223,0.3081,1.729,27.74
274.80,276.07,276.08,-1,-1.52097,0,|r_qp|,cross-domain,0.0000,0.0000,4.097,0,-1.52097,0,-6.243,-2.772,-4.378,0,-8.793,-0.1921,0.01193,-0.8132,-0.2441
275.20,276.47,276.48,-1,-1.52060,0,|r_qp|,cross-domain,0.0000,0.0000,3.741,0,-1.52060,0,-6.243,-2.772,-4.378,0,-8.793,0.5859,-0.3098,-0.9309,0.2654
275.60,276.87,276.88,-1,-1.31412,0,|r_qp|,cross-domain,0.0000,0.0000,3.673,0,-1.31412,0,-6.243,-2.772,-4.378,0,-8.793,1.526,-0.3311,1.634,30.05
276.00,277.27,277.28,-1,-1.15343,0,|r_qp|,cross-domain,0.0000,0.0000,3.653,0,-1.15343,0,-6.243,-2.772,-4.378,0,-8.793,1.929,-0.5595,-0.08002,-0.7098
276.40,277.67,277.68,-1,-1.51422,0,|r_qp|,cross-domain,0.0000,0.0000,3.637,0,-1.51422,0,-6.243,-2.772,-4.378,0,-8.793,2.16,-0.3631,-1.145,-0.08778
276.80,278.07,278.08,-1,-1.18116,0,|r_qp|,cross-domain,0.0000,0.0000,4.012,0,-1.18116,0,-6.243,-2.772,-4.378,0,-8.793,1.673,0.1067,2.056,29.41
277.20,278.47,278.48,-1,-1.54411,0,|r_qp|,cross-domain,0.0000,0.0000,3.705,0,-1.54411,0,-6.243,-2.772,-4.378,0,-8.793,1.153,-0.04182,-1.106,-0.8404
277.60,278.87,278.88,-1,-1.27545,0,|r_qp|,cross-domain,0.0000,0.0000,3.892,0,-1.27545,0,-6.243,-2.772,-4.378,0,-8.793,-0.2011,0.0586,-0.02624,0.06148
278.00,279.27,279.28,-1,-1.91649,0,|r_qp|,cross-domain,0.0000,0.0000,4.023,0,-1.91649,0,-6.243,-2.772,-4.378,0,-8.793,-0.7083,0.7483,0.6588,36.04
278.40,279.67,279.68,-1,-1.43794,0,|r_qp|,cross-domain,0.0000,0.0000,3.818,0,-1.43794,0,-6.243,-2.772,-4.378,0,-8.793,-0.5444,1.144,-0.3425,-0.5831
278.80,280.07,280.08,-1,-1.44026,0,|r_qp|,cross-domain,0.0000,0.0000,4.050,0,-1.44026,0,-6.243,-2.772,-4.378,0,-8.793,0.9626,1.142,-0.4704,0.454
279.20,280.47,280.48,-1,-1.49412,0,|r_qp|,cross-domain,0.0000,0.0000,3.611,0,-1.49412,0,-6.243,-2.772,-4.378,0,-8.793,2.164,1.455,1.246,29.22
279.60,280.87,280.88,-1,-1.43197,0,|r_qp|,cross-domain,0.0000,0.0000,3.611,0,-1.43197,0,-6.243,-2.772,-4.378,0,-8.793,2.382,1.112,-0.7025,-0.5866
280.00,281.27,281.28,-1,-1.36134,0,|r_qp|,cross-domain,0.0000,0.0000,3.653,0,-1.36134,0,-6.243,-2.772,-4.378,0,-8.793,1.986,2.547,-0.1073,0.6035
280.40,281.67,281.68,-1,-1.97799,0,|r_qp|,cross-domain,0.0000,0.0000,3.479,0,-1.97799,0,-6.243,-2.772,-4.378,0,-8.793,1.317,3.734,0.5597,33.7
280.80,282.07,282.08,-1,-1.75987,0,|r_qp|,cross-domain,0.0000,0.0000,2.596,0,-1.75987,0,-6.243,-2.772,-4.378,0,-8.793,0.9583,4.268,-1.006,-0.7745
281.20,282.47,282.48,-1,-1.47870,0,|r_qp|,cross-domain,0.0000,0.0000,3.968,0,-1.47870,0,-6.243,-2.772,-4.378,0,-8.793,-0.1857,4.386,0.1088,0.4189
281.60,282.87,282.88,-1,-2.15235,0,|r_qp|,cross-domain,0.0000,0.0000,3.695,0,-2.15235,0,-6.243,-2.772,-4.378,0,-8.793,-0.5157,4.745,1.147,44.13
282.00,283.27,283.28,-1,-1.66659,0,|r_qp|,cross-domain,0.0000,0.0000,3.582,0,-1.66659,0,-6.243,-2.772,-4.378,0,-8.793,-0.3032,4.328,-0.5364,-0.6148
282.40,283.67,283.68,-1,-1.59013,0,|r_qp|,cross-domain,0.0000,0.0000,3.508,0,-1.59013,0,-6.243,-2.772,-4.378,0,-8.793,1.182,3.237,-0.5943,0.5758
282.80,284.07,284.08,-1,-1.73131,0,|r_qp|,cross-domain,0.0000,0.0000,3.484,0,-1.73131,0,-6.243,-2.772,-4.378,0,-8.793,2.409,2.369,1.131,36.35
283.20,284.47,284.48,-1,-1.33023,0,|r_qp|,cross-domain,0.0000,0.0000,3.440,0,-1.33023,0,-6.243,-2.772,-4.378,0,-8.793,2.775,1.727,-0.3322,-0.5647
283.60,284.87,284.88,-1,-1.41923,0,|r_qp|,cross-domain,0.0000,0.0000,3.487,0,-1.41923,0,-6.243,-2.772,-4.378,0,-8.793,2.95,3.035,-0.3587,0.1164
284.00,285.27,285.28,-1,-1.93563,0,|r_qp|,cross-domain,0.0000,0.0000,4.100,0,-1.93563,0,-6.243,-2.772,-4.378,0,-8.793,2.313,3.988,0.8745,37.58
284.40,285.67,285.68,-1,-1.59493,0,|r_qp|,cross-domain,0.0000,0.0000,3.337,0,-1.59493,0,-6.243,-2.772,-4.378,0,-8.793,1.802,4.036,-0.6567,-0.9518
284.80,286.07,286.08,-1,-1.62655,0,|r_qp|,cross-domain,0.0000,0.0000,3.281,0,-1.62655,0,-6.243,-2.772,-4.378,0,-8.793,1.011,2.347,-0.8758,0.005763
285.20,286.47,286.48,-1,-1.43366,0,|r_qp|,cross-domain,0.0000,0.0000,3.865,0,-1.43366,0,-6.243,-2.772,-4.378,0,-8.793,0.4023,1.08,1.524,28.22
285.60,286.87,286.88,-1,-1.22180,0,|r_qp|,cross-domain,0.0000,0.0000,3.666,0,-1.22180,0,-6.243,-2.772,-4.378,0,-8.793,0.4677,-0.2191,-0.04508,-0.688
286.00,287.27,287.28,-1,-1.40266,0,|r_qp|,cross-domain,0.0000,0.0000,3.498,0,-1.40266,0,-6.243,-2.772,-4.378,0,-8.793,1.178,-0.01633,-0.5852,0.375
286.40,287.67,287.68,-1,-1.38742,0,|r_qp|,cross-domain,0.0000,0.0000,3.493,0,-1.38742,0,-6.243,-2.772,-4.378,0,-8.793,2.164,0.3836,1.355,28.68
286.80,288.07,288.08,-1,-1.19806,0,|r_qp|,cross-domain,0.0000,0.0000,3.618,0,-1.19806,0,-6.243,-2.772,-4.378,0,-8.793,2.392,0.387,-0.1214,-0.8032
287.20,288.47,288.48,-1,-1.60188,0,|r_qp|,cross-domain,0.0000,0.0000,4.009,0,-1.60188,0,-6.243,-2.772,-4.378,0,-8.793,1.712,0.353,-1.231,-0.01644
287.60,288.87,288.88,-1,-1.17133,0,|r_qp|,cross-domain,0.0000,0.0000,3.826,0,-1.17133,0,-6.243,-2.772,-4.378,0,-8.793,0.5414,0.4775,2.257,28.88
288.00,289.27,289.28,-1,-1.55708,0,|r_qp|,cross-domain,0.0000,0.0000,3.422,0,-1.55708,0,-6.243,-2.772,-4.378,0,-8.793,0.3845,-0.1481,-1.066,-0.8403
288.40,289.67,289.68,-1,-1.22444,0,|r_qp|,cross-domain,0.0000,0.0000,3.368,0,-1.22444,0,-6.243,-2.772,-4.378,0,-8.793,-0.2683,0.5134,0.2445,0.4576
288.80,290.07,290.08,-1,-2.03138,0,|r_qp|,cross-domain,0.0000,0.0000,3.296,0,-2.03138,0,-6.243,-2.772,-4.378,0,-8.793,-0.3823,1.519,0.9912,44.7
289.20,290.47,290.48,-1,-1.64312,0,|r_qp|,cross-domain,0.0000,0.0000,3.333,0,-1.64312,0,-6.243,-2.772,-4.378,0,-8.793,-0.5488,2.199,-0.8033,-0.715
289.60,290.87,290.88,-1,-1.59526,0,|r_qp|,cross-domain,0.0000,0.0000,3.282,0,-1.59526,0,-6.243,-2.772,-4.378,0,-8.793,0.2695,1.868,-0.7111,0.8155
290.00,291.27,291.28,-1,-2.00692,0,|r_qp|,cross-domain,0.0000,0.0000,3.307,0,-2.00692,0,-6.243,-2.772,-4.378,0,-8.793,1.127,1.83,0.6555,40.75
290.40,291.67,291.68,-1,-1.50057,0,|r_qp|,cross-domain,0.0000,0.0000,3.923,0,-1.50057,0,-6.243,-2.772,-4.378,0,-8.793,1.501,1.498,-0.7419,-0.6747
290.80,292.07,292.08,-1,-1.48059,0,|r_qp|,cross-domain,0.0000,0.0000,3.705,0,-1.48059,0,-6.243,-2.772,-4.378,0,-8.793,1.653,2.578,-0.4454,0.3376
291.20,292.47,292.48,-1,-2.08475,0,|r_qp|,cross-domain,0.0000,0.0000,3.639,0,-2.08475,0,-6.243,-2.772,-4.378,0,-8.793,1.144,3.477,0.2725,34.62
291.60,292.87,292.88,-1,-1.66872,0,|r_qp|,cross-domain,0.0000,0.0000,3.484,0,-1.66872,0,-6.243,-2.772,-4.378,0,-8.793,0.992,3.787,-0.8117,-0.7797
292.00,293.27,293.28,-1,-1.65940,0,|r_qp|,cross-domain,0.0000,0.0000,3.539,0,-1.65940,0,-6.243,-2.772,-4.378,0,-8.793,0.09922,3.334,-0.6898,0.04475
292.40,293.67,293.68,-1,-2.11957,0,|r_qp|,cross-domain,0.0000,0.0000,3.507,0,-2.11957,0,-6.243,-2.772,-4.378,0,-8.793,-0.2281,3.721,0.6752,38.88
292.80,294.07,294.08,-1,-1.67899,0,|r_qp|,cross-domain,0.0000,0.0000,3.496,0,-1.67899,0,-6.243,-2.772,-4.378,0,-8.793,-0.2088,3.566,-0.7204,-0.6658
293.20,294.47,294.48,-1,-1.24186,0,|r_qp|,cross-domain,0.0000,0.0000,3.958,0,-1.24186,0,-6.243,-2.772,-4.378,0,-8.793,0.6389,3.46,0.6172,1.019
293.60,294.87,294.88,-1,-1.90059,0,|r_qp|,cross-domain,0.0000,0.0000,3.864,0,-1.90059,0,-6.243,-2.772,-4.378,0,-8.793,1.48,3.103,0.8629,36.5
294.00,295.27,295.28,-1,-1.44293,0,|r_qp|,cross-domain,0.0000,0.0000,3.668,0,-1.44293,0,-6.243,-2.772,-4.378,0,-8.793,1.727,2.38,-0.4537,-0.8405
294.40,295.67,295.68,-1,-1.71342,0,|r_qp|,cross-domain,0.0000,0.0000,3.714,0,-1.71342,0,-6.243,-2.772,-4.378,0,-8.793,1.158,1.928,-1.227,0.1098
294.80,296.07,296.08,-1,-1.79315,0,|r_qp|,cross-domain,0.0000,0.0000,3.576,0,-1.79315,0,-6.243,-2.772,-4.378,0,-8.793,0.2661,0.9587,0.7423,33.01
295.20,296.47,296.48,-1,-1.61605,0,|r_qp|,cross-domain,0.0000,0.0000,3.496,0,-1.61605,0,-6.243,-2.772,-4.378,0,-8.793,-0.01968,0.08448,-1.158,-0.8544
295.60,296.87,296.88,-1,-1.39294,0,|r_qp|,cross-domain,0.0000,0.0000,3.499,0,-1.39294,0,-6.243,-2.772,-4.378,0,-8.793,-0.6868,1.69,-0.03564,0.2407
296.00,297.27,297.28,-1,-2.11120,0,|r_qp|,cross-domain,0.0000,0.0000,3.491,0,-2.11120,0,-6.243,-2.772,-4.378,0,-8.793,-0.6786,4.008,1.042,42.29
296.40,297.67,297.68,-1,-1.53961,0,|r_qp|,cross-domain,0.0000,0.0000,4.709,0,-1.53961,0,-6.243,-2.772,-4.378,0,-8.793,-0.5125,5.055,0.0001973,-0.6942
296.80,298.07,298.08,-1,-1.72636,0,|r_qp|,cross-domain,0.0000,0.0000,3.852,0,-1.72636,0,-6.243,-2.772,-4.378,0,-8.793,0.7005,3.247,-0.9783,0.1796
297.20,298.47,298.48,-1,-1.73574,0,|r_qp|,cross-domain,0.0000,0.0000,3.794,0,-1.73574,0,-6.243,-2.772,-4.378,0,-8.793,1.759,1.542,0.7399,31.72
297.60,298.87,298.88,0,-1.36776,0,|r_qp|,cross-domain,0.0000,0.0000,3.710,0,-1.36776,0,-6.243,-2.772,-4.378,0,-8.793,2.072,0.2369,-0.6235,-0.718
298.00,299.27,299.28,0,-1.37851,0,|r_qp|,cross-domain,0.0000,0.0000,3.604,0,-1.37851,0,-6.243,-2.772,-4.378,0,-8.793,1.983,0.08698,-0.5874,0.4935
298.40,299.67,299.68,0,-1.56048,0,|r_qp|,cross-domain,0.0000,0.0000,3.484,0,-1.56048,0,-6.243,-2.772,-4.378,0,-8.793,1.302,-0.005202,0.9535,29.97
