t_s,phase,proc_cpu_pct,proc_rss_MiB,sys_cpu_pct,sys_mem_used_MiB,ram_used_MiB,gpu_load_pct,vdd_in_mW,vdd_cpu_gpu_cv_mW,vdd_soc_mW,cpu_temp_C,tj_temp_C
0.507,calibration,99.2,151.33203125,19.1,1728.234375,,,,,,,
1.009,calibration,99.5,167.84765625,17.3,1737.98828125,1853.0,0.0,4246.0,920.0,1160.0,44.531,44.968
1.512,features,99.6,162.1796875,23.8,1747.02734375,1863.0,0.0,4280.0,958.0,1160.0,44.875,44.812
2.014,features,99.5,192.57421875,17.9,1766.51171875,1872.0,0.0,4392.0,998.0,1158.0,45.031,45.031
2.517,features,101.3,187.46484375,18.2,1775.6171875,1892.0,0.0,4353.0,998.0,1158.0,44.812,44.812
3.020,features,97.5,199.26171875,17.3,1789.15234375,1905.0,0.0,4313.0,998.0,1158.0,44.843,44.968
3.522,features,99.5,233.4921875,17.7,1804.2265625,1914.0,0.0,4273.0,998.0,1158.0,44.75,44.968
4.024,features,101.6,247.2734375,17.6,1819.79296875,1929.0,0.0,4313.0,998.0,1158.0,44.656,44.937
4.527,features,99.5,244.94140625,21.4,1830.58203125,1945.0,0.0,4313.0,998.0,1158.0,44.656,44.906
5.029,features,99.6,265.109375,17.9,1845.75390625,1956.0,0.0,4392.0,998.0,1158.0,44.937,44.906
5.531,features,99.6,289.18359375,17.4,1862.859375,1975.0,0.0,4313.0,998.0,1158.0,45.0,45.0
6.034,features,99.5,300.67578125,17.6,1873.99609375,1988.0,0.0,4313.0,998.0,1158.0,44.781,45.031
6.536,features,99.5,307.875,17.6,1879.1640625,1999.0,0.0,4273.0,958.0,1158.0,44.906,45.062
7.040,features,101.2,312.77734375,17.5,1895.4609375,2008.0,0.0,4313.0,998.0,1158.0,44.843,44.968
7.542,train:DC1,97.6,421.80859375,21.2,1998.57421875,2036.0,0.0,4313.0,958.0,1158.0,45.031,44.937
8.044,train:DC1,99.6,421.82421875,17.9,2006.44921875,2124.0,23.0,4392.0,1038.0,1158.0,44.812,44.968
8.546,train:DC1,99.7,421.82421875,18.1,2000.60546875,2126.0,0.0,4320.0,998.0,1160.0,44.812,44.937
9.048,train:DC1,101.5,419.56640625,17.1,2000.44921875,2126.0,0.0,4280.0,958.0,1160.0,45.062,45.062
9.550,train:DC1,97.7,413.06640625,17.5,1992.2421875,2126.0,0.0,4280.0,960.0,1160.0,45.062,45.093
10.052,train:DC1,99.7,406.56640625,16.8,2000.1171875,2125.0,0.0,4320.0,958.0,1158.0,44.906,45.093
10.553,train:DC1,101.7,393.56640625,21.9,1988.91796875,2125.0,0.0,4280.0,960.0,1160.0,44.75,45.187
11.055,train:DC1,99.6,379.9375,17.4,1996.53515625,2118.0,0.0,4360.0,998.0,1158.0,44.875,44.968
11.557,train:DC2,99.6,400.0703125,17.9,1996.53515625,2122.0,0.0,4280.0,960.0,1160.0,44.875,45.062
12.059,train:DC2,97.6,387.3203125,17.3,1981.37890625,2122.0,0.0,4320.0,958.0,1158.0,44.875,45.0
12.561,train:DC2,99.7,374.9453125,17.3,2001.00390625,2112.0,0.0,4280.0,960.0,1160.0,45.031,45.031
13.062,train:DC2,101.7,362.7578125,17.3,1985.25390625,2126.0,0.0,4280.0,960.0,1160.0,44.906,45.218
13.564,train:DC2,99.7,346.6640625,22.0,1990.58984375,2114.0,0.0,4246.0,960.0,1160.0,45.0,45.093
14.066,train:DC2,97.6,421.828125,18.2,1990.58984375,2116.0,0.0,4360.0,1038.0,1160.0,44.843,45.093
14.567,train:DC2,99.7,421.828125,18.0,1994.2578125,2100.0,0.0,4280.0,1000.0,1160.0,44.875,45.062
15.069,train:DC2,101.6,421.83203125,17.3,2002.1328125,2127.0,0.0,4280.0,960.0,1160.0,45.187,45.187
15.571,train:DC2,99.7,402.8984375,17.1,1986.39453125,2112.0,0.0,4280.0,960.0,1160.0,44.906,44.937
16.073,train:DC3,99.7,421.84765625,17.1,1993.98828125,2112.0,0.0,4280.0,960.0,1160.0,45.0,45.156
16.574,train:DC3,99.7,421.84765625,18.4,1993.65625,2103.0,0.0,4280.0,960.0,1160.0,44.812,45.125
17.076,train:DC3,99.6,421.84765625,20.9,1993.90234375,2119.0,0.0,4360.0,1038.0,1158.0,44.968,45.187
17.578,train:DC3,99.6,421.84765625,16.8,1997.171875,2119.0,0.0,4360.0,998.0,1158.0,44.906,45.125
18.080,train:DC3,99.6,413.08984375,18.5,1997.171875,2122.0,0.0,4320.0,958.0,1160.0,45.062,45.062
18.582,train:DC3,99.6,408.54296875,16.4,1985.24609375,2122.0,0.0,4280.0,960.0,1160.0,45.156,45.156
19.084,train:DC3,99.7,395.5546875,17.3,1994.63671875,2126.0,0.0,4240.0,960.0,1160.0,45.031,45.031
19.586,train:DC3,99.6,379.9609375,17.3,1987.078125,2120.0,0.0,4240.0,960.0,1160.0,45.062,45.156
20.087,train:DC4,97.7,400.08984375,22.3,1984.52734375,2113.0,0.0,4360.0,1038.0,1160.0,45.093,45.218
20.589,train:DC4,103.6,387.35546875,17.5,1992.15625,2117.0,0.0,4280.0,1000.0,1160.0,44.968,45.156
21.091,train:DC4,99.6,374.98046875,17.4,1976.4140625,2117.0,0.0,4280.0,960.0,1160.0,44.843,45.062
21.593,train:DC4,97.6,361.921875,17.3,2003.6953125,2121.0,0.0,4280.0,960.0,1160.0,44.937,45.093
22.095,train:DC4,101.7,346.078125,17.7,1987.7109375,2129.0,0.0,4320.0,958.0,1160.0,45.125,45.125
22.597,train:DC4,97.6,421.86328125,17.3,1995.296875,2117.0,0.0,4320.0,958.0,1158.0,45.0,45.093
23.099,train:DC4,101.6,421.86328125,21.8,1995.6328125,2121.0,0.0,4400.0,1038.0,1158.0,45.125,45.187
23.601,train:DC4,99.6,421.86328125,17.0,1991.42578125,2105.0,0.0,4320.0,960.0,1160.0,45.0,45.375
24.103,train:DC4,99.7,402.9296875,19.9,1999.30078125,2125.0,0.0,4280.0,960.0,1160.0,45.0,45.187
24.605,train:DC5,97.6,421.86328125,17.3,1999.0546875,2109.0,0.0,4280.0,960.0,1160.0,44.906,45.156
25.107,train:DC5,101.7,421.86328125,16.7,1999.0546875,2124.0,0.0,4280.0,960.0,1160.0,44.906,45.156
25.609,train:DC5,99.6,421.86328125,17.5,1998.80859375,2117.0,0.0,4240.0,960.0,1160.0,45.125,45.156
26.110,train:DC5,97.7,414.5703125,21.8,1997.4453125,2124.0,0.0,4280.0,960.0,1160.0,45.375,45.375
26.612,train:DC5,101.6,408.60546875,17.5,1985.609375,2123.0,0.0,4320.0,998.0,1158.0,45.125,45.281
27.114,train:DC5,99.7,394.5078125,17.2,1977.5,2118.0,0.0,4280.0,960.0,1160.0,45.125,45.218
27.616,train:DC5,99.7,381.10546875,17.5,1996.90625,2114.0,0.0,4280.0,960.0,1160.0,45.062,45.187
28.117,train:DC5,99.7,364.84375,17.0,1981.15625,2122.0,0.0,4320.0,958.0,1158.0,45.093,45.156
28.619,train:DC6,99.7,385.48828125,17.1,1981.15625,2106.0,0.0,4320.0,958.0,1158.0,45.0,45.187
29.120,train:DC6,99.7,368.87109375,22.8,1976.53125,2118.0,0.0,4280.0,960.0,1160.0,45.156,45.343
29.622,train:DC6,99.6,354.74609375,17.0,1999.86328125,2125.0,0.0,4320.0,1000.0,1160.0,45.093,45.25
30.130,train:DC6,100.4,338.80859375,17.6,1992.05859375,2125.0,0.0,4280.0,960.0,1160.0,44.968,45.25
30.635,train:DC6,99.1,421.87890625,16.8,1992.6484375,2117.0,0.0,4280.0,960.0,1160.0,45.062,45.375
31.136,train:DC6,99.7,421.87890625,17.5,1992.6484375,2118.0,0.0,4280.0,960.0,1160.0,44.968,45.187
31.637,train:DC6,99.7,421.87890625,17.3,1988.44140625,2102.0,0.0,4280.0,960.0,1160.0,45.312,45.343
32.139,train:DC6,99.7,421.87890625,22.3,1995.0390625,2122.0,0.0,4280.0,958.0,1160.0,45.156,45.187
32.641,train:DC6,99.6,402.9453125,17.3,1979.30078125,2105.0,0.0,4320.0,998.0,1160.0,45.218,45.406
33.143,train:DC1,99.7,421.87890625,17.7,1998.6171875,2104.0,0.0,4280.0,960.0,1160.0,45.062,45.281
33.644,train:DC1,99.7,419.62109375,17.5,1990.8828125,2116.0,0.0,4320.0,958.0,1160.0,45.062,45.218
34.145,train:DC1,99.7,408.62109375,16.8,1979.14453125,2100.0,0.0,4280.0,960.0,1160.0,44.843,45.218
34.647,train:DC1,97.7,400.12109375,17.6,2002.5234375,2128.0,0.0,4320.0,958.0,1158.0,45.125,45.343
35.148,train:DC1,101.7,385.1953125,19.6,1989.0859375,2128.0,0.0,4280.0,960.0,1160.0,45.375,45.375
35.650,train:DC1,99.6,368.87109375,20.2,1996.82421875,2122.0,0.0,4360.0,998.0,1160.0,45.125,45.343
36.152,train:DC1,99.6,354.74609375,17.0,1981.140625,2122.0,0.0,4280.0,960.0,1160.0,44.968,45.343
36.668,train:DC1,100.8,338.80859375,17.7,1992.671875,2118.0,0.0,4240.0,960.0,1160.0,45.062,45.375
37.173,train:DC2,99.0,356.15625,17.0,1977.05078125,2118.0,0.0,4240.0,960.0,1160.0,45.375,45.375
37.675,train:DC2,97.7,339.0859375,17.0,1992.42578125,2118.0,0.0,4240.0,960.0,1160.0,45.187,45.281
38.176,train:DC2,101.7,421.87890625,17.6,1992.41796875,2118.0,0.0,4246.0,960.0,1160.0,45.156,45.218
38.678,train:DC2,99.6,421.87890625,22.0,1992.25,2110.0,0.0,4400.0,998.0,1158.0,45.343,45.343
39.180,train:DC2,99.6,421.87890625,17.5,1992.1640625,2117.0,0.0,4320.0,960.0,1160.0,45.125,45.375
39.682,train:DC2,99.7,421.87890625,17.1,1987.95703125,2102.0,0.0,4280.0,960.0,1160.0,45.156,45.281
40.183,train:DC2,99.7,419.62109375,17.0,1988.10546875,2113.0,0.0,4240.0,960.0,1160.0,45.125,45.343
40.685,train:DC2,99.7,408.83984375,17.3,1984.2421875,2106.0,0.0,4320.0,960.0,1160.0,45.375,45.375
41.186,train:DC2,101.7,392.4609375,17.3,1976.08203125,2101.0,0.0,4286.0,960.0,1160.0,45.187,45.312
41.688,train:DC3,97.7,408.859375,22.3,1983.05859375,2101.0,0.0,4360.0,1000.0,1160.0,45.281,45.281
42.190,train:DC3,99.5,400.12109375,16.7,1986.17578125,2111.0,0.0,4280.0,960.0,1160.0,45.062,45.468
42.692,train:DC3,99.7,387.37109375,17.3,1993.671875,2119.0,0.0,4280.0,960.0,1160.0,45.125,45.312
43.194,train:DC3,99.6,373.4375,17.6,1980.234375,2119.0,0.0,4280.0,960.0,1160.0,45.281,45.437
43.696,train:DC3,99.7,355.4375,16.7,1995.65234375,2121.0,0.0,4280.0,960.0,1160.0,45.312,45.312
44.197,train:DC3,99.7,338.80859375,17.3,1979.90625,2121.0,0.0,4320.0,958.0,1158.0,45.437,45.437
44.699,train:DC3,99.6,421.87890625,22.5,1989.46875,2115.0,0.0,4400.0,1038.0,1158.0,45.218,45.437
45.201,train:DC3,99.6,421.87890625,17.3,1993.40625,2119.0,0.0,4280.0,960.0,1160.0,45.218,45.406
45.703,train:DC3,101.6,402.9453125,17.6,1977.66796875,2103.0,0.0,4280.0,960.0,1160.0,45.125,45.343
46.205,train:DC4,99.7,421.87890625,17.1,1989.19921875,2114.0,0.0,4246.0,960.0,1160.0,45.437,45.375
46.706,train:DC4,99.7,421.87890625,17.3,1996.828125,2122.0,0.0,4320.0,960.0,1160.0,45.25,45.343
47.208,train:DC4,97.7,421.87890625,17.0,1996.828125,2122.0,0.0,4240.0,960.0,1160.0,45.312,45.343
47.709,train:DC4,101.7,419.62109375,22.6,1998.90625,2109.0,0.0,4400.0,1038.0,1158.0,45.437,45.437
48.212,train:DC4,99.6,408.62109375,17.0,1987.0703125,2108.0,0.0,4280.0,960.0,1160.0,45.218,45.5
48.713,train:DC4,99.6,400.12109375,17.7,1994.69921875,2120.0,0.0,4280.0,960.0,1160.0,45.25,45.5
49.216,train:DC4,97.5,384.39453125,17.3,1978.9609375,2104.0,0.0,4246.0,960.0,1160.0,45.312,45.531
49.718,train:DC4,101.6,364.859375,17.3,1998.61328125,2124.0,0.0,4280.0,960.0,1160.0,45.125,45.5
50.219,train:DC5,99.7,385.6875,17.0,1982.98046875,2108.0,0.0,4246.0,960.0,1160.0,45.156,45.468
50.721,train:DC5,99.7,368.87109375,21.7,1998.6015625,2124.0,0.0,4400.0,1038.0,1158.0,45.437,45.437
51.223,train:DC5,99.6,354.74609375,16.7,1990.8671875,2124.0,0.0,4320.0,998.0,1158.0,45.125,45.312
51.734,train:DC5,99.7,338.80859375,17.8,1998.34765625,2124.0,0.0,4320.0,998.0,1158.0,45.468,45.468
52.239,train:DC5,99.1,421.87890625,16.7,1998.34765625,2124.0,0.0,4280.0,960.0,1160.0,45.281,45.281
52.740,train:DC5,101.7,421.87890625,17.4,1994.140625,2119.0,0.0,4320.0,958.0,1158.0,45.312,45.375
53.242,train:DC5,97.7,421.87890625,16.7,1994.140625,2119.0,0.0,4280.0,960.0,1160.0,45.531,45.531
53.744,train:DC5,99.7,421.87890625,22.5,1990.1796875,2115.0,0.0,4320.0,998.0,1160.0,45.468,45.468
54.246,train:DC5,101.5,402.9453125,17.0,1982.265625,2108.0,0.0,4320.0,998.0,1160.0,45.281,45.406
54.748,train:DC6,97.6,421.87890625,17.1,1997.72265625,2123.0,0.0,4280.0,960.0,1160.0,45.25,45.5
55.249,train:DC6,101.7,415.01171875,18.3,1993.53125,2115.0,0.0,4280.0,960.0,1160.0,45.343,45.406
55.751,train:DC6,97.6,408.62109375,17.3,1997.46875,2123.0,0.0,4280.0,960.0,1160.0,45.5,45.5
56.253,train:DC6,99.7,393.62109375,16.9,1981.73046875,2107.0,0.0,4240.0,960.0,1160.0,45.218,45.593
56.754,train:DC6,99.7,381.12109375,17.7,1993.26171875,2118.0,0.0,4280.0,960.0,1160.0,45.375,45.406
57.255,train:DC6,101.7,363.16015625,21.4,1977.71875,2103.0,0.0,4320.0,998.0,1160.0,45.218,45.468
57.757,train:DC6,99.6,346.71484375,17.6,1993.17578125,2118.0,0.0,4280.0,960.0,1160.0,45.25,45.437
58.259,train:DC6,99.7,421.87890625,17.7,1993.17578125,2118.0,0.0,4320.0,958.0,1158.0,45.187,45.437
58.761,train:DC1,97.6,346.71484375,17.1,1981.25,2118.0,0.0,4320.0,958.0,1158.0,45.187,45.437
59.262,train:DC1,99.7,421.87890625,16.9,1996.609375,2106.0,0.0,4280.0,960.0,1160.0,45.406,45.406
59.764,train:DC1,101.7,421.87890625,17.3,1994.57421875,2122.0,0.0,4280.0,958.0,1160.0,45.531,45.531
60.266,train:DC1,99.6,421.87890625,22.1,1994.0,2120.0,0.0,4280.0,960.0,1160.0,45.281,45.5
60.768,train:DC1,97.6,421.87890625,17.5,1989.79296875,2119.0,0.0,4360.0,998.0,1158.0,45.125,45.5
61.270,train:DC1,101.6,419.62109375,17.4,1997.3359375,2115.0,0.0,4280.0,960.0,1160.0,45.25,45.437
61.772,train:DC1,97.6,408.62109375,17.3,1997.578125,2123.0,0.0,4240.0,960.0,1160.0,45.562,45.562
62.273,train:DC1,101.7,400.12109375,17.3,1985.65234375,2123.0,0.0,4280.0,960.0,1160.0,45.375,45.437
62.775,train:DC1,99.7,379.9921875,16.7,2001.0,2111.0,0.0,4240.0,960.0,1160.0,45.312,45.531
63.277,train:DC2,101.6,400.12109375,21.9,1992.6796875,2126.0,0.0,4246.0,960.0,1160.0,45.281,45.562
63.779,train:DC2,97.6,381.8203125,17.3,1996.22265625,2118.0,0.0,4320.0,1000.0,1160.0,45.25,45.468
64.281,train:DC2,101.6,368.87109375,18.2,1980.45703125,2121.0,0.0,4280.0,960.0,1160.0,45.187,45.375
64.783,train:DC2,97.6,351.81640625,16.8,1999.86328125,2106.0,0.0,4280.0,960.0,1160.0,45.218,45.468
65.299,train:DC2,102.6,338.80859375,17.6,1984.1171875,2125.0,0.0,4280.0,958.0,1160.0,45.406,45.406
65.804,train:DC2,97.1,421.87890625,17.3,1988.265625,2109.0,0.0,4320.0,958.0,1158.0,45.343,45.406
66.305,train:DC2,99.7,421.87890625,22.1,1988.59765625,2114.0,0.0,4280.0,960.0,1160.0,45.125,45.562
66.807,train:DC2,99.6,421.87890625,17.0,1988.3515625,2114.0,0.0,4360.0,998.0,1158.0,45.25,45.5
67.309,train:DC2,99.7,402.9453125,18.1,1972.30078125,2114.0,0.0,4280.0,960.0,1160.0,45.593,45.406
67.811,train:DC3,99.6,421.87890625,17.5,1991.70703125,2098.0,0.0,4280.0,998.0,1160.0,45.406,45.437
68.313,train:DC3,99.7,421.87890625,17.0,1991.4375,2117.0,0.0,4280.0,960.0,1160.0,45.312,45.406
68.814,train:DC3,99.7,418.875,17.3,1991.4375,2117.0,0.0,4280.0,960.0,1160.0,45.468,45.468
69.316,train:DC3,99.7,408.62109375,22.1,1983.05078125,2117.0,0.0,4280.0,960.0,1160.0,45.25,45.437
69.818,train:DC3,99.5,393.62109375,17.0,1998.80078125,2116.0,0.0,4360.0,998.0,1158.0,45.156,45.468
70.320,train:DC3,99.7,379.90625,17.9,1990.76171875,2124.0,0.0,4280.0,960.0,1160.0,45.187,45.343
70.822,train:DC3,99.6,362.80859375,17.1,1990.75390625,2116.0,0.0,4320.0,958.0,1158.0,45.468,45.468
71.323,train:DC3,99.7,342.40625,17.0,1975.11328125,2116.0,0.0,4280.0,960.0,1160.0,45.281,45.468
71.825,train:DC4,99.7,363.75,17.5,1975.11328125,2100.0,0.0,4320.0,958.0,1158.0,45.25,45.406
72.326,train:DC4,101.7,346.71484375,22.0,1994.0390625,2100.0,0.0,4280.0,960.0,1160.0,45.218,45.437
72.828,train:DC4,97.6,421.87890625,17.3,1994.62890625,2119.0,0.0,4360.0,1038.0,1158.0,45.25,45.468
73.330,train:DC4,101.6,421.87890625,20.7,1991.1875,2116.0,0.0,4280.0,960.0,1160.0,45.187,45.531
73.832,train:DC4,99.5,421.87890625,26.3,1990.88671875,2109.0,9.0,4512.0,1156.0,1198.0,45.531,45.531
74.335,train:DC4,99.6,421.87890625,27.2,1994.5546875,2116.0,0.0,4472.0,1076.0,1198.0,45.375,45.375
74.837,train:DC4,97.6,414.2421875,45.6,1995.1015625,2120.0,14.0,5063.0,1435.0,1275.0,45.5,45.5
75.339,train:DC4,101.6,406.62109375,37.1,1983.390625,2120.0,4.0,5023.0,1433.0,1234.0,45.437,45.437
75.841,train:DC4,99.6,385.2734375,25.2,1990.93359375,2112.0,0.0,4984.0,1472.0,1194.0,45.375,45.531
76.343,train:DC5,99.6,401.33203125,22.1,1975.12890625,2116.0,0.0,4552.0,1156.0,1196.0,45.343,45.406
76.845,train:DC5,99.6,387.37109375,20.5,1998.37890625,2124.0,0.0,4392.0,1078.0,1158.0,45.343,45.406
77.346,train:DC5,99.7,370.09765625,17.7,1990.57421875,2124.0,0.0,4320.0,998.0,1158.0,45.125,45.468
77.848,train:DC5,97.7,354.74609375,17.3,1990.57421875,2116.0,0.0,4320.0,958.0,1160.0,45.437,45.437
78.359,train:DC5,101.8,338.80859375,17.3,1974.93359375,2116.0,0.0,4280.0,960.0,1160.0,45.312,45.5
78.864,train:DC5,99.0,421.87890625,22.8,1995.15625,2101.0,0.0,4400.0,1038.0,1158.0,45.531,45.531
79.366,train:DC5,99.6,421.87890625,22.4,1991.36328125,2112.0,24.0,4432.0,1078.0,1198.0,45.5,45.5
79.868,train:DC5,101.5,421.87890625,19.7,1991.36328125,2117.0,3.0,4432.0,1076.0,1158.0,45.281,45.437
80.370,train:DC5,99.6,402.9453125,17.1,1975.625,2117.0,0.0,4392.0,1038.0,1158.0,45.218,45.406
80.872,train:DC6,99.6,421.87890625,17.3,1995.03125,2101.0,0.0,4280.0,958.0,1160.0,45.156,45.406
81.374,train:DC6,99.7,419.62109375,19.0,2002.56640625,2128.0,0.0,4320.0,958.0,1158.0,45.281,45.343
81.876,train:DC6,97.6,408.62109375,39.3,2002.46484375,2128.0,0.0,4512.0,1118.0,1198.0,45.687,45.687
82.378,train:DC6,101.6,393.62109375,35.2,1994.61328125,2128.0,4.0,4744.0,1355.0,1196.0,45.5,45.5
82.880,train:DC6,99.6,374.99609375,20.5,1995.203125,2120.0,0.0,4704.0,1315.0,1196.0,45.343,45.593
83.382,train:DC6,99.6,360.80859375,17.8,1979.46484375,2120.0,0.0,4432.0,1078.0,1158.0,45.218,45.437
83.885,train:DC6,99.5,338.80859375,17.3,1990.99609375,2109.0,0.0,4320.0,998.0,1160.0,45.281,45.531
84.387,train:DC6,99.6,421.87890625,20.2,1990.74609375,2109.0,0.0,4360.0,998.0,1158.0,45.437,45.343
84.896,train:DC6,100.2,338.80859375,22.5,1983.01171875,2116.0,0.0,4320.0,998.0,1160.0,45.25,45.406
85.402,train:DC1,100.8,421.87890625,19.2,1998.2890625,2108.0,34.0,4360.0,1038.0,1158.0,45.312,45.5
85.904,train:DC1,99.5,421.87890625,18.6,1998.2890625,2124.0,0.0,4320.0,998.0,1160.0,45.5,45.531
86.407,train:DC1,99.5,421.87890625,17.5,1997.94140625,2108.0,0.0,4360.0,998.0,1158.0,45.468,45.468
86.909,train:DC1,99.6,421.87890625,17.4,1997.94140625,2123.0,0.0,4320.0,998.0,1158.0,45.531,45.593
87.410,train:DC1,97.7,413.12890625,17.3,1990.21484375,2123.0,0.0,4280.0,958.0,1160.0,45.25,45.5
87.912,train:DC1,99.7,406.62109375,21.4,1998.07421875,2123.0,0.0,4280.0,960.0,1160.0,45.25,45.468
88.414,train:DC1,99.6,389.37109375,17.6,1982.296875,2123.0,0.0,4360.0,998.0,1158.0,45.343,45.406
88.916,train:DC1,101.6,369.8359375,18.7,1993.8203125,2119.0,0.0,4360.0,1038.0,1158.0,45.468,45.468
89.418,train:DC2,99.6,387.37109375,17.6,1978.19921875,2119.0,0.0,4320.0,998.0,1158.0,45.406,45.531
89.920,train:DC2,97.7,374.875,17.7,1993.57421875,2119.0,0.0,4280.0,958.0,1160.0,45.375,45.562
90.422,train:DC2,101.7,354.74609375,17.4,1985.84765625,2119.0,0.0,4320.0,958.0,1160.0,45.187,45.531
90.930,train:DC2,100.4,338.80859375,22.3,1976.91796875,2119.0,0.0,4320.0,958.0,1160.0,45.125,45.437
91.435,train:DC2,99.0,421.87890625,19.2,1988.44140625,2106.0,0.0,4432.0,1038.0,1158.0,45.562,45.593
91.936,train:DC2,99.7,421.87890625,17.9,1996.31640625,2122.0,0.0,4320.0,998.0,1160.0,45.375,45.375
92.438,train:DC2,99.7,421.87890625,19.9,1992.109375,2106.0,0.0,4320.0,958.0,1160.0,45.406,45.531
92.940,train:DC2,99.5,421.87890625,29.6,1992.109375,2117.0,5.0,4392.0,1078.0,1158.0,45.25,45.562
93.443,train:DC2,99.5,402.9453125,32.8,1976.37109375,2102.0,8.0,4472.0,1116.0,1198.0,45.468,45.593
93.945,train:DC3,101.6,419.62109375,22.7,1988.88671875,2102.0,0.0,4472.0,1118.0,1158.0,45.25,45.437
94.447,train:DC3,97.6,411.12109375,19.9,1988.96484375,2114.0,0.0,4472.0,1118.0,1158.0,45.375,45.531
94.949,train:DC3,99.6,400.12109375,17.3,1996.4453125,2122.0,0.0,4360.0,998.0,1158.0,45.531,45.531
95.451,train:DC3,99.7,386.23046875,17.4,1982.83984375,2122.0,0.0,4320.0,998.0,1158.0,45.437,45.625
95.952,train:DC3,101.7,368.87109375,19.9,1996.18359375,2123.0,0.0,4280.0,958.0,1160.0,45.531,45.531
96.454,train:DC3,99.5,346.71484375,37.8,1988.44921875,2121.0,45.0,4672.0,1156.0,1196.0,45.625,45.625
96.956,train:DC3,99.6,421.87890625,36.0,1995.9140625,2121.0,4.0,4824.0,1393.0,1196.0,45.5,45.5
97.458,train:DC3,99.6,421.87890625,31.3,1997.7890625,2108.0,0.0,4864.0,1393.0,1196.0,45.343,45.531
97.961,train:DC3,99.6,402.9453125,30.3,1997.609375,2123.0,0.0,4552.0,1156.0,1196.0,45.437,45.5
98.463,train:DC4,97.6,421.87890625,34.9,1997.36328125,2107.0,4.0,4784.0,1353.0,1196.0,45.656,45.468
98.965,train:DC4,101.6,421.87890625,25.9,1997.36328125,2123.0,0.0,4744.0,1355.0,1196.0,45.75,45.75
99.467,train:DC4,99.5,419.62109375,20.3,1993.1796875,2115.0,10.0,4512.0,1156.0,1198.0,45.562,45.562
99.969,train:DC4,99.6,408.62109375,17.7,1993.1796875,2118.0,0.0,4360.0,1038.0,1158.0,45.5,45.562
100.471,train:DC4,99.7,393.62109375,37.7,1977.33984375,2103.0,49.0,4632.0,1196.0,1198.0,45.5,45.625
100.973,train:DC4,99.5,374.99609375,35.9,1994.0703125,2122.0,5.0,4824.0,1353.0,1196.0,45.468,45.562
101.475,train:DC4,99.6,356.1171875,22.3,1986.328125,2119.0,0.0,4665.0,1236.0,1196.0,45.375,45.5
101.982,train:DC4,100.7,338.80859375,19.1,1972.265625,2113.0,0.0,4432.0,1078.0,1158.0,45.343,45.468
102.483,train:DC5,99.7,356.74609375,17.3,1972.265625,2098.0,0.0,4320.0,998.0,1158.0,45.625,45.625
102.987,train:DC5,99.4,338.80859375,17.5,1983.80859375,2117.0,0.0,4320.0,958.0,1160.0,45.375,45.593
103.488,train:DC5,99.6,421.87890625,22.5,1991.4921875,2117.0,0.0,4400.0,1038.0,1158.0,45.5,45.593
103.991,train:DC5,99.5,421.87890625,17.7,1991.45703125,2117.0,0.0,4320.0,998.0,1160.0,45.218,45.562
104.493,train:DC5,99.6,421.87890625,19.9,1987.25,2105.0,0.0,4320.0,1000.0,1160.0,45.406,45.5
104.995,train:DC5,99.5,421.87890625,24.1,1995.12109375,2120.0,0.0,4392.0,1038.0,1158.0,45.343,45.531
105.498,train:DC5,99.5,413.12109375,25.1,1994.6328125,2104.0,29.0,4432.0,1078.0,1198.0,45.531,45.375
106.000,train:DC5,101.5,400.12109375,36.1,2002.7421875,2128.0,6.0,4704.0,1315.0,1196.0,45.687,45.468
106.502,train:DC5,97.7,379.9921875,33.1,1995.75390625,2121.0,0.0,4904.0,1433.0,1194.0,45.625,45.625
107.004,train:DC6,101.5,395.21875,23.5,1995.59765625,2121.0,6.0,4552.0,1156.0,1196.0,45.375,45.437
107.507,train:DC6,99.6,381.12109375,18.0,1980.10546875,2105.0,0.0,4392.0,1038.0,1158.0,45.5,45.5
108.009,train:DC6,99.6,363.5078125,18.0,1983.7734375,2125.0,0.0,4320.0,998.0,1160.0,45.562,45.562
108.510,train:DC6,99.6,346.71484375,20.1,1989.3984375,2114.0,0.0,4320.0,998.0,1158.0,45.343,45.593
109.013,train:DC6,99.5,421.87890625,31.2,1989.3984375,2115.0,22.0,4552.0,1156.0,1198.0,45.437,45.562
109.515,train:DC6,99.6,421.87890625,25.2,1993.390625,2118.0,0.0,4400.0,1078.0,1158.0,45.312,45.625
110.017,train:DC6,99.5,421.87890625,19.1,2001.1875,2127.0,0.0,4400.0,1038.0,1160.0,45.343,45.531
110.520,train:DC6,99.5,421.87890625,17.6,1993.04296875,2115.0,0.0,4280.0,960.0,1160.0,45.468,45.562
111.021,train:DC6,101.7,402.9453125,17.9,1993.04296875,2118.0,0.0,4240.0,960.0,1160.0,45.218,45.531
111.523,train:DC1,97.7,421.87890625,17.3,1992.796875,2106.0,0.0,4240.0,960.0,1160.0,45.437,45.468
112.024,train:DC1,101.7,413.12109375,17.9,1992.7890625,2118.0,0.0,4280.0,960.0,1160.0,45.625,45.625
112.526,train:DC1,99.7,406.62109375,18.5,1985.0625,2110.0,0.0,4240.0,960.0,1160.0,45.468,45.625
113.028,train:DC1,97.6,387.37109375,20.1,1989.4609375,2115.0,0.0,4360.0,998.0,1158.0,45.25,45.593
113.530,train:DC1,99.6,374.46875,17.0,1977.19921875,2102.0,0.0,4280.0,958.0,1160.0,45.375,45.531
114.032,train:DC1,101.6,354.74609375,17.9,1987.93359375,2118.0,0.0,4280.0,958.0,1160.0,45.218,45.5
114.539,train:DC1,100.5,338.80859375,19.1,1988.796875,2115.0,0.0,4280.0,958.0,1158.0,45.25,45.5
115.045,train:DC1,97.0,421.87890625,18.6,1989.48046875,2115.0,0.0,4320.0,998.0,1158.0,45.281,45.562
115.547,train:DC1,101.5,338.80859375,17.3,1973.7421875,2099.0,0.0,4280.0,958.0,1160.0,45.593,45.593
116.053,train:DC2,98.9,421.87890625,28.1,1993.17578125,2118.0,8.0,4400.0,1078.0,1158.0,45.531,45.531
116.555,train:DC2,99.5,421.87890625,28.5,1992.90625,2118.0,5.0,4472.0,1116.0,1198.0,45.281,45.437
117.057,train:DC2,99.6,421.87890625,31.4,1992.77734375,2118.0,0.0,4512.0,1116.0,1198.0,45.593,45.593
117.559,train:DC2,101.5,419.62109375,34.2,2010.1640625,2135.0,33.0,4712.0,1236.0,1196.0,45.593,45.593
118.061,train:DC2,97.6,408.62109375,53.2,2007.1484375,2132.0,23.0,5374.0,1711.0,1273.0,45.718,45.718
118.564,train:DC2,99.6,393.62109375,38.1,1999.421875,2125.0,6.0,5135.0,1592.0,1234.0,45.593,45.593
119.066,train:DC2,101.6,374.99609375,44.1,1984.2734375,2110.0,22.0,5095.0,1592.0,1234.0,45.531,45.687
119.568,train:DC2,97.6,351.5234375,37.4,2011.5546875,2137.0,20.0,4984.0,1512.0,1194.0,45.5,45.625
120.070,train:DC3,101.5,368.87109375,23.8,1995.93359375,2121.0,0.0,4592.0,1196.0,1196.0,45.375,45.531
120.572,train:DC3,99.6,354.74609375,17.7,2011.30859375,2137.0,0.0,4353.0,1038.0,1158.0,45.593,45.593
121.074,train:DC3,99.6,421.87890625,32.0,2011.30859375,2137.0,0.0,4353.0,1038.0,1158.0,45.593,45.593
121.576,train:DC3,97.6,421.87890625,36.9,2004.171875,2137.0,23.0,4712.0,1275.0,1196.0,45.687,45.687
122.078,train:DC3,101.6,421.87890625,28.0,2004.38671875,2129.0,3.0,4904.0,1433.0,1194.0,45.593,45.656
122.580,train:DC3,99.5,421.87890625,17.6,1998.9296875,2130.0,0.0,4625.0,1236.0,1196.0,45.375,45.593
123.082,train:DC3,99.6,419.62109375,20.7,1993.703125,2119.0,0.0,4400.0,1038.0,1158.0,45.343,45.531
123.584,train:DC3,99.6,408.62109375,19.3,1981.8671875,2119.0,13.0,4432.0,1038.0,1158.0,45.625,45.625
124.086,train:DC3,97.6,392.1796875,17.6,1973.7578125,2107.0,0.0,4360.0,998.0,1158.0,45.437,45.531
124.588,train:DC4,101.7,408.62109375,17.3,1977.66015625,2099.0,0.0,4320.0,958.0,1158.0,45.593,45.718
125.089,train:DC4,99.7,398.0234375,21.4,1981.83203125,2103.0,0.0,4280.0,958.0,1160.0,45.406,45.625
125.592,train:DC4,99.5,381.12109375,19.6,1989.4609375,2107.0,7.0,4432.0,1038.0,1158.0,45.531,45.593
126.094,train:DC4,99.5,365.9296875,19.6,1973.671875,2115.0,0.0,4320.0,998.0,1158.0,45.25,45.718
126.596,train:DC4,101.6,346.71484375,17.1,1989.12890625,2099.0,0.0,4320.0,998.0,1158.0,45.406,45.562
127.098,train:DC4,99.7,421.87890625,20.3,1989.12109375,2114.0,0.0,4280.0,958.0,1160.0,45.625,45.625
127.600,train:DC4,99.6,421.87890625,18.5,1984.88671875,2103.0,0.0,4320.0,998.0,1158.0,45.468,45.5
128.102,train:DC4,97.6,421.87890625,20.9,1989.31640625,2110.0,0.0,4320.0,998.0,1158.0,45.5,45.656
128.604,train:DC4,101.6,402.9453125,17.6,1973.7265625,2115.0,0.0,4392.0,1038.0,1158.0,45.625,45.718
129.106,train:DC5,99.7,421.87890625,17.4,1989.23046875,2099.0,0.0,4320.0,998.0,1158.0,45.437,45.656
129.607,train:DC5,99.6,421.87890625,31.7,1985.26953125,2114.0,0.0,4320.0,958.0,1160.0,45.531,45.625
130.110,train:DC5,99.6,413.12109375,36.7,1985.515625,2111.0,23.0,4665.0,1236.0,1196.0,45.5,45.593
130.611,train:DC5,99.6,400.12109375,37.3,1973.6796875,2111.0,22.0,4904.0,1393.0,1194.0,45.5,45.625
131.114,train:DC5,99.5,381.12109375,36.8,1981.09375,2114.0,21.0,4864.0,1353.0,1194.0,45.75,45.562
131.616,train:DC5,99.6,366.296875,18.1,1996.55078125,2106.0,2.0,4784.0,1313.0,1196.0,45.531,45.531
132.118,train:DC5,99.5,346.71484375,18.0,1988.75390625,2122.0,0.0,4400.0,1078.0,1158.0,45.531,45.531
132.621,train:DC5,99.5,421.87890625,18.3,1992.296875,2114.0,5.0,4360.0,1038.0,1158.0,45.5,45.781
133.123,train:DC6,101.5,346.71484375,17.0,1976.67578125,2118.0,0.0,4320.0,998.0,1158.0,45.5,45.656
133.625,train:DC6,99.6,421.87890625,20.4,1999.92578125,2102.0,0.0,4280.0,960.0,1160.0,45.343,45.593
134.127,train:DC6,99.6,421.87890625,24.7,2042.80859375,2125.0,0.0,4320.0,998.0,1158.0,45.437,45.531
134.629,train:DC6,97.6,421.87890625,34.9,2051.08203125,2164.0,0.0,4552.0,1156.0,1196.0,45.75,45.75
135.132,train:DC6,101.5,421.87890625,18.5,2051.140625,2176.0,0.0,4665.0,1275.0,1196.0,45.5,45.718
135.633,train:DC6,99.6,413.12109375,19.8,2045.0625,2176.0,0.0,4432.0,1076.0,1158.0,45.593,45.656
136.135,train:DC6,99.6,404.6328125,18.4,2041.09375,2178.0,0.0,4392.0,998.0,1158.0,45.406,45.656
136.637,train:DC6,99.6,387.37109375,20.6,2048.72265625,2174.0,0.0,4320.0,958.0,1158.0,45.562,45.562
137.139,train:DC6,97.6,368.22265625,17.1,2032.984375,2174.0,0.0,4360.0,998.0,1158.0,45.437,45.468
137.641,train:DC1,101.7,386.71875,17.6,2032.984375,2158.0,0.0,4280.0,958.0,1160.0,45.531,45.625
138.142,train:DC1,99.7,368.87109375,17.3,2036.6015625,2170.0,0.0,4280.0,960.0,1160.0,45.375,45.718
138.643,train:DC1,99.7,350.8203125,20.0,2052.05859375,2166.0,0.0,4320.0,958.0,1158.0,45.406,45.687
139.163,train:DC1,102.0,338.80859375,17.0,2039.96484375,2177.0,0.0,4360.0,998.0,1158.0,45.343,45.625
139.668,train:DC1,97.1,421.87890625,17.1,2055.390625,2165.0,0.0,4280.0,960.0,1160.0,45.562,45.593
140.169,train:DC1,99.7,421.87890625,17.6,2055.3828125,2181.0,0.0,4280.0,958.0,1160.0,45.625,45.625
140.671,train:DC1,97.7,421.87890625,17.1,2051.19921875,2173.0,0.0,4320.0,958.0,1158.0,45.375,45.625
141.172,train:DC1,101.7,421.87890625,27.9,2051.19921875,2176.0,0.0,4360.0,958.0,1158.0,45.562,45.718
141.674,train:DC1,99.5,402.9453125,36.4,2035.453125,2176.0,22.0,4672.0,1196.0,1196.0,45.468,45.656
142.177,train:DC2,99.5,419.62109375,36.0,2043.6328125,2161.0,4.0,4744.0,1313.0,1196.0,45.593,45.625
142.679,train:DC2,99.6,408.62109375,36.0,2039.078125,2177.0,21.0,4824.0,1353.0,1194.0,45.531,45.562
143.181,train:DC2,99.6,393.62109375,27.4,2041.82421875,2172.0,4.0,4864.0,1433.0,1194.0,45.687,45.593
143.683,train:DC2,99.6,379.0546875,17.0,2045.453125,2171.0,0.0,4472.0,1118.0,1158.0,45.625,45.625
144.185,train:DC2,99.6,362.80859375,17.7,2031.5859375,2171.0,0.0,4320.0,998.0,1158.0,45.437,45.843
144.687,train:DC2,99.6,340.30078125,27.6,2058.8671875,2161.0,0.0,4280.0,960.0,1160.0,45.437,45.75
145.188,train:DC2,99.7,421.87890625,35.4,2058.75,2184.0,4.0,4672.0,1275.0,1196.0,45.5,45.718
145.690,train:DC2,99.6,421.87890625,26.1,2050.6015625,2168.0,4.0,4864.0,1433.0,1194.0,45.531,45.593
146.193,train:DC2,99.5,402.9453125,19.5,2050.6015625,2176.0,9.0,4552.0,1196.0,1196.0,45.593,45.656
146.695,train:DC3,101.5,421.87890625,20.9,2050.35546875,2160.0,0.0,4392.0,1038.0,1158.0,45.406,45.625
147.198,train:DC3,99.5,421.87890625,20.1,2050.34765625,2176.0,0.0,4392.0,998.0,1158.0,45.343,45.625
147.700,train:DC3,99.6,421.87890625,30.9,2050.1015625,2168.0,22.0,4472.0,1116.0,1198.0,45.875,45.562
148.202,train:DC3,97.6,411.984375,36.4,2038.265625,2175.0,20.0,4704.0,1236.0,1196.0,45.687,45.687
148.704,train:DC3,101.6,400.12109375,36.9,2053.76953125,2171.0,5.0,4864.0,1393.0,1194.0,45.562,45.687
149.206,train:DC3,99.6,381.55859375,19.6,2038.03125,2179.0,0.0,4744.0,1313.0,1196.0,45.718,45.718
149.709,train:DC3,99.5,366.24609375,28.8,2049.5625,2175.0,28.0,4432.0,1078.0,1158.0,45.812,45.812
150.211,train:DC3,99.5,341.93359375,36.8,2033.82421875,2175.0,40.0,4744.0,1275.0,1196.0,45.625,45.625
150.714,train:DC4,99.5,358.43359375,37.1,2033.82421875,2159.0,23.0,4784.0,1313.0,1196.0,45.531,45.625
151.218,train:DC4,101.2,338.80859375,23.9,2045.50390625,2171.0,0.0,4632.0,1196.0,1196.0,45.656,45.656
151.720,train:DC4,99.5,421.87890625,27.6,2052.41015625,2170.0,3.0,4665.0,1236.0,1196.0,45.812,45.812
152.223,train:DC4,99.6,421.87890625,18.0,2052.40234375,2178.0,0.0,4432.0,1038.0,1158.0,45.625,45.718
152.725,train:DC4,99.6,421.87890625,20.3,2056.0703125,2162.0,0.0,4392.0,1038.0,1158.0,45.437,45.718
153.227,train:DC4,99.6,421.87890625,17.3,2044.47265625,2166.0,0.0,4320.0,998.0,1158.0,45.437,45.625
153.728,train:DC4,99.7,413.12109375,17.8,2044.96484375,2170.0,0.0,4280.0,958.0,1160.0,45.531,45.75
154.230,train:DC4,99.7,406.62109375,18.5,2032.41015625,2154.0,0.0,4320.0,998.0,1158.0,45.562,45.593
154.732,train:DC4,99.5,383.1640625,32.1,2056.7265625,2174.0,24.0,4400.0,1038.0,1158.0,45.75,45.75
155.235,train:DC5,99.5,393.62109375,41.9,2041.05078125,2182.0,24.0,4824.0,1355.0,1196.0,45.968,45.968
155.737,train:DC5,99.5,374.99609375,39.1,2056.42578125,2182.0,24.0,4824.0,1353.0,1196.0,45.656,45.687
156.239,train:DC5,99.6,357.04296875,36.5,2048.69921875,2182.0,3.0,4824.0,1353.0,1194.0,45.687,45.75
156.747,train:DC5,102.3,338.80859375,34.7,2056.1796875,2181.0,3.0,4864.0,1433.0,1194.0,45.625,45.781
157.249,train:DC5,97.6,421.87890625,36.5,2056.171875,2181.0,27.0,4904.0,1433.0,1194.0,45.625,45.687
157.752,train:DC5,99.6,421.87890625,39.7,2058.0859375,2168.0,25.0,4864.0,1393.0,1194.0,45.718,45.656
158.254,train:DC5,99.6,421.87890625,39.4,2049.94140625,2168.0,21.0,4904.0,1433.0,1194.0,45.781,45.781
158.756,train:DC5,99.6,415.12109375,37.6,2049.94140625,2175.0,4.0,4984.0,1472.0,1194.0,45.937,45.937
159.258,train:DC5,99.6,396.17578125,35.7,2034.1796875,2159.0,3.0,4904.0,1472.0,1194.0,45.937,45.937
159.760,train:DC6,99.6,413.12109375,36.1,2038.08203125,2159.0,3.0,4864.0,1472.0,1194.0,45.687,45.812
160.263,train:DC6,101.6,400.12109375,35.7,2037.796875,2163.0,19.0,4864.0,1433.0,1194.0,45.593,45.656
160.765,train:DC6,99.6,381.12109375,36.1,2053.25390625,2179.0,21.0,4904.0,1472.0,1194.0,45.687,45.687
161.267,train:DC6,99.6,362.80859375,35.9,2045.52734375,2179.0,21.0,4904.0,1472.0,1194.0,45.687,45.781
161.769,train:DC6,99.6,339.65625,35.5,2053.0078125,2178.0,22.0,4904.0,1472.0,1194.0,45.687,45.687
162.271,train:DC6,97.6,421.87890625,36.5,2053.0078125,2178.0,4.0,4984.0,1512.0,1194.0,45.906,45.75
162.773,train:DC6,99.6,421.87890625,35.9,2048.80078125,2170.0,4.0,4944.0,1472.0,1194.0,46.0,46.0
163.274,train:DC6,99.7,421.87890625,35.9,2048.46875,2162.0,4.0,4944.0,1472.0,1194.0,45.781,45.843
163.776,train:DC6,101.7,402.9453125,36.3,2048.46875,2174.0,21.0,4904.0,1472.0,1194.0,45.812,45.812
164.278,train:DC1,97.7,421.87890625,35.4,2056.08984375,2166.0,21.0,4904.0,1433.0,1194.0,45.625,45.812
164.780,train:DC1,101.6,413.12109375,37.4,2061.06640625,2186.0,21.0,4904.0,1472.0,1194.0,45.687,45.843
165.282,train:DC1,97.6,400.12109375,38.3,2048.4921875,2170.0,3.0,4904.0,1472.0,1194.0,45.75,45.843
165.784,train:DC1,99.6,384.41015625,36.7,2050.2109375,2175.0,3.0,4904.0,1472.0,1194.0,45.75,45.812
166.286,train:DC1,101.6,368.0625,35.3,2034.421875,2175.0,3.0,4904.0,1472.0,1194.0,45.656,45.75
166.788,train:DC1,99.6,346.71484375,35.5,2049.87890625,2175.0,21.0,4904.0,1472.0,1194.0,45.75,45.781
167.290,train:DC1,99.6,421.87890625,37.0,2049.87890625,2175.0,20.0,4904.0,1433.0,1194.0,45.656,45.718
167.792,train:DC1,97.6,421.87890625,36.5,2052.48828125,2178.0,19.0,4864.0,1393.0,1194.0,45.812,45.75
168.295,train:DC1,99.4,402.9453125,35.9,2036.75,2162.0,22.0,4824.0,1353.0,1194.0,45.906,45.906
168.797,train:DC2,101.5,421.87890625,23.8,2056.15625,2181.0,0.0,4552.0,1196.0,1196.0,45.625,45.75
169.299,train:DC2,99.6,421.87890625,17.7,2052.92578125,2177.0,0.0,4360.0,1038.0,1158.0,45.687,45.718
169.801,train:DC2,99.6,419.62109375,37.1,2052.92578125,2178.0,17.0,4632.0,1196.0,1196.0,45.718,45.718
170.303,train:DC2,99.5,406.62109375,36.0,2041.08984375,2162.0,17.0,4704.0,1273.0,1196.0,45.656,45.718
170.806,train:DC2,99.5,387.39453125,33.2,2064.46875,2190.0,0.0,4744.0,1353.0,1196.0,45.843,45.781
171.308,train:DC2,99.6,374.99609375,19.3,2048.73046875,2174.0,0.0,4472.0,1116.0,1196.0,45.625,45.718
171.810,train:DC2,101.6,354.74609375,18.8,2052.87890625,2178.0,0.0,4353.0,1038.0,1158.0,45.75,45.75
172.326,train:DC2,98.7,338.80859375,36.0,2037.140625,2178.0,3.0,4665.0,1275.0,1196.0,45.687,45.968
172.832,train:DC3,100.8,354.74609375,35.2,2037.140625,2162.0,4.0,4824.0,1433.0,1196.0,45.718,45.718
173.345,train:DC3,99.4,338.80859375,17.0,2056.6953125,2182.0,0.0,4472.0,1156.0,1158.0,45.562,45.812
173.850,train:DC3,99.0,421.87890625,19.7,2056.6953125,2182.0,0.0,4360.0,1038.0,1158.0,45.656,45.75
174.352,train:DC3,99.6,421.87890625,21.1,2060.4609375,2186.0,0.0,4353.0,1038.0,1158.0,45.625,45.625
174.855,train:DC3,99.5,421.87890625,41.2,2062.18359375,2187.0,52.0,4824.0,1353.0,1196.0,45.625,45.687
175.357,train:DC3,99.5,419.62109375,37.3,2050.48828125,2176.0,17.0,5023.0,1512.0,1234.0,45.843,45.843
175.859,train:DC3,97.6,411.57421875,18.6,2051.2265625,2176.0,0.0,4552.0,1156.0,1196.0,45.781,45.875
176.361,train:DC3,101.6,400.12109375,17.9,2039.390625,2161.0,0.0,4360.0,1038.0,1158.0,45.687,45.843
176.863,train:DC3,99.6,379.9921875,23.7,2062.76953125,2188.0,0.0,4320.0,998.0,1158.0,45.562,45.75
177.364,train:DC4,99.7,398.56640625,19.1,2047.1484375,2172.0,0.0,4280.0,998.0,1160.0,45.593,45.718
177.866,train:DC4,99.7,381.12109375,18.5,2062.5234375,2188.0,0.0,4320.0,998.0,1158.0,45.781,45.781
178.368,train:DC4,97.7,367.21875,17.1,2054.7890625,2180.0,0.0,4280.0,958.0,1158.0,45.687,45.718
178.869,train:DC4,101.7,346.71484375,17.9,2062.26953125,2188.0,0.0,4280.0,958.0,1158.0,45.687,45.812
179.370,train:DC4,99.7,421.87890625,20.6,2062.26953125,2188.0,0.0,4353.0,998.0,1158.0,45.75,45.781
179.873,train:DC4,101.5,421.87890625,31.8,2064.14453125,2189.0,13.0,4592.0,1156.0,1196.0,46.0,45.687
180.375,train:DC4,97.6,421.87890625,40.1,2055.9921875,2189.0,13.0,4592.0,1156.0,1196.0,46.0,45.687
180.877,train:DC4,101.6,419.62109375,40.8,2055.9921875,2181.0,22.0,4824.0,1353.0,1196.0,45.781,45.781
181.379,train:DC4,99.6,401.1171875,26.3,2040.25390625,2181.0,9.0,4864.0,1393.0,1194.0,45.75,45.937
181.881,train:DC5,97.5,419.62109375,31.7,2051.78515625,2166.0,6.0,4592.0,1196.0,1196.0,45.656,45.781
182.383,train:DC5,99.5,406.62109375,38.1,2045.546875,2177.0,20.0,4665.0,1236.0,1196.0,45.843,45.875
182.885,train:DC5,101.6,387.37109375,37.9,2059.328125,2173.0,22.0,4864.0,1393.0,1194.0,45.656,45.812
183.388,train:DC5,97.5,368.87109375,45.8,2045.36328125,2185.0,22.0,4904.0,1433.0,1194.0,45.75,45.906
183.890,train:DC5,99.6,346.71484375,42.6,2060.859375,2171.0,36.0,5254.0,1632.0,1273.0,46.156,46.156
184.392,train:DC5,99.6,421.87890625,36.0,2061.0859375,2186.0,4.0,5023.0,1472.0,1234.0,45.781,45.875
184.894,train:DC5,101.6,421.87890625,37.4,2060.83203125,2179.0,22.0,4944.0,1433.0,1194.0,45.875,45.875
185.397,train:DC5,99.3,421.87890625,36.3,2056.625,2186.0,8.0,4904.0,1393.0,1194.0,45.781,45.906
185.899,train:DC5,99.6,402.9453125,30.2,2056.625,2182.0,6.0,4864.0,1433.0,1194.0,45.875,45.875
186.402,train:DC6,99.5,421.87890625,32.6,2056.59375,2182.0,10.0,4665.0,1275.0,1196.0,45.718,45.812
186.904,train:DC6,99.6,419.62109375,41.6,2056.59375,2182.0,18.0,4744.0,1315.0,1196.0,45.906,45.906
187.406,train:DC6,99.6,408.62109375,19.3,2048.8671875,2182.0,10.0,5175.0,1632.0,1273.0,46.062,46.062
187.908,train:DC6,101.5,393.62109375,22.6,2056.34765625,2182.0,0.0,4592.0,1196.0,1198.0,45.718,45.75
188.410,train:DC6,99.6,374.99609375,43.5,2040.609375,2182.0,7.0,4472.0,1116.0,1198.0,45.781,45.75
188.912,train:DC6,97.6,354.74609375,38.8,2052.2890625,2170.0,21.0,4984.0,1512.0,1234.0,45.968,45.968
189.414,train:DC6,99.6,421.87890625,38.0,2052.2890625,2178.0,9.0,4984.0,1512.0,1194.0,45.937,45.937
189.916,train:DC6,99.6,421.87890625,35.9,2050.1484375,2170.0,4.0,4944.0,1472.0,1194.0,45.812,45.906
190.418,train:DC6,101.6,402.9453125,34.8,2036.515625,2162.0,3.0,4904.0,1472.0,1194.0,45.718,45.781
190.920,train:DC1,97.6,421.87890625,35.8,2052.01953125,2162.0,3.0,4864.0,1472.0,1194.0,45.687,45.812
191.422,train:DC1,101.5,421.87890625,36.3,2055.16796875,2177.0,22.0,4904.0,1472.0,1194.0,46.093,46.093
191.924,train:DC1,99.6,419.62109375,35.7,2055.1640625,2180.0,24.0,4864.0,1393.0,1194.0,45.937,45.937
192.426,train:DC1,97.6,408.62109375,35.0,2042.73828125,2180.0,21.0,4864.0,1433.0,1194.0,45.906,45.906
192.928,train:DC1,101.6,393.62109375,35.7,2058.22265625,2183.0,23.0,4864.0,1472.0,1194.0,45.906,45.968
193.430,train:DC1,99.6,374.99609375,35.7,2046.12890625,2183.0,3.0,4864.0,1472.0,1194.0,45.75,45.906
193.932,train:DC1,97.6,354.74609375,35.3,2041.17578125,2171.0,3.0,4864.0,1472.0,1194.0,45.781,45.875
194.434,train:DC1,105.6,338.80859375,34.7,2056.64453125,2166.0,3.0,4904.0,1472.0,1194.0,45.781,45.843
194.958,train:DC2,95.5,354.74609375,35.7,2048.91796875,2182.0,21.0,4864.0,1472.0,1194.0,45.937,45.906
195.460,train:DC2,97.6,338.80859375,35.4,2049.67578125,2174.0,21.0,4944.0,1472.0,1194.0,46.093,46.093
195.983,train:DC2,101.3,421.87890625,36.5,2049.66796875,2175.0,21.0,4904.0,1472.0,1194.0,46.062,46.062
196.485,train:DC2,99.6,421.87890625,35.2,2049.16796875,2159.0,0.0,4864.0,1433.0,1194.0,45.875,46.031
196.987,train:DC2,97.6,421.87890625,35.5,2049.08984375,2174.0,4.0,4864.0,1433.0,1194.0,45.906,45.968
197.489,train:DC2,99.6,417.62109375,35.8,2047.80859375,2174.0,4.0,4904.0,1433.0,1194.0,45.812,45.906
197.992,train:DC2,99.5,406.62109375,35.1,2051.74609375,2177.0,28.0,4864.0,1393.0,1194.0,45.843,45.843
198.493,train:DC2,99.6,387.37109375,18.3,2036.0078125,2177.0,0.0,4784.0,1313.0,1194.0,45.75,45.906
198.996,train:DC2,101.6,369.8359375,17.0,2047.6875,2173.0,0.0,4392.0,1038.0,1158.0,46.031,46.031
199.497,train:DC3,99.7,387.37109375,17.3,2039.79296875,2173.0,0.0,4320.0,998.0,1160.0,45.781,45.781
199.999,train:DC3,97.7,368.87109375,16.7,2042.73828125,2173.0,0.0,4280.0,960.0,1160.0,45.718,45.906
200.500,train:DC3,99.7,354.74609375,17.3,2058.19921875,2168.0,0.0,4280.0,960.0,1160.0,46.0,46.0
201.016,train:DC3,100.7,338.80859375,17.1,2046.37890625,2183.0,0.0,4280.0,958.0,1160.0,45.625,45.937
201.521,train:DC3,99.2,421.87890625,17.5,2050.28125,2172.0,0.0,4280.0,960.0,1160.0,45.781,45.937
202.022,train:DC3,99.7,421.87890625,16.7,2050.28125,2176.0,0.0,4240.0,960.0,1160.0,45.687,45.812
202.523,train:DC3,99.7,421.87890625,33.6,2057.82421875,2160.0,25.0,4320.0,998.0,1158.0,45.656,45.781
203.025,train:DC3,101.6,419.62109375,37.8,2057.81640625,2183.0,22.0,4704.0,1275.0,1196.0,45.781,45.875
203.527,train:DC3,97.6,401.1171875,22.3,2050.08984375,2183.0,2.0,4784.0,1353.0,1196.0,45.687,45.781
204.030,train:DC4,101.6,419.62109375,21.7,2049.94140625,2175.0,0.0,4432.0,1078.0,1158.0,45.875,45.875
204.532,train:DC4,97.6,406.62109375,35.2,2038.04296875,2175.0,22.0,4432.0,1076.0,1198.0,46.0,46.0
205.034,train:DC4,101.6,387.37109375,38.1,2052.859375,2183.0,25.0,4704.0,1275.0,1196.0,46.218,46.218
205.536,train:DC4,97.6,368.87109375,27.9,2045.1328125,2178.0,4.0,4864.0,1433.0,1194.0,45.843,45.875
206.038,train:DC4,101.5,354.74609375,17.9,2034.33203125,2170.0,0.0,4512.0,1156.0,1198.0,45.812,46.125
206.555,train:DC4,100.6,338.80859375,19.0,2049.734375,2161.0,0.0,4432.0,1036.0,1198.0,45.687,46.0
207.060,train:DC4,97.0,421.87890625,33.9,2049.73046875,2175.0,3.0,4472.0,1116.0,1198.0,45.781,45.781
207.562,train:DC4,99.6,421.87890625,36.5,2048.33203125,2170.0,4.0,4824.0,1433.0,1196.0,45.812,45.843
208.064,train:DC4,99.6,402.9453125,33.7,2048.33203125,2174.0,9.0,4904.0,1512.0,1194.0,46.0,46.062
208.566,train:DC5,101.6,421.87890625,17.3,2048.0859375,2158.0,0.0,4592.0,1236.0,1196.0,45.781,46.0
209.068,train:DC5,97.6,421.87890625,27.3,2048.0859375,2173.0,0.0,4360.0,1038.0,1158.0,45.656,45.937
209.573,train:DC5,102.9,419.62109375,40.9,2051.6796875,2102.0,29.0,5143.0,1552.0,1275.0,45.937,45.937
210.075,train:DC5,97.6,408.62109375,18.0,2051.6796875,2177.0,0.0,4784.0,1315.0,1196.0,45.875,45.968
210.577,train:DC5,101.6,400.12109375,18.9,2043.8046875,2177.0,0.0,4512.0,1116.0,1196.0,46.125,46.125
211.079,train:DC5,99.6,386.0,17.4,2029.7890625,2171.0,0.0,4392.0,1038.0,1158.0,45.875,45.875
211.581,train:DC5,99.6,370.75,18.2,2057.0703125,2174.0,0.0,4353.0,998.0,1158.0,45.968,45.968
212.084,train:DC5,101.5,354.95703125,17.6,2041.2265625,2182.0,0.0,4320.0,998.0,1158.0,45.937,46.0
212.586,train:DC6,97.6,374.99609375,17.1,2041.2265625,2166.0,0.0,4280.0,958.0,1160.0,46.0,46.0
213.087,train:DC6,99.7,362.03515625,17.3,2033.1796875,2174.0,0.0,4280.0,958.0,1160.0,45.718,45.812
213.589,train:DC6,101.6,342.76171875,17.7,2052.5859375,2170.0,0.0,4280.0,960.0,1160.0,46.0,45.812
214.092,train:DC6,99.5,421.87890625,17.9,2052.5859375,2178.0,0.0,4280.0,960.0,1160.0,46.093,46.093
214.594,train:DC6,99.6,421.87890625,17.7,2048.37890625,2166.0,0.0,4280.0,960.0,1160.0,45.812,45.968
215.095,train:DC6,101.7,421.87890625,17.1,2048.37890625,2174.0,0.0,4280.0,960.0,1160.0,45.875,45.875
215.597,train:DC6,97.7,421.87890625,17.9,2055.921875,2158.0,0.0,4280.0,958.0,1160.0,45.781,46.031
216.098,train:DC6,101.7,419.62109375,17.7,2055.9140625,2181.0,0.0,4320.0,998.0,1158.0,45.781,45.875
216.600,train:DC6,99.6,402.9453125,17.3,2043.9921875,2169.0,0.0,4320.0,998.0,1158.0,45.75,45.875
217.102,train:DC1,99.7,419.62109375,17.4,2047.984375,2169.0,11.0,4320.0,998.0,1158.0,45.875,45.875
217.603,train:DC1,97.8,413.12109375,17.4,2040.0234375,2158.0,0.0,4320.0,958.0,1158.0,46.062,46.062
218.104,train:DC1,101.7,403.8359375,18.2,2047.48046875,2173.0,0.0,4280.0,998.0,1158.0,45.781,45.937
218.605,train:DC1,99.7,387.37109375,17.1,2041.9375,2173.0,0.0,4320.0,998.0,1158.0,45.968,45.968
219.107,train:DC1,99.7,374.99609375,18.7,2029.69921875,2171.0,0.0,4353.0,998.0,1158.0,45.843,45.843
219.609,train:DC1,101.6,362.296875,18.3,2045.15625,2170.0,0.0,4313.0,998.0,1158.0,46.093,46.093
220.110,train:DC1,97.7,345.1875,17.1,2040.28515625,2170.0,0.0,4320.0,998.0,1158.0,45.75,45.781
220.611,train:DC1,99.7,421.87890625,17.3,2047.76171875,2173.0,0.0,4280.0,958.0,1160.0,46.0,46.0
221.113,train:DC2,99.7,346.71484375,17.5,2032.140625,2173.0,0.0,4280.0,958.0,1160.0,45.718,45.906
221.614,train:DC2,99.8,421.87890625,16.8,2047.515625,2173.0,0.0,4280.0,958.0,1160.0,45.937,45.937
222.115,train:DC2,99.7,421.87890625,17.6,2047.515625,2173.0,0.0,4280.0,958.0,1160.0,45.812,45.812
222.617,train:DC2,99.7,421.87890625,17.3,2047.26953125,2165.0,0.0,4320.0,958.0,1158.0,45.968,45.875
223.118,train:DC2,101.7,421.87890625,16.8,2047.26171875,2173.0,0.0,4280.0,958.0,1160.0,45.875,45.875
223.619,train:DC2,97.8,421.87890625,17.6,2046.9296875,2157.0,0.0,4280.0,958.0,1160.0,45.718,45.906
224.121,train:DC2,101.7,413.12109375,17.3,2046.9296875,2172.0,0.0,4280.0,958.0,1158.0,45.906,45.75
224.622,train:DC2,99.7,406.62109375,17.3,2034.5,2160.0,0.0,4280.0,958.0,1158.0,45.812,45.843
225.124,train:DC2,99.7,390.5546875,17.1,2045.06640625,2170.0,0.0,4280.0,958.0,1158.0,46.062,46.062
225.625,train:DC3,99.7,408.62109375,17.0,2045.06640625,2170.0,0.0,4240.0,958.0,1160.0,45.906,45.906
226.126,train:DC3,99.8,393.62109375,17.4,2029.2265625,2154.0,0.0,4280.0,958.0,1160.0,45.875,45.968
226.628,train:DC3,99.7,381.12109375,17.0,2056.5078125,2182.0,0.0,4280.0,958.0,1158.0,45.75,45.906
227.129,train:DC3,99.8,368.87109375,17.1,2040.76953125,2182.0,0.0,4280.0,958.0,1158.0,46.25,46.25
227.630,train:DC3,99.7,352.18359375,17.5,2048.36328125,2174.0,0.0,4280.0,958.0,1158.0,45.656,45.843
228.146,train:DC3,100.9,338.80859375,17.2,2032.5546875,2174.0,0.0,4320.0,958.0,1158.0,46.0,46.0
228.650,train:DC3,99.1,421.87890625,17.3,2055.88671875,2181.0,0.0,4280.0,958.0,1158.0,45.875,45.937
229.152,train:DC3,99.7,421.87890625,17.7,2055.88671875,2181.0,0.0,4280.0,958.0,1160.0,45.843,45.843
229.653,train:DC3,101.8,402.9453125,16.8,2048.16015625,2173.0,0.0,4313.0,958.0,1158.0,45.718,45.812
230.154,train:DC4,97.8,421.87890625,17.3,2048.25,2174.0,0.0,4280.0,958.0,1158.0,46.062,46.062
230.655,train:DC4,99.8,421.87890625,17.0,2055.79296875,2173.0,0.0,4280.0,958.0,1160.0,46.031,46.031
231.157,train:DC4,101.7,421.87890625,17.1,2055.79296875,2181.0,0.0,4280.0,958.0,1160.0,45.875,45.968
231.658,train:DC4,97.7,419.62109375,17.0,2048.06640625,2173.0,0.0,4280.0,958.0,1160.0,45.781,45.812
232.159,train:DC4,99.8,408.62109375,17.1,2036.8203125,2158.0,0.0,4280.0,958.0,1160.0,45.843,45.906
232.660,train:DC4,99.7,400.12109375,17.8,2052.32421875,2178.0,0.0,4280.0,958.0,1160.0,46.125,46.125
233.162,train:DC4,101.8,387.37109375,17.3,2036.53515625,2162.0,0.0,4280.0,958.0,1158.0,45.718,45.75
233.663,train:DC4,97.7,369.8359375,17.1,2059.8671875,2185.0,0.0,4280.0,958.0,1158.0,45.75,45.875
234.164,train:DC5,101.8,387.37109375,17.5,2052.140625,2177.0,0.0,4280.0,958.0,1158.0,45.937,45.937
234.665,train:DC5,99.7,374.99609375,16.4,2052.140625,2177.0,0.0,4320.0,958.0,1158.0,45.718,45.781
235.167,train:DC5,97.8,356.74609375,17.3,2036.4921875,2177.0,0.0,4353.0,998.0,1158.0,46.062,45.781
235.668,train:DC5,99.7,338.86328125,17.0,2055.8984375,2181.0,0.0,4320.0,958.0,1158.0,45.906,45.906
236.169,train:DC5,101.8,421.87890625,17.3,2055.8984375,2181.0,0.0,4280.0,958.0,1158.0,45.781,45.843
236.670,train:DC5,99.7,421.87890625,17.1,2044.30859375,2170.0,0.0,4280.0,958.0,1158.0,45.75,45.812
237.173,train:DC5,99.5,421.87890625,17.6,2044.80078125,2170.0,0.0,4280.0,958.0,1158.0,45.875,45.875
237.674,train:DC5,99.7,421.87890625,17.0,2052.34375,2170.0,0.0,4280.0,958.0,1160.0,45.937,45.937
238.176,train:DC5,99.7,402.9453125,18.3,2051.0,2176.0,0.0,4280.0,958.0,1160.0,45.843,45.781
238.678,train:DC6,99.6,421.87890625,16.4,2044.95703125,2170.0,0.0,4280.0,960.0,1160.0,45.937,45.937
239.179,train:DC6,99.7,419.62109375,17.3,2044.62109375,2170.0,0.0,4280.0,960.0,1160.0,45.656,45.781
239.681,train:DC6,101.7,408.62109375,17.0,2036.89453125,2162.0,0.0,4280.0,960.0,1160.0,45.781,45.781
240.183,train:DC6,99.7,398.21875,17.4,2028.6171875,2154.0,0.0,4280.0,958.0,1158.0,45.781,45.781
240.684,train:DC6,99.7,381.12109375,17.0,2051.99609375,2177.0,0.0,4320.0,958.0,1158.0,45.875,45.875
241.186,train:DC6,99.8,368.87109375,17.3,2044.11328125,2170.0,0.0,4280.0,958.0,1158.0,46.0,46.0
241.687,train:DC6,99.7,352.17578125,17.0,2044.359375,2170.0,0.0,4280.0,958.0,1158.0,45.843,45.968
242.204,train:DC6,100.5,338.80859375,17.4,2028.5703125,2170.0,0.0,4313.0,998.0,1158.0,45.75,45.75
242.709,train:DC1,99.1,356.625,17.0,2030.24609375,2156.0,0.0,4280.0,958.0,1158.0,45.937,45.906
243.210,train:DC1,99.7,338.80859375,17.3,2037.88671875,2171.0,0.0,4280.0,998.0,1158.0,46.156,46.156
243.712,train:DC1,99.7,421.87890625,17.0,2045.48046875,2171.0,0.0,4280.0,958.0,1160.0,45.906,45.968
244.213,train:DC1,99.8,421.87890625,17.6,2049.41796875,2175.0,0.0,4280.0,958.0,1158.0,45.781,45.875
244.714,train:DC1,99.8,421.87890625,16.7,2045.2109375,2170.0,0.0,4280.0,958.0,1158.0,45.812,45.812
245.215,train:DC1,101.8,421.87890625,17.6,2053.0859375,2178.0,0.0,4280.0,958.0,1158.0,46.093,46.093
245.717,train:DC1,99.7,419.62109375,17.0,2048.87890625,2174.0,0.0,4280.0,958.0,1160.0,45.687,45.781
246.218,train:DC1,97.7,408.62109375,17.1,2040.6640625,2166.0,0.0,4320.0,958.0,1158.0,45.906,45.937
246.719,train:DC1,99.8,392.1796875,17.3,2048.5390625,2166.0,0.0,4320.0,958.0,1158.0,45.906,45.937
247.220,train:DC2,99.7,408.62109375,17.3,2040.8125,2174.0,0.0,4280.0,958.0,1158.0,45.781,45.875
247.722,train:DC2,101.8,400.12109375,17.3,2048.29296875,2166.0,0.0,4280.0,958.0,1160.0,45.656,45.812
248.223,train:DC2,99.7,384.7578125,17.3,2032.5,2174.0,0.0,4280.0,958.0,1158.0,45.656,45.875
248.724,train:DC2,99.7,368.87109375,17.3,2055.83203125,2158.0,0.0,4280.0,958.0,1160.0,45.843,45.843
249.226,train:DC2,99.8,354.74609375,16.8,2043.48828125,2181.0,0.0,4280.0,958.0,1158.0,45.812,45.906
249.739,train:DC2,101.3,338.80859375,17.4,2058.9921875,2169.0,0.0,4280.0,958.0,1158.0,45.875,45.875
250.243,train:DC2,97.2,421.87890625,17.3,2058.9921875,2184.0,0.0,4280.0,958.0,1160.0,45.625,45.781
250.744,train:DC2,99.8,421.87890625,17.0,2052.83984375,2184.0,0.0,4320.0,998.0,1158.0,46.031,45.812
251.246,train:DC2,99.8,402.9453125,16.7,2052.83203125,2178.0,0.0,4280.0,958.0,1158.0,46.187,46.187
251.747,train:DC3,101.7,421.87890625,17.6,2052.5859375,2178.0,0.0,4320.0,998.0,1158.0,46.031,46.031
252.248,train:DC3,97.8,421.87890625,17.6,2052.5859375,2178.0,0.0,4320.0,958.0,1158.0,45.75,45.937
252.749,train:DC3,101.7,421.87890625,16.7,2052.33984375,2178.0,0.0,4280.0,958.0,1158.0,45.781,45.781
253.251,train:DC3,99.7,419.62109375,16.7,2048.1328125,2178.0,0.0,4280.0,958.0,1158.0,45.687,45.718
253.752,train:DC3,99.7,408.62109375,17.9,2056.0078125,2181.0,0.0,4280.0,958.0,1160.0,45.75,45.75
254.253,train:DC3,99.7,400.12109375,17.0,2044.1640625,2181.0,0.0,4280.0,960.0,1160.0,45.906,45.906
254.755,train:DC3,97.7,382.875,17.1,2044.90234375,2169.0,0.0,4280.0,960.0,1160.0,45.75,45.875
255.256,train:DC3,99.8,364.859375,17.0,2029.11328125,2170.0,0.0,4280.0,960.0,1160.0,45.75,45.75
255.757,train:DC4,101.8,386.82421875,17.6,2029.8046875,2154.0,0.0,4280.0,960.0,1160.0,45.718,45.75
256.258,train:DC4,99.8,369.0859375,16.4,2040.14453125,2157.0,0.0,4240.0,960.0,1160.0,46.062,46.062
256.759,train:DC4,99.7,354.74609375,17.4,2047.7734375,2165.0,0.0,4280.0,958.0,1160.0,46.093,46.093
257.268,train:DC4,100.4,338.80859375,17.4,2032.02734375,2173.0,0.0,4280.0,958.0,1158.0,45.781,45.781
257.769,train:DC4,99.7,421.87890625,17.3,2051.43359375,2157.0,0.0,4280.0,958.0,1158.0,45.625,45.875
258.270,train:DC4,97.8,421.87890625,17.3,2059.30859375,2185.0,0.0,4280.0,958.0,1160.0,45.75,45.75
258.771,train:DC4,101.8,421.87890625,17.1,2048.2109375,2185.0,0.0,4280.0,998.0,1158.0,45.718,45.937
259.272,train:DC4,97.8,421.87890625,17.3,2051.87890625,2173.0,0.0,4280.0,998.0,1158.0,45.937,45.937
259.774,train:DC4,99.8,402.9453125,17.3,2059.75390625,2177.0,0.0,4280.0,958.0,1160.0,45.687,46.031
260.275,train:DC5,101.8,421.87890625,17.0,2059.5078125,2185.0,0.0,4280.0,998.0,1158.0,45.687,45.718
260.776,train:DC5,97.8,419.62109375,17.1,2059.5078125,2185.0,0.0,4280.0,958.0,1158.0,45.656,45.687
261.277,train:DC5,101.8,408.62109375,17.3,2051.78125,2185.0,0.0,4280.0,958.0,1160.0,45.875,45.718
261.778,train:DC5,99.8,395.77734375,16.8,2052.37109375,2178.0,0.0,4280.0,958.0,1160.0,46.031,46.031
262.279,train:DC5,99.7,381.12109375,17.6,2036.625,2178.0,0.0,4320.0,958.0,1158.0,45.843,45.843
262.781,train:DC5,99.8,368.8125,17.1,2048.15625,2168.0,0.0,4280.0,958.0,1160.0,45.718,45.812
263.282,train:DC5,99.7,347.08203125,17.0,2032.41796875,2173.0,0.0,4320.0,958.0,1160.0,45.656,45.781
263.783,train:DC5,97.8,421.87890625,17.3,2051.82421875,2158.0,0.0,4280.0,958.0,1160.0,45.968,45.968
264.284,train:DC6,103.7,346.71484375,19.2,2000.08203125,2185.0,0.0,4280.0,958.0,1158.0,45.625,45.656
264.787,train:DC6,97.6,421.87890625,17.3,2073.97265625,2165.0,0.0,4280.0,958.0,1160.0,45.687,45.906
265.288,train:DC6,97.8,421.87890625,16.4,2073.97265625,2199.0,0.0,4280.0,958.0,1160.0,45.5,45.75
265.789,train:DC6,99.7,421.87890625,17.6,2073.640625,2183.0,0.0,4280.0,958.0,1160.0,45.593,45.718
266.290,train:DC6,99.8,421.87890625,17.0,2074.9296875,2196.0,0.0,4280.0,958.0,1158.0,45.437,45.75
266.791,train:DC6,99.8,419.62109375,17.1,2074.66015625,2200.0,0.0,4280.0,998.0,1158.0,45.718,45.781
267.292,train:DC6,97.8,408.8671875,17.3,2066.4453125,2200.0,0.0,4280.0,958.0,1158.0,45.75,45.75
267.794,train:DC6,99.7,400.12109375,17.3,2078.2578125,2204.0,0.0,4320.0,958.0,1158.0,45.687,45.875
268.295,train:DC6,99.7,381.6171875,16.7,2065.65234375,2204.0,0.0,4320.0,958.0,1158.0,45.531,45.75
268.797,train:DC1,99.7,400.12109375,17.3,2065.890625,2191.0,0.0,4280.0,958.0,1158.0,45.562,45.781
269.299,train:DC1,97.7,387.0625,17.0,2067.7265625,2199.0,0.0,4280.0,958.0,1160.0,45.781,45.812
269.800,train:DC1,99.7,369.19921875,17.1,2075.35546875,2201.0,0.0,4280.0,960.0,1160.0,45.625,45.656
270.302,train:DC1,99.6,354.74609375,17.3,2059.56640625,2201.0,0.0,4280.0,960.0,1160.0,45.625,45.875
270.815,train:DC1,99.4,338.80859375,16.6,2075.0234375,2188.0,0.0,4280.0,960.0,1160.0,45.5,45.906
271.320,train:DC1,97.1,421.87890625,17.5,2075.0234375,2200.0,0.0,4280.0,958.0,1160.0,45.875,45.875
271.821,train:DC1,99.7,421.87890625,17.1,2073.78515625,2195.0,0.0,4280.0,960.0,1160.0,45.531,45.75
272.323,train:DC1,99.6,421.87890625,16.7,2073.22265625,2179.0,0.0,4280.0,958.0,1160.0,45.687,45.812
272.825,train:DC1,99.7,402.9453125,17.3,2081.09765625,2206.0,0.0,4280.0,958.0,1158.0,45.781,45.843
273.327,train:DC2,97.6,421.87890625,17.3,2077.05078125,2187.0,0.0,4320.0,958.0,1158.0,45.593,45.781
273.828,train:DC2,101.7,421.87890625,17.3,2077.05078125,2202.0,0.0,4280.0,958.0,1158.0,45.531,45.718
274.330,train:DC2,97.6,413.12109375,17.0,2066.0078125,2199.0,0.0,4313.0,998.0,1158.0,45.625,45.687
274.832,train:DC2,97.7,406.62109375,17.6,2069.55078125,2195.0,0.0,4320.0,958.0,1158.0,45.843,45.843
275.334,train:DC2,101.7,387.37109375,17.1,2051.125,2192.0,0.0,4280.0,958.0,1158.0,45.625,45.906
275.835,train:DC2,97.7,374.99609375,17.0,2070.53125,2196.0,0.0,4280.0,960.0,1160.0,45.625,45.781
276.337,train:DC2,99.6,356.0,17.0,2052.65625,2193.0,0.0,4280.0,958.0,1160.0,45.562,45.812
276.840,train:DC2,99.5,338.80859375,16.9,2057.296875,2182.0,0.0,4280.0,958.0,1160.0,45.843,45.843
277.341,train:DC3,99.7,354.74609375,17.1,2037.5703125,2178.0,0.0,4280.0,958.0,1160.0,45.531,45.781
277.849,train:DC3,98.5,338.80859375,17.1,2053.9296875,2178.0,0.0,4280.0,958.0,1160.0,45.625,45.968
278.350,train:DC3,99.7,421.87890625,16.8,2052.14453125,2177.0,0.0,4280.0,958.0,1160.0,45.5,45.843
278.852,train:DC3,97.6,421.87890625,17.5,2055.06640625,2165.0,0.0,4320.0,958.0,1158.0,45.593,45.781
279.354,train:DC3,99.7,421.87890625,17.1,2051.859375,2174.0,0.0,4313.0,958.0,1158.0,45.625,45.687
279.855,train:DC3,99.6,421.87890625,16.7,2051.859375,2177.0,0.0,4280.0,958.0,1158.0,45.656,45.656
280.357,train:DC3,99.7,413.12109375,17.5,2042.34765625,2160.0,0.0,4280.0,958.0,1158.0,45.843,45.843
280.859,train:DC3,97.7,406.62109375,16.4,2054.40625,2179.0,0.0,4280.0,958.0,1158.0,45.687,45.906
281.360,train:DC3,99.7,385.2734375,17.6,2037.41796875,2178.0,0.0,4280.0,958.0,1158.0,45.625,45.843
281.862,train:DC4,97.7,404.421875,17.0,2037.41796875,2163.0,0.0,4280.0,958.0,1158.0,45.625,45.687
282.363,train:DC4,99.7,386.1796875,17.1,2022.21875,2177.0,0.0,4280.0,958.0,1158.0,45.937,45.937
282.865,train:DC4,101.6,368.87109375,17.5,2052.57421875,2183.0,0.0,4280.0,960.0,1160.0,45.625,45.718
283.367,train:DC4,97.6,354.74609375,16.7,2036.29296875,2177.0,0.0,4280.0,960.0,1160.0,45.625,45.968
283.877,train:DC4,100.1,338.80859375,16.9,2063.57421875,2181.0,0.0,4280.0,958.0,1158.0,45.531,45.875
284.381,train:DC4,99.1,421.87890625,17.6,2063.56640625,2189.0,0.0,4280.0,958.0,1160.0,45.625,45.781
284.883,train:DC4,99.6,421.87890625,17.0,2055.421875,2177.0,0.0,4280.0,960.0,1160.0,45.5,45.687
285.384,train:DC4,97.7,421.87890625,17.3,2055.08984375,2165.0,0.0,4280.0,960.0,1160.0,45.656,45.718
285.886,train:DC4,97.6,402.9453125,16.9,2055.08984375,2180.0,0.0,4280.0,960.0,1160.0,45.843,45.843
286.388,train:DC5,101.7,421.87890625,17.6,2062.71875,2173.0,0.0,4280.0,960.0,1160.0,45.687,46.031
286.889,train:DC5,99.6,421.87890625,16.7,2062.71875,2188.0,0.0,4280.0,960.0,1160.0,45.5,45.718
287.391,train:DC5,97.7,414.0,17.6,2050.57421875,2172.0,0.0,4280.0,958.0,1158.0,45.562,45.687
287.893,train:DC5,99.7,406.62109375,17.0,2062.38671875,2188.0,0.0,4280.0,958.0,1160.0,45.812,45.812
288.394,train:DC5,97.7,393.62109375,17.1,2054.66015625,2188.0,0.0,4280.0,958.0,1158.0,45.718,45.718
288.896,train:DC5,101.6,374.99609375,16.7,2055.2421875,2181.0,0.0,4320.0,958.0,1158.0,45.593,45.875
289.397,train:DC5,97.7,362.80859375,17.3,2039.44921875,2181.0,0.0,4280.0,958.0,1158.0,45.562,45.812
289.899,train:DC5,99.6,341.8125,16.7,2062.78125,2188.0,0.0,4280.0,958.0,1160.0,45.625,45.812
290.400,train:DC6,99.7,362.80859375,17.6,2054.90625,2188.0,0.0,4280.0,958.0,1160.0,45.5,45.625
290.902,train:DC6,99.6,343.9453125,16.4,2055.15234375,2180.0,0.0,4280.0,958.0,1160.0,45.843,45.843
291.404,train:DC6,97.7,421.87890625,17.5,2055.15234375,2180.0,0.0,4280.0,958.0,1160.0,45.843,45.843
291.906,train:DC6,99.6,421.87890625,17.0,2058.8203125,2176.0,0.0,4280.0,960.0,1160.0,45.625,45.812
292.407,train:DC6,97.7,421.87890625,17.1,2066.109375,2176.0,0.0,4280.0,960.0,1160.0,45.5,45.718
292.909,train:DC6,101.7,421.87890625,17.3,2066.109375,2191.0,0.0,4280.0,960.0,1160.0,45.562,45.718
293.410,train:DC6,97.7,417.62109375,17.2,2058.234375,2184.0,0.0,4320.0,998.0,1158.0,45.812,45.812
293.912,train:DC6,99.6,408.62109375,18.4,2058.81640625,2184.0,0.0,4320.0,958.0,1158.0,45.687,45.687
294.414,train:DC6,97.7,385.62109375,35.7,2062.6875,2169.0,0.0,4512.0,1118.0,1198.0,45.906,45.906
294.916,train:DC1,99.6,406.62109375,25.7,2072.98046875,2175.0,0.0,4632.0,1236.0,1158.0,45.656,45.937
295.418,train:DC1,99.6,388.24609375,17.1,2029.796875,2155.0,0.0,4400.0,1038.0,1160.0,45.593,45.812
295.920,train:DC1,99.6,374.99609375,17.4,2053.14453125,2178.0,0.0,4320.0,1000.0,1160.0,45.562,45.687
296.421,train:DC1,97.8,357.91015625,17.6,2039.875,2178.0,0.0,4280.0,960.0,1160.0,45.656,45.718
296.923,train:DC1,101.6,338.80859375,16.7,2039.50390625,2180.0,0.0,4286.0,960.0,1160.0,45.875,45.875
297.424,train:DC1,97.7,421.87890625,17.3,2044.12890625,2169.0,0.0,4286.0,960.0,1160.0,45.718,45.906
297.926,train:DC1,99.8,421.87890625,17.0,2044.12890625,2169.0,0.0,4286.0,960.0,1160.0,45.687,45.781
298.427,train:DC1,97.7,421.87890625,16.8,2047.796875,2165.0,0.0,4286.0,960.0,1160.0,45.625,45.937
298.929,train:DC1,99.7,402.9453125,17.3,2055.671875,2181.0,0.0,4246.0,960.0,1160.0,45.875,45.875
299.430,train:DC2,99.7,421.87890625,17.7,2055.42578125,2181.0,0.0,4320.0,960.0,1160.0,45.531,45.937
299.932,train:DC2,99.6,421.87890625,17.0,2055.41015625,2181.0,0.0,4280.0,960.0,1160.0,45.687,45.687
300.433,train:DC2,97.7,413.12109375,17.3,2063.1875,2188.0,0.0,4286.0,960.0,1160.0,45.531,45.875
300.935,train:DC2,99.6,406.62109375,17.0,2042.88671875,2168.0,0.0,4286.0,960.0,1160.0,45.562,45.812
301.437,train:DC2,99.7,389.25390625,17.6,2053.18359375,2178.0,0.0,4286.0,960.0,1160.0,45.625,45.875
301.939,train:DC2,99.6,374.99609375,16.7,2053.04296875,2178.0,0.0,4286.0,960.0,1160.0,45.718,45.812
302.440,train:DC2,97.7,360.65625,17.3,2037.3046875,2178.0,0.0,4286.0,960.0,1160.0,45.906,45.906
302.942,train:DC2,99.6,338.80859375,16.8,2033.09765625,2174.0,0.0,4286.0,960.0,1160.0,45.687,45.75
303.444,train:DC3,97.6,356.74609375,17.5,2033.09765625,2158.0,0.0,4286.0,960.0,1160.0,45.781,45.937
303.950,train:DC3,100.8,338.80859375,16.9,2036.703125,2170.0,0.0,4280.0,960.0,1160.0,45.75,45.906
304.451,train:DC3,99.6,421.87890625,16.7,2052.16015625,2177.0,0.0,4286.0,960.0,1160.0,45.656,45.875
304.953,train:DC3,99.7,421.87890625,17.3,2052.15234375,2177.0,0.0,4280.0,960.0,1160.0,45.625,45.843
305.455,train:DC3,99.7,421.87890625,17.3,2055.34375,2181.0,0.0,4286.0,960.0,1160.0,45.687,45.781
305.956,train:DC3,97.7,421.87890625,17.9,2055.34375,2181.0,0.0,4246.0,960.0,1160.0,45.625,45.968
306.458,train:DC3,97.6,413.12109375,16.7,2047.6171875,2173.0,0.0,4286.0,960.0,1160.0,45.656,45.843
306.959,train:DC3,101.7,406.62109375,17.0,2055.09765625,2180.0,0.0,4286.0,960.0,1160.0,45.562,45.781
307.461,train:DC3,99.8,385.2734375,17.0,2039.359375,2165.0,0.0,4246.0,960.0,1160.0,45.687,45.781
307.962,train:DC4,97.8,400.12109375,17.6,2043.26171875,2169.0,0.0,4246.0,960.0,1161.0,45.875,45.875
308.463,train:DC4,97.7,387.37109375,16.7,2035.1015625,2160.0,0.0,4246.0,960.0,1161.0,45.593,45.812
308.964,train:DC4,99.8,368.87109375,17.0,2050.55859375,2176.0,0.0,4246.0,960.0,1161.0,45.718,45.875
309.465,train:DC4,99.8,354.74609375,17.0,2038.12890625,2163.0,0.0,4286.0,960.0,1160.0,45.812,45.937
309.982,train:DC4,100.5,338.80859375,17.3,2041.05859375,2179.0,0.0,4280.0,960.0,1160.0,45.687,45.875
310.486,train:DC4,97.2,421.87890625,16.4,2048.62109375,2174.0,0.0,4320.0,960.0,1160.0,45.656,45.906
310.988,train:DC4,97.8,421.87890625,17.3,2048.61328125,2174.0,0.0,4280.0,960.0,1160.0,45.625,45.875
311.489,train:DC4,101.8,421.87890625,16.7,2051.23046875,2176.0,0.0,4286.0,960.0,1160.0,45.906,45.906
311.990,train:DC4,99.8,402.9453125,17.1,2051.23046875,2176.0,0.0,4286.0,960.0,1160.0,45.906,45.906
312.491,train:DC5,97.8,421.87890625,16.7,2050.984375,2176.0,0.0,4286.0,960.0,1160.0,45.75,45.875
312.993,train:DC5,99.7,421.87890625,17.5,2050.984375,2176.0,0.0,4286.0,960.0,1160.0,45.875,46.031
313.494,train:DC5,99.8,413.12109375,17.1,2101.98828125,2176.0,0.0,4286.0,960.0,1160.0,45.718,45.875
313.995,train:DC5,99.7,406.62109375,17.1,2094.02734375,2227.0,0.0,4286.0,960.0,1160.0,45.718,45.875
314.496,train:DC5,97.7,391.84375,17.3,2094.0078125,2219.0,0.0,4246.0,960.0,1161.0,45.593,45.781
314.997,train:DC5,99.8,376.99609375,17.1,2101.5703125,2219.0,0.0,4246.0,960.0,1160.0,45.843,45.843
315.499,train:DC5,99.7,362.80859375,17.1,2096.69921875,2227.0,0.0,4286.0,960.0,1160.0,45.687,46.093
316.000,train:DC5,99.8,347.5234375,17.4,2086.28515625,2222.0,0.0,4286.0,960.0,1160.0,45.687,45.906
316.501,train:DC6,99.8,368.87109375,17.3,2086.0390625,2212.0,0.0,4286.0,960.0,1160.0,45.687,45.875
317.002,train:DC6,99.7,354.74609375,17.5,2090.85546875,2211.0,0.0,4246.0,960.0,1160.0,45.687,45.812
317.511,train:DC6,102.3,338.80859375,18.1,2050.7421875,2216.0,0.0,4286.0,961.0,1161.0,45.968,45.968
318.015,train:DC6,95.1,421.87890625,51.8,2053.1640625,2171.0,0.0,4293.0,1001.0,1161.0,45.718,45.843
318.517,train:DC6,101.6,421.87890625,25.5,2041.1796875,2177.0,0.0,5031.0,1475.0,1236.0,46.25,46.25
319.019,train:DC6,97.6,421.87890625,17.7,2049.13671875,2165.0,0.0,4567.0,1160.0,1200.0,45.781,45.906
319.521,train:DC6,99.7,419.62109375,17.1,2049.05078125,2173.0,0.0,4407.0,1041.0,1201.0,45.906,45.906
320.023,train:DC6,99.7,410.26953125,17.6,2056.92578125,2181.0,0.0,4333.0,961.0,1161.0,45.593,45.875
320.524,train:DC6,99.7,393.32421875,17.3,2049.19921875,2181.0,0.0,4293.0,961.0,1161.0,45.937,45.937
321.025,train:DC1,99.7,411.25390625,17.3,2049.05078125,2173.0,0.0,4253.0,961.0,1163.0,46.0,46.093
321.527,train:DC1,97.7,400.12109375,17.0,2037.4609375,2173.0,0.0,4293.0,961.0,1163.0,45.843,45.937
322.028,train:DC1,97.7,386.6875,17.3,2037.2265625,2169.0,0.0,4253.0,963.0,1163.0,45.843,46.0
322.530,train:DC1,101.7,368.87109375,17.3,2041.8671875,2165.0,0.0,4293.0,961.0,1163.0,45.687,45.968
323.031,train:DC1,97.7,354.74609375,17.3,2026.12890625,2166.0,0.0,4253.0,961.0,1163.0,45.843,45.968
323.545,train:DC1,101.1,338.80859375,17.7,2053.41015625,2150.0,0.0,4326.0,961.0,1161.0,45.656,45.843
324.050,train:DC1,97.0,421.87890625,17.7,2053.41015625,2177.0,0.0,4253.0,961.0,1163.0,45.656,45.843
324.553,train:DC1,101.5,421.87890625,18.5,2045.265625,2161.0,0.0,4333.0,961.0,1161.0,45.937,45.968
325.055,train:DC1,99.6,402.9453125,17.6,2045.2578125,2169.0,0.0,4253.0,961.0,1163.0,46.031,46.031
325.557,train:DC2,99.6,421.87890625,17.0,2052.88671875,2153.0,0.0,4253.0,963.0,1163.0,45.781,46.062
326.058,train:DC2,97.7,421.87890625,17.9,2052.88671875,2177.0,0.0,4293.0,961.0,1161.0,45.687,46.0
326.559,train:DC2,101.7,421.87890625,16.7,2045.16015625,2177.0,0.0,4293.0,961.0,1163.0,45.75,46.0
327.061,train:DC2,99.7,419.62109375,17.6,2045.2578125,2169.0,0.0,4253.0,963.0,1163.0,45.656,45.968
327.562,train:DC2,99.7,408.62109375,17.0,2033.421875,2169.0,0.0,4253.0,963.0,1163.0,45.843,45.875
328.063,train:DC2,99.8,400.09375,17.7,2054.11328125,2173.0,0.0,4253.0,963.0,1163.0,45.937,45.937
328.565,train:DC2,99.7,382.546875,17.1,2046.21875,2178.0,0.0,4253.0,963.0,1163.0,45.968,45.968
329.066,train:DC2,97.8,364.859375,17.0,2030.71875,2170.0,0.0,4253.0,963.0,1163.0,45.906,45.906
329.567,train:DC3,99.7,383.64453125,17.3,2030.71875,2154.0,0.0,4213.0,963.0,1163.0,45.937,46.0
330.068,train:DC3,101.8,368.87109375,17.3,2034.37109375,2166.0,0.0,4253.0,961.0,1163.0,45.875,45.875
330.570,train:DC3,99.7,353.83203125,17.3,2045.90234375,2162.0,0.0,4253.0,963.0,1163.0,45.718,46.125
331.085,train:DC3,99.1,338.80859375,16.8,2030.16015625,2170.0,0.0,4253.0,963.0,1163.0,45.843,46.125
331.589,train:DC3,101.1,421.87890625,17.9,2041.69140625,2154.0,0.0,4253.0,963.0,1163.0,45.781,45.937
332.090,train:DC3,97.8,421.87890625,17.0,2049.56640625,2173.0,0.0,4253.0,963.0,1163.0,45.75,46.031
332.591,train:DC3,99.7,421.87890625,17.3,2045.359375,2158.0,0.0,4253.0,963.0,1163.0,45.718,45.937
333.092,train:DC3,99.8,421.87890625,17.0,2045.359375,2169.0,0.0,4213.0,963.0,1163.0,45.718,45.937
333.594,train:DC3,99.8,402.9453125,17.6,2029.62109375,2169.0,0.0,4253.0,961.0,1163.0,45.968,45.968
334.095,train:DC4,99.8,421.87890625,16.8,2049.02734375,2153.0,0.0,4213.0,963.0,1163.0,46.0,46.0
334.596,train:DC4,97.8,418.91796875,17.3,2049.17578125,2173.0,0.0,4253.0,961.0,1163.0,45.812,45.875
335.097,train:DC4,101.8,408.62109375,17.3,2049.2734375,2173.0,0.0,4253.0,963.0,1163.0,45.812,45.843
335.598,train:DC4,99.8,395.62109375,17.1,2033.53515625,2173.0,0.0,4293.0,961.0,1161.0,45.781,46.093
336.100,train:DC4,99.7,381.12109375,17.3,2037.1953125,2177.0,0.0,4253.0,963.0,1163.0,45.75,46.0
336.601,train:DC4,99.8,368.40625,17.3,2041.8359375,2165.0,0.0,4253.0,963.0,1163.0,45.687,46.0
337.102,train:DC4,99.8,347.953125,17.0,2026.09765625,2166.0,0.0,4253.0,963.0,1163.0,45.656,45.968
337.603,train:DC4,97.8,421.87890625,17.3,2045.50390625,2161.0,0.0,4253.0,963.0,1163.0,45.687,45.968
338.104,train:DC5,101.8,348.609375,17.5,2037.7578125,2177.0,0.0,4213.0,963.0,1163.0,45.968,46.062
338.606,train:DC5,97.7,421.87890625,17.1,2053.1328125,2169.0,0.0,4253.0,963.0,1163.0,45.875,45.906
339.107,train:DC5,99.8,421.87890625,17.0,2053.1328125,2177.0,0.0,4253.0,963.0,1163.0,45.875,46.0
339.608,train:DC5,101.7,421.87890625,17.3,2052.88671875,2169.0,0.0,4253.0,963.0,1163.0,45.937,45.937
340.110,train:DC5,97.8,421.87890625,17.0,2052.88671875,2177.0,0.0,4213.0,963.0,1163.0,46.031,46.031
340.611,train:DC5,99.8,421.87890625,17.3,2054.74609375,2163.0,0.0,4253.0,963.0,1163.0,45.843,46.031
341.112,train:DC5,101.7,413.12109375,17.5,2054.73828125,2178.0,0.0,4253.0,961.0,1161.0,45.656,46.031
341.613,train:DC5,99.7,403.19140625,17.0,2042.90234375,2178.0,0.0,4293.0,961.0,1163.0,45.75,45.937
342.115,train:DC5,99.8,385.2734375,17.6,2030.84765625,2170.0,0.0,4253.0,963.0,1163.0,45.718,45.937
342.616,train:DC6,97.8,404.76171875,16.8,2034.75,2155.0,0.0,4253.0,963.0,1163.0,45.593,45.812
343.117,train:DC6,99.7,387.37109375,17.5,2034.46484375,2166.0,0.0,4253.0,963.0,1163.0,46.0,46.0
343.619,train:DC6,99.8,372.19921875,17.0,2049.921875,2174.0,0.0,4253.0,963.0,1163.0,46.062,46.062
344.120,train:DC6,99.7,354.74609375,16.7,2042.1953125,2174.0,0.0,4253.0,963.0,1163.0,45.843,46.093
344.626,train:DC6,100.7,338.80859375,17.4,2049.67578125,2173.0,0.0,4253.0,963.0,1163.0,45.687,45.906
345.130,train:DC6,99.2,421.87890625,16.7,2049.67578125,2173.0,0.0,4253.0,963.0,1163.0,45.625,45.937
345.632,train:DC6,99.8,421.87890625,17.6,2045.46875,2162.0,0.0,4253.0,963.0,1163.0,46.0,46.031
346.133,train:DC6,99.8,421.87890625,17.3,2045.46875,2169.0,0.0,4213.0,963.0,1163.0,45.812,45.937
346.634,train:DC6,99.8,402.9453125,17.1,2030.37109375,2153.0,0.0,4253.0,963.0,1163.0,45.781,46.0
347.135,train:DC1,99.8,421.87890625,17.0,2045.8671875,2154.0,0.0,4253.0,963.0,1163.0,45.781,46.0
347.637,train:DC1,99.7,421.87890625,17.3,2041.90625,2162.0,0.0,4213.0,963.0,1163.0,45.75,45.968
348.138,train:DC1,99.8,413.12109375,17.0,2040.34765625,2164.0,0.0,4253.0,963.0,1163.0,45.781,45.937
348.639,train:DC1,99.8,406.62109375,17.3,2034.09765625,2158.0,0.0,4253.0,963.0,1163.0,45.625,45.812
349.140,train:DC1,99.8,387.37109375,17.3,2025.83984375,2150.0,0.0,4253.0,963.0,1163.0,45.906,45.906
349.642,train:DC1,99.7,374.99609375,17.1,2053.12109375,2169.0,0.0,4253.0,963.0,1163.0,45.75,45.906
350.143,train:DC1,97.8,357.3125,17.0,2037.3828125,2177.0,0.0,4253.0,963.0,1163.0,45.812,45.812
350.648,train:DC1,101.0,338.80859375,17.2,2048.9140625,2173.0,0.0,4213.0,963.0,1163.0,45.625,46.0
351.149,train:DC2,99.7,354.74609375,16.7,2033.2890625,2173.0,0.0,4213.0,963.0,1163.0,45.781,45.906
351.655,train:DC2,100.8,338.80859375,16.8,2048.6640625,2172.0,0.0,4253.0,961.0,1163.0,45.625,45.875
352.157,train:DC2,97.7,421.87890625,17.6,2048.65625,2172.0,0.0,4253.0,963.0,1163.0,45.625,45.781
352.658,train:DC2,99.7,421.87890625,17.3,2048.41015625,2172.0,0.0,4213.0,963.0,1163.0,45.906,45.906
353.159,train:DC2,99.7,421.87890625,17.0,2048.41015625,2172.0,0.0,4213.0,963.0,1163.0,46.031,46.031
353.661,train:DC2,101.8,421.87890625,17.3,2044.203125,2160.0,0.0,4213.0,963.0,1163.0,45.718,45.843
354.162,train:DC2,97.8,413.21484375,17.3,2040.2421875,2160.0,0.0,4213.0,963.0,1163.0,45.625,45.843
354.663,train:DC2,99.8,406.62109375,16.7,2047.87109375,2172.0,0.0,4213.0,963.0,1163.0,45.531,45.906
355.164,train:DC2,99.8,389.171875,17.6,2032.125,2156.0,0.0,4213.0,963.0,1163.0,45.687,45.781
355.665,train:DC3,101.8,406.62109375,17.0,2036.02734375,2156.0,0.0,4213.0,963.0,1163.0,45.656,45.812
356.167,train:DC3,97.8,391.84375,17.1,2035.79296875,2160.0,0.0,4213.0,963.0,1163.0,45.75,45.75
356.668,train:DC3,99.8,374.99609375,16.7,2047.32421875,2171.0,0.0,4253.0,963.0,1163.0,45.718,45.875
357.169,train:DC3,99.7,362.80859375,18.0,2031.52734375,2171.0,0.0,4293.0,961.0,1161.0,45.687,45.906
357.671,train:DC3,99.6,341.57421875,16.7,2046.984375,2171.0,0.0,4253.0,963.0,1163.0,45.656,45.843
358.172,train:DC3,99.7,421.87890625,18.0,2046.984375,2171.0,0.0,4253.0,963.0,1163.0,45.968,45.968
358.675,train:DC3,99.6,421.87890625,17.0,2050.453125,2174.0,0.0,4253.0,963.0,1163.0,45.718,45.906
359.176,train:DC3,101.6,421.87890625,17.5,2050.453125,2174.0,0.0,4253.0,963.0,1163.0,45.781,45.781
359.678,train:DC3,97.7,402.9453125,17.0,2042.7265625,2166.0,0.0,4213.0,963.0,1163.0,45.843,46.031
360.179,train:DC4,99.7,421.87890625,17.3,2046.26953125,2170.0,0.0,4213.0,963.0,1163.0,45.625,46.0
360.681,train:DC4,101.7,421.87890625,17.0,2045.9375,2170.0,0.0,4213.0,963.0,1163.0,45.718,45.968
361.182,train:DC4,99.7,419.62109375,17.1,2049.34765625,2158.0,0.0,4213.0,963.0,1163.0,45.625,45.875
361.684,train:DC4,97.7,408.62109375,17.9,2049.34765625,2173.0,0.0,4253.0,961.0,1163.0,45.625,45.843
362.185,train:DC4,99.7,395.77734375,17.3,2041.62109375,2165.0,0.0,4253.0,961.0,1163.0,45.937,45.937
362.687,train:DC4,99.7,381.12109375,16.4,2045.1640625,2169.0,0.0,4253.0,961.0,1163.0,45.781,45.781
363.188,train:DC4,99.7,367.90625,17.9,2029.3671875,2153.0,0.0,4253.0,961.0,1163.0,45.75,45.875
363.689,train:DC4,99.7,347.92578125,16.7,2052.69921875,2176.0,0.0,4253.0,963.0,1163.0,45.812,45.812
364.190,train:DC5,99.8,367.8359375,17.1,2044.97265625,2169.0,0.0,4213.0,963.0,1163.0,45.656,45.968
364.691,train:DC5,99.8,346.71484375,17.3,2045.5625,2169.0,0.0,4213.0,963.0,1163.0,45.687,45.968
365.193,train:DC5,99.8,421.87890625,17.5,2045.5625,2169.0,0.0,4213.0,963.0,1163.0,45.687,45.968
365.694,train:DC5,99.8,421.87890625,16.7,2041.35546875,2169.0,0.0,4253.0,963.0,1163.0,45.75,45.968
366.195,train:DC5,99.8,421.87890625,17.3,2049.23046875,2165.0,0.0,4253.0,963.0,1163.0,45.656,45.843
366.696,train:DC5,99.8,421.87890625,16.7,2052.8984375,2173.0,0.0,4253.0,963.0,1163.0,45.593,45.937
367.197,train:DC5,99.8,419.62109375,17.6,2049.203125,2177.0,0.0,4213.0,963.0,1163.0,45.687,45.875
367.699,train:DC5,99.8,412.484375,17.0,2041.30859375,2173.0,0.0,4253.0,963.0,1163.0,45.843,45.843
368.200,train:DC5,97.8,394.34765625,17.3,2025.61328125,2165.0,0.0,4253.0,961.0,1163.0,46.0,46.0
368.701,train:DC6,101.7,411.12109375,17.3,2033.93359375,2149.0,0.0,4253.0,961.0,1163.0,45.718,45.718
369.202,train:DC6,97.7,393.62109375,29.1,2045.9609375,2166.0,0.0,4253.0,961.0,1163.0,45.75,45.937
369.705,train:DC6,99.6,374.99609375,57.0,2038.96875,2170.0,0.0,4640.0,1240.0,1200.0,46.093,46.093
370.206,train:DC6,99.6,354.74609375,34.6,2030.94921875,2163.0,0.0,5023.0,1512.0,1196.0,46.0,46.0
370.715,train:DC6,100.4,338.80859375,22.7,2046.40625,2155.0,0.0,4944.0,1472.0,1194.0,45.968,46.093
371.220,train:DC6,99.0,421.87890625,18.0,2046.40625,2170.0,0.0,4520.0,1158.0,1198.0,45.656,45.843
371.722,train:DC6,99.6,421.87890625,17.6,2049.73046875,2158.0,0.0,4400.0,1040.0,1160.0,45.906,46.0
372.224,train:DC6,99.6,421.87890625,18.2,2049.7265625,2173.0,0.0,4400.0,1040.0,1160.0,45.656,45.906
372.726,train:DC6,101.5,402.9453125,17.2,2037.6328125,2173.0,0.0,4366.0,1000.0,1160.0,45.812,46.031
373.228,train:DC1,97.6,421.87890625,17.8,2045.22265625,2161.0,0.0,4326.0,1001.0,1161.0,45.687,45.906
373.730,train:DC1,99.6,421.87890625,17.1,2047.24609375,2169.0,2.0,4407.0,1000.0,1160.0,46.031,46.031
374.232,train:DC1,99.6,413.12109375,18.1,2037.125,2171.0,0.0,4286.0,961.0,1161.0,45.687,46.031
374.734,train:DC1,99.6,406.62109375,17.6,2058.78125,2175.0,0.0,4326.0,960.0,1160.0,45.75,45.937
375.236,train:DC1,99.6,387.37109375,17.6,2043.04296875,2182.0,0.0,4326.0,961.0,1161.0,45.843,45.937
375.738,train:DC1,101.6,374.99609375,17.9,2047.68359375,2171.0,0.0,4326.0,1000.0,1161.0,45.625,45.968
376.240,train:DC1,99.6,354.74609375,17.3,2031.9453125,2171.0,0.0,4326.0,1000.0,1161.0,45.656,45.875
376.747,train:DC1,100.5,338.80859375,17.6,2059.2265625,2156.0,0.0,4326.0,1001.0,1161.0,45.625,45.843
377.252,train:DC2,97.1,354.74609375,17.6,2043.60546875,2183.0,0.0,4286.0,961.0,1161.0,45.656,45.843
377.759,train:DC2,100.6,338.80859375,16.8,2058.98046875,2167.0,0.0,4246.0,961.0,1161.0,45.875,45.875
378.261,train:DC2,101.7,421.87890625,17.1,2059.19921875,2183.0,0.0,4253.0,961.0,1161.0,45.687,45.781
378.762,train:DC2,99.7,421.87890625,17.5,2052.0625,2175.0,0.0,4286.0,961.0,1161.0,45.781,45.812
379.264,train:DC2,97.7,421.87890625,17.4,2048.5234375,2172.0,0.0,4326.0,960.0,1160.0,45.687,45.968
379.765,train:DC2,99.7,421.87890625,16.7,2048.20703125,2172.0,0.0,4326.0,961.0,1161.0,45.812,45.812
380.267,train:DC2,99.7,413.12109375,17.6,2038.0859375,2172.0,0.0,4286.0,961.0,1161.0,45.718,45.812
380.768,train:DC2,99.8,400.546875,16.7,2051.8671875,2176.0,0.0,4253.0,961.0,1161.0,45.781,45.781
381.269,train:DC2,99.8,384.92578125,17.3,2036.12890625,2176.0,0.0,4253.0,961.0,1161.0,45.875,45.875
381.770,train:DC3,99.8,400.12109375,17.3,2040.03125,2160.0,0.0,4253.0,961.0,1161.0,45.718,45.75
382.272,train:DC3,99.7,387.37109375,17.0,2039.796875,2171.0,0.0,4253.0,961.0,1161.0,45.562,45.875
382.773,train:DC3,99.8,369.46875,17.1,2051.328125,2175.0,0.0,4253.0,961.0,1161.0,45.562,45.843
383.274,train:DC3,99.8,354.74609375,17.3,2035.5390625,2175.0,0.0,4253.0,961.0,1161.0,45.812,45.843
383.784,train:DC3,99.9,338.80859375,16.9,2050.99609375,2159.0,0.0,4253.0,961.0,1161.0,45.625,45.781
384.289,train:DC3,99.1,421.87890625,18.7,2050.99609375,2175.0,0.0,4286.0,961.0,1161.0,45.625,45.781
384.791,train:DC3,99.6,421.87890625,17.5,2050.7421875,2167.0,0.0,4326.0,960.0,1161.0,45.687,45.781
385.292,train:DC3,99.7,421.87890625,17.0,2046.53515625,2159.0,0.0,4286.0,961.0,1161.0,45.625,45.875
385.794,train:DC3,101.8,402.9453125,17.3,2054.41015625,2178.0,0.0,4286.0,961.0,1161.0,45.562,45.812
386.295,train:DC4,97.8,421.87890625,17.3,2054.1640625,2163.0,0.0,4253.0,961.0,1161.0,45.468,45.75
386.796,train:DC4,99.7,421.87890625,17.3,2054.1640625,2178.0,0.0,4253.0,961.0,1161.0,45.687,45.937
387.297,train:DC4,99.8,413.125,16.7,2046.4375,2178.0,0.0,4293.0,961.0,1161.0,45.843,45.843
387.798,train:DC4,99.8,404.97265625,17.6,2053.91796875,2178.0,0.0,4286.0,961.0,1161.0,45.718,45.906
388.299,train:DC4,99.8,387.375,16.7,2038.1796875,2178.0,0.0,4286.0,961.0,1161.0,45.718,45.812
388.801,train:DC4,99.8,373.78515625,17.6,2049.7109375,2173.0,0.0,4293.0,961.0,1161.0,45.531,45.906
389.302,train:DC4,99.8,354.75,17.1,2033.97265625,2173.0,0.0,4253.0,961.0,1161.0,45.375,45.718
389.808,train:DC4,100.7,338.8125,17.1,2053.37890625,2162.0,0.0,4293.0,961.0,1161.0,45.625,45.687
390.312,train:DC5,97.2,354.75,17.0,2037.75,2177.0,0.0,4286.0,961.0,1161.0,45.625,45.687
390.818,train:DC5,100.7,338.8125,17.2,2053.125,2169.0,0.0,4286.0,961.0,1161.0,45.875,45.937
391.320,train:DC5,99.7,421.8828125,17.0,2053.125,2177.0,0.0,4293.0,961.0,1161.0,45.625,45.812
391.821,train:DC5,99.8,421.8828125,17.6,2052.87890625,2169.0,0.0,4286.0,961.0,1161.0,45.625,45.781
392.322,train:DC5,99.8,421.8828125,17.1,2048.671875,2161.0,0.0,4253.0,961.0,1161.0,45.562,45.718
392.823,train:DC5,97.7,421.8828125,17.0,2048.671875,2172.0,0.0,4253.0,961.0,1161.0,45.843,45.843
393.324,train:DC5,101.8,413.5390625,17.1,2037.5625,2157.0,0.0,4253.0,961.0,1161.0,45.562,45.625
393.826,train:DC5,99.8,406.625,17.0,2052.328125,2168.0,0.0,4293.0,961.0,1161.0,45.687,45.687
394.327,train:DC5,99.8,388.52734375,17.1,2036.58984375,2176.0,0.0,4293.0,961.0,1161.0,45.812,45.843
394.828,train:DC6,99.8,406.625,17.3,2040.4921875,2160.0,0.0,4253.0,961.0,1161.0,45.656,45.781
395.329,train:DC6,99.7,389.375,17.3,2032.33203125,2172.0,0.0,4293.0,961.0,1161.0,45.593,45.781
395.831,train:DC6,99.7,375.0,16.8,2047.7890625,2172.0,0.0,4286.0,961.0,1161.0,45.593,45.718
396.332,train:DC6,97.8,358.28125,16.7,2035.85546875,2171.0,0.0,4286.0,961.0,1161.0,45.843,45.843
396.834,train:DC6,101.6,338.8125,17.3,2051.20703125,2175.0,0.0,4286.0,961.0,1161.0,45.562,45.656
397.336,train:DC6,99.7,421.8828125,17.0,2051.20703125,2175.0,0.0,4253.0,961.0,1161.0,45.625,45.812
397.837,train:DC6,97.8,421.8828125,17.9,2050.9609375,2167.0,0.0,4253.0,961.0,1161.0,45.562,45.843
398.338,train:DC6,99.8,421.8828125,16.8,2046.59765625,2163.0,0.0,4253.0,961.0,1161.0,45.593,45.875
398.839,train:DC6,99.8,402.94921875,17.5,2046.59765625,2170.0,0.0,4253.0,961.0,1161.0,45.468,45.75
399.340,train:DC1,99.8,421.8828125,17.1,2046.3515625,2155.0,0.0,4253.0,961.0,1161.0,45.531,45.906
399.842,train:DC1,101.7,421.8828125,17.3,2046.3515625,2170.0,0.0,4253.0,961.0,1161.0,45.75,45.75
400.343,train:DC1,97.8,413.15234375,17.0,2041.6484375,2165.0,0.0,4253.0,961.0,1161.0,45.562,45.687
400.844,train:DC1,99.7,406.625,17.6,2045.22265625,2169.0,0.0,4253.0,961.0,1161.0,45.531,45.625
401.346,train:DC1,99.8,390.5546875,17.0,2029.4765625,2153.0,0.0,4286.0,961.0,1161.0,45.593,45.937
401.847,train:DC1,99.7,375.0,17.1,2056.7578125,2173.0,0.0,4286.0,961.0,1161.0,45.593,45.843
402.348,train:DC1,97.8,358.03125,17.3,2041.01953125,2180.0,0.0,4286.0,961.0,1161.0,45.593,45.75
402.849,train:DC1,101.7,338.8125,17.3,2048.61328125,2172.0,0.0,4286.0,961.0,1161.0,45.5,45.781
403.350,train:DC2,99.8,356.34765625,16.8,2032.9921875,2172.0,0.0,4286.0,961.0,1161.0,45.593,45.656
403.855,train:DC2,99.1,338.8125,17.8,2048.3671875,2172.0,0.0,4293.0,961.0,1161.0,45.781,45.781
404.356,train:DC2,99.7,421.8828125,17.0,2048.3671875,2172.0,0.0,4293.0,961.0,1161.0,45.593,45.718
404.857,train:DC2,99.8,421.8828125,17.1,2048.12109375,2172.0,0.0,4253.0,961.0,1161.0,45.625,45.718
405.358,train:DC2,99.8,421.8828125,17.7,2043.9140625,2161.0,0.0,4293.0,961.0,1161.0,45.781,45.781
405.860,train:DC2,99.7,421.8828125,17.3,2051.7890625,2176.0,0.0,4253.0,961.0,1161.0,45.843,45.875
406.362,train:DC2,101.7,413.64453125,17.3,2041.66796875,2160.0,0.0,4293.0,961.0,1161.0,45.625,45.937
406.863,train:DC2,97.8,406.625,17.3,2055.44140625,2179.0,0.0,4286.0,961.0,1161.0,45.406,45.875
407.364,train:DC2,99.8,389.03125,17.1,2039.703125,2163.0,0.0,4253.0,961.0,1161.0,45.593,45.812
407.865,train:DC3,99.7,406.625,17.1,2043.60546875,2163.0,0.0,4286.0,961.0,1161.0,45.718,45.625
408.366,train:DC3,99.8,389.375,17.1,2028.5546875,2152.0,0.0,4286.0,961.0,1161.0,45.5,45.656
408.868,train:DC3,99.8,375.0,17.0,2051.88671875,2176.0,0.0,4293.0,961.0,1161.0,45.562,45.781
409.369,train:DC3,99.8,354.75,17.3,2039.79296875,2176.0,0.0,4293.0,961.0,1161.0,45.875,45.875
409.875,train:DC3,100.7,338.8125,17.4,2042.5390625,2171.0,0.0,4293.0,961.0,1161.0,45.625,45.906
410.377,train:DC3,99.7,421.8828125,17.1,2044.40625,2168.0,0.0,4286.0,961.0,1161.0,45.687,45.812
410.878,train:DC3,99.7,421.8828125,17.3,2044.3203125,2168.0,0.0,4293.0,961.0,1161.0,45.343,45.875
411.379,train:DC3,99.8,421.8828125,16.5,2046.3125,2170.0,0.0,4253.0,961.0,1161.0,45.5,45.812
411.881,train:DC3,97.7,402.94921875,17.3,2046.3125,2170.0,0.0,4286.0,961.0,1161.0,45.593,45.718
412.382,train:DC4,99.7,421.8828125,17.6,2046.05859375,2170.0,0.0,4286.0,961.0,1161.0,45.625,45.687
412.884,train:DC4,99.7,421.8828125,17.3,2046.05859375,2170.0,0.0,4286.0,961.0,1161.0,45.781,45.781
413.385,train:DC4,99.7,413.125,17.1,2037.59375,2158.0,0.0,4286.0,961.0,1161.0,45.625,45.812
413.886,train:DC4,101.8,406.625,17.1,2049.40625,2173.0,0.0,4293.0,961.0,1161.0,45.625,45.718
414.388,train:DC4,97.7,387.7109375,17.3,2037.30859375,2161.0,0.0,4286.0,961.0,1161.0,45.625,45.718
414.889,train:DC4,101.8,375.0,17.0,2044.8828125,2169.0,0.0,4286.0,961.0,1161.0,45.593,45.75
415.390,train:DC4,97.8,354.75,17.8,2040.1796875,2164.0,0.0,4286.0,1001.0,1161.0,45.593,45.812
415.901,train:DC4,99.8,338.8125,22.7,2032.03515625,2171.0,0.0,4400.0,1040.0,1160.0,45.625,45.625
416.406,train:DC5,101.0,354.75,27.2,2032.03515625,2156.0,0.0,4480.0,1118.0,1160.0,45.687,45.843
416.918,train:DC5,99.6,338.8125,17.3,2043.578125,2175.0,0.0,4366.0,1040.0,1160.0,45.5,45.781
417.423,train:DC5,99.0,421.8828125,19.4,2047.7265625,2171.0,24.0,4440.0,1040.0,1160.0,45.687,45.781
417.925,train:DC5,97.7,421.8828125,23.3,2047.7265625,2171.0,3.0,4560.0,1118.0,1198.0,45.843,45.843
418.426,train:DC5,101.7,421.8828125,24.4,2051.37890625,2175.0,0.0,4520.0,1118.0,1200.0,45.468,45.875
418.928,train:DC5,99.7,419.625,31.3,2059.25390625,2183.0,32.0,4752.0,1277.0,1198.0,45.656,45.718
419.430,train:DC5,99.4,408.625,43.2,2047.64453125,2171.0,6.0,4984.0,1472.0,1236.0,45.625,45.718
419.932,train:DC5,99.6,389.359375,37.4,2047.8828125,2172.0,22.0,4944.0,1472.0,1194.0,45.718,45.718
420.434,train:DC5,99.6,366.48828125,37.0,2032.14453125,2172.0,22.0,4944.0,1472.0,1194.0,45.718,45.718
420.937,train:DC6,99.4,381.125,35.5,2032.046875,2156.0,21.0,4864.0,1433.0,1194.0,45.875,45.875
421.440,train:DC6,99.5,362.8125,37.2,2051.69921875,2156.0,23.0,4904.0,1472.0,1194.0,45.843,45.843
421.942,train:DC6,99.6,339.6796875,36.7,2038.515625,2175.0,3.0,4904.0,1472.0,1194.0,45.781,45.875
422.443,train:DC6,99.7,421.8828125,37.6,2053.9609375,2162.0,3.0,4944.0,1512.0,1194.0,45.687,45.812
422.946,train:DC6,99.6,421.8828125,37.1,2053.9609375,2178.0,3.0,4944.0,1472.0,1194.0,45.75,45.75
423.448,train:DC6,99.6,421.8828125,36.7,2049.75,2178.0,21.0,4944.0,1472.0,1194.0,45.875,45.781
423.950,train:DC6,99.6,418.390625,37.3,2049.74609375,2173.0,21.0,4984.0,1512.0,1194.0,45.812,45.781
424.452,train:DC6,99.6,406.625,39.9,2034.6484375,2173.0,22.0,4984.0,1512.0,1194.0,46.0,46.0
424.954,train:DC6,99.6,382.81640625,36.7,2049.4140625,2165.0,21.0,4944.0,1433.0,1194.0,46.093,46.093
425.456,train:DC1,99.6,395.625,37.9,2041.6875,2173.0,22.0,4904.0,1433.0,1194.0,45.937,46.031
425.958,train:DC1,99.5,379.125,36.8,2049.16015625,2165.0,4.0,4944.0,1472.0,1194.0,45.781,45.968
426.460,train:DC1,99.6,360.15625,36.0,2033.37109375,2173.0,18.0,4944.0,1472.0,1194.0,45.875,45.875
426.974,train:DC1,101.1,338.8125,36.5,2036.90234375,2157.0,21.0,4944.0,1472.0,1194.0,45.843,45.843
427.479,train:DC1,97.1,421.8828125,37.3,2052.29296875,2161.0,18.0,4904.0,1433.0,1194.0,45.843,45.875
427.981,train:DC1,101.6,421.8828125,36.5,2052.29296875,2176.0,31.0,4864.0,1393.0,1194.0,45.968,45.968
428.483,train:DC1,97.6,421.8828125,37.6,2048.109375,2176.0,3.0,4824.0,1393.0,1194.0,46.0,46.0
428.984,train:DC1,101.7,414.42578125,30.1,2048.109375,2172.0,4.0,4904.0,1433.0,1194.0,45.875,45.968
429.486,train:DC1,99.7,395.83984375,37.2,2032.3203125,2172.0,26.0,4672.0,1275.0,1196.0,45.875,45.937
429.988,train:DC2,99.7,412.69921875,36.6,2048.515625,2157.0,22.0,4784.0,1353.0,1196.0,45.843,45.843
430.490,train:DC2,99.6,400.125,22.5,2042.63671875,2172.0,4.0,4864.0,1433.0,1194.0,46.062,46.062
430.992,train:DC2,97.6,382.640625,17.0,2050.1953125,2166.0,0.0,4520.0,1118.0,1158.0,45.812,45.812
431.494,train:DC2,101.6,368.875,17.4,2034.40625,2174.0,0.0,4326.0,1000.0,1161.0,45.812,45.843
431.995,train:DC2,97.7,346.71875,35.9,2042.13671875,2158.0,22.0,4366.0,1040.0,1160.0,45.875,45.875
432.497,train:DC2,99.6,421.8828125,36.3,2049.6171875,2166.0,21.0,4672.0,1236.0,1196.0,45.875,46.125
432.999,train:DC2,99.6,421.8828125,18.0,2049.6171875,2173.0,0.0,4712.0,1275.0,1196.0,45.812,45.906
433.501,train:DC2,101.6,421.8828125,17.1,2049.28515625,2158.0,0.0,4407.0,1080.0,1160.0,45.625,45.937
434.003,train:DC2,99.7,402.94921875,17.6,2049.28515625,2173.0,0.0,4326.0,1001.0,1161.0,45.781,45.875
434.505,train:DC3,99.6,421.8828125,16.7,2049.0390625,2165.0,0.0,4286.0,961.0,1161.0,45.75,45.875
435.007,train:DC3,99.5,421.8828125,20.9,2049.7578125,2173.0,0.0,4326.0,960.0,1161.0,45.781,45.812
435.509,train:DC3,99.6,413.125,17.1,2049.42578125,2173.0,0.0,4366.0,1000.0,1160.0,45.843,45.843
436.011,train:DC3,99.7,406.625,17.9,2049.42578125,2173.0,0.0,4366.0,960.0,1160.0,45.843,45.968
436.512,train:DC3,99.6,387.375,17.3,2037.5,2173.0,0.0,4286.0,961.0,1161.0,45.781,45.968
437.014,train:DC3,99.7,375.0,17.3,2045.1796875,2177.0,0.0,4286.0,961.0,1161.0,45.718,45.875
437.516,train:DC3,99.6,354.75,17.0,2048.72265625,2169.0,0.0,4253.0,961.0,1161.0,45.625,45.875
438.022,train:DC3,100.7,338.8125,17.5,2032.93359375,2172.0,0.0,4286.0,961.0,1161.0,46.031,45.875
438.524,train:DC4,99.7,356.4140625,17.3,2033.625,2157.0,0.0,4246.0,961.0,1161.0,45.75,45.812
439.030,train:DC4,98.7,338.8125,16.9,2037.203125,2157.0,0.0,4253.0,961.0,1161.0,45.875,45.875
439.532,train:DC4,101.6,421.88671875,17.5,2052.66796875,2161.0,0.0,4253.0,961.0,1161.0,45.906,45.906
440.034,train:DC4,99.6,421.88671875,16.8,2052.66015625,2176.0,0.0,4286.0,961.0,1161.0,46.062,46.062
440.536,train:DC4,99.6,421.88671875,17.5,2052.4140625,2169.0,0.0,4326.0,960.0,1160.0,45.656,45.75
441.038,train:DC4,97.6,421.88671875,17.3,2052.4140625,2176.0,0.0,4286.0,961.0,1161.0,45.625,45.968
441.540,train:DC4,99.6,414.01953125,17.0,2040.578125,2176.0,0.0,4286.0,961.0,1161.0,45.656,45.968
442.042,train:DC4,101.7,406.62890625,17.0,2056.08203125,2172.0,0.0,4286.0,961.0,1161.0,45.75,45.937
442.543,train:DC4,97.7,390.19140625,17.3,2040.34375,2180.0,0.0,4286.0,961.0,1161.0,45.656,45.937
443.045,train:DC5,101.7,406.62890625,17.0,2044.24609375,2164.0,0.0,4246.0,961.0,1161.0,45.906,45.906
443.547,train:DC5,99.7,391.7890625,17.6,2036.078125,2176.0,0.0,4286.0,961.0,1161.0,46.0,46.0
444.048,train:DC5,99.6,375.00390625,17.7,2039.44140625,2175.0,0.0,4246.0,961.0,1161.0,45.718,45.968
444.550,train:DC5,99.6,356.75390625,18.1,2054.88671875,2179.0,0.0,4286.0,961.0,1161.0,45.656,45.906
445.056,train:DC5,98.8,338.81640625,17.5,2047.16015625,2179.0,0.0,4253.0,961.0,1161.0,45.687,45.843
445.558,train:DC5,99.6,421.88671875,16.7,2048.734375,2171.0,0.0,4286.0,961.0,1161.0,45.75,45.937
446.060,train:DC5,99.6,421.88671875,17.3,2048.7265625,2172.0,0.0,4286.0,961.0,1161.0,45.593,45.843
446.562,train:DC5,101.7,421.88671875,17.0,2056.26953125,2157.0,0.0,4286.0,961.0,1161.0,45.812,45.781
447.064,train:DC5,97.7,402.953125,17.9,2056.26953125,2180.0,0.0,4246.0,961.0,1161.0,45.906,45.906
447.566,train:DC6,99.6,421.88671875,17.3,2048.54296875,2172.0,0.0,4253.0,961.0,1161.0,45.75,45.75
448.067,train:DC6,101.6,421.88671875,17.0,2048.640625,2172.0,0.0,4246.0,961.0,1161.0,45.75,45.937
448.569,train:DC6,99.6,413.12890625,17.1,2038.52734375,2157.0,0.0,4286.0,961.0,1161.0,45.593,45.937
449.071,train:DC6,97.6,406.3828125,17.3,2057.6640625,2176.0,0.0,4286.0,961.0,1161.0,45.75,45.843
449.573,train:DC6,101.6,387.37890625,17.3,2049.76953125,2181.0,0.0,4286.0,961.0,1161.0,45.843,45.843
450.075,train:DC6,99.6,375.00390625,17.3,2034.19140625,2173.0,0.0,4253.0,961.0,1161.0,45.875,45.875
450.577,train:DC6,99.6,354.75390625,17.3,2053.59765625,2177.0,0.0,4286.0,961.0,1161.0,45.937,45.937
451.085,train:DC6,100.5,338.81640625,17.1,2037.8515625,2177.0,0.0,4326.0,960.0,1160.0,45.656,45.968
451.589,train:DC1,99.1,354.75390625,16.7,2037.8515625,2162.0,0.0,4286.0,961.0,1161.0,45.75,45.906
452.100,train:DC1,101.9,338.81640625,17.5,2033.64453125,2169.0,0.0,4246.0,961.0,1161.0,45.656,45.906
452.605,train:DC1,97.1,421.88671875,17.2,2045.17578125,2161.0,0.0,4253.0,961.0,1161.0,45.656,45.843
453.106,train:DC1,99.6,421.88671875,17.1,2053.05078125,2177.0,0.0,4246.0,961.0,1161.0,45.75,45.875
453.609,train:DC1,101.6,421.88671875,17.3,2048.84375,2161.0,0.0,4286.0,961.0,1161.0,45.625,45.718
454.110,train:DC1,99.6,421.88671875,17.0,2048.84375,2173.0,0.0,4246.0,961.0,1161.0,45.75,45.843
454.612,train:DC1,97.6,413.12890625,17.0,2048.51171875,2157.0,0.0,4253.0,961.0,1161.0,45.937,45.937
455.114,train:DC1,101.7,404.62890625,17.3,2036.25,2172.0,0.0,4286.0,961.0,1161.0,45.812,45.812
455.616,train:DC1,99.5,385.28125,17.5,2051.68359375,2175.0,0.0,4366.0,960.0,1160.0,45.75,45.906
456.118,train:DC2,99.6,402.12890625,17.1,2043.9375,2168.0,0.0,4286.0,961.0,1161.0,45.562,46.0
456.620,train:DC2,99.6,387.37890625,17.0,2051.41796875,2175.0,0.0,4326.0,960.0,1160.0,45.625,45.875
457.122,train:DC2,99.7,373.00390625,17.0,2035.62890625,2175.0,0.0,4286.0,961.0,1161.0,45.656,45.906
457.624,train:DC2,99.6,354.75390625,17.5,2051.0859375,2175.0,0.0,4286.0,961.0,1161.0,45.593,45.75
458.131,train:DC2,98.6,338.81640625,16.8,2039.2421875,2175.0,0.0,4286.0,961.0,1161.0,45.656,45.812
458.636,train:DC2,99.1,421.88671875,17.5,2044.8671875,2169.0,0.0,4293.0,961.0,1161.0,46.062,46.062
459.138,train:DC2,101.7,421.88671875,17.3,2046.8359375,2171.0,0.0,4246.0,961.0,1161.0,45.812,45.812
459.639,train:DC2,99.7,421.8984375,16.7,2054.37890625,2155.0,0.0,4246.0,961.0,1161.0,45.812,46.0
460.141,train:DC2,99.6,402.96484375,17.0,2054.37890625,2178.0,0.0,4253.0,961.0,1161.0,45.718,46.031
460.643,train:DC3,99.6,421.8984375,17.5,2046.65234375,2170.0,0.0,4286.0,961.0,1161.0,45.656,45.875
461.145,train:DC3,99.6,421.8984375,17.3,2046.7421875,2170.0,0.0,4246.0,961.0,1161.0,45.593,45.875
461.647,train:DC3,99.6,413.140625,17.3,2046.41015625,2155.0,0.0,4246.0,961.0,1161.0,45.625,45.937
462.149,train:DC3,99.7,406.640625,17.0,2046.55859375,2170.0,0.0,4286.0,961.0,1161.0,45.875,45.875
462.651,train:DC3,99.7,389.390625,17.3,2046.55859375,2170.0,0.0,4286.0,961.0,1161.0,45.687,45.75
463.153,train:DC3,101.6,375.015625,17.0,2030.8671875,2170.0,0.0,4286.0,961.0,1161.0,45.812,45.906
463.655,train:DC3,97.6,359.2421875,17.3,2054.19921875,2178.0,0.0,4286.0,961.0,1161.0,45.875,45.906
464.157,train:DC3,99.5,338.828125,17.0,2046.47265625,2178.0,0.0,4246.0,961.0,1161.0,45.656,45.875
464.659,train:DC4,99.6,356.765625,17.0,2046.47265625,2170.0,0.0,4253.0,961.0,1161.0,45.562,45.812
465.164,train:DC4,101.0,338.828125,17.8,2030.78125,2170.0,0.0,4253.0,961.0,1161.0,45.687,45.906
465.666,train:DC4,97.7,421.8984375,17.3,2054.11328125,2178.0,0.0,4286.0,961.0,1161.0,45.906,45.906
466.167,train:DC4,101.6,421.9140625,17.0,2054.10546875,2178.0,0.0,4286.0,961.0,1161.0,45.843,45.843
466.670,train:DC4,99.6,421.9140625,17.0,2046.96875,2170.0,0.0,4246.0,961.0,1161.0,45.781,45.843
467.172,train:DC4,99.6,421.9140625,17.3,2046.96875,2171.0,0.0,4246.0,961.0,1161.0,45.843,45.906
467.673,train:DC4,99.6,413.15625,16.8,2046.63671875,2155.0,0.0,4286.0,961.0,1161.0,45.625,45.937
468.175,train:DC4,99.6,406.65625,17.5,2034.20703125,2158.0,0.0,4246.0,961.0,1161.0,45.593,46.062
468.677,train:DC4,99.6,388.18359375,17.3,2049.55859375,2173.0,0.0,4246.0,961.0,1161.0,45.625,45.843
469.179,train:DC5,99.7,406.65625,16.7,2041.83203125,2166.0,0.0,4253.0,961.0,1161.0,45.781,46.031
469.681,train:DC5,101.7,387.40625,17.6,2049.3125,2173.0,0.0,4253.0,961.0,1161.0,45.875,45.875
470.183,train:DC5,97.6,375.03125,17.3,2033.5234375,2157.0,0.0,4253.0,961.0,1161.0,45.687,45.937
470.684,train:DC5,99.7,354.78125,17.3,2048.98046875,2173.0,0.0,4286.0,961.0,1161.0,45.687,45.906
471.189,train:DC5,101.0,338.84375,17.2,2044.1015625,2173.0,0.0,4286.0,961.0,1161.0,45.625,45.968
471.691,train:DC5,99.7,421.9140625,17.1,2047.6640625,2171.0,0.0,4286.0,961.0,1161.0,45.593,45.812
472.193,train:DC5,99.6,421.9140625,17.5,2047.6640625,2171.0,0.0,4286.0,961.0,1161.0,45.593,45.843
472.695,train:DC5,99.6,421.9140625,17.1,2051.33203125,2175.0,0.0,4286.0,961.0,1161.0,45.812,45.812
473.196,train:DC5,101.6,402.98046875,17.0,2114.234375,2238.0,0.0,4286.0,961.0,1161.0,46.125,46.125
473.698,train:DC6,99.6,421.9140625,17.3,2133.73828125,2257.0,0.0,4286.0,961.0,1161.0,45.937,45.937
474.200,train:DC6,97.7,421.9140625,17.5,2133.73828125,2257.0,0.0,4286.0,961.0,1161.0,45.812,45.875
474.702,train:DC6,99.7,419.65625,16.8,2129.53125,2246.0,0.0,4286.0,961.0,1161.0,45.75,45.75
475.203,train:DC6,99.7,413.15625,17.3,2109.8203125,2234.0,0.0,4286.0,961.0,1161.0,46.156,46.156
475.705,train:DC6,101.6,406.65625,17.3,2117.44921875,2241.0,0.0,4286.0,961.0,1161.0,45.75,45.718
476.207,train:DC6,97.7,393.65625,17.0,2093.828125,2218.0,0.0,4326.0,960.0,1161.0,45.843,45.937
476.708,train:DC6,101.7,381.15625,17.1,2112.8984375,2237.0,0.0,4286.0,961.0,1161.0,45.781,45.812
477.210,train:DC6,99.7,364.89453125,17.6,2089.12890625,2213.0,0.0,4286.0,961.0,1161.0,45.812,45.875
477.712,train:DC1,99.6,383.15625,17.3,2089.12890625,2213.0,0.0,4286.0,961.0,1161.0,45.625,45.75
478.214,train:DC1,99.6,368.90625,17.0,2078.09765625,2202.0,0.0,4286.0,961.0,1161.0,46.031,46.031
478.716,train:DC1,101.7,354.78125,17.0,2101.4296875,2225.0,0.0,4286.0,961.0,1161.0,46.031,46.031
479.222,train:DC1,100.7,338.84375,17.8,2087.69140625,2219.0,0.0,4326.0,1000.0,1161.0,45.906,45.906
479.724,train:DC1,97.7,421.9140625,17.5,2087.69140625,2211.0,0.0,4286.0,961.0,1161.0,45.812,45.937
480.226,train:DC1,99.6,421.9140625,16.4,2082.4140625,2206.0,0.0,4286.0,961.0,1161.0,45.812,45.812
480.727,train:DC1,99.7,421.9140625,17.6,2089.95703125,2214.0,0.0,4286.0,961.0,1161.0,46.156,46.156
481.229,train:DC1,99.7,421.9140625,17.0,2085.36328125,2209.0,0.0,4326.0,960.0,1160.0,45.875,45.875
481.730,train:DC1,101.7,402.98046875,17.3,2077.48828125,2209.0,0.0,4326.0,960.0,1160.0,45.875,45.875
482.232,train:DC2,97.6,421.9140625,17.3,2072.38671875,2201.0,0.0,4286.0,961.0,1161.0,45.906,45.937
482.734,train:DC2,101.6,419.65625,17.0,2072.140625,2196.0,0.0,4286.0,961.0,1161.0,45.875,45.875
483.235,train:DC2,99.7,408.65625,16.7,2063.22265625,2196.0,0.0,4286.0,961.0,1161.0,45.718,45.843
483.737,train:DC2,99.6,400.15625,17.9,2070.6875,2187.0,0.0,4286.0,961.0,1161.0,45.843,45.843
484.239,train:DC2,99.7,387.40625,16.7,2051.66015625,2194.0,0.0,4326.0,960.0,1161.0,45.906,45.906
484.741,train:DC2,99.6,372.8828125,17.5,2071.1640625,2175.0,0.0,4286.0,961.0,1161.0,45.843,46.093
485.243,train:DC2,99.5,355.51171875,16.9,2052.62890625,2195.0,0.0,4286.0,961.0,1161.0,45.812,45.906
485.746,train:DC2,101.5,338.84375,17.5,2075.9609375,2176.0,0.0,4286.0,961.0,1161.0,45.625,45.812
486.258,train:DC3,99.6,362.84375,17.0,2066.03125,2200.0,0.0,4286.0,961.0,1161.0,45.75,45.812
486.759,train:DC3,99.6,346.75,16.7,2066.12890625,2190.0,0.0,4286.0,961.0,1161.0,46.093,46.093
487.261,train:DC3,99.6,421.9140625,17.9,2063.9453125,2190.0,0.0,4286.0,961.0,1161.0,45.875,45.906
487.763,train:DC3,101.6,421.9140625,17.0,2067.61328125,2172.0,0.0,4286.0,961.0,1161.0,45.625,45.843
488.265,train:DC3,97.6,421.9140625,17.5,2065.921875,2191.0,0.0,4326.0,1001.0,1161.0,45.906,45.906
488.767,train:DC3,99.6,421.9140625,17.0,2054.33203125,2190.0,0.0,4286.0,961.0,1161.0,45.75,45.812
489.269,train:DC3,101.7,419.65625,17.1,2052.8125,2178.0,0.0,4286.0,961.0,1161.0,45.812,45.812
489.770,train:DC3,97.7,413.15625,17.3,2060.6875,2184.0,0.0,4286.0,961.0,1161.0,46.0,46.0
490.272,train:DC3,99.6,395.87109375,17.5,2051.3984375,2184.0,0.0,4286.0,961.0,1161.0,45.75,45.906
490.774,train:DC4,101.6,413.15625,16.7,2051.3984375,2175.0,0.0,4286.0,961.0,1161.0,45.718,45.75
491.276,train:DC4,99.6,403.171875,17.3,2035.125,2176.0,0.0,4286.0,961.0,1161.0,45.75,45.812
491.777,train:DC4,101.7,387.40625,17.1,2050.58203125,2174.0,0.0,4326.0,960.0,1161.0,45.937,45.937
492.279,train:DC4,97.7,375.03125,17.0,2044.3359375,2174.0,0.0,4286.0,961.0,1161.0,46.0,46.0
492.781,train:DC4,101.6,357.6640625,17.3,2051.921875,2168.0,0.0,4286.0,961.0,1161.0,45.812,45.812
493.283,train:DC4,99.7,338.90234375,17.3,2035.04296875,2176.0,0.0,4286.0,961.0,1161.0,45.781,45.781
493.784,train:DC4,99.7,421.9140625,18.2,2054.44921875,2159.0,0.0,4286.0,961.0,1161.0,45.843,45.937
494.286,train:DC4,101.7,421.9140625,16.8,2061.171875,2185.0,0.0,4286.0,961.0,1161.0,45.687,45.781
494.787,train:DC4,99.7,402.98046875,17.3,2045.43359375,2185.0,0.0,4286.0,961.0,1161.0,45.875,45.875
495.289,train:DC5,97.7,421.9140625,17.3,2051.05859375,2169.0,0.0,4286.0,961.0,1161.0,45.906,45.906
495.791,train:DC5,101.7,421.9140625,17.0,2050.7265625,2159.0,0.0,4286.0,961.0,1161.0,45.687,45.75
496.293,train:DC5,99.7,421.9140625,17.9,2054.09375,2174.0,0.0,4326.0,960.0,1160.0,45.718,45.937
496.794,train:DC5,99.7,418.5078125,16.7,2054.09375,2178.0,0.0,4326.0,960.0,1161.0,45.781,45.781
497.296,train:DC5,99.7,408.65625,17.6,2042.1640625,2178.0,0.0,4286.0,961.0,1161.0,45.906,45.906
497.797,train:DC5,101.7,395.8125,17.0,2057.59765625,2181.0,0.0,4286.0,961.0,1161.0,45.781,46.125
498.299,train:DC5,99.6,381.15625,17.1,2049.87109375,2181.0,0.0,4286.0,961.0,1161.0,45.687,45.906
498.801,train:DC5,99.7,364.89453125,17.0,2051.4453125,2174.0,0.0,4286.0,961.0,1161.0,45.656,45.812
499.303,train:DC6,97.6,381.15625,17.6,2035.82421875,2175.0,0.0,4286.0,961.0,1161.0,45.718,45.75
499.804,train:DC6,101.7,368.90625,17.2,2051.19921875,2175.0,0.0,4286.0,961.0,1161.0,45.625,45.781
500.306,train:DC6,99.7,353.59765625,17.1,2043.47265625,2175.0,0.0,4326.0,961.0,1161.0,45.781,45.781
500.821,train:DC6,100.9,338.84375,17.1,2050.953125,2167.0,0.0,4286.0,961.0,1161.0,45.812,45.812
501.326,train:DC6,99.1,421.9140625,17.3,2050.77734375,2175.0,0.0,4326.0,960.0,1160.0,45.687,45.812
501.827,train:DC6,99.7,421.9140625,16.7,2050.4453125,2159.0,0.0,4286.0,961.0,1161.0,45.687,45.718
502.329,train:DC6,99.7,421.9140625,17.6,2053.4609375,2162.0,0.0,4286.0,961.0,1161.0,45.687,45.687
502.831,train:DC6,99.7,421.9140625,17.0,2053.4609375,2177.0,0.0,4286.0,1001.0,1161.0,46.0,46.0
503.332,train:DC6,99.6,402.98046875,17.3,2040.93359375,2177.0,0.0,4286.0,961.0,1161.0,45.718,45.718
503.834,train:DC1,99.7,421.9140625,16.7,2056.4375,2165.0,0.0,4286.0,961.0,1161.0,45.812,45.812
504.336,train:DC1,99.7,413.1640625,19.3,2044.0703125,2180.0,0.0,4286.0,961.0,1161.0,45.687,45.687
504.838,train:DC1,99.6,406.65625,16.7,2051.69921875,2175.0,0.0,4286.0,961.0,1161.0,45.906,45.781
505.339,train:DC1,99.6,392.12890625,17.6,2046.99609375,2175.0,0.0,4286.0,961.0,1161.0,45.718,45.781
505.841,train:DC1,101.7,375.03125,17.0,2050.671875,2174.0,0.0,4286.0,960.0,1161.0,45.843,45.843
506.343,train:DC1,99.7,362.84375,17.3,2034.92578125,2174.0,0.0,4326.0,960.0,1161.0,45.656,45.875
506.845,train:DC1,99.6,340.671875,17.3,2054.33203125,2163.0,0.0,4286.0,961.0,1161.0,45.656,45.75
507.346,train:DC1,99.7,421.9140625,17.1,2054.32421875,2178.0,0.0,4286.0,961.0,1161.0,45.625,45.687
507.848,train:DC2,99.7,340.96875,17.0,2038.5859375,2162.0,0.0,4246.0,961.0,1161.0,45.687,45.718
508.349,train:DC2,99.7,421.9140625,18.2,2057.9921875,2166.0,0.0,4246.0,961.0,1161.0,46.031,46.031
508.851,train:DC2,101.7,421.9140625,16.4,2057.66015625,2166.0,0.0,4286.0,961.0,1161.0,45.625,45.718
509.352,train:DC2,97.7,421.9140625,17.6,2050.5234375,2174.0,0.0,4286.0,961.0,1161.0,45.75,45.781
509.854,train:DC2,101.6,421.9140625,17.0,2050.5234375,2174.0,0.0,4286.0,961.0,1161.0,45.625,45.875
510.356,train:DC2,99.7,419.65625,17.3,2050.19140625,2158.0,0.0,4286.0,961.0,1161.0,45.718,45.718
510.858,train:DC2,99.6,408.65625,17.2,2058.06640625,2182.0,0.0,4286.0,961.0,1161.0,45.687,45.687
511.360,train:DC2,99.7,399.47265625,17.3,2050.33203125,2182.0,0.0,4326.0,960.0,1161.0,45.812,45.812
511.861,train:DC2,101.7,380.02734375,17.3,2050.4296875,2174.0,0.0,4326.0,960.0,1161.0,46.031,46.031
512.363,train:DC3,99.7,400.09765625,17.1,2034.6796875,2174.0,0.0,4286.0,961.0,1161.0,45.781,45.812
512.865,train:DC3,99.7,381.15625,17.0,2058.05859375,2182.0,0.0,4286.0,961.0,1161.0,45.812,45.812
513.366,train:DC3,99.7,368.90625,17.0,2050.18359375,2182.0,0.0,4286.0,961.0,1161.0,45.718,45.718
513.868,train:DC3,99.6,353.00390625,17.5,2050.4296875,2174.0,0.0,4286.0,961.0,1161.0,46.0,46.0
514.384,train:DC3,98.8,338.84375,16.8,2034.69140625,2174.0,0.0,4286.0,961.0,1161.0,45.625,45.718
514.888,train:DC3,99.1,421.9140625,17.5,2054.09765625,2162.0,0.0,4286.0,961.0,1161.0,45.687,45.687
515.390,train:DC3,101.7,421.9140625,17.3,2061.640625,2170.0,0.0,4286.0,961.0,1161.0,45.75,45.875
515.892,train:DC3,99.7,421.9140625,17.3,2061.88671875,2185.0,0.0,4286.0,961.0,1161.0,45.781,45.781
516.393,train:DC3,99.7,402.98046875,17.1,2054.00390625,2178.0,0.0,4326.0,960.0,1161.0,45.656,45.781
516.895,train:DC4,99.7,421.9140625,17.3,2054.7421875,2178.0,0.0,4286.0,961.0,1161.0,45.781,45.718
517.397,train:DC4,101.7,421.9140625,17.0,2050.53515625,2163.0,0.0,4286.0,961.0,1161.0,45.812,45.812
517.898,train:DC4,99.7,417.65625,17.6,2050.53515625,2174.0,0.0,4286.0,961.0,1161.0,45.812,45.812
518.400,train:DC4,99.6,408.65625,17.0,2038.6953125,2159.0,0.0,4286.0,961.0,1161.0,45.625,45.75
518.902,train:DC4,97.7,393.65625,17.6,2062.07421875,2178.0,0.0,4286.0,1001.0,1161.0,45.656,45.843
519.403,train:DC4,101.7,381.15625,16.7,2046.3359375,2186.0,0.0,4286.0,961.0,1161.0,45.937,45.937
519.905,train:DC4,99.7,367.3515625,17.5,2050.484375,2174.0,0.0,4286.0,961.0,1161.0,45.75,45.875
520.407,train:DC4,99.7,348.30859375,17.0,2034.6875,2174.0,0.0,4286.0,961.0,1161.0,45.906,45.906
520.908,train:DC5,101.6,368.90625,17.3,2036.36328125,2160.0,0.0,4286.0,961.0,1161.0,45.75,45.875
521.410,train:DC5,97.6,349.1640625,17.0,2043.90234375,2176.0,0.0,4366.0,960.0,1160.0,45.718,45.718
521.912,train:DC5,99.6,421.9140625,17.9,2032.41015625,2172.0,0.0,4286.0,961.0,1161.0,45.687,45.781
522.435,train:DC5,101.4,421.9140625,16.9,2051.8125,2164.0,0.0,4286.0,961.0,1161.0,45.812,45.812
522.936,train:DC5,99.7,421.9140625,17.3,2059.6875,2183.0,0.0,4286.0,961.0,1161.0,45.875,45.875
523.438,train:DC5,99.7,421.9140625,17.3,2051.54296875,2168.0,0.0,4286.0,961.0,1161.0,45.75,45.843
523.939,train:DC5,99.7,421.9140625,17.3,2051.54296875,2175.0,0.0,4286.0,961.0,1161.0,45.593,45.75
524.441,train:DC5,101.7,418.96484375,17.0,2047.3359375,2160.0,0.0,4286.0,961.0,1161.0,45.656,45.656
524.943,train:DC5,97.7,401.15234375,17.5,2055.2109375,2179.0,0.0,4286.0,961.0,1161.0,45.937,45.937
525.444,train:DC6,101.6,417.65625,17.0,2054.96484375,2163.0,0.0,4246.0,961.0,1161.0,45.812,45.656
525.946,train:DC6,99.7,408.65625,17.1,2054.96484375,2179.0,0.0,4286.0,961.0,1161.0,45.781,45.843
526.448,train:DC6,97.7,395.046875,17.3,2047.23828125,2171.0,0.0,4286.0,961.0,1161.0,45.562,45.75
526.949,train:DC6,101.7,381.15625,17.1,2054.7109375,2178.0,0.0,4326.0,1000.0,1160.0,45.718,45.718
527.451,train:DC6,99.7,367.55859375,17.5,2038.97265625,2178.0,0.0,4286.0,961.0,1161.0,45.625,45.687
527.953,train:DC6,99.7,346.75,17.6,2034.71484375,2174.0,0.0,4286.0,961.0,1161.0,45.906,45.906
528.454,train:DC6,101.7,421.9140625,17.0,2058.046875,2182.0,0.0,4246.0,961.0,1161.0,46.0,46.0
528.956,train:DC6,99.6,421.9140625,17.6,2058.046875,2182.0,0.0,4286.0,961.0,1161.0,45.781,45.781
529.458,train:DC6,99.7,402.98046875,16.4,2050.171875,2174.0,0.0,4253.0,961.0,1161.0,45.531,45.812
529.959,train:DC1,99.7,421.9140625,17.9,2050.91015625,2174.0,0.0,4286.0,961.0,1161.0,45.656,45.718
530.461,train:DC1,99.7,421.9140625,16.7,2050.578125,2174.0,0.0,4246.0,961.0,1161.0,45.781,45.781
530.963,train:DC1,99.7,421.9140625,17.3,2050.578125,2174.0,0.0,4286.0,961.0,1161.0,45.593,45.718
531.464,train:DC1,99.7,419.65625,17.3,2053.8984375,2162.0,0.0,4286.0,961.0,1161.0,45.875,45.875
531.966,train:DC1,99.7,413.15625,17.3,2053.8984375,2178.0,0.0,4246.0,961.0,1161.0,45.625,45.687
532.468,train:DC1,99.6,404.65625,17.3,2041.77734375,2166.0,0.0,4286.0,960.0,1161.0,45.656,45.687
532.969,train:DC1,101.6,387.40625,17.6,2057.28125,2181.0,0.0,4286.0,961.0,1161.0,45.625,45.625
533.471,train:DC1,99.7,369.87109375,16.8,2049.5546875,2181.0,0.0,4326.0,1001.0,1161.0,45.781,45.781
533.973,train:DC2,99.7,387.41796875,17.6,2049.40625,2173.0,0.0,4246.0,961.0,1161.0,45.812,45.812
534.475,train:DC2,99.6,375.03125,17.0,2035.33984375,2175.0,0.0,4286.0,961.0,1161.0,45.687,45.781
534.976,train:DC2,101.7,360.84375,17.5,2038.4765625,2175.0,0.0,4286.0,961.0,1161.0,45.687,45.718
535.478,train:DC2,97.6,339.9453125,17.1,2053.98046875,2178.0,0.0,4286.0,961.0,1161.0,45.625,45.812
535.980,train:DC2,99.7,421.9140625,17.3,2053.98046875,2178.0,0.0,4286.0,961.0,1161.0,46.0,46.0
536.481,train:DC2,101.7,421.9140625,17.0,2057.15234375,2181.0,0.0,4286.0,961.0,1161.0,45.718,45.781
536.983,train:DC2,97.7,421.9140625,17.3,2057.15234375,2181.0,0.0,4286.0,961.0,1161.0,45.781,45.843
537.484,train:DC2,101.7,421.9140625,17.0,2052.82421875,2169.0,0.0,4286.0,961.0,1161.0,45.593,45.718
537.986,train:DC2,99.7,402.98046875,17.9,2052.81640625,2177.0,0.0,4286.0,961.0,1161.0,45.656,45.718
538.488,train:DC3,99.7,421.9140625,17.5,2052.5703125,2169.0,0.0,4286.0,961.0,1161.0,45.625,45.687
538.990,train:DC3,99.6,419.65625,17.0,2052.56640625,2176.0,0.0,4286.0,961.0,1161.0,45.718,45.718
539.491,train:DC3,99.6,408.65625,17.3,2040.421875,2160.0,0.0,4286.0,961.0,1161.0,45.843,45.843
539.993,train:DC3,99.7,399.0703125,17.0,2052.234375,2176.0,0.0,4286.0,961.0,1161.0,45.625,45.656
540.495,train:DC3,101.7,381.15625,17.6,2040.30859375,2164.0,0.0,4286.0,961.0,1161.0,45.625,45.656
540.996,train:DC3,97.7,368.90625,17.2,2050.26953125,2174.0,0.0,4286.0,961.0,1161.0,45.625,45.656
541.498,train:DC3,101.6,348.359375,17.1,2042.5546875,2174.0,0.0,4286.0,961.0,1161.0,45.968,45.968
542.000,train:DC3,97.6,421.9140625,17.5,2050.18359375,2174.0,0.0,4286.0,961.0,1161.0,45.906,45.75
542.501,train:DC4,101.7,346.75,17.3,2044.9765625,2169.0,0.0,4286.0,961.0,1161.0,45.906,45.906
543.003,train:DC4,99.7,421.9140625,16.7,2048.50390625,2172.0,0.0,4286.0,961.0,1161.0,45.625,45.718
543.505,train:DC4,99.7,421.9140625,17.9,2052.1640625,2176.0,0.0,4286.0,961.0,1161.0,45.625,45.687
544.006,train:DC4,99.7,421.9140625,17.0,2060.0390625,2184.0,0.0,4286.0,961.0,1161.0,45.625,45.625
544.508,train:DC4,99.7,421.9140625,17.5,2051.89453125,2176.0,0.0,4286.0,961.0,1161.0,45.812,45.812
545.010,train:DC4,99.7,419.65625,17.0,2051.88671875,2176.0,0.0,4286.0,961.0,1161.0,45.781,45.812
545.511,train:DC4,99.7,411.81640625,17.3,2043.6796875,2163.0,0.0,4286.0,961.0,1161.0,45.625,45.718
546.013,train:DC4,101.7,400.15625,17.5,2051.5546875,2175.0,0.0,4286.0,961.0,1161.0,45.625,45.625
546.514,train:DC4,99.7,383.1484375,17.1,2039.54296875,2163.0,0.0,4286.0,961.0,1161.0,45.593,45.593
547.016,train:DC5,99.7,400.15625,17.0,2039.54296875,2163.0,0.0,4286.0,961.0,1161.0,46.0,46.0
547.517,train:DC5,101.7,387.40625,17.6,2049.50390625,2173.0,0.0,4286.0,961.0,1161.0,45.625,45.625
548.019,train:DC5,97.7,370.54296875,16.7,2035.3984375,2159.0,0.0,4286.0,961.0,1161.0,45.687,45.718
548.521,train:DC5,101.7,354.78125,17.9,2054.8046875,2159.0,0.0,4286.0,961.0,1161.0,45.687,45.718
549.032,train:DC5,99.7,338.84375,16.9,2039.0078125,2179.0,0.0,4286.0,961.0,1161.0,45.625,45.656
549.536,train:DC5,99.2,421.9140625,17.5,2054.46484375,2178.0,0.0,4286.0,961.0,1161.0,45.625,45.625
550.038,train:DC5,99.7,421.9140625,17.0,2054.46484375,2178.0,0.0,4286.0,961.0,1161.0,45.625,45.625
550.539,train:DC5,97.7,421.9140625,17.5,2062.09375,2178.0,0.0,4286.0,961.0,1161.0,45.781,45.781
551.041,train:DC5,101.7,402.98046875,17.0,2062.09375,2186.0,0.0,4286.0,961.0,1161.0,45.843,45.843
551.542,train:DC6,99.7,421.9140625,17.3,2061.84765625,2186.0,0.0,4286.0,961.0,1161.0,45.625,45.687
552.044,train:DC6,99.7,421.9140625,17.3,2061.84765625,2186.0,0.0,4286.0,961.0,1161.0,45.531,45.531
552.546,train:DC6,101.6,414.65625,17.0,2054.12109375,2186.0,0.0,4286.0,961.0,1161.0,45.687,45.687
553.047,train:DC6,99.7,408.65625,17.0,2054.7109375,2178.0,0.0,4326.0,961.0,1161.0,45.937,45.937
553.550,train:DC6,99.5,393.65625,18.5,2040.9375,2178.0,0.0,4286.0,961.0,1161.0,45.656,45.656
554.052,train:DC6,99.6,376.4609375,16.7,2040.703125,2165.0,0.0,4326.0,960.0,1161.0,45.687,45.75
554.554,train:DC6,99.6,362.84375,17.6,2052.234375,2164.0,0.0,4286.0,961.0,1161.0,45.5,45.593
555.056,train:DC6,99.7,341.31640625,17.0,2036.4453125,2176.0,0.0,4286.0,961.0,1161.0,45.593,45.625
555.558,train:DC1,101.6,361.91015625,17.3,2036.4453125,2160.0,0.0,4286.0,961.0,1161.0,45.562,45.625
556.059,train:DC1,99.7,339.953125,17.3,2039.80859375,2160.0,0.0,4253.0,961.0,1161.0,45.75,45.625
556.561,train:DC1,99.7,421.9140625,17.3,2055.23828125,2164.0,0.0,4286.0,961.0,1161.0,45.843,45.843
557.063,train:DC1,99.6,421.9140625,17.0,2055.23828125,2179.0,0.0,4286.0,961.0,1161.0,45.5,45.531
557.565,train:DC1,99.6,421.9140625,17.8,2054.90625,2179.0,0.0,4286.0,961.0,1161.0,45.781,45.781
558.067,train:DC1,101.7,421.9140625,16.4,2054.8984375,2179.0,0.0,4286.0,961.0,1161.0,45.625,45.625
558.568,train:DC1,99.6,419.65625,17.7,2050.234375,2179.0,0.0,4326.0,960.0,1161.0,45.937,45.656
559.070,train:DC1,99.6,408.65625,16.7,2058.1015625,2182.0,0.0,4326.0,960.0,1161.0,45.562,45.562
559.572,train:DC1,97.7,392.21484375,17.3,2050.375,2182.0,0.0,4286.0,961.0,1161.0,45.656,45.656
560.074,train:DC2,101.7,408.703125,16.7,2050.22265625,2174.0,0.0,4286.0,961.0,1161.0,45.718,45.718
560.575,train:DC2,99.6,400.15625,17.6,2034.6796875,2174.0,0.0,4286.0,961.0,1161.0,45.593,45.593
561.077,train:DC2,99.7,387.31640625,17.0,2050.13671875,2174.0,0.0,4286.0,961.0,1161.0,45.437,45.656
561.579,train:DC2,99.7,370.0,17.3,2050.3828125,2174.0,0.0,4286.0,961.0,1161.0,45.531,45.531
562.080,train:DC2,101.7,354.78125,17.3,2034.59375,2174.0,0.0,4286.0,961.0,1161.0,45.75,45.75
562.590,train:DC2,100.1,338.84375,17.3,2057.92578125,2158.0,0.0,4286.0,961.0,1161.0,45.593,45.593
563.094,train:DC2,99.1,421.9140625,16.7,2057.92578125,2182.0,0.0,4286.0,961.0,1161.0,45.625,45.718
563.596,train:DC2,99.7,421.9140625,17.9,2050.7890625,2174.0,0.0,4326.0,961.0,1161.0,45.531,45.562
564.098,train:DC2,99.6,402.98046875,17.8,2050.78125,2175.0,0.0,4286.0,961.0,1161.0,45.843,45.843
564.600,train:DC3,99.6,421.9140625,17.1,2050.53515625,2159.0,0.0,4286.0,1001.0,1161.0,45.5,45.531
565.101,train:DC3,99.7,421.9140625,17.5,2050.53515625,2174.0,0.0,4286.0,961.0,1161.0,45.562,45.562
565.603,train:DC3,99.6,421.9140625,17.0,2058.1640625,2174.0,0.0,4286.0,1001.0,1161.0,45.593,45.718
566.105,train:DC3,99.7,417.4140625,17.8,2058.1640625,2182.0,0.0,4286.0,961.0,1161.0,45.625,45.625
566.607,train:DC3,101.7,408.65625,16.7,2046.328125,2182.0,0.0,4286.0,961.0,1161.0,45.5,45.531
567.109,train:DC3,99.6,393.65625,22.5,2031.27734375,2170.0,0.0,4286.0,961.0,1161.0,45.5,45.593
567.611,train:DC3,99.6,375.03125,37.2,2054.609375,2170.0,33.0,4560.0,1158.0,1198.0,45.812,45.812
568.113,train:DC3,99.6,354.9921875,35.3,2042.3203125,2178.0,22.0,4824.0,1355.0,1196.0,45.687,45.593
568.615,train:DC4,99.6,374.31640625,20.3,2042.3203125,2166.0,5.0,4632.0,1238.0,1198.0,45.625,45.625
569.116,train:DC4,101.6,354.78125,19.7,2045.23828125,2166.0,0.0,4480.0,1080.0,1160.0,45.5,45.656
569.623,train:DC4,100.6,338.84375,19.6,2048.8203125,2169.0,0.0,4400.0,1040.0,1160.0,45.625,45.625
570.128,train:DC4,97.2,421.9140625,20.8,2048.8125,2173.0,0.0,4326.0,1000.0,1161.0,45.531,45.593
570.630,train:DC4,101.6,421.9140625,17.0,2052.48046875,2157.0,0.0,4366.0,1000.0,1161.0,45.687,45.687
571.132,train:DC4,99.6,421.9140625,17.1,2060.35546875,2184.0,0.0,4326.0,1001.0,1161.0,45.656,45.656
571.633,train:DC4,99.7,421.9140625,17.5,2052.2109375,2168.0,0.0,4286.0,961.0,1161.0,45.468,45.718
572.135,train:DC4,99.7,414.6484375,17.7,2052.2109375,2176.0,0.0,4326.0,1000.0,1161.0,45.5,45.5
572.637,train:DC4,101.7,397.1953125,23.6,2036.47265625,2176.0,0.0,4366.0,1000.0,1160.0,45.562,45.625
573.139,train:DC5,99.6,413.15625,35.6,2040.375,2160.0,6.0,4672.0,1275.0,1198.0,45.781,45.781
573.641,train:DC5,99.6,406.41015625,32.8,2040.08984375,2172.0,4.0,4864.0,1472.0,1196.0,45.75,45.75
574.143,train:DC5,99.6,387.40625,19.0,2096.89453125,2171.0,0.0,4632.0,1238.0,1198.0,45.625,45.625
574.645,train:DC5,99.5,370.90625,18.8,2082.83203125,2256.0,0.0,4440.0,1040.0,1160.0,45.531,45.5
575.147,train:DC5,97.6,354.78125,17.8,2119.5703125,2254.0,0.0,4366.0,1000.0,1160.0,45.593,45.718
575.652,train:DC5,101.1,338.84375,18.2,2134.9296875,2247.0,0.0,4326.0,1001.0,1161.0,45.625,45.625
576.154,train:DC5,97.7,421.9140625,17.7,2127.0546875,2259.0,0.0,4286.0,961.0,1161.0,45.406,45.656
576.655,train:DC5,99.6,421.9140625,23.3,2122.84765625,2235.0,0.0,4286.0,961.0,1161.0,45.375,45.562
577.157,train:DC5,99.6,402.98046875,35.9,2099.12109375,2199.0,22.0,4552.0,1198.0,1198.0,45.312,45.656
577.659,train:DC6,99.7,421.9140625,30.2,2118.625,2207.0,43.0,4784.0,1395.0,1196.0,45.625,45.562
578.161,train:DC6,99.6,421.9140625,32.8,2158.28515625,2246.0,22.0,4672.0,1275.0,1196.0,45.281,45.5
578.663,train:DC6,99.6,419.65625,36.5,2158.28515625,2282.0,21.0,4784.0,1315.0,1196.0,45.531,45.625
579.165,train:DC6,99.7,413.15625,23.1,2151.640625,2282.0,0.0,4672.0,1275.0,1196.0,45.625,45.625
579.666,train:DC6,101.6,406.65625,17.9,2151.6328125,2275.0,0.0,4440.0,1078.0,1160.0,45.562,45.593
580.168,train:DC6,99.6,388.82421875,32.7,2127.9765625,2268.0,22.0,4520.0,1118.0,1198.0,45.468,45.562
580.670,train:DC6,99.6,375.03125,36.5,2147.61328125,2263.0,22.0,4712.0,1275.0,1196.0,45.625,45.625
581.173,train:DC6,101.4,354.9921875,36.3,2120.45703125,2260.0,23.0,4784.0,1353.0,1196.0,45.5,45.593
581.675,train:DC1,99.6,370.90625,33.1,2120.45703125,2244.0,8.0,4784.0,1313.0,1196.0,45.531,45.812
582.178,train:DC1,97.5,354.78125,18.3,2106.40234375,2246.0,0.0,4520.0,1118.0,1158.0,45.25,45.593
582.684,train:DC1,100.7,338.84375,18.5,2121.859375,2246.0,0.0,4366.0,1040.0,1160.0,45.531,45.75
583.186,train:DC1,99.5,421.9140625,17.9,2113.21484375,2237.0,0.0,4326.0,1001.0,1161.0,45.625,45.625
583.688,train:DC1,99.6,421.9140625,16.7,2116.3984375,2225.0,0.0,4286.0,961.0,1161.0,45.218,45.687
584.190,train:DC1,101.6,421.9140625,17.7,2108.6015625,2232.0,0.0,4286.0,961.0,1161.0,45.5,45.593
584.692,train:DC1,99.6,421.9140625,20.0,2113.1015625,2221.0,0.0,4366.0,1000.0,1160.0,45.625,45.687
585.194,train:DC1,97.6,414.46875,16.8,2138.9140625,2219.0,0.0,4286.0,961.0,1161.0,45.5,45.625
585.696,train:DC1,99.6,399.76953125,17.3,2142.9140625,2267.0,0.0,4286.0,961.0,1161.0,45.312,45.718
586.198,train:DC2,97.6,414.69921875,17.1,2133.6640625,2257.0,0.0,4286.0,961.0,1161.0,45.437,45.531
586.700,train:DC2,101.6,406.97265625,17.8,2124.62109375,2245.0,0.0,4286.0,961.0,1161.0,45.625,45.625
587.202,train:DC2,99.5,387.40625,33.6,2094.19921875,2195.0,22.0,4560.0,1158.0,1198.0,45.5,45.562
587.704,train:DC2,99.6,372.35546875,35.7,2129.69921875,2253.0,16.0,4784.0,1355.0,1196.0,45.531,45.625
588.206,train:DC2,97.6,354.78125,37.5,2105.19921875,2237.0,22.0,4864.0,1433.0,1194.0,45.687,45.687
588.708,train:DC2,101.5,421.9140625,40.0,2105.7890625,2230.0,22.0,4904.0,1433.0,1194.0,45.656,45.656
589.210,train:DC2,99.7,421.9140625,21.7,2098.21484375,2222.0,0.0,4632.0,1238.0,1198.0,45.656,45.656
589.712,train:DC2,99.6,421.9140625,17.8,2101.8828125,2218.0,0.0,4407.0,1040.0,1160.0,45.625,45.75
590.213,train:DC2,99.6,402.98046875,33.8,2102.24609375,2226.0,22.0,4592.0,1158.0,1198.0,45.562,45.75
590.716,train:DC3,99.6,421.9140625,36.6,2101.875,2218.0,21.0,4704.0,1275.0,1196.0,45.468,45.625
591.218,train:DC3,99.6,421.9140625,19.7,2095.8984375,2220.0,0.0,4520.0,1118.0,1198.0,45.468,45.593
591.720,train:DC3,99.5,419.65625,34.9,2095.65234375,2212.0,22.0,4592.0,1196.0,1198.0,45.625,45.625
592.222,train:DC3,99.5,406.65625,36.1,2078.125,2198.0,21.0,4744.0,1275.0,1196.0,45.812,45.812
592.725,train:DC3,99.6,390.7109375,20.8,2085.75390625,2209.0,0.0,4592.0,1198.0,1198.0,45.625,45.625
593.227,train:DC3,99.6,375.03125,18.6,2065.69921875,2189.0,0.0,4440.0,1080.0,1160.0,45.625,45.812
593.728,train:DC3,99.6,354.78125,36.3,2085.10546875,2201.0,21.0,4632.0,1236.0,1198.0,45.562,45.718
594.246,train:DC3,100.6,338.84375,36.8,2065.70703125,2205.0,20.0,4824.0,1353.0,1196.0,45.656,45.781
594.750,train:DC4,99.1,354.78125,25.7,2065.4609375,2189.0,0.0,4712.0,1315.0,1196.0,45.5,45.625
595.260,train:DC4,100.1,338.84375,18.5,2058.55078125,2198.0,0.0,4440.0,1080.0,1160.0,45.5,45.718
595.762,train:DC4,99.6,421.9140625,18.6,2074.24609375,2198.0,0.0,4400.0,1040.0,1160.0,45.781,45.781
596.264,train:DC4,99.6,421.9140625,36.6,2060.34765625,2184.0,19.0,4712.0,1275.0,1196.0,45.531,45.656
596.766,train:DC4,99.6,421.9140625,36.8,2064.26171875,2188.0,4.0,4904.0,1433.0,1196.0,45.531,45.75
597.267,train:DC4,99.6,419.65625,20.4,2054.1484375,2176.0,0.0,4632.0,1238.0,1198.0,45.468,45.687
597.769,train:DC4,99.6,408.65625,23.8,2060.0546875,2184.0,0.0,4440.0,1080.0,1200.0,45.718,45.781
598.271,train:DC4,99.7,400.15625,19.2,2048.21875,2168.0,0.0,4366.0,1040.0,1160.0,45.625,45.656
598.773,train:DC4,101.6,380.02734375,39.7,2063.72265625,2187.0,26.0,4632.0,1236.0,1198.0,45.562,45.718
599.275,train:DC5,99.6,393.65625,37.5,2049.7734375,2158.0,4.0,4824.0,1393.0,1196.0,45.75,45.75
599.777,train:DC5,99.6,375.03125,24.3,2037.3984375,2137.0,0.0,4592.0,1198.0,1198.0,45.593,45.75
600.279,train:DC5,97.6,354.78125,19.7,2065.890625,2204.0,0.0,4400.0,1040.0,1160.0,45.625,45.687
600.792,train:DC5,99.3,338.84375,20.8,2042.04296875,2205.0,0.0,4366.0,1040.0,1160.0,45.5,45.718
601.297,train:DC5,99.1,421.9140625,36.1,2081.09375,2205.0,4.0,4752.0,1315.0,1196.0,45.781,45.75
601.799,train:DC5,99.6,421.9140625,37.2,2076.90625,2201.0,4.0,4904.0,1472.0,1196.0,46.031,46.031
602.301,train:DC5,97.7,421.9140625,20.8,2079.96484375,2204.0,0.0,4560.0,1198.0,1198.0,45.718,45.625
602.802,train:DC5,99.7,419.65625,19.9,2130.8828125,2247.0,0.0,4400.0,1080.0,1160.0,45.625,45.812
603.304,train:DC5,97.6,401.15234375,21.1,2057.328125,2179.0,0.0,4360.0,1040.0,1160.0,45.531,45.781
603.806,train:DC6,101.6,417.65625,41.1,2078.80078125,2191.0,21.0,4752.0,1275.0,1196.0,45.687,45.687
604.308,train:DC6,97.6,407.03515625,41.7,2066.96484375,2191.0,19.0,4904.0,1433.0,1196.0,45.593,45.75
604.810,train:DC6,99.6,393.65625,25.4,2090.34375,2214.0,0.0,4632.0,1238.0,1198.0,45.625,45.656
605.312,train:DC6,99.6,380.91015625,23.0,2074.60546875,2198.0,0.0,4440.0,1080.0,1160.0,45.843,45.843
605.814,train:DC6,101.6,364.40625,21.1,2082.19921875,2206.0,0.0,4366.0,1040.0,1160.0,45.625,45.656
606.316,train:DC6,97.6,346.75,36.1,2066.4609375,2190.0,4.0,4792.0,1355.0,1196.0,45.812,45.812
606.818,train:DC6,99.7,421.9140625,35.4,2077.984375,2202.0,3.0,4904.0,1472.0,1194.0,45.781,45.781
607.320,train:DC6,99.7,421.9140625,19.3,2085.35546875,2209.0,0.0,4520.0,1158.0,1158.0,45.906,45.906
607.821,train:DC6,101.7,402.98046875,18.5,2069.765625,2209.0,0.0,4520.0,1158.0,1158.0,45.906,45.906
608.323,train:DC1,99.7,421.9140625,18.2,2078.578125,2193.0,0.0,4400.0,1040.0,1160.0,45.687,45.687
608.825,train:DC1,97.6,421.9140625,36.2,2080.43359375,2202.0,32.0,4366.0,1040.0,1160.0,45.656,45.656
609.328,train:DC1,99.3,421.9140625,35.5,2073.75,2204.0,21.0,4752.0,1315.0,1196.0,45.906,45.906
609.831,train:DC1,101.4,414.5859375,38.5,2073.75,2197.0,23.0,4864.0,1433.0,1196.0,46.062,46.062
610.334,train:DC1,99.6,406.65625,29.2,2056.48046875,2197.0,26.0,4904.0,1433.0,1194.0,45.843,45.843
610.835,train:DC1,99.6,393.65625,22.4,2071.24609375,2183.0,0.0,4632.0,1236.0,1198.0,45.75,45.875
611.337,train:DC1,99.6,375.03125,20.9,2057.421875,2195.0,0.0,4440.0,1080.0,1200.0,45.625,45.718
611.840,train:DC1,99.4,354.9921875,36.6,2072.796875,2181.0,24.0,4480.0,1080.0,1200.0,45.718,45.718
612.342,train:DC2,99.6,373.03125,35.1,2063.4140625,2197.0,4.0,4784.0,1355.0,1196.0,45.906,45.906
612.844,train:DC2,99.6,354.78125,19.4,2066.95703125,2187.0,0.0,4824.0,1395.0,1196.0,45.781,45.781
613.352,train:DC2,100.5,338.84375,16.9,2049.71484375,2191.0,0.0,4440.0,1120.0,1160.0,45.812,45.812
613.853,train:DC2,99.6,421.9140625,19.9,2065.171875,2173.0,0.0,4326.0,1000.0,1161.0,45.562,45.906
614.356,train:DC2,97.4,421.9140625,36.0,2067.15234375,2175.0,22.0,4440.0,1080.0,1160.0,45.718,45.843
614.858,train:DC2,101.6,421.9140625,33.6,2067.15234375,2191.0,21.0,4752.0,1315.0,1196.0,45.718,45.906
615.360,train:DC2,99.6,419.65625,17.0,2069.33984375,2190.0,0.0,4672.0,1275.0,1196.0,45.687,45.812
615.862,train:DC2,99.6,409.87109375,17.3,2069.33984375,2193.0,0.0,4407.0,1040.0,1160.0,45.75,45.781
616.364,train:DC2,99.7,392.21484375,17.3,2060.640625,2193.0,0.0,4326.0,1001.0,1161.0,45.625,45.718
616.865,train:DC3,99.6,410.9296875,17.6,2060.6328125,2184.0,0.0,4326.0,960.0,1160.0,45.812,45.843
617.367,train:DC3,99.6,400.15625,17.0,2044.37109375,2185.0,0.0,4286.0,961.0,1161.0,45.812,45.812
617.869,train:DC3,99.6,383.15625,17.3,2067.703125,2184.0,0.0,4253.0,961.0,1161.0,45.625,45.937
618.371,train:DC3,99.6,368.90625,17.0,2059.29296875,2191.0,0.0,4286.0,961.0,1161.0,45.625,45.843
618.873,train:DC3,99.7,354.71484375,17.6,2059.29296875,2183.0,0.0,4246.0,961.0,1161.0,45.468,45.812
619.388,train:DC3,100.9,338.84375,17.2,2043.6015625,2183.0,0.0,4286.0,961.0,1161.0,45.906,45.906
619.893,train:DC3,99.1,421.9140625,17.3,2066.765625,2167.0,0.0,4246.0,961.0,1161.0,45.562,45.75
620.395,train:DC3,99.5,421.9140625,17.0,2058.08203125,2182.0,0.0,4286.0,961.0,1161.0,45.5,45.718
620.897,train:DC3,99.6,402.98046875,16.8,2058.41796875,2182.0,0.0,4286.0,961.0,1161.0,45.781,45.875
621.399,train:DC4,101.6,421.9140625,17.0,2065.04296875,2165.0,0.0,4246.0,961.0,1161.0,45.968,45.968
621.901,train:DC4,97.6,421.9140625,17.5,2065.04296875,2189.0,0.0,4286.0,960.0,1161.0,45.625,45.812
622.402,train:DC4,101.6,421.9140625,16.8,2057.23046875,2189.0,0.0,4286.0,961.0,1161.0,45.718,45.781
622.904,train:DC4,97.7,414.9609375,17.3,2057.328125,2181.0,0.0,4286.0,961.0,1161.0,45.625,45.968
623.406,train:DC4,101.6,406.9765625,17.3,2045.5,2181.0,0.0,4286.0,961.0,1161.0,45.718,45.906
623.908,train:DC4,97.6,393.65625,17.0,2068.87890625,2185.0,0.0,4286.0,961.0,1161.0,45.656,45.843
624.410,train:DC4,101.6,375.03125,18.9,2052.8984375,2192.0,0.0,4286.0,961.0,1161.0,45.625,45.812
624.912,train:DC4,97.6,358.31640625,17.3,2057.046875,2181.0,0.0,4286.0,961.0,1161.0,45.906,45.906
625.414,train:DC5,101.6,375.03125,17.1,2041.42578125,2181.0,0.0,4286.0,961.0,1161.0,45.656,45.75
625.916,train:DC5,99.6,359.25,17.3,2064.5078125,2181.0,0.0,4286.0,961.0,1161.0,45.812,45.906
626.418,train:DC5,99.6,338.84765625,17.9,2056.78125,2188.0,0.0,4286.0,961.0,1161.0,45.593,45.875
626.920,train:DC5,99.6,421.9140625,17.0,2056.8671875,2180.0,0.0,4286.0,961.0,1161.0,45.625,45.812
627.421,train:DC5,99.7,421.9140625,17.1,2064.40234375,2165.0,0.0,4326.0,960.0,1161.0,45.531,45.906
627.923,train:DC5,99.7,421.9140625,17.3,2064.40234375,2188.0,0.0,4286.0,961.0,1161.0,45.531,45.75
628.425,train:DC5,99.7,421.9140625,17.3,2057.265625,2180.0,0.0,4286.0,961.0,1161.0,45.812,45.875
628.926,train:DC5,99.7,414.0625,17.3,2057.265625,2181.0,0.0,4286.0,961.0,1161.0,45.687,45.781
629.428,train:DC5,99.6,397.20703125,17.0,2041.4765625,2181.0,0.0,4286.0,961.0,1161.0,45.75,45.937
629.930,train:DC6,99.7,413.921875,17.3,2057.671875,2166.0,0.0,4286.0,961.0,1161.0,45.625,45.812
630.432,train:DC6,99.7,406.65625,17.3,2051.79296875,2181.0,0.0,4286.0,961.0,1161.0,45.625,45.875
630.934,train:DC6,99.6,393.65625,17.0,2059.3671875,2183.0,0.0,4286.0,961.0,1161.0,45.656,45.718
631.436,train:DC6,99.6,377.5,17.3,2043.578125,2183.0,0.0,4286.0,961.0,1161.0,45.5,45.812
631.937,train:DC6,101.6,362.84375,17.6,2059.03515625,2183.0,0.0,4286.0,961.0,1161.0,45.812,45.812
632.439,train:DC6,99.7,344.953125,16.4,2046.94140625,2183.0,0.0,4286.0,961.0,1161.0,45.625,45.781
632.941,train:DC6,97.6,421.9140625,17.3,2062.3671875,2171.0,0.0,4326.0,961.0,1161.0,45.656,45.812
633.443,train:DC6,101.7,421.9140625,17.0,2058.18359375,2178.0,0.0,4286.0,961.0,1161.0,45.531,45.812
633.945,train:DC6,99.6,402.98046875,17.5,2058.17578125,2182.0,0.0,4286.0,961.0,1161.0,45.875,45.687
634.447,train:DC1,97.6,421.9140625,17.3,2057.9296875,2166.0,0.0,4253.0,961.0,1161.0,45.687,45.75
634.948,train:DC1,101.7,421.9140625,17.3,2057.9296875,2182.0,0.0,4286.0,961.0,1161.0,45.625,45.718
635.450,train:DC1,99.7,421.9140625,17.1,2061.125,2169.0,0.0,4286.0,961.0,1161.0,45.781,45.781
635.952,train:DC1,99.7,417.65625,17.5,2060.96875,2185.0,0.0,4246.0,961.0,1161.0,45.625,45.843
636.454,train:DC1,99.6,408.33203125,16.8,2048.5390625,2185.0,0.0,4286.0,961.0,1161.0,45.687,45.843
636.956,train:DC1,99.6,393.65625,17.0,2064.01953125,2188.0,0.0,4253.0,961.0,1161.0,45.5,45.781
637.458,train:DC1,99.6,375.03125,34.7,2052.171875,2188.0,22.0,4520.0,1120.0,1200.0,45.687,45.687
637.959,train:DC1,99.6,351.45703125,38.5,2047.4453125,2183.0,6.0,4824.0,1355.0,1196.0,46.031,45.968
638.462,train:DC2,99.6,368.90625,22.7,2047.4375,2171.0,0.0,4752.0,1315.0,1196.0,45.875,45.875
638.963,train:DC2,99.6,351.1953125,18.4,2050.984375,2187.0,0.0,4480.0,1118.0,1160.0,45.812,45.875
639.465,train:DC2,99.6,421.9140625,33.7,2058.4609375,2182.0,8.0,4632.0,1198.0,1198.0,45.937,45.937
639.967,train:DC2,99.6,421.9140625,35.6,2058.4609375,2182.0,20.0,4864.0,1433.0,1196.0,45.843,45.843
640.470,train:DC2,99.6,421.9140625,22.1,2061.70703125,2170.0,0.0,4712.0,1315.0,1198.0,45.687,45.843
640.971,train:DC2,99.6,421.9140625,17.5,2061.70703125,2185.0,0.0,4400.0,1080.0,1160.0,45.562,45.843
641.473,train:DC2,99.6,417.65625,19.8,2057.16796875,2173.0,0.0,4366.0,1040.0,1160.0,46.125,45.781
641.975,train:DC2,101.6,406.65625,33.0,2057.16796875,2181.0,8.0,4560.0,1198.0,1198.0,45.843,45.843
642.477,train:DC2,99.6,385.30859375,35.3,2044.73828125,2168.0,4.0,4784.0,1395.0,1196.0,45.687,46.031
642.979,train:DC3,99.6,402.15625,22.3,2044.58984375,2168.0,0.0,4632.0,1275.0,1198.0,45.843,45.843
643.481,train:DC3,99.6,387.40625,17.4,2052.23046875,2184.0,0.0,4480.0,1078.0,1158.0,45.906,46.031
643.983,train:DC3,99.6,369.25,18.1,2048.640625,2180.0,0.0,4400.0,1040.0,1160.0,45.781,45.875
644.485,train:DC3,99.6,349.296875,33.8,2048.47265625,2180.0,27.0,4592.0,1198.0,1198.0,45.906,45.968
644.987,train:DC3,97.6,421.9140625,36.2,2056.03515625,2180.0,15.0,4824.0,1393.0,1196.0,45.687,45.843
645.489,train:DC3,101.6,421.9140625,23.9,2061.94140625,2186.0,0.0,4672.0,1275.0,1198.0,45.812,45.843
645.991,train:DC3,99.5,421.9140625,17.3,2061.85546875,2186.0,0.0,4407.0,1040.0,1160.0,45.75,45.843
646.493,train:DC3,99.6,421.9140625,17.9,2057.6484375,2174.0,0.0,4326.0,1001.0,1161.0,45.656,45.843
646.995,train:DC3,99.6,402.98046875,35.7,2057.6484375,2181.0,13.0,4632.0,1277.0,1198.0,45.781,45.781
647.497,train:DC4,99.6,421.9140625,39.0,2057.40234375,2169.0,4.0,4864.0,1433.0,1196.0,45.906,45.906
647.999,train:DC4,99.6,413.15625,24.0,2057.40234375,2181.0,0.0,4632.0,1238.0,1198.0,45.812,45.812
648.501,train:DC4,99.6,405.8046875,21.7,2045.4765625,2169.0,0.0,4400.0,1080.0,1160.0,45.625,45.781
649.003,train:DC4,99.6,387.40625,19.4,2060.8125,2185.0,0.0,4366.0,1040.0,1160.0,45.843,45.843
649.504,train:DC4,99.6,368.90625,34.0,2048.96875,2173.0,21.0,4552.0,1158.0,1198.0,45.843,45.843
650.006,train:DC4,99.5,346.75,37.0,2037.8203125,2177.0,22.0,4744.0,1275.0,1196.0,45.812,45.968
650.509,train:DC4,99.6,421.9140625,36.5,2053.27734375,2177.0,22.0,4824.0,1393.0,1196.0,45.812,45.937
651.011,train:DC4,99.6,421.9140625,29.5,2061.15234375,2185.0,0.0,4744.0,1355.0,1196.0,45.75,45.843
651.514,train:DC4,101.5,402.98046875,18.1,2056.44921875,2180.0,0.0,4440.0,1080.0,1160.0,45.718,45.718
652.016,train:DC5,99.6,421.9140625,17.9,2063.9375,2188.0,0.0,4326.0,1000.0,1161.0,45.656,45.843
652.517,train:DC5,99.7,421.9140625,35.2,2065.80859375,2190.0,21.0,4592.0,1198.0,1198.0,45.843,45.843
653.019,train:DC5,99.5,419.65625,36.0,2065.80859375,2190.0,24.0,4744.0,1315.0,1196.0,45.843,45.843
653.521,train:DC5,97.6,411.15625,26.2,2053.97265625,2178.0,0.0,4592.0,1238.0,1198.0,45.843,45.843
654.023,train:DC5,101.6,400.15625,17.9,2057.6640625,2181.0,0.0,4366.0,1040.0,1160.0,45.875,45.937
654.525,train:DC5,99.6,384.6953125,18.5,2041.8671875,2166.0,0.0,4326.0,1000.0,1161.0,45.625,45.843
655.027,train:DC5,99.6,362.84375,36.7,2045.23046875,2169.0,7.0,4632.0,1198.0,1198.0,45.687,45.843
655.529,train:DC5,99.6,339.92578125,36.9,2060.6875,2184.0,8.0,4824.0,1393.0,1196.0,45.812,45.812
656.031,train:DC6,99.6,359.390625,23.3,2052.9609375,2177.0,0.0,4560.0,1198.0,1158.0,45.656,45.843
656.533,train:DC6,99.6,338.9921875,17.3,2060.44140625,2184.0,0.0,4366.0,1040.0,1160.0,45.812,45.812
657.035,train:DC6,99.7,421.9140625,18.5,2060.44140625,2184.0,0.0,4326.0,1001.0,1161.0,45.781,46.0
657.537,train:DC6,99.6,421.9140625,35.0,2060.35546875,2184.0,22.0,4672.0,1275.0,1198.0,45.906,45.968
658.039,train:DC6,99.6,421.9140625,36.6,2060.35546875,2184.0,4.0,4824.0,1393.0,1196.0,45.937,45.968
658.541,train:DC6,99.6,419.65625,24.1,2063.87890625,2188.0,0.0,4560.0,1158.0,1198.0,45.781,46.0
659.042,train:DC6,99.6,409.71875,17.7,2063.87109375,2188.0,0.0,4366.0,1040.0,1160.0,45.656,45.781
659.544,train:DC6,99.7,400.15625,20.8,2056.14453125,2188.0,0.0,4366.0,1040.0,1160.0,45.656,45.781
660.046,train:DC6,101.6,378.921875,34.2,2041.921875,2180.0,0.0,4366.0,1000.0,1160.0,45.656,45.906
660.548,fusion_fit,97.7,310.27734375,34.6,2007.77734375,2166.0,4.0,4752.0,1355.0,1196.0,45.968,45.968
661.049,fusion_fit,99.6,387.37109375,20.0,2055.67578125,2131.0,4.0,4824.0,1472.0,1156.0,46.093,46.093
661.552,fusion_fit,99.4,393.16796875,18.2,2032.16015625,2179.0,0.0,4592.0,1158.0,1198.0,45.843,45.843
662.054,fusion_fit,99.6,389.79296875,34.4,2028.8984375,2156.0,0.0,4520.0,1038.0,1198.0,45.812,46.0
662.556,fusion_fit,101.6,345.79296875,35.3,2008.87890625,2157.0,5.0,4904.0,1355.0,1236.0,45.906,45.937
663.058,fusion_fit,99.6,381.15625,21.3,2044.3828125,2133.0,4.0,4984.0,1433.0,1234.0,45.906,45.906
663.560,fusion_fit,97.6,399.6875,18.5,2037.1015625,2168.0,0.0,4632.0,1118.0,1198.0,45.718,45.968
664.062,fusion_fit,101.7,393.16796875,17.1,2033.09765625,2161.0,0.0,4480.0,998.0,1200.0,45.781,45.906
664.564,fusion_fit,99.7,352.82421875,35.6,2009.0625,2157.0,5.0,4440.0,1000.0,1200.0,46.093,46.093
665.066,fusion_fit,97.6,411.91015625,37.6,2052.44140625,2140.0,34.0,4744.0,1275.0,1196.0,45.812,45.812
665.568,fusion_fit,101.6,404.53125,36.9,2042.421875,2176.0,24.0,5023.0,1393.0,1234.0,45.968,45.968
666.070,fusion_fit,99.6,404.28125,29.3,2042.13671875,2172.0,24.0,5023.0,1433.0,1234.0,46.25,46.25
666.572,fusion_fit,99.6,351.96875,17.6,2028.36328125,2166.0,0.0,4792.0,1236.0,1236.0,45.843,46.0
667.074,fusion_fit,99.6,391.99609375,17.7,2051.8671875,2153.0,0.0,4520.0,1078.0,1200.0,45.687,45.937
667.576,fusion_fit,99.6,411.109375,35.8,2056.11328125,2156.0,8.0,4520.0,1038.0,1198.0,45.781,45.906
668.078,fusion_fit,99.6,404.38671875,36.2,2042.09375,2180.0,5.0,4864.0,1275.0,1236.0,45.843,46.031
668.580,fusion_fit,99.6,349.32421875,21.7,2029.78515625,2166.0,4.0,4984.0,1433.0,1234.0,45.875,45.937
669.082,fusion_fit,99.5,414.18359375,23.2,2053.78515625,2154.0,0.0,4600.0,1158.0,1198.0,45.75,46.0
669.584,fusion_fit,99.6,411.859375,17.9,2049.39453125,2149.0,0.0,4520.0,1038.0,1200.0,45.718,45.937
670.086,fusion_fit,99.6,404.28125,35.7,2045.75390625,2173.0,23.0,4560.0,1078.0,1198.0,45.968,45.968
670.588,fusion_fit,99.6,352.203125,39.7,2031.01953125,2169.0,24.0,4904.0,1313.0,1236.0,46.187,46.187
671.090,fusion_fit,101.6,410.41015625,37.7,2050.48828125,2162.0,22.0,4984.0,1393.0,1234.0,46.0,46.0
671.592,fusion_fit,99.6,410.39453125,21.8,2048.47265625,2156.0,0.0,4904.0,1353.0,1236.0,46.0,46.0
672.094,fusion_fit,99.6,404.6171875,20.5,2042.46484375,2172.0,0.0,4560.0,1078.0,1198.0,45.968,46.093
672.601,fusion_fit,102.5,329.53125,19.3,2032.26171875,2172.0,0.0,4520.0,1038.0,1198.0,45.812,46.0
673.128,fusion_fit,96.9,401.171875,35.8,2039.765625,2156.0,18.0,4480.0,1118.0,1200.0,45.968,45.968
673.630,fusion_fit,99.6,393.859375,36.4,2041.640625,2175.0,24.0,4744.0,1275.0,1196.0,45.906,46.031
674.132,fusion_fit,99.6,394.01171875,22.1,2037.640625,2165.0,5.0,4904.0,1393.0,1234.0,45.875,46.062
674.634,fusion_fit,99.5,366.01171875,18.0,2027.74609375,2165.0,0.0,4600.0,1118.0,1198.0,45.875,45.937
675.136,fusion_fit,99.6,370.9375,17.4,2021.3515625,2151.0,0.0,4480.0,1038.0,1200.0,45.843,46.093
675.638,fusion_fit,99.6,369.52734375,16.8,2027.07421875,2157.0,0.0,4480.0,998.0,1200.0,45.906,45.937
676.145,fusion_fit,100.6,332.8203125,21.3,2019.3125,2155.0,0.0,4400.0,960.0,1200.0,46.156,46.156
676.675,fusion_fit,98.1,401.515625,36.0,2039.3125,2143.0,21.0,4520.0,1158.0,1198.0,46.031,46.031
677.177,fusion_fit,99.5,371.2109375,37.0,2015.29296875,2163.0,22.0,4784.0,1315.0,1196.0,45.968,45.968
677.679,fusion_fit,99.6,374.015625,29.2,2027.0703125,2155.0,9.0,4904.0,1393.0,1234.0,46.062,46.062
678.182,fusion_fit,101.5,337.12890625,18.6,2022.921875,2163.0,0.0,4632.0,1158.0,1198.0,45.812,46.062
678.684,fusion_fit,97.6,352.89453125,20.9,2019.93359375,2147.0,0.0,4520.0,1038.0,1198.0,45.875,45.968
679.186,fusion_fit,101.5,334.63671875,35.8,2027.5625,2155.0,20.0,4632.0,1158.0,1198.0,45.781,46.0
679.688,fusion_fit,99.6,333.34765625,35.8,2035.10546875,2151.0,8.0,4904.0,1393.0,1236.0,45.968,46.187
680.191,fusion_fit,99.4,333.8515625,17.1,2028.38671875,2159.0,0.0,4752.0,1317.0,1198.0,46.187,46.187
680.693,fusion_fit,97.6,333.8515625,17.9,2028.38671875,2152.0,0.0,4333.0,1041.0,1161.0,45.75,45.937
681.196,fusion_fit,97.5,333.8515625,20.2,2020.55859375,2152.0,0.0,4179.0,963.0,1123.0,45.875,45.937
681.699,fusion_fit,99.4,333.8515625,36.5,2016.58984375,2144.0,22.0,4366.0,1120.0,1160.0,45.906,46.031
682.201,fusion_fit,99.6,333.8515625,35.8,2013.734375,2140.0,22.0,4672.0,1395.0,1156.0,45.875,46.031
682.703,fusion_fit,97.6,333.8515625,24.4,2013.734375,2137.0,11.0,4744.0,1472.0,1156.0,45.937,46.125
683.206,fusion_fit,101.4,333.8515625,17.9,2007.28125,2137.0,0.0,4326.0,1121.0,1121.0,45.812,45.968
683.709,fusion_fit,97.6,333.8515625,17.4,2007.28125,2131.0,0.0,4173.0,1003.0,1123.0,46.0,46.0
684.211,fusion_fit,99.5,333.8515625,18.9,2002.33984375,2131.0,0.0,4173.0,963.0,1123.0,45.843,46.0
684.713,fusion_fit,97.6,333.8515625,22.0,2002.33984375,2126.0,0.0,4173.0,1003.0,1123.0,45.937,46.0
685.216,fusion_fit,99.4,333.8515625,35.9,1996.234375,2120.0,4.0,4480.0,1238.0,1160.0,45.781,46.0
685.719,fusion_fit,101.4,333.8515625,33.7,1996.48046875,2120.0,4.0,4712.0,1435.0,1156.0,46.093,46.093
686.222,fusion_fit,99.3,333.8515625,22.9,1992.2265625,2116.0,0.0,4440.0,1200.0,1160.0,46.031,46.031
686.725,fusion_fit,99.5,333.8515625,27.9,1992.2265625,2116.0,0.0,4253.0,1041.0,1121.0,46.0,46.0
687.227,fusion_fit,99.6,333.8515625,37.1,1988.22265625,2112.0,19.0,4520.0,1238.0,1158.0,46.031,46.218
687.729,fusion_fit,99.7,333.8515625,33.2,1988.22265625,2112.0,8.0,4712.0,1435.0,1156.0,46.093,46.093
688.230,fusion_fit,99.6,333.8515625,17.9,1986.22265625,2110.0,0.0,4440.0,1200.0,1160.0,45.968,46.031
688.732,fusion_fit,99.6,333.8515625,19.1,1986.46875,2110.0,0.0,4253.0,1041.0,1121.0,45.968,45.968
689.234,fusion_fit,99.6,333.8515625,22.0,1984.22265625,2108.0,0.0,4213.0,1003.0,1123.0,46.093,46.093
689.736,fusion_fit,99.7,333.8515625,35.5,1984.46875,2108.0,8.0,4520.0,1277.0,1160.0,46.343,46.343
690.238,fusion_fit,99.5,333.8515625,32.2,1980.22265625,2104.0,4.0,4712.0,1435.0,1156.0,46.093,46.125
690.741,fusion_fit,99.4,333.8515625,18.5,1980.22265625,2104.0,0.0,4440.0,1200.0,1160.0,46.093,46.093
691.244,fusion_fit,99.5,333.8515625,17.3,1978.21484375,2102.0,0.0,4253.0,1041.0,1123.0,46.031,46.031
691.745,fusion_fit,99.6,333.8515625,22.8,1978.4609375,2102.0,0.0,4179.0,963.0,1123.0,45.843,46.031
692.248,fusion_fit,101.5,333.8515625,35.3,1976.44921875,2100.0,11.0,4520.0,1238.0,1160.0,46.062,46.062
692.750,fusion_fit,99.6,333.8515625,33.1,1976.94140625,2100.0,4.0,4704.0,1435.0,1156.0,46.062,46.062
693.252,fusion_fit,97.6,333.8515625,21.4,1976.94140625,2101.0,0.0,4440.0,1200.0,1160.0,46.25,46.25
693.754,fusion_fit,99.6,333.8515625,20.1,1976.94140625,2101.0,0.0,4286.0,1081.0,1121.0,46.031,46.125
694.256,fusion_fit,99.6,333.8515625,23.8,1974.19921875,2098.0,0.0,4213.0,1003.0,1123.0,45.906,46.125
694.759,fusion_fit,99.4,333.8515625,36.8,1974.19921875,2098.0,20.0,4520.0,1238.0,1158.0,45.968,46.093
695.263,fusion_fit,99.3,333.8515625,35.1,1972.19921875,2096.0,18.0,4704.0,1395.0,1156.0,46.062,46.062
695.766,fusion_fit,101.4,333.8515625,19.0,1972.19921875,2096.0,0.0,4480.0,1240.0,1160.0,46.0,46.0
696.268,fusion_fit,99.5,333.8515625,21.8,1972.41796875,2096.0,0.0,4326.0,1081.0,1121.0,46.093,45.937
696.770,fusion_fit,99.6,333.8515625,20.6,1972.6640625,2096.0,0.0,4293.0,1041.0,1121.0,46.187,46.187
697.271,fusion_fit,99.7,333.8515625,30.7,1972.30859375,2096.0,0.0,4213.0,1003.0,1123.0,46.031,46.093
697.774,fusion_fit,99.4,333.8515625,39.2,1972.30859375,2096.0,4.0,4592.0,1317.0,1158.0,46.125,46.125
698.277,fusion_fit,99.5,333.8515625,35.9,1970.17578125,2094.0,4.0,4744.0,1475.0,1156.0,46.093,46.187
698.779,fusion_fit,101.6,333.8515625,19.7,1970.17578125,2094.0,0.0,4407.0,1160.0,1160.0,45.812,46.093
699.281,fusion_fit,97.5,333.8515625,17.3,1970.17578125,2094.0,0.0,4213.0,1003.0,1123.0,46.093,45.968
699.783,fusion_fit,99.7,333.8515625,23.0,1970.17578125,2094.0,0.0,4139.0,963.0,1123.0,45.75,45.937
700.286,fusion_fit,99.3,333.8515625,35.2,1970.17578125,2094.0,22.0,4480.0,1198.0,1158.0,46.031,46.031
700.789,fusion_fit,99.4,333.8515625,36.3,1970.17578125,2094.0,21.0,4672.0,1395.0,1156.0,46.093,46.125
701.291,fusion_fit,99.5,333.8515625,35.8,1970.17578125,2094.0,4.0,4744.0,1472.0,1156.0,45.968,46.031
701.794,fusion_fit,97.5,333.8515625,20.2,1970.421875,2094.0,0.0,4480.0,1238.0,1158.0,45.875,45.968
702.295,fusion_fit,99.7,333.8515625,18.0,1970.4140625,2094.0,0.0,4213.0,1041.0,1123.0,45.937,46.125
702.797,fusion_fit,99.6,333.8515625,23.4,1970.4140625,2094.0,11.0,4173.0,1003.0,1123.0,46.093,46.093
703.300,fusion_fit,99.5,333.8515625,35.3,1970.4140625,2094.0,5.0,4592.0,1357.0,1158.0,45.906,46.125
703.802,fusion_fit,99.6,333.8515625,30.8,1970.4140625,2094.0,4.0,4704.0,1475.0,1156.0,45.843,46.031
704.306,fusion_fit,99.3,333.8515625,17.1,1970.4140625,2094.0,0.0,4286.0,1121.0,1121.0,46.031,46.062
704.808,fusion_fit,97.6,333.8515625,21.0,1970.4140625,2094.0,0.0,4213.0,1003.0,1123.0,45.812,45.875
705.310,fusion_fit,99.6,333.8515625,24.9,1970.09375,2094.0,4.0,4213.0,1001.0,1123.0,45.718,46.0
705.812,fusion_fit,99.6,333.8515625,35.6,1970.09375,2094.0,4.0,4592.0,1357.0,1158.0,45.906,46.0
706.314,fusion_fit,99.6,333.8515625,30.9,1970.015625,2094.0,2.0,4704.0,1435.0,1156.0,46.093,46.093
706.816,fusion_fit,99.6,333.8515625,17.8,1970.015625,2094.0,0.0,4366.0,1120.0,1121.0,45.875,45.937
707.318,fusion_fit,99.5,333.8515625,17.1,1970.0078125,2094.0,0.0,4213.0,1003.0,1123.0,45.843,46.031
707.820,fusion_fit,99.7,333.8515625,23.9,1970.0078125,2094.0,19.0,4253.0,1041.0,1121.0,46.031,46.156
708.322,fusion_fit,99.6,333.8515625,37.2,1970.0078125,2094.0,22.0,4592.0,1315.0,1158.0,46.343,46.343
708.824,fusion_fit,99.6,333.8515625,35.9,1970.0078125,2094.0,19.0,4704.0,1435.0,1156.0,46.156,46.156
709.326,fusion_fit,101.6,333.8515625,24.3,1970.0078125,2094.0,0.0,4520.0,1277.0,1158.0,46.062,46.062
709.828,fusion_fit,99.6,333.8515625,18.3,1970.0078125,2094.0,0.0,4286.0,1081.0,1121.0,46.031,46.187
710.330,fusion_fit,99.6,333.8515625,17.4,1970.0,2094.0,0.0,4213.0,1003.0,1123.0,46.281,46.281
710.832,fusion_fit,99.6,333.8515625,18.0,1970.0,2094.0,0.0,4173.0,1003.0,1123.0,45.875,46.187
711.334,fusion_fit,99.7,333.8515625,18.4,1970.0,2094.0,0.0,4173.0,1003.0,1123.0,46.093,46.093
711.836,fusion_fit,99.5,333.8515625,17.5,1970.0,2094.0,0.0,4213.0,1001.0,1121.0,45.875,46.187
712.338,fusion_fit,99.7,333.8515625,19.2,1969.9921875,2094.0,0.0,4253.0,1001.0,1121.0,45.968,46.093
712.840,fusion_fit,99.6,333.8515625,26.0,1969.9921875,2094.0,13.0,4407.0,1120.0,1161.0,45.812,46.031
713.343,fusion_fit,99.4,333.8515625,36.4,1969.9921875,2094.0,4.0,4672.0,1395.0,1156.0,46.031,46.031
713.846,fusion_fit,99.4,333.8515625,29.3,1969.9921875,2094.0,0.0,4592.0,1317.0,1158.0,45.75,46.062
714.348,fusion_fit,99.6,333.8515625,17.7,1969.9921875,2094.0,0.0,4253.0,1041.0,1121.0,45.781,46.125
714.849,fusion_fit,97.7,333.8515625,17.5,1969.9921875,2094.0,0.0,4213.0,1003.0,1123.0,45.75,46.031
715.352,fusion_fit,99.5,333.8515625,24.7,1969.9921875,2094.0,10.0,4366.0,1120.0,1160.0,45.781,46.031
715.854,fusion_fit,101.6,333.8515625,35.4,1969.9921875,2094.0,4.0,4672.0,1395.0,1156.0,45.906,46.031
716.356,fusion_fit,99.6,333.8515625,31.0,1969.9921875,2094.0,0.0,4592.0,1317.0,1158.0,46.0,46.0
716.858,fusion_fit,99.6,333.8515625,19.2,1969.9921875,2094.0,0.0,4592.0,1317.0,1158.0,46.0,46.0
717.360,fusion_fit,99.6,333.8515625,22.0,1969.9921875,2094.0,0.0,4293.0,1081.0,1121.0,45.781,45.906
717.862,fusion_fit,97.6,333.8515625,30.9,1969.9921875,2094.0,0.0,4253.0,1041.0,1121.0,46.031,46.031
718.364,fusion_fit,99.6,333.8515625,37.0,1969.984375,2094.0,4.0,4480.0,1200.0,1160.0,46.437,46.437
718.866,fusion_fit,99.6,333.8515625,29.4,1969.984375,2094.0,4.0,4712.0,1435.0,1156.0,46.031,46.093
719.369,fusion_fit,99.4,333.8515625,19.1,1969.984375,2094.0,0.0,4520.0,1277.0,1158.0,45.812,46.062
719.872,fusion_fit,99.6,333.8515625,17.8,1969.984375,2094.0,0.0,4326.0,1081.0,1121.0,45.75,45.968
720.373,fusion_fit,99.7,333.8515625,26.0,1969.9765625,2094.0,0.0,4213.0,1041.0,1123.0,46.125,46.125
720.876,fusion_fit,99.5,333.8515625,36.0,1969.9765625,2094.0,8.0,4480.0,1240.0,1160.0,46.0,46.0
721.378,fusion_fit,99.6,333.8515625,29.3,1969.9765625,2094.0,4.0,4712.0,1435.0,1156.0,46.031,46.031
721.880,fusion_fit,99.5,333.8515625,17.0,1969.9765625,2094.0,0.0,4520.0,1277.0,1160.0,45.843,46.125
722.383,fusion_fit,99.5,333.8515625,19.6,1969.9765625,2094.0,0.0,4213.0,1041.0,1123.0,45.812,46.156
722.885,fusion_fit,97.6,333.8515625,26.2,1969.9765625,2094.0,0.0,4213.0,1003.0,1123.0,45.781,46.0
723.387,fusion_fit,99.6,333.8515625,36.8,1969.96875,2094.0,21.0,4520.0,1238.0,1160.0,46.031,46.125
723.890,fusion_fit,99.5,333.8515625,29.0,1969.96875,2094.0,6.0,4752.0,1435.0,1156.0,46.0,46.031
724.391,fusion_fit,99.6,333.8515625,16.8,1969.96875,2094.0,0.0,4480.0,1240.0,1160.0,45.906,45.937
724.893,fusion_fit,101.6,333.8515625,18.0,1969.96875,2094.0,0.0,4286.0,1041.0,1121.0,45.812,46.0
725.396,fusion_fit,99.5,333.8515625,25.9,1969.95703125,2094.0,0.0,4173.0,963.0,1123.0,45.937,46.0
725.898,fusion_fit,97.5,333.8515625,36.3,1969.95703125,2094.0,21.0,4480.0,1240.0,1160.0,46.156,46.156
726.401,fusion_fit,99.5,333.8515625,37.4,1969.95703125,2094.0,22.0,4712.0,1395.0,1156.0,46.031,46.031
726.903,fusion_fit,99.7,333.8515625,33.9,1969.95703125,2094.0,22.0,4784.0,1472.0,1156.0,46.093,46.093
727.405,fusion_fit,99.6,333.8515625,17.1,1969.95703125,2094.0,0.0,4592.0,1317.0,1158.0,45.906,45.906
727.907,fusion_fit,99.6,333.8515625,18.3,1969.95703125,2094.0,0.0,4293.0,1081.0,1121.0,45.75,46.125
728.409,fusion_fit,99.6,333.8515625,18.5,1969.95703125,2094.0,0.0,4213.0,1003.0,1123.0,45.75,46.062
728.911,fusion_fit,99.6,333.8515625,18.5,1969.95703125,2094.0,0.0,4173.0,1003.0,1123.0,45.718,46.031
729.413,fusion_fit,99.6,333.8515625,18.2,1969.95703125,2094.0,0.0,4173.0,1003.0,1123.0,46.031,46.031
729.915,fusion_fit,99.6,333.8515625,19.6,1969.95703125,2094.0,0.0,4253.0,1001.0,1121.0,45.812,46.093
730.418,fusion_fit,99.4,333.8515625,20.3,1969.94921875,2094.0,0.0,4253.0,1001.0,1121.0,45.718,46.125
730.920,fusion_fit,99.6,333.8515625,23.8,1969.94921875,2094.0,0.0,4213.0,1003.0,1123.0,45.687,45.937
731.422,fusion_fit,99.6,333.8515625,30.3,1969.78125,2094.0,0.0,4213.0,1003.0,1123.0,45.968,46.0
731.924,fusion_fit,99.5,333.8515625,39.8,1969.703125,2093.0,22.0,4520.0,1238.0,1158.0,45.906,45.906
732.427,fusion_fit,99.4,333.8515625,33.7,1969.703125,2093.0,4.0,4704.0,1435.0,1156.0,45.937,45.968
732.930,fusion_fit,97.4,333.8515625,21.7,1969.703125,2093.0,0.0,4520.0,1277.0,1160.0,46.062,46.125
733.432,fusion_fit,101.6,333.8515625,19.2,1969.703125,2093.0,0.0,4293.0,1081.0,1121.0,46.031,46.25
733.934,fusion_fit,99.6,333.8515625,29.0,1969.703125,2093.0,0.0,4173.0,1003.0,1123.0,45.875,46.0
734.437,fusion_fit,99.5,333.8515625,37.9,1969.703125,2093.0,20.0,4600.0,1317.0,1158.0,45.843,46.0
734.939,fusion_fit,99.5,333.8515625,30.0,1969.6875,2093.0,4.0,4744.0,1475.0,1156.0,46.0,46.0
735.441,fusion_fit,99.6,333.8515625,17.8,1969.6875,2093.0,0.0,4480.0,1198.0,1160.0,46.125,46.125
735.943,fusion_fit,99.6,333.8515625,18.3,1969.93359375,2094.0,0.0,4253.0,1041.0,1121.0,45.781,45.968
736.444,fusion_fit,97.7,333.8515625,29.2,1969.93359375,2094.0,0.0,4173.0,1003.0,1123.0,45.843,45.968
736.947,fusion_fit,99.5,333.8515625,40.0,1969.93359375,2094.0,22.0,4560.0,1238.0,1158.0,46.093,46.093
737.449,fusion_fit,101.6,333.8515625,29.8,1969.93359375,2094.0,4.0,4704.0,1435.0,1156.0,46.031,46.093
737.951,fusion_fit,99.7,333.8515625,17.4,1969.93359375,2094.0,0.0,4407.0,1160.0,1160.0,45.843,46.062
738.453,fusion_fit,97.5,333.8515625,19.5,1969.93359375,2094.0,0.0,4213.0,1041.0,1121.0,45.781,45.906
738.955,fusion_fit,75.7,333.8515625,28.1,1971.86328125,2094.0,0.0,4139.0,963.0,1123.0,45.968,45.968
